============================================================
  Generated by:           Genus(TM) Synthesis Solution 23.10-p004_1
  Generated on:           Feb 17 2025  09:06:06 pm
  Module:                 pp_fir_u_7
  Operating conditions:   ssg_cworstt_max_0p81v_125c 
  Operating conditions:   ffg_cbestt_min_0p99v_m40c 
  Operating conditions:   tt_ctypical_max_0p90v_25c 
  Interconnect mode:      placement
  Area mode:              physical library
============================================================


Path 1: VIOLATED (-1 ps) Setup Check with Pin pp_fir_7_1_1_Delay_Pipeline_reg_im_reg[22][1]/CK->D
           View: view_wcl_fast
          Group: clk
     Startpoint: (R) enb_1_8_0
          Clock: (R) clk
       Endpoint: (F) pp_fir_7_1_1_Delay_Pipeline_reg_im_reg[22][1]/D
          Clock: (R) clk

                     Capture       Launch     
        Clock Edge:+     500            0     
        Drv Adjust:+       0            0     
       Src Latency:+       0            0     
       Net Latency:+     200 (I)      200 (I) 
           Arrival:=     700          200     
                                              
             Setup:-      24                  
       Uncertainty:-     125                  
     Required Time:=     551                  
      Launch Clock:-     200                  
       Input Delay:-     300                  
         Data Path:-      52                  
             Slack:=      -1                  

Exceptions/Constraints:
  input_delay             300             functional_wcl_typic_1_line_1078 

#-------------------------------------------------------------------------------------------------------------------------------------------------------
#                  Timing Point                   Flags   Arc   Edge            Cell              Fanout  Load Trans Delay Arrival       Instance       
#                                                                                                         (fF)  (ps)  (ps)   (ps)        Location       
#-------------------------------------------------------------------------------------------------------------------------------------------------------
  enb_1_8_0                                       (@)     -     R     (arrival)                       15  85.6     4     0     500                (-,-) 
  FE_RC_448_0/Y                                   (#)     A->Y  F     INV_X16M_A9PP140ZTL_C30          6  47.0    10    11     511    (99.8400,53.9000) 
  FE_OCPC1406_FE_OFN3_enb_1_8_0/Y                 (@)     A->Y  F     BUFH_X16M_A9PP140ZTL_C30        17 116.2    24    16     527  (145.9000,107.9000) 
  FE_OCPC1556_FE_OFN3_enb_1_8_0/Y                 (@)     A->Y  R     INV_X13M_A9PP140ZTL_C30         19  34.3    15    16     544  (150.5200,125.9000) 
  g48290/Y                                        (@)     A0->Y F     OAI22BB_X2M_A9PP140ZTL_C30       1   0.6     8     8     552  (176.8400,133.1000) 
  pp_fir_7_1_1_Delay_Pipeline_reg_im_reg[22][1]/D -       -     F     DFFRPQNA_X1M_A9PP140ZTL_C30      1     -     -     0     552  (176.0000,134.0000) 
#-------------------------------------------------------------------------------------------------------------------------------------------------------

(#) : Net either has Non-default Routes or has been promoted to higher metal layers.
(@) : Annotated capacitance.



Path 2: VIOLATED (-1 ps) Setup Check with Pin pp_fir_7_1_1_Delay_Pipeline_reg_im_reg[21][9]/CK->D
           View: view_wcl_fast
          Group: clk
     Startpoint: (R) enb_1_8_0
          Clock: (R) clk
       Endpoint: (F) pp_fir_7_1_1_Delay_Pipeline_reg_im_reg[21][9]/D
          Clock: (R) clk

                     Capture       Launch     
        Clock Edge:+     500            0     
        Drv Adjust:+       0            0     
       Src Latency:+       0            0     
       Net Latency:+     200 (I)      200 (I) 
           Arrival:=     700          200     
                                              
             Setup:-      24                  
       Uncertainty:-     125                  
     Required Time:=     551                  
      Launch Clock:-     200                  
       Input Delay:-     300                  
         Data Path:-      52                  
             Slack:=      -1                  

Exceptions/Constraints:
  input_delay             300             functional_wcl_typic_1_line_1078 

#-------------------------------------------------------------------------------------------------------------------------------------------------------
#                  Timing Point                   Flags   Arc   Edge            Cell              Fanout  Load Trans Delay Arrival       Instance       
#                                                                                                         (fF)  (ps)  (ps)   (ps)        Location       
#-------------------------------------------------------------------------------------------------------------------------------------------------------
  enb_1_8_0                                       (@)     -     R     (arrival)                       15  85.6     4     0     500                (-,-) 
  FE_RC_448_0/Y                                   (#)     A->Y  F     INV_X16M_A9PP140ZTL_C30          6  47.0    10    11     511    (99.8400,53.9000) 
  FE_OCPC1406_FE_OFN3_enb_1_8_0/Y                 (@)     A->Y  F     BUFH_X16M_A9PP140ZTL_C30        17 116.2    24    16     527  (145.9000,107.9000) 
  FE_OCPC1550_FE_OFN3_enb_1_8_0/Y                 (#)     A->Y  R     INV_X16M_A9PP140ZTL_C30         46  64.4    18    18     545  (191.8200,113.3000) 
  g23486/Y                                        (@)     A0->Y F     OAI22BB_X3M_A9PP140ZTL_C30       1   0.6     7     7     552  (201.4800,143.0000) 
  pp_fir_7_1_1_Delay_Pipeline_reg_im_reg[21][9]/D -       -     F     DFFRPQNA_X1M_A9PP140ZTL_C30      1     -     -     0     552  (200.5000,142.1000) 
#-------------------------------------------------------------------------------------------------------------------------------------------------------

(#) : Net either has Non-default Routes or has been promoted to higher metal layers.
(@) : Annotated capacitance.



Path 3: MET (0 ps) Setup Check with Pin pp_fir_7_1_1_Delay_Pipeline_reg_im_reg[21][10]/CK->D
           View: view_wcl_fast
          Group: clk
     Startpoint: (R) enb_1_8_0
          Clock: (R) clk
       Endpoint: (F) pp_fir_7_1_1_Delay_Pipeline_reg_im_reg[21][10]/D
          Clock: (R) clk

                     Capture       Launch     
        Clock Edge:+     500            0     
        Drv Adjust:+       0            0     
       Src Latency:+       0            0     
       Net Latency:+     200 (I)      200 (I) 
           Arrival:=     700          200     
                                              
             Setup:-      24                  
       Uncertainty:-     125                  
     Required Time:=     551                  
      Launch Clock:-     200                  
       Input Delay:-     300                  
         Data Path:-      51                  
             Slack:=       0                  

Exceptions/Constraints:
  input_delay             300             functional_wcl_typic_1_line_1078 

#--------------------------------------------------------------------------------------------------------------------------------------------------------
#                  Timing Point                    Flags   Arc   Edge            Cell              Fanout  Load Trans Delay Arrival       Instance       
#                                                                                                          (fF)  (ps)  (ps)   (ps)        Location       
#--------------------------------------------------------------------------------------------------------------------------------------------------------
  enb_1_8_0                                        (@)     -     R     (arrival)                       15  85.6     4     0     500                (-,-) 
  FE_RC_448_0/Y                                    (#)     A->Y  F     INV_X16M_A9PP140ZTL_C30          6  47.0    10    11     511    (99.8400,53.9000) 
  FE_OCPC1406_FE_OFN3_enb_1_8_0/Y                  (@)     A->Y  F     BUFH_X16M_A9PP140ZTL_C30        17 116.2    24    16     527  (145.9000,107.9000) 
  FE_OCPC1550_FE_OFN3_enb_1_8_0/Y                  (#)     A->Y  R     INV_X16M_A9PP140ZTL_C30         46  64.4    18    18     545  (191.8200,113.3000) 
  g12293__1617/Y                                   (@)     A0->Y F     OAI22BB_X4M_A9PP140ZTL_C30       1   0.5     6     6     551  (200.9200,149.3000) 
  pp_fir_7_1_1_Delay_Pipeline_reg_im_reg[21][10]/D -       -     F     DFFRPQNA_X1M_A9PP140ZTL_C30      1     -     -     0     551  (200.2200,150.2000) 
#--------------------------------------------------------------------------------------------------------------------------------------------------------

(#) : Net either has Non-default Routes or has been promoted to higher metal layers.
(@) : Annotated capacitance.



Path 4: MET (0 ps) Setup Check with Pin pp_fir_7_1_1_Delay_Pipeline_reg_im_reg[10][6]/CK->D
           View: view_wcl_fast
          Group: clk
     Startpoint: (R) enb_1_8_0
          Clock: (R) clk
       Endpoint: (F) pp_fir_7_1_1_Delay_Pipeline_reg_im_reg[10][6]/D
          Clock: (R) clk

                     Capture       Launch     
        Clock Edge:+     500            0     
        Drv Adjust:+       0            0     
       Src Latency:+       0            0     
       Net Latency:+     200 (I)      200 (I) 
           Arrival:=     700          200     
                                              
             Setup:-      22                  
       Uncertainty:-     125                  
     Required Time:=     553                  
      Launch Clock:-     200                  
       Input Delay:-     300                  
         Data Path:-      52                  
             Slack:=       0                  

Exceptions/Constraints:
  input_delay             300             functional_wcl_typic_1_line_1078 

#----------------------------------------------------------------------------------------------------------------------------------------------------
#                  Timing Point                   Flags   Arc   Edge            Cell             Fanout Load Trans Delay Arrival       Instance      
#                                                                                                       (fF)  (ps)  (ps)   (ps)        Location      
#----------------------------------------------------------------------------------------------------------------------------------------------------
  enb_1_8_0                                       (@)     -     R     (arrival)                      15 85.6     4     0     500               (-,-) 
  FE_OCPC3282_enb_1_8_0/Y                         (@)     A->Y  R     BUFH_X16M_A9PP140ZTL_C30        3 17.0     5     8     508  (100.4000,-0.1000) 
  FE_OCPC1430_enb_1_8_0/Y                         (@)     A->Y  R     BUFH_X16M_A9PP140ZTL_C30        8 39.3     9    10     518  (101.3800,-0.1000) 
  FE_OCPC1577_enb_1_8_0/Y                         (#)     A->Y  F     INV_X16M_A9PP140ZTL_C30         7 57.7    13    11     530  (130.0800,-0.1000) 
  FE_OCPC1588_enb_1_8_0/Y                         (@)     A->Y  R     INV_X9M_A9PP140ZTL_C30         15 19.8    11    10     539   (183.9800,5.3000) 
  g11719__2398/Y                                  (@)     S0->Y F     MXT2_X1B_A9PP140ZTL_C30         1  0.7     7    13     552   (180.4800,9.8000) 
  pp_fir_7_1_1_Delay_Pipeline_reg_im_reg[10][6]/D -       -     F     DFFRPQA_X1M_A9PP140ZTL_C30      1    -     -     0     552   (179.0800,8.9000) 
#----------------------------------------------------------------------------------------------------------------------------------------------------

(#) : Net either has Non-default Routes or has been promoted to higher metal layers.
(@) : Annotated capacitance.



Path 5: MET (1 ps) Setup Check with Pin pp_fir_7_1_1_Delay_Pipeline_reg_im_reg[10][0]/CK->D
           View: view_wcl_fast
          Group: clk
     Startpoint: (R) enb_1_8_0
          Clock: (R) clk
       Endpoint: (F) pp_fir_7_1_1_Delay_Pipeline_reg_im_reg[10][0]/D
          Clock: (R) clk

                     Capture       Launch     
        Clock Edge:+     500            0     
        Drv Adjust:+       0            0     
       Src Latency:+       0            0     
       Net Latency:+     200 (I)      200 (I) 
           Arrival:=     700          200     
                                              
             Setup:-      22                  
       Uncertainty:-     125                  
     Required Time:=     553                  
      Launch Clock:-     200                  
       Input Delay:-     300                  
         Data Path:-      53                  
             Slack:=       1                  

Exceptions/Constraints:
  input_delay             300             functional_wcl_typic_1_line_1078 

#----------------------------------------------------------------------------------------------------------------------------------------------------
#                  Timing Point                   Flags   Arc   Edge            Cell             Fanout Load Trans Delay Arrival       Instance      
#                                                                                                       (fF)  (ps)  (ps)   (ps)        Location      
#----------------------------------------------------------------------------------------------------------------------------------------------------
  enb_1_8_0                                       (@)     -     R     (arrival)                      15 85.6     4     0     500               (-,-) 
  FE_OCPC3282_enb_1_8_0/Y                         (@)     A->Y  R     BUFH_X16M_A9PP140ZTL_C30        3 17.0     5     8     508  (100.4000,-0.1000) 
  FE_OCPC1430_enb_1_8_0/Y                         (@)     A->Y  R     BUFH_X16M_A9PP140ZTL_C30        8 39.3     9    10     518  (101.3800,-0.1000) 
  FE_OCPC1577_enb_1_8_0/Y                         (#)     A->Y  F     INV_X16M_A9PP140ZTL_C30         7 57.7    13    11     530  (130.0800,-0.1000) 
  FE_OCPC1588_enb_1_8_0/Y                         (@)     A->Y  R     INV_X9M_A9PP140ZTL_C30         15 19.8    11    10     539   (183.9800,5.3000) 
  g40259/Y                                        (@)     S0->Y F     MXT2_X2M_A9PP140ZTL_C30         1  0.8     5    14     553   (183.0000,6.2000) 
  pp_fir_7_1_1_Delay_Pipeline_reg_im_reg[10][0]/D -       -     F     DFFRPQA_X1M_A9PP140ZTL_C30      1    -     -     0     553   (184.2600,4.4000) 
#----------------------------------------------------------------------------------------------------------------------------------------------------

(#) : Net either has Non-default Routes or has been promoted to higher metal layers.
(@) : Annotated capacitance.



Path 6: MET (3 ps) Setup Check with Pin pp_fir_7_1_1_Delay_Pipeline_reg_im_reg[9][8]/CK->D
           View: view_wcl_fast
          Group: clk
     Startpoint: (F) enb_1_8_0
          Clock: (R) clk
       Endpoint: (F) pp_fir_7_1_1_Delay_Pipeline_reg_im_reg[9][8]/D
          Clock: (R) clk

                     Capture       Launch     
        Clock Edge:+     500            0     
        Drv Adjust:+       0            0     
       Src Latency:+       0            0     
       Net Latency:+     200 (I)      200 (I) 
           Arrival:=     700          200     
                                              
             Setup:-      24                  
       Uncertainty:-     125                  
     Required Time:=     551                  
      Launch Clock:-     200                  
       Input Delay:-     300                  
         Data Path:-      48                  
             Slack:=       3                  

Exceptions/Constraints:
  input_delay             300             functional_wcl_typic_1_line_1078 

#-----------------------------------------------------------------------------------------------------------------------------------------------------
#                 Timing Point                   Flags    Arc   Edge            Cell              Fanout Load Trans Delay Arrival       Instance      
#                                                                                                        (fF)  (ps)  (ps)   (ps)        Location      
#-----------------------------------------------------------------------------------------------------------------------------------------------------
  enb_1_8_0                                      (@)     -      F     (arrival)                       15 85.2     4     0     500               (-,-) 
  FE_OCPC3282_enb_1_8_0/Y                        (@)     A->Y   F     BUFH_X16M_A9PP140ZTL_C30         3 17.0     5     8     508  (100.4000,-0.1000) 
  FE_OCPC1430_enb_1_8_0/Y                        (@)     A->Y   F     BUFH_X16M_A9PP140ZTL_C30         8 39.2     9    10     518  (101.3800,-0.1000) 
  FE_OCPC1580_enb_1_8_0/Y                        (@)     A->Y   F     BUF_X11M_A9PP140ZTL_C30         19 30.7    11    16     534  (133.8600,-0.1000) 
  g32697/Y                                       (@)     B0N->Y F     OAI22BB_X2M_A9PP140ZTL_C30       1  0.7     8    14     548  (146.0400,15.2000) 
  pp_fir_7_1_1_Delay_Pipeline_reg_im_reg[9][8]/D -       -      F     DFFRPQNA_X1M_A9PP140ZTL_C30      1    -     -     0     548  (145.3400,14.3000) 
#-----------------------------------------------------------------------------------------------------------------------------------------------------

(@) : Annotated capacitance.



Path 7: MET (3 ps) Setup Check with Pin pp_fir_7_1_1_Delay_Pipeline_reg_im_reg[8][5]/CK->D
           View: view_wcl_fast
          Group: clk
     Startpoint: (F) enb_1_8_0
          Clock: (R) clk
       Endpoint: (F) pp_fir_7_1_1_Delay_Pipeline_reg_im_reg[8][5]/D
          Clock: (R) clk

                     Capture       Launch     
        Clock Edge:+     500            0     
        Drv Adjust:+       0            0     
       Src Latency:+       0            0     
       Net Latency:+     200 (I)      200 (I) 
           Arrival:=     700          200     
                                              
             Setup:-      24                  
       Uncertainty:-     125                  
     Required Time:=     551                  
      Launch Clock:-     200                  
       Input Delay:-     300                  
         Data Path:-      48                  
             Slack:=       3                  

Exceptions/Constraints:
  input_delay             300             functional_wcl_typic_1_line_1078 

#-----------------------------------------------------------------------------------------------------------------------------------------------------
#                 Timing Point                   Flags    Arc   Edge            Cell              Fanout Load Trans Delay Arrival       Instance      
#                                                                                                        (fF)  (ps)  (ps)   (ps)        Location      
#-----------------------------------------------------------------------------------------------------------------------------------------------------
  enb_1_8_0                                      (@)     -      F     (arrival)                       15 85.2     4     0     500               (-,-) 
  FE_OCPC3282_enb_1_8_0/Y                        (@)     A->Y   F     BUFH_X16M_A9PP140ZTL_C30         3 17.0     5     8     508  (100.4000,-0.1000) 
  FE_OCPC1430_enb_1_8_0/Y                        (@)     A->Y   F     BUFH_X16M_A9PP140ZTL_C30         8 39.2     9    10     518  (101.3800,-0.1000) 
  FE_OCPC1580_enb_1_8_0/Y                        (@)     A->Y   F     BUF_X11M_A9PP140ZTL_C30         19 30.7    11    16     534  (133.8600,-0.1000) 
  g11615__6161/Y                                 (@)     B0N->Y F     OAI22BB_X2M_A9PP140ZTL_C30       1  0.7     8    14     548  (140.8600,13.4000) 
  pp_fir_7_1_1_Delay_Pipeline_reg_im_reg[8][5]/D -       -      F     DFFRPQNA_X1M_A9PP140ZTL_C30      1    -     -     0     548  (142.4000,13.4000) 
#-----------------------------------------------------------------------------------------------------------------------------------------------------

(@) : Annotated capacitance.



Path 8: MET (3 ps) Setup Check with Pin pp_fir_7_1_1_sum1_4_re_1_reg[21]/CK->D
           View: view_wcl_fast
          Group: clk
     Startpoint: (F) enb_1_8_0
          Clock: (R) clk
       Endpoint: (R) pp_fir_7_1_1_sum1_4_re_1_reg[21]/D
          Clock: (R) clk

                     Capture       Launch     
        Clock Edge:+     500            0     
        Drv Adjust:+       0            0     
       Src Latency:+       0            0     
       Net Latency:+     200 (I)      200 (I) 
           Arrival:=     700          200     
                                              
             Setup:-       4                  
       Uncertainty:-     125                  
     Required Time:=     571                  
      Launch Clock:-     200                  
       Input Delay:-     300                  
         Data Path:-      68                  
             Slack:=       3                  

Exceptions/Constraints:
  input_delay             300             functional_wcl_typic_1_line_1078 

#---------------------------------------------------------------------------------------------------------------------------------------
#           Timing Point             Flags   Arc   Edge           Cell             Fanout  Load Trans Delay Arrival       Instance      
#                                                                                          (fF)  (ps)  (ps)   (ps)        Location      
#---------------------------------------------------------------------------------------------------------------------------------------
  enb_1_8_0                          (@)     -     F     (arrival)                     15  85.2     4     0     500               (-,-) 
  FE_RC_448_0/Y                      (#)     A->Y  R     INV_X16M_A9PP140ZTL_C30        6  47.1    11    12     512   (99.8400,53.9000) 
  FE_OCPC1405_FE_OFN3_enb_1_8_0/Y    (@)     A->Y  R     BUFH_X16M_A9PP140ZTL_C30       8  51.8    12    13     525  (68.6200,110.6000) 
  FE_RC_455_0/Y                      (#)     A->Y  R     BUFH_X16M_A9PP140ZTL_C30      11 102.5    21    18     543  (65.6800,111.5000) 
  FE_OCPC1456_FE_OFN3_enb_1_8_0/Y    (@)     A->Y  F     INV_X16M_A9PP140ZTL_C30       14  29.6    11     9     551  (21.1600,134.9000) 
  g52328/Y                           (@)     S0->Y R     MXT2_X3M_A9PP140ZTL_C30        1   0.9     5    16     568  (15.7000,152.0000) 
  pp_fir_7_1_1_sum1_4_re_1_reg[21]/D -       -     R     DFFRPQ_X3M_A9PP140ZTL_C30      1     -     -     0     568  (14.3000,152.9000) 
#---------------------------------------------------------------------------------------------------------------------------------------

(#) : Net either has Non-default Routes or has been promoted to higher metal layers.
(@) : Annotated capacitance.



Path 9: MET (3 ps) Setup Check with Pin pp_fir_7_1_1_Delay_Pipeline_reg_im_reg[24][7]/CK->D
           View: view_wcl_fast
          Group: clk
     Startpoint: (F) enb_1_8_0
          Clock: (R) clk
       Endpoint: (F) pp_fir_7_1_1_Delay_Pipeline_reg_im_reg[24][7]/D
          Clock: (R) clk

                     Capture       Launch     
        Clock Edge:+     500            0     
        Drv Adjust:+       0            0     
       Src Latency:+       0            0     
       Net Latency:+     200 (I)      200 (I) 
           Arrival:=     700          200     
                                              
             Setup:-      22                  
       Uncertainty:-     125                  
     Required Time:=     553                  
      Launch Clock:-     200                  
       Input Delay:-     300                  
         Data Path:-      50                  
             Slack:=       3                  

Exceptions/Constraints:
  input_delay             300             functional_wcl_typic_1_line_1078 

#------------------------------------------------------------------------------------------------------------------------------------------------------
#                  Timing Point                   Flags   Arc   Edge            Cell             Fanout  Load Trans Delay Arrival       Instance       
#                                                                                                        (fF)  (ps)  (ps)   (ps)        Location       
#------------------------------------------------------------------------------------------------------------------------------------------------------
  enb_1_8_0                                       (@)     -     F     (arrival)                      15  85.2     4     0     500                (-,-) 
  FE_RC_448_0/Y                                   (#)     A->Y  R     INV_X16M_A9PP140ZTL_C30         6  47.1    11    12     512    (99.8400,53.9000) 
  FE_OCPC1406_FE_OFN3_enb_1_8_0/Y                 (@)     A->Y  R     BUFH_X16M_A9PP140ZTL_C30       17 116.5    24    17     529  (145.9000,107.9000) 
  FE_OCPC1555_FE_OFN3_enb_1_8_0/Y                 (@)     A->Y  F     INV_X16M_A9PP140ZTL_C30        11  23.7    11    11     540  (150.5200,125.9000) 
  FE_RC_456_0/Y                                   (@)     S0->Y F     MXIT2_X4M_A9PP140ZTL_C30        1   0.9     8    10     550  (151.3600,144.8000) 
  pp_fir_7_1_1_Delay_Pipeline_reg_im_reg[24][7]/D -       -     F     DFFRPQA_X1M_A9PP140ZTL_C30      1     -     -     0     550  (148.5600,146.6000) 
#------------------------------------------------------------------------------------------------------------------------------------------------------

(#) : Net either has Non-default Routes or has been promoted to higher metal layers.
(@) : Annotated capacitance.



Path 10: MET (3 ps) Setup Check with Pin pp_fir_7_1_1_sum1_4_re_1_reg[17]/CK->D
           View: view_wcl_fast
          Group: clk
     Startpoint: (F) enb_1_8_0
          Clock: (R) clk
       Endpoint: (R) pp_fir_7_1_1_sum1_4_re_1_reg[17]/D
          Clock: (R) clk

                     Capture       Launch     
        Clock Edge:+     500            0     
        Drv Adjust:+       0            0     
       Src Latency:+       0            0     
       Net Latency:+     200 (I)      200 (I) 
           Arrival:=     700          200     
                                              
             Setup:-       4                  
       Uncertainty:-     125                  
     Required Time:=     571                  
      Launch Clock:-     200                  
       Input Delay:-     300                  
         Data Path:-      68                  
             Slack:=       3                  

Exceptions/Constraints:
  input_delay             300             functional_wcl_typic_1_line_1078 

#---------------------------------------------------------------------------------------------------------------------------------------
#           Timing Point             Flags   Arc   Edge           Cell             Fanout  Load Trans Delay Arrival       Instance      
#                                                                                          (fF)  (ps)  (ps)   (ps)        Location      
#---------------------------------------------------------------------------------------------------------------------------------------
  enb_1_8_0                          (@)     -     F     (arrival)                     15  85.2     4     0     500               (-,-) 
  FE_RC_448_0/Y                      (#)     A->Y  R     INV_X16M_A9PP140ZTL_C30        6  47.1    11    12     512   (99.8400,53.9000) 
  FE_OCPC1405_FE_OFN3_enb_1_8_0/Y    (@)     A->Y  R     BUFH_X16M_A9PP140ZTL_C30       8  51.8    12    13     525  (68.6200,110.6000) 
  FE_RC_455_0/Y                      (#)     A->Y  R     BUFH_X16M_A9PP140ZTL_C30      11 102.5    21    18     543  (65.6800,111.5000) 
  FE_OCPC1456_FE_OFN3_enb_1_8_0/Y    (@)     A->Y  F     INV_X16M_A9PP140ZTL_C30       14  29.6    11     9     551  (21.1600,134.9000) 
  g11341__5477/Y                     (@)     S0->Y R     MXT2_X3M_A9PP140ZTL_C30        1   0.9     5    16     568  (13.4600,143.0000) 
  pp_fir_7_1_1_sum1_4_re_1_reg[17]/D -       -     R     DFFRPQ_X3M_A9PP140ZTL_C30      1     -     -     0     568  (11.9200,143.9000) 
#---------------------------------------------------------------------------------------------------------------------------------------

(#) : Net either has Non-default Routes or has been promoted to higher metal layers.
(@) : Annotated capacitance.



Path 11: MET (3 ps) Setup Check with Pin pp_fir_7_1_1_sum1_3_re_1_reg[22]/CK->D
           View: view_wcl_fast
          Group: clk
     Startpoint: (F) enb_1_8_0
          Clock: (R) clk
       Endpoint: (R) pp_fir_7_1_1_sum1_3_re_1_reg[22]/D
          Clock: (R) clk

                     Capture       Launch     
        Clock Edge:+     500            0     
        Drv Adjust:+       0            0     
       Src Latency:+       0            0     
       Net Latency:+     200 (I)      200 (I) 
           Arrival:=     700          200     
                                              
             Setup:-       4                  
       Uncertainty:-     125                  
     Required Time:=     571                  
      Launch Clock:-     200                  
       Input Delay:-     300                  
         Data Path:-      68                  
             Slack:=       3                  

Exceptions/Constraints:
  input_delay             300             functional_wcl_typic_1_line_1078 

#---------------------------------------------------------------------------------------------------------------------------------------
#           Timing Point             Flags   Arc   Edge           Cell             Fanout  Load Trans Delay Arrival       Instance      
#                                                                                          (fF)  (ps)  (ps)   (ps)        Location      
#---------------------------------------------------------------------------------------------------------------------------------------
  enb_1_8_0                          (@)     -     F     (arrival)                     15  85.2     4     0     500               (-,-) 
  FE_RC_448_0/Y                      (#)     A->Y  R     INV_X16M_A9PP140ZTL_C30        6  47.1    11    12     512   (99.8400,53.9000) 
  FE_OCPC1405_FE_OFN3_enb_1_8_0/Y    (@)     A->Y  R     BUFH_X16M_A9PP140ZTL_C30       8  51.8    12    13     525  (68.6200,110.6000) 
  FE_RC_455_0/Y                      (#)     A->Y  R     BUFH_X16M_A9PP140ZTL_C30      11 102.5    21    18     543  (65.6800,111.5000) 
  FE_OCPC1456_FE_OFN3_enb_1_8_0/Y    (@)     A->Y  F     INV_X16M_A9PP140ZTL_C30       14  29.6    11     9     551  (21.1600,134.9000) 
  g11272__6131/Y                     (@)     S0->Y R     MXT2_X3M_A9PP140ZTL_C30        1   1.0     5    16     568  (11.3600,147.5000) 
  pp_fir_7_1_1_sum1_3_re_1_reg[22]/D -       -     R     DFFRPQ_X3M_A9PP140ZTL_C30      1     -     -     0     568  (10.5200,148.4000) 
#---------------------------------------------------------------------------------------------------------------------------------------

(#) : Net either has Non-default Routes or has been promoted to higher metal layers.
(@) : Annotated capacitance.



Path 12: MET (3 ps) Setup Check with Pin pp_fir_7_1_1_sum1_4_re_1_reg[23]/CK->D
           View: view_wcl_fast
          Group: clk
     Startpoint: (F) enb_1_8_0
          Clock: (R) clk
       Endpoint: (R) pp_fir_7_1_1_sum1_4_re_1_reg[23]/D
          Clock: (R) clk

                     Capture       Launch     
        Clock Edge:+     500            0     
        Drv Adjust:+       0            0     
       Src Latency:+       0            0     
       Net Latency:+     200 (I)      200 (I) 
           Arrival:=     700          200     
                                              
             Setup:-       4                  
       Uncertainty:-     125                  
     Required Time:=     571                  
      Launch Clock:-     200                  
       Input Delay:-     300                  
         Data Path:-      68                  
             Slack:=       3                  

Exceptions/Constraints:
  input_delay             300             functional_wcl_typic_1_line_1078 

#---------------------------------------------------------------------------------------------------------------------------------------
#           Timing Point             Flags   Arc   Edge           Cell             Fanout  Load Trans Delay Arrival       Instance      
#                                                                                          (fF)  (ps)  (ps)   (ps)        Location      
#---------------------------------------------------------------------------------------------------------------------------------------
  enb_1_8_0                          (@)     -     F     (arrival)                     15  85.2     4     0     500               (-,-) 
  FE_RC_448_0/Y                      (#)     A->Y  R     INV_X16M_A9PP140ZTL_C30        6  47.1    11    12     512   (99.8400,53.9000) 
  FE_OCPC1405_FE_OFN3_enb_1_8_0/Y    (@)     A->Y  R     BUFH_X16M_A9PP140ZTL_C30       8  51.8    12    13     525  (68.6200,110.6000) 
  FE_RC_455_0/Y                      (#)     A->Y  R     BUFH_X16M_A9PP140ZTL_C30      11 102.5    21    18     543  (65.6800,111.5000) 
  FE_OCPC1456_FE_OFN3_enb_1_8_0/Y    (@)     A->Y  F     INV_X16M_A9PP140ZTL_C30       14  29.6    11     9     551  (21.1600,134.9000) 
  g47089/Y                           (@)     S0->Y R     MXT2_X3M_A9PP140ZTL_C30        1   0.9     5    16     568  (16.2600,150.2000) 
  pp_fir_7_1_1_sum1_4_re_1_reg[23]/D -       -     R     DFFRPQ_X3M_A9PP140ZTL_C30      1     -     -     0     568  (15.2800,151.1000) 
#---------------------------------------------------------------------------------------------------------------------------------------

(#) : Net either has Non-default Routes or has been promoted to higher metal layers.
(@) : Annotated capacitance.



Path 13: MET (3 ps) Setup Check with Pin pp_fir_7_1_1_sum1_3_re_1_reg[21]/CK->D
           View: view_wcl_fast
          Group: clk
     Startpoint: (F) enb_1_8_0
          Clock: (R) clk
       Endpoint: (R) pp_fir_7_1_1_sum1_3_re_1_reg[21]/D
          Clock: (R) clk

                     Capture       Launch     
        Clock Edge:+     500            0     
        Drv Adjust:+       0            0     
       Src Latency:+       0            0     
       Net Latency:+     200 (I)      200 (I) 
           Arrival:=     700          200     
                                              
             Setup:-       4                  
       Uncertainty:-     125                  
     Required Time:=     571                  
      Launch Clock:-     200                  
       Input Delay:-     300                  
         Data Path:-      68                  
             Slack:=       3                  

Exceptions/Constraints:
  input_delay             300             functional_wcl_typic_1_line_1078 

#---------------------------------------------------------------------------------------------------------------------------------------
#           Timing Point             Flags   Arc   Edge           Cell             Fanout  Load Trans Delay Arrival       Instance      
#                                                                                          (fF)  (ps)  (ps)   (ps)        Location      
#---------------------------------------------------------------------------------------------------------------------------------------
  enb_1_8_0                          (@)     -     F     (arrival)                     15  85.2     4     0     500               (-,-) 
  FE_RC_448_0/Y                      (#)     A->Y  R     INV_X16M_A9PP140ZTL_C30        6  47.1    11    12     512   (99.8400,53.9000) 
  FE_OCPC1405_FE_OFN3_enb_1_8_0/Y    (@)     A->Y  R     BUFH_X16M_A9PP140ZTL_C30       8  51.8    12    13     525  (68.6200,110.6000) 
  FE_RC_455_0/Y                      (#)     A->Y  R     BUFH_X16M_A9PP140ZTL_C30      11 102.5    21    18     543  (65.6800,111.5000) 
  FE_OCPC1456_FE_OFN3_enb_1_8_0/Y    (@)     A->Y  F     INV_X16M_A9PP140ZTL_C30       14  29.6    11     9     551  (21.1600,134.9000) 
  g11270__8246/Y                     (@)     S0->Y R     MXT2_X3M_A9PP140ZTL_C30        1   0.7     5    16     568   (8.7000,147.5000) 
  pp_fir_7_1_1_sum1_3_re_1_reg[21]/D -       -     R     DFFRPQ_X3M_A9PP140ZTL_C30      1     -     -     0     568   (7.4400,148.4000) 
#---------------------------------------------------------------------------------------------------------------------------------------

(#) : Net either has Non-default Routes or has been promoted to higher metal layers.
(@) : Annotated capacitance.



Path 14: MET (3 ps) Setup Check with Pin pp_fir_7_1_1_Delay_Pipeline_reg_re_reg[26][15]/CK->D
           View: view_wcl_fast
          Group: clk
     Startpoint: (F) enb_1_8_0
          Clock: (R) clk
       Endpoint: (R) pp_fir_7_1_1_Delay_Pipeline_reg_re_reg[26][15]/D
          Clock: (R) clk

                     Capture       Launch     
        Clock Edge:+     500            0     
        Drv Adjust:+       0            0     
       Src Latency:+       0            0     
       Net Latency:+     200 (I)      200 (I) 
           Arrival:=     700          200     
                                              
             Setup:-       4                  
       Uncertainty:-     125                  
     Required Time:=     571                  
      Launch Clock:-     200                  
       Input Delay:-     300                  
         Data Path:-      68                  
             Slack:=       3                  

Exceptions/Constraints:
  input_delay             300             functional_wcl_typic_1_line_1078 

#-----------------------------------------------------------------------------------------------------------------------------------------------------
#                  Timing Point                    Flags   Arc   Edge           Cell             Fanout  Load Trans Delay Arrival       Instance      
#                                                                                                        (fF)  (ps)  (ps)   (ps)        Location      
#-----------------------------------------------------------------------------------------------------------------------------------------------------
  enb_1_8_0                                        (@)     -     F     (arrival)                     15  85.2     4     0     500               (-,-) 
  FE_RC_448_0/Y                                    (#)     A->Y  R     INV_X16M_A9PP140ZTL_C30        6  47.1    11    12     512   (99.8400,53.9000) 
  FE_OCPC1405_FE_OFN3_enb_1_8_0/Y                  (@)     A->Y  R     BUFH_X16M_A9PP140ZTL_C30       8  51.8    12    13     525  (68.6200,110.6000) 
  FE_RC_455_0/Y                                    (#)     A->Y  R     BUFH_X16M_A9PP140ZTL_C30      11 102.5    21    18     543  (65.6800,111.5000) 
  FE_OCPC1456_FE_OFN3_enb_1_8_0/Y                  (@)     A->Y  F     INV_X16M_A9PP140ZTL_C30       14  29.6    11     9     551  (21.1600,134.9000) 
  g30163/Y                                         (@)     S0->Y R     MXT2_X3M_A9PP140ZTL_C30        1   0.7     5    16     568  (10.2400,145.7000) 
  pp_fir_7_1_1_Delay_Pipeline_reg_re_reg[26][15]/D -       -     R     DFFRPQ_X3M_A9PP140ZTL_C30      1     -     -     0     568   (8.0000,146.6000) 
#-----------------------------------------------------------------------------------------------------------------------------------------------------

(#) : Net either has Non-default Routes or has been promoted to higher metal layers.
(@) : Annotated capacitance.



Path 15: MET (3 ps) Setup Check with Pin pp_fir_7_1_1_sum1_4_re_1_reg[20]/CK->D
           View: view_wcl_fast
          Group: clk
     Startpoint: (F) enb_1_8_0
          Clock: (R) clk
       Endpoint: (R) pp_fir_7_1_1_sum1_4_re_1_reg[20]/D
          Clock: (R) clk

                     Capture       Launch     
        Clock Edge:+     500            0     
        Drv Adjust:+       0            0     
       Src Latency:+       0            0     
       Net Latency:+     200 (I)      200 (I) 
           Arrival:=     700          200     
                                              
             Setup:-       4                  
       Uncertainty:-     125                  
     Required Time:=     571                  
      Launch Clock:-     200                  
       Input Delay:-     300                  
         Data Path:-      68                  
             Slack:=       3                  

Exceptions/Constraints:
  input_delay             300             functional_wcl_typic_1_line_1078 

#---------------------------------------------------------------------------------------------------------------------------------------
#           Timing Point             Flags   Arc   Edge           Cell             Fanout  Load Trans Delay Arrival       Instance      
#                                                                                          (fF)  (ps)  (ps)   (ps)        Location      
#---------------------------------------------------------------------------------------------------------------------------------------
  enb_1_8_0                          (@)     -     F     (arrival)                     15  85.2     4     0     500               (-,-) 
  FE_RC_448_0/Y                      (#)     A->Y  R     INV_X16M_A9PP140ZTL_C30        6  47.1    11    12     512   (99.8400,53.9000) 
  FE_OCPC1405_FE_OFN3_enb_1_8_0/Y    (@)     A->Y  R     BUFH_X16M_A9PP140ZTL_C30       8  51.8    12    13     525  (68.6200,110.6000) 
  FE_RC_455_0/Y                      (#)     A->Y  R     BUFH_X16M_A9PP140ZTL_C30      11 102.5    21    18     543  (65.6800,111.5000) 
  FE_OCPC1456_FE_OFN3_enb_1_8_0/Y    (@)     A->Y  F     INV_X16M_A9PP140ZTL_C30       14  29.6    11     9     551  (21.1600,134.9000) 
  g11345__4319/Y                     (@)     S0->Y R     MXT2_X3M_A9PP140ZTL_C30        1   0.7     5    16     568  (15.0000,150.2000) 
  pp_fir_7_1_1_sum1_4_re_1_reg[20]/D -       -     R     DFFRPQ_X3M_A9PP140ZTL_C30      1     -     -     0     568  (14.0200,149.3000) 
#---------------------------------------------------------------------------------------------------------------------------------------

(#) : Net either has Non-default Routes or has been promoted to higher metal layers.
(@) : Annotated capacitance.



Path 16: MET (3 ps) Setup Check with Pin pp_fir_7_1_1_sum1_4_re_1_reg[18]/CK->D
           View: view_wcl_fast
          Group: clk
     Startpoint: (F) enb_1_8_0
          Clock: (R) clk
       Endpoint: (R) pp_fir_7_1_1_sum1_4_re_1_reg[18]/D
          Clock: (R) clk

                     Capture       Launch     
        Clock Edge:+     500            0     
        Drv Adjust:+       0            0     
       Src Latency:+       0            0     
       Net Latency:+     200 (I)      200 (I) 
           Arrival:=     700          200     
                                              
             Setup:-       4                  
       Uncertainty:-     125                  
     Required Time:=     571                  
      Launch Clock:-     200                  
       Input Delay:-     300                  
         Data Path:-      68                  
             Slack:=       3                  

Exceptions/Constraints:
  input_delay             300             functional_wcl_typic_1_line_1078 

#---------------------------------------------------------------------------------------------------------------------------------------
#           Timing Point             Flags   Arc   Edge           Cell             Fanout  Load Trans Delay Arrival       Instance      
#                                                                                          (fF)  (ps)  (ps)   (ps)        Location      
#---------------------------------------------------------------------------------------------------------------------------------------
  enb_1_8_0                          (@)     -     F     (arrival)                     15  85.2     4     0     500               (-,-) 
  FE_RC_448_0/Y                      (#)     A->Y  R     INV_X16M_A9PP140ZTL_C30        6  47.1    11    12     512   (99.8400,53.9000) 
  FE_OCPC1405_FE_OFN3_enb_1_8_0/Y    (@)     A->Y  R     BUFH_X16M_A9PP140ZTL_C30       8  51.8    12    13     525  (68.6200,110.6000) 
  FE_RC_455_0/Y                      (#)     A->Y  R     BUFH_X16M_A9PP140ZTL_C30      11 102.5    21    18     543  (65.6800,111.5000) 
  FE_OCPC1456_FE_OFN3_enb_1_8_0/Y    (@)     A->Y  F     INV_X16M_A9PP140ZTL_C30       14  29.6    11     9     551  (21.1600,134.9000) 
  g11342__2398/Y                     (@)     S0->Y R     MXT2_X3M_A9PP140ZTL_C30        1   0.7     5    16     568  (13.4600,145.7000) 
  pp_fir_7_1_1_sum1_4_re_1_reg[18]/D -       -     R     DFFRPQ_X3M_A9PP140ZTL_C30      1     -     -     0     568  (13.6000,145.7000) 
#---------------------------------------------------------------------------------------------------------------------------------------

(#) : Net either has Non-default Routes or has been promoted to higher metal layers.
(@) : Annotated capacitance.



Path 17: MET (3 ps) Setup Check with Pin pp_fir_7_1_1_sum1_3_re_1_reg[23]/CK->D
           View: view_wcl_fast
          Group: clk
     Startpoint: (F) enb_1_8_0
          Clock: (R) clk
       Endpoint: (R) pp_fir_7_1_1_sum1_3_re_1_reg[23]/D
          Clock: (R) clk

                     Capture       Launch     
        Clock Edge:+     500            0     
        Drv Adjust:+       0            0     
       Src Latency:+       0            0     
       Net Latency:+     200 (I)      200 (I) 
           Arrival:=     700          200     
                                              
             Setup:-       4                  
       Uncertainty:-     125                  
     Required Time:=     571                  
      Launch Clock:-     200                  
       Input Delay:-     300                  
         Data Path:-      68                  
             Slack:=       3                  

Exceptions/Constraints:
  input_delay             300             functional_wcl_typic_1_line_1078 

#---------------------------------------------------------------------------------------------------------------------------------------
#           Timing Point             Flags   Arc   Edge           Cell             Fanout  Load Trans Delay Arrival       Instance      
#                                                                                          (fF)  (ps)  (ps)   (ps)        Location      
#---------------------------------------------------------------------------------------------------------------------------------------
  enb_1_8_0                          (@)     -     F     (arrival)                     15  85.2     4     0     500               (-,-) 
  FE_RC_448_0/Y                      (#)     A->Y  R     INV_X16M_A9PP140ZTL_C30        6  47.1    11    12     512   (99.8400,53.9000) 
  FE_OCPC1405_FE_OFN3_enb_1_8_0/Y    (@)     A->Y  R     BUFH_X16M_A9PP140ZTL_C30       8  51.8    12    13     525  (68.6200,110.6000) 
  FE_RC_455_0/Y                      (#)     A->Y  R     BUFH_X16M_A9PP140ZTL_C30      11 102.5    21    18     543  (65.6800,111.5000) 
  FE_OCPC1456_FE_OFN3_enb_1_8_0/Y    (@)     A->Y  F     INV_X16M_A9PP140ZTL_C30       14  29.6    11     9     551  (21.1600,134.9000) 
  g11274__5115/Y                     (@)     S0->Y R     MXT2_X3M_A9PP140ZTL_C30        1   0.7     5    16     568   (8.8400,145.7000) 
  pp_fir_7_1_1_sum1_3_re_1_reg[23]/D -       -     R     DFFRPQ_X3M_A9PP140ZTL_C30      1     -     -     0     568   (9.9600,145.7000) 
#---------------------------------------------------------------------------------------------------------------------------------------

(#) : Net either has Non-default Routes or has been promoted to higher metal layers.
(@) : Annotated capacitance.



Path 18: MET (3 ps) Setup Check with Pin pp_fir_7_1_1_sum1_3_re_1_reg[20]/CK->D
           View: view_wcl_fast
          Group: clk
     Startpoint: (F) enb_1_8_0
          Clock: (R) clk
       Endpoint: (R) pp_fir_7_1_1_sum1_3_re_1_reg[20]/D
          Clock: (R) clk

                     Capture       Launch     
        Clock Edge:+     500            0     
        Drv Adjust:+       0            0     
       Src Latency:+       0            0     
       Net Latency:+     200 (I)      200 (I) 
           Arrival:=     700          200     
                                              
             Setup:-       4                  
       Uncertainty:-     125                  
     Required Time:=     571                  
      Launch Clock:-     200                  
       Input Delay:-     300                  
         Data Path:-      68                  
             Slack:=       3                  

Exceptions/Constraints:
  input_delay             300             functional_wcl_typic_1_line_1078 

#---------------------------------------------------------------------------------------------------------------------------------------
#           Timing Point             Flags   Arc   Edge           Cell             Fanout  Load Trans Delay Arrival       Instance      
#                                                                                          (fF)  (ps)  (ps)   (ps)        Location      
#---------------------------------------------------------------------------------------------------------------------------------------
  enb_1_8_0                          (@)     -     F     (arrival)                     15  85.2     4     0     500               (-,-) 
  FE_RC_448_0/Y                      (#)     A->Y  R     INV_X16M_A9PP140ZTL_C30        6  47.1    11    12     512   (99.8400,53.9000) 
  FE_OCPC1405_FE_OFN3_enb_1_8_0/Y    (@)     A->Y  R     BUFH_X16M_A9PP140ZTL_C30       8  51.8    12    13     525  (68.6200,110.6000) 
  FE_RC_455_0/Y                      (#)     A->Y  R     BUFH_X16M_A9PP140ZTL_C30      11 102.5    21    18     543  (65.6800,111.5000) 
  FE_OCPC1456_FE_OFN3_enb_1_8_0/Y    (@)     A->Y  F     INV_X16M_A9PP140ZTL_C30       14  29.6    11     9     551  (21.1600,134.9000) 
  g52393/Y                           (@)     S0->Y R     MXT2_X3M_A9PP140ZTL_C30        1   0.7     5    16     568  (11.6400,145.7000) 
  pp_fir_7_1_1_sum1_3_re_1_reg[20]/D -       -     R     DFFRPQ_X3M_A9PP140ZTL_C30      1     -     -     0     568  (11.2200,146.6000) 
#---------------------------------------------------------------------------------------------------------------------------------------

(#) : Net either has Non-default Routes or has been promoted to higher metal layers.
(@) : Annotated capacitance.



Path 19: MET (3 ps) Setup Check with Pin pp_fir_7_1_1_Delay_Pipeline_reg_im_reg[20][2]/CK->D
           View: view_wcl_fast
          Group: clk
     Startpoint: (F) enb_1_8_0
          Clock: (R) clk
       Endpoint: (F) pp_fir_7_1_1_Delay_Pipeline_reg_im_reg[20][2]/D
          Clock: (R) clk

                     Capture       Launch     
        Clock Edge:+     500            0     
        Drv Adjust:+       0            0     
       Src Latency:+       0            0     
       Net Latency:+     200 (I)      200 (I) 
           Arrival:=     700          200     
                                              
             Setup:-      24                  
       Uncertainty:-     125                  
     Required Time:=     551                  
      Launch Clock:-     200                  
       Input Delay:-     300                  
         Data Path:-      47                  
             Slack:=       3                  

Exceptions/Constraints:
  input_delay             300             functional_wcl_typic_1_line_1078 

#-------------------------------------------------------------------------------------------------------------------------------------------------------
#                  Timing Point                   Flags   Arc   Edge            Cell              Fanout  Load Trans Delay Arrival       Instance       
#                                                                                                         (fF)  (ps)  (ps)   (ps)        Location       
#-------------------------------------------------------------------------------------------------------------------------------------------------------
  enb_1_8_0                                       (@)     -     F     (arrival)                       15  85.2     4     0     500                (-,-) 
  FE_RC_448_0/Y                                   (#)     A->Y  R     INV_X16M_A9PP140ZTL_C30          6  47.1    11    12     512    (99.8400,53.9000) 
  FE_OCPC1406_FE_OFN3_enb_1_8_0/Y                 (@)     A->Y  R     BUFH_X16M_A9PP140ZTL_C30        17 116.5    24    17     529  (145.9000,107.9000) 
  FE_OCPC1547_FE_OFN3_enb_1_8_0/Y                 (@)     A->Y  F     INV_X6M_A9PP140ZTL_C30           1  10.4    11     8     536  (147.5800,107.9000) 
  g12211__3680/Y                                  (@)     S0->Y F     MXIT2_X1P4M_A9PP140ZTL_C30       1   0.6     9    11     547  (192.3800,125.0000) 
  pp_fir_7_1_1_Delay_Pipeline_reg_im_reg[20][2]/D -       -     F     DFFRPQNA_X1M_A9PP140ZTL_C30      1     -     -     0     547  (192.3800,125.9000) 
#-------------------------------------------------------------------------------------------------------------------------------------------------------

(#) : Net either has Non-default Routes or has been promoted to higher metal layers.
(@) : Annotated capacitance.



Path 20: MET (4 ps) Setup Check with Pin pp_fir_7_1_1_sum1_4_re_1_reg[19]/CK->D
           View: view_wcl_fast
          Group: clk
     Startpoint: (F) enb_1_8_0
          Clock: (R) clk
       Endpoint: (R) pp_fir_7_1_1_sum1_4_re_1_reg[19]/D
          Clock: (R) clk

                     Capture       Launch     
        Clock Edge:+     500            0     
        Drv Adjust:+       0            0     
       Src Latency:+       0            0     
       Net Latency:+     200 (I)      200 (I) 
           Arrival:=     700          200     
                                              
             Setup:-       4                  
       Uncertainty:-     125                  
     Required Time:=     571                  
      Launch Clock:-     200                  
       Input Delay:-     300                  
         Data Path:-      68                  
             Slack:=       4                  

Exceptions/Constraints:
  input_delay             300             functional_wcl_typic_1_line_1078 

#---------------------------------------------------------------------------------------------------------------------------------------
#           Timing Point             Flags   Arc   Edge           Cell             Fanout  Load Trans Delay Arrival       Instance      
#                                                                                          (fF)  (ps)  (ps)   (ps)        Location      
#---------------------------------------------------------------------------------------------------------------------------------------
  enb_1_8_0                          (@)     -     F     (arrival)                     15  85.2     4     0     500               (-,-) 
  FE_RC_448_0/Y                      (#)     A->Y  R     INV_X16M_A9PP140ZTL_C30        6  47.1    11    12     512   (99.8400,53.9000) 
  FE_OCPC1405_FE_OFN3_enb_1_8_0/Y    (@)     A->Y  R     BUFH_X16M_A9PP140ZTL_C30       8  51.8    12    13     525  (68.6200,110.6000) 
  FE_RC_455_0/Y                      (#)     A->Y  R     BUFH_X16M_A9PP140ZTL_C30      11 102.5    21    18     543  (65.6800,111.5000) 
  FE_OCPC1456_FE_OFN3_enb_1_8_0/Y    (@)     A->Y  F     INV_X16M_A9PP140ZTL_C30       14  29.6    11     9     551  (21.1600,134.9000) 
  g11343__5107/Y                     (@)     S0->Y R     MXT2_X3M_A9PP140ZTL_C30        1   0.7     5    16     568  (14.1600,147.5000) 
  pp_fir_7_1_1_sum1_4_re_1_reg[19]/D -       -     R     DFFRPQ_X3M_A9PP140ZTL_C30      1     -     -     0     568  (13.6000,148.4000) 
#---------------------------------------------------------------------------------------------------------------------------------------

(#) : Net either has Non-default Routes or has been promoted to higher metal layers.
(@) : Annotated capacitance.



Path 21: MET (4 ps) Setup Check with Pin pp_fir_7_1_1_Delay_Pipeline_reg_im_reg[9][14]/CK->D
           View: view_wcl_fast
          Group: clk
     Startpoint: (F) enb_1_8_0
          Clock: (R) clk
       Endpoint: (F) pp_fir_7_1_1_Delay_Pipeline_reg_im_reg[9][14]/D
          Clock: (R) clk

                     Capture       Launch     
        Clock Edge:+     500            0     
        Drv Adjust:+       0            0     
       Src Latency:+       0            0     
       Net Latency:+     200 (I)      200 (I) 
           Arrival:=     700          200     
                                              
             Setup:-      24                  
       Uncertainty:-     125                  
     Required Time:=     551                  
      Launch Clock:-     200                  
       Input Delay:-     300                  
         Data Path:-      47                  
             Slack:=       4                  

Exceptions/Constraints:
  input_delay             300             functional_wcl_typic_1_line_1078 

#-----------------------------------------------------------------------------------------------------------------------------------------------------
#                  Timing Point                   Flags   Arc   Edge            Cell              Fanout Load Trans Delay Arrival       Instance      
#                                                                                                        (fF)  (ps)  (ps)   (ps)        Location      
#-----------------------------------------------------------------------------------------------------------------------------------------------------
  enb_1_8_0                                       (@)     -     F     (arrival)                       15 85.2     4     0     500               (-,-) 
  FE_OCPC3282_enb_1_8_0/Y                         (@)     A->Y  F     BUFH_X16M_A9PP140ZTL_C30         3 17.0     5     8     508  (100.4000,-0.1000) 
  FE_OCPC1430_enb_1_8_0/Y                         (@)     A->Y  F     BUFH_X16M_A9PP140ZTL_C30         8 39.2     9    10     518  (101.3800,-0.1000) 
  FE_OCPC1577_enb_1_8_0/Y                         (#)     A->Y  R     INV_X16M_A9PP140ZTL_C30          7 57.9    14    12     530  (130.0800,-0.1000) 
  FE_OCPC1582_enb_1_8_0/Y                         (@)     A->Y  F     INV_X7P5M_A9PP140ZTL_C30        10 16.4    10     8     538  (157.1000,23.3000) 
  FE_RC_3240_0/Y                                  (@)     S0->Y F     MXIT2_X1P4M_A9PP140ZTL_C30       1  0.6     8     9     547  (159.3400,26.9000) 
  pp_fir_7_1_1_Delay_Pipeline_reg_im_reg[9][14]/D -       -     F     DFFRPQNA_X1M_A9PP140ZTL_C30      1    -     -     0     547  (159.4800,26.0000) 
#-----------------------------------------------------------------------------------------------------------------------------------------------------

(#) : Net either has Non-default Routes or has been promoted to higher metal layers.
(@) : Annotated capacitance.



Path 22: MET (4 ps) Setup Check with Pin pp_fir_7_1_1_Delay_Pipeline_reg_im_reg[24][11]/CK->D
           View: view_wcl_fast
          Group: clk
     Startpoint: (F) enb_1_8_0
          Clock: (R) clk
       Endpoint: (R) pp_fir_7_1_1_Delay_Pipeline_reg_im_reg[24][11]/D
          Clock: (R) clk

                     Capture       Launch     
        Clock Edge:+     500            0     
        Drv Adjust:+       0            0     
       Src Latency:+       0            0     
       Net Latency:+     200 (I)      200 (I) 
           Arrival:=     700          200     
                                              
             Setup:-       4                  
       Uncertainty:-     125                  
     Required Time:=     571                  
      Launch Clock:-     200                  
       Input Delay:-     300                  
         Data Path:-      67                  
             Slack:=       4                  

Exceptions/Constraints:
  input_delay             300             functional_wcl_typic_1_line_1078 

#------------------------------------------------------------------------------------------------------------------------------------------------------
#                  Timing Point                    Flags   Arc   Edge           Cell             Fanout  Load Trans Delay Arrival       Instance       
#                                                                                                        (fF)  (ps)  (ps)   (ps)        Location       
#------------------------------------------------------------------------------------------------------------------------------------------------------
  enb_1_8_0                                        (@)     -     F     (arrival)                     15  85.2     4     0     500                (-,-) 
  FE_RC_448_0/Y                                    (#)     A->Y  R     INV_X16M_A9PP140ZTL_C30        6  47.1    11    12     512    (99.8400,53.9000) 
  FE_OCPC1406_FE_OFN3_enb_1_8_0/Y                  (@)     A->Y  R     BUFH_X16M_A9PP140ZTL_C30      17 116.5    24    17     529  (145.9000,107.9000) 
  FE_OCPC1555_FE_OFN3_enb_1_8_0/Y                  (@)     A->Y  F     INV_X16M_A9PP140ZTL_C30       11  23.7    11    11     540  (150.5200,125.9000) 
  FE_OCPC1408_FE_OFN576_n/Y                        (@)     A->Y  F     BUF_X16M_A9PP140ZTL_C30       10  26.6     8    13     553  (150.3800,143.0000) 
  g12433/Y                                         (@)     S0->Y R     MXT2_X4M_A9PP140ZTL_C30        1   0.8     5    14     567  (147.8600,148.4000) 
  pp_fir_7_1_1_Delay_Pipeline_reg_im_reg[24][11]/D -       -     R     DFFRPQ_X3M_A9PP140ZTL_C30      1     -     -     0     567  (146.0400,149.3000) 
#------------------------------------------------------------------------------------------------------------------------------------------------------

(#) : Net either has Non-default Routes or has been promoted to higher metal layers.
(@) : Annotated capacitance.



Path 23: MET (4 ps) Setup Check with Pin pp_fir_7_1_1_sum1_4_re_1_reg[24]/CK->D
           View: view_wcl_fast
          Group: clk
     Startpoint: (F) enb_1_8_0
          Clock: (R) clk
       Endpoint: (R) pp_fir_7_1_1_sum1_4_re_1_reg[24]/D
          Clock: (R) clk

                     Capture       Launch     
        Clock Edge:+     500            0     
        Drv Adjust:+       0            0     
       Src Latency:+       0            0     
       Net Latency:+     200 (I)      200 (I) 
           Arrival:=     700          200     
                                              
             Setup:-       4                  
       Uncertainty:-     125                  
     Required Time:=     571                  
      Launch Clock:-     200                  
       Input Delay:-     300                  
         Data Path:-      67                  
             Slack:=       4                  

Exceptions/Constraints:
  input_delay             300             functional_wcl_typic_1_line_1078 

#---------------------------------------------------------------------------------------------------------------------------------------
#           Timing Point             Flags   Arc   Edge           Cell             Fanout  Load Trans Delay Arrival       Instance      
#                                                                                          (fF)  (ps)  (ps)   (ps)        Location      
#---------------------------------------------------------------------------------------------------------------------------------------
  enb_1_8_0                          (@)     -     F     (arrival)                     15  85.2     4     0     500               (-,-) 
  FE_RC_448_0/Y                      (#)     A->Y  R     INV_X16M_A9PP140ZTL_C30        6  47.1    11    12     512   (99.8400,53.9000) 
  FE_OCPC1405_FE_OFN3_enb_1_8_0/Y    (@)     A->Y  R     BUFH_X16M_A9PP140ZTL_C30       8  51.8    12    13     525  (68.6200,110.6000) 
  FE_RC_455_0/Y                      (#)     A->Y  R     BUFH_X16M_A9PP140ZTL_C30      11 102.5    21    18     543  (65.6800,111.5000) 
  FE_OCPC1456_FE_OFN3_enb_1_8_0/Y    (@)     A->Y  F     INV_X16M_A9PP140ZTL_C30       14  29.6    11     9     551  (21.1600,134.9000) 
  g11351__2802/Y                     (@)     S0->Y R     MXT2_X3M_A9PP140ZTL_C30        1   0.8     5    16     567  (18.7800,147.5000) 
  pp_fir_7_1_1_sum1_4_re_1_reg[24]/D -       -     R     DFFRPQ_X3M_A9PP140ZTL_C30      1     -     -     0     567  (17.6600,146.6000) 
#---------------------------------------------------------------------------------------------------------------------------------------

(#) : Net either has Non-default Routes or has been promoted to higher metal layers.
(@) : Annotated capacitance.



Path 24: MET (4 ps) Setup Check with Pin pp_fir_7_1_1_Delay_Pipeline_reg_re_reg[28][11]/CK->D
           View: view_wcl_fast
          Group: clk
     Startpoint: (F) enb_1_8_0
          Clock: (R) clk
       Endpoint: (R) pp_fir_7_1_1_Delay_Pipeline_reg_re_reg[28][11]/D
          Clock: (R) clk

                     Capture       Launch     
        Clock Edge:+     500            0     
        Drv Adjust:+       0            0     
       Src Latency:+       0            0     
       Net Latency:+     200 (I)      200 (I) 
           Arrival:=     700          200     
                                              
             Setup:-       4                  
       Uncertainty:-     125                  
     Required Time:=     571                  
      Launch Clock:-     200                  
       Input Delay:-     300                  
         Data Path:-      67                  
             Slack:=       4                  

Exceptions/Constraints:
  input_delay             300             functional_wcl_typic_1_line_1078 

#-----------------------------------------------------------------------------------------------------------------------------------------------------
#                  Timing Point                    Flags   Arc   Edge           Cell             Fanout  Load Trans Delay Arrival       Instance      
#                                                                                                        (fF)  (ps)  (ps)   (ps)        Location      
#-----------------------------------------------------------------------------------------------------------------------------------------------------
  enb_1_8_0                                        (@)     -     F     (arrival)                     15  85.2     4     0     500               (-,-) 
  FE_RC_448_0/Y                                    (#)     A->Y  R     INV_X16M_A9PP140ZTL_C30        6  47.1    11    12     512   (99.8400,53.9000) 
  FE_OCPC1405_FE_OFN3_enb_1_8_0/Y                  (@)     A->Y  R     BUFH_X16M_A9PP140ZTL_C30       8  51.8    12    13     525  (68.6200,110.6000) 
  FE_RC_455_0/Y                                    (#)     A->Y  R     BUFH_X16M_A9PP140ZTL_C30      11 102.5    21    18     543  (65.6800,111.5000) 
  FE_OCPC1455_FE_OFN3_enb_1_8_0/Y                  (@)     A->Y  F     INV_X16M_A9PP140ZTL_C30       15  29.7    11     9     551   (9.9600,110.6000) 
  g13700/Y                                         (@)     S0->Y R     MXT2_X4M_A9PP140ZTL_C30        1   1.0     5    16     567   (3.2400,117.8000) 
  pp_fir_7_1_1_Delay_Pipeline_reg_re_reg[28][11]/D -       -     R     DFFRPQ_X3M_A9PP140ZTL_C30      1     -     -     0     567   (1.1400,118.7000) 
#-----------------------------------------------------------------------------------------------------------------------------------------------------

(#) : Net either has Non-default Routes or has been promoted to higher metal layers.
(@) : Annotated capacitance.



Path 25: MET (4 ps) Setup Check with Pin pp_fir_7_1_1_Delay_Pipeline_reg_im_reg[25][5]/CK->D
           View: view_wcl_fast
          Group: clk
     Startpoint: (F) enb_1_8_0
          Clock: (R) clk
       Endpoint: (R) pp_fir_7_1_1_Delay_Pipeline_reg_im_reg[25][5]/D
          Clock: (R) clk

                     Capture       Launch     
        Clock Edge:+     500            0     
        Drv Adjust:+       0            0     
       Src Latency:+       0            0     
       Net Latency:+     200 (I)      200 (I) 
           Arrival:=     700          200     
                                              
             Setup:-       4                  
       Uncertainty:-     125                  
     Required Time:=     571                  
      Launch Clock:-     200                  
       Input Delay:-     300                  
         Data Path:-      67                  
             Slack:=       4                  

Exceptions/Constraints:
  input_delay             300             functional_wcl_typic_1_line_1078 

#-----------------------------------------------------------------------------------------------------------------------------------------------------
#                  Timing Point                   Flags   Arc   Edge           Cell             Fanout  Load Trans Delay Arrival       Instance       
#                                                                                                       (fF)  (ps)  (ps)   (ps)        Location       
#-----------------------------------------------------------------------------------------------------------------------------------------------------
  enb_1_8_0                                       (@)     -     F     (arrival)                     15  85.2     4     0     500                (-,-) 
  FE_RC_448_0/Y                                   (#)     A->Y  R     INV_X16M_A9PP140ZTL_C30        6  47.1    11    12     512    (99.8400,53.9000) 
  FE_OCPC1406_FE_OFN3_enb_1_8_0/Y                 (@)     A->Y  R     BUFH_X16M_A9PP140ZTL_C30      17 116.5    24    17     529  (145.9000,107.9000) 
  FE_OCPC1555_FE_OFN3_enb_1_8_0/Y                 (@)     A->Y  F     INV_X16M_A9PP140ZTL_C30       11  23.7    11    11     540  (150.5200,125.9000) 
  FE_OCPC1408_FE_OFN576_n/Y                       (@)     A->Y  F     BUF_X16M_A9PP140ZTL_C30       10  26.6     8    13     553  (150.3800,143.0000) 
  g12468/Y                                        (@)     S0->Y R     MXT2_X3M_A9PP140ZTL_C30        1   0.9     5    14     567  (144.7800,143.0000) 
  pp_fir_7_1_1_Delay_Pipeline_reg_im_reg[25][5]/D -       -     R     DFFRPQ_X4M_A9PP140ZTL_C30      1     -     -     0     567  (143.6600,143.9000) 
#-----------------------------------------------------------------------------------------------------------------------------------------------------

(#) : Net either has Non-default Routes or has been promoted to higher metal layers.
(@) : Annotated capacitance.



Path 26: MET (4 ps) Setup Check with Pin pp_fir_7_1_1_Delay_Pipeline_reg_im_reg[24][10]/CK->D
           View: view_wcl_fast
          Group: clk
     Startpoint: (F) enb_1_8_0
          Clock: (R) clk
       Endpoint: (R) pp_fir_7_1_1_Delay_Pipeline_reg_im_reg[24][10]/D
          Clock: (R) clk

                     Capture       Launch     
        Clock Edge:+     500            0     
        Drv Adjust:+       0            0     
       Src Latency:+       0            0     
       Net Latency:+     200 (I)      200 (I) 
           Arrival:=     700          200     
                                              
             Setup:-       4                  
       Uncertainty:-     125                  
     Required Time:=     571                  
      Launch Clock:-     200                  
       Input Delay:-     300                  
         Data Path:-      67                  
             Slack:=       4                  

Exceptions/Constraints:
  input_delay             300             functional_wcl_typic_1_line_1078 

#------------------------------------------------------------------------------------------------------------------------------------------------------
#                  Timing Point                    Flags   Arc   Edge           Cell             Fanout  Load Trans Delay Arrival       Instance       
#                                                                                                        (fF)  (ps)  (ps)   (ps)        Location       
#------------------------------------------------------------------------------------------------------------------------------------------------------
  enb_1_8_0                                        (@)     -     F     (arrival)                     15  85.2     4     0     500                (-,-) 
  FE_RC_448_0/Y                                    (#)     A->Y  R     INV_X16M_A9PP140ZTL_C30        6  47.1    11    12     512    (99.8400,53.9000) 
  FE_OCPC1406_FE_OFN3_enb_1_8_0/Y                  (@)     A->Y  R     BUFH_X16M_A9PP140ZTL_C30      17 116.5    24    17     529  (145.9000,107.9000) 
  FE_OCPC1555_FE_OFN3_enb_1_8_0/Y                  (@)     A->Y  F     INV_X16M_A9PP140ZTL_C30       11  23.7    11    11     540  (150.5200,125.9000) 
  FE_OCPC1408_FE_OFN576_n/Y                        (@)     A->Y  F     BUF_X16M_A9PP140ZTL_C30       10  26.6     8    13     553  (150.3800,143.0000) 
  g30047/Y                                         (@)     S0->Y R     MXT2_X4M_A9PP140ZTL_C30        1   0.7     5    14     567  (146.6000,148.4000) 
  pp_fir_7_1_1_Delay_Pipeline_reg_im_reg[24][10]/D -       -     R     DFFRPQ_X3M_A9PP140ZTL_C30      1     -     -     0     567  (146.1800,147.5000) 
#------------------------------------------------------------------------------------------------------------------------------------------------------

(#) : Net either has Non-default Routes or has been promoted to higher metal layers.
(@) : Annotated capacitance.



Path 27: MET (4 ps) Setup Check with Pin pp_fir_7_1_1_Delay_Pipeline_reg_im_reg[24][8]/CK->D
           View: view_wcl_fast
          Group: clk
     Startpoint: (F) enb_1_8_0
          Clock: (R) clk
       Endpoint: (R) pp_fir_7_1_1_Delay_Pipeline_reg_im_reg[24][8]/D
          Clock: (R) clk

                     Capture       Launch     
        Clock Edge:+     500            0     
        Drv Adjust:+       0            0     
       Src Latency:+       0            0     
       Net Latency:+     200 (I)      200 (I) 
           Arrival:=     700          200     
                                              
             Setup:-       4                  
       Uncertainty:-     125                  
     Required Time:=     571                  
      Launch Clock:-     200                  
       Input Delay:-     300                  
         Data Path:-      67                  
             Slack:=       4                  

Exceptions/Constraints:
  input_delay             300             functional_wcl_typic_1_line_1078 

#-----------------------------------------------------------------------------------------------------------------------------------------------------
#                  Timing Point                   Flags   Arc   Edge           Cell             Fanout  Load Trans Delay Arrival       Instance       
#                                                                                                       (fF)  (ps)  (ps)   (ps)        Location       
#-----------------------------------------------------------------------------------------------------------------------------------------------------
  enb_1_8_0                                       (@)     -     F     (arrival)                     15  85.2     4     0     500                (-,-) 
  FE_RC_448_0/Y                                   (#)     A->Y  R     INV_X16M_A9PP140ZTL_C30        6  47.1    11    12     512    (99.8400,53.9000) 
  FE_OCPC1406_FE_OFN3_enb_1_8_0/Y                 (@)     A->Y  R     BUFH_X16M_A9PP140ZTL_C30      17 116.5    24    17     529  (145.9000,107.9000) 
  FE_OCPC1555_FE_OFN3_enb_1_8_0/Y                 (@)     A->Y  F     INV_X16M_A9PP140ZTL_C30       11  23.7    11    11     540  (150.5200,125.9000) 
  FE_OCPC1408_FE_OFN576_n/Y                       (@)     A->Y  F     BUF_X16M_A9PP140ZTL_C30       10  26.6     8    13     553  (150.3800,143.0000) 
  g12427/Y                                        (@)     S0->Y R     MXT2_X4M_A9PP140ZTL_C30        1   0.8     5    14     567  (146.4600,145.7000) 
  pp_fir_7_1_1_Delay_Pipeline_reg_im_reg[24][8]/D -       -     R     DFFRPQ_X3M_A9PP140ZTL_C30      1     -     -     0     567  (145.4800,146.6000) 
#-----------------------------------------------------------------------------------------------------------------------------------------------------

(#) : Net either has Non-default Routes or has been promoted to higher metal layers.
(@) : Annotated capacitance.



Path 28: MET (4 ps) Setup Check with Pin pp_fir_7_1_1_Delay_Pipeline_reg_im_reg[11][14]/CK->D
           View: view_wcl_fast
          Group: clk
     Startpoint: (F) enb_1_8_0
          Clock: (R) clk
       Endpoint: (F) pp_fir_7_1_1_Delay_Pipeline_reg_im_reg[11][14]/D
          Clock: (R) clk

                     Capture       Launch     
        Clock Edge:+     500            0     
        Drv Adjust:+       0            0     
       Src Latency:+       0            0     
       Net Latency:+     200 (I)      200 (I) 
           Arrival:=     700          200     
                                              
             Setup:-      22                  
       Uncertainty:-     125                  
     Required Time:=     552                  
      Launch Clock:-     200                  
       Input Delay:-     300                  
         Data Path:-      49                  
             Slack:=       4                  

Exceptions/Constraints:
  input_delay             300             functional_wcl_typic_1_line_1078 

#-----------------------------------------------------------------------------------------------------------------------------------------------------
#                  Timing Point                    Flags   Arc   Edge            Cell             Fanout Load Trans Delay Arrival       Instance      
#                                                                                                        (fF)  (ps)  (ps)   (ps)        Location      
#-----------------------------------------------------------------------------------------------------------------------------------------------------
  enb_1_8_0                                        (@)     -     F     (arrival)                      15 85.2     4     0     500               (-,-) 
  FE_OCPC3282_enb_1_8_0/Y                          (@)     A->Y  F     BUFH_X16M_A9PP140ZTL_C30        3 17.0     5     8     508  (100.4000,-0.1000) 
  FE_OCPC1430_enb_1_8_0/Y                          (@)     A->Y  F     BUFH_X16M_A9PP140ZTL_C30        8 39.2     9    10     518  (101.3800,-0.1000) 
  FE_OCPC1577_enb_1_8_0/Y                          (#)     A->Y  R     INV_X16M_A9PP140ZTL_C30         7 57.9    14    12     530  (130.0800,-0.1000) 
  FE_OCPC1583_enb_1_8_0/Y                          (@)     A->Y  F     INV_X7P5M_A9PP140ZTL_C30       10 17.9    10     8     539  (157.1000,23.3000) 
  FE_RC_3309_0/Y                                   (@)     S0->Y F     MXIT2_X4M_A9PP140ZTL_C30        1  0.9    10    10     549  (178.2400,28.7000) 
  pp_fir_7_1_1_Delay_Pipeline_reg_im_reg[11][14]/D -       -     F     DFFRPQA_X1M_A9PP140ZTL_C30      1    -     -     0     549  (176.1400,29.6000) 
#-----------------------------------------------------------------------------------------------------------------------------------------------------

(#) : Net either has Non-default Routes or has been promoted to higher metal layers.
(@) : Annotated capacitance.



Path 29: MET (4 ps) Setup Check with Pin pp_fir_7_1_1_Delay_Pipeline_reg_re_reg[28][10]/CK->D
           View: view_wcl_fast
          Group: clk
     Startpoint: (F) enb_1_8_0
          Clock: (R) clk
       Endpoint: (R) pp_fir_7_1_1_Delay_Pipeline_reg_re_reg[28][10]/D
          Clock: (R) clk

                     Capture       Launch     
        Clock Edge:+     500            0     
        Drv Adjust:+       0            0     
       Src Latency:+       0            0     
       Net Latency:+     200 (I)      200 (I) 
           Arrival:=     700          200     
                                              
             Setup:-       4                  
       Uncertainty:-     125                  
     Required Time:=     571                  
      Launch Clock:-     200                  
       Input Delay:-     300                  
         Data Path:-      67                  
             Slack:=       4                  

Exceptions/Constraints:
  input_delay             300             functional_wcl_typic_1_line_1078 

#-----------------------------------------------------------------------------------------------------------------------------------------------------
#                  Timing Point                    Flags   Arc   Edge           Cell             Fanout  Load Trans Delay Arrival       Instance      
#                                                                                                        (fF)  (ps)  (ps)   (ps)        Location      
#-----------------------------------------------------------------------------------------------------------------------------------------------------
  enb_1_8_0                                        (@)     -     F     (arrival)                     15  85.2     4     0     500               (-,-) 
  FE_RC_448_0/Y                                    (#)     A->Y  R     INV_X16M_A9PP140ZTL_C30        6  47.1    11    12     512   (99.8400,53.9000) 
  FE_OCPC1405_FE_OFN3_enb_1_8_0/Y                  (@)     A->Y  R     BUFH_X16M_A9PP140ZTL_C30       8  51.8    12    13     525  (68.6200,110.6000) 
  FE_RC_455_0/Y                                    (#)     A->Y  R     BUFH_X16M_A9PP140ZTL_C30      11 102.5    21    18     543  (65.6800,111.5000) 
  FE_OCPC1455_FE_OFN3_enb_1_8_0/Y                  (@)     A->Y  F     INV_X16M_A9PP140ZTL_C30       15  29.7    11     9     551   (9.9600,110.6000) 
  g30155/Y                                         (@)     S0->Y R     MXT2_X3M_A9PP140ZTL_C30        1   0.9     5    16     567   (3.5200,115.1000) 
  pp_fir_7_1_1_Delay_Pipeline_reg_re_reg[28][10]/D -       -     R     DFFRPQ_X3M_A9PP140ZTL_C30      1     -     -     0     567   (1.5600,116.0000) 
#-----------------------------------------------------------------------------------------------------------------------------------------------------

(#) : Net either has Non-default Routes or has been promoted to higher metal layers.
(@) : Annotated capacitance.



Path 30: MET (4 ps) Setup Check with Pin pp_fir_7_1_1_Delay_Pipeline_reg_re_reg[27][4]/CK->D
           View: view_wcl_fast
          Group: clk
     Startpoint: (F) enb_1_8_0
          Clock: (R) clk
       Endpoint: (R) pp_fir_7_1_1_Delay_Pipeline_reg_re_reg[27][4]/D
          Clock: (R) clk

                     Capture       Launch     
        Clock Edge:+     500            0     
        Drv Adjust:+       0            0     
       Src Latency:+       0            0     
       Net Latency:+     200 (I)      200 (I) 
           Arrival:=     700          200     
                                              
             Setup:-       4                  
       Uncertainty:-     125                  
     Required Time:=     571                  
      Launch Clock:-     200                  
       Input Delay:-     300                  
         Data Path:-      67                  
             Slack:=       4                  

Exceptions/Constraints:
  input_delay             300             functional_wcl_typic_1_line_1078 

#----------------------------------------------------------------------------------------------------------------------------------------------------
#                  Timing Point                   Flags   Arc   Edge           Cell             Fanout  Load Trans Delay Arrival       Instance      
#                                                                                                       (fF)  (ps)  (ps)   (ps)        Location      
#----------------------------------------------------------------------------------------------------------------------------------------------------
  enb_1_8_0                                       (@)     -     F     (arrival)                     15  85.2     4     0     500               (-,-) 
  FE_RC_448_0/Y                                   (#)     A->Y  R     INV_X16M_A9PP140ZTL_C30        6  47.1    11    12     512   (99.8400,53.9000) 
  FE_OCPC1405_FE_OFN3_enb_1_8_0/Y                 (@)     A->Y  R     BUFH_X16M_A9PP140ZTL_C30       8  51.8    12    13     525  (68.6200,110.6000) 
  FE_RC_455_0/Y                                   (#)     A->Y  R     BUFH_X16M_A9PP140ZTL_C30      11 102.5    21    18     543  (65.6800,111.5000) 
  FE_OCPC1455_FE_OFN3_enb_1_8_0/Y                 (@)     A->Y  F     INV_X16M_A9PP140ZTL_C30       15  29.7    11     9     551   (9.9600,110.6000) 
  g28849/Y                                        (@)     S0->Y R     MXT2_X3M_A9PP140ZTL_C30        1   0.8     5    16     567   (6.0400,117.8000) 
  pp_fir_7_1_1_Delay_Pipeline_reg_re_reg[27][4]/D -       -     R     DFFRPQ_X3M_A9PP140ZTL_C30      1     -     -     0     567   (5.4800,118.7000) 
#----------------------------------------------------------------------------------------------------------------------------------------------------

(#) : Net either has Non-default Routes or has been promoted to higher metal layers.
(@) : Annotated capacitance.



Path 31: MET (4 ps) Setup Check with Pin pp_fir_7_1_1_Delay_Pipeline_reg_re_reg[27][3]/CK->D
           View: view_wcl_fast
          Group: clk
     Startpoint: (F) enb_1_8_0
          Clock: (R) clk
       Endpoint: (R) pp_fir_7_1_1_Delay_Pipeline_reg_re_reg[27][3]/D
          Clock: (R) clk

                     Capture       Launch     
        Clock Edge:+     500            0     
        Drv Adjust:+       0            0     
       Src Latency:+       0            0     
       Net Latency:+     200 (I)      200 (I) 
           Arrival:=     700          200     
                                              
             Setup:-       4                  
       Uncertainty:-     125                  
     Required Time:=     571                  
      Launch Clock:-     200                  
       Input Delay:-     300                  
         Data Path:-      67                  
             Slack:=       4                  

Exceptions/Constraints:
  input_delay             300             functional_wcl_typic_1_line_1078 

#----------------------------------------------------------------------------------------------------------------------------------------------------
#                  Timing Point                   Flags   Arc   Edge           Cell             Fanout  Load Trans Delay Arrival       Instance      
#                                                                                                       (fF)  (ps)  (ps)   (ps)        Location      
#----------------------------------------------------------------------------------------------------------------------------------------------------
  enb_1_8_0                                       (@)     -     F     (arrival)                     15  85.2     4     0     500               (-,-) 
  FE_RC_448_0/Y                                   (#)     A->Y  R     INV_X16M_A9PP140ZTL_C30        6  47.1    11    12     512   (99.8400,53.9000) 
  FE_OCPC1405_FE_OFN3_enb_1_8_0/Y                 (@)     A->Y  R     BUFH_X16M_A9PP140ZTL_C30       8  51.8    12    13     525  (68.6200,110.6000) 
  FE_RC_455_0/Y                                   (#)     A->Y  R     BUFH_X16M_A9PP140ZTL_C30      11 102.5    21    18     543  (65.6800,111.5000) 
  FE_OCPC1455_FE_OFN3_enb_1_8_0/Y                 (@)     A->Y  F     INV_X16M_A9PP140ZTL_C30       15  29.7    11     9     551   (9.9600,110.6000) 
  g13675/Y                                        (@)     S0->Y R     MXT2_X4M_A9PP140ZTL_C30        1   0.9     5    16     567   (7.4400,116.0000) 
  pp_fir_7_1_1_Delay_Pipeline_reg_re_reg[27][3]/D -       -     R     DFFRPQ_X3M_A9PP140ZTL_C30      1     -     -     0     567   (6.7400,114.2000) 
#----------------------------------------------------------------------------------------------------------------------------------------------------

(#) : Net either has Non-default Routes or has been promoted to higher metal layers.
(@) : Annotated capacitance.



Path 32: MET (4 ps) Setup Check with Pin pp_fir_7_1_1_Delay_Pipeline_reg_re_reg[25][15]/CK->D
           View: view_wcl_fast
          Group: clk
     Startpoint: (F) enb_1_8_0
          Clock: (R) clk
       Endpoint: (R) pp_fir_7_1_1_Delay_Pipeline_reg_re_reg[25][15]/D
          Clock: (R) clk

                     Capture       Launch     
        Clock Edge:+     500            0     
        Drv Adjust:+       0            0     
       Src Latency:+       0            0     
       Net Latency:+     200 (I)      200 (I) 
           Arrival:=     700          200     
                                              
             Setup:-       4                  
       Uncertainty:-     125                  
     Required Time:=     571                  
      Launch Clock:-     200                  
       Input Delay:-     300                  
         Data Path:-      67                  
             Slack:=       4                  

Exceptions/Constraints:
  input_delay             300             functional_wcl_typic_1_line_1078 

#-----------------------------------------------------------------------------------------------------------------------------------------------------
#                  Timing Point                    Flags   Arc   Edge           Cell             Fanout  Load Trans Delay Arrival       Instance      
#                                                                                                        (fF)  (ps)  (ps)   (ps)        Location      
#-----------------------------------------------------------------------------------------------------------------------------------------------------
  enb_1_8_0                                        (@)     -     F     (arrival)                     15  85.2     4     0     500               (-,-) 
  FE_RC_448_0/Y                                    (#)     A->Y  R     INV_X16M_A9PP140ZTL_C30        6  47.1    11    12     512   (99.8400,53.9000) 
  FE_OCPC1405_FE_OFN3_enb_1_8_0/Y                  (@)     A->Y  R     BUFH_X16M_A9PP140ZTL_C30       8  51.8    12    13     525  (68.6200,110.6000) 
  FE_RC_455_0/Y                                    (#)     A->Y  R     BUFH_X16M_A9PP140ZTL_C30      11 102.5    21    18     543  (65.6800,111.5000) 
  FE_OCPC1456_FE_OFN3_enb_1_8_0/Y                  (@)     A->Y  F     INV_X16M_A9PP140ZTL_C30       14  29.6    11     9     551  (21.1600,134.9000) 
  g13655/Y                                         (@)     S0->Y R     MXT2_X3M_A9PP140ZTL_C30        1   0.7     5    16     567  (19.9000,148.4000) 
  pp_fir_7_1_1_Delay_Pipeline_reg_re_reg[25][15]/D -       -     R     DFFRPQ_X3M_A9PP140ZTL_C30      1     -     -     0     567  (16.6800,148.4000) 
#-----------------------------------------------------------------------------------------------------------------------------------------------------

(#) : Net either has Non-default Routes or has been promoted to higher metal layers.
(@) : Annotated capacitance.



Path 33: MET (4 ps) Setup Check with Pin pp_fir_7_1_1_Delay_Pipeline_reg_re_reg[29][14]/CK->D
           View: view_wcl_fast
          Group: clk
     Startpoint: (F) enb_1_8_0
          Clock: (R) clk
       Endpoint: (R) pp_fir_7_1_1_Delay_Pipeline_reg_re_reg[29][14]/D
          Clock: (R) clk

                     Capture       Launch     
        Clock Edge:+     500            0     
        Drv Adjust:+       0            0     
       Src Latency:+       0            0     
       Net Latency:+     200 (I)      200 (I) 
           Arrival:=     700          200     
                                              
             Setup:-       4                  
       Uncertainty:-     125                  
     Required Time:=     571                  
      Launch Clock:-     200                  
       Input Delay:-     300                  
         Data Path:-      67                  
             Slack:=       4                  

Exceptions/Constraints:
  input_delay             300             functional_wcl_typic_1_line_1078 

#-----------------------------------------------------------------------------------------------------------------------------------------------------
#                  Timing Point                    Flags   Arc   Edge           Cell             Fanout  Load Trans Delay Arrival       Instance      
#                                                                                                        (fF)  (ps)  (ps)   (ps)        Location      
#-----------------------------------------------------------------------------------------------------------------------------------------------------
  enb_1_8_0                                        (@)     -     F     (arrival)                     15  85.2     4     0     500               (-,-) 
  FE_RC_448_0/Y                                    (#)     A->Y  R     INV_X16M_A9PP140ZTL_C30        6  47.1    11    12     512   (99.8400,53.9000) 
  FE_OCPC1405_FE_OFN3_enb_1_8_0/Y                  (@)     A->Y  R     BUFH_X16M_A9PP140ZTL_C30       8  51.8    12    13     525  (68.6200,110.6000) 
  FE_RC_455_0/Y                                    (#)     A->Y  R     BUFH_X16M_A9PP140ZTL_C30      11 102.5    21    18     543  (65.6800,111.5000) 
  FE_OCPC1455_FE_OFN3_enb_1_8_0/Y                  (@)     A->Y  F     INV_X16M_A9PP140ZTL_C30       15  29.7    11     9     551   (9.9600,110.6000) 
  g13718/Y                                         (@)     S0->Y R     MXT2_X3M_A9PP140ZTL_C30        1   0.9     5    16     567   (3.9400,108.8000) 
  pp_fir_7_1_1_Delay_Pipeline_reg_re_reg[29][14]/D -       -     R     DFFRPQ_X3M_A9PP140ZTL_C30      1     -     -     0     567   (1.1400,108.8000) 
#-----------------------------------------------------------------------------------------------------------------------------------------------------

(#) : Net either has Non-default Routes or has been promoted to higher metal layers.
(@) : Annotated capacitance.



Path 34: MET (4 ps) Setup Check with Pin pp_fir_7_1_1_Delay_Pipeline_reg_re_reg[28][12]/CK->D
           View: view_wcl_fast
          Group: clk
     Startpoint: (F) enb_1_8_0
          Clock: (R) clk
       Endpoint: (R) pp_fir_7_1_1_Delay_Pipeline_reg_re_reg[28][12]/D
          Clock: (R) clk

                     Capture       Launch     
        Clock Edge:+     500            0     
        Drv Adjust:+       0            0     
       Src Latency:+       0            0     
       Net Latency:+     200 (I)      200 (I) 
           Arrival:=     700          200     
                                              
             Setup:-       4                  
       Uncertainty:-     125                  
     Required Time:=     571                  
      Launch Clock:-     200                  
       Input Delay:-     300                  
         Data Path:-      67                  
             Slack:=       4                  

Exceptions/Constraints:
  input_delay             300             functional_wcl_typic_1_line_1078 

#-----------------------------------------------------------------------------------------------------------------------------------------------------
#                  Timing Point                    Flags   Arc   Edge           Cell             Fanout  Load Trans Delay Arrival       Instance      
#                                                                                                        (fF)  (ps)  (ps)   (ps)        Location      
#-----------------------------------------------------------------------------------------------------------------------------------------------------
  enb_1_8_0                                        (@)     -     F     (arrival)                     15  85.2     4     0     500               (-,-) 
  FE_RC_448_0/Y                                    (#)     A->Y  R     INV_X16M_A9PP140ZTL_C30        6  47.1    11    12     512   (99.8400,53.9000) 
  FE_OCPC1405_FE_OFN3_enb_1_8_0/Y                  (@)     A->Y  R     BUFH_X16M_A9PP140ZTL_C30       8  51.8    12    13     525  (68.6200,110.6000) 
  FE_RC_455_0/Y                                    (#)     A->Y  R     BUFH_X16M_A9PP140ZTL_C30      11 102.5    21    18     543  (65.6800,111.5000) 
  FE_OCPC1455_FE_OFN3_enb_1_8_0/Y                  (@)     A->Y  F     INV_X16M_A9PP140ZTL_C30       15  29.7    11     9     551   (9.9600,110.6000) 
  g30694/Y                                         (@)     S0->Y R     MXT2_X3M_A9PP140ZTL_C30        1   0.7     5    16     567   (1.9800,117.8000) 
  pp_fir_7_1_1_Delay_Pipeline_reg_re_reg[28][12]/D -       -     R     DFFRPQ_X3M_A9PP140ZTL_C30      1     -     -     0     567   (1.5600,116.9000) 
#-----------------------------------------------------------------------------------------------------------------------------------------------------

(#) : Net either has Non-default Routes or has been promoted to higher metal layers.
(@) : Annotated capacitance.



Path 35: MET (4 ps) Setup Check with Pin pp_fir_7_1_1_Delay_Pipeline_reg_re_reg[28][8]/CK->D
           View: view_wcl_fast
          Group: clk
     Startpoint: (F) enb_1_8_0
          Clock: (R) clk
       Endpoint: (R) pp_fir_7_1_1_Delay_Pipeline_reg_re_reg[28][8]/D
          Clock: (R) clk

                     Capture       Launch     
        Clock Edge:+     500            0     
        Drv Adjust:+       0            0     
       Src Latency:+       0            0     
       Net Latency:+     200 (I)      200 (I) 
           Arrival:=     700          200     
                                              
             Setup:-       4                  
       Uncertainty:-     125                  
     Required Time:=     571                  
      Launch Clock:-     200                  
       Input Delay:-     300                  
         Data Path:-      67                  
             Slack:=       4                  

Exceptions/Constraints:
  input_delay             300             functional_wcl_typic_1_line_1078 

#----------------------------------------------------------------------------------------------------------------------------------------------------
#                  Timing Point                   Flags   Arc   Edge           Cell             Fanout  Load Trans Delay Arrival       Instance      
#                                                                                                       (fF)  (ps)  (ps)   (ps)        Location      
#----------------------------------------------------------------------------------------------------------------------------------------------------
  enb_1_8_0                                       (@)     -     F     (arrival)                     15  85.2     4     0     500               (-,-) 
  FE_RC_448_0/Y                                   (#)     A->Y  R     INV_X16M_A9PP140ZTL_C30        6  47.1    11    12     512   (99.8400,53.9000) 
  FE_OCPC1405_FE_OFN3_enb_1_8_0/Y                 (@)     A->Y  R     BUFH_X16M_A9PP140ZTL_C30       8  51.8    12    13     525  (68.6200,110.6000) 
  FE_RC_455_0/Y                                   (#)     A->Y  R     BUFH_X16M_A9PP140ZTL_C30      11 102.5    21    18     543  (65.6800,111.5000) 
  FE_OCPC1455_FE_OFN3_enb_1_8_0/Y                 (@)     A->Y  F     INV_X16M_A9PP140ZTL_C30       15  29.7    11     9     551   (9.9600,110.6000) 
  g13696/Y                                        (@)     S0->Y R     MXT2_X3M_A9PP140ZTL_C30        1   1.0     5    16     567   (2.6800,113.3000) 
  pp_fir_7_1_1_Delay_Pipeline_reg_re_reg[28][8]/D -       -     R     DFFRPQ_X3M_A9PP140ZTL_C30      1     -     -     0     567   (1.1400,112.4000) 
#----------------------------------------------------------------------------------------------------------------------------------------------------

(#) : Net either has Non-default Routes or has been promoted to higher metal layers.
(@) : Annotated capacitance.



Path 36: MET (4 ps) Setup Check with Pin pp_fir_7_1_1_Delay_Pipeline_reg_re_reg[27][2]/CK->D
           View: view_wcl_fast
          Group: clk
     Startpoint: (F) enb_1_8_0
          Clock: (R) clk
       Endpoint: (R) pp_fir_7_1_1_Delay_Pipeline_reg_re_reg[27][2]/D
          Clock: (R) clk

                     Capture       Launch     
        Clock Edge:+     500            0     
        Drv Adjust:+       0            0     
       Src Latency:+       0            0     
       Net Latency:+     200 (I)      200 (I) 
           Arrival:=     700          200     
                                              
             Setup:-       4                  
       Uncertainty:-     125                  
     Required Time:=     571                  
      Launch Clock:-     200                  
       Input Delay:-     300                  
         Data Path:-      67                  
             Slack:=       4                  

Exceptions/Constraints:
  input_delay             300             functional_wcl_typic_1_line_1078 

#----------------------------------------------------------------------------------------------------------------------------------------------------
#                  Timing Point                   Flags   Arc   Edge           Cell             Fanout  Load Trans Delay Arrival       Instance      
#                                                                                                       (fF)  (ps)  (ps)   (ps)        Location      
#----------------------------------------------------------------------------------------------------------------------------------------------------
  enb_1_8_0                                       (@)     -     F     (arrival)                     15  85.2     4     0     500               (-,-) 
  FE_RC_448_0/Y                                   (#)     A->Y  R     INV_X16M_A9PP140ZTL_C30        6  47.1    11    12     512   (99.8400,53.9000) 
  FE_OCPC1405_FE_OFN3_enb_1_8_0/Y                 (@)     A->Y  R     BUFH_X16M_A9PP140ZTL_C30       8  51.8    12    13     525  (68.6200,110.6000) 
  FE_RC_455_0/Y                                   (#)     A->Y  R     BUFH_X16M_A9PP140ZTL_C30      11 102.5    21    18     543  (65.6800,111.5000) 
  FE_OCPC1455_FE_OFN3_enb_1_8_0/Y                 (@)     A->Y  F     INV_X16M_A9PP140ZTL_C30       15  29.7    11     9     551   (9.9600,110.6000) 
  g23514/Y                                        (@)     S0->Y R     MXT2_X3M_A9PP140ZTL_C30        1   0.7     5    16     567   (5.3400,116.0000) 
  pp_fir_7_1_1_Delay_Pipeline_reg_re_reg[27][2]/D -       -     R     DFFRPQ_X3M_A9PP140ZTL_C30      1     -     -     0     567   (4.7800,115.1000) 
#----------------------------------------------------------------------------------------------------------------------------------------------------

(#) : Net either has Non-default Routes or has been promoted to higher metal layers.
(@) : Annotated capacitance.



Path 37: MET (4 ps) Setup Check with Pin pp_fir_7_1_1_Delay_Pipeline_reg_re_reg[26][2]/CK->D
           View: view_wcl_fast
          Group: clk
     Startpoint: (F) enb_1_8_0
          Clock: (R) clk
       Endpoint: (R) pp_fir_7_1_1_Delay_Pipeline_reg_re_reg[26][2]/D
          Clock: (R) clk

                     Capture       Launch     
        Clock Edge:+     500            0     
        Drv Adjust:+       0            0     
       Src Latency:+       0            0     
       Net Latency:+     200 (I)      200 (I) 
           Arrival:=     700          200     
                                              
             Setup:-       4                  
       Uncertainty:-     125                  
     Required Time:=     571                  
      Launch Clock:-     200                  
       Input Delay:-     300                  
         Data Path:-      67                  
             Slack:=       4                  

Exceptions/Constraints:
  input_delay             300             functional_wcl_typic_1_line_1078 

#----------------------------------------------------------------------------------------------------------------------------------------------------
#                  Timing Point                   Flags   Arc   Edge           Cell             Fanout  Load Trans Delay Arrival       Instance      
#                                                                                                       (fF)  (ps)  (ps)   (ps)        Location      
#----------------------------------------------------------------------------------------------------------------------------------------------------
  enb_1_8_0                                       (@)     -     F     (arrival)                     15  85.2     4     0     500               (-,-) 
  FE_RC_448_0/Y                                   (#)     A->Y  R     INV_X16M_A9PP140ZTL_C30        6  47.1    11    12     512   (99.8400,53.9000) 
  FE_OCPC1405_FE_OFN3_enb_1_8_0/Y                 (@)     A->Y  R     BUFH_X16M_A9PP140ZTL_C30       8  51.8    12    13     525  (68.6200,110.6000) 
  FE_RC_455_0/Y                                   (#)     A->Y  R     BUFH_X16M_A9PP140ZTL_C30      11 102.5    21    18     543  (65.6800,111.5000) 
  FE_OCPC1451_FE_OFN3_enb_1_8_0_dup/Y             (@)     A->Y  F     INV_X11M_A9PP140ZTL_C30       10  22.1    11     9     552  (25.3600,113.3000) 
  g13658/Y                                        (@)     S0->Y R     MXT2_X3M_A9PP140ZTL_C30        1   1.0     5    15     567  (19.2000,121.4000) 
  pp_fir_7_1_1_Delay_Pipeline_reg_re_reg[26][2]/D -       -     R     DFFRPQ_X3M_A9PP140ZTL_C30      1     -     -     0     567  (16.1200,121.4000) 
#----------------------------------------------------------------------------------------------------------------------------------------------------

(#) : Net either has Non-default Routes or has been promoted to higher metal layers.
(@) : Annotated capacitance.



Path 38: MET (4 ps) Setup Check with Pin pp_fir_7_1_1_Delay_Pipeline_reg_re_reg[13][3]/CK->D
           View: view_wcl_fast
          Group: clk
     Startpoint: (R) enb_1_8_0
          Clock: (R) clk
       Endpoint: (F) pp_fir_7_1_1_Delay_Pipeline_reg_re_reg[13][3]/D
          Clock: (R) clk

                     Capture       Launch     
        Clock Edge:+     500            0     
        Drv Adjust:+       0            0     
       Src Latency:+       0            0     
       Net Latency:+     200 (I)      200 (I) 
           Arrival:=     700          200     
                                              
             Setup:-      24                  
       Uncertainty:-     125                  
     Required Time:=     551                  
      Launch Clock:-     200                  
       Input Delay:-     300                  
         Data Path:-      47                  
             Slack:=       4                  

Exceptions/Constraints:
  input_delay             300             functional_wcl_typic_1_line_1078 

#-----------------------------------------------------------------------------------------------------------------------------------------------------
#                  Timing Point                   Flags   Arc   Edge            Cell              Fanout Load Trans Delay Arrival       Instance      
#                                                                                                        (fF)  (ps)  (ps)   (ps)        Location      
#-----------------------------------------------------------------------------------------------------------------------------------------------------
  enb_1_8_0                                       (@)     -     R     (arrival)                       15 85.6     4     0     500               (-,-) 
  FE_RC_454_0/Y                                   (@)     A->Y  F     INV_X16M_A9PP140ZTL_C30          5 36.1     8     7     507  (101.1000,14.3000) 
  FE_RC_702_0/Y                                   (@)     A->Y  R     INV_X16M_A9PP140ZTL_C30          4 24.3     7     8     515  (100.5400,26.0000) 
  FE_OCPC1505_FE_OFN2_enb_1_8_0/Y                 (@)     A->Y  F     INV_X13M_A9PP140ZTL_C30          4 27.6     8     7     521   (99.8400,34.1000) 
  FE_OCPC1520_FE_OFN2_enb_1_8_0/Y                 (@)     A->Y  R     INV_X4M_A9PP140ZTL_C30           9 14.7    14    12     533   (77.5800,44.9000) 
  FE_RC_3437_0/Y                                  (@)     A->Y  F     NOR2_X4A_A9PP140ZTL_C30          1  0.8     6     4     537   (77.4400,52.1000) 
  FE_RC_3435_0/Y                                  (@)     BN->Y F     NAND2XB_X2M_A9PP140ZTL_C30       1  0.6     5    11     547   (77.4400,52.1000) 
  pp_fir_7_1_1_Delay_Pipeline_reg_re_reg[13][3]/D -       -     F     DFFRPQNA_X1M_A9PP140ZTL_C30      1    -     -     0     547   (76.7400,51.2000) 
#-----------------------------------------------------------------------------------------------------------------------------------------------------

(@) : Annotated capacitance.



Path 39: MET (4 ps) Setup Check with Pin pp_fir_7_1_1_Delay_Pipeline_reg_im_reg[11][4]/CK->D
           View: view_wcl_fast
          Group: clk
     Startpoint: (F) enb_1_8_0
          Clock: (R) clk
       Endpoint: (F) pp_fir_7_1_1_Delay_Pipeline_reg_im_reg[11][4]/D
          Clock: (R) clk

                     Capture       Launch     
        Clock Edge:+     500            0     
        Drv Adjust:+       0            0     
       Src Latency:+       0            0     
       Net Latency:+     200 (I)      200 (I) 
           Arrival:=     700          200     
                                              
             Setup:-      24                  
       Uncertainty:-     125                  
     Required Time:=     551                  
      Launch Clock:-     200                  
       Input Delay:-     300                  
         Data Path:-      47                  
             Slack:=       4                  

Exceptions/Constraints:
  input_delay             300             functional_wcl_typic_1_line_1078 

#-----------------------------------------------------------------------------------------------------------------------------------------------------
#                  Timing Point                   Flags   Arc   Edge            Cell              Fanout Load Trans Delay Arrival       Instance      
#                                                                                                        (fF)  (ps)  (ps)   (ps)        Location      
#-----------------------------------------------------------------------------------------------------------------------------------------------------
  enb_1_8_0                                       (@)     -     F     (arrival)                       15 85.2     4     0     500               (-,-) 
  FE_OCPC3282_enb_1_8_0/Y                         (@)     A->Y  F     BUFH_X16M_A9PP140ZTL_C30         3 17.0     5     8     508  (100.4000,-0.1000) 
  FE_OCPC1430_enb_1_8_0/Y                         (@)     A->Y  F     BUFH_X16M_A9PP140ZTL_C30         8 39.2     9    10     518  (101.3800,-0.1000) 
  FE_OCPC1577_enb_1_8_0/Y                         (#)     A->Y  R     INV_X16M_A9PP140ZTL_C30          7 57.9    14    12     530  (130.0800,-0.1000) 
  FE_OCPC1585_enb_1_8_0/Y                         (@)     A->Y  F     INV_X6M_A9PP140ZTL_C30           8 13.6    10     8     538   (187.9000,0.8000) 
  FE_RC_3242_0/Y                                  (@)     S0->Y F     MXIT2_X4M_A9PP140ZTL_C30         1  0.6     8     8     547   (197.9800,3.5000) 
  pp_fir_7_1_1_Delay_Pipeline_reg_im_reg[11][4]/D -       -     F     DFFRPQNA_X1M_A9PP140ZTL_C30      1    -     -     0     547   (197.2800,2.6000) 
#-----------------------------------------------------------------------------------------------------------------------------------------------------

(#) : Net either has Non-default Routes or has been promoted to higher metal layers.
(@) : Annotated capacitance.



Path 40: MET (4 ps) Setup Check with Pin pp_fir_7_1_1_Delay_Pipeline_reg_im_reg[8][6]/CK->D
           View: view_wcl_fast
          Group: clk
     Startpoint: (R) enb_1_8_0
          Clock: (R) clk
       Endpoint: (F) pp_fir_7_1_1_Delay_Pipeline_reg_im_reg[8][6]/D
          Clock: (R) clk

                     Capture       Launch     
        Clock Edge:+     500            0     
        Drv Adjust:+       0            0     
       Src Latency:+       0            0     
       Net Latency:+     200 (I)      200 (I) 
           Arrival:=     700          200     
                                              
             Setup:-      22                  
       Uncertainty:-     125                  
     Required Time:=     553                  
      Launch Clock:-     200                  
       Input Delay:-     300                  
         Data Path:-      49                  
             Slack:=       4                  

Exceptions/Constraints:
  input_delay             300             functional_wcl_typic_1_line_1078 

#---------------------------------------------------------------------------------------------------------------------------------------------------
#                 Timing Point                   Flags   Arc   Edge            Cell             Fanout Load Trans Delay Arrival       Instance      
#                                                                                                      (fF)  (ps)  (ps)   (ps)        Location      
#---------------------------------------------------------------------------------------------------------------------------------------------------
  enb_1_8_0                                      (@)     -     R     (arrival)                      15 85.6     4     0     500               (-,-) 
  FE_OCPC3282_enb_1_8_0/Y                        (@)     A->Y  R     BUFH_X16M_A9PP140ZTL_C30        3 17.0     5     8     508  (100.4000,-0.1000) 
  FE_OCPC1430_enb_1_8_0/Y                        (@)     A->Y  R     BUFH_X16M_A9PP140ZTL_C30        8 39.3     9    10     518  (101.3800,-0.1000) 
  FE_OCPC1580_enb_1_8_0/Y                        (@)     A->Y  R     BUF_X11M_A9PP140ZTL_C30        19 31.1    11    15     534  (133.8600,-0.1000) 
  g11619__2346/Y                                 (@)     S0->Y F     MXT2_X1P4M_A9PP140ZTL_C30       1  0.8     6    15     549  (142.9600,15.2000) 
  pp_fir_7_1_1_Delay_Pipeline_reg_im_reg[8][6]/D -       -     F     DFFRPQA_X1M_A9PP140ZTL_C30      1    -     -     0     549  (141.9800,14.3000) 
#---------------------------------------------------------------------------------------------------------------------------------------------------

(@) : Annotated capacitance.



Path 41: MET (4 ps) Setup Check with Pin pp_fir_7_1_1_Delay_Pipeline_reg_re_reg[28][7]/CK->D
           View: view_wcl_fast
          Group: clk
     Startpoint: (F) enb_1_8_0
          Clock: (R) clk
       Endpoint: (R) pp_fir_7_1_1_Delay_Pipeline_reg_re_reg[28][7]/D
          Clock: (R) clk

                     Capture       Launch     
        Clock Edge:+     500            0     
        Drv Adjust:+       0            0     
       Src Latency:+       0            0     
       Net Latency:+     200 (I)      200 (I) 
           Arrival:=     700          200     
                                              
             Setup:-       4                  
       Uncertainty:-     125                  
     Required Time:=     571                  
      Launch Clock:-     200                  
       Input Delay:-     300                  
         Data Path:-      67                  
             Slack:=       4                  

Exceptions/Constraints:
  input_delay             300             functional_wcl_typic_1_line_1078 

#----------------------------------------------------------------------------------------------------------------------------------------------------
#                  Timing Point                   Flags   Arc   Edge           Cell             Fanout  Load Trans Delay Arrival       Instance      
#                                                                                                       (fF)  (ps)  (ps)   (ps)        Location      
#----------------------------------------------------------------------------------------------------------------------------------------------------
  enb_1_8_0                                       (@)     -     F     (arrival)                     15  85.2     4     0     500               (-,-) 
  FE_RC_448_0/Y                                   (#)     A->Y  R     INV_X16M_A9PP140ZTL_C30        6  47.1    11    12     512   (99.8400,53.9000) 
  FE_OCPC1405_FE_OFN3_enb_1_8_0/Y                 (@)     A->Y  R     BUFH_X16M_A9PP140ZTL_C30       8  51.8    12    13     525  (68.6200,110.6000) 
  FE_RC_455_0/Y                                   (#)     A->Y  R     BUFH_X16M_A9PP140ZTL_C30      11 102.5    21    18     543  (65.6800,111.5000) 
  FE_OCPC1455_FE_OFN3_enb_1_8_0/Y                 (@)     A->Y  F     INV_X16M_A9PP140ZTL_C30       15  29.7    11     9     551   (9.9600,110.6000) 
  g13695/Y                                        (@)     S0->Y R     MXT2_X3M_A9PP140ZTL_C30        1   0.8     5    16     567   (4.2200,113.3000) 
  pp_fir_7_1_1_Delay_Pipeline_reg_re_reg[28][7]/D -       -     R     DFFRPQ_X3M_A9PP140ZTL_C30      1     -     -     0     567   (4.2200,112.4000) 
#----------------------------------------------------------------------------------------------------------------------------------------------------

(#) : Net either has Non-default Routes or has been promoted to higher metal layers.
(@) : Annotated capacitance.



Path 42: MET (4 ps) Setup Check with Pin pp_fir_7_1_1_sum1_3_re_1_reg[8]/CK->D
           View: view_wcl_fast
          Group: clk
     Startpoint: (F) enb_1_8_0
          Clock: (R) clk
       Endpoint: (R) pp_fir_7_1_1_sum1_3_re_1_reg[8]/D
          Clock: (R) clk

                     Capture       Launch     
        Clock Edge:+     500            0     
        Drv Adjust:+       0            0     
       Src Latency:+       0            0     
       Net Latency:+     200 (I)      200 (I) 
           Arrival:=     700          200     
                                              
             Setup:-       4                  
       Uncertainty:-     125                  
     Required Time:=     571                  
      Launch Clock:-     200                  
       Input Delay:-     300                  
         Data Path:-      67                  
             Slack:=       4                  

Exceptions/Constraints:
  input_delay             300             functional_wcl_typic_1_line_1078 

#----------------------------------------------------------------------------------------------------------------------------------------
#            Timing Point             Flags   Arc   Edge           Cell             Fanout  Load Trans Delay Arrival       Instance      
#                                                                                           (fF)  (ps)  (ps)   (ps)        Location      
#----------------------------------------------------------------------------------------------------------------------------------------
  enb_1_8_0                           (@)     -     F     (arrival)                     15  85.2     4     0     500               (-,-) 
  FE_RC_448_0/Y                       (#)     A->Y  R     INV_X16M_A9PP140ZTL_C30        6  47.1    11    12     512   (99.8400,53.9000) 
  FE_OCPC1405_FE_OFN3_enb_1_8_0/Y     (@)     A->Y  R     BUFH_X16M_A9PP140ZTL_C30       8  51.8    12    13     525  (68.6200,110.6000) 
  FE_RC_455_0/Y                       (#)     A->Y  R     BUFH_X16M_A9PP140ZTL_C30      11 102.5    21    18     543  (65.6800,111.5000) 
  FE_OCPC1451_FE_OFN3_enb_1_8_0_dup/Y (@)     A->Y  F     INV_X11M_A9PP140ZTL_C30       10  22.1    11     9     552  (25.3600,113.3000) 
  g11250__9315/Y                      (@)     S0->Y R     MXT2_X3M_A9PP140ZTL_C30        1   0.8     5    15     567  (15.1400,118.7000) 
  pp_fir_7_1_1_sum1_3_re_1_reg[8]/D   -       -     R     DFFRPQ_X3M_A9PP140ZTL_C30      1     -     -     0     567  (16.4000,118.7000) 
#----------------------------------------------------------------------------------------------------------------------------------------

(#) : Net either has Non-default Routes or has been promoted to higher metal layers.
(@) : Annotated capacitance.



Path 43: MET (4 ps) Setup Check with Pin pp_fir_7_1_1_sum1_3_re_1_reg[6]/CK->D
           View: view_wcl_fast
          Group: clk
     Startpoint: (F) enb_1_8_0
          Clock: (R) clk
       Endpoint: (R) pp_fir_7_1_1_sum1_3_re_1_reg[6]/D
          Clock: (R) clk

                     Capture       Launch     
        Clock Edge:+     500            0     
        Drv Adjust:+       0            0     
       Src Latency:+       0            0     
       Net Latency:+     200 (I)      200 (I) 
           Arrival:=     700          200     
                                              
             Setup:-       4                  
       Uncertainty:-     125                  
     Required Time:=     571                  
      Launch Clock:-     200                  
       Input Delay:-     300                  
         Data Path:-      67                  
             Slack:=       4                  

Exceptions/Constraints:
  input_delay             300             functional_wcl_typic_1_line_1078 

#----------------------------------------------------------------------------------------------------------------------------------------
#            Timing Point             Flags   Arc   Edge           Cell             Fanout  Load Trans Delay Arrival       Instance      
#                                                                                           (fF)  (ps)  (ps)   (ps)        Location      
#----------------------------------------------------------------------------------------------------------------------------------------
  enb_1_8_0                           (@)     -     F     (arrival)                     15  85.2     4     0     500               (-,-) 
  FE_RC_448_0/Y                       (#)     A->Y  R     INV_X16M_A9PP140ZTL_C30        6  47.1    11    12     512   (99.8400,53.9000) 
  FE_OCPC1405_FE_OFN3_enb_1_8_0/Y     (@)     A->Y  R     BUFH_X16M_A9PP140ZTL_C30       8  51.8    12    13     525  (68.6200,110.6000) 
  FE_RC_455_0/Y                       (#)     A->Y  R     BUFH_X16M_A9PP140ZTL_C30      11 102.5    21    18     543  (65.6800,111.5000) 
  FE_OCPC1451_FE_OFN3_enb_1_8_0_dup/Y (@)     A->Y  F     INV_X11M_A9PP140ZTL_C30       10  22.1    11     9     552  (25.3600,113.3000) 
  g11246__5115/Y                      (@)     S0->Y R     MXT2_X3M_A9PP140ZTL_C30        1   0.7     5    15     567  (16.1200,116.0000) 
  pp_fir_7_1_1_sum1_3_re_1_reg[6]/D   -       -     R     DFFRPQ_X3M_A9PP140ZTL_C30      1     -     -     0     567  (15.7000,115.1000) 
#----------------------------------------------------------------------------------------------------------------------------------------

(#) : Net either has Non-default Routes or has been promoted to higher metal layers.
(@) : Annotated capacitance.



Path 44: MET (4 ps) Setup Check with Pin pp_fir_7_1_1_Delay_Pipeline_reg_re_reg[26][3]/CK->D
           View: view_wcl_fast
          Group: clk
     Startpoint: (F) enb_1_8_0
          Clock: (R) clk
       Endpoint: (R) pp_fir_7_1_1_Delay_Pipeline_reg_re_reg[26][3]/D
          Clock: (R) clk

                     Capture       Launch     
        Clock Edge:+     500            0     
        Drv Adjust:+       0            0     
       Src Latency:+       0            0     
       Net Latency:+     200 (I)      200 (I) 
           Arrival:=     700          200     
                                              
             Setup:-       4                  
       Uncertainty:-     125                  
     Required Time:=     571                  
      Launch Clock:-     200                  
       Input Delay:-     300                  
         Data Path:-      67                  
             Slack:=       4                  

Exceptions/Constraints:
  input_delay             300             functional_wcl_typic_1_line_1078 

#----------------------------------------------------------------------------------------------------------------------------------------------------
#                  Timing Point                   Flags   Arc   Edge           Cell             Fanout  Load Trans Delay Arrival       Instance      
#                                                                                                       (fF)  (ps)  (ps)   (ps)        Location      
#----------------------------------------------------------------------------------------------------------------------------------------------------
  enb_1_8_0                                       (@)     -     F     (arrival)                     15  85.2     4     0     500               (-,-) 
  FE_RC_448_0/Y                                   (#)     A->Y  R     INV_X16M_A9PP140ZTL_C30        6  47.1    11    12     512   (99.8400,53.9000) 
  FE_OCPC1405_FE_OFN3_enb_1_8_0/Y                 (@)     A->Y  R     BUFH_X16M_A9PP140ZTL_C30       8  51.8    12    13     525  (68.6200,110.6000) 
  FE_RC_455_0/Y                                   (#)     A->Y  R     BUFH_X16M_A9PP140ZTL_C30      11 102.5    21    18     543  (65.6800,111.5000) 
  FE_OCPC1451_FE_OFN3_enb_1_8_0_dup/Y             (@)     A->Y  F     INV_X11M_A9PP140ZTL_C30       10  22.1    11     9     552  (25.3600,113.3000) 
  g13659/Y                                        (@)     S0->Y R     MXT2_X3M_A9PP140ZTL_C30        1   0.7     5    15     567  (16.9600,123.2000) 
  pp_fir_7_1_1_Delay_Pipeline_reg_re_reg[26][3]/D -       -     R     DFFRPQ_X3M_A9PP140ZTL_C30      1     -     -     0     567  (13.8800,123.2000) 
#----------------------------------------------------------------------------------------------------------------------------------------------------

(#) : Net either has Non-default Routes or has been promoted to higher metal layers.
(@) : Annotated capacitance.



Path 45: MET (4 ps) Setup Check with Pin pp_fir_7_1_1_Delay_Pipeline_reg_im_reg[24][14]/CK->D
           View: view_wcl_fast
          Group: clk
     Startpoint: (F) enb_1_8_0
          Clock: (R) clk
       Endpoint: (R) pp_fir_7_1_1_Delay_Pipeline_reg_im_reg[24][14]/D
          Clock: (R) clk

                     Capture       Launch     
        Clock Edge:+     500            0     
        Drv Adjust:+       0            0     
       Src Latency:+       0            0     
       Net Latency:+     200 (I)      200 (I) 
           Arrival:=     700          200     
                                              
             Setup:-       4                  
       Uncertainty:-     125                  
     Required Time:=     571                  
      Launch Clock:-     200                  
       Input Delay:-     300                  
         Data Path:-      67                  
             Slack:=       4                  

Exceptions/Constraints:
  input_delay             300             functional_wcl_typic_1_line_1078 

#------------------------------------------------------------------------------------------------------------------------------------------------------
#                  Timing Point                    Flags   Arc   Edge           Cell             Fanout  Load Trans Delay Arrival       Instance       
#                                                                                                        (fF)  (ps)  (ps)   (ps)        Location       
#------------------------------------------------------------------------------------------------------------------------------------------------------
  enb_1_8_0                                        (@)     -     F     (arrival)                     15  85.2     4     0     500                (-,-) 
  FE_RC_448_0/Y                                    (#)     A->Y  R     INV_X16M_A9PP140ZTL_C30        6  47.1    11    12     512    (99.8400,53.9000) 
  FE_OCPC1406_FE_OFN3_enb_1_8_0/Y                  (@)     A->Y  R     BUFH_X16M_A9PP140ZTL_C30      17 116.5    24    17     529  (145.9000,107.9000) 
  FE_OCPC1555_FE_OFN3_enb_1_8_0/Y                  (@)     A->Y  F     INV_X16M_A9PP140ZTL_C30       11  23.7    11    11     540  (150.5200,125.9000) 
  FE_OCPC1408_FE_OFN576_n/Y                        (@)     A->Y  F     BUF_X16M_A9PP140ZTL_C30       10  26.6     8    13     553  (150.3800,143.0000) 
  g12447/Y                                         (@)     S0->Y R     MXT2_X6M_A9PP140ZTL_C30        1   1.0     5    14     567  (146.4600,152.9000) 
  pp_fir_7_1_1_Delay_Pipeline_reg_im_reg[24][14]/D -       -     R     DFFRPQ_X3M_A9PP140ZTL_C30      1     -     -     0     567  (146.3200,152.0000) 
#------------------------------------------------------------------------------------------------------------------------------------------------------

(#) : Net either has Non-default Routes or has been promoted to higher metal layers.
(@) : Annotated capacitance.



Path 46: MET (4 ps) Setup Check with Pin pp_fir_7_1_1_Delay_Pipeline_reg_im_reg[23][15]/CK->D
           View: view_wcl_fast
          Group: clk
     Startpoint: (F) enb_1_8_0
          Clock: (R) clk
       Endpoint: (R) pp_fir_7_1_1_Delay_Pipeline_reg_im_reg[23][15]/D
          Clock: (R) clk

                     Capture       Launch     
        Clock Edge:+     500            0     
        Drv Adjust:+       0            0     
       Src Latency:+       0            0     
       Net Latency:+     200 (I)      200 (I) 
           Arrival:=     700          200     
                                              
             Setup:-       4                  
       Uncertainty:-     125                  
     Required Time:=     571                  
      Launch Clock:-     200                  
       Input Delay:-     300                  
         Data Path:-      67                  
             Slack:=       4                  

Exceptions/Constraints:
  input_delay             300             functional_wcl_typic_1_line_1078 

#------------------------------------------------------------------------------------------------------------------------------------------------------
#                  Timing Point                    Flags   Arc   Edge           Cell             Fanout  Load Trans Delay Arrival       Instance       
#                                                                                                        (fF)  (ps)  (ps)   (ps)        Location       
#------------------------------------------------------------------------------------------------------------------------------------------------------
  enb_1_8_0                                        (@)     -     F     (arrival)                     15  85.2     4     0     500                (-,-) 
  FE_RC_448_0/Y                                    (#)     A->Y  R     INV_X16M_A9PP140ZTL_C30        6  47.1    11    12     512    (99.8400,53.9000) 
  FE_OCPC1406_FE_OFN3_enb_1_8_0/Y                  (@)     A->Y  R     BUFH_X16M_A9PP140ZTL_C30      17 116.5    24    17     529  (145.9000,107.9000) 
  FE_OCPC1555_FE_OFN3_enb_1_8_0/Y                  (@)     A->Y  F     INV_X16M_A9PP140ZTL_C30       11  23.7    11    11     540  (150.5200,125.9000) 
  FE_OCPC1408_FE_OFN576_n/Y                        (@)     A->Y  F     BUF_X16M_A9PP140ZTL_C30       10  26.6     8    13     553  (150.3800,143.0000) 
  g45586/Y                                         (@)     S0->Y R     MXT2_X6M_A9PP140ZTL_C30        1   0.7     6    14     567  (154.5800,154.7000) 
  pp_fir_7_1_1_Delay_Pipeline_reg_im_reg[23][15]/D -       -     R     DFFRPQ_X3M_A9PP140ZTL_C30      1     -     -     0     567  (152.3400,155.6000) 
#------------------------------------------------------------------------------------------------------------------------------------------------------

(#) : Net either has Non-default Routes or has been promoted to higher metal layers.
(@) : Annotated capacitance.



Path 47: MET (4 ps) Setup Check with Pin pp_fir_7_1_1_Delay_Pipeline_reg_im_reg[23][14]/CK->D
           View: view_wcl_fast
          Group: clk
     Startpoint: (F) enb_1_8_0
          Clock: (R) clk
       Endpoint: (R) pp_fir_7_1_1_Delay_Pipeline_reg_im_reg[23][14]/D
          Clock: (R) clk

                     Capture       Launch     
        Clock Edge:+     500            0     
        Drv Adjust:+       0            0     
       Src Latency:+       0            0     
       Net Latency:+     200 (I)      200 (I) 
           Arrival:=     700          200     
                                              
             Setup:-       4                  
       Uncertainty:-     125                  
     Required Time:=     571                  
      Launch Clock:-     200                  
       Input Delay:-     300                  
         Data Path:-      67                  
             Slack:=       4                  

Exceptions/Constraints:
  input_delay             300             functional_wcl_typic_1_line_1078 

#------------------------------------------------------------------------------------------------------------------------------------------------------
#                  Timing Point                    Flags   Arc   Edge           Cell             Fanout  Load Trans Delay Arrival       Instance       
#                                                                                                        (fF)  (ps)  (ps)   (ps)        Location       
#------------------------------------------------------------------------------------------------------------------------------------------------------
  enb_1_8_0                                        (@)     -     F     (arrival)                     15  85.2     4     0     500                (-,-) 
  FE_RC_448_0/Y                                    (#)     A->Y  R     INV_X16M_A9PP140ZTL_C30        6  47.1    11    12     512    (99.8400,53.9000) 
  FE_OCPC1406_FE_OFN3_enb_1_8_0/Y                  (@)     A->Y  R     BUFH_X16M_A9PP140ZTL_C30      17 116.5    24    17     529  (145.9000,107.9000) 
  FE_OCPC1555_FE_OFN3_enb_1_8_0/Y                  (@)     A->Y  F     INV_X16M_A9PP140ZTL_C30       11  23.7    11    11     540  (150.5200,125.9000) 
  FE_OCPC1408_FE_OFN576_n/Y                        (@)     A->Y  F     BUF_X16M_A9PP140ZTL_C30       10  26.6     8    13     553  (150.3800,143.0000) 
  g12398/Y                                         (@)     S0->Y R     MXT2_X6M_A9PP140ZTL_C30        1   0.7     5    14     567  (151.9200,152.0000) 
  pp_fir_7_1_1_Delay_Pipeline_reg_im_reg[23][14]/D -       -     R     DFFRPQ_X3M_A9PP140ZTL_C30      1     -     -     0     567  (153.1800,152.0000) 
#------------------------------------------------------------------------------------------------------------------------------------------------------

(#) : Net either has Non-default Routes or has been promoted to higher metal layers.
(@) : Annotated capacitance.



Path 48: MET (4 ps) Setup Check with Pin pp_fir_7_1_1_Delay_Pipeline_reg_im_reg[23][13]/CK->D
           View: view_wcl_fast
          Group: clk
     Startpoint: (F) enb_1_8_0
          Clock: (R) clk
       Endpoint: (R) pp_fir_7_1_1_Delay_Pipeline_reg_im_reg[23][13]/D
          Clock: (R) clk

                     Capture       Launch     
        Clock Edge:+     500            0     
        Drv Adjust:+       0            0     
       Src Latency:+       0            0     
       Net Latency:+     200 (I)      200 (I) 
           Arrival:=     700          200     
                                              
             Setup:-       4                  
       Uncertainty:-     125                  
     Required Time:=     571                  
      Launch Clock:-     200                  
       Input Delay:-     300                  
         Data Path:-      67                  
             Slack:=       4                  

Exceptions/Constraints:
  input_delay             300             functional_wcl_typic_1_line_1078 

#------------------------------------------------------------------------------------------------------------------------------------------------------
#                  Timing Point                    Flags   Arc   Edge           Cell             Fanout  Load Trans Delay Arrival       Instance       
#                                                                                                        (fF)  (ps)  (ps)   (ps)        Location       
#------------------------------------------------------------------------------------------------------------------------------------------------------
  enb_1_8_0                                        (@)     -     F     (arrival)                     15  85.2     4     0     500                (-,-) 
  FE_RC_448_0/Y                                    (#)     A->Y  R     INV_X16M_A9PP140ZTL_C30        6  47.1    11    12     512    (99.8400,53.9000) 
  FE_OCPC1406_FE_OFN3_enb_1_8_0/Y                  (@)     A->Y  R     BUFH_X16M_A9PP140ZTL_C30      17 116.5    24    17     529  (145.9000,107.9000) 
  FE_OCPC1555_FE_OFN3_enb_1_8_0/Y                  (@)     A->Y  F     INV_X16M_A9PP140ZTL_C30       11  23.7    11    11     540  (150.5200,125.9000) 
  FE_OCPC1408_FE_OFN576_n/Y                        (@)     A->Y  F     BUF_X16M_A9PP140ZTL_C30       10  26.6     8    13     553  (150.3800,143.0000) 
  g51885/Y                                         (@)     S0->Y R     MXT2_X6M_A9PP140ZTL_C30        1   0.7     5    14     567  (152.0600,153.8000) 
  pp_fir_7_1_1_Delay_Pipeline_reg_im_reg[23][13]/D -       -     R     DFFRPQ_X3M_A9PP140ZTL_C30      1     -     -     0     567  (154.1600,153.8000) 
#------------------------------------------------------------------------------------------------------------------------------------------------------

(#) : Net either has Non-default Routes or has been promoted to higher metal layers.
(@) : Annotated capacitance.



Path 49: MET (4 ps) Setup Check with Pin pp_fir_7_1_1_Delay_Pipeline_reg_im_reg[8][4]/CK->D
           View: view_wcl_fast
          Group: clk
     Startpoint: (R) enb_1_8_0
          Clock: (R) clk
       Endpoint: (F) pp_fir_7_1_1_Delay_Pipeline_reg_im_reg[8][4]/D
          Clock: (R) clk

                     Capture       Launch     
        Clock Edge:+     500            0     
        Drv Adjust:+       0            0     
       Src Latency:+       0            0     
       Net Latency:+     200 (I)      200 (I) 
           Arrival:=     700          200     
                                              
             Setup:-      22                  
       Uncertainty:-     125                  
     Required Time:=     553                  
      Launch Clock:-     200                  
       Input Delay:-     300                  
         Data Path:-      49                  
             Slack:=       4                  

Exceptions/Constraints:
  input_delay             300             functional_wcl_typic_1_line_1078 

#---------------------------------------------------------------------------------------------------------------------------------------------------
#                 Timing Point                   Flags   Arc   Edge            Cell             Fanout Load Trans Delay Arrival       Instance      
#                                                                                                      (fF)  (ps)  (ps)   (ps)        Location      
#---------------------------------------------------------------------------------------------------------------------------------------------------
  enb_1_8_0                                      (@)     -     R     (arrival)                      15 85.6     4     0     500               (-,-) 
  FE_OCPC3282_enb_1_8_0/Y                        (@)     A->Y  R     BUFH_X16M_A9PP140ZTL_C30        3 17.0     5     8     508  (100.4000,-0.1000) 
  FE_OCPC1430_enb_1_8_0/Y                        (@)     A->Y  R     BUFH_X16M_A9PP140ZTL_C30        8 39.3     9    10     518  (101.3800,-0.1000) 
  FE_OCPC1580_enb_1_8_0/Y                        (@)     A->Y  R     BUF_X11M_A9PP140ZTL_C30        19 31.1    11    15     534  (133.8600,-0.1000) 
  g23461/Y                                       (@)     S0->Y F     MXT2_X1P4M_A9PP140ZTL_C30       1  0.7     6    15     549  (142.6800,12.5000) 
  pp_fir_7_1_1_Delay_Pipeline_reg_im_reg[8][4]/D -       -     F     DFFRPQA_X1M_A9PP140ZTL_C30      1    -     -     0     549  (141.8400,11.6000) 
#---------------------------------------------------------------------------------------------------------------------------------------------------

(@) : Annotated capacitance.



Path 50: MET (4 ps) Setup Check with Pin pp_fir_7_1_1_Delay_Pipeline_reg_re_reg[28][5]/CK->D
           View: view_wcl_fast
          Group: clk
     Startpoint: (F) enb_1_8_0
          Clock: (R) clk
       Endpoint: (R) pp_fir_7_1_1_Delay_Pipeline_reg_re_reg[28][5]/D
          Clock: (R) clk

                     Capture       Launch     
        Clock Edge:+     500            0     
        Drv Adjust:+       0            0     
       Src Latency:+       0            0     
       Net Latency:+     200 (I)      200 (I) 
           Arrival:=     700          200     
                                              
             Setup:-       4                  
       Uncertainty:-     125                  
     Required Time:=     571                  
      Launch Clock:-     200                  
       Input Delay:-     300                  
         Data Path:-      67                  
             Slack:=       4                  

Exceptions/Constraints:
  input_delay             300             functional_wcl_typic_1_line_1078 

#----------------------------------------------------------------------------------------------------------------------------------------------------
#                  Timing Point                   Flags   Arc   Edge           Cell             Fanout  Load Trans Delay Arrival       Instance      
#                                                                                                       (fF)  (ps)  (ps)   (ps)        Location      
#----------------------------------------------------------------------------------------------------------------------------------------------------
  enb_1_8_0                                       (@)     -     F     (arrival)                     15  85.2     4     0     500               (-,-) 
  FE_RC_448_0/Y                                   (#)     A->Y  R     INV_X16M_A9PP140ZTL_C30        6  47.1    11    12     512   (99.8400,53.9000) 
  FE_OCPC1405_FE_OFN3_enb_1_8_0/Y                 (@)     A->Y  R     BUFH_X16M_A9PP140ZTL_C30       8  51.8    12    13     525  (68.6200,110.6000) 
  FE_RC_455_0/Y                                   (#)     A->Y  R     BUFH_X16M_A9PP140ZTL_C30      11 102.5    21    18     543  (65.6800,111.5000) 
  FE_OCPC1455_FE_OFN3_enb_1_8_0/Y                 (@)     A->Y  F     INV_X16M_A9PP140ZTL_C30       15  29.7    11     9     551   (9.9600,110.6000) 
  g13693/Y                                        (@)     S0->Y R     MXT2_X3M_A9PP140ZTL_C30        1   0.7     5    15     567   (3.8000,110.6000) 
  pp_fir_7_1_1_Delay_Pipeline_reg_re_reg[28][5]/D -       -     R     DFFRPQ_X3M_A9PP140ZTL_C30      1     -     -     0     567   (1.4200,109.7000) 
#----------------------------------------------------------------------------------------------------------------------------------------------------

(#) : Net either has Non-default Routes or has been promoted to higher metal layers.
(@) : Annotated capacitance.

