============================================================
  Generated by:           Genus(TM) Synthesis Solution 23.10-p004_1
  Generated on:           Feb 17 2025  08:34:22 pm
  Module:                 pp_fir_u_7
  Operating conditions:   ssg_cworstt_max_0p81v_125c 
  Operating conditions:   ffg_cbestt_min_0p99v_m40c 
  Operating conditions:   tt_ctypical_max_0p90v_25c 
  Interconnect mode:      spatial
  Area mode:              physical library
============================================================


Path 1: VIOLATED (-19 ps) Setup Check with Pin pp_fir_7_1_1_sum1_9_re_1_reg[30]/clk->d
           View: view_wcl_slow
          Group: clk
     Startpoint: (R) pp_fir_7_1_1_Delay_Pipeline_reg_re_reg[15][2]/clk
          Clock: (R) clk
       Endpoint: (R) pp_fir_7_1_1_sum1_9_re_1_reg[30]/d
          Clock: (R) clk

                     Capture       Launch     
        Clock Edge:+     500            0     
       Src Latency:+       0            0     
       Net Latency:+     200 (I)      200 (I) 
           Arrival:=     700          200     
                                              
             Setup:-      10                  
       Uncertainty:-     125                  
     Required Time:=     565                  
      Launch Clock:-     200                  
         Data Path:-     384                  
             Slack:=     -19                  

#-----------------------------------------------------------------------------------------------------------------------------------------------
#                   Timing Point                     Flags    Arc    Edge       Cell         Fanout Load Trans Delay Arrival      Instance      
#                                                                                                   (fF)  (ps)  (ps)   (ps)       Location      
#-----------------------------------------------------------------------------------------------------------------------------------------------
  pp_fir_7_1_1_Delay_Pipeline_reg_re_reg[15][2]/clk  -       -       R     (arrival)           3622    -    25     0     200              (-,-) 
  pp_fir_7_1_1_Delay_Pipeline_reg_re_reg[15][2]/q    (u)     clk->q  R     unmapped_d_flop       13 15.6     0    70     270  (47.7935,68.0130) 
  pp_fir_7_1_1_csa_tree_ADD_TC_OP_groupi3973/g5388/z (u)     in_0->z R     unmapped_xor2          1  1.2     0    18     288  (52.5895,61.8245) 
  pp_fir_7_1_1_csa_tree_ADD_TC_OP_groupi3973/g5500/z (u)     in_0->z R     unmapped_xor2          3  3.6     0    21     308  (52.9235,60.9415) 
  pp_fir_7_1_1_csa_tree_ADD_TC_OP_groupi3973/g5655/z (u)     in_1->z F     unmapped_complex3      1  1.1     0    18     326  (53.5470,58.8920) 
  pp_fir_7_1_1_csa_tree_ADD_TC_OP_groupi3973/g5647/z (u)     in_0->z R     unmapped_complex3      2  2.4     0    10     336  (54.9125,59.1060) 
  pp_fir_7_1_1_csa_tree_ADD_TC_OP_groupi3973/g5842/z (u)     in_2->z R     unmapped_complex3      2  2.4     0    19     356  (56.1940,57.8650) 
  pp_fir_7_1_1_csa_tree_ADD_TC_OP_groupi3973/g5944/z (u)     in_2->z R     unmapped_complex3      2  2.4     0    19     375  (57.2605,57.1195) 
  pp_fir_7_1_1_csa_tree_ADD_TC_OP_groupi3973/g5992/z (u)     in_2->z R     unmapped_complex3      2  2.4     0    19     394  (55.3850,55.4135) 
  pp_fir_7_1_1_csa_tree_ADD_TC_OP_groupi3973/g6037/z (u)     in_2->z R     unmapped_complex3      2  2.4     0    19     413  (52.9305,56.1155) 
  pp_fir_7_1_1_csa_tree_ADD_TC_OP_groupi3973/g6062/z (u)     in_2->z R     unmapped_complex3      4  4.8     0    22     435  (50.2015,54.9015) 
  pp_fir_7_1_1_csa_tree_ADD_TC_OP_groupi3973/g6072/z (u)     in_0->z F     unmapped_complex4      1  1.1     0    20     455  (44.9910,55.1065) 
  pp_fir_7_1_1_csa_tree_ADD_TC_OP_groupi3973/g6090/z (u)     in_0->z R     unmapped_nand3         4  4.8     0    19     474  (44.9325,56.9895) 
  pp_fir_7_1_1_csa_tree_ADD_TC_OP_groupi3973/g6103/z (u)     in_1->z R     unmapped_complex4     15 18.0     0    36     511  (57.1165,66.2665) 
  pp_fir_7_1_1_csa_tree_ADD_TC_OP_groupi3973/g6119/z (u)     in_0->z F     unmapped_complex3      1  1.1     0    15     525  (73.1285,89.1115) 
  pp_fir_7_1_1_csa_tree_ADD_TC_OP_groupi3973/g6111/z (u)     in_0->z R     unmapped_complex4      1  1.2     0    15     540  (71.6640,89.8655) 
  pp_fir_7_1_1_csa_tree_ADD_TC_OP_groupi3973/g6155/z (u)     in_0->z R     unmapped_complex3      1  1.2     0     9     549  (72.1325,90.8565) 
  pp_fir_7_1_1_csa_tree_ADD_TC_OP_groupi3973/g6171/z (u)     in_0->z R     unmapped_xnor2         1  1.2     0    18     566  (72.4815,92.3660) 
  pp_fir_7_1_1_g6075/z                               (u)     in_1->z R     unmapped_complex3      1  1.2     0    18     584  (73.6135,91.2365) 
  pp_fir_7_1_1_sum1_9_re_1_reg[30]/d                 -       -       R     unmapped_d_flop        1    -     -     0     584  (73.5855,92.1160) 
#-----------------------------------------------------------------------------------------------------------------------------------------------

(u) : Net has unmapped pin(s).



Path 2: VIOLATED (-19 ps) Setup Check with Pin pp_fir_7_1_1_sum1_9_im_1_reg[30]/clk->d
           View: view_wcl_slow
          Group: clk
     Startpoint: (R) pp_fir_7_1_1_Delay_Pipeline_reg_im_reg[15][2]/clk
          Clock: (R) clk
       Endpoint: (R) pp_fir_7_1_1_sum1_9_im_1_reg[30]/d
          Clock: (R) clk

                     Capture       Launch     
        Clock Edge:+     500            0     
       Src Latency:+       0            0     
       Net Latency:+     200 (I)      200 (I) 
           Arrival:=     700          200     
                                              
             Setup:-      10                  
       Uncertainty:-     125                  
     Required Time:=     565                  
      Launch Clock:-     200                  
         Data Path:-     384                  
             Slack:=     -19                  

#------------------------------------------------------------------------------------------------------------------------------------------------
#                   Timing Point                     Flags    Arc    Edge       Cell         Fanout Load Trans Delay Arrival       Instance      
#                                                                                                   (fF)  (ps)  (ps)   (ps)        Location      
#------------------------------------------------------------------------------------------------------------------------------------------------
  pp_fir_7_1_1_Delay_Pipeline_reg_im_reg[15][2]/clk  -       -       R     (arrival)           3622    -    25     0     200               (-,-) 
  pp_fir_7_1_1_Delay_Pipeline_reg_im_reg[15][2]/q    (u)     clk->q  R     unmapped_d_flop       13 15.6     0    70     270  (186.1450,79.8415) 
  pp_fir_7_1_1_csa_tree_ADD_TC_OP_groupi3972/g5388/z (u)     in_0->z R     unmapped_xor2          1  1.2     0    18     288  (189.0875,78.3490) 
  pp_fir_7_1_1_csa_tree_ADD_TC_OP_groupi3972/g5500/z (u)     in_0->z R     unmapped_xor2          3  3.6     0    21     308  (188.5010,77.3485) 
  pp_fir_7_1_1_csa_tree_ADD_TC_OP_groupi3972/g5655/z (u)     in_1->z F     unmapped_complex3      1  1.1     0    18     326  (189.9190,77.3960) 
  pp_fir_7_1_1_csa_tree_ADD_TC_OP_groupi3972/g5647/z (u)     in_0->z R     unmapped_complex3      2  2.4     0    10     336  (190.0705,76.4310) 
  pp_fir_7_1_1_csa_tree_ADD_TC_OP_groupi3972/g5842/z (u)     in_2->z R     unmapped_complex3      2  2.4     0    19     356  (191.7980,72.6450) 
  pp_fir_7_1_1_csa_tree_ADD_TC_OP_groupi3972/g5944/z (u)     in_2->z R     unmapped_complex3      2  2.4     0    19     375  (195.7895,72.2585) 
  pp_fir_7_1_1_csa_tree_ADD_TC_OP_groupi3972/g5992/z (u)     in_2->z R     unmapped_complex3      2  2.4     0    19     394  (197.7625,73.6285) 
  pp_fir_7_1_1_csa_tree_ADD_TC_OP_groupi3972/g6037/z (u)     in_2->z R     unmapped_complex3      2  2.4     0    19     413  (200.7640,74.7010) 
  pp_fir_7_1_1_csa_tree_ADD_TC_OP_groupi3972/g6062/z (u)     in_2->z R     unmapped_complex3      4  4.8     0    22     435  (202.5540,76.7335) 
  pp_fir_7_1_1_csa_tree_ADD_TC_OP_groupi3972/g6072/z (u)     in_0->z F     unmapped_complex4      1  1.1     0    20     455  (205.0615,83.7605) 
  pp_fir_7_1_1_csa_tree_ADD_TC_OP_groupi3972/g6090/z (u)     in_0->z R     unmapped_nand3         4  4.8     0    19     474  (205.4555,85.8480) 
  pp_fir_7_1_1_csa_tree_ADD_TC_OP_groupi3972/g6103/z (u)     in_1->z R     unmapped_complex4     15 18.0     0    36     511  (199.5150,91.3300) 
  pp_fir_7_1_1_csa_tree_ADD_TC_OP_groupi3972/g6119/z (u)     in_0->z F     unmapped_complex3      1  1.1     0    15     525  (163.0450,76.3200) 
  pp_fir_7_1_1_csa_tree_ADD_TC_OP_groupi3972/g6111/z (u)     in_0->z R     unmapped_complex4      1  1.2     0    15     540  (162.0030,77.4840) 
  pp_fir_7_1_1_csa_tree_ADD_TC_OP_groupi3972/g6155/z (u)     in_0->z R     unmapped_complex3      1  1.2     0     9     549  (161.6000,76.5440) 
  pp_fir_7_1_1_csa_tree_ADD_TC_OP_groupi3972/g6171/z (u)     in_0->z R     unmapped_xnor2         1  1.2     0    18     566  (160.2420,77.0635) 
  pp_fir_7_1_1_g6087/z                               (u)     in_1->z R     unmapped_complex3      1  1.2     0    18     584  (159.1420,76.2910) 
  pp_fir_7_1_1_sum1_9_im_1_reg[30]/d                 -       -       R     unmapped_d_flop        1    -     -     0     584  (157.8230,75.3235) 
#------------------------------------------------------------------------------------------------------------------------------------------------

(u) : Net has unmapped pin(s).



Path 3: VIOLATED (-13 ps) Setup Check with Pin pp_fir_7_1_1_sum1_9_re_1_reg[29]/clk->d
           View: view_wcl_slow
          Group: clk
     Startpoint: (R) pp_fir_7_1_1_Delay_Pipeline_reg_re_reg[15][2]/clk
          Clock: (R) clk
       Endpoint: (R) pp_fir_7_1_1_sum1_9_re_1_reg[29]/d
          Clock: (R) clk

                     Capture       Launch     
        Clock Edge:+     500            0     
       Src Latency:+       0            0     
       Net Latency:+     200 (I)      200 (I) 
           Arrival:=     700          200     
                                              
             Setup:-      10                  
       Uncertainty:-     125                  
     Required Time:=     565                  
      Launch Clock:-     200                  
         Data Path:-     378                  
             Slack:=     -13                  

#-----------------------------------------------------------------------------------------------------------------------------------------------
#                   Timing Point                     Flags    Arc    Edge       Cell         Fanout Load Trans Delay Arrival      Instance      
#                                                                                                   (fF)  (ps)  (ps)   (ps)       Location      
#-----------------------------------------------------------------------------------------------------------------------------------------------
  pp_fir_7_1_1_Delay_Pipeline_reg_re_reg[15][2]/clk  -       -       R     (arrival)           3622    -    25     0     200              (-,-) 
  pp_fir_7_1_1_Delay_Pipeline_reg_re_reg[15][2]/q    (u)     clk->q  R     unmapped_d_flop       13 15.6     0    70     270  (47.7935,68.0130) 
  pp_fir_7_1_1_csa_tree_ADD_TC_OP_groupi3973/g5388/z (u)     in_0->z R     unmapped_xor2          1  1.2     0    18     288  (52.5895,61.8245) 
  pp_fir_7_1_1_csa_tree_ADD_TC_OP_groupi3973/g5500/z (u)     in_0->z R     unmapped_xor2          3  3.6     0    21     308  (52.9235,60.9415) 
  pp_fir_7_1_1_csa_tree_ADD_TC_OP_groupi3973/g5655/z (u)     in_1->z F     unmapped_complex3      1  1.1     0    18     326  (53.5470,58.8920) 
  pp_fir_7_1_1_csa_tree_ADD_TC_OP_groupi3973/g5647/z (u)     in_0->z R     unmapped_complex3      2  2.4     0    10     336  (54.9125,59.1060) 
  pp_fir_7_1_1_csa_tree_ADD_TC_OP_groupi3973/g5842/z (u)     in_2->z R     unmapped_complex3      2  2.4     0    19     356  (56.1940,57.8650) 
  pp_fir_7_1_1_csa_tree_ADD_TC_OP_groupi3973/g5944/z (u)     in_2->z R     unmapped_complex3      2  2.4     0    19     375  (57.2605,57.1195) 
  pp_fir_7_1_1_csa_tree_ADD_TC_OP_groupi3973/g5992/z (u)     in_2->z R     unmapped_complex3      2  2.4     0    19     394  (55.3850,55.4135) 
  pp_fir_7_1_1_csa_tree_ADD_TC_OP_groupi3973/g6037/z (u)     in_2->z R     unmapped_complex3      2  2.4     0    19     413  (52.9305,56.1155) 
  pp_fir_7_1_1_csa_tree_ADD_TC_OP_groupi3973/g6062/z (u)     in_2->z R     unmapped_complex3      4  4.8     0    22     435  (50.2015,54.9015) 
  pp_fir_7_1_1_csa_tree_ADD_TC_OP_groupi3973/g6072/z (u)     in_0->z F     unmapped_complex4      1  1.1     0    20     455  (44.9910,55.1065) 
  pp_fir_7_1_1_csa_tree_ADD_TC_OP_groupi3973/g6090/z (u)     in_0->z R     unmapped_nand3         4  4.8     0    19     474  (44.9325,56.9895) 
  pp_fir_7_1_1_csa_tree_ADD_TC_OP_groupi3973/g6103/z (u)     in_1->z R     unmapped_complex4     15 18.0     0    36     511  (57.1165,66.2665) 
  pp_fir_7_1_1_csa_tree_ADD_TC_OP_groupi3973/g6135/z (u)     in_1->z R     unmapped_complex4      1  1.2     0    23     534  (74.4935,89.4695) 
  pp_fir_7_1_1_csa_tree_ADD_TC_OP_groupi3973/g6151/z (u)     in_0->z R     unmapped_complex3      1  1.2     0     9     543  (74.6290,90.4820) 
  pp_fir_7_1_1_csa_tree_ADD_TC_OP_groupi3973/g6168/z (u)     in_0->z R     unmapped_xnor2         1  1.2     0    18     561  (75.8495,90.2655) 
  pp_fir_7_1_1_g5827/z                               (u)     in_2->z R     unmapped_complex3      1  1.2     0    18     578  (77.3575,90.3420) 
  pp_fir_7_1_1_sum1_9_re_1_reg[29]/d                 -       -       R     unmapped_d_flop        1    -     -     0     578  (75.2195,91.2625) 
#-----------------------------------------------------------------------------------------------------------------------------------------------

(u) : Net has unmapped pin(s).



Path 4: VIOLATED (-13 ps) Setup Check with Pin pp_fir_7_1_1_sum1_9_re_1_reg[28]/clk->d
           View: view_wcl_slow
          Group: clk
     Startpoint: (R) pp_fir_7_1_1_Delay_Pipeline_reg_re_reg[15][2]/clk
          Clock: (R) clk
       Endpoint: (R) pp_fir_7_1_1_sum1_9_re_1_reg[28]/d
          Clock: (R) clk

                     Capture       Launch     
        Clock Edge:+     500            0     
       Src Latency:+       0            0     
       Net Latency:+     200 (I)      200 (I) 
           Arrival:=     700          200     
                                              
             Setup:-      10                  
       Uncertainty:-     125                  
     Required Time:=     565                  
      Launch Clock:-     200                  
         Data Path:-     378                  
             Slack:=     -13                  

#-----------------------------------------------------------------------------------------------------------------------------------------------
#                   Timing Point                     Flags    Arc    Edge       Cell         Fanout Load Trans Delay Arrival      Instance      
#                                                                                                   (fF)  (ps)  (ps)   (ps)       Location      
#-----------------------------------------------------------------------------------------------------------------------------------------------
  pp_fir_7_1_1_Delay_Pipeline_reg_re_reg[15][2]/clk  -       -       R     (arrival)           3622    -    25     0     200              (-,-) 
  pp_fir_7_1_1_Delay_Pipeline_reg_re_reg[15][2]/q    (u)     clk->q  R     unmapped_d_flop       13 15.6     0    70     270  (47.7935,68.0130) 
  pp_fir_7_1_1_csa_tree_ADD_TC_OP_groupi3973/g5388/z (u)     in_0->z R     unmapped_xor2          1  1.2     0    18     288  (52.5895,61.8245) 
  pp_fir_7_1_1_csa_tree_ADD_TC_OP_groupi3973/g5500/z (u)     in_0->z R     unmapped_xor2          3  3.6     0    21     308  (52.9235,60.9415) 
  pp_fir_7_1_1_csa_tree_ADD_TC_OP_groupi3973/g5655/z (u)     in_1->z F     unmapped_complex3      1  1.1     0    18     326  (53.5470,58.8920) 
  pp_fir_7_1_1_csa_tree_ADD_TC_OP_groupi3973/g5647/z (u)     in_0->z R     unmapped_complex3      2  2.4     0    10     336  (54.9125,59.1060) 
  pp_fir_7_1_1_csa_tree_ADD_TC_OP_groupi3973/g5842/z (u)     in_2->z R     unmapped_complex3      2  2.4     0    19     356  (56.1940,57.8650) 
  pp_fir_7_1_1_csa_tree_ADD_TC_OP_groupi3973/g5944/z (u)     in_2->z R     unmapped_complex3      2  2.4     0    19     375  (57.2605,57.1195) 
  pp_fir_7_1_1_csa_tree_ADD_TC_OP_groupi3973/g5992/z (u)     in_2->z R     unmapped_complex3      2  2.4     0    19     394  (55.3850,55.4135) 
  pp_fir_7_1_1_csa_tree_ADD_TC_OP_groupi3973/g6037/z (u)     in_2->z R     unmapped_complex3      2  2.4     0    19     413  (52.9305,56.1155) 
  pp_fir_7_1_1_csa_tree_ADD_TC_OP_groupi3973/g6062/z (u)     in_2->z R     unmapped_complex3      4  4.8     0    22     435  (50.2015,54.9015) 
  pp_fir_7_1_1_csa_tree_ADD_TC_OP_groupi3973/g6072/z (u)     in_0->z F     unmapped_complex4      1  1.1     0    20     455  (44.9910,55.1065) 
  pp_fir_7_1_1_csa_tree_ADD_TC_OP_groupi3973/g6090/z (u)     in_0->z R     unmapped_nand3         4  4.8     0    19     474  (44.9325,56.9895) 
  pp_fir_7_1_1_csa_tree_ADD_TC_OP_groupi3973/g6103/z (u)     in_1->z R     unmapped_complex4     15 18.0     0    36     511  (57.1165,66.2665) 
  pp_fir_7_1_1_csa_tree_ADD_TC_OP_groupi3973/g6138/z (u)     in_1->z R     unmapped_complex4      1  1.2     0    23     534  (74.7980,88.4260) 
  pp_fir_7_1_1_csa_tree_ADD_TC_OP_groupi3973/g6153/z (u)     in_0->z R     unmapped_complex3      1  1.2     0     9     543  (76.0905,89.2005) 
  pp_fir_7_1_1_csa_tree_ADD_TC_OP_groupi3973/g6177/z (u)     in_0->z R     unmapped_xnor2         1  1.2     0    18     561  (77.0795,89.3115) 
  pp_fir_7_1_1_g6091/z                               (u)     in_2->z R     unmapped_complex3      1  1.2     0    18     578  (78.9100,90.2050) 
  pp_fir_7_1_1_sum1_9_re_1_reg[28]/d                 -       -       R     unmapped_d_flop        1    -     -     0     578  (78.1955,91.2220) 
#-----------------------------------------------------------------------------------------------------------------------------------------------

(u) : Net has unmapped pin(s).



Path 5: VIOLATED (-13 ps) Setup Check with Pin pp_fir_7_1_1_sum1_9_re_1_reg[27]/clk->d
           View: view_wcl_slow
          Group: clk
     Startpoint: (R) pp_fir_7_1_1_Delay_Pipeline_reg_re_reg[15][2]/clk
          Clock: (R) clk
       Endpoint: (R) pp_fir_7_1_1_sum1_9_re_1_reg[27]/d
          Clock: (R) clk

                     Capture       Launch     
        Clock Edge:+     500            0     
       Src Latency:+       0            0     
       Net Latency:+     200 (I)      200 (I) 
           Arrival:=     700          200     
                                              
             Setup:-      10                  
       Uncertainty:-     125                  
     Required Time:=     565                  
      Launch Clock:-     200                  
         Data Path:-     378                  
             Slack:=     -13                  

#-----------------------------------------------------------------------------------------------------------------------------------------------
#                   Timing Point                     Flags    Arc    Edge       Cell         Fanout Load Trans Delay Arrival      Instance      
#                                                                                                   (fF)  (ps)  (ps)   (ps)       Location      
#-----------------------------------------------------------------------------------------------------------------------------------------------
  pp_fir_7_1_1_Delay_Pipeline_reg_re_reg[15][2]/clk  -       -       R     (arrival)           3622    -    25     0     200              (-,-) 
  pp_fir_7_1_1_Delay_Pipeline_reg_re_reg[15][2]/q    (u)     clk->q  R     unmapped_d_flop       13 15.6     0    70     270  (47.7935,68.0130) 
  pp_fir_7_1_1_csa_tree_ADD_TC_OP_groupi3973/g5388/z (u)     in_0->z R     unmapped_xor2          1  1.2     0    18     288  (52.5895,61.8245) 
  pp_fir_7_1_1_csa_tree_ADD_TC_OP_groupi3973/g5500/z (u)     in_0->z R     unmapped_xor2          3  3.6     0    21     308  (52.9235,60.9415) 
  pp_fir_7_1_1_csa_tree_ADD_TC_OP_groupi3973/g5655/z (u)     in_1->z F     unmapped_complex3      1  1.1     0    18     326  (53.5470,58.8920) 
  pp_fir_7_1_1_csa_tree_ADD_TC_OP_groupi3973/g5647/z (u)     in_0->z R     unmapped_complex3      2  2.4     0    10     336  (54.9125,59.1060) 
  pp_fir_7_1_1_csa_tree_ADD_TC_OP_groupi3973/g5842/z (u)     in_2->z R     unmapped_complex3      2  2.4     0    19     356  (56.1940,57.8650) 
  pp_fir_7_1_1_csa_tree_ADD_TC_OP_groupi3973/g5944/z (u)     in_2->z R     unmapped_complex3      2  2.4     0    19     375  (57.2605,57.1195) 
  pp_fir_7_1_1_csa_tree_ADD_TC_OP_groupi3973/g5992/z (u)     in_2->z R     unmapped_complex3      2  2.4     0    19     394  (55.3850,55.4135) 
  pp_fir_7_1_1_csa_tree_ADD_TC_OP_groupi3973/g6037/z (u)     in_2->z R     unmapped_complex3      2  2.4     0    19     413  (52.9305,56.1155) 
  pp_fir_7_1_1_csa_tree_ADD_TC_OP_groupi3973/g6062/z (u)     in_2->z R     unmapped_complex3      4  4.8     0    22     435  (50.2015,54.9015) 
  pp_fir_7_1_1_csa_tree_ADD_TC_OP_groupi3973/g6072/z (u)     in_0->z F     unmapped_complex4      1  1.1     0    20     455  (44.9910,55.1065) 
  pp_fir_7_1_1_csa_tree_ADD_TC_OP_groupi3973/g6090/z (u)     in_0->z R     unmapped_nand3         4  4.8     0    19     474  (44.9325,56.9895) 
  pp_fir_7_1_1_csa_tree_ADD_TC_OP_groupi3973/g6103/z (u)     in_1->z R     unmapped_complex4     15 18.0     0    36     511  (57.1165,66.2665) 
  pp_fir_7_1_1_csa_tree_ADD_TC_OP_groupi3973/g6137/z (u)     in_1->z R     unmapped_complex4      1  1.2     0    23     534  (75.6135,87.1595) 
  pp_fir_7_1_1_csa_tree_ADD_TC_OP_groupi3973/g6143/z (u)     in_0->z R     unmapped_complex3      1  1.2     0     9     543  (76.2050,88.1055) 
  pp_fir_7_1_1_csa_tree_ADD_TC_OP_groupi3973/g6176/z (u)     in_0->z R     unmapped_xnor2         1  1.2     0    18     561  (77.3700,88.2435) 
  pp_fir_7_1_1_g6092/z                               (u)     in_2->z R     unmapped_complex3      1  1.2     0    18     578  (78.7925,88.1745) 
  pp_fir_7_1_1_sum1_9_re_1_reg[27]/d                 -       -       R     unmapped_d_flop        1    -     -     0     578  (77.8670,89.1955) 
#-----------------------------------------------------------------------------------------------------------------------------------------------

(u) : Net has unmapped pin(s).



Path 6: VIOLATED (-13 ps) Setup Check with Pin pp_fir_7_1_1_sum1_9_re_1_reg[26]/clk->d
           View: view_wcl_slow
          Group: clk
     Startpoint: (R) pp_fir_7_1_1_Delay_Pipeline_reg_re_reg[15][2]/clk
          Clock: (R) clk
       Endpoint: (R) pp_fir_7_1_1_sum1_9_re_1_reg[26]/d
          Clock: (R) clk

                     Capture       Launch     
        Clock Edge:+     500            0     
       Src Latency:+       0            0     
       Net Latency:+     200 (I)      200 (I) 
           Arrival:=     700          200     
                                              
             Setup:-      10                  
       Uncertainty:-     125                  
     Required Time:=     565                  
      Launch Clock:-     200                  
         Data Path:-     378                  
             Slack:=     -13                  

#-----------------------------------------------------------------------------------------------------------------------------------------------
#                   Timing Point                     Flags    Arc    Edge       Cell         Fanout Load Trans Delay Arrival      Instance      
#                                                                                                   (fF)  (ps)  (ps)   (ps)       Location      
#-----------------------------------------------------------------------------------------------------------------------------------------------
  pp_fir_7_1_1_Delay_Pipeline_reg_re_reg[15][2]/clk  -       -       R     (arrival)           3622    -    25     0     200              (-,-) 
  pp_fir_7_1_1_Delay_Pipeline_reg_re_reg[15][2]/q    (u)     clk->q  R     unmapped_d_flop       13 15.6     0    70     270  (47.7935,68.0130) 
  pp_fir_7_1_1_csa_tree_ADD_TC_OP_groupi3973/g5388/z (u)     in_0->z R     unmapped_xor2          1  1.2     0    18     288  (52.5895,61.8245) 
  pp_fir_7_1_1_csa_tree_ADD_TC_OP_groupi3973/g5500/z (u)     in_0->z R     unmapped_xor2          3  3.6     0    21     308  (52.9235,60.9415) 
  pp_fir_7_1_1_csa_tree_ADD_TC_OP_groupi3973/g5655/z (u)     in_1->z F     unmapped_complex3      1  1.1     0    18     326  (53.5470,58.8920) 
  pp_fir_7_1_1_csa_tree_ADD_TC_OP_groupi3973/g5647/z (u)     in_0->z R     unmapped_complex3      2  2.4     0    10     336  (54.9125,59.1060) 
  pp_fir_7_1_1_csa_tree_ADD_TC_OP_groupi3973/g5842/z (u)     in_2->z R     unmapped_complex3      2  2.4     0    19     356  (56.1940,57.8650) 
  pp_fir_7_1_1_csa_tree_ADD_TC_OP_groupi3973/g5944/z (u)     in_2->z R     unmapped_complex3      2  2.4     0    19     375  (57.2605,57.1195) 
  pp_fir_7_1_1_csa_tree_ADD_TC_OP_groupi3973/g5992/z (u)     in_2->z R     unmapped_complex3      2  2.4     0    19     394  (55.3850,55.4135) 
  pp_fir_7_1_1_csa_tree_ADD_TC_OP_groupi3973/g6037/z (u)     in_2->z R     unmapped_complex3      2  2.4     0    19     413  (52.9305,56.1155) 
  pp_fir_7_1_1_csa_tree_ADD_TC_OP_groupi3973/g6062/z (u)     in_2->z R     unmapped_complex3      4  4.8     0    22     435  (50.2015,54.9015) 
  pp_fir_7_1_1_csa_tree_ADD_TC_OP_groupi3973/g6072/z (u)     in_0->z F     unmapped_complex4      1  1.1     0    20     455  (44.9910,55.1065) 
  pp_fir_7_1_1_csa_tree_ADD_TC_OP_groupi3973/g6090/z (u)     in_0->z R     unmapped_nand3         4  4.8     0    19     474  (44.9325,56.9895) 
  pp_fir_7_1_1_csa_tree_ADD_TC_OP_groupi3973/g6103/z (u)     in_1->z R     unmapped_complex4     15 18.0     0    36     511  (57.1165,66.2665) 
  pp_fir_7_1_1_csa_tree_ADD_TC_OP_groupi3973/g6120/z (u)     in_1->z R     unmapped_complex4      1  1.2     0    23     534  (73.8135,86.2610) 
  pp_fir_7_1_1_csa_tree_ADD_TC_OP_groupi3973/g6156/z (u)     in_0->z R     unmapped_complex3      1  1.2     0     9     543  (75.4540,86.1645) 
  pp_fir_7_1_1_csa_tree_ADD_TC_OP_groupi3973/g6175/z (u)     in_0->z R     unmapped_xnor2         1  1.2     0    18     561  (76.6075,86.1385) 
  pp_fir_7_1_1_g5931/z                               (u)     in_2->z R     unmapped_complex3      1  1.2     0    18     578  (77.9380,86.1635) 
  pp_fir_7_1_1_sum1_9_re_1_reg[26]/d                 -       -       R     unmapped_d_flop        1    -     -     0     578  (76.8680,87.1960) 
#-----------------------------------------------------------------------------------------------------------------------------------------------

(u) : Net has unmapped pin(s).



Path 7: VIOLATED (-13 ps) Setup Check with Pin pp_fir_7_1_1_sum1_9_re_1_reg[25]/clk->d
           View: view_wcl_slow
          Group: clk
     Startpoint: (R) pp_fir_7_1_1_Delay_Pipeline_reg_re_reg[15][2]/clk
          Clock: (R) clk
       Endpoint: (R) pp_fir_7_1_1_sum1_9_re_1_reg[25]/d
          Clock: (R) clk

                     Capture       Launch     
        Clock Edge:+     500            0     
       Src Latency:+       0            0     
       Net Latency:+     200 (I)      200 (I) 
           Arrival:=     700          200     
                                              
             Setup:-      10                  
       Uncertainty:-     125                  
     Required Time:=     565                  
      Launch Clock:-     200                  
         Data Path:-     378                  
             Slack:=     -13                  

#-----------------------------------------------------------------------------------------------------------------------------------------------
#                   Timing Point                     Flags    Arc    Edge       Cell         Fanout Load Trans Delay Arrival      Instance      
#                                                                                                   (fF)  (ps)  (ps)   (ps)       Location      
#-----------------------------------------------------------------------------------------------------------------------------------------------
  pp_fir_7_1_1_Delay_Pipeline_reg_re_reg[15][2]/clk  -       -       R     (arrival)           3622    -    25     0     200              (-,-) 
  pp_fir_7_1_1_Delay_Pipeline_reg_re_reg[15][2]/q    (u)     clk->q  R     unmapped_d_flop       13 15.6     0    70     270  (47.7935,68.0130) 
  pp_fir_7_1_1_csa_tree_ADD_TC_OP_groupi3973/g5388/z (u)     in_0->z R     unmapped_xor2          1  1.2     0    18     288  (52.5895,61.8245) 
  pp_fir_7_1_1_csa_tree_ADD_TC_OP_groupi3973/g5500/z (u)     in_0->z R     unmapped_xor2          3  3.6     0    21     308  (52.9235,60.9415) 
  pp_fir_7_1_1_csa_tree_ADD_TC_OP_groupi3973/g5655/z (u)     in_1->z F     unmapped_complex3      1  1.1     0    18     326  (53.5470,58.8920) 
  pp_fir_7_1_1_csa_tree_ADD_TC_OP_groupi3973/g5647/z (u)     in_0->z R     unmapped_complex3      2  2.4     0    10     336  (54.9125,59.1060) 
  pp_fir_7_1_1_csa_tree_ADD_TC_OP_groupi3973/g5842/z (u)     in_2->z R     unmapped_complex3      2  2.4     0    19     356  (56.1940,57.8650) 
  pp_fir_7_1_1_csa_tree_ADD_TC_OP_groupi3973/g5944/z (u)     in_2->z R     unmapped_complex3      2  2.4     0    19     375  (57.2605,57.1195) 
  pp_fir_7_1_1_csa_tree_ADD_TC_OP_groupi3973/g5992/z (u)     in_2->z R     unmapped_complex3      2  2.4     0    19     394  (55.3850,55.4135) 
  pp_fir_7_1_1_csa_tree_ADD_TC_OP_groupi3973/g6037/z (u)     in_2->z R     unmapped_complex3      2  2.4     0    19     413  (52.9305,56.1155) 
  pp_fir_7_1_1_csa_tree_ADD_TC_OP_groupi3973/g6062/z (u)     in_2->z R     unmapped_complex3      4  4.8     0    22     435  (50.2015,54.9015) 
  pp_fir_7_1_1_csa_tree_ADD_TC_OP_groupi3973/g6072/z (u)     in_0->z F     unmapped_complex4      1  1.1     0    20     455  (44.9910,55.1065) 
  pp_fir_7_1_1_csa_tree_ADD_TC_OP_groupi3973/g6090/z (u)     in_0->z R     unmapped_nand3         4  4.8     0    19     474  (44.9325,56.9895) 
  pp_fir_7_1_1_csa_tree_ADD_TC_OP_groupi3973/g6103/z (u)     in_1->z R     unmapped_complex4     15 18.0     0    36     511  (57.1165,66.2665) 
  pp_fir_7_1_1_csa_tree_ADD_TC_OP_groupi3973/g6136/z (u)     in_1->z R     unmapped_complex4      1  1.2     0    23     534  (74.9605,85.1570) 
  pp_fir_7_1_1_csa_tree_ADD_TC_OP_groupi3973/g6144/z (u)     in_0->z R     unmapped_complex3      1  1.2     0     9     543  (76.3750,85.0820) 
  pp_fir_7_1_1_csa_tree_ADD_TC_OP_groupi3973/g6174/z (u)     in_0->z R     unmapped_xnor2         1  1.2     0    18     561  (77.3335,84.9885) 
  pp_fir_7_1_1_g6082/z                               (u)     in_1->z R     unmapped_complex3      1  1.2     0    18     578  (78.4830,85.1310) 
  pp_fir_7_1_1_sum1_9_re_1_reg[25]/d                 -       -       R     unmapped_d_flop        1    -     -     0     578  (79.1845,85.1950) 
#-----------------------------------------------------------------------------------------------------------------------------------------------

(u) : Net has unmapped pin(s).



Path 8: VIOLATED (-13 ps) Setup Check with Pin pp_fir_7_1_1_sum1_9_im_1_reg[29]/clk->d
           View: view_wcl_slow
          Group: clk
     Startpoint: (R) pp_fir_7_1_1_Delay_Pipeline_reg_im_reg[15][2]/clk
          Clock: (R) clk
       Endpoint: (R) pp_fir_7_1_1_sum1_9_im_1_reg[29]/d
          Clock: (R) clk

                     Capture       Launch     
        Clock Edge:+     500            0     
       Src Latency:+       0            0     
       Net Latency:+     200 (I)      200 (I) 
           Arrival:=     700          200     
                                              
             Setup:-      10                  
       Uncertainty:-     125                  
     Required Time:=     565                  
      Launch Clock:-     200                  
         Data Path:-     378                  
             Slack:=     -13                  

#------------------------------------------------------------------------------------------------------------------------------------------------
#                   Timing Point                     Flags    Arc    Edge       Cell         Fanout Load Trans Delay Arrival       Instance      
#                                                                                                   (fF)  (ps)  (ps)   (ps)        Location      
#------------------------------------------------------------------------------------------------------------------------------------------------
  pp_fir_7_1_1_Delay_Pipeline_reg_im_reg[15][2]/clk  -       -       R     (arrival)           3622    -    25     0     200               (-,-) 
  pp_fir_7_1_1_Delay_Pipeline_reg_im_reg[15][2]/q    (u)     clk->q  R     unmapped_d_flop       13 15.6     0    70     270  (186.1450,79.8415) 
  pp_fir_7_1_1_csa_tree_ADD_TC_OP_groupi3972/g5388/z (u)     in_0->z R     unmapped_xor2          1  1.2     0    18     288  (189.0875,78.3490) 
  pp_fir_7_1_1_csa_tree_ADD_TC_OP_groupi3972/g5500/z (u)     in_0->z R     unmapped_xor2          3  3.6     0    21     308  (188.5010,77.3485) 
  pp_fir_7_1_1_csa_tree_ADD_TC_OP_groupi3972/g5655/z (u)     in_1->z F     unmapped_complex3      1  1.1     0    18     326  (189.9190,77.3960) 
  pp_fir_7_1_1_csa_tree_ADD_TC_OP_groupi3972/g5647/z (u)     in_0->z R     unmapped_complex3      2  2.4     0    10     336  (190.0705,76.4310) 
  pp_fir_7_1_1_csa_tree_ADD_TC_OP_groupi3972/g5842/z (u)     in_2->z R     unmapped_complex3      2  2.4     0    19     356  (191.7980,72.6450) 
  pp_fir_7_1_1_csa_tree_ADD_TC_OP_groupi3972/g5944/z (u)     in_2->z R     unmapped_complex3      2  2.4     0    19     375  (195.7895,72.2585) 
  pp_fir_7_1_1_csa_tree_ADD_TC_OP_groupi3972/g5992/z (u)     in_2->z R     unmapped_complex3      2  2.4     0    19     394  (197.7625,73.6285) 
  pp_fir_7_1_1_csa_tree_ADD_TC_OP_groupi3972/g6037/z (u)     in_2->z R     unmapped_complex3      2  2.4     0    19     413  (200.7640,74.7010) 
  pp_fir_7_1_1_csa_tree_ADD_TC_OP_groupi3972/g6062/z (u)     in_2->z R     unmapped_complex3      4  4.8     0    22     435  (202.5540,76.7335) 
  pp_fir_7_1_1_csa_tree_ADD_TC_OP_groupi3972/g6072/z (u)     in_0->z F     unmapped_complex4      1  1.1     0    20     455  (205.0615,83.7605) 
  pp_fir_7_1_1_csa_tree_ADD_TC_OP_groupi3972/g6090/z (u)     in_0->z R     unmapped_nand3         4  4.8     0    19     474  (205.4555,85.8480) 
  pp_fir_7_1_1_csa_tree_ADD_TC_OP_groupi3972/g6103/z (u)     in_1->z R     unmapped_complex4     15 18.0     0    36     511  (199.5150,91.3300) 
  pp_fir_7_1_1_csa_tree_ADD_TC_OP_groupi3972/g6135/z (u)     in_1->z R     unmapped_complex4      1  1.2     0    23     534  (162.2790,75.4455) 
  pp_fir_7_1_1_csa_tree_ADD_TC_OP_groupi3972/g6151/z (u)     in_0->z R     unmapped_complex3      1  1.2     0     9     543  (162.3205,74.6185) 
  pp_fir_7_1_1_csa_tree_ADD_TC_OP_groupi3972/g6168/z (u)     in_0->z R     unmapped_xnor2         1  1.2     0    18     561  (160.8805,74.6105) 
  pp_fir_7_1_1_g5826/z                               (u)     in_2->z R     unmapped_complex3      1  1.2     0    18     578  (159.6980,74.5140) 
  pp_fir_7_1_1_sum1_9_im_1_reg[29]/d                 -       -       R     unmapped_d_flop        1    -     -     0     578  (159.1375,73.5245) 
#------------------------------------------------------------------------------------------------------------------------------------------------

(u) : Net has unmapped pin(s).



Path 9: VIOLATED (-13 ps) Setup Check with Pin pp_fir_7_1_1_sum1_9_im_1_reg[28]/clk->d
           View: view_wcl_slow
          Group: clk
     Startpoint: (R) pp_fir_7_1_1_Delay_Pipeline_reg_im_reg[15][2]/clk
          Clock: (R) clk
       Endpoint: (R) pp_fir_7_1_1_sum1_9_im_1_reg[28]/d
          Clock: (R) clk

                     Capture       Launch     
        Clock Edge:+     500            0     
       Src Latency:+       0            0     
       Net Latency:+     200 (I)      200 (I) 
           Arrival:=     700          200     
                                              
             Setup:-      10                  
       Uncertainty:-     125                  
     Required Time:=     565                  
      Launch Clock:-     200                  
         Data Path:-     378                  
             Slack:=     -13                  

#------------------------------------------------------------------------------------------------------------------------------------------------
#                   Timing Point                     Flags    Arc    Edge       Cell         Fanout Load Trans Delay Arrival       Instance      
#                                                                                                   (fF)  (ps)  (ps)   (ps)        Location      
#------------------------------------------------------------------------------------------------------------------------------------------------
  pp_fir_7_1_1_Delay_Pipeline_reg_im_reg[15][2]/clk  -       -       R     (arrival)           3622    -    25     0     200               (-,-) 
  pp_fir_7_1_1_Delay_Pipeline_reg_im_reg[15][2]/q    (u)     clk->q  R     unmapped_d_flop       13 15.6     0    70     270  (186.1450,79.8415) 
  pp_fir_7_1_1_csa_tree_ADD_TC_OP_groupi3972/g5388/z (u)     in_0->z R     unmapped_xor2          1  1.2     0    18     288  (189.0875,78.3490) 
  pp_fir_7_1_1_csa_tree_ADD_TC_OP_groupi3972/g5500/z (u)     in_0->z R     unmapped_xor2          3  3.6     0    21     308  (188.5010,77.3485) 
  pp_fir_7_1_1_csa_tree_ADD_TC_OP_groupi3972/g5655/z (u)     in_1->z F     unmapped_complex3      1  1.1     0    18     326  (189.9190,77.3960) 
  pp_fir_7_1_1_csa_tree_ADD_TC_OP_groupi3972/g5647/z (u)     in_0->z R     unmapped_complex3      2  2.4     0    10     336  (190.0705,76.4310) 
  pp_fir_7_1_1_csa_tree_ADD_TC_OP_groupi3972/g5842/z (u)     in_2->z R     unmapped_complex3      2  2.4     0    19     356  (191.7980,72.6450) 
  pp_fir_7_1_1_csa_tree_ADD_TC_OP_groupi3972/g5944/z (u)     in_2->z R     unmapped_complex3      2  2.4     0    19     375  (195.7895,72.2585) 
  pp_fir_7_1_1_csa_tree_ADD_TC_OP_groupi3972/g5992/z (u)     in_2->z R     unmapped_complex3      2  2.4     0    19     394  (197.7625,73.6285) 
  pp_fir_7_1_1_csa_tree_ADD_TC_OP_groupi3972/g6037/z (u)     in_2->z R     unmapped_complex3      2  2.4     0    19     413  (200.7640,74.7010) 
  pp_fir_7_1_1_csa_tree_ADD_TC_OP_groupi3972/g6062/z (u)     in_2->z R     unmapped_complex3      4  4.8     0    22     435  (202.5540,76.7335) 
  pp_fir_7_1_1_csa_tree_ADD_TC_OP_groupi3972/g6072/z (u)     in_0->z F     unmapped_complex4      1  1.1     0    20     455  (205.0615,83.7605) 
  pp_fir_7_1_1_csa_tree_ADD_TC_OP_groupi3972/g6090/z (u)     in_0->z R     unmapped_nand3         4  4.8     0    19     474  (205.4555,85.8480) 
  pp_fir_7_1_1_csa_tree_ADD_TC_OP_groupi3972/g6103/z (u)     in_1->z R     unmapped_complex4     15 18.0     0    36     511  (199.5150,91.3300) 
  pp_fir_7_1_1_csa_tree_ADD_TC_OP_groupi3972/g6138/z (u)     in_1->z R     unmapped_complex4      1  1.2     0    23     534  (163.7800,74.0310) 
  pp_fir_7_1_1_csa_tree_ADD_TC_OP_groupi3972/g6153/z (u)     in_0->z R     unmapped_complex3      1  1.2     0     9     543  (161.8515,73.6710) 
  pp_fir_7_1_1_csa_tree_ADD_TC_OP_groupi3972/g6177/z (u)     in_0->z R     unmapped_xnor2         1  1.2     0    18     561  (162.7315,73.2055) 
  pp_fir_7_1_1_g6100/z                               (u)     in_2->z R     unmapped_complex3      1  1.2     0    18     578  (162.4195,72.2410) 
  pp_fir_7_1_1_sum1_9_im_1_reg[28]/d                 -       -       R     unmapped_d_flop        1    -     -     0     578  (161.2350,71.2635) 
#------------------------------------------------------------------------------------------------------------------------------------------------

(u) : Net has unmapped pin(s).



Path 10: VIOLATED (-13 ps) Setup Check with Pin pp_fir_7_1_1_sum1_9_im_1_reg[27]/clk->d
           View: view_wcl_slow
          Group: clk
     Startpoint: (R) pp_fir_7_1_1_Delay_Pipeline_reg_im_reg[15][2]/clk
          Clock: (R) clk
       Endpoint: (R) pp_fir_7_1_1_sum1_9_im_1_reg[27]/d
          Clock: (R) clk

                     Capture       Launch     
        Clock Edge:+     500            0     
       Src Latency:+       0            0     
       Net Latency:+     200 (I)      200 (I) 
           Arrival:=     700          200     
                                              
             Setup:-      10                  
       Uncertainty:-     125                  
     Required Time:=     565                  
      Launch Clock:-     200                  
         Data Path:-     378                  
             Slack:=     -13                  

#------------------------------------------------------------------------------------------------------------------------------------------------
#                   Timing Point                     Flags    Arc    Edge       Cell         Fanout Load Trans Delay Arrival       Instance      
#                                                                                                   (fF)  (ps)  (ps)   (ps)        Location      
#------------------------------------------------------------------------------------------------------------------------------------------------
  pp_fir_7_1_1_Delay_Pipeline_reg_im_reg[15][2]/clk  -       -       R     (arrival)           3622    -    25     0     200               (-,-) 
  pp_fir_7_1_1_Delay_Pipeline_reg_im_reg[15][2]/q    (u)     clk->q  R     unmapped_d_flop       13 15.6     0    70     270  (186.1450,79.8415) 
  pp_fir_7_1_1_csa_tree_ADD_TC_OP_groupi3972/g5388/z (u)     in_0->z R     unmapped_xor2          1  1.2     0    18     288  (189.0875,78.3490) 
  pp_fir_7_1_1_csa_tree_ADD_TC_OP_groupi3972/g5500/z (u)     in_0->z R     unmapped_xor2          3  3.6     0    21     308  (188.5010,77.3485) 
  pp_fir_7_1_1_csa_tree_ADD_TC_OP_groupi3972/g5655/z (u)     in_1->z F     unmapped_complex3      1  1.1     0    18     326  (189.9190,77.3960) 
  pp_fir_7_1_1_csa_tree_ADD_TC_OP_groupi3972/g5647/z (u)     in_0->z R     unmapped_complex3      2  2.4     0    10     336  (190.0705,76.4310) 
  pp_fir_7_1_1_csa_tree_ADD_TC_OP_groupi3972/g5842/z (u)     in_2->z R     unmapped_complex3      2  2.4     0    19     356  (191.7980,72.6450) 
  pp_fir_7_1_1_csa_tree_ADD_TC_OP_groupi3972/g5944/z (u)     in_2->z R     unmapped_complex3      2  2.4     0    19     375  (195.7895,72.2585) 
  pp_fir_7_1_1_csa_tree_ADD_TC_OP_groupi3972/g5992/z (u)     in_2->z R     unmapped_complex3      2  2.4     0    19     394  (197.7625,73.6285) 
  pp_fir_7_1_1_csa_tree_ADD_TC_OP_groupi3972/g6037/z (u)     in_2->z R     unmapped_complex3      2  2.4     0    19     413  (200.7640,74.7010) 
  pp_fir_7_1_1_csa_tree_ADD_TC_OP_groupi3972/g6062/z (u)     in_2->z R     unmapped_complex3      4  4.8     0    22     435  (202.5540,76.7335) 
  pp_fir_7_1_1_csa_tree_ADD_TC_OP_groupi3972/g6072/z (u)     in_0->z F     unmapped_complex4      1  1.1     0    20     455  (205.0615,83.7605) 
  pp_fir_7_1_1_csa_tree_ADD_TC_OP_groupi3972/g6090/z (u)     in_0->z R     unmapped_nand3         4  4.8     0    19     474  (205.4555,85.8480) 
  pp_fir_7_1_1_csa_tree_ADD_TC_OP_groupi3972/g6103/z (u)     in_1->z R     unmapped_complex4     15 18.0     0    36     511  (199.5150,91.3300) 
  pp_fir_7_1_1_csa_tree_ADD_TC_OP_groupi3972/g6137/z (u)     in_1->z R     unmapped_complex4      1  1.2     0    23     534  (164.0155,72.2210) 
  pp_fir_7_1_1_csa_tree_ADD_TC_OP_groupi3972/g6143/z (u)     in_0->z R     unmapped_complex3      1  1.2     0     9     543  (164.5080,71.2845) 
  pp_fir_7_1_1_csa_tree_ADD_TC_OP_groupi3972/g6176/z (u)     in_0->z R     unmapped_xnor2         1  1.2     0    18     561  (164.8360,70.4680) 
  pp_fir_7_1_1_g5825/z                               (u)     in_2->z R     unmapped_complex3      1  1.2     0    18     578  (164.6015,69.7550) 
  pp_fir_7_1_1_sum1_9_im_1_reg[27]/d                 -       -       R     unmapped_d_flop        1    -     -     0     578  (163.8235,68.8810) 
#------------------------------------------------------------------------------------------------------------------------------------------------

(u) : Net has unmapped pin(s).



Path 11: VIOLATED (-13 ps) Setup Check with Pin pp_fir_7_1_1_sum1_9_im_1_reg[26]/clk->d
           View: view_wcl_slow
          Group: clk
     Startpoint: (R) pp_fir_7_1_1_Delay_Pipeline_reg_im_reg[15][2]/clk
          Clock: (R) clk
       Endpoint: (R) pp_fir_7_1_1_sum1_9_im_1_reg[26]/d
          Clock: (R) clk

                     Capture       Launch     
        Clock Edge:+     500            0     
       Src Latency:+       0            0     
       Net Latency:+     200 (I)      200 (I) 
           Arrival:=     700          200     
                                              
             Setup:-      10                  
       Uncertainty:-     125                  
     Required Time:=     565                  
      Launch Clock:-     200                  
         Data Path:-     378                  
             Slack:=     -13                  

#------------------------------------------------------------------------------------------------------------------------------------------------
#                   Timing Point                     Flags    Arc    Edge       Cell         Fanout Load Trans Delay Arrival       Instance      
#                                                                                                   (fF)  (ps)  (ps)   (ps)        Location      
#------------------------------------------------------------------------------------------------------------------------------------------------
  pp_fir_7_1_1_Delay_Pipeline_reg_im_reg[15][2]/clk  -       -       R     (arrival)           3622    -    25     0     200               (-,-) 
  pp_fir_7_1_1_Delay_Pipeline_reg_im_reg[15][2]/q    (u)     clk->q  R     unmapped_d_flop       13 15.6     0    70     270  (186.1450,79.8415) 
  pp_fir_7_1_1_csa_tree_ADD_TC_OP_groupi3972/g5388/z (u)     in_0->z R     unmapped_xor2          1  1.2     0    18     288  (189.0875,78.3490) 
  pp_fir_7_1_1_csa_tree_ADD_TC_OP_groupi3972/g5500/z (u)     in_0->z R     unmapped_xor2          3  3.6     0    21     308  (188.5010,77.3485) 
  pp_fir_7_1_1_csa_tree_ADD_TC_OP_groupi3972/g5655/z (u)     in_1->z F     unmapped_complex3      1  1.1     0    18     326  (189.9190,77.3960) 
  pp_fir_7_1_1_csa_tree_ADD_TC_OP_groupi3972/g5647/z (u)     in_0->z R     unmapped_complex3      2  2.4     0    10     336  (190.0705,76.4310) 
  pp_fir_7_1_1_csa_tree_ADD_TC_OP_groupi3972/g5842/z (u)     in_2->z R     unmapped_complex3      2  2.4     0    19     356  (191.7980,72.6450) 
  pp_fir_7_1_1_csa_tree_ADD_TC_OP_groupi3972/g5944/z (u)     in_2->z R     unmapped_complex3      2  2.4     0    19     375  (195.7895,72.2585) 
  pp_fir_7_1_1_csa_tree_ADD_TC_OP_groupi3972/g5992/z (u)     in_2->z R     unmapped_complex3      2  2.4     0    19     394  (197.7625,73.6285) 
  pp_fir_7_1_1_csa_tree_ADD_TC_OP_groupi3972/g6037/z (u)     in_2->z R     unmapped_complex3      2  2.4     0    19     413  (200.7640,74.7010) 
  pp_fir_7_1_1_csa_tree_ADD_TC_OP_groupi3972/g6062/z (u)     in_2->z R     unmapped_complex3      4  4.8     0    22     435  (202.5540,76.7335) 
  pp_fir_7_1_1_csa_tree_ADD_TC_OP_groupi3972/g6072/z (u)     in_0->z F     unmapped_complex4      1  1.1     0    20     455  (205.0615,83.7605) 
  pp_fir_7_1_1_csa_tree_ADD_TC_OP_groupi3972/g6090/z (u)     in_0->z R     unmapped_nand3         4  4.8     0    19     474  (205.4555,85.8480) 
  pp_fir_7_1_1_csa_tree_ADD_TC_OP_groupi3972/g6103/z (u)     in_1->z R     unmapped_complex4     15 18.0     0    36     511  (199.5150,91.3300) 
  pp_fir_7_1_1_csa_tree_ADD_TC_OP_groupi3972/g6120/z (u)     in_1->z R     unmapped_complex4      1  1.2     0    23     534  (166.2005,70.8085) 
  pp_fir_7_1_1_csa_tree_ADD_TC_OP_groupi3972/g6156/z (u)     in_0->z R     unmapped_complex3      1  1.2     0     9     543  (166.3825,69.9700) 
  pp_fir_7_1_1_csa_tree_ADD_TC_OP_groupi3972/g6175/z (u)     in_0->z R     unmapped_xnor2         1  1.2     0    18     561  (166.5530,69.1855) 
  pp_fir_7_1_1_g6103/z                               (u)     in_2->z R     unmapped_complex3      1  1.2     0    18     578  (165.9360,68.0710) 
  pp_fir_7_1_1_sum1_9_im_1_reg[26]/d                 -       -       R     unmapped_d_flop        1    -     -     0     578  (164.9245,67.0195) 
#------------------------------------------------------------------------------------------------------------------------------------------------

(u) : Net has unmapped pin(s).



Path 12: VIOLATED (-13 ps) Setup Check with Pin pp_fir_7_1_1_sum1_9_im_1_reg[25]/clk->d
           View: view_wcl_slow
          Group: clk
     Startpoint: (R) pp_fir_7_1_1_Delay_Pipeline_reg_im_reg[15][2]/clk
          Clock: (R) clk
       Endpoint: (R) pp_fir_7_1_1_sum1_9_im_1_reg[25]/d
          Clock: (R) clk

                     Capture       Launch     
        Clock Edge:+     500            0     
       Src Latency:+       0            0     
       Net Latency:+     200 (I)      200 (I) 
           Arrival:=     700          200     
                                              
             Setup:-      10                  
       Uncertainty:-     125                  
     Required Time:=     565                  
      Launch Clock:-     200                  
         Data Path:-     378                  
             Slack:=     -13                  

#------------------------------------------------------------------------------------------------------------------------------------------------
#                   Timing Point                     Flags    Arc    Edge       Cell         Fanout Load Trans Delay Arrival       Instance      
#                                                                                                   (fF)  (ps)  (ps)   (ps)        Location      
#------------------------------------------------------------------------------------------------------------------------------------------------
  pp_fir_7_1_1_Delay_Pipeline_reg_im_reg[15][2]/clk  -       -       R     (arrival)           3622    -    25     0     200               (-,-) 
  pp_fir_7_1_1_Delay_Pipeline_reg_im_reg[15][2]/q    (u)     clk->q  R     unmapped_d_flop       13 15.6     0    70     270  (186.1450,79.8415) 
  pp_fir_7_1_1_csa_tree_ADD_TC_OP_groupi3972/g5388/z (u)     in_0->z R     unmapped_xor2          1  1.2     0    18     288  (189.0875,78.3490) 
  pp_fir_7_1_1_csa_tree_ADD_TC_OP_groupi3972/g5500/z (u)     in_0->z R     unmapped_xor2          3  3.6     0    21     308  (188.5010,77.3485) 
  pp_fir_7_1_1_csa_tree_ADD_TC_OP_groupi3972/g5655/z (u)     in_1->z F     unmapped_complex3      1  1.1     0    18     326  (189.9190,77.3960) 
  pp_fir_7_1_1_csa_tree_ADD_TC_OP_groupi3972/g5647/z (u)     in_0->z R     unmapped_complex3      2  2.4     0    10     336  (190.0705,76.4310) 
  pp_fir_7_1_1_csa_tree_ADD_TC_OP_groupi3972/g5842/z (u)     in_2->z R     unmapped_complex3      2  2.4     0    19     356  (191.7980,72.6450) 
  pp_fir_7_1_1_csa_tree_ADD_TC_OP_groupi3972/g5944/z (u)     in_2->z R     unmapped_complex3      2  2.4     0    19     375  (195.7895,72.2585) 
  pp_fir_7_1_1_csa_tree_ADD_TC_OP_groupi3972/g5992/z (u)     in_2->z R     unmapped_complex3      2  2.4     0    19     394  (197.7625,73.6285) 
  pp_fir_7_1_1_csa_tree_ADD_TC_OP_groupi3972/g6037/z (u)     in_2->z R     unmapped_complex3      2  2.4     0    19     413  (200.7640,74.7010) 
  pp_fir_7_1_1_csa_tree_ADD_TC_OP_groupi3972/g6062/z (u)     in_2->z R     unmapped_complex3      4  4.8     0    22     435  (202.5540,76.7335) 
  pp_fir_7_1_1_csa_tree_ADD_TC_OP_groupi3972/g6072/z (u)     in_0->z F     unmapped_complex4      1  1.1     0    20     455  (205.0615,83.7605) 
  pp_fir_7_1_1_csa_tree_ADD_TC_OP_groupi3972/g6090/z (u)     in_0->z R     unmapped_nand3         4  4.8     0    19     474  (205.4555,85.8480) 
  pp_fir_7_1_1_csa_tree_ADD_TC_OP_groupi3972/g6103/z (u)     in_1->z R     unmapped_complex4     15 18.0     0    36     511  (199.5150,91.3300) 
  pp_fir_7_1_1_csa_tree_ADD_TC_OP_groupi3972/g6136/z (u)     in_1->z R     unmapped_complex4      1  1.2     0    23     534  (167.8780,70.9220) 
  pp_fir_7_1_1_csa_tree_ADD_TC_OP_groupi3972/g6144/z (u)     in_0->z R     unmapped_complex3      1  1.2     0     9     543  (167.9215,70.0070) 
  pp_fir_7_1_1_csa_tree_ADD_TC_OP_groupi3972/g6174/z (u)     in_0->z R     unmapped_xnor2         1  1.2     0    18     561  (168.0665,69.1475) 
  pp_fir_7_1_1_g5873/z                               (u)     in_2->z R     unmapped_complex3      1  1.2     0    18     578  (167.8095,68.4415) 
  pp_fir_7_1_1_sum1_9_im_1_reg[25]/d                 -       -       R     unmapped_d_flop        1    -     -     0     578  (167.0295,67.5210) 
#------------------------------------------------------------------------------------------------------------------------------------------------

(u) : Net has unmapped pin(s).



Path 13: VIOLATED (-10 ps) Setup Check with Pin pp_fir_7_1_1_sum1_6_re_1_reg[26]/clk->d
           View: view_wcl_slow
          Group: clk
     Startpoint: (R) pp_fir_7_1_1_Delay_Pipeline_reg_re_reg[20][2]/clk
          Clock: (R) clk
       Endpoint: (R) pp_fir_7_1_1_sum1_6_re_1_reg[26]/d
          Clock: (R) clk

                     Capture       Launch     
        Clock Edge:+     500            0     
       Src Latency:+       0            0     
       Net Latency:+     200 (I)      200 (I) 
           Arrival:=     700          200     
                                              
             Setup:-      10                  
       Uncertainty:-     125                  
     Required Time:=     565                  
      Launch Clock:-     200                  
         Data Path:-     376                  
             Slack:=     -10                  

#------------------------------------------------------------------------------------------------------------------------------------------------
#                   Timing Point                     Flags    Arc    Edge       Cell         Fanout Load Trans Delay Arrival       Instance      
#                                                                                                   (fF)  (ps)  (ps)   (ps)        Location      
#------------------------------------------------------------------------------------------------------------------------------------------------
  pp_fir_7_1_1_Delay_Pipeline_reg_re_reg[20][2]/clk  -       -       R     (arrival)           3622    -    25     0     200               (-,-) 
  pp_fir_7_1_1_Delay_Pipeline_reg_re_reg[20][2]/q    (u)     clk->q  R     unmapped_d_flop       10 12.0     0    68     268  (14.9575,119.6325) 
  pp_fir_7_1_1_csa_tree_ADD_TC_OP_groupi3979/g4244/z (u)     in_1->z R     unmapped_xor2          2  2.4     0    19     287  (19.9055,120.6445) 
  pp_fir_7_1_1_csa_tree_ADD_TC_OP_groupi3979/g3842/z (u)     in_0->z R     unmapped_complex2      3  3.6     0    12     299  (21.3885,120.1060) 
  pp_fir_7_1_1_csa_tree_ADD_TC_OP_groupi3979/g4318/z (u)     in_0->z F     unmapped_complex3      2  2.2     0    10     309  (22.4985,119.0975) 
  pp_fir_7_1_1_csa_tree_ADD_TC_OP_groupi3979/g2276/z (u)     in_0->z F     unmapped_complex2      2  2.2     0    10     320  (23.9120,119.5095) 
  pp_fir_7_1_1_csa_tree_ADD_TC_OP_groupi3979/g4551/z (u)     in_1->z F     unmapped_complex3      2  2.2     0    19     339  (24.7120,118.6465) 
  pp_fir_7_1_1_csa_tree_ADD_TC_OP_groupi3979/g4648/z (u)     in_1->z F     unmapped_complex3      2  2.2     0    19     358  (24.8805,120.5315) 
  pp_fir_7_1_1_csa_tree_ADD_TC_OP_groupi3979/g4697/z (u)     in_2->z F     unmapped_complex3      2  2.2     0    19     377  (26.0075,122.3220) 
  pp_fir_7_1_1_csa_tree_ADD_TC_OP_groupi3979/g4738/z (u)     in_2->z F     unmapped_complex3      2  2.2     0    19     397  (27.3120,123.0100) 
  pp_fir_7_1_1_csa_tree_ADD_TC_OP_groupi3979/g4761/z (u)     in_2->z F     unmapped_complex3      2  2.2     0    19     416  (27.1310,124.5285) 
  pp_fir_7_1_1_csa_tree_ADD_TC_OP_groupi3979/g4776/z (u)     in_2->z F     unmapped_complex3      4  4.4     0    22     438  (27.0150,126.5705) 
  pp_fir_7_1_1_csa_tree_ADD_TC_OP_groupi3979/g4781/z (u)     in_0->z R     unmapped_complex4      1  1.2     0    20     458  (26.7700,132.5730) 
  pp_fir_7_1_1_csa_tree_ADD_TC_OP_groupi3979/g4802/z (u)     in_2->z F     unmapped_nand3         4  4.4     0    19     477  (27.1340,134.3970) 
  pp_fir_7_1_1_csa_tree_ADD_TC_OP_groupi3979/g4809/z (u)     in_1->z F     unmapped_complex4     10 11.0     0    33     510  (21.5515,139.9740) 
  pp_fir_7_1_1_csa_tree_ADD_TC_OP_groupi3979/g4831/z (u)     in_1->z F     unmapped_complex3      2  2.2     0    19     529  (17.2495,150.9225) 
  pp_fir_7_1_1_csa_tree_ADD_TC_OP_groupi3979/g4515/z (u)     in_0->z R     unmapped_nand3         1  1.2     0    15     543  (18.3450,148.5580) 
  pp_fir_7_1_1_csa_tree_ADD_TC_OP_groupi3979/g4500/z (u)     in_0->z R     unmapped_complex4      1  1.2     0    15     558  (18.1635,147.5850) 
  pp_fir_7_1_1_g5981/z                               (u)     in_1->z R     unmapped_complex3      1  1.2     0    18     576  (19.9510,148.0240) 
  pp_fir_7_1_1_sum1_6_re_1_reg[26]/d                 -       -       R     unmapped_d_flop        1    -     -     0     576  (20.5650,147.3705) 
#------------------------------------------------------------------------------------------------------------------------------------------------

(u) : Net has unmapped pin(s).



Path 14: VIOLATED (-10 ps) Setup Check with Pin pp_fir_7_1_1_sum1_6_im_1_reg[26]/clk->d
           View: view_wcl_slow
          Group: clk
     Startpoint: (R) pp_fir_7_1_1_Delay_Pipeline_reg_im_reg[20][2]/clk
          Clock: (R) clk
       Endpoint: (R) pp_fir_7_1_1_sum1_6_im_1_reg[26]/d
          Clock: (R) clk

                     Capture       Launch     
        Clock Edge:+     500            0     
       Src Latency:+       0            0     
       Net Latency:+     200 (I)      200 (I) 
           Arrival:=     700          200     
                                              
             Setup:-      10                  
       Uncertainty:-     125                  
     Required Time:=     565                  
      Launch Clock:-     200                  
         Data Path:-     376                  
             Slack:=     -10                  

#-------------------------------------------------------------------------------------------------------------------------------------------------
#                   Timing Point                     Flags    Arc    Edge       Cell         Fanout Load Trans Delay Arrival       Instance       
#                                                                                                   (fF)  (ps)  (ps)   (ps)        Location       
#-------------------------------------------------------------------------------------------------------------------------------------------------
  pp_fir_7_1_1_Delay_Pipeline_reg_im_reg[20][2]/clk  -       -       R     (arrival)           3622    -    25     0     200                (-,-) 
  pp_fir_7_1_1_Delay_Pipeline_reg_im_reg[20][2]/q    (u)     clk->q  R     unmapped_d_flop       10 12.0     0    68     268  (123.5920,119.6520) 
  pp_fir_7_1_1_csa_tree_ADD_TC_OP_groupi3978/g4244/z (u)     in_1->z R     unmapped_xor2          2  2.4     0    19     287  (144.4015,123.2685) 
  pp_fir_7_1_1_csa_tree_ADD_TC_OP_groupi3978/g3842/z (u)     in_0->z R     unmapped_complex2      3  3.6     0    12     299  (145.2835,122.3465) 
  pp_fir_7_1_1_csa_tree_ADD_TC_OP_groupi3978/g4318/z (u)     in_0->z F     unmapped_complex3      2  2.2     0    10     309  (145.3045,121.4730) 
  pp_fir_7_1_1_csa_tree_ADD_TC_OP_groupi3978/g2276/z (u)     in_0->z F     unmapped_complex2      2  2.2     0    10     320  (146.3985,122.3225) 
  pp_fir_7_1_1_csa_tree_ADD_TC_OP_groupi3978/g4551/z (u)     in_1->z F     unmapped_complex3      2  2.2     0    19     339  (147.7995,120.2300) 
  pp_fir_7_1_1_csa_tree_ADD_TC_OP_groupi3978/g4648/z (u)     in_1->z F     unmapped_complex3      2  2.2     0    19     358  (146.6915,119.4720) 
  pp_fir_7_1_1_csa_tree_ADD_TC_OP_groupi3978/g4697/z (u)     in_2->z F     unmapped_complex3      2  2.2     0    19     377  (144.9480,118.2245) 
  pp_fir_7_1_1_csa_tree_ADD_TC_OP_groupi3978/g4738/z (u)     in_2->z F     unmapped_complex3      2  2.2     0    19     397  (143.5795,117.1560) 
  pp_fir_7_1_1_csa_tree_ADD_TC_OP_groupi3978/g4761/z (u)     in_2->z F     unmapped_complex3      2  2.2     0    19     416  (142.1255,116.5200) 
  pp_fir_7_1_1_csa_tree_ADD_TC_OP_groupi3978/g4776/z (u)     in_2->z F     unmapped_complex3      4  4.4     0    22     438  (141.0295,117.5995) 
  pp_fir_7_1_1_csa_tree_ADD_TC_OP_groupi3978/g4781/z (u)     in_0->z R     unmapped_complex4      1  1.2     0    20     458  (140.7820,129.0170) 
  pp_fir_7_1_1_csa_tree_ADD_TC_OP_groupi3978/g4802/z (u)     in_2->z F     unmapped_nand3         4  4.4     0    19     477  (140.0550,130.8985) 
  pp_fir_7_1_1_csa_tree_ADD_TC_OP_groupi3978/g4809/z (u)     in_1->z F     unmapped_complex4     10 11.0     0    33     510  (132.0625,135.4965) 
  pp_fir_7_1_1_csa_tree_ADD_TC_OP_groupi3978/g4831/z (u)     in_1->z F     unmapped_complex3      2  2.2     0    19     529  (130.7305,143.4890) 
  pp_fir_7_1_1_csa_tree_ADD_TC_OP_groupi3978/g4515/z (u)     in_0->z R     unmapped_nand3         1  1.2     0    15     543  (131.3020,140.4890) 
  pp_fir_7_1_1_csa_tree_ADD_TC_OP_groupi3978/g4500/z (u)     in_0->z R     unmapped_complex4      1  1.2     0    15     558  (131.2665,139.5190) 
  pp_fir_7_1_1_g5829/z                               (u)     in_2->z R     unmapped_complex3      1  1.2     0    18     576  (132.7200,139.1190) 
  pp_fir_7_1_1_sum1_6_im_1_reg[26]/d                 -       -       R     unmapped_d_flop        1    -     -     0     576  (131.6155,138.2525) 
#-------------------------------------------------------------------------------------------------------------------------------------------------

(u) : Net has unmapped pin(s).



Path 15: VIOLATED (-10 ps) Setup Check with Pin pp_fir_7_1_1_sum1_9_re_1_reg[19]/clk->d
           View: view_wcl_slow
          Group: clk
     Startpoint: (R) pp_fir_7_1_1_Delay_Pipeline_reg_re_reg[15][2]/clk
          Clock: (R) clk
       Endpoint: (R) pp_fir_7_1_1_sum1_9_re_1_reg[19]/d
          Clock: (R) clk

                     Capture       Launch     
        Clock Edge:+     500            0     
       Src Latency:+       0            0     
       Net Latency:+     200 (I)      200 (I) 
           Arrival:=     700          200     
                                              
             Setup:-      10                  
       Uncertainty:-     125                  
     Required Time:=     565                  
      Launch Clock:-     200                  
         Data Path:-     375                  
             Slack:=     -10                  

#-----------------------------------------------------------------------------------------------------------------------------------------------
#                   Timing Point                     Flags    Arc    Edge       Cell         Fanout Load Trans Delay Arrival      Instance      
#                                                                                                   (fF)  (ps)  (ps)   (ps)       Location      
#-----------------------------------------------------------------------------------------------------------------------------------------------
  pp_fir_7_1_1_Delay_Pipeline_reg_re_reg[15][2]/clk  -       -       R     (arrival)           3622    -    25     0     200              (-,-) 
  pp_fir_7_1_1_Delay_Pipeline_reg_re_reg[15][2]/q    (u)     clk->q  R     unmapped_d_flop       13 15.6     0    70     270  (47.7935,68.0130) 
  pp_fir_7_1_1_csa_tree_ADD_TC_OP_groupi3973/g5388/z (u)     in_0->z R     unmapped_xor2          1  1.2     0    18     288  (52.5895,61.8245) 
  pp_fir_7_1_1_csa_tree_ADD_TC_OP_groupi3973/g5500/z (u)     in_0->z R     unmapped_xor2          3  3.6     0    21     308  (52.9235,60.9415) 
  pp_fir_7_1_1_csa_tree_ADD_TC_OP_groupi3973/g5655/z (u)     in_1->z F     unmapped_complex3      1  1.1     0    18     326  (53.5470,58.8920) 
  pp_fir_7_1_1_csa_tree_ADD_TC_OP_groupi3973/g5647/z (u)     in_0->z R     unmapped_complex3      2  2.4     0    10     336  (54.9125,59.1060) 
  pp_fir_7_1_1_csa_tree_ADD_TC_OP_groupi3973/g5842/z (u)     in_2->z R     unmapped_complex3      2  2.4     0    19     356  (56.1940,57.8650) 
  pp_fir_7_1_1_csa_tree_ADD_TC_OP_groupi3973/g5944/z (u)     in_2->z R     unmapped_complex3      2  2.4     0    19     375  (57.2605,57.1195) 
  pp_fir_7_1_1_csa_tree_ADD_TC_OP_groupi3973/g5992/z (u)     in_2->z R     unmapped_complex3      2  2.4     0    19     394  (55.3850,55.4135) 
  pp_fir_7_1_1_csa_tree_ADD_TC_OP_groupi3973/g6037/z (u)     in_2->z R     unmapped_complex3      2  2.4     0    19     413  (52.9305,56.1155) 
  pp_fir_7_1_1_csa_tree_ADD_TC_OP_groupi3973/g6062/z (u)     in_2->z R     unmapped_complex3      4  4.8     0    22     435  (50.2015,54.9015) 
  pp_fir_7_1_1_csa_tree_ADD_TC_OP_groupi3973/g6072/z (u)     in_0->z F     unmapped_complex4      1  1.1     0    20     455  (44.9910,55.1065) 
  pp_fir_7_1_1_csa_tree_ADD_TC_OP_groupi3973/g6090/z (u)     in_0->z R     unmapped_nand3         4  4.8     0    19     474  (44.9325,56.9895) 
  pp_fir_7_1_1_csa_tree_ADD_TC_OP_groupi3973/g6103/z (u)     in_1->z R     unmapped_complex4     15 18.0     0    36     511  (57.1165,66.2665) 
  pp_fir_7_1_1_csa_tree_ADD_TC_OP_groupi3973/g6095/z (u)     in_0->z F     unmapped_complex3      1  1.1     0    15     525  (74.6390,73.0830) 
  pp_fir_7_1_1_csa_tree_ADD_TC_OP_groupi3973/g6109/z (u)     in_0->z R     unmapped_complex4      1  1.2     0    15     540  (74.3475,74.0615) 
  pp_fir_7_1_1_csa_tree_ADD_TC_OP_groupi3973/g6157/z (u)     in_0->z R     unmapped_xnor2         1  1.2     0    18     558  (75.0180,75.2950) 
  pp_fir_7_1_1_g6046/z                               (u)     in_2->z R     unmapped_complex3      1  1.2     0    18     575  (76.3190,75.5725) 
  pp_fir_7_1_1_sum1_9_re_1_reg[19]/d                 -       -       R     unmapped_d_flop        1    -     -     0     575  (75.4565,74.4865) 
#-----------------------------------------------------------------------------------------------------------------------------------------------

(u) : Net has unmapped pin(s).



Path 16: VIOLATED (-10 ps) Setup Check with Pin pp_fir_7_1_1_sum1_9_im_1_reg[19]/clk->d
           View: view_wcl_slow
          Group: clk
     Startpoint: (R) pp_fir_7_1_1_Delay_Pipeline_reg_im_reg[15][2]/clk
          Clock: (R) clk
       Endpoint: (R) pp_fir_7_1_1_sum1_9_im_1_reg[19]/d
          Clock: (R) clk

                     Capture       Launch     
        Clock Edge:+     500            0     
       Src Latency:+       0            0     
       Net Latency:+     200 (I)      200 (I) 
           Arrival:=     700          200     
                                              
             Setup:-      10                  
       Uncertainty:-     125                  
     Required Time:=     565                  
      Launch Clock:-     200                  
         Data Path:-     375                  
             Slack:=     -10                  

#------------------------------------------------------------------------------------------------------------------------------------------------
#                   Timing Point                     Flags    Arc    Edge       Cell         Fanout Load Trans Delay Arrival       Instance      
#                                                                                                   (fF)  (ps)  (ps)   (ps)        Location      
#------------------------------------------------------------------------------------------------------------------------------------------------
  pp_fir_7_1_1_Delay_Pipeline_reg_im_reg[15][2]/clk  -       -       R     (arrival)           3622    -    25     0     200               (-,-) 
  pp_fir_7_1_1_Delay_Pipeline_reg_im_reg[15][2]/q    (u)     clk->q  R     unmapped_d_flop       13 15.6     0    70     270  (186.1450,79.8415) 
  pp_fir_7_1_1_csa_tree_ADD_TC_OP_groupi3972/g5388/z (u)     in_0->z R     unmapped_xor2          1  1.2     0    18     288  (189.0875,78.3490) 
  pp_fir_7_1_1_csa_tree_ADD_TC_OP_groupi3972/g5500/z (u)     in_0->z R     unmapped_xor2          3  3.6     0    21     308  (188.5010,77.3485) 
  pp_fir_7_1_1_csa_tree_ADD_TC_OP_groupi3972/g5655/z (u)     in_1->z F     unmapped_complex3      1  1.1     0    18     326  (189.9190,77.3960) 
  pp_fir_7_1_1_csa_tree_ADD_TC_OP_groupi3972/g5647/z (u)     in_0->z R     unmapped_complex3      2  2.4     0    10     336  (190.0705,76.4310) 
  pp_fir_7_1_1_csa_tree_ADD_TC_OP_groupi3972/g5842/z (u)     in_2->z R     unmapped_complex3      2  2.4     0    19     356  (191.7980,72.6450) 
  pp_fir_7_1_1_csa_tree_ADD_TC_OP_groupi3972/g5944/z (u)     in_2->z R     unmapped_complex3      2  2.4     0    19     375  (195.7895,72.2585) 
  pp_fir_7_1_1_csa_tree_ADD_TC_OP_groupi3972/g5992/z (u)     in_2->z R     unmapped_complex3      2  2.4     0    19     394  (197.7625,73.6285) 
  pp_fir_7_1_1_csa_tree_ADD_TC_OP_groupi3972/g6037/z (u)     in_2->z R     unmapped_complex3      2  2.4     0    19     413  (200.7640,74.7010) 
  pp_fir_7_1_1_csa_tree_ADD_TC_OP_groupi3972/g6062/z (u)     in_2->z R     unmapped_complex3      4  4.8     0    22     435  (202.5540,76.7335) 
  pp_fir_7_1_1_csa_tree_ADD_TC_OP_groupi3972/g6072/z (u)     in_0->z F     unmapped_complex4      1  1.1     0    20     455  (205.0615,83.7605) 
  pp_fir_7_1_1_csa_tree_ADD_TC_OP_groupi3972/g6090/z (u)     in_0->z R     unmapped_nand3         4  4.8     0    19     474  (205.4555,85.8480) 
  pp_fir_7_1_1_csa_tree_ADD_TC_OP_groupi3972/g6103/z (u)     in_1->z R     unmapped_complex4     15 18.0     0    36     511  (199.5150,91.3300) 
  pp_fir_7_1_1_csa_tree_ADD_TC_OP_groupi3972/g6095/z (u)     in_0->z F     unmapped_complex3      1  1.1     0    15     525  (170.6180,91.3180) 
  pp_fir_7_1_1_csa_tree_ADD_TC_OP_groupi3972/g6109/z (u)     in_0->z R     unmapped_complex4      1  1.2     0    15     540  (170.4625,90.4095) 
  pp_fir_7_1_1_csa_tree_ADD_TC_OP_groupi3972/g6157/z (u)     in_0->z R     unmapped_xnor2         1  1.2     0    18     558  (170.1980,89.4550) 
  pp_fir_7_1_1_g6014/z                               (u)     in_2->z R     unmapped_complex3      1  1.2     0    18     575  (168.9145,89.8325) 
  pp_fir_7_1_1_sum1_9_im_1_reg[19]/d                 -       -       R     unmapped_d_flop        1    -     -     0     575  (167.4080,88.8380) 
#------------------------------------------------------------------------------------------------------------------------------------------------

(u) : Net has unmapped pin(s).



Path 17: VIOLATED (-9 ps) Setup Check with Pin pp_fir_7_1_1_sum1_6_re_1_reg[23]/clk->d
           View: view_wcl_slow
          Group: clk
     Startpoint: (R) pp_fir_7_1_1_Delay_Pipeline_reg_re_reg[20][2]/clk
          Clock: (R) clk
       Endpoint: (R) pp_fir_7_1_1_sum1_6_re_1_reg[23]/d
          Clock: (R) clk

                     Capture       Launch     
        Clock Edge:+     500            0     
       Src Latency:+       0            0     
       Net Latency:+     200 (I)      200 (I) 
           Arrival:=     700          200     
                                              
             Setup:-      10                  
       Uncertainty:-     125                  
     Required Time:=     565                  
      Launch Clock:-     200                  
         Data Path:-     374                  
             Slack:=      -9                  

#------------------------------------------------------------------------------------------------------------------------------------------------
#                   Timing Point                     Flags    Arc    Edge       Cell         Fanout Load Trans Delay Arrival       Instance      
#                                                                                                   (fF)  (ps)  (ps)   (ps)        Location      
#------------------------------------------------------------------------------------------------------------------------------------------------
  pp_fir_7_1_1_Delay_Pipeline_reg_re_reg[20][2]/clk  -       -       R     (arrival)           3622    -    25     0     200               (-,-) 
  pp_fir_7_1_1_Delay_Pipeline_reg_re_reg[20][2]/q    (u)     clk->q  R     unmapped_d_flop       10 12.0     0    68     268  (14.9575,119.6325) 
  pp_fir_7_1_1_csa_tree_ADD_TC_OP_groupi3979/g4244/z (u)     in_1->z F     unmapped_xor2          2  2.2     0    19     287  (19.9055,120.6445) 
  pp_fir_7_1_1_csa_tree_ADD_TC_OP_groupi3979/g3842/z (u)     in_0->z F     unmapped_complex2      3  3.3     0    12     299  (21.3885,120.1060) 
  pp_fir_7_1_1_csa_tree_ADD_TC_OP_groupi3979/g4318/z (u)     in_0->z R     unmapped_complex3      2  2.4     0    10     309  (22.4985,119.0975) 
  pp_fir_7_1_1_csa_tree_ADD_TC_OP_groupi3979/g2276/z (u)     in_0->z R     unmapped_complex2      2  2.4     0    10     320  (23.9120,119.5095) 
  pp_fir_7_1_1_csa_tree_ADD_TC_OP_groupi3979/g4551/z (u)     in_1->z R     unmapped_complex3      2  2.4     0    19     339  (24.7120,118.6465) 
  pp_fir_7_1_1_csa_tree_ADD_TC_OP_groupi3979/g4648/z (u)     in_1->z R     unmapped_complex3      2  2.4     0    19     358  (24.8805,120.5315) 
  pp_fir_7_1_1_csa_tree_ADD_TC_OP_groupi3979/g4697/z (u)     in_2->z R     unmapped_complex3      2  2.4     0    19     377  (26.0075,122.3220) 
  pp_fir_7_1_1_csa_tree_ADD_TC_OP_groupi3979/g4738/z (u)     in_2->z R     unmapped_complex3      2  2.4     0    19     397  (27.3120,123.0100) 
  pp_fir_7_1_1_csa_tree_ADD_TC_OP_groupi3979/g4761/z (u)     in_2->z R     unmapped_complex3      2  2.4     0    19     416  (27.1310,124.5285) 
  pp_fir_7_1_1_csa_tree_ADD_TC_OP_groupi3979/g4776/z (u)     in_2->z R     unmapped_complex3      4  4.8     0    22     438  (27.0150,126.5705) 
  pp_fir_7_1_1_csa_tree_ADD_TC_OP_groupi3979/g4781/z (u)     in_0->z F     unmapped_complex4      1  1.1     0    20     458  (26.7700,132.5730) 
  pp_fir_7_1_1_csa_tree_ADD_TC_OP_groupi3979/g4802/z (u)     in_2->z R     unmapped_nand3         4  4.8     0    19     477  (27.1340,134.3970) 
  pp_fir_7_1_1_csa_tree_ADD_TC_OP_groupi3979/g4809/z (u)     in_1->z R     unmapped_complex4     10 12.0     0    33     510  (21.5515,139.9740) 
  pp_fir_7_1_1_csa_tree_ADD_TC_OP_groupi3979/g4797/z (u)     in_0->z F     unmapped_complex3      1  1.1     0    15     524  (15.7010,152.5955) 
  pp_fir_7_1_1_csa_tree_ADD_TC_OP_groupi3979/g4813/z (u)     in_0->z R     unmapped_complex4      1  1.2     0    15     539  (15.5855,151.6465) 
  pp_fir_7_1_1_csa_tree_ADD_TC_OP_groupi3979/g4849/z (u)     in_0->z R     unmapped_xnor2         1  1.2     0    18     556  (17.1150,152.0435) 
  pp_fir_7_1_1_g5997/z                               (u)     in_1->z R     unmapped_complex3      1  1.2     0    18     574  (18.7920,151.8820) 
  pp_fir_7_1_1_sum1_6_re_1_reg[23]/d                 -       -       R     unmapped_d_flop        1    -     -     0     574  (18.1195,150.8635) 
#------------------------------------------------------------------------------------------------------------------------------------------------

(u) : Net has unmapped pin(s).



Path 18: VIOLATED (-9 ps) Setup Check with Pin pp_fir_7_1_1_sum1_6_re_1_reg[22]/clk->d
           View: view_wcl_slow
          Group: clk
     Startpoint: (R) pp_fir_7_1_1_Delay_Pipeline_reg_re_reg[20][2]/clk
          Clock: (R) clk
       Endpoint: (R) pp_fir_7_1_1_sum1_6_re_1_reg[22]/d
          Clock: (R) clk

                     Capture       Launch     
        Clock Edge:+     500            0     
       Src Latency:+       0            0     
       Net Latency:+     200 (I)      200 (I) 
           Arrival:=     700          200     
                                              
             Setup:-      10                  
       Uncertainty:-     125                  
     Required Time:=     565                  
      Launch Clock:-     200                  
         Data Path:-     374                  
             Slack:=      -9                  

#------------------------------------------------------------------------------------------------------------------------------------------------
#                   Timing Point                     Flags    Arc    Edge       Cell         Fanout Load Trans Delay Arrival       Instance      
#                                                                                                   (fF)  (ps)  (ps)   (ps)        Location      
#------------------------------------------------------------------------------------------------------------------------------------------------
  pp_fir_7_1_1_Delay_Pipeline_reg_re_reg[20][2]/clk  -       -       R     (arrival)           3622    -    25     0     200               (-,-) 
  pp_fir_7_1_1_Delay_Pipeline_reg_re_reg[20][2]/q    (u)     clk->q  R     unmapped_d_flop       10 12.0     0    68     268  (14.9575,119.6325) 
  pp_fir_7_1_1_csa_tree_ADD_TC_OP_groupi3979/g4244/z (u)     in_1->z F     unmapped_xor2          2  2.2     0    19     287  (19.9055,120.6445) 
  pp_fir_7_1_1_csa_tree_ADD_TC_OP_groupi3979/g3842/z (u)     in_0->z F     unmapped_complex2      3  3.3     0    12     299  (21.3885,120.1060) 
  pp_fir_7_1_1_csa_tree_ADD_TC_OP_groupi3979/g4318/z (u)     in_0->z R     unmapped_complex3      2  2.4     0    10     309  (22.4985,119.0975) 
  pp_fir_7_1_1_csa_tree_ADD_TC_OP_groupi3979/g2276/z (u)     in_0->z R     unmapped_complex2      2  2.4     0    10     320  (23.9120,119.5095) 
  pp_fir_7_1_1_csa_tree_ADD_TC_OP_groupi3979/g4551/z (u)     in_1->z R     unmapped_complex3      2  2.4     0    19     339  (24.7120,118.6465) 
  pp_fir_7_1_1_csa_tree_ADD_TC_OP_groupi3979/g4648/z (u)     in_1->z R     unmapped_complex3      2  2.4     0    19     358  (24.8805,120.5315) 
  pp_fir_7_1_1_csa_tree_ADD_TC_OP_groupi3979/g4697/z (u)     in_2->z R     unmapped_complex3      2  2.4     0    19     377  (26.0075,122.3220) 
  pp_fir_7_1_1_csa_tree_ADD_TC_OP_groupi3979/g4738/z (u)     in_2->z R     unmapped_complex3      2  2.4     0    19     397  (27.3120,123.0100) 
  pp_fir_7_1_1_csa_tree_ADD_TC_OP_groupi3979/g4761/z (u)     in_2->z R     unmapped_complex3      2  2.4     0    19     416  (27.1310,124.5285) 
  pp_fir_7_1_1_csa_tree_ADD_TC_OP_groupi3979/g4776/z (u)     in_2->z R     unmapped_complex3      4  4.8     0    22     438  (27.0150,126.5705) 
  pp_fir_7_1_1_csa_tree_ADD_TC_OP_groupi3979/g4781/z (u)     in_0->z F     unmapped_complex4      1  1.1     0    20     458  (26.7700,132.5730) 
  pp_fir_7_1_1_csa_tree_ADD_TC_OP_groupi3979/g4802/z (u)     in_2->z R     unmapped_nand3         4  4.8     0    19     477  (27.1340,134.3970) 
  pp_fir_7_1_1_csa_tree_ADD_TC_OP_groupi3979/g4809/z (u)     in_1->z R     unmapped_complex4     10 12.0     0    33     510  (21.5515,139.9740) 
  pp_fir_7_1_1_csa_tree_ADD_TC_OP_groupi3979/g4801/z (u)     in_0->z F     unmapped_complex3      1  1.1     0    15     524  (15.6490,153.6845) 
  pp_fir_7_1_1_csa_tree_ADD_TC_OP_groupi3979/g4812/z (u)     in_0->z R     unmapped_complex4      1  1.2     0    15     539  (14.0145,154.3220) 
  pp_fir_7_1_1_csa_tree_ADD_TC_OP_groupi3979/g4841/z (u)     in_0->z R     unmapped_xnor2         1  1.2     0    18     556  (14.2235,153.5130) 
  pp_fir_7_1_1_g5996/z                               (u)     in_1->z R     unmapped_complex3      1  1.2     0    18     574  (19.8300,153.8120) 
  pp_fir_7_1_1_sum1_6_re_1_reg[22]/d                 -       -       R     unmapped_d_flop        1    -     -     0     574  (18.1910,152.8665) 
#------------------------------------------------------------------------------------------------------------------------------------------------

(u) : Net has unmapped pin(s).



Path 19: VIOLATED (-9 ps) Setup Check with Pin pp_fir_7_1_1_sum1_6_re_1_reg[21]/clk->d
           View: view_wcl_slow
          Group: clk
     Startpoint: (R) pp_fir_7_1_1_Delay_Pipeline_reg_re_reg[20][2]/clk
          Clock: (R) clk
       Endpoint: (R) pp_fir_7_1_1_sum1_6_re_1_reg[21]/d
          Clock: (R) clk

                     Capture       Launch     
        Clock Edge:+     500            0     
       Src Latency:+       0            0     
       Net Latency:+     200 (I)      200 (I) 
           Arrival:=     700          200     
                                              
             Setup:-      10                  
       Uncertainty:-     125                  
     Required Time:=     565                  
      Launch Clock:-     200                  
         Data Path:-     374                  
             Slack:=      -9                  

#------------------------------------------------------------------------------------------------------------------------------------------------
#                   Timing Point                     Flags    Arc    Edge       Cell         Fanout Load Trans Delay Arrival       Instance      
#                                                                                                   (fF)  (ps)  (ps)   (ps)        Location      
#------------------------------------------------------------------------------------------------------------------------------------------------
  pp_fir_7_1_1_Delay_Pipeline_reg_re_reg[20][2]/clk  -       -       R     (arrival)           3622    -    25     0     200               (-,-) 
  pp_fir_7_1_1_Delay_Pipeline_reg_re_reg[20][2]/q    (u)     clk->q  R     unmapped_d_flop       10 12.0     0    68     268  (14.9575,119.6325) 
  pp_fir_7_1_1_csa_tree_ADD_TC_OP_groupi3979/g4244/z (u)     in_1->z F     unmapped_xor2          2  2.2     0    19     287  (19.9055,120.6445) 
  pp_fir_7_1_1_csa_tree_ADD_TC_OP_groupi3979/g3842/z (u)     in_0->z F     unmapped_complex2      3  3.3     0    12     299  (21.3885,120.1060) 
  pp_fir_7_1_1_csa_tree_ADD_TC_OP_groupi3979/g4318/z (u)     in_0->z R     unmapped_complex3      2  2.4     0    10     309  (22.4985,119.0975) 
  pp_fir_7_1_1_csa_tree_ADD_TC_OP_groupi3979/g2276/z (u)     in_0->z R     unmapped_complex2      2  2.4     0    10     320  (23.9120,119.5095) 
  pp_fir_7_1_1_csa_tree_ADD_TC_OP_groupi3979/g4551/z (u)     in_1->z R     unmapped_complex3      2  2.4     0    19     339  (24.7120,118.6465) 
  pp_fir_7_1_1_csa_tree_ADD_TC_OP_groupi3979/g4648/z (u)     in_1->z R     unmapped_complex3      2  2.4     0    19     358  (24.8805,120.5315) 
  pp_fir_7_1_1_csa_tree_ADD_TC_OP_groupi3979/g4697/z (u)     in_2->z R     unmapped_complex3      2  2.4     0    19     377  (26.0075,122.3220) 
  pp_fir_7_1_1_csa_tree_ADD_TC_OP_groupi3979/g4738/z (u)     in_2->z R     unmapped_complex3      2  2.4     0    19     397  (27.3120,123.0100) 
  pp_fir_7_1_1_csa_tree_ADD_TC_OP_groupi3979/g4761/z (u)     in_2->z R     unmapped_complex3      2  2.4     0    19     416  (27.1310,124.5285) 
  pp_fir_7_1_1_csa_tree_ADD_TC_OP_groupi3979/g4776/z (u)     in_2->z R     unmapped_complex3      4  4.8     0    22     438  (27.0150,126.5705) 
  pp_fir_7_1_1_csa_tree_ADD_TC_OP_groupi3979/g4781/z (u)     in_0->z F     unmapped_complex4      1  1.1     0    20     458  (26.7700,132.5730) 
  pp_fir_7_1_1_csa_tree_ADD_TC_OP_groupi3979/g4802/z (u)     in_2->z R     unmapped_nand3         4  4.8     0    19     477  (27.1340,134.3970) 
  pp_fir_7_1_1_csa_tree_ADD_TC_OP_groupi3979/g4809/z (u)     in_1->z R     unmapped_complex4     10 12.0     0    33     510  (21.5515,139.9740) 
  pp_fir_7_1_1_csa_tree_ADD_TC_OP_groupi3979/g4800/z (u)     in_0->z F     unmapped_complex3      1  1.1     0    15     524  (17.0850,154.0100) 
  pp_fir_7_1_1_csa_tree_ADD_TC_OP_groupi3979/g4818/z (u)     in_0->z R     unmapped_complex4      1  1.2     0    15     539  (16.2690,154.8110) 
  pp_fir_7_1_1_csa_tree_ADD_TC_OP_groupi3979/g4839/z (u)     in_0->z R     unmapped_xnor2         1  1.2     0    18     556  (18.2580,154.8135) 
  pp_fir_7_1_1_g6016/z                               (u)     in_1->z R     unmapped_complex3      1  1.2     0    18     574  (19.8230,154.7015) 
  pp_fir_7_1_1_sum1_6_re_1_reg[21]/d                 -       -       R     unmapped_d_flop        1    -     -     0     574  (19.5125,155.5455) 
#------------------------------------------------------------------------------------------------------------------------------------------------

(u) : Net has unmapped pin(s).



Path 20: VIOLATED (-9 ps) Setup Check with Pin pp_fir_7_1_1_sum1_6_re_1_reg[19]/clk->d
           View: view_wcl_slow
          Group: clk
     Startpoint: (R) pp_fir_7_1_1_Delay_Pipeline_reg_re_reg[20][2]/clk
          Clock: (R) clk
       Endpoint: (R) pp_fir_7_1_1_sum1_6_re_1_reg[19]/d
          Clock: (R) clk

                     Capture       Launch     
        Clock Edge:+     500            0     
       Src Latency:+       0            0     
       Net Latency:+     200 (I)      200 (I) 
           Arrival:=     700          200     
                                              
             Setup:-      10                  
       Uncertainty:-     125                  
     Required Time:=     565                  
      Launch Clock:-     200                  
         Data Path:-     374                  
             Slack:=      -9                  

#------------------------------------------------------------------------------------------------------------------------------------------------
#                   Timing Point                     Flags    Arc    Edge       Cell         Fanout Load Trans Delay Arrival       Instance      
#                                                                                                   (fF)  (ps)  (ps)   (ps)        Location      
#------------------------------------------------------------------------------------------------------------------------------------------------
  pp_fir_7_1_1_Delay_Pipeline_reg_re_reg[20][2]/clk  -       -       R     (arrival)           3622    -    25     0     200               (-,-) 
  pp_fir_7_1_1_Delay_Pipeline_reg_re_reg[20][2]/q    (u)     clk->q  R     unmapped_d_flop       10 12.0     0    68     268  (14.9575,119.6325) 
  pp_fir_7_1_1_csa_tree_ADD_TC_OP_groupi3979/g4244/z (u)     in_1->z F     unmapped_xor2          2  2.2     0    19     287  (19.9055,120.6445) 
  pp_fir_7_1_1_csa_tree_ADD_TC_OP_groupi3979/g3842/z (u)     in_0->z F     unmapped_complex2      3  3.3     0    12     299  (21.3885,120.1060) 
  pp_fir_7_1_1_csa_tree_ADD_TC_OP_groupi3979/g4318/z (u)     in_0->z R     unmapped_complex3      2  2.4     0    10     309  (22.4985,119.0975) 
  pp_fir_7_1_1_csa_tree_ADD_TC_OP_groupi3979/g2276/z (u)     in_0->z R     unmapped_complex2      2  2.4     0    10     320  (23.9120,119.5095) 
  pp_fir_7_1_1_csa_tree_ADD_TC_OP_groupi3979/g4551/z (u)     in_1->z R     unmapped_complex3      2  2.4     0    19     339  (24.7120,118.6465) 
  pp_fir_7_1_1_csa_tree_ADD_TC_OP_groupi3979/g4648/z (u)     in_1->z R     unmapped_complex3      2  2.4     0    19     358  (24.8805,120.5315) 
  pp_fir_7_1_1_csa_tree_ADD_TC_OP_groupi3979/g4697/z (u)     in_2->z R     unmapped_complex3      2  2.4     0    19     377  (26.0075,122.3220) 
  pp_fir_7_1_1_csa_tree_ADD_TC_OP_groupi3979/g4738/z (u)     in_2->z R     unmapped_complex3      2  2.4     0    19     397  (27.3120,123.0100) 
  pp_fir_7_1_1_csa_tree_ADD_TC_OP_groupi3979/g4761/z (u)     in_2->z R     unmapped_complex3      2  2.4     0    19     416  (27.1310,124.5285) 
  pp_fir_7_1_1_csa_tree_ADD_TC_OP_groupi3979/g4776/z (u)     in_2->z R     unmapped_complex3      4  4.8     0    22     438  (27.0150,126.5705) 
  pp_fir_7_1_1_csa_tree_ADD_TC_OP_groupi3979/g4781/z (u)     in_0->z F     unmapped_complex4      1  1.1     0    20     458  (26.7700,132.5730) 
  pp_fir_7_1_1_csa_tree_ADD_TC_OP_groupi3979/g4802/z (u)     in_2->z R     unmapped_nand3         4  4.8     0    19     477  (27.1340,134.3970) 
  pp_fir_7_1_1_csa_tree_ADD_TC_OP_groupi3979/g4809/z (u)     in_1->z R     unmapped_complex4     10 12.0     0    33     510  (21.5515,139.9740) 
  pp_fir_7_1_1_csa_tree_ADD_TC_OP_groupi3979/g4796/z (u)     in_0->z F     unmapped_complex3      1  1.1     0    15     524  (15.8295,145.7955) 
  pp_fir_7_1_1_csa_tree_ADD_TC_OP_groupi3979/g4799/z (u)     in_0->z R     unmapped_complex4      1  1.2     0    15     539  (16.8660,146.8295) 
  pp_fir_7_1_1_csa_tree_ADD_TC_OP_groupi3979/g4851/z (u)     in_0->z R     unmapped_xnor2         1  1.2     0    18     556  (18.2315,146.5035) 
  pp_fir_7_1_1_g5927/z                               (u)     in_2->z R     unmapped_complex3      1  1.2     0    18     574  (19.5990,146.8095) 
  pp_fir_7_1_1_sum1_6_re_1_reg[19]/d                 -       -       R     unmapped_d_flop        1    -     -     0     574  (18.2245,145.7365) 
#------------------------------------------------------------------------------------------------------------------------------------------------

(u) : Net has unmapped pin(s).



Path 21: VIOLATED (-9 ps) Setup Check with Pin pp_fir_7_1_1_sum1_6_im_1_reg[23]/clk->d
           View: view_wcl_slow
          Group: clk
     Startpoint: (R) pp_fir_7_1_1_Delay_Pipeline_reg_im_reg[20][2]/clk
          Clock: (R) clk
       Endpoint: (R) pp_fir_7_1_1_sum1_6_im_1_reg[23]/d
          Clock: (R) clk

                     Capture       Launch     
        Clock Edge:+     500            0     
       Src Latency:+       0            0     
       Net Latency:+     200 (I)      200 (I) 
           Arrival:=     700          200     
                                              
             Setup:-      10                  
       Uncertainty:-     125                  
     Required Time:=     565                  
      Launch Clock:-     200                  
         Data Path:-     374                  
             Slack:=      -9                  

#-------------------------------------------------------------------------------------------------------------------------------------------------
#                   Timing Point                     Flags    Arc    Edge       Cell         Fanout Load Trans Delay Arrival       Instance       
#                                                                                                   (fF)  (ps)  (ps)   (ps)        Location       
#-------------------------------------------------------------------------------------------------------------------------------------------------
  pp_fir_7_1_1_Delay_Pipeline_reg_im_reg[20][2]/clk  -       -       R     (arrival)           3622    -    25     0     200                (-,-) 
  pp_fir_7_1_1_Delay_Pipeline_reg_im_reg[20][2]/q    (u)     clk->q  R     unmapped_d_flop       10 12.0     0    68     268  (123.5920,119.6520) 
  pp_fir_7_1_1_csa_tree_ADD_TC_OP_groupi3978/g4244/z (u)     in_1->z F     unmapped_xor2          2  2.2     0    19     287  (144.4015,123.2685) 
  pp_fir_7_1_1_csa_tree_ADD_TC_OP_groupi3978/g3842/z (u)     in_0->z F     unmapped_complex2      3  3.3     0    12     299  (145.2835,122.3465) 
  pp_fir_7_1_1_csa_tree_ADD_TC_OP_groupi3978/g4318/z (u)     in_0->z R     unmapped_complex3      2  2.4     0    10     309  (145.3045,121.4730) 
  pp_fir_7_1_1_csa_tree_ADD_TC_OP_groupi3978/g2276/z (u)     in_0->z R     unmapped_complex2      2  2.4     0    10     320  (146.3985,122.3225) 
  pp_fir_7_1_1_csa_tree_ADD_TC_OP_groupi3978/g4551/z (u)     in_1->z R     unmapped_complex3      2  2.4     0    19     339  (147.7995,120.2300) 
  pp_fir_7_1_1_csa_tree_ADD_TC_OP_groupi3978/g4648/z (u)     in_1->z R     unmapped_complex3      2  2.4     0    19     358  (146.6915,119.4720) 
  pp_fir_7_1_1_csa_tree_ADD_TC_OP_groupi3978/g4697/z (u)     in_2->z R     unmapped_complex3      2  2.4     0    19     377  (144.9480,118.2245) 
  pp_fir_7_1_1_csa_tree_ADD_TC_OP_groupi3978/g4738/z (u)     in_2->z R     unmapped_complex3      2  2.4     0    19     397  (143.5795,117.1560) 
  pp_fir_7_1_1_csa_tree_ADD_TC_OP_groupi3978/g4761/z (u)     in_2->z R     unmapped_complex3      2  2.4     0    19     416  (142.1255,116.5200) 
  pp_fir_7_1_1_csa_tree_ADD_TC_OP_groupi3978/g4776/z (u)     in_2->z R     unmapped_complex3      4  4.8     0    22     438  (141.0295,117.5995) 
  pp_fir_7_1_1_csa_tree_ADD_TC_OP_groupi3978/g4781/z (u)     in_0->z F     unmapped_complex4      1  1.1     0    20     458  (140.7820,129.0170) 
  pp_fir_7_1_1_csa_tree_ADD_TC_OP_groupi3978/g4802/z (u)     in_2->z R     unmapped_nand3         4  4.8     0    19     477  (140.0550,130.8985) 
  pp_fir_7_1_1_csa_tree_ADD_TC_OP_groupi3978/g4809/z (u)     in_1->z R     unmapped_complex4     10 12.0     0    33     510  (132.0625,135.4965) 
  pp_fir_7_1_1_csa_tree_ADD_TC_OP_groupi3978/g4797/z (u)     in_0->z F     unmapped_complex3      1  1.1     0    15     524  (125.0710,144.2395) 
  pp_fir_7_1_1_csa_tree_ADD_TC_OP_groupi3978/g4813/z (u)     in_0->z R     unmapped_complex4      1  1.2     0    15     539  (125.3755,145.2000) 
  pp_fir_7_1_1_csa_tree_ADD_TC_OP_groupi3978/g4849/z (u)     in_0->z R     unmapped_xnor2         1  1.2     0    18     556  (127.3140,144.7200) 
  pp_fir_7_1_1_g5769/z                               (u)     in_2->z R     unmapped_complex3      1  1.2     0    18     574  (128.7525,144.4065) 
  pp_fir_7_1_1_sum1_6_im_1_reg[23]/d                 -       -       R     unmapped_d_flop        1    -     -     0     574  (127.6290,143.5135) 
#-------------------------------------------------------------------------------------------------------------------------------------------------

(u) : Net has unmapped pin(s).



Path 22: VIOLATED (-9 ps) Setup Check with Pin pp_fir_7_1_1_sum1_6_im_1_reg[22]/clk->d
           View: view_wcl_slow
          Group: clk
     Startpoint: (R) pp_fir_7_1_1_Delay_Pipeline_reg_im_reg[20][2]/clk
          Clock: (R) clk
       Endpoint: (R) pp_fir_7_1_1_sum1_6_im_1_reg[22]/d
          Clock: (R) clk

                     Capture       Launch     
        Clock Edge:+     500            0     
       Src Latency:+       0            0     
       Net Latency:+     200 (I)      200 (I) 
           Arrival:=     700          200     
                                              
             Setup:-      10                  
       Uncertainty:-     125                  
     Required Time:=     565                  
      Launch Clock:-     200                  
         Data Path:-     374                  
             Slack:=      -9                  

#-------------------------------------------------------------------------------------------------------------------------------------------------
#                   Timing Point                     Flags    Arc    Edge       Cell         Fanout Load Trans Delay Arrival       Instance       
#                                                                                                   (fF)  (ps)  (ps)   (ps)        Location       
#-------------------------------------------------------------------------------------------------------------------------------------------------
  pp_fir_7_1_1_Delay_Pipeline_reg_im_reg[20][2]/clk  -       -       R     (arrival)           3622    -    25     0     200                (-,-) 
  pp_fir_7_1_1_Delay_Pipeline_reg_im_reg[20][2]/q    (u)     clk->q  R     unmapped_d_flop       10 12.0     0    68     268  (123.5920,119.6520) 
  pp_fir_7_1_1_csa_tree_ADD_TC_OP_groupi3978/g4244/z (u)     in_1->z F     unmapped_xor2          2  2.2     0    19     287  (144.4015,123.2685) 
  pp_fir_7_1_1_csa_tree_ADD_TC_OP_groupi3978/g3842/z (u)     in_0->z F     unmapped_complex2      3  3.3     0    12     299  (145.2835,122.3465) 
  pp_fir_7_1_1_csa_tree_ADD_TC_OP_groupi3978/g4318/z (u)     in_0->z R     unmapped_complex3      2  2.4     0    10     309  (145.3045,121.4730) 
  pp_fir_7_1_1_csa_tree_ADD_TC_OP_groupi3978/g2276/z (u)     in_0->z R     unmapped_complex2      2  2.4     0    10     320  (146.3985,122.3225) 
  pp_fir_7_1_1_csa_tree_ADD_TC_OP_groupi3978/g4551/z (u)     in_1->z R     unmapped_complex3      2  2.4     0    19     339  (147.7995,120.2300) 
  pp_fir_7_1_1_csa_tree_ADD_TC_OP_groupi3978/g4648/z (u)     in_1->z R     unmapped_complex3      2  2.4     0    19     358  (146.6915,119.4720) 
  pp_fir_7_1_1_csa_tree_ADD_TC_OP_groupi3978/g4697/z (u)     in_2->z R     unmapped_complex3      2  2.4     0    19     377  (144.9480,118.2245) 
  pp_fir_7_1_1_csa_tree_ADD_TC_OP_groupi3978/g4738/z (u)     in_2->z R     unmapped_complex3      2  2.4     0    19     397  (143.5795,117.1560) 
  pp_fir_7_1_1_csa_tree_ADD_TC_OP_groupi3978/g4761/z (u)     in_2->z R     unmapped_complex3      2  2.4     0    19     416  (142.1255,116.5200) 
  pp_fir_7_1_1_csa_tree_ADD_TC_OP_groupi3978/g4776/z (u)     in_2->z R     unmapped_complex3      4  4.8     0    22     438  (141.0295,117.5995) 
  pp_fir_7_1_1_csa_tree_ADD_TC_OP_groupi3978/g4781/z (u)     in_0->z F     unmapped_complex4      1  1.1     0    20     458  (140.7820,129.0170) 
  pp_fir_7_1_1_csa_tree_ADD_TC_OP_groupi3978/g4802/z (u)     in_2->z R     unmapped_nand3         4  4.8     0    19     477  (140.0550,130.8985) 
  pp_fir_7_1_1_csa_tree_ADD_TC_OP_groupi3978/g4809/z (u)     in_1->z R     unmapped_complex4     10 12.0     0    33     510  (132.0625,135.4965) 
  pp_fir_7_1_1_csa_tree_ADD_TC_OP_groupi3978/g4801/z (u)     in_0->z F     unmapped_complex3      1  1.1     0    15     524  (125.2500,146.1975) 
  pp_fir_7_1_1_csa_tree_ADD_TC_OP_groupi3978/g4812/z (u)     in_0->z R     unmapped_complex4      1  1.2     0    15     539  (123.7410,146.4855) 
  pp_fir_7_1_1_csa_tree_ADD_TC_OP_groupi3978/g4841/z (u)     in_0->z R     unmapped_xnor2         1  1.2     0    18     556  (123.7120,147.4400) 
  pp_fir_7_1_1_g6025/z                               (u)     in_1->z R     unmapped_complex3      1  1.2     0    18     574  (125.3225,147.3255) 
  pp_fir_7_1_1_sum1_6_im_1_reg[22]/d                 -       -       R     unmapped_d_flop        1    -     -     0     574  (123.9260,148.2365) 
#-------------------------------------------------------------------------------------------------------------------------------------------------

(u) : Net has unmapped pin(s).



Path 23: VIOLATED (-9 ps) Setup Check with Pin pp_fir_7_1_1_sum1_6_im_1_reg[21]/clk->d
           View: view_wcl_slow
          Group: clk
     Startpoint: (R) pp_fir_7_1_1_Delay_Pipeline_reg_im_reg[20][2]/clk
          Clock: (R) clk
       Endpoint: (R) pp_fir_7_1_1_sum1_6_im_1_reg[21]/d
          Clock: (R) clk

                     Capture       Launch     
        Clock Edge:+     500            0     
       Src Latency:+       0            0     
       Net Latency:+     200 (I)      200 (I) 
           Arrival:=     700          200     
                                              
             Setup:-      10                  
       Uncertainty:-     125                  
     Required Time:=     565                  
      Launch Clock:-     200                  
         Data Path:-     374                  
             Slack:=      -9                  

#-------------------------------------------------------------------------------------------------------------------------------------------------
#                   Timing Point                     Flags    Arc    Edge       Cell         Fanout Load Trans Delay Arrival       Instance       
#                                                                                                   (fF)  (ps)  (ps)   (ps)        Location       
#-------------------------------------------------------------------------------------------------------------------------------------------------
  pp_fir_7_1_1_Delay_Pipeline_reg_im_reg[20][2]/clk  -       -       R     (arrival)           3622    -    25     0     200                (-,-) 
  pp_fir_7_1_1_Delay_Pipeline_reg_im_reg[20][2]/q    (u)     clk->q  R     unmapped_d_flop       10 12.0     0    68     268  (123.5920,119.6520) 
  pp_fir_7_1_1_csa_tree_ADD_TC_OP_groupi3978/g4244/z (u)     in_1->z F     unmapped_xor2          2  2.2     0    19     287  (144.4015,123.2685) 
  pp_fir_7_1_1_csa_tree_ADD_TC_OP_groupi3978/g3842/z (u)     in_0->z F     unmapped_complex2      3  3.3     0    12     299  (145.2835,122.3465) 
  pp_fir_7_1_1_csa_tree_ADD_TC_OP_groupi3978/g4318/z (u)     in_0->z R     unmapped_complex3      2  2.4     0    10     309  (145.3045,121.4730) 
  pp_fir_7_1_1_csa_tree_ADD_TC_OP_groupi3978/g2276/z (u)     in_0->z R     unmapped_complex2      2  2.4     0    10     320  (146.3985,122.3225) 
  pp_fir_7_1_1_csa_tree_ADD_TC_OP_groupi3978/g4551/z (u)     in_1->z R     unmapped_complex3      2  2.4     0    19     339  (147.7995,120.2300) 
  pp_fir_7_1_1_csa_tree_ADD_TC_OP_groupi3978/g4648/z (u)     in_1->z R     unmapped_complex3      2  2.4     0    19     358  (146.6915,119.4720) 
  pp_fir_7_1_1_csa_tree_ADD_TC_OP_groupi3978/g4697/z (u)     in_2->z R     unmapped_complex3      2  2.4     0    19     377  (144.9480,118.2245) 
  pp_fir_7_1_1_csa_tree_ADD_TC_OP_groupi3978/g4738/z (u)     in_2->z R     unmapped_complex3      2  2.4     0    19     397  (143.5795,117.1560) 
  pp_fir_7_1_1_csa_tree_ADD_TC_OP_groupi3978/g4761/z (u)     in_2->z R     unmapped_complex3      2  2.4     0    19     416  (142.1255,116.5200) 
  pp_fir_7_1_1_csa_tree_ADD_TC_OP_groupi3978/g4776/z (u)     in_2->z R     unmapped_complex3      4  4.8     0    22     438  (141.0295,117.5995) 
  pp_fir_7_1_1_csa_tree_ADD_TC_OP_groupi3978/g4781/z (u)     in_0->z F     unmapped_complex4      1  1.1     0    20     458  (140.7820,129.0170) 
  pp_fir_7_1_1_csa_tree_ADD_TC_OP_groupi3978/g4802/z (u)     in_2->z R     unmapped_nand3         4  4.8     0    19     477  (140.0550,130.8985) 
  pp_fir_7_1_1_csa_tree_ADD_TC_OP_groupi3978/g4809/z (u)     in_1->z R     unmapped_complex4     10 12.0     0    33     510  (132.0625,135.4965) 
  pp_fir_7_1_1_csa_tree_ADD_TC_OP_groupi3978/g4800/z (u)     in_0->z F     unmapped_complex3      1  1.1     0    15     524  (126.8495,145.7085) 
  pp_fir_7_1_1_csa_tree_ADD_TC_OP_groupi3978/g4818/z (u)     in_0->z R     unmapped_complex4      1  1.2     0    15     539  (126.7105,146.6095) 
  pp_fir_7_1_1_csa_tree_ADD_TC_OP_groupi3978/g4839/z (u)     in_0->z R     unmapped_xnor2         1  1.2     0    18     556  (126.6885,147.7010) 
  pp_fir_7_1_1_g6034/z                               (u)     in_1->z R     unmapped_complex3      1  1.2     0    18     574  (128.3170,147.6250) 
  pp_fir_7_1_1_sum1_6_im_1_reg[21]/d                 -       -       R     unmapped_d_flop        1    -     -     0     574  (127.6750,148.5355) 
#-------------------------------------------------------------------------------------------------------------------------------------------------

(u) : Net has unmapped pin(s).



Path 24: VIOLATED (-9 ps) Setup Check with Pin pp_fir_7_1_1_sum1_6_im_1_reg[19]/clk->d
           View: view_wcl_slow
          Group: clk
     Startpoint: (R) pp_fir_7_1_1_Delay_Pipeline_reg_im_reg[20][2]/clk
          Clock: (R) clk
       Endpoint: (R) pp_fir_7_1_1_sum1_6_im_1_reg[19]/d
          Clock: (R) clk

                     Capture       Launch     
        Clock Edge:+     500            0     
       Src Latency:+       0            0     
       Net Latency:+     200 (I)      200 (I) 
           Arrival:=     700          200     
                                              
             Setup:-      10                  
       Uncertainty:-     125                  
     Required Time:=     565                  
      Launch Clock:-     200                  
         Data Path:-     374                  
             Slack:=      -9                  

#-------------------------------------------------------------------------------------------------------------------------------------------------
#                   Timing Point                     Flags    Arc    Edge       Cell         Fanout Load Trans Delay Arrival       Instance       
#                                                                                                   (fF)  (ps)  (ps)   (ps)        Location       
#-------------------------------------------------------------------------------------------------------------------------------------------------
  pp_fir_7_1_1_Delay_Pipeline_reg_im_reg[20][2]/clk  -       -       R     (arrival)           3622    -    25     0     200                (-,-) 
  pp_fir_7_1_1_Delay_Pipeline_reg_im_reg[20][2]/q    (u)     clk->q  R     unmapped_d_flop       10 12.0     0    68     268  (123.5920,119.6520) 
  pp_fir_7_1_1_csa_tree_ADD_TC_OP_groupi3978/g4244/z (u)     in_1->z F     unmapped_xor2          2  2.2     0    19     287  (144.4015,123.2685) 
  pp_fir_7_1_1_csa_tree_ADD_TC_OP_groupi3978/g3842/z (u)     in_0->z F     unmapped_complex2      3  3.3     0    12     299  (145.2835,122.3465) 
  pp_fir_7_1_1_csa_tree_ADD_TC_OP_groupi3978/g4318/z (u)     in_0->z R     unmapped_complex3      2  2.4     0    10     309  (145.3045,121.4730) 
  pp_fir_7_1_1_csa_tree_ADD_TC_OP_groupi3978/g2276/z (u)     in_0->z R     unmapped_complex2      2  2.4     0    10     320  (146.3985,122.3225) 
  pp_fir_7_1_1_csa_tree_ADD_TC_OP_groupi3978/g4551/z (u)     in_1->z R     unmapped_complex3      2  2.4     0    19     339  (147.7995,120.2300) 
  pp_fir_7_1_1_csa_tree_ADD_TC_OP_groupi3978/g4648/z (u)     in_1->z R     unmapped_complex3      2  2.4     0    19     358  (146.6915,119.4720) 
  pp_fir_7_1_1_csa_tree_ADD_TC_OP_groupi3978/g4697/z (u)     in_2->z R     unmapped_complex3      2  2.4     0    19     377  (144.9480,118.2245) 
  pp_fir_7_1_1_csa_tree_ADD_TC_OP_groupi3978/g4738/z (u)     in_2->z R     unmapped_complex3      2  2.4     0    19     397  (143.5795,117.1560) 
  pp_fir_7_1_1_csa_tree_ADD_TC_OP_groupi3978/g4761/z (u)     in_2->z R     unmapped_complex3      2  2.4     0    19     416  (142.1255,116.5200) 
  pp_fir_7_1_1_csa_tree_ADD_TC_OP_groupi3978/g4776/z (u)     in_2->z R     unmapped_complex3      4  4.8     0    22     438  (141.0295,117.5995) 
  pp_fir_7_1_1_csa_tree_ADD_TC_OP_groupi3978/g4781/z (u)     in_0->z F     unmapped_complex4      1  1.1     0    20     458  (140.7820,129.0170) 
  pp_fir_7_1_1_csa_tree_ADD_TC_OP_groupi3978/g4802/z (u)     in_2->z R     unmapped_nand3         4  4.8     0    19     477  (140.0550,130.8985) 
  pp_fir_7_1_1_csa_tree_ADD_TC_OP_groupi3978/g4809/z (u)     in_1->z R     unmapped_complex4     10 12.0     0    33     510  (132.0625,135.4965) 
  pp_fir_7_1_1_csa_tree_ADD_TC_OP_groupi3978/g4796/z (u)     in_0->z F     unmapped_complex3      1  1.1     0    15     524  (124.9545,137.6135) 
  pp_fir_7_1_1_csa_tree_ADD_TC_OP_groupi3978/g4799/z (u)     in_0->z R     unmapped_complex4      1  1.2     0    15     539  (126.0640,138.0235) 
  pp_fir_7_1_1_csa_tree_ADD_TC_OP_groupi3978/g4851/z (u)     in_0->z R     unmapped_xnor2         1  1.2     0    18     556  (126.6500,138.6850) 
  pp_fir_7_1_1_g6041/z                               (u)     in_2->z R     unmapped_complex3      1  1.2     0    18     574  (128.2335,139.0670) 
  pp_fir_7_1_1_sum1_6_im_1_reg[19]/d                 -       -       R     unmapped_d_flop        1    -     -     0     574  (127.1270,139.8775) 
#-------------------------------------------------------------------------------------------------------------------------------------------------

(u) : Net has unmapped pin(s).



Path 25: VIOLATED (-4 ps) Setup Check with Pin pp_fir_7_1_1_sum1_9_re_1_reg[23]/clk->d
           View: view_wcl_slow
          Group: clk
     Startpoint: (R) pp_fir_7_1_1_Delay_Pipeline_reg_re_reg[15][2]/clk
          Clock: (R) clk
       Endpoint: (R) pp_fir_7_1_1_sum1_9_re_1_reg[23]/d
          Clock: (R) clk

                     Capture       Launch     
        Clock Edge:+     500            0     
       Src Latency:+       0            0     
       Net Latency:+     200 (I)      200 (I) 
           Arrival:=     700          200     
                                              
             Setup:-      10                  
       Uncertainty:-     125                  
     Required Time:=     565                  
      Launch Clock:-     200                  
         Data Path:-     370                  
             Slack:=      -4                  

#-----------------------------------------------------------------------------------------------------------------------------------------------
#                   Timing Point                     Flags    Arc    Edge       Cell         Fanout Load Trans Delay Arrival      Instance      
#                                                                                                   (fF)  (ps)  (ps)   (ps)       Location      
#-----------------------------------------------------------------------------------------------------------------------------------------------
  pp_fir_7_1_1_Delay_Pipeline_reg_re_reg[15][2]/clk  -       -       R     (arrival)           3622    -    25     0     200              (-,-) 
  pp_fir_7_1_1_Delay_Pipeline_reg_re_reg[15][2]/q    (u)     clk->q  R     unmapped_d_flop       13 15.6     0    70     270  (47.7935,68.0130) 
  pp_fir_7_1_1_csa_tree_ADD_TC_OP_groupi3973/g5388/z (u)     in_0->z R     unmapped_xor2          1  1.2     0    18     288  (52.5895,61.8245) 
  pp_fir_7_1_1_csa_tree_ADD_TC_OP_groupi3973/g5500/z (u)     in_0->z R     unmapped_xor2          3  3.6     0    21     308  (52.9235,60.9415) 
  pp_fir_7_1_1_csa_tree_ADD_TC_OP_groupi3973/g5655/z (u)     in_1->z F     unmapped_complex3      1  1.1     0    18     326  (53.5470,58.8920) 
  pp_fir_7_1_1_csa_tree_ADD_TC_OP_groupi3973/g5647/z (u)     in_0->z R     unmapped_complex3      2  2.4     0    10     336  (54.9125,59.1060) 
  pp_fir_7_1_1_csa_tree_ADD_TC_OP_groupi3973/g5842/z (u)     in_2->z R     unmapped_complex3      2  2.4     0    19     356  (56.1940,57.8650) 
  pp_fir_7_1_1_csa_tree_ADD_TC_OP_groupi3973/g5944/z (u)     in_2->z R     unmapped_complex3      2  2.4     0    19     375  (57.2605,57.1195) 
  pp_fir_7_1_1_csa_tree_ADD_TC_OP_groupi3973/g5992/z (u)     in_2->z R     unmapped_complex3      2  2.4     0    19     394  (55.3850,55.4135) 
  pp_fir_7_1_1_csa_tree_ADD_TC_OP_groupi3973/g6037/z (u)     in_2->z R     unmapped_complex3      2  2.4     0    19     413  (52.9305,56.1155) 
  pp_fir_7_1_1_csa_tree_ADD_TC_OP_groupi3973/g6062/z (u)     in_2->z R     unmapped_complex3      4  4.8     0    22     435  (50.2015,54.9015) 
  pp_fir_7_1_1_csa_tree_ADD_TC_OP_groupi3973/g6072/z (u)     in_0->z F     unmapped_complex4      1  1.1     0    20     455  (44.9910,55.1065) 
  pp_fir_7_1_1_csa_tree_ADD_TC_OP_groupi3973/g6090/z (u)     in_0->z R     unmapped_nand3         4  4.8     0    19     474  (44.9325,56.9895) 
  pp_fir_7_1_1_csa_tree_ADD_TC_OP_groupi3973/g6103/z (u)     in_1->z R     unmapped_complex4     15 18.0     0    36     511  (57.1165,66.2665) 
  pp_fir_7_1_1_csa_tree_ADD_TC_OP_groupi3973/g6122/z (u)     in_1->z R     unmapped_complex4      1  1.2     0    23     534  (75.1760,81.0410) 
  pp_fir_7_1_1_csa_tree_ADD_TC_OP_groupi3973/g6160/z (u)     in_0->z R     unmapped_xnor2         1  1.2     0    18     552  (75.8670,82.0510) 
  pp_fir_7_1_1_g5787/z                               (u)     in_1->z R     unmapped_complex3      1  1.2     0    18     570  (77.0380,82.3910) 
  pp_fir_7_1_1_sum1_9_re_1_reg[23]/d                 -       -       R     unmapped_d_flop        1    -     -     0     570  (77.9400,81.9970) 
#-----------------------------------------------------------------------------------------------------------------------------------------------

(u) : Net has unmapped pin(s).



Path 26: VIOLATED (-4 ps) Setup Check with Pin pp_fir_7_1_1_sum1_9_re_1_reg[22]/clk->d
           View: view_wcl_slow
          Group: clk
     Startpoint: (R) pp_fir_7_1_1_Delay_Pipeline_reg_re_reg[15][2]/clk
          Clock: (R) clk
       Endpoint: (R) pp_fir_7_1_1_sum1_9_re_1_reg[22]/d
          Clock: (R) clk

                     Capture       Launch     
        Clock Edge:+     500            0     
       Src Latency:+       0            0     
       Net Latency:+     200 (I)      200 (I) 
           Arrival:=     700          200     
                                              
             Setup:-      10                  
       Uncertainty:-     125                  
     Required Time:=     565                  
      Launch Clock:-     200                  
         Data Path:-     370                  
             Slack:=      -4                  

#-----------------------------------------------------------------------------------------------------------------------------------------------
#                   Timing Point                     Flags    Arc    Edge       Cell         Fanout Load Trans Delay Arrival      Instance      
#                                                                                                   (fF)  (ps)  (ps)   (ps)       Location      
#-----------------------------------------------------------------------------------------------------------------------------------------------
  pp_fir_7_1_1_Delay_Pipeline_reg_re_reg[15][2]/clk  -       -       R     (arrival)           3622    -    25     0     200              (-,-) 
  pp_fir_7_1_1_Delay_Pipeline_reg_re_reg[15][2]/q    (u)     clk->q  R     unmapped_d_flop       13 15.6     0    70     270  (47.7935,68.0130) 
  pp_fir_7_1_1_csa_tree_ADD_TC_OP_groupi3973/g5388/z (u)     in_0->z R     unmapped_xor2          1  1.2     0    18     288  (52.5895,61.8245) 
  pp_fir_7_1_1_csa_tree_ADD_TC_OP_groupi3973/g5500/z (u)     in_0->z R     unmapped_xor2          3  3.6     0    21     308  (52.9235,60.9415) 
  pp_fir_7_1_1_csa_tree_ADD_TC_OP_groupi3973/g5655/z (u)     in_1->z F     unmapped_complex3      1  1.1     0    18     326  (53.5470,58.8920) 
  pp_fir_7_1_1_csa_tree_ADD_TC_OP_groupi3973/g5647/z (u)     in_0->z R     unmapped_complex3      2  2.4     0    10     336  (54.9125,59.1060) 
  pp_fir_7_1_1_csa_tree_ADD_TC_OP_groupi3973/g5842/z (u)     in_2->z R     unmapped_complex3      2  2.4     0    19     356  (56.1940,57.8650) 
  pp_fir_7_1_1_csa_tree_ADD_TC_OP_groupi3973/g5944/z (u)     in_2->z R     unmapped_complex3      2  2.4     0    19     375  (57.2605,57.1195) 
  pp_fir_7_1_1_csa_tree_ADD_TC_OP_groupi3973/g5992/z (u)     in_2->z R     unmapped_complex3      2  2.4     0    19     394  (55.3850,55.4135) 
  pp_fir_7_1_1_csa_tree_ADD_TC_OP_groupi3973/g6037/z (u)     in_2->z R     unmapped_complex3      2  2.4     0    19     413  (52.9305,56.1155) 
  pp_fir_7_1_1_csa_tree_ADD_TC_OP_groupi3973/g6062/z (u)     in_2->z R     unmapped_complex3      4  4.8     0    22     435  (50.2015,54.9015) 
  pp_fir_7_1_1_csa_tree_ADD_TC_OP_groupi3973/g6072/z (u)     in_0->z F     unmapped_complex4      1  1.1     0    20     455  (44.9910,55.1065) 
  pp_fir_7_1_1_csa_tree_ADD_TC_OP_groupi3973/g6090/z (u)     in_0->z R     unmapped_nand3         4  4.8     0    19     474  (44.9325,56.9895) 
  pp_fir_7_1_1_csa_tree_ADD_TC_OP_groupi3973/g6103/z (u)     in_1->z R     unmapped_complex4     15 18.0     0    36     511  (57.1165,66.2665) 
  pp_fir_7_1_1_csa_tree_ADD_TC_OP_groupi3973/g6129/z (u)     in_1->z R     unmapped_complex4      1  1.2     0    23     534  (74.3035,80.1725) 
  pp_fir_7_1_1_csa_tree_ADD_TC_OP_groupi3973/g6165/z (u)     in_0->z R     unmapped_xnor2         1  1.2     0    18     552  (75.8510,79.8995) 
  pp_fir_7_1_1_g5886/z                               (u)     in_1->z R     unmapped_complex3      1  1.2     0    18     570  (77.2555,80.3145) 
  pp_fir_7_1_1_sum1_9_re_1_reg[22]/d                 -       -       R     unmapped_d_flop        1    -     -     0     570  (76.3570,81.2330) 
#-----------------------------------------------------------------------------------------------------------------------------------------------

(u) : Net has unmapped pin(s).



Path 27: VIOLATED (-4 ps) Setup Check with Pin pp_fir_7_1_1_sum1_9_re_1_reg[21]/clk->d
           View: view_wcl_slow
          Group: clk
     Startpoint: (R) pp_fir_7_1_1_Delay_Pipeline_reg_re_reg[15][2]/clk
          Clock: (R) clk
       Endpoint: (R) pp_fir_7_1_1_sum1_9_re_1_reg[21]/d
          Clock: (R) clk

                     Capture       Launch     
        Clock Edge:+     500            0     
       Src Latency:+       0            0     
       Net Latency:+     200 (I)      200 (I) 
           Arrival:=     700          200     
                                              
             Setup:-      10                  
       Uncertainty:-     125                  
     Required Time:=     565                  
      Launch Clock:-     200                  
         Data Path:-     370                  
             Slack:=      -4                  

#-----------------------------------------------------------------------------------------------------------------------------------------------
#                   Timing Point                     Flags    Arc    Edge       Cell         Fanout Load Trans Delay Arrival      Instance      
#                                                                                                   (fF)  (ps)  (ps)   (ps)       Location      
#-----------------------------------------------------------------------------------------------------------------------------------------------
  pp_fir_7_1_1_Delay_Pipeline_reg_re_reg[15][2]/clk  -       -       R     (arrival)           3622    -    25     0     200              (-,-) 
  pp_fir_7_1_1_Delay_Pipeline_reg_re_reg[15][2]/q    (u)     clk->q  R     unmapped_d_flop       13 15.6     0    70     270  (47.7935,68.0130) 
  pp_fir_7_1_1_csa_tree_ADD_TC_OP_groupi3973/g5388/z (u)     in_0->z R     unmapped_xor2          1  1.2     0    18     288  (52.5895,61.8245) 
  pp_fir_7_1_1_csa_tree_ADD_TC_OP_groupi3973/g5500/z (u)     in_0->z R     unmapped_xor2          3  3.6     0    21     308  (52.9235,60.9415) 
  pp_fir_7_1_1_csa_tree_ADD_TC_OP_groupi3973/g5655/z (u)     in_1->z F     unmapped_complex3      1  1.1     0    18     326  (53.5470,58.8920) 
  pp_fir_7_1_1_csa_tree_ADD_TC_OP_groupi3973/g5647/z (u)     in_0->z R     unmapped_complex3      2  2.4     0    10     336  (54.9125,59.1060) 
  pp_fir_7_1_1_csa_tree_ADD_TC_OP_groupi3973/g5842/z (u)     in_2->z R     unmapped_complex3      2  2.4     0    19     356  (56.1940,57.8650) 
  pp_fir_7_1_1_csa_tree_ADD_TC_OP_groupi3973/g5944/z (u)     in_2->z R     unmapped_complex3      2  2.4     0    19     375  (57.2605,57.1195) 
  pp_fir_7_1_1_csa_tree_ADD_TC_OP_groupi3973/g5992/z (u)     in_2->z R     unmapped_complex3      2  2.4     0    19     394  (55.3850,55.4135) 
  pp_fir_7_1_1_csa_tree_ADD_TC_OP_groupi3973/g6037/z (u)     in_2->z R     unmapped_complex3      2  2.4     0    19     413  (52.9305,56.1155) 
  pp_fir_7_1_1_csa_tree_ADD_TC_OP_groupi3973/g6062/z (u)     in_2->z R     unmapped_complex3      4  4.8     0    22     435  (50.2015,54.9015) 
  pp_fir_7_1_1_csa_tree_ADD_TC_OP_groupi3973/g6072/z (u)     in_0->z F     unmapped_complex4      1  1.1     0    20     455  (44.9910,55.1065) 
  pp_fir_7_1_1_csa_tree_ADD_TC_OP_groupi3973/g6090/z (u)     in_0->z R     unmapped_nand3         4  4.8     0    19     474  (44.9325,56.9895) 
  pp_fir_7_1_1_csa_tree_ADD_TC_OP_groupi3973/g6103/z (u)     in_1->z R     unmapped_complex4     15 18.0     0    36     511  (57.1165,66.2665) 
  pp_fir_7_1_1_csa_tree_ADD_TC_OP_groupi3973/g6125/z (u)     in_1->z R     unmapped_complex4      1  1.2     0    23     534  (74.0945,78.3915) 
  pp_fir_7_1_1_csa_tree_ADD_TC_OP_groupi3973/g6163/z (u)     in_0->z R     unmapped_xnor2         1  1.2     0    18     552  (75.3225,78.8700) 
  pp_fir_7_1_1_g5936/z                               (u)     in_1->z R     unmapped_complex3      1  1.2     0    18     570  (76.6690,78.9310) 
  pp_fir_7_1_1_sum1_9_re_1_reg[21]/d                 -       -       R     unmapped_d_flop        1    -     -     0     570  (75.4825,77.9350) 
#-----------------------------------------------------------------------------------------------------------------------------------------------

(u) : Net has unmapped pin(s).



Path 28: VIOLATED (-4 ps) Setup Check with Pin pp_fir_7_1_1_sum1_9_im_1_reg[23]/clk->d
           View: view_wcl_slow
          Group: clk
     Startpoint: (R) pp_fir_7_1_1_Delay_Pipeline_reg_im_reg[15][2]/clk
          Clock: (R) clk
       Endpoint: (R) pp_fir_7_1_1_sum1_9_im_1_reg[23]/d
          Clock: (R) clk

                     Capture       Launch     
        Clock Edge:+     500            0     
       Src Latency:+       0            0     
       Net Latency:+     200 (I)      200 (I) 
           Arrival:=     700          200     
                                              
             Setup:-      10                  
       Uncertainty:-     125                  
     Required Time:=     565                  
      Launch Clock:-     200                  
         Data Path:-     370                  
             Slack:=      -4                  

#------------------------------------------------------------------------------------------------------------------------------------------------
#                   Timing Point                     Flags    Arc    Edge       Cell         Fanout Load Trans Delay Arrival       Instance      
#                                                                                                   (fF)  (ps)  (ps)   (ps)        Location      
#------------------------------------------------------------------------------------------------------------------------------------------------
  pp_fir_7_1_1_Delay_Pipeline_reg_im_reg[15][2]/clk  -       -       R     (arrival)           3622    -    25     0     200               (-,-) 
  pp_fir_7_1_1_Delay_Pipeline_reg_im_reg[15][2]/q    (u)     clk->q  R     unmapped_d_flop       13 15.6     0    70     270  (186.1450,79.8415) 
  pp_fir_7_1_1_csa_tree_ADD_TC_OP_groupi3972/g5388/z (u)     in_0->z R     unmapped_xor2          1  1.2     0    18     288  (189.0875,78.3490) 
  pp_fir_7_1_1_csa_tree_ADD_TC_OP_groupi3972/g5500/z (u)     in_0->z R     unmapped_xor2          3  3.6     0    21     308  (188.5010,77.3485) 
  pp_fir_7_1_1_csa_tree_ADD_TC_OP_groupi3972/g5655/z (u)     in_1->z F     unmapped_complex3      1  1.1     0    18     326  (189.9190,77.3960) 
  pp_fir_7_1_1_csa_tree_ADD_TC_OP_groupi3972/g5647/z (u)     in_0->z R     unmapped_complex3      2  2.4     0    10     336  (190.0705,76.4310) 
  pp_fir_7_1_1_csa_tree_ADD_TC_OP_groupi3972/g5842/z (u)     in_2->z R     unmapped_complex3      2  2.4     0    19     356  (191.7980,72.6450) 
  pp_fir_7_1_1_csa_tree_ADD_TC_OP_groupi3972/g5944/z (u)     in_2->z R     unmapped_complex3      2  2.4     0    19     375  (195.7895,72.2585) 
  pp_fir_7_1_1_csa_tree_ADD_TC_OP_groupi3972/g5992/z (u)     in_2->z R     unmapped_complex3      2  2.4     0    19     394  (197.7625,73.6285) 
  pp_fir_7_1_1_csa_tree_ADD_TC_OP_groupi3972/g6037/z (u)     in_2->z R     unmapped_complex3      2  2.4     0    19     413  (200.7640,74.7010) 
  pp_fir_7_1_1_csa_tree_ADD_TC_OP_groupi3972/g6062/z (u)     in_2->z R     unmapped_complex3      4  4.8     0    22     435  (202.5540,76.7335) 
  pp_fir_7_1_1_csa_tree_ADD_TC_OP_groupi3972/g6072/z (u)     in_0->z F     unmapped_complex4      1  1.1     0    20     455  (205.0615,83.7605) 
  pp_fir_7_1_1_csa_tree_ADD_TC_OP_groupi3972/g6090/z (u)     in_0->z R     unmapped_nand3         4  4.8     0    19     474  (205.4555,85.8480) 
  pp_fir_7_1_1_csa_tree_ADD_TC_OP_groupi3972/g6103/z (u)     in_1->z R     unmapped_complex4     15 18.0     0    36     511  (199.5150,91.3300) 
  pp_fir_7_1_1_csa_tree_ADD_TC_OP_groupi3972/g6122/z (u)     in_1->z R     unmapped_complex4      1  1.2     0    23     534  (170.5715,70.4220) 
  pp_fir_7_1_1_csa_tree_ADD_TC_OP_groupi3972/g6160/z (u)     in_0->z R     unmapped_xnor2         1  1.2     0    18     552  (170.5805,69.4775) 
  pp_fir_7_1_1_g5854/z                               (u)     in_1->z R     unmapped_complex3      1  1.2     0    18     570  (171.4625,68.6405) 
  pp_fir_7_1_1_sum1_9_im_1_reg[23]/d                 -       -       R     unmapped_d_flop        1    -     -     0     570  (170.6615,67.6035) 
#------------------------------------------------------------------------------------------------------------------------------------------------

(u) : Net has unmapped pin(s).



Path 29: VIOLATED (-4 ps) Setup Check with Pin pp_fir_7_1_1_sum1_9_im_1_reg[22]/clk->d
           View: view_wcl_slow
          Group: clk
     Startpoint: (R) pp_fir_7_1_1_Delay_Pipeline_reg_im_reg[15][2]/clk
          Clock: (R) clk
       Endpoint: (R) pp_fir_7_1_1_sum1_9_im_1_reg[22]/d
          Clock: (R) clk

                     Capture       Launch     
        Clock Edge:+     500            0     
       Src Latency:+       0            0     
       Net Latency:+     200 (I)      200 (I) 
           Arrival:=     700          200     
                                              
             Setup:-      10                  
       Uncertainty:-     125                  
     Required Time:=     565                  
      Launch Clock:-     200                  
         Data Path:-     370                  
             Slack:=      -4                  

#------------------------------------------------------------------------------------------------------------------------------------------------
#                   Timing Point                     Flags    Arc    Edge       Cell         Fanout Load Trans Delay Arrival       Instance      
#                                                                                                   (fF)  (ps)  (ps)   (ps)        Location      
#------------------------------------------------------------------------------------------------------------------------------------------------
  pp_fir_7_1_1_Delay_Pipeline_reg_im_reg[15][2]/clk  -       -       R     (arrival)           3622    -    25     0     200               (-,-) 
  pp_fir_7_1_1_Delay_Pipeline_reg_im_reg[15][2]/q    (u)     clk->q  R     unmapped_d_flop       13 15.6     0    70     270  (186.1450,79.8415) 
  pp_fir_7_1_1_csa_tree_ADD_TC_OP_groupi3972/g5388/z (u)     in_0->z R     unmapped_xor2          1  1.2     0    18     288  (189.0875,78.3490) 
  pp_fir_7_1_1_csa_tree_ADD_TC_OP_groupi3972/g5500/z (u)     in_0->z R     unmapped_xor2          3  3.6     0    21     308  (188.5010,77.3485) 
  pp_fir_7_1_1_csa_tree_ADD_TC_OP_groupi3972/g5655/z (u)     in_1->z F     unmapped_complex3      1  1.1     0    18     326  (189.9190,77.3960) 
  pp_fir_7_1_1_csa_tree_ADD_TC_OP_groupi3972/g5647/z (u)     in_0->z R     unmapped_complex3      2  2.4     0    10     336  (190.0705,76.4310) 
  pp_fir_7_1_1_csa_tree_ADD_TC_OP_groupi3972/g5842/z (u)     in_2->z R     unmapped_complex3      2  2.4     0    19     356  (191.7980,72.6450) 
  pp_fir_7_1_1_csa_tree_ADD_TC_OP_groupi3972/g5944/z (u)     in_2->z R     unmapped_complex3      2  2.4     0    19     375  (195.7895,72.2585) 
  pp_fir_7_1_1_csa_tree_ADD_TC_OP_groupi3972/g5992/z (u)     in_2->z R     unmapped_complex3      2  2.4     0    19     394  (197.7625,73.6285) 
  pp_fir_7_1_1_csa_tree_ADD_TC_OP_groupi3972/g6037/z (u)     in_2->z R     unmapped_complex3      2  2.4     0    19     413  (200.7640,74.7010) 
  pp_fir_7_1_1_csa_tree_ADD_TC_OP_groupi3972/g6062/z (u)     in_2->z R     unmapped_complex3      4  4.8     0    22     435  (202.5540,76.7335) 
  pp_fir_7_1_1_csa_tree_ADD_TC_OP_groupi3972/g6072/z (u)     in_0->z F     unmapped_complex4      1  1.1     0    20     455  (205.0615,83.7605) 
  pp_fir_7_1_1_csa_tree_ADD_TC_OP_groupi3972/g6090/z (u)     in_0->z R     unmapped_nand3         4  4.8     0    19     474  (205.4555,85.8480) 
  pp_fir_7_1_1_csa_tree_ADD_TC_OP_groupi3972/g6103/z (u)     in_1->z R     unmapped_complex4     15 18.0     0    36     511  (199.5150,91.3300) 
  pp_fir_7_1_1_csa_tree_ADD_TC_OP_groupi3972/g6129/z (u)     in_1->z R     unmapped_complex4      1  1.2     0    23     534  (173.6135,70.7745) 
  pp_fir_7_1_1_csa_tree_ADD_TC_OP_groupi3972/g6165/z (u)     in_0->z R     unmapped_xnor2         1  1.2     0    18     552  (173.0645,69.7820) 
  pp_fir_7_1_1_g5880/z                               (u)     in_1->z R     unmapped_complex3      1  1.2     0    18     570  (173.5950,67.7000) 
  pp_fir_7_1_1_sum1_9_im_1_reg[22]/d                 -       -       R     unmapped_d_flop        1    -     -     0     570  (172.7180,66.6765) 
#------------------------------------------------------------------------------------------------------------------------------------------------

(u) : Net has unmapped pin(s).



Path 30: VIOLATED (-4 ps) Setup Check with Pin pp_fir_7_1_1_sum1_9_im_1_reg[21]/clk->d
           View: view_wcl_slow
          Group: clk
     Startpoint: (R) pp_fir_7_1_1_Delay_Pipeline_reg_im_reg[15][2]/clk
          Clock: (R) clk
       Endpoint: (R) pp_fir_7_1_1_sum1_9_im_1_reg[21]/d
          Clock: (R) clk

                     Capture       Launch     
        Clock Edge:+     500            0     
       Src Latency:+       0            0     
       Net Latency:+     200 (I)      200 (I) 
           Arrival:=     700          200     
                                              
             Setup:-      10                  
       Uncertainty:-     125                  
     Required Time:=     565                  
      Launch Clock:-     200                  
         Data Path:-     370                  
             Slack:=      -4                  

#------------------------------------------------------------------------------------------------------------------------------------------------
#                   Timing Point                     Flags    Arc    Edge       Cell         Fanout Load Trans Delay Arrival       Instance      
#                                                                                                   (fF)  (ps)  (ps)   (ps)        Location      
#------------------------------------------------------------------------------------------------------------------------------------------------
  pp_fir_7_1_1_Delay_Pipeline_reg_im_reg[15][2]/clk  -       -       R     (arrival)           3622    -    25     0     200               (-,-) 
  pp_fir_7_1_1_Delay_Pipeline_reg_im_reg[15][2]/q    (u)     clk->q  R     unmapped_d_flop       13 15.6     0    70     270  (186.1450,79.8415) 
  pp_fir_7_1_1_csa_tree_ADD_TC_OP_groupi3972/g5388/z (u)     in_0->z R     unmapped_xor2          1  1.2     0    18     288  (189.0875,78.3490) 
  pp_fir_7_1_1_csa_tree_ADD_TC_OP_groupi3972/g5500/z (u)     in_0->z R     unmapped_xor2          3  3.6     0    21     308  (188.5010,77.3485) 
  pp_fir_7_1_1_csa_tree_ADD_TC_OP_groupi3972/g5655/z (u)     in_1->z F     unmapped_complex3      1  1.1     0    18     326  (189.9190,77.3960) 
  pp_fir_7_1_1_csa_tree_ADD_TC_OP_groupi3972/g5647/z (u)     in_0->z R     unmapped_complex3      2  2.4     0    10     336  (190.0705,76.4310) 
  pp_fir_7_1_1_csa_tree_ADD_TC_OP_groupi3972/g5842/z (u)     in_2->z R     unmapped_complex3      2  2.4     0    19     356  (191.7980,72.6450) 
  pp_fir_7_1_1_csa_tree_ADD_TC_OP_groupi3972/g5944/z (u)     in_2->z R     unmapped_complex3      2  2.4     0    19     375  (195.7895,72.2585) 
  pp_fir_7_1_1_csa_tree_ADD_TC_OP_groupi3972/g5992/z (u)     in_2->z R     unmapped_complex3      2  2.4     0    19     394  (197.7625,73.6285) 
  pp_fir_7_1_1_csa_tree_ADD_TC_OP_groupi3972/g6037/z (u)     in_2->z R     unmapped_complex3      2  2.4     0    19     413  (200.7640,74.7010) 
  pp_fir_7_1_1_csa_tree_ADD_TC_OP_groupi3972/g6062/z (u)     in_2->z R     unmapped_complex3      4  4.8     0    22     435  (202.5540,76.7335) 
  pp_fir_7_1_1_csa_tree_ADD_TC_OP_groupi3972/g6072/z (u)     in_0->z F     unmapped_complex4      1  1.1     0    20     455  (205.0615,83.7605) 
  pp_fir_7_1_1_csa_tree_ADD_TC_OP_groupi3972/g6090/z (u)     in_0->z R     unmapped_nand3         4  4.8     0    19     474  (205.4555,85.8480) 
  pp_fir_7_1_1_csa_tree_ADD_TC_OP_groupi3972/g6103/z (u)     in_1->z R     unmapped_complex4     15 18.0     0    36     511  (199.5150,91.3300) 
  pp_fir_7_1_1_csa_tree_ADD_TC_OP_groupi3972/g6125/z (u)     in_1->z R     unmapped_complex4      1  1.2     0    23     534  (173.4900,72.9460) 
  pp_fir_7_1_1_csa_tree_ADD_TC_OP_groupi3972/g6163/z (u)     in_0->z R     unmapped_xnor2         1  1.2     0    18     552  (173.9610,72.0355) 
  pp_fir_7_1_1_g5935/z                               (u)     in_1->z R     unmapped_complex3      1  1.2     0    18     570  (174.4970,69.3535) 
  pp_fir_7_1_1_sum1_9_im_1_reg[21]/d                 -       -       R     unmapped_d_flop        1    -     -     0     570  (172.6310,68.6260) 
#------------------------------------------------------------------------------------------------------------------------------------------------

(u) : Net has unmapped pin(s).



Path 31: VIOLATED (-3 ps) Setup Check with Pin pp_fir_7_1_1_sum1_6_re_1_reg[25]/clk->d
           View: view_wcl_slow
          Group: clk
     Startpoint: (R) pp_fir_7_1_1_Delay_Pipeline_reg_re_reg[20][2]/clk
          Clock: (R) clk
       Endpoint: (R) pp_fir_7_1_1_sum1_6_re_1_reg[25]/d
          Clock: (R) clk

                     Capture       Launch     
        Clock Edge:+     500            0     
       Src Latency:+       0            0     
       Net Latency:+     200 (I)      200 (I) 
           Arrival:=     700          200     
                                              
             Setup:-      10                  
       Uncertainty:-     125                  
     Required Time:=     565                  
      Launch Clock:-     200                  
         Data Path:-     368                  
             Slack:=      -3                  

#------------------------------------------------------------------------------------------------------------------------------------------------
#                   Timing Point                     Flags    Arc    Edge       Cell         Fanout Load Trans Delay Arrival       Instance      
#                                                                                                   (fF)  (ps)  (ps)   (ps)        Location      
#------------------------------------------------------------------------------------------------------------------------------------------------
  pp_fir_7_1_1_Delay_Pipeline_reg_re_reg[20][2]/clk  -       -       R     (arrival)           3622    -    25     0     200               (-,-) 
  pp_fir_7_1_1_Delay_Pipeline_reg_re_reg[20][2]/q    (u)     clk->q  R     unmapped_d_flop       10 12.0     0    68     268  (14.9575,119.6325) 
  pp_fir_7_1_1_csa_tree_ADD_TC_OP_groupi3979/g4244/z (u)     in_1->z F     unmapped_xor2          2  2.2     0    19     287  (19.9055,120.6445) 
  pp_fir_7_1_1_csa_tree_ADD_TC_OP_groupi3979/g3842/z (u)     in_0->z F     unmapped_complex2      3  3.3     0    12     299  (21.3885,120.1060) 
  pp_fir_7_1_1_csa_tree_ADD_TC_OP_groupi3979/g4318/z (u)     in_0->z R     unmapped_complex3      2  2.4     0    10     309  (22.4985,119.0975) 
  pp_fir_7_1_1_csa_tree_ADD_TC_OP_groupi3979/g2276/z (u)     in_0->z R     unmapped_complex2      2  2.4     0    10     320  (23.9120,119.5095) 
  pp_fir_7_1_1_csa_tree_ADD_TC_OP_groupi3979/g4551/z (u)     in_1->z R     unmapped_complex3      2  2.4     0    19     339  (24.7120,118.6465) 
  pp_fir_7_1_1_csa_tree_ADD_TC_OP_groupi3979/g4648/z (u)     in_1->z R     unmapped_complex3      2  2.4     0    19     358  (24.8805,120.5315) 
  pp_fir_7_1_1_csa_tree_ADD_TC_OP_groupi3979/g4697/z (u)     in_2->z R     unmapped_complex3      2  2.4     0    19     377  (26.0075,122.3220) 
  pp_fir_7_1_1_csa_tree_ADD_TC_OP_groupi3979/g4738/z (u)     in_2->z R     unmapped_complex3      2  2.4     0    19     397  (27.3120,123.0100) 
  pp_fir_7_1_1_csa_tree_ADD_TC_OP_groupi3979/g4761/z (u)     in_2->z R     unmapped_complex3      2  2.4     0    19     416  (27.1310,124.5285) 
  pp_fir_7_1_1_csa_tree_ADD_TC_OP_groupi3979/g4776/z (u)     in_2->z R     unmapped_complex3      4  4.8     0    22     438  (27.0150,126.5705) 
  pp_fir_7_1_1_csa_tree_ADD_TC_OP_groupi3979/g4781/z (u)     in_0->z F     unmapped_complex4      1  1.1     0    20     458  (26.7700,132.5730) 
  pp_fir_7_1_1_csa_tree_ADD_TC_OP_groupi3979/g4802/z (u)     in_2->z R     unmapped_nand3         4  4.8     0    19     477  (27.1340,134.3970) 
  pp_fir_7_1_1_csa_tree_ADD_TC_OP_groupi3979/g4809/z (u)     in_1->z R     unmapped_complex4     10 12.0     0    33     510  (21.5515,139.9740) 
  pp_fir_7_1_1_csa_tree_ADD_TC_OP_groupi3979/g4826/z (u)     in_1->z R     unmapped_complex4      1  1.2     0    23     533  (16.7065,148.8680) 
  pp_fir_7_1_1_csa_tree_ADD_TC_OP_groupi3979/g4854/z (u)     in_0->z R     unmapped_xnor2         1  1.2     0    18     551  (19.5295,149.0395) 
  pp_fir_7_1_1_g5988/z                               (u)     in_1->z R     unmapped_complex3      1  1.2     0    18     568  (21.3520,148.9540) 
  pp_fir_7_1_1_sum1_6_re_1_reg[25]/d                 -       -       R     unmapped_d_flop        1    -     -     0     568  (20.2030,149.8745) 
#------------------------------------------------------------------------------------------------------------------------------------------------

(u) : Net has unmapped pin(s).



Path 32: VIOLATED (-3 ps) Setup Check with Pin pp_fir_7_1_1_sum1_6_im_1_reg[25]/clk->d
           View: view_wcl_slow
          Group: clk
     Startpoint: (R) pp_fir_7_1_1_Delay_Pipeline_reg_im_reg[20][2]/clk
          Clock: (R) clk
       Endpoint: (R) pp_fir_7_1_1_sum1_6_im_1_reg[25]/d
          Clock: (R) clk

                     Capture       Launch     
        Clock Edge:+     500            0     
       Src Latency:+       0            0     
       Net Latency:+     200 (I)      200 (I) 
           Arrival:=     700          200     
                                              
             Setup:-      10                  
       Uncertainty:-     125                  
     Required Time:=     565                  
      Launch Clock:-     200                  
         Data Path:-     368                  
             Slack:=      -3                  

#-------------------------------------------------------------------------------------------------------------------------------------------------
#                   Timing Point                     Flags    Arc    Edge       Cell         Fanout Load Trans Delay Arrival       Instance       
#                                                                                                   (fF)  (ps)  (ps)   (ps)        Location       
#-------------------------------------------------------------------------------------------------------------------------------------------------
  pp_fir_7_1_1_Delay_Pipeline_reg_im_reg[20][2]/clk  -       -       R     (arrival)           3622    -    25     0     200                (-,-) 
  pp_fir_7_1_1_Delay_Pipeline_reg_im_reg[20][2]/q    (u)     clk->q  R     unmapped_d_flop       10 12.0     0    68     268  (123.5920,119.6520) 
  pp_fir_7_1_1_csa_tree_ADD_TC_OP_groupi3978/g4244/z (u)     in_1->z F     unmapped_xor2          2  2.2     0    19     287  (144.4015,123.2685) 
  pp_fir_7_1_1_csa_tree_ADD_TC_OP_groupi3978/g3842/z (u)     in_0->z F     unmapped_complex2      3  3.3     0    12     299  (145.2835,122.3465) 
  pp_fir_7_1_1_csa_tree_ADD_TC_OP_groupi3978/g4318/z (u)     in_0->z R     unmapped_complex3      2  2.4     0    10     309  (145.3045,121.4730) 
  pp_fir_7_1_1_csa_tree_ADD_TC_OP_groupi3978/g2276/z (u)     in_0->z R     unmapped_complex2      2  2.4     0    10     320  (146.3985,122.3225) 
  pp_fir_7_1_1_csa_tree_ADD_TC_OP_groupi3978/g4551/z (u)     in_1->z R     unmapped_complex3      2  2.4     0    19     339  (147.7995,120.2300) 
  pp_fir_7_1_1_csa_tree_ADD_TC_OP_groupi3978/g4648/z (u)     in_1->z R     unmapped_complex3      2  2.4     0    19     358  (146.6915,119.4720) 
  pp_fir_7_1_1_csa_tree_ADD_TC_OP_groupi3978/g4697/z (u)     in_2->z R     unmapped_complex3      2  2.4     0    19     377  (144.9480,118.2245) 
  pp_fir_7_1_1_csa_tree_ADD_TC_OP_groupi3978/g4738/z (u)     in_2->z R     unmapped_complex3      2  2.4     0    19     397  (143.5795,117.1560) 
  pp_fir_7_1_1_csa_tree_ADD_TC_OP_groupi3978/g4761/z (u)     in_2->z R     unmapped_complex3      2  2.4     0    19     416  (142.1255,116.5200) 
  pp_fir_7_1_1_csa_tree_ADD_TC_OP_groupi3978/g4776/z (u)     in_2->z R     unmapped_complex3      4  4.8     0    22     438  (141.0295,117.5995) 
  pp_fir_7_1_1_csa_tree_ADD_TC_OP_groupi3978/g4781/z (u)     in_0->z F     unmapped_complex4      1  1.1     0    20     458  (140.7820,129.0170) 
  pp_fir_7_1_1_csa_tree_ADD_TC_OP_groupi3978/g4802/z (u)     in_2->z R     unmapped_nand3         4  4.8     0    19     477  (140.0550,130.8985) 
  pp_fir_7_1_1_csa_tree_ADD_TC_OP_groupi3978/g4809/z (u)     in_1->z R     unmapped_complex4     10 12.0     0    33     510  (132.0625,135.4965) 
  pp_fir_7_1_1_csa_tree_ADD_TC_OP_groupi3978/g4826/z (u)     in_1->z R     unmapped_complex4      1  1.2     0    23     533  (129.8600,141.7415) 
  pp_fir_7_1_1_csa_tree_ADD_TC_OP_groupi3978/g4854/z (u)     in_0->z R     unmapped_xnor2         1  1.2     0    18     551  (131.4950,141.5445) 
  pp_fir_7_1_1_g5804/z                               (u)     in_2->z R     unmapped_complex3      1  1.2     0    18     568  (133.3185,141.2205) 
  pp_fir_7_1_1_sum1_6_im_1_reg[25]/d                 -       -       R     unmapped_d_flop        1    -     -     0     568  (132.5120,140.3045) 
#-------------------------------------------------------------------------------------------------------------------------------------------------

(u) : Net has unmapped pin(s).



Path 33: VIOLATED (-3 ps) Setup Check with Pin pp_fir_7_1_1_sum1_9_re_1_reg[24]/clk->d
           View: view_wcl_slow
          Group: clk
     Startpoint: (R) pp_fir_7_1_1_Delay_Pipeline_reg_re_reg[14][14]/clk
          Clock: (R) clk
       Endpoint: (R) pp_fir_7_1_1_sum1_9_re_1_reg[24]/d
          Clock: (R) clk

                     Capture       Launch     
        Clock Edge:+     500            0     
       Src Latency:+       0            0     
       Net Latency:+     200 (I)      200 (I) 
           Arrival:=     700          200     
                                              
             Setup:-      10                  
       Uncertainty:-     125                  
     Required Time:=     565                  
      Launch Clock:-     200                  
         Data Path:-     368                  
             Slack:=      -3                  

#-----------------------------------------------------------------------------------------------------------------------------------------------
#                   Timing Point                     Flags    Arc    Edge       Cell         Fanout Load Trans Delay Arrival      Instance      
#                                                                                                   (fF)  (ps)  (ps)   (ps)       Location      
#-----------------------------------------------------------------------------------------------------------------------------------------------
  pp_fir_7_1_1_Delay_Pipeline_reg_re_reg[14][14]/clk -       -       R     (arrival)           3622    -    25     0     200              (-,-) 
  pp_fir_7_1_1_Delay_Pipeline_reg_re_reg[14][14]/q   (u)     clk->q  R     unmapped_d_flop       16 19.2     0    72     272  (68.8075,66.9135) 
  pp_fir_7_1_1_csa_tree_ADD_TC_OP_groupi3973/g5249/z (u)     in_2->z F     unmapped_complex3      1  1.1     0    18     290  (54.9585,65.8065) 
  pp_fir_7_1_1_csa_tree_ADD_TC_OP_groupi3973/g5245/z (u)     in_0->z R     unmapped_complex3      3  3.6     0    12     302  (54.7555,66.7530) 
  pp_fir_7_1_1_csa_tree_ADD_TC_OP_groupi3973/g5631/z (u)     in_2->z R     unmapped_complex3      1  1.2     0    18     319  (62.4060,68.0875) 
  pp_fir_7_1_1_csa_tree_ADD_TC_OP_groupi3973/g5630/z (u)     in_0->z R     unmapped_complex3      3  3.6     0    12     331  (62.8050,68.8250) 
  pp_fir_7_1_1_csa_tree_ADD_TC_OP_groupi3973/g5817/z (u)     in_2->z R     unmapped_complex3      1  1.2     0    18     349  (63.9245,69.3585) 
  pp_fir_7_1_1_csa_tree_ADD_TC_OP_groupi3973/g5791/z (u)     in_0->z R     unmapped_complex3      2  2.4     0    10     359  (64.5940,70.4260) 
  pp_fir_7_1_1_csa_tree_ADD_TC_OP_groupi3973/g5937/z (u)     in_0->z R     unmapped_xor2          1  1.2     0    18     377  (65.5150,70.7035) 
  pp_fir_7_1_1_csa_tree_ADD_TC_OP_groupi3973/g5993/z (u)     in_0->z R     unmapped_xor2          2  2.4     0    19     396  (66.2875,70.9800) 
  pp_fir_7_1_1_csa_tree_ADD_TC_OP_groupi3973/g6042/z (u)     in_0->z R     unmapped_xor2          1  1.2     0    18     414  (69.5015,70.0405) 
  pp_fir_7_1_1_csa_tree_ADD_TC_OP_groupi3973/g6067/z (u)     in_0->z R     unmapped_xor2          3  3.6     0    21     435  (70.3365,70.0625) 
  pp_fir_7_1_1_csa_tree_ADD_TC_OP_groupi3973/g6085/z (u)     in_2->z F     unmapped_complex4      3  3.3     0    30     465  (71.9765,71.3685) 
  pp_fir_7_1_1_csa_tree_ADD_TC_OP_groupi3973/g3836/z (u)     in_1->z F     unmapped_or2           1  1.1     0     9     474  (73.2495,74.7825) 
  pp_fir_7_1_1_csa_tree_ADD_TC_OP_groupi3973/g6081/z (u)     in_0->z R     unmapped_complex4      5  6.0     0    20     493  (73.5340,75.8955) 
  pp_fir_7_1_1_csa_tree_ADD_TC_OP_groupi3973/g3805/z (u)     in_0->z F     unmapped_complex2      1  1.1     0     9     502  (73.5030,83.1135) 
  pp_fir_7_1_1_csa_tree_ADD_TC_OP_groupi3973/g6100/z (u)     in_0->z R     unmapped_complex4      7  8.4     0    22     524  (73.4510,83.9760) 
  pp_fir_7_1_1_csa_tree_ADD_TC_OP_groupi3973/g6123/z (u)     in_0->z R     unmapped_complex3      1  1.2     0     9     533  (75.1430,84.1530) 
  pp_fir_7_1_1_csa_tree_ADD_TC_OP_groupi3973/g6164/z (u)     in_0->z R     unmapped_xnor2         1  1.2     0    18     550  (76.4075,83.9450) 
  pp_fir_7_1_1_g6083/z                               (u)     in_2->z R     unmapped_complex3      1  1.2     0    18     568  (77.7785,83.2775) 
  pp_fir_7_1_1_sum1_9_re_1_reg[24]/d                 -       -       R     unmapped_d_flop        1    -     -     0     568  (77.6665,84.1300) 
#-----------------------------------------------------------------------------------------------------------------------------------------------

(u) : Net has unmapped pin(s).



Path 34: VIOLATED (-3 ps) Setup Check with Pin pp_fir_7_1_1_sum1_9_im_1_reg[24]/clk->d
           View: view_wcl_slow
          Group: clk
     Startpoint: (R) pp_fir_7_1_1_Delay_Pipeline_reg_im_reg[14][14]/clk
          Clock: (R) clk
       Endpoint: (R) pp_fir_7_1_1_sum1_9_im_1_reg[24]/d
          Clock: (R) clk

                     Capture       Launch     
        Clock Edge:+     500            0     
       Src Latency:+       0            0     
       Net Latency:+     200 (I)      200 (I) 
           Arrival:=     700          200     
                                              
             Setup:-      10                  
       Uncertainty:-     125                  
     Required Time:=     565                  
      Launch Clock:-     200                  
         Data Path:-     368                  
             Slack:=      -3                  

#------------------------------------------------------------------------------------------------------------------------------------------------
#                   Timing Point                     Flags    Arc    Edge       Cell         Fanout Load Trans Delay Arrival       Instance      
#                                                                                                   (fF)  (ps)  (ps)   (ps)        Location      
#------------------------------------------------------------------------------------------------------------------------------------------------
  pp_fir_7_1_1_Delay_Pipeline_reg_im_reg[14][14]/clk -       -       R     (arrival)           3622    -    25     0     200               (-,-) 
  pp_fir_7_1_1_Delay_Pipeline_reg_im_reg[14][14]/q   (u)     clk->q  R     unmapped_d_flop       16 19.2     0    72     272  (183.4780,73.6255) 
  pp_fir_7_1_1_csa_tree_ADD_TC_OP_groupi3972/g5249/z (u)     in_2->z F     unmapped_complex3      1  1.1     0    18     290  (184.9135,78.9170) 
  pp_fir_7_1_1_csa_tree_ADD_TC_OP_groupi3972/g5245/z (u)     in_0->z R     unmapped_complex3      3  3.6     0    12     302  (183.1745,79.2320) 
  pp_fir_7_1_1_csa_tree_ADD_TC_OP_groupi3972/g5631/z (u)     in_2->z R     unmapped_complex3      1  1.2     0    18     319  (180.0660,83.6895) 
  pp_fir_7_1_1_csa_tree_ADD_TC_OP_groupi3972/g5630/z (u)     in_0->z R     unmapped_complex3      3  3.6     0    12     331  (179.3065,84.6025) 
  pp_fir_7_1_1_csa_tree_ADD_TC_OP_groupi3972/g5817/z (u)     in_2->z R     unmapped_complex3      1  1.2     0    18     349  (179.3755,87.5755) 
  pp_fir_7_1_1_csa_tree_ADD_TC_OP_groupi3972/g5791/z (u)     in_0->z R     unmapped_complex3      2  2.4     0    10     359  (179.4310,89.0180) 
  pp_fir_7_1_1_csa_tree_ADD_TC_OP_groupi3972/g5937/z (u)     in_0->z R     unmapped_xor2          1  1.2     0    18     377  (177.9630,88.8850) 
  pp_fir_7_1_1_csa_tree_ADD_TC_OP_groupi3972/g5993/z (u)     in_0->z R     unmapped_xor2          2  2.4     0    19     396  (177.2840,91.5090) 
  pp_fir_7_1_1_csa_tree_ADD_TC_OP_groupi3972/g6042/z (u)     in_0->z R     unmapped_xor2          1  1.2     0    18     414  (176.3490,92.3155) 
  pp_fir_7_1_1_csa_tree_ADD_TC_OP_groupi3972/g6067/z (u)     in_0->z R     unmapped_xor2          3  3.6     0    21     435  (176.2975,93.3780) 
  pp_fir_7_1_1_csa_tree_ADD_TC_OP_groupi3972/g6085/z (u)     in_2->z F     unmapped_complex4      3  3.3     0    30     465  (175.9275,95.0980) 
  pp_fir_7_1_1_csa_tree_ADD_TC_OP_groupi3972/g3836/z (u)     in_1->z F     unmapped_or2           1  1.1     0     9     474  (171.3415,88.1735) 
  pp_fir_7_1_1_csa_tree_ADD_TC_OP_groupi3972/g6081/z (u)     in_0->z R     unmapped_complex4      5  6.0     0    20     493  (171.6110,87.3730) 
  pp_fir_7_1_1_csa_tree_ADD_TC_OP_groupi3972/g3805/z (u)     in_0->z F     unmapped_complex2      1  1.1     0     9     502  (171.3405,72.2425) 
  pp_fir_7_1_1_csa_tree_ADD_TC_OP_groupi3972/g6100/z (u)     in_0->z R     unmapped_complex4      7  8.4     0    22     524  (171.0515,72.9655) 
  pp_fir_7_1_1_csa_tree_ADD_TC_OP_groupi3972/g6123/z (u)     in_0->z R     unmapped_complex3      1  1.2     0     9     533  (169.3590,70.9655) 
  pp_fir_7_1_1_csa_tree_ADD_TC_OP_groupi3972/g6164/z (u)     in_0->z R     unmapped_xnor2         1  1.2     0    18     550  (169.4380,69.0790) 
  pp_fir_7_1_1_g6071/z                               (u)     in_2->z R     unmapped_complex3      1  1.2     0    18     568  (169.1940,65.9760) 
  pp_fir_7_1_1_sum1_9_im_1_reg[24]/d                 -       -       R     unmapped_d_flop        1    -     -     0     568  (167.8960,65.0660) 
#------------------------------------------------------------------------------------------------------------------------------------------------

(u) : Net has unmapped pin(s).



Path 35: MET (-0 ps) Setup Check with Pin pp_fir_7_1_1_sum1_12_re_1_reg[23]/clk->d
           View: view_wcl_slow
          Group: clk
     Startpoint: (R) pp_fir_7_1_1_Delay_Pipeline_reg_re_reg[9][1]/clk
          Clock: (R) clk
       Endpoint: (R) pp_fir_7_1_1_sum1_12_re_1_reg[23]/d
          Clock: (R) clk

                     Capture       Launch     
        Clock Edge:+     500            0     
       Src Latency:+       0            0     
       Net Latency:+     200 (I)      200 (I) 
           Arrival:=     700          200     
                                              
             Setup:-      10                  
       Uncertainty:-     125                  
     Required Time:=     565                  
      Launch Clock:-     200                  
         Data Path:-     365                  
             Slack:=      -0                  

#------------------------------------------------------------------------------------------------------------------------------------------------
#                   Timing Point                     Flags    Arc    Edge       Cell         Fanout Load Trans Delay Arrival       Instance      
#                                                                                                   (fF)  (ps)  (ps)   (ps)        Location      
#------------------------------------------------------------------------------------------------------------------------------------------------
  pp_fir_7_1_1_Delay_Pipeline_reg_re_reg[9][1]/clk   -       -       R     (arrival)           3622    -    25     0     200               (-,-) 
  pp_fir_7_1_1_Delay_Pipeline_reg_re_reg[9][1]/q     (u)     clk->q  R     unmapped_d_flop       11 13.2     0    68     268   (58.1225,11.6720) 
  pp_fir_7_1_1_csa_tree_ADD_TC_OP_groupi3967/g4333/z (u)     in_1->z R     unmapped_xor2          3  3.6     0    21     289   (59.0430,20.0575) 
  pp_fir_7_1_1_csa_tree_ADD_TC_OP_groupi3967/g4458/z (u)     in_0->z R     unmapped_xnor2         1  1.2     0    18     307   (58.2210,19.6420) 
  pp_fir_7_1_1_csa_tree_ADD_TC_OP_groupi3967/g4571/z (u)     in_0->z R     unmapped_xor2          2  2.4     0    19     326   (57.7415,20.7030) 
  pp_fir_7_1_1_csa_tree_ADD_TC_OP_groupi3967/g3700/z (u)     in_0->z R     unmapped_or2           2  2.4     0    10     337   (58.9970,21.0885) 
  pp_fir_7_1_1_csa_tree_ADD_TC_OP_groupi3967/g4674/z (u)     in_1->z R     unmapped_complex3      2  2.4     0    19     356   (59.0245,22.0175) 
  pp_fir_7_1_1_csa_tree_ADD_TC_OP_groupi3967/g4730/z (u)     in_2->z R     unmapped_complex3      2  2.4     0    19     375   (60.1180,20.5925) 
  pp_fir_7_1_1_csa_tree_ADD_TC_OP_groupi3967/g4785/z (u)     in_2->z R     unmapped_complex3      2  2.4     0    19     394   (61.6125,19.4235) 
  pp_fir_7_1_1_csa_tree_ADD_TC_OP_groupi3967/g4814/z (u)     in_2->z R     unmapped_complex3      2  2.4     0    19     414   (63.7040,22.9625) 
  pp_fir_7_1_1_csa_tree_ADD_TC_OP_groupi3967/g4827/z (u)     in_2->z R     unmapped_complex3      4  4.8     0    22     435   (64.8855,23.3195) 
  pp_fir_7_1_1_csa_tree_ADD_TC_OP_groupi3967/g4843/z (u)     in_1->z R     unmapped_complex4      4  4.8     0    28     463   (74.2365,22.8900) 
  pp_fir_7_1_1_csa_tree_ADD_TC_OP_groupi3967/g4858/z (u)     in_1->z R     unmapped_complex4      7  8.4     0    30     494    (82.1980,3.7295) 
  pp_fir_7_1_1_csa_tree_ADD_TC_OP_groupi3967/g3054/z (u)     in_0->z F     unmapped_complex2      4  4.4     0    13     507   (95.6905,22.4745) 
  pp_fir_7_1_1_csa_tree_ADD_TC_OP_groupi3967/g3043/z (u)     in_1->z F     unmapped_or2           1  1.1     0     9     515   (97.0530,23.6605) 
  pp_fir_7_1_1_csa_tree_ADD_TC_OP_groupi3967/g4869/z (u)     in_0->z R     unmapped_complex4      1  1.2     0    15     530   (97.2385,24.4965) 
  pp_fir_7_1_1_csa_tree_ADD_TC_OP_groupi3967/g4903/z (u)     in_0->z R     unmapped_xnor2         1  1.2     0    18     548   (96.9860,25.7210) 
  pp_fir_7_1_1_g6055/z                               (u)     in_1->z R     unmapped_complex3      1  1.2     0    18     565   (98.7630,26.1895) 
  pp_fir_7_1_1_sum1_12_re_1_reg[23]/d                -       -       R     unmapped_d_flop        1    -     -     0     565  (100.4630,25.9360) 
#------------------------------------------------------------------------------------------------------------------------------------------------

(u) : Net has unmapped pin(s).



Path 36: MET (-0 ps) Setup Check with Pin pp_fir_7_1_1_sum1_12_re_1_reg[22]/clk->d
           View: view_wcl_slow
          Group: clk
     Startpoint: (R) pp_fir_7_1_1_Delay_Pipeline_reg_re_reg[9][1]/clk
          Clock: (R) clk
       Endpoint: (R) pp_fir_7_1_1_sum1_12_re_1_reg[22]/d
          Clock: (R) clk

                     Capture       Launch     
        Clock Edge:+     500            0     
       Src Latency:+       0            0     
       Net Latency:+     200 (I)      200 (I) 
           Arrival:=     700          200     
                                              
             Setup:-      10                  
       Uncertainty:-     125                  
     Required Time:=     565                  
      Launch Clock:-     200                  
         Data Path:-     365                  
             Slack:=      -0                  

#-----------------------------------------------------------------------------------------------------------------------------------------------
#                   Timing Point                     Flags    Arc    Edge       Cell         Fanout Load Trans Delay Arrival      Instance      
#                                                                                                   (fF)  (ps)  (ps)   (ps)       Location      
#-----------------------------------------------------------------------------------------------------------------------------------------------
  pp_fir_7_1_1_Delay_Pipeline_reg_re_reg[9][1]/clk   -       -       R     (arrival)           3622    -    25     0     200              (-,-) 
  pp_fir_7_1_1_Delay_Pipeline_reg_re_reg[9][1]/q     (u)     clk->q  R     unmapped_d_flop       11 13.2     0    68     268  (58.1225,11.6720) 
  pp_fir_7_1_1_csa_tree_ADD_TC_OP_groupi3967/g4333/z (u)     in_1->z R     unmapped_xor2          3  3.6     0    21     289  (59.0430,20.0575) 
  pp_fir_7_1_1_csa_tree_ADD_TC_OP_groupi3967/g4458/z (u)     in_0->z R     unmapped_xnor2         1  1.2     0    18     307  (58.2210,19.6420) 
  pp_fir_7_1_1_csa_tree_ADD_TC_OP_groupi3967/g4571/z (u)     in_0->z R     unmapped_xor2          2  2.4     0    19     326  (57.7415,20.7030) 
  pp_fir_7_1_1_csa_tree_ADD_TC_OP_groupi3967/g3700/z (u)     in_0->z R     unmapped_or2           2  2.4     0    10     337  (58.9970,21.0885) 
  pp_fir_7_1_1_csa_tree_ADD_TC_OP_groupi3967/g4674/z (u)     in_1->z R     unmapped_complex3      2  2.4     0    19     356  (59.0245,22.0175) 
  pp_fir_7_1_1_csa_tree_ADD_TC_OP_groupi3967/g4730/z (u)     in_2->z R     unmapped_complex3      2  2.4     0    19     375  (60.1180,20.5925) 
  pp_fir_7_1_1_csa_tree_ADD_TC_OP_groupi3967/g4785/z (u)     in_2->z R     unmapped_complex3      2  2.4     0    19     394  (61.6125,19.4235) 
  pp_fir_7_1_1_csa_tree_ADD_TC_OP_groupi3967/g4814/z (u)     in_2->z R     unmapped_complex3      2  2.4     0    19     414  (63.7040,22.9625) 
  pp_fir_7_1_1_csa_tree_ADD_TC_OP_groupi3967/g4827/z (u)     in_2->z R     unmapped_complex3      4  4.8     0    22     435  (64.8855,23.3195) 
  pp_fir_7_1_1_csa_tree_ADD_TC_OP_groupi3967/g4843/z (u)     in_1->z R     unmapped_complex4      4  4.8     0    28     463  (74.2365,22.8900) 
  pp_fir_7_1_1_csa_tree_ADD_TC_OP_groupi3967/g4858/z (u)     in_1->z R     unmapped_complex4      7  8.4     0    30     494   (82.1980,3.7295) 
  pp_fir_7_1_1_csa_tree_ADD_TC_OP_groupi3967/g3054/z (u)     in_0->z F     unmapped_complex2      4  4.4     0    13     507  (95.6905,22.4745) 
  pp_fir_7_1_1_csa_tree_ADD_TC_OP_groupi3967/g3045/z (u)     in_1->z F     unmapped_or2           1  1.1     0     9     515  (96.9005,22.7840) 
  pp_fir_7_1_1_csa_tree_ADD_TC_OP_groupi3967/g4867/z (u)     in_0->z R     unmapped_complex4      1  1.2     0    15     530  (97.1325,21.9485) 
  pp_fir_7_1_1_csa_tree_ADD_TC_OP_groupi3967/g4901/z (u)     in_0->z R     unmapped_xnor2         1  1.2     0    18     548  (97.9905,23.2980) 
  pp_fir_7_1_1_g5933/z                               (u)     in_2->z R     unmapped_complex3      1  1.2     0    18     565  (99.0925,24.1900) 
  pp_fir_7_1_1_sum1_12_re_1_reg[22]/d                -       -       R     unmapped_d_flop        1    -     -     0     565  (98.0330,25.2490) 
#-----------------------------------------------------------------------------------------------------------------------------------------------

(u) : Net has unmapped pin(s).



Path 37: MET (-0 ps) Setup Check with Pin pp_fir_7_1_1_sum1_12_re_1_reg[21]/clk->d
           View: view_wcl_slow
          Group: clk
     Startpoint: (R) pp_fir_7_1_1_Delay_Pipeline_reg_re_reg[9][1]/clk
          Clock: (R) clk
       Endpoint: (R) pp_fir_7_1_1_sum1_12_re_1_reg[21]/d
          Clock: (R) clk

                     Capture       Launch     
        Clock Edge:+     500            0     
       Src Latency:+       0            0     
       Net Latency:+     200 (I)      200 (I) 
           Arrival:=     700          200     
                                              
             Setup:-      10                  
       Uncertainty:-     125                  
     Required Time:=     565                  
      Launch Clock:-     200                  
         Data Path:-     365                  
             Slack:=      -0                  

#-----------------------------------------------------------------------------------------------------------------------------------------------
#                   Timing Point                     Flags    Arc    Edge       Cell         Fanout Load Trans Delay Arrival      Instance      
#                                                                                                   (fF)  (ps)  (ps)   (ps)       Location      
#-----------------------------------------------------------------------------------------------------------------------------------------------
  pp_fir_7_1_1_Delay_Pipeline_reg_re_reg[9][1]/clk   -       -       R     (arrival)           3622    -    25     0     200              (-,-) 
  pp_fir_7_1_1_Delay_Pipeline_reg_re_reg[9][1]/q     (u)     clk->q  R     unmapped_d_flop       11 13.2     0    68     268  (58.1225,11.6720) 
  pp_fir_7_1_1_csa_tree_ADD_TC_OP_groupi3967/g4333/z (u)     in_1->z R     unmapped_xor2          3  3.6     0    21     289  (59.0430,20.0575) 
  pp_fir_7_1_1_csa_tree_ADD_TC_OP_groupi3967/g4458/z (u)     in_0->z R     unmapped_xnor2         1  1.2     0    18     307  (58.2210,19.6420) 
  pp_fir_7_1_1_csa_tree_ADD_TC_OP_groupi3967/g4571/z (u)     in_0->z R     unmapped_xor2          2  2.4     0    19     326  (57.7415,20.7030) 
  pp_fir_7_1_1_csa_tree_ADD_TC_OP_groupi3967/g3700/z (u)     in_0->z R     unmapped_or2           2  2.4     0    10     337  (58.9970,21.0885) 
  pp_fir_7_1_1_csa_tree_ADD_TC_OP_groupi3967/g4674/z (u)     in_1->z R     unmapped_complex3      2  2.4     0    19     356  (59.0245,22.0175) 
  pp_fir_7_1_1_csa_tree_ADD_TC_OP_groupi3967/g4730/z (u)     in_2->z R     unmapped_complex3      2  2.4     0    19     375  (60.1180,20.5925) 
  pp_fir_7_1_1_csa_tree_ADD_TC_OP_groupi3967/g4785/z (u)     in_2->z R     unmapped_complex3      2  2.4     0    19     394  (61.6125,19.4235) 
  pp_fir_7_1_1_csa_tree_ADD_TC_OP_groupi3967/g4814/z (u)     in_2->z R     unmapped_complex3      2  2.4     0    19     414  (63.7040,22.9625) 
  pp_fir_7_1_1_csa_tree_ADD_TC_OP_groupi3967/g4827/z (u)     in_2->z R     unmapped_complex3      4  4.8     0    22     435  (64.8855,23.3195) 
  pp_fir_7_1_1_csa_tree_ADD_TC_OP_groupi3967/g4843/z (u)     in_1->z R     unmapped_complex4      4  4.8     0    28     463  (74.2365,22.8900) 
  pp_fir_7_1_1_csa_tree_ADD_TC_OP_groupi3967/g4858/z (u)     in_1->z R     unmapped_complex4      7  8.4     0    30     494   (82.1980,3.7295) 
  pp_fir_7_1_1_csa_tree_ADD_TC_OP_groupi3967/g3054/z (u)     in_0->z F     unmapped_complex2      4  4.4     0    13     507  (95.6905,22.4745) 
  pp_fir_7_1_1_csa_tree_ADD_TC_OP_groupi3967/g3041/z (u)     in_0->z F     unmapped_complex2      1  1.1     0     9     515  (95.6760,20.4860) 
  pp_fir_7_1_1_csa_tree_ADD_TC_OP_groupi3967/g4866/z (u)     in_0->z R     unmapped_complex4      1  1.2     0    15     530  (95.4345,19.5420) 
  pp_fir_7_1_1_csa_tree_ADD_TC_OP_groupi3967/g4900/z (u)     in_0->z R     unmapped_xnor2         1  1.2     0    18     548  (96.6280,19.8830) 
  pp_fir_7_1_1_g5921/z                               (u)     in_2->z R     unmapped_complex3      1  1.2     0    18     565  (97.9600,19.8390) 
  pp_fir_7_1_1_sum1_12_re_1_reg[21]/d                -       -       R     unmapped_d_flop        1    -     -     0     565  (97.0320,18.8035) 
#-----------------------------------------------------------------------------------------------------------------------------------------------

(u) : Net has unmapped pin(s).



Path 38: MET (-0 ps) Setup Check with Pin pp_fir_7_1_1_sum1_12_im_1_reg[23]/clk->d
           View: view_wcl_slow
          Group: clk
     Startpoint: (R) pp_fir_7_1_1_Delay_Pipeline_reg_im_reg[9][1]/clk
          Clock: (R) clk
       Endpoint: (R) pp_fir_7_1_1_sum1_12_im_1_reg[23]/d
          Clock: (R) clk

                     Capture       Launch     
        Clock Edge:+     500            0     
       Src Latency:+       0            0     
       Net Latency:+     200 (I)      200 (I) 
           Arrival:=     700          200     
                                              
             Setup:-      10                  
       Uncertainty:-     125                  
     Required Time:=     565                  
      Launch Clock:-     200                  
         Data Path:-     365                  
             Slack:=      -0                  

#------------------------------------------------------------------------------------------------------------------------------------------------
#                   Timing Point                     Flags    Arc    Edge       Cell         Fanout Load Trans Delay Arrival       Instance      
#                                                                                                   (fF)  (ps)  (ps)   (ps)        Location      
#------------------------------------------------------------------------------------------------------------------------------------------------
  pp_fir_7_1_1_Delay_Pipeline_reg_im_reg[9][1]/clk   -       -       R     (arrival)           3622    -    25     0     200               (-,-) 
  pp_fir_7_1_1_Delay_Pipeline_reg_im_reg[9][1]/q     (u)     clk->q  R     unmapped_d_flop       11 13.2     0    68     268   (176.6465,8.8365) 
  pp_fir_7_1_1_csa_tree_ADD_TC_OP_groupi3966/g4333/z (u)     in_1->z R     unmapped_xor2          3  3.6     0    21     289   (181.4035,6.5915) 
  pp_fir_7_1_1_csa_tree_ADD_TC_OP_groupi3966/g4458/z (u)     in_0->z R     unmapped_xnor2         1  1.2     0    18     307   (181.2375,5.6835) 
  pp_fir_7_1_1_csa_tree_ADD_TC_OP_groupi3966/g4571/z (u)     in_0->z R     unmapped_xor2          2  2.4     0    19     326   (182.2390,5.2620) 
  pp_fir_7_1_1_csa_tree_ADD_TC_OP_groupi3966/g3700/z (u)     in_0->z R     unmapped_or2           2  2.4     0    10     337   (182.8040,4.2480) 
  pp_fir_7_1_1_csa_tree_ADD_TC_OP_groupi3966/g4674/z (u)     in_1->z R     unmapped_complex3      2  2.4     0    19     356   (183.3520,2.6750) 
  pp_fir_7_1_1_csa_tree_ADD_TC_OP_groupi3966/g4730/z (u)     in_2->z R     unmapped_complex3      2  2.4     0    19     375   (181.7870,1.0795) 
  pp_fir_7_1_1_csa_tree_ADD_TC_OP_groupi3966/g4785/z (u)     in_2->z R     unmapped_complex3      2  2.4     0    19     394   (179.7755,0.8750) 
  pp_fir_7_1_1_csa_tree_ADD_TC_OP_groupi3966/g4814/z (u)     in_2->z R     unmapped_complex3      2  2.4     0    19     414  (177.6695,-0.0645) 
  pp_fir_7_1_1_csa_tree_ADD_TC_OP_groupi3966/g4827/z (u)     in_2->z R     unmapped_complex3      4  4.8     0    22     435  (174.4880,-0.1000) 
  pp_fir_7_1_1_csa_tree_ADD_TC_OP_groupi3966/g4843/z (u)     in_1->z R     unmapped_complex4      4  4.8     0    28     463   (171.8500,2.9165) 
  pp_fir_7_1_1_csa_tree_ADD_TC_OP_groupi3966/g4858/z (u)     in_1->z R     unmapped_complex4      7  8.4     0    30     494  (171.7790,20.3645) 
  pp_fir_7_1_1_csa_tree_ADD_TC_OP_groupi3966/g3054/z (u)     in_0->z F     unmapped_complex2      4  4.4     0    13     507  (164.3900,31.8570) 
  pp_fir_7_1_1_csa_tree_ADD_TC_OP_groupi3966/g3043/z (u)     in_1->z F     unmapped_or2           1  1.1     0     9     515  (161.3570,33.3865) 
  pp_fir_7_1_1_csa_tree_ADD_TC_OP_groupi3966/g4869/z (u)     in_0->z R     unmapped_complex4      1  1.2     0    15     530  (161.6075,32.5435) 
  pp_fir_7_1_1_csa_tree_ADD_TC_OP_groupi3966/g4903/z (u)     in_0->z R     unmapped_xnor2         1  1.2     0    18     548  (164.1350,32.9370) 
  pp_fir_7_1_1_g5850/z                               (u)     in_2->z R     unmapped_complex3      1  1.2     0    18     565  (162.9760,33.2070) 
  pp_fir_7_1_1_sum1_12_im_1_reg[23]/d                -       -       R     unmapped_d_flop        1    -     -     0     565  (162.0270,34.0840) 
#------------------------------------------------------------------------------------------------------------------------------------------------

(u) : Net has unmapped pin(s).



Path 39: MET (-0 ps) Setup Check with Pin pp_fir_7_1_1_sum1_12_im_1_reg[22]/clk->d
           View: view_wcl_slow
          Group: clk
     Startpoint: (R) pp_fir_7_1_1_Delay_Pipeline_reg_im_reg[9][1]/clk
          Clock: (R) clk
       Endpoint: (R) pp_fir_7_1_1_sum1_12_im_1_reg[22]/d
          Clock: (R) clk

                     Capture       Launch     
        Clock Edge:+     500            0     
       Src Latency:+       0            0     
       Net Latency:+     200 (I)      200 (I) 
           Arrival:=     700          200     
                                              
             Setup:-      10                  
       Uncertainty:-     125                  
     Required Time:=     565                  
      Launch Clock:-     200                  
         Data Path:-     365                  
             Slack:=      -0                  

#------------------------------------------------------------------------------------------------------------------------------------------------
#                   Timing Point                     Flags    Arc    Edge       Cell         Fanout Load Trans Delay Arrival       Instance      
#                                                                                                   (fF)  (ps)  (ps)   (ps)        Location      
#------------------------------------------------------------------------------------------------------------------------------------------------
  pp_fir_7_1_1_Delay_Pipeline_reg_im_reg[9][1]/clk   -       -       R     (arrival)           3622    -    25     0     200               (-,-) 
  pp_fir_7_1_1_Delay_Pipeline_reg_im_reg[9][1]/q     (u)     clk->q  R     unmapped_d_flop       11 13.2     0    68     268   (176.6465,8.8365) 
  pp_fir_7_1_1_csa_tree_ADD_TC_OP_groupi3966/g4333/z (u)     in_1->z R     unmapped_xor2          3  3.6     0    21     289   (181.4035,6.5915) 
  pp_fir_7_1_1_csa_tree_ADD_TC_OP_groupi3966/g4458/z (u)     in_0->z R     unmapped_xnor2         1  1.2     0    18     307   (181.2375,5.6835) 
  pp_fir_7_1_1_csa_tree_ADD_TC_OP_groupi3966/g4571/z (u)     in_0->z R     unmapped_xor2          2  2.4     0    19     326   (182.2390,5.2620) 
  pp_fir_7_1_1_csa_tree_ADD_TC_OP_groupi3966/g3700/z (u)     in_0->z R     unmapped_or2           2  2.4     0    10     337   (182.8040,4.2480) 
  pp_fir_7_1_1_csa_tree_ADD_TC_OP_groupi3966/g4674/z (u)     in_1->z R     unmapped_complex3      2  2.4     0    19     356   (183.3520,2.6750) 
  pp_fir_7_1_1_csa_tree_ADD_TC_OP_groupi3966/g4730/z (u)     in_2->z R     unmapped_complex3      2  2.4     0    19     375   (181.7870,1.0795) 
  pp_fir_7_1_1_csa_tree_ADD_TC_OP_groupi3966/g4785/z (u)     in_2->z R     unmapped_complex3      2  2.4     0    19     394   (179.7755,0.8750) 
  pp_fir_7_1_1_csa_tree_ADD_TC_OP_groupi3966/g4814/z (u)     in_2->z R     unmapped_complex3      2  2.4     0    19     414  (177.6695,-0.0645) 
  pp_fir_7_1_1_csa_tree_ADD_TC_OP_groupi3966/g4827/z (u)     in_2->z R     unmapped_complex3      4  4.8     0    22     435  (174.4880,-0.1000) 
  pp_fir_7_1_1_csa_tree_ADD_TC_OP_groupi3966/g4843/z (u)     in_1->z R     unmapped_complex4      4  4.8     0    28     463   (171.8500,2.9165) 
  pp_fir_7_1_1_csa_tree_ADD_TC_OP_groupi3966/g4858/z (u)     in_1->z R     unmapped_complex4      7  8.4     0    30     494  (171.7790,20.3645) 
  pp_fir_7_1_1_csa_tree_ADD_TC_OP_groupi3966/g3054/z (u)     in_0->z F     unmapped_complex2      4  4.4     0    13     507  (164.3900,31.8570) 
  pp_fir_7_1_1_csa_tree_ADD_TC_OP_groupi3966/g3045/z (u)     in_1->z F     unmapped_or2           1  1.1     0     9     515  (160.7060,31.8245) 
  pp_fir_7_1_1_csa_tree_ADD_TC_OP_groupi3966/g4867/z (u)     in_0->z R     unmapped_complex4      1  1.2     0    15     530  (159.3560,32.6410) 
  pp_fir_7_1_1_csa_tree_ADD_TC_OP_groupi3966/g4901/z (u)     in_0->z R     unmapped_xnor2         1  1.2     0    18     548  (159.8955,33.4005) 
  pp_fir_7_1_1_g5828/z                               (u)     in_2->z R     unmapped_complex3      1  1.2     0    18     565  (160.3280,35.2010) 
  pp_fir_7_1_1_sum1_12_im_1_reg[22]/d                -       -       R     unmapped_d_flop        1    -     -     0     565  (159.4105,34.2625) 
#------------------------------------------------------------------------------------------------------------------------------------------------

(u) : Net has unmapped pin(s).



Path 40: MET (-0 ps) Setup Check with Pin pp_fir_7_1_1_sum1_12_im_1_reg[21]/clk->d
           View: view_wcl_slow
          Group: clk
     Startpoint: (R) pp_fir_7_1_1_Delay_Pipeline_reg_im_reg[9][1]/clk
          Clock: (R) clk
       Endpoint: (R) pp_fir_7_1_1_sum1_12_im_1_reg[21]/d
          Clock: (R) clk

                     Capture       Launch     
        Clock Edge:+     500            0     
       Src Latency:+       0            0     
       Net Latency:+     200 (I)      200 (I) 
           Arrival:=     700          200     
                                              
             Setup:-      10                  
       Uncertainty:-     125                  
     Required Time:=     565                  
      Launch Clock:-     200                  
         Data Path:-     365                  
             Slack:=      -0                  

#------------------------------------------------------------------------------------------------------------------------------------------------
#                   Timing Point                     Flags    Arc    Edge       Cell         Fanout Load Trans Delay Arrival       Instance      
#                                                                                                   (fF)  (ps)  (ps)   (ps)        Location      
#------------------------------------------------------------------------------------------------------------------------------------------------
  pp_fir_7_1_1_Delay_Pipeline_reg_im_reg[9][1]/clk   -       -       R     (arrival)           3622    -    25     0     200               (-,-) 
  pp_fir_7_1_1_Delay_Pipeline_reg_im_reg[9][1]/q     (u)     clk->q  R     unmapped_d_flop       11 13.2     0    68     268   (176.6465,8.8365) 
  pp_fir_7_1_1_csa_tree_ADD_TC_OP_groupi3966/g4333/z (u)     in_1->z R     unmapped_xor2          3  3.6     0    21     289   (181.4035,6.5915) 
  pp_fir_7_1_1_csa_tree_ADD_TC_OP_groupi3966/g4458/z (u)     in_0->z R     unmapped_xnor2         1  1.2     0    18     307   (181.2375,5.6835) 
  pp_fir_7_1_1_csa_tree_ADD_TC_OP_groupi3966/g4571/z (u)     in_0->z R     unmapped_xor2          2  2.4     0    19     326   (182.2390,5.2620) 
  pp_fir_7_1_1_csa_tree_ADD_TC_OP_groupi3966/g3700/z (u)     in_0->z R     unmapped_or2           2  2.4     0    10     337   (182.8040,4.2480) 
  pp_fir_7_1_1_csa_tree_ADD_TC_OP_groupi3966/g4674/z (u)     in_1->z R     unmapped_complex3      2  2.4     0    19     356   (183.3520,2.6750) 
  pp_fir_7_1_1_csa_tree_ADD_TC_OP_groupi3966/g4730/z (u)     in_2->z R     unmapped_complex3      2  2.4     0    19     375   (181.7870,1.0795) 
  pp_fir_7_1_1_csa_tree_ADD_TC_OP_groupi3966/g4785/z (u)     in_2->z R     unmapped_complex3      2  2.4     0    19     394   (179.7755,0.8750) 
  pp_fir_7_1_1_csa_tree_ADD_TC_OP_groupi3966/g4814/z (u)     in_2->z R     unmapped_complex3      2  2.4     0    19     414  (177.6695,-0.0645) 
  pp_fir_7_1_1_csa_tree_ADD_TC_OP_groupi3966/g4827/z (u)     in_2->z R     unmapped_complex3      4  4.8     0    22     435  (174.4880,-0.1000) 
  pp_fir_7_1_1_csa_tree_ADD_TC_OP_groupi3966/g4843/z (u)     in_1->z R     unmapped_complex4      4  4.8     0    28     463   (171.8500,2.9165) 
  pp_fir_7_1_1_csa_tree_ADD_TC_OP_groupi3966/g4858/z (u)     in_1->z R     unmapped_complex4      7  8.4     0    30     494  (171.7790,20.3645) 
  pp_fir_7_1_1_csa_tree_ADD_TC_OP_groupi3966/g3054/z (u)     in_0->z F     unmapped_complex2      4  4.4     0    13     507  (164.3900,31.8570) 
  pp_fir_7_1_1_csa_tree_ADD_TC_OP_groupi3966/g3041/z (u)     in_0->z F     unmapped_complex2      1  1.1     0     9     515  (158.2995,32.1035) 
  pp_fir_7_1_1_csa_tree_ADD_TC_OP_groupi3966/g4866/z (u)     in_0->z R     unmapped_complex4      1  1.2     0    15     530  (156.5660,32.3375) 
  pp_fir_7_1_1_csa_tree_ADD_TC_OP_groupi3966/g4900/z (u)     in_0->z R     unmapped_xnor2         1  1.2     0    18     548  (154.9390,32.7110) 
  pp_fir_7_1_1_g5780/z                               (u)     in_2->z R     unmapped_complex3      1  1.2     0    18     565  (156.2040,33.3480) 
  pp_fir_7_1_1_sum1_12_im_1_reg[21]/d                -       -       R     unmapped_d_flop        1    -     -     0     565  (154.9395,34.3400) 
#------------------------------------------------------------------------------------------------------------------------------------------------

(u) : Net has unmapped pin(s).



Path 41: MET (1 ps) Setup Check with Pin pp_fir_7_1_1_sum1_6_re_1_reg[24]/clk->d
           View: view_wcl_slow
          Group: clk
     Startpoint: (R) pp_fir_7_1_1_Delay_Pipeline_reg_re_reg[20][2]/clk
          Clock: (R) clk
       Endpoint: (R) pp_fir_7_1_1_sum1_6_re_1_reg[24]/d
          Clock: (R) clk

                     Capture       Launch     
        Clock Edge:+     500            0     
       Src Latency:+       0            0     
       Net Latency:+     200 (I)      200 (I) 
           Arrival:=     700          200     
                                              
             Setup:-      10                  
       Uncertainty:-     125                  
     Required Time:=     565                  
      Launch Clock:-     200                  
         Data Path:-     364                  
             Slack:=       1                  

#------------------------------------------------------------------------------------------------------------------------------------------------
#                   Timing Point                     Flags    Arc    Edge       Cell         Fanout Load Trans Delay Arrival       Instance      
#                                                                                                   (fF)  (ps)  (ps)   (ps)        Location      
#------------------------------------------------------------------------------------------------------------------------------------------------
  pp_fir_7_1_1_Delay_Pipeline_reg_re_reg[20][2]/clk  -       -       R     (arrival)           3622    -    25     0     200               (-,-) 
  pp_fir_7_1_1_Delay_Pipeline_reg_re_reg[20][2]/q    (u)     clk->q  R     unmapped_d_flop       10 12.0     0    68     268  (14.9575,119.6325) 
  pp_fir_7_1_1_csa_tree_ADD_TC_OP_groupi3979/g4244/z (u)     in_1->z F     unmapped_xor2          2  2.2     0    19     287  (19.9055,120.6445) 
  pp_fir_7_1_1_csa_tree_ADD_TC_OP_groupi3979/g3842/z (u)     in_0->z F     unmapped_complex2      3  3.3     0    12     299  (21.3885,120.1060) 
  pp_fir_7_1_1_csa_tree_ADD_TC_OP_groupi3979/g4318/z (u)     in_0->z R     unmapped_complex3      2  2.4     0    10     309  (22.4985,119.0975) 
  pp_fir_7_1_1_csa_tree_ADD_TC_OP_groupi3979/g2276/z (u)     in_0->z R     unmapped_complex2      2  2.4     0    10     320  (23.9120,119.5095) 
  pp_fir_7_1_1_csa_tree_ADD_TC_OP_groupi3979/g4551/z (u)     in_1->z R     unmapped_complex3      2  2.4     0    19     339  (24.7120,118.6465) 
  pp_fir_7_1_1_csa_tree_ADD_TC_OP_groupi3979/g4648/z (u)     in_1->z R     unmapped_complex3      2  2.4     0    19     358  (24.8805,120.5315) 
  pp_fir_7_1_1_csa_tree_ADD_TC_OP_groupi3979/g4697/z (u)     in_2->z R     unmapped_complex3      2  2.4     0    19     377  (26.0075,122.3220) 
  pp_fir_7_1_1_csa_tree_ADD_TC_OP_groupi3979/g4738/z (u)     in_2->z R     unmapped_complex3      2  2.4     0    19     397  (27.3120,123.0100) 
  pp_fir_7_1_1_csa_tree_ADD_TC_OP_groupi3979/g4761/z (u)     in_2->z R     unmapped_complex3      2  2.4     0    19     416  (27.1310,124.5285) 
  pp_fir_7_1_1_csa_tree_ADD_TC_OP_groupi3979/g4776/z (u)     in_2->z R     unmapped_complex3      4  4.8     0    22     438  (27.0150,126.5705) 
  pp_fir_7_1_1_csa_tree_ADD_TC_OP_groupi3979/g4781/z (u)     in_0->z F     unmapped_complex4      1  1.1     0    20     458  (26.7700,132.5730) 
  pp_fir_7_1_1_csa_tree_ADD_TC_OP_groupi3979/g4802/z (u)     in_2->z R     unmapped_nand3         4  4.8     0    19     477  (27.1340,134.3970) 
  pp_fir_7_1_1_csa_tree_ADD_TC_OP_groupi3979/g4809/z (u)     in_1->z R     unmapped_complex4     10 12.0     0    33     510  (21.5515,139.9740) 
  pp_fir_7_1_1_csa_tree_ADD_TC_OP_groupi3979/g4831/z (u)     in_1->z R     unmapped_complex3      2  2.4     0    19     529  (17.2495,150.9225) 
  pp_fir_7_1_1_csa_tree_ADD_TC_OP_groupi3979/g4842/z (u)     in_0->z R     unmapped_xnor2         1  1.2     0    18     546  (19.0940,149.9520) 
  pp_fir_7_1_1_g5991/z                               (u)     in_1->z R     unmapped_complex3      1  1.2     0    18     564  (21.1115,150.8575) 
  pp_fir_7_1_1_sum1_6_re_1_reg[24]/d                 -       -       R     unmapped_d_flop        1    -     -     0     564  (20.0955,151.9515) 
#------------------------------------------------------------------------------------------------------------------------------------------------

(u) : Net has unmapped pin(s).



Path 42: MET (1 ps) Setup Check with Pin pp_fir_7_1_1_sum1_6_im_1_reg[24]/clk->d
           View: view_wcl_slow
          Group: clk
     Startpoint: (R) pp_fir_7_1_1_Delay_Pipeline_reg_im_reg[20][2]/clk
          Clock: (R) clk
       Endpoint: (R) pp_fir_7_1_1_sum1_6_im_1_reg[24]/d
          Clock: (R) clk

                     Capture       Launch     
        Clock Edge:+     500            0     
       Src Latency:+       0            0     
       Net Latency:+     200 (I)      200 (I) 
           Arrival:=     700          200     
                                              
             Setup:-      10                  
       Uncertainty:-     125                  
     Required Time:=     565                  
      Launch Clock:-     200                  
         Data Path:-     364                  
             Slack:=       1                  

#-------------------------------------------------------------------------------------------------------------------------------------------------
#                   Timing Point                     Flags    Arc    Edge       Cell         Fanout Load Trans Delay Arrival       Instance       
#                                                                                                   (fF)  (ps)  (ps)   (ps)        Location       
#-------------------------------------------------------------------------------------------------------------------------------------------------
  pp_fir_7_1_1_Delay_Pipeline_reg_im_reg[20][2]/clk  -       -       R     (arrival)           3622    -    25     0     200                (-,-) 
  pp_fir_7_1_1_Delay_Pipeline_reg_im_reg[20][2]/q    (u)     clk->q  R     unmapped_d_flop       10 12.0     0    68     268  (123.5920,119.6520) 
  pp_fir_7_1_1_csa_tree_ADD_TC_OP_groupi3978/g4244/z (u)     in_1->z F     unmapped_xor2          2  2.2     0    19     287  (144.4015,123.2685) 
  pp_fir_7_1_1_csa_tree_ADD_TC_OP_groupi3978/g3842/z (u)     in_0->z F     unmapped_complex2      3  3.3     0    12     299  (145.2835,122.3465) 
  pp_fir_7_1_1_csa_tree_ADD_TC_OP_groupi3978/g4318/z (u)     in_0->z R     unmapped_complex3      2  2.4     0    10     309  (145.3045,121.4730) 
  pp_fir_7_1_1_csa_tree_ADD_TC_OP_groupi3978/g2276/z (u)     in_0->z R     unmapped_complex2      2  2.4     0    10     320  (146.3985,122.3225) 
  pp_fir_7_1_1_csa_tree_ADD_TC_OP_groupi3978/g4551/z (u)     in_1->z R     unmapped_complex3      2  2.4     0    19     339  (147.7995,120.2300) 
  pp_fir_7_1_1_csa_tree_ADD_TC_OP_groupi3978/g4648/z (u)     in_1->z R     unmapped_complex3      2  2.4     0    19     358  (146.6915,119.4720) 
  pp_fir_7_1_1_csa_tree_ADD_TC_OP_groupi3978/g4697/z (u)     in_2->z R     unmapped_complex3      2  2.4     0    19     377  (144.9480,118.2245) 
  pp_fir_7_1_1_csa_tree_ADD_TC_OP_groupi3978/g4738/z (u)     in_2->z R     unmapped_complex3      2  2.4     0    19     397  (143.5795,117.1560) 
  pp_fir_7_1_1_csa_tree_ADD_TC_OP_groupi3978/g4761/z (u)     in_2->z R     unmapped_complex3      2  2.4     0    19     416  (142.1255,116.5200) 
  pp_fir_7_1_1_csa_tree_ADD_TC_OP_groupi3978/g4776/z (u)     in_2->z R     unmapped_complex3      4  4.8     0    22     438  (141.0295,117.5995) 
  pp_fir_7_1_1_csa_tree_ADD_TC_OP_groupi3978/g4781/z (u)     in_0->z F     unmapped_complex4      1  1.1     0    20     458  (140.7820,129.0170) 
  pp_fir_7_1_1_csa_tree_ADD_TC_OP_groupi3978/g4802/z (u)     in_2->z R     unmapped_nand3         4  4.8     0    19     477  (140.0550,130.8985) 
  pp_fir_7_1_1_csa_tree_ADD_TC_OP_groupi3978/g4809/z (u)     in_1->z R     unmapped_complex4     10 12.0     0    33     510  (132.0625,135.4965) 
  pp_fir_7_1_1_csa_tree_ADD_TC_OP_groupi3978/g4831/z (u)     in_1->z R     unmapped_complex3      2  2.4     0    19     529  (130.7305,143.4890) 
  pp_fir_7_1_1_csa_tree_ADD_TC_OP_groupi3978/g4842/z (u)     in_0->z R     unmapped_xnor2         1  1.2     0    18     546  (131.9955,142.9570) 
  pp_fir_7_1_1_g5791/z                               (u)     in_2->z R     unmapped_complex3      1  1.2     0    18     564  (133.6220,143.0580) 
  pp_fir_7_1_1_sum1_6_im_1_reg[24]/d                 -       -       R     unmapped_d_flop        1    -     -     0     564  (132.1815,142.0955) 
#-------------------------------------------------------------------------------------------------------------------------------------------------

(u) : Net has unmapped pin(s).



Path 43: MET (2 ps) Setup Check with Pin pp_fir_7_1_1_sum1_9_re_1_reg[20]/clk->d
           View: view_wcl_slow
          Group: clk
     Startpoint: (R) pp_fir_7_1_1_Delay_Pipeline_reg_re_reg[15][2]/clk
          Clock: (R) clk
       Endpoint: (R) pp_fir_7_1_1_sum1_9_re_1_reg[20]/d
          Clock: (R) clk

                     Capture       Launch     
        Clock Edge:+     500            0     
       Src Latency:+       0            0     
       Net Latency:+     200 (I)      200 (I) 
           Arrival:=     700          200     
                                              
             Setup:-      10                  
       Uncertainty:-     125                  
     Required Time:=     565                  
      Launch Clock:-     200                  
         Data Path:-     364                  
             Slack:=       2                  

#-----------------------------------------------------------------------------------------------------------------------------------------------
#                   Timing Point                     Flags    Arc    Edge       Cell         Fanout Load Trans Delay Arrival      Instance      
#                                                                                                   (fF)  (ps)  (ps)   (ps)       Location      
#-----------------------------------------------------------------------------------------------------------------------------------------------
  pp_fir_7_1_1_Delay_Pipeline_reg_re_reg[15][2]/clk  -       -       R     (arrival)           3622    -    25     0     200              (-,-) 
  pp_fir_7_1_1_Delay_Pipeline_reg_re_reg[15][2]/q    (u)     clk->q  R     unmapped_d_flop       13 15.6     0    70     270  (47.7935,68.0130) 
  pp_fir_7_1_1_csa_tree_ADD_TC_OP_groupi3973/g5388/z (u)     in_0->z R     unmapped_xor2          1  1.2     0    18     288  (52.5895,61.8245) 
  pp_fir_7_1_1_csa_tree_ADD_TC_OP_groupi3973/g5500/z (u)     in_0->z R     unmapped_xor2          3  3.6     0    21     308  (52.9235,60.9415) 
  pp_fir_7_1_1_csa_tree_ADD_TC_OP_groupi3973/g5655/z (u)     in_1->z F     unmapped_complex3      1  1.1     0    18     326  (53.5470,58.8920) 
  pp_fir_7_1_1_csa_tree_ADD_TC_OP_groupi3973/g5647/z (u)     in_0->z R     unmapped_complex3      2  2.4     0    10     336  (54.9125,59.1060) 
  pp_fir_7_1_1_csa_tree_ADD_TC_OP_groupi3973/g5842/z (u)     in_2->z R     unmapped_complex3      2  2.4     0    19     356  (56.1940,57.8650) 
  pp_fir_7_1_1_csa_tree_ADD_TC_OP_groupi3973/g5944/z (u)     in_2->z R     unmapped_complex3      2  2.4     0    19     375  (57.2605,57.1195) 
  pp_fir_7_1_1_csa_tree_ADD_TC_OP_groupi3973/g5992/z (u)     in_2->z R     unmapped_complex3      2  2.4     0    19     394  (55.3850,55.4135) 
  pp_fir_7_1_1_csa_tree_ADD_TC_OP_groupi3973/g6037/z (u)     in_2->z R     unmapped_complex3      2  2.4     0    19     413  (52.9305,56.1155) 
  pp_fir_7_1_1_csa_tree_ADD_TC_OP_groupi3973/g6062/z (u)     in_2->z R     unmapped_complex3      4  4.8     0    22     435  (50.2015,54.9015) 
  pp_fir_7_1_1_csa_tree_ADD_TC_OP_groupi3973/g6072/z (u)     in_0->z F     unmapped_complex4      1  1.1     0    20     455  (44.9910,55.1065) 
  pp_fir_7_1_1_csa_tree_ADD_TC_OP_groupi3973/g6090/z (u)     in_0->z R     unmapped_nand3         4  4.8     0    19     474  (44.9325,56.9895) 
  pp_fir_7_1_1_csa_tree_ADD_TC_OP_groupi3973/g6103/z (u)     in_1->z R     unmapped_complex4     15 18.0     0    36     511  (57.1165,66.2665) 
  pp_fir_7_1_1_csa_tree_ADD_TC_OP_groupi3973/g6126/z (u)     in_1->z R     unmapped_complex3      1  1.2     0    18     528  (75.1965,76.3400) 
  pp_fir_7_1_1_csa_tree_ADD_TC_OP_groupi3973/g6154/z (u)     in_0->z R     unmapped_xnor2         1  1.2     0    18     546  (75.2795,77.2245) 
  pp_fir_7_1_1_g6056/z                               (u)     in_1->z R     unmapped_complex3      1  1.2     0    18     564  (78.2805,78.3785) 
  pp_fir_7_1_1_sum1_9_re_1_reg[20]/d                 -       -       R     unmapped_d_flop        1    -     -     0     564  (77.2675,79.4300) 
#-----------------------------------------------------------------------------------------------------------------------------------------------

(u) : Net has unmapped pin(s).



Path 44: MET (2 ps) Setup Check with Pin pp_fir_7_1_1_sum1_9_re_1_reg[18]/clk->d
           View: view_wcl_slow
          Group: clk
     Startpoint: (R) pp_fir_7_1_1_Delay_Pipeline_reg_re_reg[15][2]/clk
          Clock: (R) clk
       Endpoint: (R) pp_fir_7_1_1_sum1_9_re_1_reg[18]/d
          Clock: (R) clk

                     Capture       Launch     
        Clock Edge:+     500            0     
       Src Latency:+       0            0     
       Net Latency:+     200 (I)      200 (I) 
           Arrival:=     700          200     
                                              
             Setup:-      10                  
       Uncertainty:-     125                  
     Required Time:=     565                  
      Launch Clock:-     200                  
         Data Path:-     364                  
             Slack:=       2                  

#-----------------------------------------------------------------------------------------------------------------------------------------------
#                   Timing Point                     Flags    Arc    Edge       Cell         Fanout Load Trans Delay Arrival      Instance      
#                                                                                                   (fF)  (ps)  (ps)   (ps)       Location      
#-----------------------------------------------------------------------------------------------------------------------------------------------
  pp_fir_7_1_1_Delay_Pipeline_reg_re_reg[15][2]/clk  -       -       R     (arrival)           3622    -    25     0     200              (-,-) 
  pp_fir_7_1_1_Delay_Pipeline_reg_re_reg[15][2]/q    (u)     clk->q  R     unmapped_d_flop       13 15.6     0    70     270  (47.7935,68.0130) 
  pp_fir_7_1_1_csa_tree_ADD_TC_OP_groupi3973/g5388/z (u)     in_0->z R     unmapped_xor2          1  1.2     0    18     288  (52.5895,61.8245) 
  pp_fir_7_1_1_csa_tree_ADD_TC_OP_groupi3973/g5500/z (u)     in_0->z R     unmapped_xor2          3  3.6     0    21     308  (52.9235,60.9415) 
  pp_fir_7_1_1_csa_tree_ADD_TC_OP_groupi3973/g5655/z (u)     in_1->z F     unmapped_complex3      1  1.1     0    18     326  (53.5470,58.8920) 
  pp_fir_7_1_1_csa_tree_ADD_TC_OP_groupi3973/g5647/z (u)     in_0->z R     unmapped_complex3      2  2.4     0    10     336  (54.9125,59.1060) 
  pp_fir_7_1_1_csa_tree_ADD_TC_OP_groupi3973/g5842/z (u)     in_2->z R     unmapped_complex3      2  2.4     0    19     356  (56.1940,57.8650) 
  pp_fir_7_1_1_csa_tree_ADD_TC_OP_groupi3973/g5944/z (u)     in_2->z R     unmapped_complex3      2  2.4     0    19     375  (57.2605,57.1195) 
  pp_fir_7_1_1_csa_tree_ADD_TC_OP_groupi3973/g5992/z (u)     in_2->z R     unmapped_complex3      2  2.4     0    19     394  (55.3850,55.4135) 
  pp_fir_7_1_1_csa_tree_ADD_TC_OP_groupi3973/g6037/z (u)     in_2->z R     unmapped_complex3      2  2.4     0    19     413  (52.9305,56.1155) 
  pp_fir_7_1_1_csa_tree_ADD_TC_OP_groupi3973/g6062/z (u)     in_2->z R     unmapped_complex3      4  4.8     0    22     435  (50.2015,54.9015) 
  pp_fir_7_1_1_csa_tree_ADD_TC_OP_groupi3973/g6072/z (u)     in_0->z F     unmapped_complex4      1  1.1     0    20     455  (44.9910,55.1065) 
  pp_fir_7_1_1_csa_tree_ADD_TC_OP_groupi3973/g6090/z (u)     in_0->z R     unmapped_nand3         4  4.8     0    19     474  (44.9325,56.9895) 
  pp_fir_7_1_1_csa_tree_ADD_TC_OP_groupi3973/g6103/z (u)     in_1->z R     unmapped_complex4     15 18.0     0    36     511  (57.1165,66.2665) 
  pp_fir_7_1_1_csa_tree_ADD_TC_OP_groupi3973/g6131/z (u)     in_1->z R     unmapped_complex3      1  1.2     0    18     528  (74.9455,71.2320) 
  pp_fir_7_1_1_csa_tree_ADD_TC_OP_groupi3973/g6150/z (u)     in_0->z R     unmapped_xnor2         1  1.2     0    18     546  (76.2795,71.5400) 
  pp_fir_7_1_1_g6061/z                               (u)     in_1->z R     unmapped_complex3      1  1.2     0    18     564  (76.5270,72.5855) 
  pp_fir_7_1_1_sum1_9_re_1_reg[18]/d                 -       -       R     unmapped_d_flop        1    -     -     0     564  (75.5845,73.4970) 
#-----------------------------------------------------------------------------------------------------------------------------------------------

(u) : Net has unmapped pin(s).



Path 45: MET (2 ps) Setup Check with Pin pp_fir_7_1_1_sum1_9_re_1_reg[17]/clk->d
           View: view_wcl_slow
          Group: clk
     Startpoint: (R) pp_fir_7_1_1_Delay_Pipeline_reg_re_reg[15][2]/clk
          Clock: (R) clk
       Endpoint: (R) pp_fir_7_1_1_sum1_9_re_1_reg[17]/d
          Clock: (R) clk

                     Capture       Launch     
        Clock Edge:+     500            0     
       Src Latency:+       0            0     
       Net Latency:+     200 (I)      200 (I) 
           Arrival:=     700          200     
                                              
             Setup:-      10                  
       Uncertainty:-     125                  
     Required Time:=     565                  
      Launch Clock:-     200                  
         Data Path:-     364                  
             Slack:=       2                  

#-----------------------------------------------------------------------------------------------------------------------------------------------
#                   Timing Point                     Flags    Arc    Edge       Cell         Fanout Load Trans Delay Arrival      Instance      
#                                                                                                   (fF)  (ps)  (ps)   (ps)       Location      
#-----------------------------------------------------------------------------------------------------------------------------------------------
  pp_fir_7_1_1_Delay_Pipeline_reg_re_reg[15][2]/clk  -       -       R     (arrival)           3622    -    25     0     200              (-,-) 
  pp_fir_7_1_1_Delay_Pipeline_reg_re_reg[15][2]/q    (u)     clk->q  R     unmapped_d_flop       13 15.6     0    70     270  (47.7935,68.0130) 
  pp_fir_7_1_1_csa_tree_ADD_TC_OP_groupi3973/g5388/z (u)     in_0->z R     unmapped_xor2          1  1.2     0    18     288  (52.5895,61.8245) 
  pp_fir_7_1_1_csa_tree_ADD_TC_OP_groupi3973/g5500/z (u)     in_0->z R     unmapped_xor2          3  3.6     0    21     308  (52.9235,60.9415) 
  pp_fir_7_1_1_csa_tree_ADD_TC_OP_groupi3973/g5655/z (u)     in_1->z F     unmapped_complex3      1  1.1     0    18     326  (53.5470,58.8920) 
  pp_fir_7_1_1_csa_tree_ADD_TC_OP_groupi3973/g5647/z (u)     in_0->z R     unmapped_complex3      2  2.4     0    10     336  (54.9125,59.1060) 
  pp_fir_7_1_1_csa_tree_ADD_TC_OP_groupi3973/g5842/z (u)     in_2->z R     unmapped_complex3      2  2.4     0    19     356  (56.1940,57.8650) 
  pp_fir_7_1_1_csa_tree_ADD_TC_OP_groupi3973/g5944/z (u)     in_2->z R     unmapped_complex3      2  2.4     0    19     375  (57.2605,57.1195) 
  pp_fir_7_1_1_csa_tree_ADD_TC_OP_groupi3973/g5992/z (u)     in_2->z R     unmapped_complex3      2  2.4     0    19     394  (55.3850,55.4135) 
  pp_fir_7_1_1_csa_tree_ADD_TC_OP_groupi3973/g6037/z (u)     in_2->z R     unmapped_complex3      2  2.4     0    19     413  (52.9305,56.1155) 
  pp_fir_7_1_1_csa_tree_ADD_TC_OP_groupi3973/g6062/z (u)     in_2->z R     unmapped_complex3      4  4.8     0    22     435  (50.2015,54.9015) 
  pp_fir_7_1_1_csa_tree_ADD_TC_OP_groupi3973/g6072/z (u)     in_0->z F     unmapped_complex4      1  1.1     0    20     455  (44.9910,55.1065) 
  pp_fir_7_1_1_csa_tree_ADD_TC_OP_groupi3973/g6090/z (u)     in_0->z R     unmapped_nand3         4  4.8     0    19     474  (44.9325,56.9895) 
  pp_fir_7_1_1_csa_tree_ADD_TC_OP_groupi3973/g6103/z (u)     in_1->z R     unmapped_complex4     15 18.0     0    36     511  (57.1165,66.2665) 
  pp_fir_7_1_1_csa_tree_ADD_TC_OP_groupi3973/g6133/z (u)     in_2->z R     unmapped_complex3      1  1.2     0    18     528  (72.5475,70.3015) 
  pp_fir_7_1_1_csa_tree_ADD_TC_OP_groupi3973/g6148/z (u)     in_0->z R     unmapped_xnor2         1  1.2     0    18     546  (73.7150,70.4245) 
  pp_fir_7_1_1_g6033/z                               (u)     in_2->z R     unmapped_complex3      1  1.2     0    18     564  (78.1755,70.9975) 
  pp_fir_7_1_1_sum1_9_re_1_reg[17]/d                 -       -       R     unmapped_d_flop        1    -     -     0     564  (77.0860,71.8950) 
#-----------------------------------------------------------------------------------------------------------------------------------------------

(u) : Net has unmapped pin(s).



Path 46: MET (2 ps) Setup Check with Pin pp_fir_7_1_1_sum1_9_im_1_reg[20]/clk->d
           View: view_wcl_slow
          Group: clk
     Startpoint: (R) pp_fir_7_1_1_Delay_Pipeline_reg_im_reg[15][2]/clk
          Clock: (R) clk
       Endpoint: (R) pp_fir_7_1_1_sum1_9_im_1_reg[20]/d
          Clock: (R) clk

                     Capture       Launch     
        Clock Edge:+     500            0     
       Src Latency:+       0            0     
       Net Latency:+     200 (I)      200 (I) 
           Arrival:=     700          200     
                                              
             Setup:-      10                  
       Uncertainty:-     125                  
     Required Time:=     565                  
      Launch Clock:-     200                  
         Data Path:-     364                  
             Slack:=       2                  

#------------------------------------------------------------------------------------------------------------------------------------------------
#                   Timing Point                     Flags    Arc    Edge       Cell         Fanout Load Trans Delay Arrival       Instance      
#                                                                                                   (fF)  (ps)  (ps)   (ps)        Location      
#------------------------------------------------------------------------------------------------------------------------------------------------
  pp_fir_7_1_1_Delay_Pipeline_reg_im_reg[15][2]/clk  -       -       R     (arrival)           3622    -    25     0     200               (-,-) 
  pp_fir_7_1_1_Delay_Pipeline_reg_im_reg[15][2]/q    (u)     clk->q  R     unmapped_d_flop       13 15.6     0    70     270  (186.1450,79.8415) 
  pp_fir_7_1_1_csa_tree_ADD_TC_OP_groupi3972/g5388/z (u)     in_0->z R     unmapped_xor2          1  1.2     0    18     288  (189.0875,78.3490) 
  pp_fir_7_1_1_csa_tree_ADD_TC_OP_groupi3972/g5500/z (u)     in_0->z R     unmapped_xor2          3  3.6     0    21     308  (188.5010,77.3485) 
  pp_fir_7_1_1_csa_tree_ADD_TC_OP_groupi3972/g5655/z (u)     in_1->z F     unmapped_complex3      1  1.1     0    18     326  (189.9190,77.3960) 
  pp_fir_7_1_1_csa_tree_ADD_TC_OP_groupi3972/g5647/z (u)     in_0->z R     unmapped_complex3      2  2.4     0    10     336  (190.0705,76.4310) 
  pp_fir_7_1_1_csa_tree_ADD_TC_OP_groupi3972/g5842/z (u)     in_2->z R     unmapped_complex3      2  2.4     0    19     356  (191.7980,72.6450) 
  pp_fir_7_1_1_csa_tree_ADD_TC_OP_groupi3972/g5944/z (u)     in_2->z R     unmapped_complex3      2  2.4     0    19     375  (195.7895,72.2585) 
  pp_fir_7_1_1_csa_tree_ADD_TC_OP_groupi3972/g5992/z (u)     in_2->z R     unmapped_complex3      2  2.4     0    19     394  (197.7625,73.6285) 
  pp_fir_7_1_1_csa_tree_ADD_TC_OP_groupi3972/g6037/z (u)     in_2->z R     unmapped_complex3      2  2.4     0    19     413  (200.7640,74.7010) 
  pp_fir_7_1_1_csa_tree_ADD_TC_OP_groupi3972/g6062/z (u)     in_2->z R     unmapped_complex3      4  4.8     0    22     435  (202.5540,76.7335) 
  pp_fir_7_1_1_csa_tree_ADD_TC_OP_groupi3972/g6072/z (u)     in_0->z F     unmapped_complex4      1  1.1     0    20     455  (205.0615,83.7605) 
  pp_fir_7_1_1_csa_tree_ADD_TC_OP_groupi3972/g6090/z (u)     in_0->z R     unmapped_nand3         4  4.8     0    19     474  (205.4555,85.8480) 
  pp_fir_7_1_1_csa_tree_ADD_TC_OP_groupi3972/g6103/z (u)     in_1->z R     unmapped_complex4     15 18.0     0    36     511  (199.5150,91.3300) 
  pp_fir_7_1_1_csa_tree_ADD_TC_OP_groupi3972/g6126/z (u)     in_1->z R     unmapped_complex3      1  1.2     0    18     528  (172.1800,70.5635) 
  pp_fir_7_1_1_csa_tree_ADD_TC_OP_groupi3972/g6154/z (u)     in_0->z R     unmapped_xnor2         1  1.2     0    18     546  (171.8515,69.5885) 
  pp_fir_7_1_1_g6064/z                               (u)     in_2->z R     unmapped_complex3      1  1.2     0    18     564  (171.6340,66.5995) 
  pp_fir_7_1_1_sum1_9_im_1_reg[20]/d                 -       -       R     unmapped_d_flop        1    -     -     0     564  (170.7825,65.7140) 
#------------------------------------------------------------------------------------------------------------------------------------------------

(u) : Net has unmapped pin(s).



Path 47: MET (2 ps) Setup Check with Pin pp_fir_7_1_1_sum1_9_im_1_reg[18]/clk->d
           View: view_wcl_slow
          Group: clk
     Startpoint: (R) pp_fir_7_1_1_Delay_Pipeline_reg_im_reg[15][2]/clk
          Clock: (R) clk
       Endpoint: (R) pp_fir_7_1_1_sum1_9_im_1_reg[18]/d
          Clock: (R) clk

                     Capture       Launch     
        Clock Edge:+     500            0     
       Src Latency:+       0            0     
       Net Latency:+     200 (I)      200 (I) 
           Arrival:=     700          200     
                                              
             Setup:-      10                  
       Uncertainty:-     125                  
     Required Time:=     565                  
      Launch Clock:-     200                  
         Data Path:-     364                  
             Slack:=       2                  

#------------------------------------------------------------------------------------------------------------------------------------------------
#                   Timing Point                     Flags    Arc    Edge       Cell         Fanout Load Trans Delay Arrival       Instance      
#                                                                                                   (fF)  (ps)  (ps)   (ps)        Location      
#------------------------------------------------------------------------------------------------------------------------------------------------
  pp_fir_7_1_1_Delay_Pipeline_reg_im_reg[15][2]/clk  -       -       R     (arrival)           3622    -    25     0     200               (-,-) 
  pp_fir_7_1_1_Delay_Pipeline_reg_im_reg[15][2]/q    (u)     clk->q  R     unmapped_d_flop       13 15.6     0    70     270  (186.1450,79.8415) 
  pp_fir_7_1_1_csa_tree_ADD_TC_OP_groupi3972/g5388/z (u)     in_0->z R     unmapped_xor2          1  1.2     0    18     288  (189.0875,78.3490) 
  pp_fir_7_1_1_csa_tree_ADD_TC_OP_groupi3972/g5500/z (u)     in_0->z R     unmapped_xor2          3  3.6     0    21     308  (188.5010,77.3485) 
  pp_fir_7_1_1_csa_tree_ADD_TC_OP_groupi3972/g5655/z (u)     in_1->z F     unmapped_complex3      1  1.1     0    18     326  (189.9190,77.3960) 
  pp_fir_7_1_1_csa_tree_ADD_TC_OP_groupi3972/g5647/z (u)     in_0->z R     unmapped_complex3      2  2.4     0    10     336  (190.0705,76.4310) 
  pp_fir_7_1_1_csa_tree_ADD_TC_OP_groupi3972/g5842/z (u)     in_2->z R     unmapped_complex3      2  2.4     0    19     356  (191.7980,72.6450) 
  pp_fir_7_1_1_csa_tree_ADD_TC_OP_groupi3972/g5944/z (u)     in_2->z R     unmapped_complex3      2  2.4     0    19     375  (195.7895,72.2585) 
  pp_fir_7_1_1_csa_tree_ADD_TC_OP_groupi3972/g5992/z (u)     in_2->z R     unmapped_complex3      2  2.4     0    19     394  (197.7625,73.6285) 
  pp_fir_7_1_1_csa_tree_ADD_TC_OP_groupi3972/g6037/z (u)     in_2->z R     unmapped_complex3      2  2.4     0    19     413  (200.7640,74.7010) 
  pp_fir_7_1_1_csa_tree_ADD_TC_OP_groupi3972/g6062/z (u)     in_2->z R     unmapped_complex3      4  4.8     0    22     435  (202.5540,76.7335) 
  pp_fir_7_1_1_csa_tree_ADD_TC_OP_groupi3972/g6072/z (u)     in_0->z F     unmapped_complex4      1  1.1     0    20     455  (205.0615,83.7605) 
  pp_fir_7_1_1_csa_tree_ADD_TC_OP_groupi3972/g6090/z (u)     in_0->z R     unmapped_nand3         4  4.8     0    19     474  (205.4555,85.8480) 
  pp_fir_7_1_1_csa_tree_ADD_TC_OP_groupi3972/g6103/z (u)     in_1->z R     unmapped_complex4     15 18.0     0    36     511  (199.5150,91.3300) 
  pp_fir_7_1_1_csa_tree_ADD_TC_OP_groupi3972/g6131/z (u)     in_1->z R     unmapped_complex3      1  1.2     0    18     528  (169.6860,87.8420) 
  pp_fir_7_1_1_csa_tree_ADD_TC_OP_groupi3972/g6150/z (u)     in_0->z R     unmapped_xnor2         1  1.2     0    18     546  (169.2045,86.9465) 
  pp_fir_7_1_1_g6005/z                               (u)     in_2->z R     unmapped_complex3      1  1.2     0    18     564  (169.8235,68.1190) 
  pp_fir_7_1_1_sum1_9_im_1_reg[18]/d                 -       -       R     unmapped_d_flop        1    -     -     0     564  (168.6335,66.8730) 
#------------------------------------------------------------------------------------------------------------------------------------------------

(u) : Net has unmapped pin(s).



Path 48: MET (2 ps) Setup Check with Pin pp_fir_7_1_1_sum1_9_im_1_reg[17]/clk->d
           View: view_wcl_slow
          Group: clk
     Startpoint: (R) pp_fir_7_1_1_Delay_Pipeline_reg_im_reg[15][2]/clk
          Clock: (R) clk
       Endpoint: (R) pp_fir_7_1_1_sum1_9_im_1_reg[17]/d
          Clock: (R) clk

                     Capture       Launch     
        Clock Edge:+     500            0     
       Src Latency:+       0            0     
       Net Latency:+     200 (I)      200 (I) 
           Arrival:=     700          200     
                                              
             Setup:-      10                  
       Uncertainty:-     125                  
     Required Time:=     565                  
      Launch Clock:-     200                  
         Data Path:-     364                  
             Slack:=       2                  

#------------------------------------------------------------------------------------------------------------------------------------------------
#                   Timing Point                     Flags    Arc    Edge       Cell         Fanout Load Trans Delay Arrival       Instance      
#                                                                                                   (fF)  (ps)  (ps)   (ps)        Location      
#------------------------------------------------------------------------------------------------------------------------------------------------
  pp_fir_7_1_1_Delay_Pipeline_reg_im_reg[15][2]/clk  -       -       R     (arrival)           3622    -    25     0     200               (-,-) 
  pp_fir_7_1_1_Delay_Pipeline_reg_im_reg[15][2]/q    (u)     clk->q  R     unmapped_d_flop       13 15.6     0    70     270  (186.1450,79.8415) 
  pp_fir_7_1_1_csa_tree_ADD_TC_OP_groupi3972/g5388/z (u)     in_0->z R     unmapped_xor2          1  1.2     0    18     288  (189.0875,78.3490) 
  pp_fir_7_1_1_csa_tree_ADD_TC_OP_groupi3972/g5500/z (u)     in_0->z R     unmapped_xor2          3  3.6     0    21     308  (188.5010,77.3485) 
  pp_fir_7_1_1_csa_tree_ADD_TC_OP_groupi3972/g5655/z (u)     in_1->z F     unmapped_complex3      1  1.1     0    18     326  (189.9190,77.3960) 
  pp_fir_7_1_1_csa_tree_ADD_TC_OP_groupi3972/g5647/z (u)     in_0->z R     unmapped_complex3      2  2.4     0    10     336  (190.0705,76.4310) 
  pp_fir_7_1_1_csa_tree_ADD_TC_OP_groupi3972/g5842/z (u)     in_2->z R     unmapped_complex3      2  2.4     0    19     356  (191.7980,72.6450) 
  pp_fir_7_1_1_csa_tree_ADD_TC_OP_groupi3972/g5944/z (u)     in_2->z R     unmapped_complex3      2  2.4     0    19     375  (195.7895,72.2585) 
  pp_fir_7_1_1_csa_tree_ADD_TC_OP_groupi3972/g5992/z (u)     in_2->z R     unmapped_complex3      2  2.4     0    19     394  (197.7625,73.6285) 
  pp_fir_7_1_1_csa_tree_ADD_TC_OP_groupi3972/g6037/z (u)     in_2->z R     unmapped_complex3      2  2.4     0    19     413  (200.7640,74.7010) 
  pp_fir_7_1_1_csa_tree_ADD_TC_OP_groupi3972/g6062/z (u)     in_2->z R     unmapped_complex3      4  4.8     0    22     435  (202.5540,76.7335) 
  pp_fir_7_1_1_csa_tree_ADD_TC_OP_groupi3972/g6072/z (u)     in_0->z F     unmapped_complex4      1  1.1     0    20     455  (205.0615,83.7605) 
  pp_fir_7_1_1_csa_tree_ADD_TC_OP_groupi3972/g6090/z (u)     in_0->z R     unmapped_nand3         4  4.8     0    19     474  (205.4555,85.8480) 
  pp_fir_7_1_1_csa_tree_ADD_TC_OP_groupi3972/g6103/z (u)     in_1->z R     unmapped_complex4     15 18.0     0    36     511  (199.5150,91.3300) 
  pp_fir_7_1_1_csa_tree_ADD_TC_OP_groupi3972/g6133/z (u)     in_2->z R     unmapped_complex3      1  1.2     0    18     528  (176.0385,91.4030) 
  pp_fir_7_1_1_csa_tree_ADD_TC_OP_groupi3972/g6148/z (u)     in_0->z R     unmapped_xnor2         1  1.2     0    18     546  (176.0935,90.4380) 
  pp_fir_7_1_1_g5975/z                               (u)     in_2->z R     unmapped_complex3      1  1.2     0    18     564  (176.4340,69.3600) 
  pp_fir_7_1_1_sum1_9_im_1_reg[17]/d                 -       -       R     unmapped_d_flop        1    -     -     0     564  (175.5575,68.4020) 
#------------------------------------------------------------------------------------------------------------------------------------------------

(u) : Net has unmapped pin(s).



Path 49: MET (3 ps) Setup Check with Pin pp_fir_7_1_1_sum1_6_re_1_reg[20]/clk->d
           View: view_wcl_slow
          Group: clk
     Startpoint: (R) pp_fir_7_1_1_Delay_Pipeline_reg_re_reg[20][2]/clk
          Clock: (R) clk
       Endpoint: (R) pp_fir_7_1_1_sum1_6_re_1_reg[20]/d
          Clock: (R) clk

                     Capture       Launch     
        Clock Edge:+     500            0     
       Src Latency:+       0            0     
       Net Latency:+     200 (I)      200 (I) 
           Arrival:=     700          200     
                                              
             Setup:-      10                  
       Uncertainty:-     125                  
     Required Time:=     565                  
      Launch Clock:-     200                  
         Data Path:-     362                  
             Slack:=       3                  

#------------------------------------------------------------------------------------------------------------------------------------------------
#                   Timing Point                     Flags    Arc    Edge       Cell         Fanout Load Trans Delay Arrival       Instance      
#                                                                                                   (fF)  (ps)  (ps)   (ps)        Location      
#------------------------------------------------------------------------------------------------------------------------------------------------
  pp_fir_7_1_1_Delay_Pipeline_reg_re_reg[20][2]/clk  -       -       R     (arrival)           3622    -    25     0     200               (-,-) 
  pp_fir_7_1_1_Delay_Pipeline_reg_re_reg[20][2]/q    (u)     clk->q  R     unmapped_d_flop       10 12.0     0    68     268  (14.9575,119.6325) 
  pp_fir_7_1_1_csa_tree_ADD_TC_OP_groupi3979/g4244/z (u)     in_1->z F     unmapped_xor2          2  2.2     0    19     287  (19.9055,120.6445) 
  pp_fir_7_1_1_csa_tree_ADD_TC_OP_groupi3979/g3842/z (u)     in_0->z F     unmapped_complex2      3  3.3     0    12     299  (21.3885,120.1060) 
  pp_fir_7_1_1_csa_tree_ADD_TC_OP_groupi3979/g4318/z (u)     in_0->z R     unmapped_complex3      2  2.4     0    10     309  (22.4985,119.0975) 
  pp_fir_7_1_1_csa_tree_ADD_TC_OP_groupi3979/g2276/z (u)     in_0->z R     unmapped_complex2      2  2.4     0    10     320  (23.9120,119.5095) 
  pp_fir_7_1_1_csa_tree_ADD_TC_OP_groupi3979/g4551/z (u)     in_1->z R     unmapped_complex3      2  2.4     0    19     339  (24.7120,118.6465) 
  pp_fir_7_1_1_csa_tree_ADD_TC_OP_groupi3979/g4648/z (u)     in_1->z R     unmapped_complex3      2  2.4     0    19     358  (24.8805,120.5315) 
  pp_fir_7_1_1_csa_tree_ADD_TC_OP_groupi3979/g4697/z (u)     in_2->z R     unmapped_complex3      2  2.4     0    19     377  (26.0075,122.3220) 
  pp_fir_7_1_1_csa_tree_ADD_TC_OP_groupi3979/g4738/z (u)     in_2->z R     unmapped_complex3      2  2.4     0    19     397  (27.3120,123.0100) 
  pp_fir_7_1_1_csa_tree_ADD_TC_OP_groupi3979/g4761/z (u)     in_2->z R     unmapped_complex3      2  2.4     0    19     416  (27.1310,124.5285) 
  pp_fir_7_1_1_csa_tree_ADD_TC_OP_groupi3979/g4776/z (u)     in_2->z R     unmapped_complex3      4  4.8     0    22     438  (27.0150,126.5705) 
  pp_fir_7_1_1_csa_tree_ADD_TC_OP_groupi3979/g4781/z (u)     in_0->z F     unmapped_complex4      1  1.1     0    20     458  (26.7700,132.5730) 
  pp_fir_7_1_1_csa_tree_ADD_TC_OP_groupi3979/g4802/z (u)     in_2->z R     unmapped_nand3         4  4.8     0    19     477  (27.1340,134.3970) 
  pp_fir_7_1_1_csa_tree_ADD_TC_OP_groupi3979/g4809/z (u)     in_1->z R     unmapped_complex4     10 12.0     0    33     510  (21.5515,139.9740) 
  pp_fir_7_1_1_csa_tree_ADD_TC_OP_groupi3979/g4822/z (u)     in_1->z R     unmapped_complex3      1  1.2     0    18     527  (17.0325,153.0935) 
  pp_fir_7_1_1_csa_tree_ADD_TC_OP_groupi3979/g4850/z (u)     in_0->z R     unmapped_xnor2         1  1.2     0    18     545  (18.3620,153.7805) 
  pp_fir_7_1_1_g6020/z                               (u)     in_2->z R     unmapped_complex3      1  1.2     0    18     562  (21.4215,153.8980) 
  pp_fir_7_1_1_sum1_6_re_1_reg[20]/d                 -       -       R     unmapped_d_flop        1    -     -     0     562  (21.3880,154.8210) 
#------------------------------------------------------------------------------------------------------------------------------------------------

(u) : Net has unmapped pin(s).



Path 50: MET (3 ps) Setup Check with Pin pp_fir_7_1_1_sum1_6_re_1_reg[18]/clk->d
           View: view_wcl_slow
          Group: clk
     Startpoint: (R) pp_fir_7_1_1_Delay_Pipeline_reg_re_reg[20][2]/clk
          Clock: (R) clk
       Endpoint: (R) pp_fir_7_1_1_sum1_6_re_1_reg[18]/d
          Clock: (R) clk

                     Capture       Launch     
        Clock Edge:+     500            0     
       Src Latency:+       0            0     
       Net Latency:+     200 (I)      200 (I) 
           Arrival:=     700          200     
                                              
             Setup:-      10                  
       Uncertainty:-     125                  
     Required Time:=     565                  
      Launch Clock:-     200                  
         Data Path:-     362                  
             Slack:=       3                  

#------------------------------------------------------------------------------------------------------------------------------------------------
#                   Timing Point                     Flags    Arc    Edge       Cell         Fanout Load Trans Delay Arrival       Instance      
#                                                                                                   (fF)  (ps)  (ps)   (ps)        Location      
#------------------------------------------------------------------------------------------------------------------------------------------------
  pp_fir_7_1_1_Delay_Pipeline_reg_re_reg[20][2]/clk  -       -       R     (arrival)           3622    -    25     0     200               (-,-) 
  pp_fir_7_1_1_Delay_Pipeline_reg_re_reg[20][2]/q    (u)     clk->q  R     unmapped_d_flop       10 12.0     0    68     268  (14.9575,119.6325) 
  pp_fir_7_1_1_csa_tree_ADD_TC_OP_groupi3979/g4244/z (u)     in_1->z F     unmapped_xor2          2  2.2     0    19     287  (19.9055,120.6445) 
  pp_fir_7_1_1_csa_tree_ADD_TC_OP_groupi3979/g3842/z (u)     in_0->z F     unmapped_complex2      3  3.3     0    12     299  (21.3885,120.1060) 
  pp_fir_7_1_1_csa_tree_ADD_TC_OP_groupi3979/g4318/z (u)     in_0->z R     unmapped_complex3      2  2.4     0    10     309  (22.4985,119.0975) 
  pp_fir_7_1_1_csa_tree_ADD_TC_OP_groupi3979/g2276/z (u)     in_0->z R     unmapped_complex2      2  2.4     0    10     320  (23.9120,119.5095) 
  pp_fir_7_1_1_csa_tree_ADD_TC_OP_groupi3979/g4551/z (u)     in_1->z R     unmapped_complex3      2  2.4     0    19     339  (24.7120,118.6465) 
  pp_fir_7_1_1_csa_tree_ADD_TC_OP_groupi3979/g4648/z (u)     in_1->z R     unmapped_complex3      2  2.4     0    19     358  (24.8805,120.5315) 
  pp_fir_7_1_1_csa_tree_ADD_TC_OP_groupi3979/g4697/z (u)     in_2->z R     unmapped_complex3      2  2.4     0    19     377  (26.0075,122.3220) 
  pp_fir_7_1_1_csa_tree_ADD_TC_OP_groupi3979/g4738/z (u)     in_2->z R     unmapped_complex3      2  2.4     0    19     397  (27.3120,123.0100) 
  pp_fir_7_1_1_csa_tree_ADD_TC_OP_groupi3979/g4761/z (u)     in_2->z R     unmapped_complex3      2  2.4     0    19     416  (27.1310,124.5285) 
  pp_fir_7_1_1_csa_tree_ADD_TC_OP_groupi3979/g4776/z (u)     in_2->z R     unmapped_complex3      4  4.8     0    22     438  (27.0150,126.5705) 
  pp_fir_7_1_1_csa_tree_ADD_TC_OP_groupi3979/g4781/z (u)     in_0->z F     unmapped_complex4      1  1.1     0    20     458  (26.7700,132.5730) 
  pp_fir_7_1_1_csa_tree_ADD_TC_OP_groupi3979/g4802/z (u)     in_2->z R     unmapped_nand3         4  4.8     0    19     477  (27.1340,134.3970) 
  pp_fir_7_1_1_csa_tree_ADD_TC_OP_groupi3979/g4809/z (u)     in_1->z R     unmapped_complex4     10 12.0     0    33     510  (21.5515,139.9740) 
  pp_fir_7_1_1_csa_tree_ADD_TC_OP_groupi3979/g4829/z (u)     in_1->z R     unmapped_complex3      1  1.2     0    18     527  (15.9010,144.7705) 
  pp_fir_7_1_1_csa_tree_ADD_TC_OP_groupi3979/g4852/z (u)     in_0->z R     unmapped_xnor2         1  1.2     0    18     545  (17.1650,144.9220) 
  pp_fir_7_1_1_g5922/z                               (u)     in_2->z R     unmapped_complex3      1  1.2     0    18     562  (21.7230,144.6515) 
  pp_fir_7_1_1_sum1_6_re_1_reg[18]/d                 -       -       R     unmapped_d_flop        1    -     -     0     562  (20.3535,143.7315) 
#------------------------------------------------------------------------------------------------------------------------------------------------

(u) : Net has unmapped pin(s).

