============================================================
  Generated by:           Genus(TM) Synthesis Solution 22.10-p001_1
  Generated on:           Jan 13 2025  10:38:12 am
  Module:                 pp_fir_u_3
  Operating conditions:   ssg_cworstt_max_0p81v_125c 
  Operating conditions:   ffg_cbestt_min_0p99v_m40c 
  Operating conditions:   tt_ctypical_max_0p90v_25c 
  Interconnect mode:      placement
  Area mode:              physical library
============================================================


Path 1: MET (17 ps) Recovery Check with Pin pp_fir_3_1_1_Delay_Pipeline_reg_im_reg[17][12]/CK->R
           View: view_wcl_typical
          Group: clk
     Startpoint: (R) rst_n
          Clock: (R) clk
       Endpoint: (F) pp_fir_3_1_1_Delay_Pipeline_reg_im_reg[17][12]/R
          Clock: (R) clk

                     Capture       Launch     
        Clock Edge:+     500            0     
        Drv Adjust:+       0            0     
       Src Latency:+       0            0     
       Net Latency:+       0 (I)        0 (I) 
           Arrival:=     500            0     
                                              
          Recovery:-      -3                  
       Uncertainty:-     125                  
     Required Time:=     378                  
      Launch Clock:-       0                  
       Input Delay:-     300                  
         Data Path:-      61                  
             Slack:=      17                  

Exceptions/Constraints:
  input_delay             300             functional_wcl_typic_2_line_1076 

#--------------------------------------------------------------------------------------------------------------------------------------------------------
#                  Timing Point                    Flags   Arc   Edge            Cell              Fanout  Load Trans Delay Arrival       Instance       
#                                                                                                          (fF)  (ps)  (ps)   (ps)        Location       
#--------------------------------------------------------------------------------------------------------------------------------------------------------
  rst_n                                            (a,#)   -     R     (arrival)                       24 113.3     4     0     300                (-,-) 
  FE_RC_1487_0/Y                                   (a,#)   A->Y  R     BUFH_X16M_A9PP140ZTL_C30         6  34.9    11    17     317   (77.4400,150.3000) 
  FE_OCPC2561_FE_OFN78_n_315/Y                     (a,@)   A->Y  R     BUFH_X16M_A9PP140ZTL_C30         9  46.9    14    15     332  (174.8800,156.6000) 
  FE_OFC3692_FE_OCPN1171_FE_OFN78_n_315/Y          (a,@)   A->Y  F     INV_X16M_A9PP140ZTL_C30          6  21.2     9    10     342  (190.1400,143.1000) 
  FE_OFC3695_FE_OCPN1171_FE_OFN78_n_315/Y          (a,@)   A->Y  F     BUF_X16M_A9PP140ZTL_C30          9  20.4     8    16     358  (190.1400,124.2000) 
  pp_fir_3_1_1_Delay_Pipeline_reg_im_reg[17][12]/R -       -     F     SDFFRPQA_X1M_A9PP140ZTL_C30      9     -     -     2     361   (190.0000,95.4000) 
#--------------------------------------------------------------------------------------------------------------------------------------------------------

(#) : Net either has Non-default Routes or has been promoted to higher metal layers.
(@) : Annotated capacitance.
(a) : Net has asynchronous load pins which are being considered ideal.



Path 2: MET (17 ps) Recovery Check with Pin pp_fir_3_1_1_Delay_Pipeline_reg_im_reg[17][14]/CK->R
           View: view_wcl_typical
          Group: clk
     Startpoint: (R) rst_n
          Clock: (R) clk
       Endpoint: (F) pp_fir_3_1_1_Delay_Pipeline_reg_im_reg[17][14]/R
          Clock: (R) clk

                     Capture       Launch     
        Clock Edge:+     500            0     
        Drv Adjust:+       0            0     
       Src Latency:+       0            0     
       Net Latency:+       0 (I)        0 (I) 
           Arrival:=     500            0     
                                              
          Recovery:-      -3                  
       Uncertainty:-     125                  
     Required Time:=     378                  
      Launch Clock:-       0                  
       Input Delay:-     300                  
         Data Path:-      61                  
             Slack:=      17                  

Exceptions/Constraints:
  input_delay             300             functional_wcl_typic_2_line_1076 

#--------------------------------------------------------------------------------------------------------------------------------------------------------
#                  Timing Point                    Flags   Arc   Edge            Cell              Fanout  Load Trans Delay Arrival       Instance       
#                                                                                                          (fF)  (ps)  (ps)   (ps)        Location       
#--------------------------------------------------------------------------------------------------------------------------------------------------------
  rst_n                                            (a,#)   -     R     (arrival)                       24 113.3     4     0     300                (-,-) 
  FE_RC_1487_0/Y                                   (a,#)   A->Y  R     BUFH_X16M_A9PP140ZTL_C30         6  34.9    11    17     317   (77.4400,150.3000) 
  FE_OCPC2561_FE_OFN78_n_315/Y                     (a,@)   A->Y  R     BUFH_X16M_A9PP140ZTL_C30         9  46.9    14    15     332  (174.8800,156.6000) 
  FE_OFC3692_FE_OCPN1171_FE_OFN78_n_315/Y          (a,@)   A->Y  F     INV_X16M_A9PP140ZTL_C30          6  21.2     9    10     342  (190.1400,143.1000) 
  FE_OFC3695_FE_OCPN1171_FE_OFN78_n_315/Y          (a,@)   A->Y  F     BUF_X16M_A9PP140ZTL_C30          9  20.4     8    16     358  (190.1400,124.2000) 
  pp_fir_3_1_1_Delay_Pipeline_reg_im_reg[17][14]/R -       -     F     SDFFRPQA_X1M_A9PP140ZTL_C30      9     -     -     2     361   (190.7000,96.3000) 
#--------------------------------------------------------------------------------------------------------------------------------------------------------

(#) : Net either has Non-default Routes or has been promoted to higher metal layers.
(@) : Annotated capacitance.
(a) : Net has asynchronous load pins which are being considered ideal.



Path 3: MET (18 ps) Recovery Check with Pin pp_fir_3_1_1_sum1_8_im_1_reg[25]/CK->R
           View: view_wcl_typical
          Group: clk
     Startpoint: (R) rst_n
          Clock: (R) clk
       Endpoint: (F) pp_fir_3_1_1_sum1_8_im_1_reg[25]/R
          Clock: (R) clk

                     Capture       Launch     
        Clock Edge:+     500            0     
        Drv Adjust:+       0            0     
       Src Latency:+       0            0     
       Net Latency:+       0 (I)        0 (I) 
           Arrival:=     500            0     
                                              
          Recovery:-     -14                  
       Uncertainty:-     125                  
     Required Time:=     389                  
      Launch Clock:-       0                  
       Input Delay:-     300                  
         Data Path:-      71                  
             Slack:=      18                  

Exceptions/Constraints:
  input_delay             300             functional_wcl_typic_2_line_1076 

#----------------------------------------------------------------------------------------------------------------------------------------------
#              Timing Point               Flags   Arc   Edge            Cell             Fanout  Load Trans Delay Arrival       Instance       
#                                                                                                (fF)  (ps)  (ps)   (ps)        Location       
#----------------------------------------------------------------------------------------------------------------------------------------------
  rst_n                                   (a,#)   -     R     (arrival)                      24 113.3     4     0     300                (-,-) 
  FE_RC_1487_0/Y                          (a,#)   A->Y  R     BUFH_X16M_A9PP140ZTL_C30        6  34.9    11    17     317   (77.4400,150.3000) 
  FE_OCPC2561_FE_OFN78_n_315/Y            (a,@)   A->Y  R     BUFH_X16M_A9PP140ZTL_C30        9  46.9    14    15     332  (174.8800,156.6000) 
  FE_OFC3692_FE_OCPN1171_FE_OFN78_n_315/Y (a,@)   A->Y  F     INV_X16M_A9PP140ZTL_C30         6  21.2     9    10     342  (190.1400,143.1000) 
  FE_OFC3695_FE_OCPN1171_FE_OFN78_n_315/Y (a,@)   A->Y  F     BUF_X16M_A9PP140ZTL_C30         9  20.4     8    16     358  (190.1400,124.2000) 
  FE_OCPC4438_FE_OFN857_n/Y               (a,@)   A->Y  F     BUFH_X16M_A9PP140ZTL_C30       10  13.7     6    12     371  (197.1400,106.2000) 
  pp_fir_3_1_1_sum1_8_im_1_reg[25]/R      -       -     F     SDFFRPQ_X2M_A9PP140ZTL_C30     10     -     -     1     371  (202.4600,102.6000) 
#----------------------------------------------------------------------------------------------------------------------------------------------

(#) : Net either has Non-default Routes or has been promoted to higher metal layers.
(@) : Annotated capacitance.
(a) : Net has asynchronous load pins which are being considered ideal.



Path 4: MET (18 ps) Recovery Check with Pin pp_fir_3_1_1_sum1_8_im_1_reg[23]/CK->R
           View: view_wcl_typical
          Group: clk
     Startpoint: (R) rst_n
          Clock: (R) clk
       Endpoint: (F) pp_fir_3_1_1_sum1_8_im_1_reg[23]/R
          Clock: (R) clk

                     Capture       Launch     
        Clock Edge:+     500            0     
        Drv Adjust:+       0            0     
       Src Latency:+       0            0     
       Net Latency:+       0 (I)        0 (I) 
           Arrival:=     500            0     
                                              
          Recovery:-     -14                  
       Uncertainty:-     125                  
     Required Time:=     389                  
      Launch Clock:-       0                  
       Input Delay:-     300                  
         Data Path:-      71                  
             Slack:=      18                  

Exceptions/Constraints:
  input_delay             300             functional_wcl_typic_2_line_1076 

#----------------------------------------------------------------------------------------------------------------------------------------------
#              Timing Point               Flags   Arc   Edge            Cell             Fanout  Load Trans Delay Arrival       Instance       
#                                                                                                (fF)  (ps)  (ps)   (ps)        Location       
#----------------------------------------------------------------------------------------------------------------------------------------------
  rst_n                                   (a,#)   -     R     (arrival)                      24 113.3     4     0     300                (-,-) 
  FE_RC_1487_0/Y                          (a,#)   A->Y  R     BUFH_X16M_A9PP140ZTL_C30        6  34.9    11    17     317   (77.4400,150.3000) 
  FE_OCPC2561_FE_OFN78_n_315/Y            (a,@)   A->Y  R     BUFH_X16M_A9PP140ZTL_C30        9  46.9    14    15     332  (174.8800,156.6000) 
  FE_OFC3692_FE_OCPN1171_FE_OFN78_n_315/Y (a,@)   A->Y  F     INV_X16M_A9PP140ZTL_C30         6  21.2     9    10     342  (190.1400,143.1000) 
  FE_OFC3695_FE_OCPN1171_FE_OFN78_n_315/Y (a,@)   A->Y  F     BUF_X16M_A9PP140ZTL_C30         9  20.4     8    16     358  (190.1400,124.2000) 
  FE_OCPC4438_FE_OFN857_n/Y               (a,@)   A->Y  F     BUFH_X16M_A9PP140ZTL_C30       10  13.7     6    12     371  (197.1400,106.2000) 
  pp_fir_3_1_1_sum1_8_im_1_reg[23]/R      -       -     F     SDFFRPQ_X2M_A9PP140ZTL_C30     10     -     -     1     371  (203.3000,102.6000) 
#----------------------------------------------------------------------------------------------------------------------------------------------

(#) : Net either has Non-default Routes or has been promoted to higher metal layers.
(@) : Annotated capacitance.
(a) : Net has asynchronous load pins which are being considered ideal.



Path 5: MET (18 ps) Recovery Check with Pin pp_fir_3_1_1_sum1_8_im_1_reg[21]/CK->R
           View: view_wcl_typical
          Group: clk
     Startpoint: (R) rst_n
          Clock: (R) clk
       Endpoint: (F) pp_fir_3_1_1_sum1_8_im_1_reg[21]/R
          Clock: (R) clk

                     Capture       Launch     
        Clock Edge:+     500            0     
        Drv Adjust:+       0            0     
       Src Latency:+       0            0     
       Net Latency:+       0 (I)        0 (I) 
           Arrival:=     500            0     
                                              
          Recovery:-     -14                  
       Uncertainty:-     125                  
     Required Time:=     389                  
      Launch Clock:-       0                  
       Input Delay:-     300                  
         Data Path:-      71                  
             Slack:=      18                  

Exceptions/Constraints:
  input_delay             300             functional_wcl_typic_2_line_1076 

#----------------------------------------------------------------------------------------------------------------------------------------------
#              Timing Point               Flags   Arc   Edge            Cell             Fanout  Load Trans Delay Arrival       Instance       
#                                                                                                (fF)  (ps)  (ps)   (ps)        Location       
#----------------------------------------------------------------------------------------------------------------------------------------------
  rst_n                                   (a,#)   -     R     (arrival)                      24 113.3     4     0     300                (-,-) 
  FE_RC_1487_0/Y                          (a,#)   A->Y  R     BUFH_X16M_A9PP140ZTL_C30        6  34.9    11    17     317   (77.4400,150.3000) 
  FE_OCPC2561_FE_OFN78_n_315/Y            (a,@)   A->Y  R     BUFH_X16M_A9PP140ZTL_C30        9  46.9    14    15     332  (174.8800,156.6000) 
  FE_OFC3692_FE_OCPN1171_FE_OFN78_n_315/Y (a,@)   A->Y  F     INV_X16M_A9PP140ZTL_C30         6  21.2     9    10     342  (190.1400,143.1000) 
  FE_OFC3695_FE_OCPN1171_FE_OFN78_n_315/Y (a,@)   A->Y  F     BUF_X16M_A9PP140ZTL_C30         9  20.4     8    16     358  (190.1400,124.2000) 
  FE_OCPC4438_FE_OFN857_n/Y               (a,@)   A->Y  F     BUFH_X16M_A9PP140ZTL_C30       10  13.7     6    12     371  (197.1400,106.2000) 
  pp_fir_3_1_1_sum1_8_im_1_reg[21]/R      -       -     F     SDFFRPQ_X1M_A9PP140ZTL_C30     10     -     -     1     371   (203.3000,98.1000) 
#----------------------------------------------------------------------------------------------------------------------------------------------

(#) : Net either has Non-default Routes or has been promoted to higher metal layers.
(@) : Annotated capacitance.
(a) : Net has asynchronous load pins which are being considered ideal.



Path 6: MET (18 ps) Recovery Check with Pin pp_fir_3_1_1_sum1_8_im_1_reg[29]/CK->R
           View: view_wcl_typical
          Group: clk
     Startpoint: (R) rst_n
          Clock: (R) clk
       Endpoint: (F) pp_fir_3_1_1_sum1_8_im_1_reg[29]/R
          Clock: (R) clk

                     Capture       Launch     
        Clock Edge:+     500            0     
        Drv Adjust:+       0            0     
       Src Latency:+       0            0     
       Net Latency:+       0 (I)        0 (I) 
           Arrival:=     500            0     
                                              
          Recovery:-     -14                  
       Uncertainty:-     125                  
     Required Time:=     389                  
      Launch Clock:-       0                  
       Input Delay:-     300                  
         Data Path:-      71                  
             Slack:=      18                  

Exceptions/Constraints:
  input_delay             300             functional_wcl_typic_2_line_1076 

#----------------------------------------------------------------------------------------------------------------------------------------------
#              Timing Point               Flags   Arc   Edge            Cell             Fanout  Load Trans Delay Arrival       Instance       
#                                                                                                (fF)  (ps)  (ps)   (ps)        Location       
#----------------------------------------------------------------------------------------------------------------------------------------------
  rst_n                                   (a,#)   -     R     (arrival)                      24 113.3     4     0     300                (-,-) 
  FE_RC_1487_0/Y                          (a,#)   A->Y  R     BUFH_X16M_A9PP140ZTL_C30        6  34.9    11    17     317   (77.4400,150.3000) 
  FE_OCPC2561_FE_OFN78_n_315/Y            (a,@)   A->Y  R     BUFH_X16M_A9PP140ZTL_C30        9  46.9    14    15     332  (174.8800,156.6000) 
  FE_OFC3692_FE_OCPN1171_FE_OFN78_n_315/Y (a,@)   A->Y  F     INV_X16M_A9PP140ZTL_C30         6  21.2     9    10     342  (190.1400,143.1000) 
  FE_OFC3695_FE_OCPN1171_FE_OFN78_n_315/Y (a,@)   A->Y  F     BUF_X16M_A9PP140ZTL_C30         9  20.4     8    16     358  (190.1400,124.2000) 
  FE_OCPC4438_FE_OFN857_n/Y               (a,@)   A->Y  F     BUFH_X16M_A9PP140ZTL_C30       10  13.7     6    12     371  (197.1400,106.2000) 
  pp_fir_3_1_1_sum1_8_im_1_reg[29]/R      -       -     F     SDFFRPQ_X2M_A9PP140ZTL_C30     10     -     -     0     371  (195.6000,104.4000) 
#----------------------------------------------------------------------------------------------------------------------------------------------

(#) : Net either has Non-default Routes or has been promoted to higher metal layers.
(@) : Annotated capacitance.
(a) : Net has asynchronous load pins which are being considered ideal.



Path 7: MET (18 ps) Recovery Check with Pin pp_fir_3_1_1_sum1_8_im_1_reg[22]/CK->R
           View: view_wcl_typical
          Group: clk
     Startpoint: (R) rst_n
          Clock: (R) clk
       Endpoint: (F) pp_fir_3_1_1_sum1_8_im_1_reg[22]/R
          Clock: (R) clk

                     Capture       Launch     
        Clock Edge:+     500            0     
        Drv Adjust:+       0            0     
       Src Latency:+       0            0     
       Net Latency:+       0 (I)        0 (I) 
           Arrival:=     500            0     
                                              
          Recovery:-     -14                  
       Uncertainty:-     125                  
     Required Time:=     389                  
      Launch Clock:-       0                  
       Input Delay:-     300                  
         Data Path:-      71                  
             Slack:=      18                  

Exceptions/Constraints:
  input_delay             300             functional_wcl_typic_2_line_1076 

#----------------------------------------------------------------------------------------------------------------------------------------------
#              Timing Point               Flags   Arc   Edge            Cell             Fanout  Load Trans Delay Arrival       Instance       
#                                                                                                (fF)  (ps)  (ps)   (ps)        Location       
#----------------------------------------------------------------------------------------------------------------------------------------------
  rst_n                                   (a,#)   -     R     (arrival)                      24 113.3     4     0     300                (-,-) 
  FE_RC_1487_0/Y                          (a,#)   A->Y  R     BUFH_X16M_A9PP140ZTL_C30        6  34.9    11    17     317   (77.4400,150.3000) 
  FE_OCPC2561_FE_OFN78_n_315/Y            (a,@)   A->Y  R     BUFH_X16M_A9PP140ZTL_C30        9  46.9    14    15     332  (174.8800,156.6000) 
  FE_OFC3692_FE_OCPN1171_FE_OFN78_n_315/Y (a,@)   A->Y  F     INV_X16M_A9PP140ZTL_C30         6  21.2     9    10     342  (190.1400,143.1000) 
  FE_OFC3695_FE_OCPN1171_FE_OFN78_n_315/Y (a,@)   A->Y  F     BUF_X16M_A9PP140ZTL_C30         9  20.4     8    16     358  (190.1400,124.2000) 
  FE_OCPC4438_FE_OFN857_n/Y               (a,@)   A->Y  F     BUFH_X16M_A9PP140ZTL_C30       10  13.7     6    12     371  (197.1400,106.2000) 
  pp_fir_3_1_1_sum1_8_im_1_reg[22]/R      -       -     F     SDFFRPQ_X1M_A9PP140ZTL_C30     10     -     -     1     371  (203.3000,101.7000) 
#----------------------------------------------------------------------------------------------------------------------------------------------

(#) : Net either has Non-default Routes or has been promoted to higher metal layers.
(@) : Annotated capacitance.
(a) : Net has asynchronous load pins which are being considered ideal.



Path 8: MET (18 ps) Recovery Check with Pin pp_fir_3_1_1_sum1_8_im_1_reg[28]/CK->R
           View: view_wcl_typical
          Group: clk
     Startpoint: (R) rst_n
          Clock: (R) clk
       Endpoint: (F) pp_fir_3_1_1_sum1_8_im_1_reg[28]/R
          Clock: (R) clk

                     Capture       Launch     
        Clock Edge:+     500            0     
        Drv Adjust:+       0            0     
       Src Latency:+       0            0     
       Net Latency:+       0 (I)        0 (I) 
           Arrival:=     500            0     
                                              
          Recovery:-     -14                  
       Uncertainty:-     125                  
     Required Time:=     389                  
      Launch Clock:-       0                  
       Input Delay:-     300                  
         Data Path:-      71                  
             Slack:=      18                  

Exceptions/Constraints:
  input_delay             300             functional_wcl_typic_2_line_1076 

#----------------------------------------------------------------------------------------------------------------------------------------------
#              Timing Point               Flags   Arc   Edge            Cell             Fanout  Load Trans Delay Arrival       Instance       
#                                                                                                (fF)  (ps)  (ps)   (ps)        Location       
#----------------------------------------------------------------------------------------------------------------------------------------------
  rst_n                                   (a,#)   -     R     (arrival)                      24 113.3     4     0     300                (-,-) 
  FE_RC_1487_0/Y                          (a,#)   A->Y  R     BUFH_X16M_A9PP140ZTL_C30        6  34.9    11    17     317   (77.4400,150.3000) 
  FE_OCPC2561_FE_OFN78_n_315/Y            (a,@)   A->Y  R     BUFH_X16M_A9PP140ZTL_C30        9  46.9    14    15     332  (174.8800,156.6000) 
  FE_OFC3692_FE_OCPN1171_FE_OFN78_n_315/Y (a,@)   A->Y  F     INV_X16M_A9PP140ZTL_C30         6  21.2     9    10     342  (190.1400,143.1000) 
  FE_OFC3695_FE_OCPN1171_FE_OFN78_n_315/Y (a,@)   A->Y  F     BUF_X16M_A9PP140ZTL_C30         9  20.4     8    16     358  (190.1400,124.2000) 
  FE_OCPC4438_FE_OFN857_n/Y               (a,@)   A->Y  F     BUFH_X16M_A9PP140ZTL_C30       10  13.7     6    12     371  (197.1400,106.2000) 
  pp_fir_3_1_1_sum1_8_im_1_reg[28]/R      -       -     F     SDFFRPQ_X2M_A9PP140ZTL_C30     10     -     -     0     371  (195.6000,105.3000) 
#----------------------------------------------------------------------------------------------------------------------------------------------

(#) : Net either has Non-default Routes or has been promoted to higher metal layers.
(@) : Annotated capacitance.
(a) : Net has asynchronous load pins which are being considered ideal.



Path 9: MET (18 ps) Recovery Check with Pin pp_fir_3_1_1_Delay_Pipeline_reg_im_reg[18][15]/CK->R
           View: view_wcl_typical
          Group: clk
     Startpoint: (R) rst_n
          Clock: (R) clk
       Endpoint: (F) pp_fir_3_1_1_Delay_Pipeline_reg_im_reg[18][15]/R
          Clock: (R) clk

                     Capture       Launch     
        Clock Edge:+     500            0     
        Drv Adjust:+       0            0     
       Src Latency:+       0            0     
       Net Latency:+       0 (I)        0 (I) 
           Arrival:=     500            0     
                                              
          Recovery:-      -3                  
       Uncertainty:-     125                  
     Required Time:=     378                  
      Launch Clock:-       0                  
       Input Delay:-     300                  
         Data Path:-      60                  
             Slack:=      18                  

Exceptions/Constraints:
  input_delay             300             functional_wcl_typic_2_line_1076 

#--------------------------------------------------------------------------------------------------------------------------------------------------------
#                  Timing Point                    Flags   Arc   Edge            Cell              Fanout  Load Trans Delay Arrival       Instance       
#                                                                                                          (fF)  (ps)  (ps)   (ps)        Location       
#--------------------------------------------------------------------------------------------------------------------------------------------------------
  rst_n                                            (a,#)   -     R     (arrival)                       24 113.3     4     0     300                (-,-) 
  FE_RC_1487_0/Y                                   (a,#)   A->Y  R     BUFH_X16M_A9PP140ZTL_C30         6  34.9    11    17     317   (77.4400,150.3000) 
  FE_OCPC2561_FE_OFN78_n_315/Y                     (a,@)   A->Y  R     BUFH_X16M_A9PP140ZTL_C30         9  46.9    14    15     332  (174.8800,156.6000) 
  FE_OFC3692_FE_OCPN1171_FE_OFN78_n_315/Y          (a,@)   A->Y  F     INV_X16M_A9PP140ZTL_C30          6  21.2     9    10     342  (190.1400,143.1000) 
  FE_OFC3695_FE_OCPN1171_FE_OFN78_n_315/Y          (a,@)   A->Y  F     BUF_X16M_A9PP140ZTL_C30          9  20.4     8    16     358  (190.1400,124.2000) 
  pp_fir_3_1_1_Delay_Pipeline_reg_im_reg[18][15]/R -       -     F     SDFFRPQA_X1M_A9PP140ZTL_C30      9     -     -     2     360  (191.5400,109.8000) 
#--------------------------------------------------------------------------------------------------------------------------------------------------------

(#) : Net either has Non-default Routes or has been promoted to higher metal layers.
(@) : Annotated capacitance.
(a) : Net has asynchronous load pins which are being considered ideal.



Path 10: MET (18 ps) Recovery Check with Pin pp_fir_3_1_1_sum1_8_im_1_reg[26]/CK->R
           View: view_wcl_typical
          Group: clk
     Startpoint: (R) rst_n
          Clock: (R) clk
       Endpoint: (F) pp_fir_3_1_1_sum1_8_im_1_reg[26]/R
          Clock: (R) clk

                     Capture       Launch     
        Clock Edge:+     500            0     
        Drv Adjust:+       0            0     
       Src Latency:+       0            0     
       Net Latency:+       0 (I)        0 (I) 
           Arrival:=     500            0     
                                              
          Recovery:-     -14                  
       Uncertainty:-     125                  
     Required Time:=     389                  
      Launch Clock:-       0                  
       Input Delay:-     300                  
         Data Path:-      71                  
             Slack:=      18                  

Exceptions/Constraints:
  input_delay             300             functional_wcl_typic_2_line_1076 

#----------------------------------------------------------------------------------------------------------------------------------------------
#              Timing Point               Flags   Arc   Edge            Cell             Fanout  Load Trans Delay Arrival       Instance       
#                                                                                                (fF)  (ps)  (ps)   (ps)        Location       
#----------------------------------------------------------------------------------------------------------------------------------------------
  rst_n                                   (a,#)   -     R     (arrival)                      24 113.3     4     0     300                (-,-) 
  FE_RC_1487_0/Y                          (a,#)   A->Y  R     BUFH_X16M_A9PP140ZTL_C30        6  34.9    11    17     317   (77.4400,150.3000) 
  FE_OCPC2561_FE_OFN78_n_315/Y            (a,@)   A->Y  R     BUFH_X16M_A9PP140ZTL_C30        9  46.9    14    15     332  (174.8800,156.6000) 
  FE_OFC3692_FE_OCPN1171_FE_OFN78_n_315/Y (a,@)   A->Y  F     INV_X16M_A9PP140ZTL_C30         6  21.2     9    10     342  (190.1400,143.1000) 
  FE_OFC3695_FE_OCPN1171_FE_OFN78_n_315/Y (a,@)   A->Y  F     BUF_X16M_A9PP140ZTL_C30         9  20.4     8    16     358  (190.1400,124.2000) 
  FE_OCPC4438_FE_OFN857_n/Y               (a,@)   A->Y  F     BUFH_X16M_A9PP140ZTL_C30       10  13.7     6    12     371  (197.1400,106.2000) 
  pp_fir_3_1_1_sum1_8_im_1_reg[26]/R      -       -     F     SDFFRPQ_X1M_A9PP140ZTL_C30     10     -     -     0     371  (199.9400,103.5000) 
#----------------------------------------------------------------------------------------------------------------------------------------------

(#) : Net either has Non-default Routes or has been promoted to higher metal layers.
(@) : Annotated capacitance.
(a) : Net has asynchronous load pins which are being considered ideal.



Path 11: MET (18 ps) Recovery Check with Pin pp_fir_3_1_1_Delay_Pipeline_reg_im_reg[20][9]/CK->R
           View: view_wcl_typical
          Group: clk
     Startpoint: (R) rst_n
          Clock: (R) clk
       Endpoint: (F) pp_fir_3_1_1_Delay_Pipeline_reg_im_reg[20][9]/R
          Clock: (R) clk

                     Capture       Launch     
        Clock Edge:+     500            0     
        Drv Adjust:+       0            0     
       Src Latency:+       0            0     
       Net Latency:+       0 (I)        0 (I) 
           Arrival:=     500            0     
                                              
          Recovery:-      -2                  
       Uncertainty:-     125                  
     Required Time:=     377                  
      Launch Clock:-       0                  
       Input Delay:-     300                  
         Data Path:-      59                  
             Slack:=      18                  

Exceptions/Constraints:
  input_delay             300             functional_wcl_typic_2_line_1076 

#------------------------------------------------------------------------------------------------------------------------------------------------------
#                  Timing Point                   Flags   Arc   Edge            Cell             Fanout  Load Trans Delay Arrival       Instance       
#                                                                                                        (fF)  (ps)  (ps)   (ps)        Location       
#------------------------------------------------------------------------------------------------------------------------------------------------------
  rst_n                                           (a,#)   -     R     (arrival)                      24 113.3     4     0     300                (-,-) 
  FE_RC_1487_0/Y                                  (a,#)   A->Y  R     BUFH_X16M_A9PP140ZTL_C30        6  34.9    11    17     317   (77.4400,150.3000) 
  FE_OCPC2561_FE_OFN78_n_315/Y                    (a,@)   A->Y  R     BUFH_X16M_A9PP140ZTL_C30        9  46.9    14    15     332  (174.8800,156.6000) 
  FE_OFC3692_FE_OCPN1171_FE_OFN78_n_315/Y         (a,@)   A->Y  F     INV_X16M_A9PP140ZTL_C30         6  21.2     9    10     342  (190.1400,143.1000) 
  FE_OFC3697_FE_OCPN1171_FE_OFN78_n_315/Y         (a,@)   A->Y  F     BUF_X16M_A9PP140ZTL_C30        20  23.2     9    16     358  (188.7400,134.1000) 
  pp_fir_3_1_1_Delay_Pipeline_reg_im_reg[20][9]/R -       -     F     DFFRPQA_X1M_A9PP140ZTL_C30     20     -     -     1     359  (185.2400,131.4000) 
#------------------------------------------------------------------------------------------------------------------------------------------------------

(#) : Net either has Non-default Routes or has been promoted to higher metal layers.
(@) : Annotated capacitance.
(a) : Net has asynchronous load pins which are being considered ideal.



Path 12: MET (18 ps) Recovery Check with Pin pp_fir_3_1_1_sum1_8_im_1_reg[20]/CK->R
           View: view_wcl_typical
          Group: clk
     Startpoint: (R) rst_n
          Clock: (R) clk
       Endpoint: (F) pp_fir_3_1_1_sum1_8_im_1_reg[20]/R
          Clock: (R) clk

                     Capture       Launch     
        Clock Edge:+     500            0     
        Drv Adjust:+       0            0     
       Src Latency:+       0            0     
       Net Latency:+       0 (I)        0 (I) 
           Arrival:=     500            0     
                                              
          Recovery:-     -14                  
       Uncertainty:-     125                  
     Required Time:=     389                  
      Launch Clock:-       0                  
       Input Delay:-     300                  
         Data Path:-      71                  
             Slack:=      18                  

Exceptions/Constraints:
  input_delay             300             functional_wcl_typic_2_line_1076 

#----------------------------------------------------------------------------------------------------------------------------------------------
#              Timing Point               Flags   Arc   Edge            Cell             Fanout  Load Trans Delay Arrival       Instance       
#                                                                                                (fF)  (ps)  (ps)   (ps)        Location       
#----------------------------------------------------------------------------------------------------------------------------------------------
  rst_n                                   (a,#)   -     R     (arrival)                      24 113.3     4     0     300                (-,-) 
  FE_RC_1487_0/Y                          (a,#)   A->Y  R     BUFH_X16M_A9PP140ZTL_C30        6  34.9    11    17     317   (77.4400,150.3000) 
  FE_OCPC2561_FE_OFN78_n_315/Y            (a,@)   A->Y  R     BUFH_X16M_A9PP140ZTL_C30        9  46.9    14    15     332  (174.8800,156.6000) 
  FE_OFC3692_FE_OCPN1171_FE_OFN78_n_315/Y (a,@)   A->Y  F     INV_X16M_A9PP140ZTL_C30         6  21.2     9    10     342  (190.1400,143.1000) 
  FE_OFC3695_FE_OCPN1171_FE_OFN78_n_315/Y (a,@)   A->Y  F     BUF_X16M_A9PP140ZTL_C30         9  20.4     8    16     358  (190.1400,124.2000) 
  FE_OCPC4438_FE_OFN857_n/Y               (a,@)   A->Y  F     BUFH_X16M_A9PP140ZTL_C30       10  13.7     6    12     371  (197.1400,106.2000) 
  pp_fir_3_1_1_sum1_8_im_1_reg[20]/R      -       -     F     SDFFRPQ_X1M_A9PP140ZTL_C30     10     -     -     0     371  (202.8800,109.8000) 
#----------------------------------------------------------------------------------------------------------------------------------------------

(#) : Net either has Non-default Routes or has been promoted to higher metal layers.
(@) : Annotated capacitance.
(a) : Net has asynchronous load pins which are being considered ideal.



Path 13: MET (18 ps) Recovery Check with Pin pp_fir_3_1_1_sum1_8_im_1_reg[24]/CK->R
           View: view_wcl_typical
          Group: clk
     Startpoint: (R) rst_n
          Clock: (R) clk
       Endpoint: (F) pp_fir_3_1_1_sum1_8_im_1_reg[24]/R
          Clock: (R) clk

                     Capture       Launch     
        Clock Edge:+     500            0     
        Drv Adjust:+       0            0     
       Src Latency:+       0            0     
       Net Latency:+       0 (I)        0 (I) 
           Arrival:=     500            0     
                                              
          Recovery:-     -14                  
       Uncertainty:-     125                  
     Required Time:=     389                  
      Launch Clock:-       0                  
       Input Delay:-     300                  
         Data Path:-      71                  
             Slack:=      18                  

Exceptions/Constraints:
  input_delay             300             functional_wcl_typic_2_line_1076 

#----------------------------------------------------------------------------------------------------------------------------------------------
#              Timing Point               Flags   Arc   Edge            Cell             Fanout  Load Trans Delay Arrival       Instance       
#                                                                                                (fF)  (ps)  (ps)   (ps)        Location       
#----------------------------------------------------------------------------------------------------------------------------------------------
  rst_n                                   (a,#)   -     R     (arrival)                      24 113.3     4     0     300                (-,-) 
  FE_RC_1487_0/Y                          (a,#)   A->Y  R     BUFH_X16M_A9PP140ZTL_C30        6  34.9    11    17     317   (77.4400,150.3000) 
  FE_OCPC2561_FE_OFN78_n_315/Y            (a,@)   A->Y  R     BUFH_X16M_A9PP140ZTL_C30        9  46.9    14    15     332  (174.8800,156.6000) 
  FE_OFC3692_FE_OCPN1171_FE_OFN78_n_315/Y (a,@)   A->Y  F     INV_X16M_A9PP140ZTL_C30         6  21.2     9    10     342  (190.1400,143.1000) 
  FE_OFC3695_FE_OCPN1171_FE_OFN78_n_315/Y (a,@)   A->Y  F     BUF_X16M_A9PP140ZTL_C30         9  20.4     8    16     358  (190.1400,124.2000) 
  FE_OCPC4438_FE_OFN857_n/Y               (a,@)   A->Y  F     BUFH_X16M_A9PP140ZTL_C30       10  13.7     6    12     371  (197.1400,106.2000) 
  pp_fir_3_1_1_sum1_8_im_1_reg[24]/R      -       -     F     SDFFRPQ_X1M_A9PP140ZTL_C30     10     -     -     0     371  (199.1000,108.0000) 
#----------------------------------------------------------------------------------------------------------------------------------------------

(#) : Net either has Non-default Routes or has been promoted to higher metal layers.
(@) : Annotated capacitance.
(a) : Net has asynchronous load pins which are being considered ideal.



Path 14: MET (18 ps) Recovery Check with Pin pp_fir_3_1_1_sum1_8_im_1_reg[27]/CK->R
           View: view_wcl_typical
          Group: clk
     Startpoint: (R) rst_n
          Clock: (R) clk
       Endpoint: (F) pp_fir_3_1_1_sum1_8_im_1_reg[27]/R
          Clock: (R) clk

                     Capture       Launch     
        Clock Edge:+     500            0     
        Drv Adjust:+       0            0     
       Src Latency:+       0            0     
       Net Latency:+       0 (I)        0 (I) 
           Arrival:=     500            0     
                                              
          Recovery:-     -14                  
       Uncertainty:-     125                  
     Required Time:=     389                  
      Launch Clock:-       0                  
       Input Delay:-     300                  
         Data Path:-      71                  
             Slack:=      18                  

Exceptions/Constraints:
  input_delay             300             functional_wcl_typic_2_line_1076 

#----------------------------------------------------------------------------------------------------------------------------------------------
#              Timing Point               Flags   Arc   Edge            Cell             Fanout  Load Trans Delay Arrival       Instance       
#                                                                                                (fF)  (ps)  (ps)   (ps)        Location       
#----------------------------------------------------------------------------------------------------------------------------------------------
  rst_n                                   (a,#)   -     R     (arrival)                      24 113.3     4     0     300                (-,-) 
  FE_RC_1487_0/Y                          (a,#)   A->Y  R     BUFH_X16M_A9PP140ZTL_C30        6  34.9    11    17     317   (77.4400,150.3000) 
  FE_OCPC2561_FE_OFN78_n_315/Y            (a,@)   A->Y  R     BUFH_X16M_A9PP140ZTL_C30        9  46.9    14    15     332  (174.8800,156.6000) 
  FE_OFC3692_FE_OCPN1171_FE_OFN78_n_315/Y (a,@)   A->Y  F     INV_X16M_A9PP140ZTL_C30         6  21.2     9    10     342  (190.1400,143.1000) 
  FE_OFC3695_FE_OCPN1171_FE_OFN78_n_315/Y (a,@)   A->Y  F     BUF_X16M_A9PP140ZTL_C30         9  20.4     8    16     358  (190.1400,124.2000) 
  FE_OCPC4438_FE_OFN857_n/Y               (a,@)   A->Y  F     BUFH_X16M_A9PP140ZTL_C30       10  13.7     6    12     371  (197.1400,106.2000) 
  pp_fir_3_1_1_sum1_8_im_1_reg[27]/R      -       -     F     SDFFRPQ_X1M_A9PP140ZTL_C30     10     -     -     0     371  (196.3000,106.2000) 
#----------------------------------------------------------------------------------------------------------------------------------------------

(#) : Net either has Non-default Routes or has been promoted to higher metal layers.
(@) : Annotated capacitance.
(a) : Net has asynchronous load pins which are being considered ideal.



Path 15: MET (18 ps) Recovery Check with Pin pp_fir_3_1_1_Delay_Pipeline_reg_im_reg[20][11]/CK->R
           View: view_wcl_typical
          Group: clk
     Startpoint: (R) rst_n
          Clock: (R) clk
       Endpoint: (F) pp_fir_3_1_1_Delay_Pipeline_reg_im_reg[20][11]/R
          Clock: (R) clk

                     Capture       Launch     
        Clock Edge:+     500            0     
        Drv Adjust:+       0            0     
       Src Latency:+       0            0     
       Net Latency:+       0 (I)        0 (I) 
           Arrival:=     500            0     
                                              
          Recovery:-      -2                  
       Uncertainty:-     125                  
     Required Time:=     377                  
      Launch Clock:-       0                  
       Input Delay:-     300                  
         Data Path:-      59                  
             Slack:=      18                  

Exceptions/Constraints:
  input_delay             300             functional_wcl_typic_2_line_1076 

#-------------------------------------------------------------------------------------------------------------------------------------------------------
#                  Timing Point                    Flags   Arc   Edge            Cell             Fanout  Load Trans Delay Arrival       Instance       
#                                                                                                         (fF)  (ps)  (ps)   (ps)        Location       
#-------------------------------------------------------------------------------------------------------------------------------------------------------
  rst_n                                            (a,#)   -     R     (arrival)                      24 113.3     4     0     300                (-,-) 
  FE_RC_1487_0/Y                                   (a,#)   A->Y  R     BUFH_X16M_A9PP140ZTL_C30        6  34.9    11    17     317   (77.4400,150.3000) 
  FE_OCPC2561_FE_OFN78_n_315/Y                     (a,@)   A->Y  R     BUFH_X16M_A9PP140ZTL_C30        9  46.9    14    15     332  (174.8800,156.6000) 
  FE_OFC3692_FE_OCPN1171_FE_OFN78_n_315/Y          (a,@)   A->Y  F     INV_X16M_A9PP140ZTL_C30         6  21.2     9    10     342  (190.1400,143.1000) 
  FE_OFC3697_FE_OCPN1171_FE_OFN78_n_315/Y          (a,@)   A->Y  F     BUF_X16M_A9PP140ZTL_C30        20  23.2     9    16     358  (188.7400,134.1000) 
  pp_fir_3_1_1_Delay_Pipeline_reg_im_reg[20][11]/R -       -     F     DFFRPQA_X1M_A9PP140ZTL_C30     20     -     -     1     359  (187.7600,131.4000) 
#-------------------------------------------------------------------------------------------------------------------------------------------------------

(#) : Net either has Non-default Routes or has been promoted to higher metal layers.
(@) : Annotated capacitance.
(a) : Net has asynchronous load pins which are being considered ideal.



Path 16: MET (19 ps) Recovery Check with Pin pp_fir_3_1_1_sum2_3_im_1_reg[18]/CK->R
           View: view_wcl_typical
          Group: clk
     Startpoint: (R) rst_n
          Clock: (R) clk
       Endpoint: (F) pp_fir_3_1_1_sum2_3_im_1_reg[18]/R
          Clock: (R) clk

                     Capture       Launch     
        Clock Edge:+     500            0     
        Drv Adjust:+       0            0     
       Src Latency:+       0            0     
       Net Latency:+       0 (I)        0 (I) 
           Arrival:=     500            0     
                                              
          Recovery:-      -3                  
       Uncertainty:-     125                  
     Required Time:=     378                  
      Launch Clock:-       0                  
       Input Delay:-     300                  
         Data Path:-      59                  
             Slack:=      19                  

Exceptions/Constraints:
  input_delay             300             functional_wcl_typic_2_line_1076 

#-----------------------------------------------------------------------------------------------------------------------------------------------
#              Timing Point               Flags   Arc   Edge            Cell              Fanout  Load Trans Delay Arrival       Instance       
#                                                                                                 (fF)  (ps)  (ps)   (ps)        Location       
#-----------------------------------------------------------------------------------------------------------------------------------------------
  rst_n                                   (a,#)   -     R     (arrival)                       24 113.3     4     0     300                (-,-) 
  FE_RC_1487_0/Y                          (a,#)   A->Y  R     BUFH_X16M_A9PP140ZTL_C30         6  34.9    11    17     317   (77.4400,150.3000) 
  FE_OCPC2561_FE_OFN78_n_315/Y            (a,@)   A->Y  R     BUFH_X16M_A9PP140ZTL_C30         9  46.9    14    15     332  (174.8800,156.6000) 
  FE_OFC3692_FE_OCPN1171_FE_OFN78_n_315/Y (a,@)   A->Y  F     INV_X16M_A9PP140ZTL_C30          6  21.2     9    10     342  (190.1400,143.1000) 
  FE_OFC3697_FE_OCPN1171_FE_OFN78_n_315/Y (a,@)   A->Y  F     BUF_X16M_A9PP140ZTL_C30         20  23.2     9    16     358  (188.7400,134.1000) 
  pp_fir_3_1_1_sum2_3_im_1_reg[18]/R      -       -     F     SDFFRPQA_X1M_A9PP140ZTL_C30     20     -     -     1     359  (181.7400,129.6000) 
#-----------------------------------------------------------------------------------------------------------------------------------------------

(#) : Net either has Non-default Routes or has been promoted to higher metal layers.
(@) : Annotated capacitance.
(a) : Net has asynchronous load pins which are being considered ideal.



Path 17: MET (19 ps) Recovery Check with Pin pp_fir_3_1_1_Delay_Pipeline_reg_im_reg[19][9]/CK->R
           View: view_wcl_typical
          Group: clk
     Startpoint: (R) rst_n
          Clock: (R) clk
       Endpoint: (F) pp_fir_3_1_1_Delay_Pipeline_reg_im_reg[19][9]/R
          Clock: (R) clk

                     Capture       Launch     
        Clock Edge:+     500            0     
        Drv Adjust:+       0            0     
       Src Latency:+       0            0     
       Net Latency:+       0 (I)        0 (I) 
           Arrival:=     500            0     
                                              
          Recovery:-      -3                  
       Uncertainty:-     125                  
     Required Time:=     378                  
      Launch Clock:-       0                  
       Input Delay:-     300                  
         Data Path:-      59                  
             Slack:=      19                  

Exceptions/Constraints:
  input_delay             300             functional_wcl_typic_2_line_1076 

#-------------------------------------------------------------------------------------------------------------------------------------------------------
#                  Timing Point                   Flags   Arc   Edge            Cell              Fanout  Load Trans Delay Arrival       Instance       
#                                                                                                         (fF)  (ps)  (ps)   (ps)        Location       
#-------------------------------------------------------------------------------------------------------------------------------------------------------
  rst_n                                           (a,#)   -     R     (arrival)                       24 113.3     4     0     300                (-,-) 
  FE_RC_1487_0/Y                                  (a,#)   A->Y  R     BUFH_X16M_A9PP140ZTL_C30         6  34.9    11    17     317   (77.4400,150.3000) 
  FE_OCPC2561_FE_OFN78_n_315/Y                    (a,@)   A->Y  R     BUFH_X16M_A9PP140ZTL_C30         9  46.9    14    15     332  (174.8800,156.6000) 
  FE_OFC3692_FE_OCPN1171_FE_OFN78_n_315/Y         (a,@)   A->Y  F     INV_X16M_A9PP140ZTL_C30          6  21.2     9    10     342  (190.1400,143.1000) 
  FE_OFC3697_FE_OCPN1171_FE_OFN78_n_315/Y         (a,@)   A->Y  F     BUF_X16M_A9PP140ZTL_C30         20  23.2     9    16     358  (188.7400,134.1000) 
  pp_fir_3_1_1_Delay_Pipeline_reg_im_reg[19][9]/R -       -     F     SDFFRPQA_X1M_A9PP140ZTL_C30     20     -     -     1     359  (181.7400,128.7000) 
#-------------------------------------------------------------------------------------------------------------------------------------------------------

(#) : Net either has Non-default Routes or has been promoted to higher metal layers.
(@) : Annotated capacitance.
(a) : Net has asynchronous load pins which are being considered ideal.



Path 18: MET (19 ps) Recovery Check with Pin pp_fir_3_1_1_Delay_Pipeline_reg_im_reg[19][8]/CK->R
           View: view_wcl_typical
          Group: clk
     Startpoint: (R) rst_n
          Clock: (R) clk
       Endpoint: (F) pp_fir_3_1_1_Delay_Pipeline_reg_im_reg[19][8]/R
          Clock: (R) clk

                     Capture       Launch     
        Clock Edge:+     500            0     
        Drv Adjust:+       0            0     
       Src Latency:+       0            0     
       Net Latency:+       0 (I)        0 (I) 
           Arrival:=     500            0     
                                              
          Recovery:-      -3                  
       Uncertainty:-     125                  
     Required Time:=     378                  
      Launch Clock:-       0                  
       Input Delay:-     300                  
         Data Path:-      59                  
             Slack:=      19                  

Exceptions/Constraints:
  input_delay             300             functional_wcl_typic_2_line_1076 

#-------------------------------------------------------------------------------------------------------------------------------------------------------
#                  Timing Point                   Flags   Arc   Edge            Cell              Fanout  Load Trans Delay Arrival       Instance       
#                                                                                                         (fF)  (ps)  (ps)   (ps)        Location       
#-------------------------------------------------------------------------------------------------------------------------------------------------------
  rst_n                                           (a,#)   -     R     (arrival)                       24 113.3     4     0     300                (-,-) 
  FE_RC_1487_0/Y                                  (a,#)   A->Y  R     BUFH_X16M_A9PP140ZTL_C30         6  34.9    11    17     317   (77.4400,150.3000) 
  FE_OCPC2561_FE_OFN78_n_315/Y                    (a,@)   A->Y  R     BUFH_X16M_A9PP140ZTL_C30         9  46.9    14    15     332  (174.8800,156.6000) 
  FE_OFC3692_FE_OCPN1171_FE_OFN78_n_315/Y         (a,@)   A->Y  F     INV_X16M_A9PP140ZTL_C30          6  21.2     9    10     342  (190.1400,143.1000) 
  FE_OFC3697_FE_OCPN1171_FE_OFN78_n_315/Y         (a,@)   A->Y  F     BUF_X16M_A9PP140ZTL_C30         20  23.2     9    16     358  (188.7400,134.1000) 
  pp_fir_3_1_1_Delay_Pipeline_reg_im_reg[19][8]/R -       -     F     SDFFRPQA_X1M_A9PP140ZTL_C30     20     -     -     1     359  (181.0400,126.9000) 
#-------------------------------------------------------------------------------------------------------------------------------------------------------

(#) : Net either has Non-default Routes or has been promoted to higher metal layers.
(@) : Annotated capacitance.
(a) : Net has asynchronous load pins which are being considered ideal.



Path 19: MET (19 ps) Recovery Check with Pin pp_fir_3_1_1_Delay_Pipeline_reg_im_reg[19][7]/CK->R
           View: view_wcl_typical
          Group: clk
     Startpoint: (R) rst_n
          Clock: (R) clk
       Endpoint: (F) pp_fir_3_1_1_Delay_Pipeline_reg_im_reg[19][7]/R
          Clock: (R) clk

                     Capture       Launch     
        Clock Edge:+     500            0     
        Drv Adjust:+       0            0     
       Src Latency:+       0            0     
       Net Latency:+       0 (I)        0 (I) 
           Arrival:=     500            0     
                                              
          Recovery:-      -3                  
       Uncertainty:-     125                  
     Required Time:=     378                  
      Launch Clock:-       0                  
       Input Delay:-     300                  
         Data Path:-      59                  
             Slack:=      19                  

Exceptions/Constraints:
  input_delay             300             functional_wcl_typic_2_line_1076 

#-------------------------------------------------------------------------------------------------------------------------------------------------------
#                  Timing Point                   Flags   Arc   Edge            Cell              Fanout  Load Trans Delay Arrival       Instance       
#                                                                                                         (fF)  (ps)  (ps)   (ps)        Location       
#-------------------------------------------------------------------------------------------------------------------------------------------------------
  rst_n                                           (a,#)   -     R     (arrival)                       24 113.3     4     0     300                (-,-) 
  FE_RC_1487_0/Y                                  (a,#)   A->Y  R     BUFH_X16M_A9PP140ZTL_C30         6  34.9    11    17     317   (77.4400,150.3000) 
  FE_OCPC2561_FE_OFN78_n_315/Y                    (a,@)   A->Y  R     BUFH_X16M_A9PP140ZTL_C30         9  46.9    14    15     332  (174.8800,156.6000) 
  FE_OFC3692_FE_OCPN1171_FE_OFN78_n_315/Y         (a,@)   A->Y  F     INV_X16M_A9PP140ZTL_C30          6  21.2     9    10     342  (190.1400,143.1000) 
  FE_OFC3697_FE_OCPN1171_FE_OFN78_n_315/Y         (a,@)   A->Y  F     BUF_X16M_A9PP140ZTL_C30         20  23.2     9    16     358  (188.7400,134.1000) 
  pp_fir_3_1_1_Delay_Pipeline_reg_im_reg[19][7]/R -       -     F     SDFFRPQA_X1M_A9PP140ZTL_C30     20     -     -     1     359  (181.0400,126.0000) 
#-------------------------------------------------------------------------------------------------------------------------------------------------------

(#) : Net either has Non-default Routes or has been promoted to higher metal layers.
(@) : Annotated capacitance.
(a) : Net has asynchronous load pins which are being considered ideal.



Path 20: MET (19 ps) Recovery Check with Pin pp_fir_3_1_1_sum2_3_im_1_reg[19]/CK->R
           View: view_wcl_typical
          Group: clk
     Startpoint: (R) rst_n
          Clock: (R) clk
       Endpoint: (F) pp_fir_3_1_1_sum2_3_im_1_reg[19]/R
          Clock: (R) clk

                     Capture       Launch     
        Clock Edge:+     500            0     
        Drv Adjust:+       0            0     
       Src Latency:+       0            0     
       Net Latency:+       0 (I)        0 (I) 
           Arrival:=     500            0     
                                              
          Recovery:-      -3                  
       Uncertainty:-     125                  
     Required Time:=     378                  
      Launch Clock:-       0                  
       Input Delay:-     300                  
         Data Path:-      59                  
             Slack:=      19                  

Exceptions/Constraints:
  input_delay             300             functional_wcl_typic_2_line_1076 

#-----------------------------------------------------------------------------------------------------------------------------------------------
#              Timing Point               Flags   Arc   Edge            Cell              Fanout  Load Trans Delay Arrival       Instance       
#                                                                                                 (fF)  (ps)  (ps)   (ps)        Location       
#-----------------------------------------------------------------------------------------------------------------------------------------------
  rst_n                                   (a,#)   -     R     (arrival)                       24 113.3     4     0     300                (-,-) 
  FE_RC_1487_0/Y                          (a,#)   A->Y  R     BUFH_X16M_A9PP140ZTL_C30         6  34.9    11    17     317   (77.4400,150.3000) 
  FE_OCPC2561_FE_OFN78_n_315/Y            (a,@)   A->Y  R     BUFH_X16M_A9PP140ZTL_C30         9  46.9    14    15     332  (174.8800,156.6000) 
  FE_OFC3692_FE_OCPN1171_FE_OFN78_n_315/Y (a,@)   A->Y  F     INV_X16M_A9PP140ZTL_C30          6  21.2     9    10     342  (190.1400,143.1000) 
  FE_OFC3697_FE_OCPN1171_FE_OFN78_n_315/Y (a,@)   A->Y  F     BUF_X16M_A9PP140ZTL_C30         20  23.2     9    16     358  (188.7400,134.1000) 
  pp_fir_3_1_1_sum2_3_im_1_reg[19]/R      -       -     F     SDFFRPQA_X1M_A9PP140ZTL_C30     20     -     -     1     359  (181.8800,131.4000) 
#-----------------------------------------------------------------------------------------------------------------------------------------------

(#) : Net either has Non-default Routes or has been promoted to higher metal layers.
(@) : Annotated capacitance.
(a) : Net has asynchronous load pins which are being considered ideal.



Path 21: MET (19 ps) Recovery Check with Pin pp_fir_3_1_1_Delay_Pipeline_reg_im_reg[20][8]/CK->R
           View: view_wcl_typical
          Group: clk
     Startpoint: (R) rst_n
          Clock: (R) clk
       Endpoint: (F) pp_fir_3_1_1_Delay_Pipeline_reg_im_reg[20][8]/R
          Clock: (R) clk

                     Capture       Launch     
        Clock Edge:+     500            0     
        Drv Adjust:+       0            0     
       Src Latency:+       0            0     
       Net Latency:+       0 (I)        0 (I) 
           Arrival:=     500            0     
                                              
          Recovery:-      -3                  
       Uncertainty:-     125                  
     Required Time:=     378                  
      Launch Clock:-       0                  
       Input Delay:-     300                  
         Data Path:-      59                  
             Slack:=      19                  

Exceptions/Constraints:
  input_delay             300             functional_wcl_typic_2_line_1076 

#-------------------------------------------------------------------------------------------------------------------------------------------------------
#                  Timing Point                   Flags   Arc   Edge            Cell              Fanout  Load Trans Delay Arrival       Instance       
#                                                                                                         (fF)  (ps)  (ps)   (ps)        Location       
#-------------------------------------------------------------------------------------------------------------------------------------------------------
  rst_n                                           (a,#)   -     R     (arrival)                       24 113.3     4     0     300                (-,-) 
  FE_RC_1487_0/Y                                  (a,#)   A->Y  R     BUFH_X16M_A9PP140ZTL_C30         6  34.9    11    17     317   (77.4400,150.3000) 
  FE_OCPC2561_FE_OFN78_n_315/Y                    (a,@)   A->Y  R     BUFH_X16M_A9PP140ZTL_C30         9  46.9    14    15     332  (174.8800,156.6000) 
  FE_OFC3692_FE_OCPN1171_FE_OFN78_n_315/Y         (a,@)   A->Y  F     INV_X16M_A9PP140ZTL_C30          6  21.2     9    10     342  (190.1400,143.1000) 
  FE_OFC3697_FE_OCPN1171_FE_OFN78_n_315/Y         (a,@)   A->Y  F     BUF_X16M_A9PP140ZTL_C30         20  23.2     9    16     358  (188.7400,134.1000) 
  pp_fir_3_1_1_Delay_Pipeline_reg_im_reg[20][8]/R -       -     F     SDFFRPQA_X1M_A9PP140ZTL_C30     20     -     -     1     359  (181.4600,130.5000) 
#-------------------------------------------------------------------------------------------------------------------------------------------------------

(#) : Net either has Non-default Routes or has been promoted to higher metal layers.
(@) : Annotated capacitance.
(a) : Net has asynchronous load pins which are being considered ideal.



Path 22: MET (19 ps) Recovery Check with Pin pp_fir_3_1_1_Delay_Pipeline_reg_im_reg[19][11]/CK->R
           View: view_wcl_typical
          Group: clk
     Startpoint: (R) rst_n
          Clock: (R) clk
       Endpoint: (F) pp_fir_3_1_1_Delay_Pipeline_reg_im_reg[19][11]/R
          Clock: (R) clk

                     Capture       Launch     
        Clock Edge:+     500            0     
        Drv Adjust:+       0            0     
       Src Latency:+       0            0     
       Net Latency:+       0 (I)        0 (I) 
           Arrival:=     500            0     
                                              
          Recovery:-      -3                  
       Uncertainty:-     125                  
     Required Time:=     378                  
      Launch Clock:-       0                  
       Input Delay:-     300                  
         Data Path:-      59                  
             Slack:=      19                  

Exceptions/Constraints:
  input_delay             300             functional_wcl_typic_2_line_1076 

#--------------------------------------------------------------------------------------------------------------------------------------------------------
#                  Timing Point                    Flags   Arc   Edge            Cell              Fanout  Load Trans Delay Arrival       Instance       
#                                                                                                          (fF)  (ps)  (ps)   (ps)        Location       
#--------------------------------------------------------------------------------------------------------------------------------------------------------
  rst_n                                            (a,#)   -     R     (arrival)                       24 113.3     4     0     300                (-,-) 
  FE_RC_1487_0/Y                                   (a,#)   A->Y  R     BUFH_X16M_A9PP140ZTL_C30         6  34.9    11    17     317   (77.4400,150.3000) 
  FE_OCPC2561_FE_OFN78_n_315/Y                     (a,@)   A->Y  R     BUFH_X16M_A9PP140ZTL_C30         9  46.9    14    15     332  (174.8800,156.6000) 
  FE_OFC3692_FE_OCPN1171_FE_OFN78_n_315/Y          (a,@)   A->Y  F     INV_X16M_A9PP140ZTL_C30          6  21.2     9    10     342  (190.1400,143.1000) 
  FE_OFC3697_FE_OCPN1171_FE_OFN78_n_315/Y          (a,@)   A->Y  F     BUF_X16M_A9PP140ZTL_C30         20  23.2     9    16     358  (188.7400,134.1000) 
  pp_fir_3_1_1_Delay_Pipeline_reg_im_reg[19][11]/R -       -     F     SDFFRPQA_X1M_A9PP140ZTL_C30     20     -     -     1     359  (184.8200,128.7000) 
#--------------------------------------------------------------------------------------------------------------------------------------------------------

(#) : Net either has Non-default Routes or has been promoted to higher metal layers.
(@) : Annotated capacitance.
(a) : Net has asynchronous load pins which are being considered ideal.



Path 23: MET (19 ps) Recovery Check with Pin pp_fir_3_1_1_Delay_Pipeline_reg_im_reg[19][10]/CK->R
           View: view_wcl_typical
          Group: clk
     Startpoint: (R) rst_n
          Clock: (R) clk
       Endpoint: (F) pp_fir_3_1_1_Delay_Pipeline_reg_im_reg[19][10]/R
          Clock: (R) clk

                     Capture       Launch     
        Clock Edge:+     500            0     
        Drv Adjust:+       0            0     
       Src Latency:+       0            0     
       Net Latency:+       0 (I)        0 (I) 
           Arrival:=     500            0     
                                              
          Recovery:-      -3                  
       Uncertainty:-     125                  
     Required Time:=     378                  
      Launch Clock:-       0                  
       Input Delay:-     300                  
         Data Path:-      59                  
             Slack:=      19                  

Exceptions/Constraints:
  input_delay             300             functional_wcl_typic_2_line_1076 

#--------------------------------------------------------------------------------------------------------------------------------------------------------
#                  Timing Point                    Flags   Arc   Edge            Cell              Fanout  Load Trans Delay Arrival       Instance       
#                                                                                                          (fF)  (ps)  (ps)   (ps)        Location       
#--------------------------------------------------------------------------------------------------------------------------------------------------------
  rst_n                                            (a,#)   -     R     (arrival)                       24 113.3     4     0     300                (-,-) 
  FE_RC_1487_0/Y                                   (a,#)   A->Y  R     BUFH_X16M_A9PP140ZTL_C30         6  34.9    11    17     317   (77.4400,150.3000) 
  FE_OCPC2561_FE_OFN78_n_315/Y                     (a,@)   A->Y  R     BUFH_X16M_A9PP140ZTL_C30         9  46.9    14    15     332  (174.8800,156.6000) 
  FE_OFC3692_FE_OCPN1171_FE_OFN78_n_315/Y          (a,@)   A->Y  F     INV_X16M_A9PP140ZTL_C30          6  21.2     9    10     342  (190.1400,143.1000) 
  FE_OFC3697_FE_OCPN1171_FE_OFN78_n_315/Y          (a,@)   A->Y  F     BUF_X16M_A9PP140ZTL_C30         20  23.2     9    16     358  (188.7400,134.1000) 
  pp_fir_3_1_1_Delay_Pipeline_reg_im_reg[19][10]/R -       -     F     SDFFRPQA_X1M_A9PP140ZTL_C30     20     -     -     1     359  (184.8200,129.6000) 
#--------------------------------------------------------------------------------------------------------------------------------------------------------

(#) : Net either has Non-default Routes or has been promoted to higher metal layers.
(@) : Annotated capacitance.
(a) : Net has asynchronous load pins which are being considered ideal.



Path 24: MET (19 ps) Recovery Check with Pin signed_mag_3_mag_re_reg[243]/CK->R
           View: view_wcl_typical
          Group: clk
     Startpoint: (R) rst_n
          Clock: (R) clk
       Endpoint: (F) signed_mag_3_mag_re_reg[243]/R
          Clock: (R) clk

                     Capture       Launch     
        Clock Edge:+     500            0     
        Drv Adjust:+       0            0     
       Src Latency:+       0            0     
       Net Latency:+       0 (I)        0 (I) 
           Arrival:=     500            0     
                                              
          Recovery:-       2                  
       Uncertainty:-     125                  
     Required Time:=     373                  
      Launch Clock:-       0                  
       Input Delay:-     300                  
         Data Path:-      54                  
             Slack:=      19                  

Exceptions/Constraints:
  input_delay             300             functional_wcl_typic_2_line_1076 

#----------------------------------------------------------------------------------------------------------------------------------------------
#              Timing Point               Flags   Arc   Edge            Cell             Fanout  Load Trans Delay Arrival       Instance       
#                                                                                                (fF)  (ps)  (ps)   (ps)        Location       
#----------------------------------------------------------------------------------------------------------------------------------------------
  rst_n                                   (a,#)   -     R     (arrival)                      24 113.3     4     0     300                (-,-) 
  FE_RC_1487_0/Y                          (a,#)   A->Y  R     BUFH_X16M_A9PP140ZTL_C30        6  34.9    11    17     317   (77.4400,150.3000) 
  FE_OCPC2561_FE_OFN78_n_315/Y            (a,@)   A->Y  R     BUFH_X16M_A9PP140ZTL_C30        9  46.9    14    15     332  (174.8800,156.6000) 
  FE_OFC3686_FE_OCPN1171_FE_OFN78_n_315/Y (a,@)   A->Y  F     INV_X5M_A9PP140ZTL_C30         29  32.1    28    20     352  (177.2600,163.8000) 
  signed_mag_3_mag_re_reg[243]/R          -       -     F     DFFRPQA_X1M_A9PP140ZTL_C30     29     -     -     2     354  (182.5800,171.0000) 
#----------------------------------------------------------------------------------------------------------------------------------------------

(#) : Net either has Non-default Routes or has been promoted to higher metal layers.
(@) : Annotated capacitance.
(a) : Net has asynchronous load pins which are being considered ideal.



Path 25: MET (19 ps) Recovery Check with Pin signed_mag_3_mag_im_reg[232]/CK->R
           View: view_wcl_typical
          Group: clk
     Startpoint: (R) rst_n
          Clock: (R) clk
       Endpoint: (F) signed_mag_3_mag_im_reg[232]/R
          Clock: (R) clk

                     Capture       Launch     
        Clock Edge:+     500            0     
        Drv Adjust:+       0            0     
       Src Latency:+       0            0     
       Net Latency:+       0 (I)        0 (I) 
           Arrival:=     500            0     
                                              
          Recovery:-       2                  
       Uncertainty:-     125                  
     Required Time:=     373                  
      Launch Clock:-       0                  
       Input Delay:-     300                  
         Data Path:-      54                  
             Slack:=      19                  

Exceptions/Constraints:
  input_delay             300             functional_wcl_typic_2_line_1076 

#----------------------------------------------------------------------------------------------------------------------------------------------
#              Timing Point               Flags   Arc   Edge            Cell             Fanout  Load Trans Delay Arrival       Instance       
#                                                                                                (fF)  (ps)  (ps)   (ps)        Location       
#----------------------------------------------------------------------------------------------------------------------------------------------
  rst_n                                   (a,#)   -     R     (arrival)                      24 113.3     4     0     300                (-,-) 
  FE_RC_1487_0/Y                          (a,#)   A->Y  R     BUFH_X16M_A9PP140ZTL_C30        6  34.9    11    17     317   (77.4400,150.3000) 
  FE_OCPC2561_FE_OFN78_n_315/Y            (a,@)   A->Y  R     BUFH_X16M_A9PP140ZTL_C30        9  46.9    14    15     332  (174.8800,156.6000) 
  FE_OFC3686_FE_OCPN1171_FE_OFN78_n_315/Y (a,@)   A->Y  F     INV_X5M_A9PP140ZTL_C30         29  32.1    28    20     352  (177.2600,163.8000) 
  signed_mag_3_mag_im_reg[232]/R          -       -     F     DFFRPQA_X1M_A9PP140ZTL_C30     29     -     -     2     354  (186.2200,165.6000) 
#----------------------------------------------------------------------------------------------------------------------------------------------

(#) : Net either has Non-default Routes or has been promoted to higher metal layers.
(@) : Annotated capacitance.
(a) : Net has asynchronous load pins which are being considered ideal.



Path 26: MET (19 ps) Recovery Check with Pin signed_mag_3_b2u_8to255_quad_0_qOut_reg[233]/CK->R
           View: view_wcl_typical
          Group: clk
     Startpoint: (R) rst_n
          Clock: (R) clk
       Endpoint: (F) signed_mag_3_b2u_8to255_quad_0_qOut_reg[233]/R
          Clock: (R) clk

                     Capture       Launch     
        Clock Edge:+     500            0     
        Drv Adjust:+       0            0     
       Src Latency:+       0            0     
       Net Latency:+       0 (I)        0 (I) 
           Arrival:=     500            0     
                                              
          Recovery:-       2                  
       Uncertainty:-     125                  
     Required Time:=     373                  
      Launch Clock:-       0                  
       Input Delay:-     300                  
         Data Path:-      54                  
             Slack:=      19                  

Exceptions/Constraints:
  input_delay             300             functional_wcl_typic_2_line_1076 

#-----------------------------------------------------------------------------------------------------------------------------------------------------
#                 Timing Point                   Flags   Arc   Edge            Cell             Fanout  Load Trans Delay Arrival       Instance       
#                                                                                                       (fF)  (ps)  (ps)   (ps)        Location       
#-----------------------------------------------------------------------------------------------------------------------------------------------------
  rst_n                                          (a,#)   -     R     (arrival)                      24 113.3     4     0     300                (-,-) 
  FE_RC_1487_0/Y                                 (a,#)   A->Y  R     BUFH_X16M_A9PP140ZTL_C30        6  34.9    11    17     317   (77.4400,150.3000) 
  FE_OCPC2561_FE_OFN78_n_315/Y                   (a,@)   A->Y  R     BUFH_X16M_A9PP140ZTL_C30        9  46.9    14    15     332  (174.8800,156.6000) 
  FE_OFC3686_FE_OCPN1171_FE_OFN78_n_315/Y        (a,@)   A->Y  F     INV_X5M_A9PP140ZTL_C30         29  32.1    28    20     352  (177.2600,163.8000) 
  signed_mag_3_b2u_8to255_quad_0_qOut_reg[233]/R -       -     F     DFFRPQA_X1M_A9PP140ZTL_C30     29     -     -     2     354  (187.4800,163.8000) 
#-----------------------------------------------------------------------------------------------------------------------------------------------------

(#) : Net either has Non-default Routes or has been promoted to higher metal layers.
(@) : Annotated capacitance.
(a) : Net has asynchronous load pins which are being considered ideal.



Path 27: MET (19 ps) Recovery Check with Pin signed_mag_3_b2u_8to255_quad_0_qOut_reg[232]/CK->R
           View: view_wcl_typical
          Group: clk
     Startpoint: (R) rst_n
          Clock: (R) clk
       Endpoint: (F) signed_mag_3_b2u_8to255_quad_0_qOut_reg[232]/R
          Clock: (R) clk

                     Capture       Launch     
        Clock Edge:+     500            0     
        Drv Adjust:+       0            0     
       Src Latency:+       0            0     
       Net Latency:+       0 (I)        0 (I) 
           Arrival:=     500            0     
                                              
          Recovery:-       2                  
       Uncertainty:-     125                  
     Required Time:=     373                  
      Launch Clock:-       0                  
       Input Delay:-     300                  
         Data Path:-      54                  
             Slack:=      19                  

Exceptions/Constraints:
  input_delay             300             functional_wcl_typic_2_line_1076 

#-----------------------------------------------------------------------------------------------------------------------------------------------------
#                 Timing Point                   Flags   Arc   Edge            Cell             Fanout  Load Trans Delay Arrival       Instance       
#                                                                                                       (fF)  (ps)  (ps)   (ps)        Location       
#-----------------------------------------------------------------------------------------------------------------------------------------------------
  rst_n                                          (a,#)   -     R     (arrival)                      24 113.3     4     0     300                (-,-) 
  FE_RC_1487_0/Y                                 (a,#)   A->Y  R     BUFH_X16M_A9PP140ZTL_C30        6  34.9    11    17     317   (77.4400,150.3000) 
  FE_OCPC2561_FE_OFN78_n_315/Y                   (a,@)   A->Y  R     BUFH_X16M_A9PP140ZTL_C30        9  46.9    14    15     332  (174.8800,156.6000) 
  FE_OFC3686_FE_OCPN1171_FE_OFN78_n_315/Y        (a,@)   A->Y  F     INV_X5M_A9PP140ZTL_C30         29  32.1    28    20     352  (177.2600,163.8000) 
  signed_mag_3_b2u_8to255_quad_0_qOut_reg[232]/R -       -     F     DFFRPQA_X1M_A9PP140ZTL_C30     29     -     -     2     354  (186.2200,164.7000) 
#-----------------------------------------------------------------------------------------------------------------------------------------------------

(#) : Net either has Non-default Routes or has been promoted to higher metal layers.
(@) : Annotated capacitance.
(a) : Net has asynchronous load pins which are being considered ideal.



Path 28: MET (19 ps) Recovery Check with Pin signed_mag_3_b2u_8to255_quad_0_qOut_reg[224]/CK->R
           View: view_wcl_typical
          Group: clk
     Startpoint: (R) rst_n
          Clock: (R) clk
       Endpoint: (F) signed_mag_3_b2u_8to255_quad_0_qOut_reg[224]/R
          Clock: (R) clk

                     Capture       Launch     
        Clock Edge:+     500            0     
        Drv Adjust:+       0            0     
       Src Latency:+       0            0     
       Net Latency:+       0 (I)        0 (I) 
           Arrival:=     500            0     
                                              
          Recovery:-       2                  
       Uncertainty:-     125                  
     Required Time:=     373                  
      Launch Clock:-       0                  
       Input Delay:-     300                  
         Data Path:-      54                  
             Slack:=      19                  

Exceptions/Constraints:
  input_delay             300             functional_wcl_typic_2_line_1076 

#-----------------------------------------------------------------------------------------------------------------------------------------------------
#                 Timing Point                   Flags   Arc   Edge            Cell             Fanout  Load Trans Delay Arrival       Instance       
#                                                                                                       (fF)  (ps)  (ps)   (ps)        Location       
#-----------------------------------------------------------------------------------------------------------------------------------------------------
  rst_n                                          (a,#)   -     R     (arrival)                      24 113.3     4     0     300                (-,-) 
  FE_RC_1487_0/Y                                 (a,#)   A->Y  R     BUFH_X16M_A9PP140ZTL_C30        6  34.9    11    17     317   (77.4400,150.3000) 
  FE_OCPC2561_FE_OFN78_n_315/Y                   (a,@)   A->Y  R     BUFH_X16M_A9PP140ZTL_C30        9  46.9    14    15     332  (174.8800,156.6000) 
  FE_OFC3686_FE_OCPN1171_FE_OFN78_n_315/Y        (a,@)   A->Y  F     INV_X5M_A9PP140ZTL_C30         29  32.1    28    20     352  (177.2600,163.8000) 
  signed_mag_3_b2u_8to255_quad_0_qOut_reg[224]/R -       -     F     DFFRPQA_X1M_A9PP140ZTL_C30     29     -     -     2     354  (187.2000,166.5000) 
#-----------------------------------------------------------------------------------------------------------------------------------------------------

(#) : Net either has Non-default Routes or has been promoted to higher metal layers.
(@) : Annotated capacitance.
(a) : Net has asynchronous load pins which are being considered ideal.



Path 29: MET (19 ps) Recovery Check with Pin signed_mag_3_mag_re_reg[231]/CK->R
           View: view_wcl_typical
          Group: clk
     Startpoint: (R) rst_n
          Clock: (R) clk
       Endpoint: (F) signed_mag_3_mag_re_reg[231]/R
          Clock: (R) clk

                     Capture       Launch     
        Clock Edge:+     500            0     
        Drv Adjust:+       0            0     
       Src Latency:+       0            0     
       Net Latency:+       0 (I)        0 (I) 
           Arrival:=     500            0     
                                              
          Recovery:-       2                  
       Uncertainty:-     125                  
     Required Time:=     373                  
      Launch Clock:-       0                  
       Input Delay:-     300                  
         Data Path:-      54                  
             Slack:=      19                  

Exceptions/Constraints:
  input_delay             300             functional_wcl_typic_2_line_1076 

#----------------------------------------------------------------------------------------------------------------------------------------------
#              Timing Point               Flags   Arc   Edge            Cell             Fanout  Load Trans Delay Arrival       Instance       
#                                                                                                (fF)  (ps)  (ps)   (ps)        Location       
#----------------------------------------------------------------------------------------------------------------------------------------------
  rst_n                                   (a,#)   -     R     (arrival)                      24 113.3     4     0     300                (-,-) 
  FE_RC_1487_0/Y                          (a,#)   A->Y  R     BUFH_X16M_A9PP140ZTL_C30        6  34.9    11    17     317   (77.4400,150.3000) 
  FE_OCPC2561_FE_OFN78_n_315/Y            (a,@)   A->Y  R     BUFH_X16M_A9PP140ZTL_C30        9  46.9    14    15     332  (174.8800,156.6000) 
  FE_OFC3686_FE_OCPN1171_FE_OFN78_n_315/Y (a,@)   A->Y  F     INV_X5M_A9PP140ZTL_C30         29  32.1    28    20     352  (177.2600,163.8000) 
  signed_mag_3_mag_re_reg[231]/R          -       -     F     DFFRPQA_X1M_A9PP140ZTL_C30     29     -     -     2     354  (183.4200,170.1000) 
#----------------------------------------------------------------------------------------------------------------------------------------------

(#) : Net either has Non-default Routes or has been promoted to higher metal layers.
(@) : Annotated capacitance.
(a) : Net has asynchronous load pins which are being considered ideal.



Path 30: MET (19 ps) Recovery Check with Pin signed_mag_3_mag_im_reg[243]/CK->R
           View: view_wcl_typical
          Group: clk
     Startpoint: (R) rst_n
          Clock: (R) clk
       Endpoint: (F) signed_mag_3_mag_im_reg[243]/R
          Clock: (R) clk

                     Capture       Launch     
        Clock Edge:+     500            0     
        Drv Adjust:+       0            0     
       Src Latency:+       0            0     
       Net Latency:+       0 (I)        0 (I) 
           Arrival:=     500            0     
                                              
          Recovery:-       2                  
       Uncertainty:-     125                  
     Required Time:=     373                  
      Launch Clock:-       0                  
       Input Delay:-     300                  
         Data Path:-      54                  
             Slack:=      19                  

Exceptions/Constraints:
  input_delay             300             functional_wcl_typic_2_line_1076 

#----------------------------------------------------------------------------------------------------------------------------------------------
#              Timing Point               Flags   Arc   Edge            Cell             Fanout  Load Trans Delay Arrival       Instance       
#                                                                                                (fF)  (ps)  (ps)   (ps)        Location       
#----------------------------------------------------------------------------------------------------------------------------------------------
  rst_n                                   (a,#)   -     R     (arrival)                      24 113.3     4     0     300                (-,-) 
  FE_RC_1487_0/Y                          (a,#)   A->Y  R     BUFH_X16M_A9PP140ZTL_C30        6  34.9    11    17     317   (77.4400,150.3000) 
  FE_OCPC2561_FE_OFN78_n_315/Y            (a,@)   A->Y  R     BUFH_X16M_A9PP140ZTL_C30        9  46.9    14    15     332  (174.8800,156.6000) 
  FE_OFC3686_FE_OCPN1171_FE_OFN78_n_315/Y (a,@)   A->Y  F     INV_X5M_A9PP140ZTL_C30         29  32.1    28    20     352  (177.2600,163.8000) 
  signed_mag_3_mag_im_reg[243]/R          -       -     F     DFFRPQA_X1M_A9PP140ZTL_C30     29     -     -     2     354  (183.5600,168.3000) 
#----------------------------------------------------------------------------------------------------------------------------------------------

(#) : Net either has Non-default Routes or has been promoted to higher metal layers.
(@) : Annotated capacitance.
(a) : Net has asynchronous load pins which are being considered ideal.



Path 31: MET (19 ps) Recovery Check with Pin signed_mag_3_mag_im_reg[231]/CK->R
           View: view_wcl_typical
          Group: clk
     Startpoint: (R) rst_n
          Clock: (R) clk
       Endpoint: (F) signed_mag_3_mag_im_reg[231]/R
          Clock: (R) clk

                     Capture       Launch     
        Clock Edge:+     500            0     
        Drv Adjust:+       0            0     
       Src Latency:+       0            0     
       Net Latency:+       0 (I)        0 (I) 
           Arrival:=     500            0     
                                              
          Recovery:-       2                  
       Uncertainty:-     125                  
     Required Time:=     373                  
      Launch Clock:-       0                  
       Input Delay:-     300                  
         Data Path:-      54                  
             Slack:=      19                  

Exceptions/Constraints:
  input_delay             300             functional_wcl_typic_2_line_1076 

#----------------------------------------------------------------------------------------------------------------------------------------------
#              Timing Point               Flags   Arc   Edge            Cell             Fanout  Load Trans Delay Arrival       Instance       
#                                                                                                (fF)  (ps)  (ps)   (ps)        Location       
#----------------------------------------------------------------------------------------------------------------------------------------------
  rst_n                                   (a,#)   -     R     (arrival)                      24 113.3     4     0     300                (-,-) 
  FE_RC_1487_0/Y                          (a,#)   A->Y  R     BUFH_X16M_A9PP140ZTL_C30        6  34.9    11    17     317   (77.4400,150.3000) 
  FE_OCPC2561_FE_OFN78_n_315/Y            (a,@)   A->Y  R     BUFH_X16M_A9PP140ZTL_C30        9  46.9    14    15     332  (174.8800,156.6000) 
  FE_OFC3686_FE_OCPN1171_FE_OFN78_n_315/Y (a,@)   A->Y  F     INV_X5M_A9PP140ZTL_C30         29  32.1    28    20     352  (177.2600,163.8000) 
  signed_mag_3_mag_im_reg[231]/R          -       -     F     DFFRPQA_X1M_A9PP140ZTL_C30     29     -     -     2     354  (183.8400,165.6000) 
#----------------------------------------------------------------------------------------------------------------------------------------------

(#) : Net either has Non-default Routes or has been promoted to higher metal layers.
(@) : Annotated capacitance.
(a) : Net has asynchronous load pins which are being considered ideal.



Path 32: MET (19 ps) Recovery Check with Pin signed_mag_3_mag_im_reg[230]/CK->R
           View: view_wcl_typical
          Group: clk
     Startpoint: (R) rst_n
          Clock: (R) clk
       Endpoint: (F) signed_mag_3_mag_im_reg[230]/R
          Clock: (R) clk

                     Capture       Launch     
        Clock Edge:+     500            0     
        Drv Adjust:+       0            0     
       Src Latency:+       0            0     
       Net Latency:+       0 (I)        0 (I) 
           Arrival:=     500            0     
                                              
          Recovery:-       2                  
       Uncertainty:-     125                  
     Required Time:=     373                  
      Launch Clock:-       0                  
       Input Delay:-     300                  
         Data Path:-      54                  
             Slack:=      19                  

Exceptions/Constraints:
  input_delay             300             functional_wcl_typic_2_line_1076 

#----------------------------------------------------------------------------------------------------------------------------------------------
#              Timing Point               Flags   Arc   Edge            Cell             Fanout  Load Trans Delay Arrival       Instance       
#                                                                                                (fF)  (ps)  (ps)   (ps)        Location       
#----------------------------------------------------------------------------------------------------------------------------------------------
  rst_n                                   (a,#)   -     R     (arrival)                      24 113.3     4     0     300                (-,-) 
  FE_RC_1487_0/Y                          (a,#)   A->Y  R     BUFH_X16M_A9PP140ZTL_C30        6  34.9    11    17     317   (77.4400,150.3000) 
  FE_OCPC2561_FE_OFN78_n_315/Y            (a,@)   A->Y  R     BUFH_X16M_A9PP140ZTL_C30        9  46.9    14    15     332  (174.8800,156.6000) 
  FE_OFC3686_FE_OCPN1171_FE_OFN78_n_315/Y (a,@)   A->Y  F     INV_X5M_A9PP140ZTL_C30         29  32.1    28    20     352  (177.2600,163.8000) 
  signed_mag_3_mag_im_reg[230]/R          -       -     F     DFFRPQA_X1M_A9PP140ZTL_C30     29     -     -     2     354  (183.2800,166.5000) 
#----------------------------------------------------------------------------------------------------------------------------------------------

(#) : Net either has Non-default Routes or has been promoted to higher metal layers.
(@) : Annotated capacitance.
(a) : Net has asynchronous load pins which are being considered ideal.



Path 33: MET (19 ps) Recovery Check with Pin signed_mag_3_b2u_8to255_quad_0_iOut_reg[231]/CK->R
           View: view_wcl_typical
          Group: clk
     Startpoint: (R) rst_n
          Clock: (R) clk
       Endpoint: (F) signed_mag_3_b2u_8to255_quad_0_iOut_reg[231]/R
          Clock: (R) clk

                     Capture       Launch     
        Clock Edge:+     500            0     
        Drv Adjust:+       0            0     
       Src Latency:+       0            0     
       Net Latency:+       0 (I)        0 (I) 
           Arrival:=     500            0     
                                              
          Recovery:-       2                  
       Uncertainty:-     125                  
     Required Time:=     373                  
      Launch Clock:-       0                  
       Input Delay:-     300                  
         Data Path:-      54                  
             Slack:=      19                  

Exceptions/Constraints:
  input_delay             300             functional_wcl_typic_2_line_1076 

#-----------------------------------------------------------------------------------------------------------------------------------------------------
#                 Timing Point                   Flags   Arc   Edge            Cell             Fanout  Load Trans Delay Arrival       Instance       
#                                                                                                       (fF)  (ps)  (ps)   (ps)        Location       
#-----------------------------------------------------------------------------------------------------------------------------------------------------
  rst_n                                          (a,#)   -     R     (arrival)                      24 113.3     4     0     300                (-,-) 
  FE_RC_1487_0/Y                                 (a,#)   A->Y  R     BUFH_X16M_A9PP140ZTL_C30        6  34.9    11    17     317   (77.4400,150.3000) 
  FE_OCPC2561_FE_OFN78_n_315/Y                   (a,@)   A->Y  R     BUFH_X16M_A9PP140ZTL_C30        9  46.9    14    15     332  (174.8800,156.6000) 
  FE_OFC3686_FE_OCPN1171_FE_OFN78_n_315/Y        (a,@)   A->Y  F     INV_X5M_A9PP140ZTL_C30         29  32.1    28    20     352  (177.2600,163.8000) 
  signed_mag_3_b2u_8to255_quad_0_iOut_reg[231]/R -       -     F     DFFRPQA_X1M_A9PP140ZTL_C30     29     -     -     2     354  (184.2600,169.2000) 
#-----------------------------------------------------------------------------------------------------------------------------------------------------

(#) : Net either has Non-default Routes or has been promoted to higher metal layers.
(@) : Annotated capacitance.
(a) : Net has asynchronous load pins which are being considered ideal.



Path 34: MET (19 ps) Recovery Check with Pin pp_fir_3_1_1_Delay_Pipeline_reg_im_reg[20][10]/CK->R
           View: view_wcl_typical
          Group: clk
     Startpoint: (R) rst_n
          Clock: (R) clk
       Endpoint: (F) pp_fir_3_1_1_Delay_Pipeline_reg_im_reg[20][10]/R
          Clock: (R) clk

                     Capture       Launch     
        Clock Edge:+     500            0     
        Drv Adjust:+       0            0     
       Src Latency:+       0            0     
       Net Latency:+       0 (I)        0 (I) 
           Arrival:=     500            0     
                                              
          Recovery:-      -3                  
       Uncertainty:-     125                  
     Required Time:=     378                  
      Launch Clock:-       0                  
       Input Delay:-     300                  
         Data Path:-      59                  
             Slack:=      19                  

Exceptions/Constraints:
  input_delay             300             functional_wcl_typic_2_line_1076 

#--------------------------------------------------------------------------------------------------------------------------------------------------------
#                  Timing Point                    Flags   Arc   Edge            Cell              Fanout  Load Trans Delay Arrival       Instance       
#                                                                                                          (fF)  (ps)  (ps)   (ps)        Location       
#--------------------------------------------------------------------------------------------------------------------------------------------------------
  rst_n                                            (a,#)   -     R     (arrival)                       24 113.3     4     0     300                (-,-) 
  FE_RC_1487_0/Y                                   (a,#)   A->Y  R     BUFH_X16M_A9PP140ZTL_C30         6  34.9    11    17     317   (77.4400,150.3000) 
  FE_OCPC2561_FE_OFN78_n_315/Y                     (a,@)   A->Y  R     BUFH_X16M_A9PP140ZTL_C30         9  46.9    14    15     332  (174.8800,156.6000) 
  FE_OFC3692_FE_OCPN1171_FE_OFN78_n_315/Y          (a,@)   A->Y  F     INV_X16M_A9PP140ZTL_C30          6  21.2     9    10     342  (190.1400,143.1000) 
  FE_OFC3697_FE_OCPN1171_FE_OFN78_n_315/Y          (a,@)   A->Y  F     BUF_X16M_A9PP140ZTL_C30         20  23.2     9    16     358  (188.7400,134.1000) 
  pp_fir_3_1_1_Delay_Pipeline_reg_im_reg[20][10]/R -       -     F     SDFFRPQA_X1M_A9PP140ZTL_C30     20     -     -     1     359  (184.9600,132.3000) 
#--------------------------------------------------------------------------------------------------------------------------------------------------------

(#) : Net either has Non-default Routes or has been promoted to higher metal layers.
(@) : Annotated capacitance.
(a) : Net has asynchronous load pins which are being considered ideal.



Path 35: MET (19 ps) Recovery Check with Pin signed_mag_3_mag_im_reg[241]/CK->R
           View: view_wcl_typical
          Group: clk
     Startpoint: (R) rst_n
          Clock: (R) clk
       Endpoint: (F) signed_mag_3_mag_im_reg[241]/R
          Clock: (R) clk

                     Capture       Launch     
        Clock Edge:+     500            0     
        Drv Adjust:+       0            0     
       Src Latency:+       0            0     
       Net Latency:+       0 (I)        0 (I) 
           Arrival:=     500            0     
                                              
          Recovery:-       2                  
       Uncertainty:-     125                  
     Required Time:=     373                  
      Launch Clock:-       0                  
       Input Delay:-     300                  
         Data Path:-      54                  
             Slack:=      19                  

Exceptions/Constraints:
  input_delay             300             functional_wcl_typic_2_line_1076 

#----------------------------------------------------------------------------------------------------------------------------------------------
#              Timing Point               Flags   Arc   Edge            Cell             Fanout  Load Trans Delay Arrival       Instance       
#                                                                                                (fF)  (ps)  (ps)   (ps)        Location       
#----------------------------------------------------------------------------------------------------------------------------------------------
  rst_n                                   (a,#)   -     R     (arrival)                      24 113.3     4     0     300                (-,-) 
  FE_RC_1487_0/Y                          (a,#)   A->Y  R     BUFH_X16M_A9PP140ZTL_C30        6  34.9    11    17     317   (77.4400,150.3000) 
  FE_OCPC2561_FE_OFN78_n_315/Y            (a,@)   A->Y  R     BUFH_X16M_A9PP140ZTL_C30        9  46.9    14    15     332  (174.8800,156.6000) 
  FE_OFC3686_FE_OCPN1171_FE_OFN78_n_315/Y (a,@)   A->Y  F     INV_X5M_A9PP140ZTL_C30         29  32.1    28    20     352  (177.2600,163.8000) 
  signed_mag_3_mag_im_reg[241]/R          -       -     F     DFFRPQA_X1M_A9PP140ZTL_C30     29     -     -     2     354  (180.7600,170.1000) 
#----------------------------------------------------------------------------------------------------------------------------------------------

(#) : Net either has Non-default Routes or has been promoted to higher metal layers.
(@) : Annotated capacitance.
(a) : Net has asynchronous load pins which are being considered ideal.



Path 36: MET (19 ps) Recovery Check with Pin signed_mag_3_mag_im_reg[224]/CK->R
           View: view_wcl_typical
          Group: clk
     Startpoint: (R) rst_n
          Clock: (R) clk
       Endpoint: (F) signed_mag_3_mag_im_reg[224]/R
          Clock: (R) clk

                     Capture       Launch     
        Clock Edge:+     500            0     
        Drv Adjust:+       0            0     
       Src Latency:+       0            0     
       Net Latency:+       0 (I)        0 (I) 
           Arrival:=     500            0     
                                              
          Recovery:-       2                  
       Uncertainty:-     125                  
     Required Time:=     373                  
      Launch Clock:-       0                  
       Input Delay:-     300                  
         Data Path:-      54                  
             Slack:=      19                  

Exceptions/Constraints:
  input_delay             300             functional_wcl_typic_2_line_1076 

#----------------------------------------------------------------------------------------------------------------------------------------------
#              Timing Point               Flags   Arc   Edge            Cell             Fanout  Load Trans Delay Arrival       Instance       
#                                                                                                (fF)  (ps)  (ps)   (ps)        Location       
#----------------------------------------------------------------------------------------------------------------------------------------------
  rst_n                                   (a,#)   -     R     (arrival)                      24 113.3     4     0     300                (-,-) 
  FE_RC_1487_0/Y                          (a,#)   A->Y  R     BUFH_X16M_A9PP140ZTL_C30        6  34.9    11    17     317   (77.4400,150.3000) 
  FE_OCPC2561_FE_OFN78_n_315/Y            (a,@)   A->Y  R     BUFH_X16M_A9PP140ZTL_C30        9  46.9    14    15     332  (174.8800,156.6000) 
  FE_OFC3686_FE_OCPN1171_FE_OFN78_n_315/Y (a,@)   A->Y  F     INV_X5M_A9PP140ZTL_C30         29  32.1    28    20     352  (177.2600,163.8000) 
  signed_mag_3_mag_im_reg[224]/R          -       -     F     DFFRPQA_X1M_A9PP140ZTL_C30     29     -     -     2     354  (185.2400,167.4000) 
#----------------------------------------------------------------------------------------------------------------------------------------------

(#) : Net either has Non-default Routes or has been promoted to higher metal layers.
(@) : Annotated capacitance.
(a) : Net has asynchronous load pins which are being considered ideal.



Path 37: MET (19 ps) Recovery Check with Pin signed_mag_3_b2u_8to255_quad_0_qOut_reg[243]/CK->R
           View: view_wcl_typical
          Group: clk
     Startpoint: (R) rst_n
          Clock: (R) clk
       Endpoint: (F) signed_mag_3_b2u_8to255_quad_0_qOut_reg[243]/R
          Clock: (R) clk

                     Capture       Launch     
        Clock Edge:+     500            0     
        Drv Adjust:+       0            0     
       Src Latency:+       0            0     
       Net Latency:+       0 (I)        0 (I) 
           Arrival:=     500            0     
                                              
          Recovery:-       2                  
       Uncertainty:-     125                  
     Required Time:=     373                  
      Launch Clock:-       0                  
       Input Delay:-     300                  
         Data Path:-      54                  
             Slack:=      19                  

Exceptions/Constraints:
  input_delay             300             functional_wcl_typic_2_line_1076 

#-----------------------------------------------------------------------------------------------------------------------------------------------------
#                 Timing Point                   Flags   Arc   Edge            Cell             Fanout  Load Trans Delay Arrival       Instance       
#                                                                                                       (fF)  (ps)  (ps)   (ps)        Location       
#-----------------------------------------------------------------------------------------------------------------------------------------------------
  rst_n                                          (a,#)   -     R     (arrival)                      24 113.3     4     0     300                (-,-) 
  FE_RC_1487_0/Y                                 (a,#)   A->Y  R     BUFH_X16M_A9PP140ZTL_C30        6  34.9    11    17     317   (77.4400,150.3000) 
  FE_OCPC2561_FE_OFN78_n_315/Y                   (a,@)   A->Y  R     BUFH_X16M_A9PP140ZTL_C30        9  46.9    14    15     332  (174.8800,156.6000) 
  FE_OFC3686_FE_OCPN1171_FE_OFN78_n_315/Y        (a,@)   A->Y  F     INV_X5M_A9PP140ZTL_C30         29  32.1    28    20     352  (177.2600,163.8000) 
  signed_mag_3_b2u_8to255_quad_0_qOut_reg[243]/R -       -     F     DFFRPQA_X1M_A9PP140ZTL_C30     29     -     -     2     354  (182.4400,167.4000) 
#-----------------------------------------------------------------------------------------------------------------------------------------------------

(#) : Net either has Non-default Routes or has been promoted to higher metal layers.
(@) : Annotated capacitance.
(a) : Net has asynchronous load pins which are being considered ideal.



Path 38: MET (19 ps) Recovery Check with Pin signed_mag_3_b2u_8to255_quad_0_qOut_reg[241]/CK->R
           View: view_wcl_typical
          Group: clk
     Startpoint: (R) rst_n
          Clock: (R) clk
       Endpoint: (F) signed_mag_3_b2u_8to255_quad_0_qOut_reg[241]/R
          Clock: (R) clk

                     Capture       Launch     
        Clock Edge:+     500            0     
        Drv Adjust:+       0            0     
       Src Latency:+       0            0     
       Net Latency:+       0 (I)        0 (I) 
           Arrival:=     500            0     
                                              
          Recovery:-       2                  
       Uncertainty:-     125                  
     Required Time:=     373                  
      Launch Clock:-       0                  
       Input Delay:-     300                  
         Data Path:-      54                  
             Slack:=      19                  

Exceptions/Constraints:
  input_delay             300             functional_wcl_typic_2_line_1076 

#-----------------------------------------------------------------------------------------------------------------------------------------------------
#                 Timing Point                   Flags   Arc   Edge            Cell             Fanout  Load Trans Delay Arrival       Instance       
#                                                                                                       (fF)  (ps)  (ps)   (ps)        Location       
#-----------------------------------------------------------------------------------------------------------------------------------------------------
  rst_n                                          (a,#)   -     R     (arrival)                      24 113.3     4     0     300                (-,-) 
  FE_RC_1487_0/Y                                 (a,#)   A->Y  R     BUFH_X16M_A9PP140ZTL_C30        6  34.9    11    17     317   (77.4400,150.3000) 
  FE_OCPC2561_FE_OFN78_n_315/Y                   (a,@)   A->Y  R     BUFH_X16M_A9PP140ZTL_C30        9  46.9    14    15     332  (174.8800,156.6000) 
  FE_OFC3686_FE_OCPN1171_FE_OFN78_n_315/Y        (a,@)   A->Y  F     INV_X5M_A9PP140ZTL_C30         29  32.1    28    20     352  (177.2600,163.8000) 
  signed_mag_3_b2u_8to255_quad_0_qOut_reg[241]/R -       -     F     DFFRPQA_X1M_A9PP140ZTL_C30     29     -     -     2     354  (180.0600,169.2000) 
#-----------------------------------------------------------------------------------------------------------------------------------------------------

(#) : Net either has Non-default Routes or has been promoted to higher metal layers.
(@) : Annotated capacitance.
(a) : Net has asynchronous load pins which are being considered ideal.



Path 39: MET (19 ps) Recovery Check with Pin signed_mag_3_b2u_8to255_quad_0_qOut_reg[231]/CK->R
           View: view_wcl_typical
          Group: clk
     Startpoint: (R) rst_n
          Clock: (R) clk
       Endpoint: (F) signed_mag_3_b2u_8to255_quad_0_qOut_reg[231]/R
          Clock: (R) clk

                     Capture       Launch     
        Clock Edge:+     500            0     
        Drv Adjust:+       0            0     
       Src Latency:+       0            0     
       Net Latency:+       0 (I)        0 (I) 
           Arrival:=     500            0     
                                              
          Recovery:-       2                  
       Uncertainty:-     125                  
     Required Time:=     373                  
      Launch Clock:-       0                  
       Input Delay:-     300                  
         Data Path:-      54                  
             Slack:=      19                  

Exceptions/Constraints:
  input_delay             300             functional_wcl_typic_2_line_1076 

#-----------------------------------------------------------------------------------------------------------------------------------------------------
#                 Timing Point                   Flags   Arc   Edge            Cell             Fanout  Load Trans Delay Arrival       Instance       
#                                                                                                       (fF)  (ps)  (ps)   (ps)        Location       
#-----------------------------------------------------------------------------------------------------------------------------------------------------
  rst_n                                          (a,#)   -     R     (arrival)                      24 113.3     4     0     300                (-,-) 
  FE_RC_1487_0/Y                                 (a,#)   A->Y  R     BUFH_X16M_A9PP140ZTL_C30        6  34.9    11    17     317   (77.4400,150.3000) 
  FE_OCPC2561_FE_OFN78_n_315/Y                   (a,@)   A->Y  R     BUFH_X16M_A9PP140ZTL_C30        9  46.9    14    15     332  (174.8800,156.6000) 
  FE_OFC3686_FE_OCPN1171_FE_OFN78_n_315/Y        (a,@)   A->Y  F     INV_X5M_A9PP140ZTL_C30         29  32.1    28    20     352  (177.2600,163.8000) 
  signed_mag_3_b2u_8to255_quad_0_qOut_reg[231]/R -       -     F     DFFRPQA_X1M_A9PP140ZTL_C30     29     -     -     2     354  (183.2800,164.7000) 
#-----------------------------------------------------------------------------------------------------------------------------------------------------

(#) : Net either has Non-default Routes or has been promoted to higher metal layers.
(@) : Annotated capacitance.
(a) : Net has asynchronous load pins which are being considered ideal.



Path 40: MET (19 ps) Recovery Check with Pin signed_mag_3_b2u_8to255_quad_0_qOut_reg[230]/CK->R
           View: view_wcl_typical
          Group: clk
     Startpoint: (R) rst_n
          Clock: (R) clk
       Endpoint: (F) signed_mag_3_b2u_8to255_quad_0_qOut_reg[230]/R
          Clock: (R) clk

                     Capture       Launch     
        Clock Edge:+     500            0     
        Drv Adjust:+       0            0     
       Src Latency:+       0            0     
       Net Latency:+       0 (I)        0 (I) 
           Arrival:=     500            0     
                                              
          Recovery:-       2                  
       Uncertainty:-     125                  
     Required Time:=     373                  
      Launch Clock:-       0                  
       Input Delay:-     300                  
         Data Path:-      54                  
             Slack:=      19                  

Exceptions/Constraints:
  input_delay             300             functional_wcl_typic_2_line_1076 

#-----------------------------------------------------------------------------------------------------------------------------------------------------
#                 Timing Point                   Flags   Arc   Edge            Cell             Fanout  Load Trans Delay Arrival       Instance       
#                                                                                                       (fF)  (ps)  (ps)   (ps)        Location       
#-----------------------------------------------------------------------------------------------------------------------------------------------------
  rst_n                                          (a,#)   -     R     (arrival)                      24 113.3     4     0     300                (-,-) 
  FE_RC_1487_0/Y                                 (a,#)   A->Y  R     BUFH_X16M_A9PP140ZTL_C30        6  34.9    11    17     317   (77.4400,150.3000) 
  FE_OCPC2561_FE_OFN78_n_315/Y                   (a,@)   A->Y  R     BUFH_X16M_A9PP140ZTL_C30        9  46.9    14    15     332  (174.8800,156.6000) 
  FE_OFC3686_FE_OCPN1171_FE_OFN78_n_315/Y        (a,@)   A->Y  F     INV_X5M_A9PP140ZTL_C30         29  32.1    28    20     352  (177.2600,163.8000) 
  signed_mag_3_b2u_8to255_quad_0_qOut_reg[230]/R -       -     F     DFFRPQA_X1M_A9PP140ZTL_C30     29     -     -     2     354  (183.7000,163.8000) 
#-----------------------------------------------------------------------------------------------------------------------------------------------------

(#) : Net either has Non-default Routes or has been promoted to higher metal layers.
(@) : Annotated capacitance.
(a) : Net has asynchronous load pins which are being considered ideal.



Path 41: MET (19 ps) Recovery Check with Pin pp_fir_3_1_1_sum2_3_im_1_reg[20]/CK->R
           View: view_wcl_typical
          Group: clk
     Startpoint: (R) rst_n
          Clock: (R) clk
       Endpoint: (F) pp_fir_3_1_1_sum2_3_im_1_reg[20]/R
          Clock: (R) clk

                     Capture       Launch     
        Clock Edge:+     500            0     
        Drv Adjust:+       0            0     
       Src Latency:+       0            0     
       Net Latency:+       0 (I)        0 (I) 
           Arrival:=     500            0     
                                              
          Recovery:-      -3                  
       Uncertainty:-     125                  
     Required Time:=     378                  
      Launch Clock:-       0                  
       Input Delay:-     300                  
         Data Path:-      59                  
             Slack:=      19                  

Exceptions/Constraints:
  input_delay             300             functional_wcl_typic_2_line_1076 

#-----------------------------------------------------------------------------------------------------------------------------------------------
#              Timing Point               Flags   Arc   Edge            Cell              Fanout  Load Trans Delay Arrival       Instance       
#                                                                                                 (fF)  (ps)  (ps)   (ps)        Location       
#-----------------------------------------------------------------------------------------------------------------------------------------------
  rst_n                                   (a,#)   -     R     (arrival)                       24 113.3     4     0     300                (-,-) 
  FE_RC_1487_0/Y                          (a,#)   A->Y  R     BUFH_X16M_A9PP140ZTL_C30         6  34.9    11    17     317   (77.4400,150.3000) 
  FE_OCPC2561_FE_OFN78_n_315/Y            (a,@)   A->Y  R     BUFH_X16M_A9PP140ZTL_C30         9  46.9    14    15     332  (174.8800,156.6000) 
  FE_OFC3692_FE_OCPN1171_FE_OFN78_n_315/Y (a,@)   A->Y  F     INV_X16M_A9PP140ZTL_C30          6  21.2     9    10     342  (190.1400,143.1000) 
  FE_OFC3697_FE_OCPN1171_FE_OFN78_n_315/Y (a,@)   A->Y  F     BUF_X16M_A9PP140ZTL_C30         20  23.2     9    16     358  (188.7400,134.1000) 
  pp_fir_3_1_1_sum2_3_im_1_reg[20]/R      -       -     F     SDFFRPQA_X1M_A9PP140ZTL_C30     20     -     -     1     359  (191.5400,128.7000) 
#-----------------------------------------------------------------------------------------------------------------------------------------------

(#) : Net either has Non-default Routes or has been promoted to higher metal layers.
(@) : Annotated capacitance.
(a) : Net has asynchronous load pins which are being considered ideal.



Path 42: MET (19 ps) Recovery Check with Pin pp_fir_3_1_1_Delay_Pipeline_reg_im_reg[22][13]/CK->R
           View: view_wcl_typical
          Group: clk
     Startpoint: (R) rst_n
          Clock: (R) clk
       Endpoint: (F) pp_fir_3_1_1_Delay_Pipeline_reg_im_reg[22][13]/R
          Clock: (R) clk

                     Capture       Launch     
        Clock Edge:+     500            0     
        Drv Adjust:+       0            0     
       Src Latency:+       0            0     
       Net Latency:+       0 (I)        0 (I) 
           Arrival:=     500            0     
                                              
          Recovery:-       2                  
       Uncertainty:-     125                  
     Required Time:=     373                  
      Launch Clock:-       0                  
       Input Delay:-     300                  
         Data Path:-      54                  
             Slack:=      19                  

Exceptions/Constraints:
  input_delay             300             functional_wcl_typic_2_line_1076 

#-------------------------------------------------------------------------------------------------------------------------------------------------------
#                  Timing Point                    Flags   Arc   Edge            Cell             Fanout  Load Trans Delay Arrival       Instance       
#                                                                                                         (fF)  (ps)  (ps)   (ps)        Location       
#-------------------------------------------------------------------------------------------------------------------------------------------------------
  rst_n                                            (a,#)   -     R     (arrival)                      24 113.3     4     0     300                (-,-) 
  FE_RC_1487_0/Y                                   (a,#)   A->Y  R     BUFH_X16M_A9PP140ZTL_C30        6  34.9    11    17     317   (77.4400,150.3000) 
  FE_OCPC2561_FE_OFN78_n_315/Y                     (a,@)   A->Y  R     BUFH_X16M_A9PP140ZTL_C30        9  46.9    14    15     332  (174.8800,156.6000) 
  FE_OFC3689_FE_OCPN1171_FE_OFN78_n_315/Y          (a,@)   A->Y  F     INV_X3P5M_A9PP140ZTL_C30       19  23.8    27    21     353  (188.8800,148.5000) 
  pp_fir_3_1_1_Delay_Pipeline_reg_im_reg[22][13]/R -       -     F     DFFRPQA_X1M_A9PP140ZTL_C30     19     -     -     1     354  (192.2400,149.4000) 
#-------------------------------------------------------------------------------------------------------------------------------------------------------

(#) : Net either has Non-default Routes or has been promoted to higher metal layers.
(@) : Annotated capacitance.
(a) : Net has asynchronous load pins which are being considered ideal.



Path 43: MET (19 ps) Recovery Check with Pin pp_fir_3_1_1_Delay_Pipeline_reg_im_reg[19][14]/CK->R
           View: view_wcl_typical
          Group: clk
     Startpoint: (R) rst_n
          Clock: (R) clk
       Endpoint: (F) pp_fir_3_1_1_Delay_Pipeline_reg_im_reg[19][14]/R
          Clock: (R) clk

                     Capture       Launch     
        Clock Edge:+     500            0     
        Drv Adjust:+       0            0     
       Src Latency:+       0            0     
       Net Latency:+       0 (I)        0 (I) 
           Arrival:=     500            0     
                                              
          Recovery:-      -3                  
       Uncertainty:-     125                  
     Required Time:=     378                  
      Launch Clock:-       0                  
       Input Delay:-     300                  
         Data Path:-      59                  
             Slack:=      19                  

Exceptions/Constraints:
  input_delay             300             functional_wcl_typic_2_line_1076 

#--------------------------------------------------------------------------------------------------------------------------------------------------------
#                  Timing Point                    Flags   Arc   Edge            Cell              Fanout  Load Trans Delay Arrival       Instance       
#                                                                                                          (fF)  (ps)  (ps)   (ps)        Location       
#--------------------------------------------------------------------------------------------------------------------------------------------------------
  rst_n                                            (a,#)   -     R     (arrival)                       24 113.3     4     0     300                (-,-) 
  FE_RC_1487_0/Y                                   (a,#)   A->Y  R     BUFH_X16M_A9PP140ZTL_C30         6  34.9    11    17     317   (77.4400,150.3000) 
  FE_OCPC2561_FE_OFN78_n_315/Y                     (a,@)   A->Y  R     BUFH_X16M_A9PP140ZTL_C30         9  46.9    14    15     332  (174.8800,156.6000) 
  FE_OFC3692_FE_OCPN1171_FE_OFN78_n_315/Y          (a,@)   A->Y  F     INV_X16M_A9PP140ZTL_C30          6  21.2     9    10     342  (190.1400,143.1000) 
  FE_OFC3697_FE_OCPN1171_FE_OFN78_n_315/Y          (a,@)   A->Y  F     BUF_X16M_A9PP140ZTL_C30         20  23.2     9    16     358  (188.7400,134.1000) 
  pp_fir_3_1_1_Delay_Pipeline_reg_im_reg[19][14]/R -       -     F     SDFFRPQA_X1M_A9PP140ZTL_C30     20     -     -     1     359  (190.9800,129.6000) 
#--------------------------------------------------------------------------------------------------------------------------------------------------------

(#) : Net either has Non-default Routes or has been promoted to higher metal layers.
(@) : Annotated capacitance.
(a) : Net has asynchronous load pins which are being considered ideal.



Path 44: MET (19 ps) Recovery Check with Pin pp_fir_3_1_1_Delay_Pipeline_reg_im_reg[19][13]/CK->R
           View: view_wcl_typical
          Group: clk
     Startpoint: (R) rst_n
          Clock: (R) clk
       Endpoint: (F) pp_fir_3_1_1_Delay_Pipeline_reg_im_reg[19][13]/R
          Clock: (R) clk

                     Capture       Launch     
        Clock Edge:+     500            0     
        Drv Adjust:+       0            0     
       Src Latency:+       0            0     
       Net Latency:+       0 (I)        0 (I) 
           Arrival:=     500            0     
                                              
          Recovery:-      -3                  
       Uncertainty:-     125                  
     Required Time:=     378                  
      Launch Clock:-       0                  
       Input Delay:-     300                  
         Data Path:-      59                  
             Slack:=      19                  

Exceptions/Constraints:
  input_delay             300             functional_wcl_typic_2_line_1076 

#--------------------------------------------------------------------------------------------------------------------------------------------------------
#                  Timing Point                    Flags   Arc   Edge            Cell              Fanout  Load Trans Delay Arrival       Instance       
#                                                                                                          (fF)  (ps)  (ps)   (ps)        Location       
#--------------------------------------------------------------------------------------------------------------------------------------------------------
  rst_n                                            (a,#)   -     R     (arrival)                       24 113.3     4     0     300                (-,-) 
  FE_RC_1487_0/Y                                   (a,#)   A->Y  R     BUFH_X16M_A9PP140ZTL_C30         6  34.9    11    17     317   (77.4400,150.3000) 
  FE_OCPC2561_FE_OFN78_n_315/Y                     (a,@)   A->Y  R     BUFH_X16M_A9PP140ZTL_C30         9  46.9    14    15     332  (174.8800,156.6000) 
  FE_OFC3692_FE_OCPN1171_FE_OFN78_n_315/Y          (a,@)   A->Y  F     INV_X16M_A9PP140ZTL_C30          6  21.2     9    10     342  (190.1400,143.1000) 
  FE_OFC3697_FE_OCPN1171_FE_OFN78_n_315/Y          (a,@)   A->Y  F     BUF_X16M_A9PP140ZTL_C30         20  23.2     9    16     358  (188.7400,134.1000) 
  pp_fir_3_1_1_Delay_Pipeline_reg_im_reg[19][13]/R -       -     F     SDFFRPQA_X1M_A9PP140ZTL_C30     20     -     -     1     359  (189.0200,130.5000) 
#--------------------------------------------------------------------------------------------------------------------------------------------------------

(#) : Net either has Non-default Routes or has been promoted to higher metal layers.
(@) : Annotated capacitance.
(a) : Net has asynchronous load pins which are being considered ideal.



Path 45: MET (19 ps) Recovery Check with Pin pp_fir_3_1_1_Delay_Pipeline_reg_im_reg[19][12]/CK->R
           View: view_wcl_typical
          Group: clk
     Startpoint: (R) rst_n
          Clock: (R) clk
       Endpoint: (F) pp_fir_3_1_1_Delay_Pipeline_reg_im_reg[19][12]/R
          Clock: (R) clk

                     Capture       Launch     
        Clock Edge:+     500            0     
        Drv Adjust:+       0            0     
       Src Latency:+       0            0     
       Net Latency:+       0 (I)        0 (I) 
           Arrival:=     500            0     
                                              
          Recovery:-      -3                  
       Uncertainty:-     125                  
     Required Time:=     378                  
      Launch Clock:-       0                  
       Input Delay:-     300                  
         Data Path:-      59                  
             Slack:=      19                  

Exceptions/Constraints:
  input_delay             300             functional_wcl_typic_2_line_1076 

#--------------------------------------------------------------------------------------------------------------------------------------------------------
#                  Timing Point                    Flags   Arc   Edge            Cell              Fanout  Load Trans Delay Arrival       Instance       
#                                                                                                          (fF)  (ps)  (ps)   (ps)        Location       
#--------------------------------------------------------------------------------------------------------------------------------------------------------
  rst_n                                            (a,#)   -     R     (arrival)                       24 113.3     4     0     300                (-,-) 
  FE_RC_1487_0/Y                                   (a,#)   A->Y  R     BUFH_X16M_A9PP140ZTL_C30         6  34.9    11    17     317   (77.4400,150.3000) 
  FE_OCPC2561_FE_OFN78_n_315/Y                     (a,@)   A->Y  R     BUFH_X16M_A9PP140ZTL_C30         9  46.9    14    15     332  (174.8800,156.6000) 
  FE_OFC3692_FE_OCPN1171_FE_OFN78_n_315/Y          (a,@)   A->Y  F     INV_X16M_A9PP140ZTL_C30          6  21.2     9    10     342  (190.1400,143.1000) 
  FE_OFC3697_FE_OCPN1171_FE_OFN78_n_315/Y          (a,@)   A->Y  F     BUF_X16M_A9PP140ZTL_C30         20  23.2     9    16     358  (188.7400,134.1000) 
  pp_fir_3_1_1_Delay_Pipeline_reg_im_reg[19][12]/R -       -     F     SDFFRPQA_X1M_A9PP140ZTL_C30     20     -     -     1     359  (187.9000,129.6000) 
#--------------------------------------------------------------------------------------------------------------------------------------------------------

(#) : Net either has Non-default Routes or has been promoted to higher metal layers.
(@) : Annotated capacitance.
(a) : Net has asynchronous load pins which are being considered ideal.



Path 46: MET (19 ps) Recovery Check with Pin signed_mag_3_mag_im_reg[229]/CK->R
           View: view_wcl_typical
          Group: clk
     Startpoint: (R) rst_n
          Clock: (R) clk
       Endpoint: (F) signed_mag_3_mag_im_reg[229]/R
          Clock: (R) clk

                     Capture       Launch     
        Clock Edge:+     500            0     
        Drv Adjust:+       0            0     
       Src Latency:+       0            0     
       Net Latency:+       0 (I)        0 (I) 
           Arrival:=     500            0     
                                              
          Recovery:-       2                  
       Uncertainty:-     125                  
     Required Time:=     373                  
      Launch Clock:-       0                  
       Input Delay:-     300                  
         Data Path:-      54                  
             Slack:=      19                  

Exceptions/Constraints:
  input_delay             300             functional_wcl_typic_2_line_1076 

#----------------------------------------------------------------------------------------------------------------------------------------------
#              Timing Point               Flags   Arc   Edge            Cell             Fanout  Load Trans Delay Arrival       Instance       
#                                                                                                (fF)  (ps)  (ps)   (ps)        Location       
#----------------------------------------------------------------------------------------------------------------------------------------------
  rst_n                                   (a,#)   -     R     (arrival)                      24 113.3     4     0     300                (-,-) 
  FE_RC_1487_0/Y                          (a,#)   A->Y  R     BUFH_X16M_A9PP140ZTL_C30        6  34.9    11    17     317   (77.4400,150.3000) 
  FE_OCPC2561_FE_OFN78_n_315/Y            (a,@)   A->Y  R     BUFH_X16M_A9PP140ZTL_C30        9  46.9    14    15     332  (174.8800,156.6000) 
  FE_OFC3686_FE_OCPN1171_FE_OFN78_n_315/Y (a,@)   A->Y  F     INV_X5M_A9PP140ZTL_C30         29  32.1    28    20     352  (177.2600,163.8000) 
  signed_mag_3_mag_im_reg[229]/R          -       -     F     DFFRPQA_X1M_A9PP140ZTL_C30     29     -     -     2     354  (180.7600,166.5000) 
#----------------------------------------------------------------------------------------------------------------------------------------------

(#) : Net either has Non-default Routes or has been promoted to higher metal layers.
(@) : Annotated capacitance.
(a) : Net has asynchronous load pins which are being considered ideal.



Path 47: MET (19 ps) Recovery Check with Pin signed_mag_3_b2u_8to255_quad_0_qOut_reg[242]/CK->R
           View: view_wcl_typical
          Group: clk
     Startpoint: (R) rst_n
          Clock: (R) clk
       Endpoint: (F) signed_mag_3_b2u_8to255_quad_0_qOut_reg[242]/R
          Clock: (R) clk

                     Capture       Launch     
        Clock Edge:+     500            0     
        Drv Adjust:+       0            0     
       Src Latency:+       0            0     
       Net Latency:+       0 (I)        0 (I) 
           Arrival:=     500            0     
                                              
          Recovery:-       2                  
       Uncertainty:-     125                  
     Required Time:=     373                  
      Launch Clock:-       0                  
       Input Delay:-     300                  
         Data Path:-      54                  
             Slack:=      19                  

Exceptions/Constraints:
  input_delay             300             functional_wcl_typic_2_line_1076 

#-----------------------------------------------------------------------------------------------------------------------------------------------------
#                 Timing Point                   Flags   Arc   Edge            Cell             Fanout  Load Trans Delay Arrival       Instance       
#                                                                                                       (fF)  (ps)  (ps)   (ps)        Location       
#-----------------------------------------------------------------------------------------------------------------------------------------------------
  rst_n                                          (a,#)   -     R     (arrival)                      24 113.3     4     0     300                (-,-) 
  FE_RC_1487_0/Y                                 (a,#)   A->Y  R     BUFH_X16M_A9PP140ZTL_C30        6  34.9    11    17     317   (77.4400,150.3000) 
  FE_OCPC2561_FE_OFN78_n_315/Y                   (a,@)   A->Y  R     BUFH_X16M_A9PP140ZTL_C30        9  46.9    14    15     332  (174.8800,156.6000) 
  FE_OFC3686_FE_OCPN1171_FE_OFN78_n_315/Y        (a,@)   A->Y  F     INV_X5M_A9PP140ZTL_C30         29  32.1    28    20     352  (177.2600,163.8000) 
  signed_mag_3_b2u_8to255_quad_0_qOut_reg[242]/R -       -     F     DFFRPQA_X1M_A9PP140ZTL_C30     29     -     -     2     354  (180.6200,168.3000) 
#-----------------------------------------------------------------------------------------------------------------------------------------------------

(#) : Net either has Non-default Routes or has been promoted to higher metal layers.
(@) : Annotated capacitance.
(a) : Net has asynchronous load pins which are being considered ideal.



Path 48: MET (19 ps) Recovery Check with Pin signed_mag_3_b2u_8to255_quad_0_qOut_reg[229]/CK->R
           View: view_wcl_typical
          Group: clk
     Startpoint: (R) rst_n
          Clock: (R) clk
       Endpoint: (F) signed_mag_3_b2u_8to255_quad_0_qOut_reg[229]/R
          Clock: (R) clk

                     Capture       Launch     
        Clock Edge:+     500            0     
        Drv Adjust:+       0            0     
       Src Latency:+       0            0     
       Net Latency:+       0 (I)        0 (I) 
           Arrival:=     500            0     
                                              
          Recovery:-       2                  
       Uncertainty:-     125                  
     Required Time:=     373                  
      Launch Clock:-       0                  
       Input Delay:-     300                  
         Data Path:-      54                  
             Slack:=      19                  

Exceptions/Constraints:
  input_delay             300             functional_wcl_typic_2_line_1076 

#-----------------------------------------------------------------------------------------------------------------------------------------------------
#                 Timing Point                   Flags   Arc   Edge            Cell             Fanout  Load Trans Delay Arrival       Instance       
#                                                                                                       (fF)  (ps)  (ps)   (ps)        Location       
#-----------------------------------------------------------------------------------------------------------------------------------------------------
  rst_n                                          (a,#)   -     R     (arrival)                      24 113.3     4     0     300                (-,-) 
  FE_RC_1487_0/Y                                 (a,#)   A->Y  R     BUFH_X16M_A9PP140ZTL_C30        6  34.9    11    17     317   (77.4400,150.3000) 
  FE_OCPC2561_FE_OFN78_n_315/Y                   (a,@)   A->Y  R     BUFH_X16M_A9PP140ZTL_C30        9  46.9    14    15     332  (174.8800,156.6000) 
  FE_OFC3686_FE_OCPN1171_FE_OFN78_n_315/Y        (a,@)   A->Y  F     INV_X5M_A9PP140ZTL_C30         29  32.1    28    20     352  (177.2600,163.8000) 
  signed_mag_3_b2u_8to255_quad_0_qOut_reg[229]/R -       -     F     DFFRPQA_X1M_A9PP140ZTL_C30     29     -     -     2     354  (180.9000,164.7000) 
#-----------------------------------------------------------------------------------------------------------------------------------------------------

(#) : Net either has Non-default Routes or has been promoted to higher metal layers.
(@) : Annotated capacitance.
(a) : Net has asynchronous load pins which are being considered ideal.



Path 49: MET (19 ps) Recovery Check with Pin signed_mag_3_b2u_8to255_quad_0_qOut_reg[228]/CK->R
           View: view_wcl_typical
          Group: clk
     Startpoint: (R) rst_n
          Clock: (R) clk
       Endpoint: (F) signed_mag_3_b2u_8to255_quad_0_qOut_reg[228]/R
          Clock: (R) clk

                     Capture       Launch     
        Clock Edge:+     500            0     
        Drv Adjust:+       0            0     
       Src Latency:+       0            0     
       Net Latency:+       0 (I)        0 (I) 
           Arrival:=     500            0     
                                              
          Recovery:-       2                  
       Uncertainty:-     125                  
     Required Time:=     373                  
      Launch Clock:-       0                  
       Input Delay:-     300                  
         Data Path:-      54                  
             Slack:=      19                  

Exceptions/Constraints:
  input_delay             300             functional_wcl_typic_2_line_1076 

#-----------------------------------------------------------------------------------------------------------------------------------------------------
#                 Timing Point                   Flags   Arc   Edge            Cell             Fanout  Load Trans Delay Arrival       Instance       
#                                                                                                       (fF)  (ps)  (ps)   (ps)        Location       
#-----------------------------------------------------------------------------------------------------------------------------------------------------
  rst_n                                          (a,#)   -     R     (arrival)                      24 113.3     4     0     300                (-,-) 
  FE_RC_1487_0/Y                                 (a,#)   A->Y  R     BUFH_X16M_A9PP140ZTL_C30        6  34.9    11    17     317   (77.4400,150.3000) 
  FE_OCPC2561_FE_OFN78_n_315/Y                   (a,@)   A->Y  R     BUFH_X16M_A9PP140ZTL_C30        9  46.9    14    15     332  (174.8800,156.6000) 
  FE_OFC3686_FE_OCPN1171_FE_OFN78_n_315/Y        (a,@)   A->Y  F     INV_X5M_A9PP140ZTL_C30         29  32.1    28    20     352  (177.2600,163.8000) 
  signed_mag_3_b2u_8to255_quad_0_qOut_reg[228]/R -       -     F     DFFRPQA_X1M_A9PP140ZTL_C30     29     -     -     2     354  (180.4800,163.8000) 
#-----------------------------------------------------------------------------------------------------------------------------------------------------

(#) : Net either has Non-default Routes or has been promoted to higher metal layers.
(@) : Annotated capacitance.
(a) : Net has asynchronous load pins which are being considered ideal.



Path 50: MET (19 ps) Recovery Check with Pin pp_fir_3_1_1_Delay_Pipeline_reg_im_reg[20][12]/CK->R
           View: view_wcl_typical
          Group: clk
     Startpoint: (R) rst_n
          Clock: (R) clk
       Endpoint: (F) pp_fir_3_1_1_Delay_Pipeline_reg_im_reg[20][12]/R
          Clock: (R) clk

                     Capture       Launch     
        Clock Edge:+     500            0     
        Drv Adjust:+       0            0     
       Src Latency:+       0            0     
       Net Latency:+       0 (I)        0 (I) 
           Arrival:=     500            0     
                                              
          Recovery:-      -3                  
       Uncertainty:-     125                  
     Required Time:=     378                  
      Launch Clock:-       0                  
       Input Delay:-     300                  
         Data Path:-      59                  
             Slack:=      19                  

Exceptions/Constraints:
  input_delay             300             functional_wcl_typic_2_line_1076 

#--------------------------------------------------------------------------------------------------------------------------------------------------------
#                  Timing Point                    Flags   Arc   Edge            Cell              Fanout  Load Trans Delay Arrival       Instance       
#                                                                                                          (fF)  (ps)  (ps)   (ps)        Location       
#--------------------------------------------------------------------------------------------------------------------------------------------------------
  rst_n                                            (a,#)   -     R     (arrival)                       24 113.3     4     0     300                (-,-) 
  FE_RC_1487_0/Y                                   (a,#)   A->Y  R     BUFH_X16M_A9PP140ZTL_C30         6  34.9    11    17     317   (77.4400,150.3000) 
  FE_OCPC2561_FE_OFN78_n_315/Y                     (a,@)   A->Y  R     BUFH_X16M_A9PP140ZTL_C30         9  46.9    14    15     332  (174.8800,156.6000) 
  FE_OFC3692_FE_OCPN1171_FE_OFN78_n_315/Y          (a,@)   A->Y  F     INV_X16M_A9PP140ZTL_C30          6  21.2     9    10     342  (190.1400,143.1000) 
  FE_OFC3697_FE_OCPN1171_FE_OFN78_n_315/Y          (a,@)   A->Y  F     BUF_X16M_A9PP140ZTL_C30         20  23.2     9    16     358  (188.7400,134.1000) 
  pp_fir_3_1_1_Delay_Pipeline_reg_im_reg[20][12]/R -       -     F     SDFFRPQA_X1M_A9PP140ZTL_C30     20     -     -     0     359  (187.0600,133.2000) 
#--------------------------------------------------------------------------------------------------------------------------------------------------------

(#) : Net either has Non-default Routes or has been promoted to higher metal layers.
(@) : Annotated capacitance.
(a) : Net has asynchronous load pins which are being considered ideal.

