============================================================
  Generated by:           Genus(TM) Synthesis Solution 22.10-p001_1
  Generated on:           Jan 13 2025  10:17:10 am
  Module:                 pp_fir_u_3
  Operating conditions:   ssg_cworstt_max_0p81v_125c 
  Operating conditions:   ffg_cbestt_min_0p99v_m40c 
  Operating conditions:   tt_ctypical_max_0p90v_25c 
  Interconnect mode:      spatial
  Area mode:              physical library
============================================================


Path 1: MET (40 ps) Setup Check with Pin signed_mag_3_sign_re_stage1_reg/CK->SE
           View: view_wcl_fast
          Group: clk
     Startpoint: (R) rst_n
          Clock: (R) clk
       Endpoint: (R) signed_mag_3_sign_re_stage1_reg/SE
          Clock: (R) clk

                     Capture       Launch     
        Clock Edge:+     500            0     
        Drv Adjust:+       0            0     
       Src Latency:+       0            0     
       Net Latency:+     200 (I)      200 (I) 
           Arrival:=     700          200     
                                              
             Setup:-      35                  
       Uncertainty:-     125                  
     Required Time:=     540                  
      Launch Clock:-     200                  
       Input Delay:-     300                  
         Data Path:-       0                  
             Slack:=      40                  

Exceptions/Constraints:
  input_delay             300             tmp_sdc_view_wcl_slo_6_line_533 

#-------------------------------------------------------------------------------------------------------------------------------------
#           Timing Point             Flags   Arc   Edge           Cell             Fanout Load Trans Delay Arrival      Instance      
#                                                                                         (fF)  (ps)  (ps)   (ps)       Location      
#-------------------------------------------------------------------------------------------------------------------------------------
  rst_n                              (a)     -     R     (arrival)                      3  1.4     0     0     500              (-,-) 
  signed_mag_3_sign_re_stage1_reg/SE -       -     R     SDFFQA_X1M_A9PP140ZTL_C30      3    -     -     0     500  (0.0495,124.1830) 
#-------------------------------------------------------------------------------------------------------------------------------------

(a) : Net has asynchronous load pins which are being considered ideal.



Path 2: MET (42 ps) Setup Check with Pin pp_fir_3_1_1_Delay_Pipeline_reg_im_reg[0][5]/CK->SI
           View: view_wcl_fast
          Group: clk
     Startpoint: (F) In1_im[5]
          Clock: (R) clk
       Endpoint: (F) pp_fir_3_1_1_Delay_Pipeline_reg_im_reg[0][5]/SI
          Clock: (R) clk

                     Capture       Launch     
        Clock Edge:+     500            0     
        Drv Adjust:+       0            0     
       Src Latency:+       0            0     
       Net Latency:+     200 (I)      200 (I) 
           Arrival:=     700          200     
                                              
             Setup:-      33                  
       Uncertainty:-     125                  
     Required Time:=     542                  
      Launch Clock:-     200                  
       Input Delay:-     300                  
         Data Path:-       0                  
             Slack:=      42                  

Exceptions/Constraints:
  input_delay             300             tmp_sdc_view_wcl_slo_6_line_561 

#----------------------------------------------------------------------------------------------------------------------------------------------------
#                  Timing Point                   Flags   Arc   Edge            Cell              Fanout Load Trans Delay Arrival      Instance      
#                                                                                                        (fF)  (ps)  (ps)   (ps)       Location      
#----------------------------------------------------------------------------------------------------------------------------------------------------
  In1_im[5]                                       -       -     F     (arrival)                        1  0.8     0     0     500              (-,-) 
  pp_fir_3_1_1_Delay_Pipeline_reg_im_reg[0][5]/SI -       -     F     SDFFRPQA_X1M_A9PP140ZTL_C30      1    -     -     0     500  (126.7735,0.0660) 
#----------------------------------------------------------------------------------------------------------------------------------------------------



Path 3: MET (51 ps) Setup Check with Pin pp_fir_3_1_1_Delay_Pipeline_reg_re_reg[0][15]/CK->D
           View: view_wcl_fast
          Group: clk
     Startpoint: (F) In1_re[15]
          Clock: (R) clk
       Endpoint: (F) pp_fir_3_1_1_Delay_Pipeline_reg_re_reg[0][15]/D
          Clock: (R) clk

                     Capture       Launch     
        Clock Edge:+     500            0     
        Drv Adjust:+       0            0     
       Src Latency:+       0            0     
       Net Latency:+     200 (I)      200 (I) 
           Arrival:=     700          200     
                                              
             Setup:-      24                  
       Uncertainty:-     125                  
     Required Time:=     551                  
      Launch Clock:-     200                  
       Input Delay:-     300                  
         Data Path:-       0                  
             Slack:=      51                  

Exceptions/Constraints:
  input_delay             300             tmp_sdc_view_wcl_slo_6_line_535 

#--------------------------------------------------------------------------------------------------------------------------------------------------
#                  Timing Point                   Flags   Arc   Edge            Cell              Fanout Load Trans Delay Arrival     Instance     
#                                                                                                        (fF)  (ps)  (ps)   (ps)      Location     
#--------------------------------------------------------------------------------------------------------------------------------------------------
  In1_re[15]                                      -       -     F     (arrival)                        1  0.8     0     0     500            (-,-) 
  pp_fir_3_1_1_Delay_Pipeline_reg_re_reg[0][15]/D -       -     F     SDFFRPQA_X1M_A9PP140ZTL_C30      1    -     -     0     500  (4.7885,0.0685) 
#--------------------------------------------------------------------------------------------------------------------------------------------------



Path 4: MET (51 ps) Setup Check with Pin pp_fir_3_1_1_Delay_Pipeline_reg_re_reg[0][14]/CK->D
           View: view_wcl_fast
          Group: clk
     Startpoint: (F) In1_re[14]
          Clock: (R) clk
       Endpoint: (F) pp_fir_3_1_1_Delay_Pipeline_reg_re_reg[0][14]/D
          Clock: (R) clk

                     Capture       Launch     
        Clock Edge:+     500            0     
        Drv Adjust:+       0            0     
       Src Latency:+       0            0     
       Net Latency:+     200 (I)      200 (I) 
           Arrival:=     700          200     
                                              
             Setup:-      24                  
       Uncertainty:-     125                  
     Required Time:=     551                  
      Launch Clock:-     200                  
       Input Delay:-     300                  
         Data Path:-       0                  
             Slack:=      51                  

Exceptions/Constraints:
  input_delay             300             tmp_sdc_view_wcl_slo_6_line_536 

#---------------------------------------------------------------------------------------------------------------------------------------------------
#                  Timing Point                   Flags   Arc   Edge            Cell              Fanout Load Trans Delay Arrival      Instance     
#                                                                                                        (fF)  (ps)  (ps)   (ps)       Location     
#---------------------------------------------------------------------------------------------------------------------------------------------------
  In1_re[14]                                      -       -     F     (arrival)                        1  0.8     0     0     500             (-,-) 
  pp_fir_3_1_1_Delay_Pipeline_reg_re_reg[0][14]/D -       -     F     SDFFRPQA_X1M_A9PP140ZTL_C30      1    -     -     0     500  (18.8925,0.0490) 
#---------------------------------------------------------------------------------------------------------------------------------------------------



Path 5: MET (51 ps) Setup Check with Pin pp_fir_3_1_1_Delay_Pipeline_reg_re_reg[0][13]/CK->D
           View: view_wcl_fast
          Group: clk
     Startpoint: (F) In1_re[13]
          Clock: (R) clk
       Endpoint: (F) pp_fir_3_1_1_Delay_Pipeline_reg_re_reg[0][13]/D
          Clock: (R) clk

                     Capture       Launch     
        Clock Edge:+     500            0     
        Drv Adjust:+       0            0     
       Src Latency:+       0            0     
       Net Latency:+     200 (I)      200 (I) 
           Arrival:=     700          200     
                                              
             Setup:-      24                  
       Uncertainty:-     125                  
     Required Time:=     551                  
      Launch Clock:-     200                  
       Input Delay:-     300                  
         Data Path:-       0                  
             Slack:=      51                  

Exceptions/Constraints:
  input_delay             300             tmp_sdc_view_wcl_slo_6_line_537 

#---------------------------------------------------------------------------------------------------------------------------------------------------
#                  Timing Point                   Flags   Arc   Edge            Cell              Fanout Load Trans Delay Arrival      Instance     
#                                                                                                        (fF)  (ps)  (ps)   (ps)       Location     
#---------------------------------------------------------------------------------------------------------------------------------------------------
  In1_re[13]                                      -       -     F     (arrival)                        1  0.8     0     0     500             (-,-) 
  pp_fir_3_1_1_Delay_Pipeline_reg_re_reg[0][13]/D -       -     F     SDFFRPQA_X1M_A9PP140ZTL_C30      1    -     -     0     500  (30.9985,0.0000) 
#---------------------------------------------------------------------------------------------------------------------------------------------------



Path 6: MET (51 ps) Setup Check with Pin pp_fir_3_1_1_Delay_Pipeline_reg_re_reg[0][12]/CK->D
           View: view_wcl_fast
          Group: clk
     Startpoint: (F) In1_re[12]
          Clock: (R) clk
       Endpoint: (F) pp_fir_3_1_1_Delay_Pipeline_reg_re_reg[0][12]/D
          Clock: (R) clk

                     Capture       Launch     
        Clock Edge:+     500            0     
        Drv Adjust:+       0            0     
       Src Latency:+       0            0     
       Net Latency:+     200 (I)      200 (I) 
           Arrival:=     700          200     
                                              
             Setup:-      24                  
       Uncertainty:-     125                  
     Required Time:=     551                  
      Launch Clock:-     200                  
       Input Delay:-     300                  
         Data Path:-       0                  
             Slack:=      51                  

Exceptions/Constraints:
  input_delay             300             tmp_sdc_view_wcl_slo_6_line_538 

#---------------------------------------------------------------------------------------------------------------------------------------------------
#                  Timing Point                   Flags   Arc   Edge            Cell              Fanout Load Trans Delay Arrival      Instance     
#                                                                                                        (fF)  (ps)  (ps)   (ps)       Location     
#---------------------------------------------------------------------------------------------------------------------------------------------------
  In1_re[12]                                      -       -     F     (arrival)                        1  0.8     0     0     500             (-,-) 
  pp_fir_3_1_1_Delay_Pipeline_reg_re_reg[0][12]/D -       -     F     SDFFRPQA_X1M_A9PP140ZTL_C30      1    -     -     0     500  (35.8050,0.0230) 
#---------------------------------------------------------------------------------------------------------------------------------------------------



Path 7: MET (51 ps) Setup Check with Pin pp_fir_3_1_1_Delay_Pipeline_reg_re_reg[0][11]/CK->D
           View: view_wcl_fast
          Group: clk
     Startpoint: (F) In1_re[11]
          Clock: (R) clk
       Endpoint: (F) pp_fir_3_1_1_Delay_Pipeline_reg_re_reg[0][11]/D
          Clock: (R) clk

                     Capture       Launch     
        Clock Edge:+     500            0     
        Drv Adjust:+       0            0     
       Src Latency:+       0            0     
       Net Latency:+     200 (I)      200 (I) 
           Arrival:=     700          200     
                                              
             Setup:-      24                  
       Uncertainty:-     125                  
     Required Time:=     551                  
      Launch Clock:-     200                  
       Input Delay:-     300                  
         Data Path:-       0                  
             Slack:=      51                  

Exceptions/Constraints:
  input_delay             300             tmp_sdc_view_wcl_slo_6_line_539 

#---------------------------------------------------------------------------------------------------------------------------------------------------
#                  Timing Point                   Flags   Arc   Edge            Cell              Fanout Load Trans Delay Arrival      Instance     
#                                                                                                        (fF)  (ps)  (ps)   (ps)       Location     
#---------------------------------------------------------------------------------------------------------------------------------------------------
  In1_re[11]                                      -       -     F     (arrival)                        1  0.8     0     0     500             (-,-) 
  pp_fir_3_1_1_Delay_Pipeline_reg_re_reg[0][11]/D -       -     F     SDFFRPQA_X1M_A9PP140ZTL_C30      1    -     -     0     500  (39.2680,0.0000) 
#---------------------------------------------------------------------------------------------------------------------------------------------------



Path 8: MET (51 ps) Setup Check with Pin pp_fir_3_1_1_Delay_Pipeline_reg_re_reg[0][10]/CK->D
           View: view_wcl_fast
          Group: clk
     Startpoint: (F) In1_re[10]
          Clock: (R) clk
       Endpoint: (F) pp_fir_3_1_1_Delay_Pipeline_reg_re_reg[0][10]/D
          Clock: (R) clk

                     Capture       Launch     
        Clock Edge:+     500            0     
        Drv Adjust:+       0            0     
       Src Latency:+       0            0     
       Net Latency:+     200 (I)      200 (I) 
           Arrival:=     700          200     
                                              
             Setup:-      24                  
       Uncertainty:-     125                  
     Required Time:=     551                  
      Launch Clock:-     200                  
       Input Delay:-     300                  
         Data Path:-       0                  
             Slack:=      51                  

Exceptions/Constraints:
  input_delay             300             tmp_sdc_view_wcl_slo_6_line_540 

#---------------------------------------------------------------------------------------------------------------------------------------------------
#                  Timing Point                   Flags   Arc   Edge            Cell              Fanout Load Trans Delay Arrival      Instance     
#                                                                                                        (fF)  (ps)  (ps)   (ps)       Location     
#---------------------------------------------------------------------------------------------------------------------------------------------------
  In1_re[10]                                      -       -     F     (arrival)                        1  0.8     0     0     500             (-,-) 
  pp_fir_3_1_1_Delay_Pipeline_reg_re_reg[0][10]/D -       -     F     SDFFRPQA_X1M_A9PP140ZTL_C30      1    -     -     0     500  (61.9770,0.0950) 
#---------------------------------------------------------------------------------------------------------------------------------------------------



Path 9: MET (51 ps) Setup Check with Pin pp_fir_3_1_1_Delay_Pipeline_reg_re_reg[0][9]/CK->D
           View: view_wcl_fast
          Group: clk
     Startpoint: (F) In1_re[9]
          Clock: (R) clk
       Endpoint: (F) pp_fir_3_1_1_Delay_Pipeline_reg_re_reg[0][9]/D
          Clock: (R) clk

                     Capture       Launch     
        Clock Edge:+     500            0     
        Drv Adjust:+       0            0     
       Src Latency:+       0            0     
       Net Latency:+     200 (I)      200 (I) 
           Arrival:=     700          200     
                                              
             Setup:-      24                  
       Uncertainty:-     125                  
     Required Time:=     551                  
      Launch Clock:-     200                  
       Input Delay:-     300                  
         Data Path:-       0                  
             Slack:=      51                  

Exceptions/Constraints:
  input_delay             300             tmp_sdc_view_wcl_slo_6_line_541 

#--------------------------------------------------------------------------------------------------------------------------------------------------
#                 Timing Point                   Flags   Arc   Edge            Cell              Fanout Load Trans Delay Arrival      Instance     
#                                                                                                       (fF)  (ps)  (ps)   (ps)       Location     
#--------------------------------------------------------------------------------------------------------------------------------------------------
  In1_re[9]                                      -       -     F     (arrival)                        1  0.8     0     0     500             (-,-) 
  pp_fir_3_1_1_Delay_Pipeline_reg_re_reg[0][9]/D -       -     F     SDFFRPQA_X1M_A9PP140ZTL_C30      1    -     -     0     500  (73.3320,0.1150) 
#--------------------------------------------------------------------------------------------------------------------------------------------------



Path 10: MET (51 ps) Setup Check with Pin pp_fir_3_1_1_Delay_Pipeline_reg_re_reg[0][8]/CK->D
           View: view_wcl_fast
          Group: clk
     Startpoint: (F) In1_re[8]
          Clock: (R) clk
       Endpoint: (F) pp_fir_3_1_1_Delay_Pipeline_reg_re_reg[0][8]/D
          Clock: (R) clk

                     Capture       Launch     
        Clock Edge:+     500            0     
        Drv Adjust:+       0            0     
       Src Latency:+       0            0     
       Net Latency:+     200 (I)      200 (I) 
           Arrival:=     700          200     
                                              
             Setup:-      24                  
       Uncertainty:-     125                  
     Required Time:=     551                  
      Launch Clock:-     200                  
       Input Delay:-     300                  
         Data Path:-       0                  
             Slack:=      51                  

Exceptions/Constraints:
  input_delay             300             tmp_sdc_view_wcl_slo_6_line_542 

#--------------------------------------------------------------------------------------------------------------------------------------------------
#                 Timing Point                   Flags   Arc   Edge            Cell              Fanout Load Trans Delay Arrival      Instance     
#                                                                                                       (fF)  (ps)  (ps)   (ps)       Location     
#--------------------------------------------------------------------------------------------------------------------------------------------------
  In1_re[8]                                      -       -     F     (arrival)                        1  0.8     0     0     500             (-,-) 
  pp_fir_3_1_1_Delay_Pipeline_reg_re_reg[0][8]/D -       -     F     SDFFRPQA_X1M_A9PP140ZTL_C30      1    -     -     0     500  (76.5955,0.2535) 
#--------------------------------------------------------------------------------------------------------------------------------------------------



Path 11: MET (51 ps) Setup Check with Pin pp_fir_3_1_1_Delay_Pipeline_reg_re_reg[0][7]/CK->D
           View: view_wcl_fast
          Group: clk
     Startpoint: (F) In1_re[7]
          Clock: (R) clk
       Endpoint: (F) pp_fir_3_1_1_Delay_Pipeline_reg_re_reg[0][7]/D
          Clock: (R) clk

                     Capture       Launch     
        Clock Edge:+     500            0     
        Drv Adjust:+       0            0     
       Src Latency:+       0            0     
       Net Latency:+     200 (I)      200 (I) 
           Arrival:=     700          200     
                                              
             Setup:-      24                  
       Uncertainty:-     125                  
     Required Time:=     551                  
      Launch Clock:-     200                  
       Input Delay:-     300                  
         Data Path:-       0                  
             Slack:=      51                  

Exceptions/Constraints:
  input_delay             300             tmp_sdc_view_wcl_slo_6_line_543 

#--------------------------------------------------------------------------------------------------------------------------------------------------
#                 Timing Point                   Flags   Arc   Edge            Cell              Fanout Load Trans Delay Arrival      Instance     
#                                                                                                       (fF)  (ps)  (ps)   (ps)       Location     
#--------------------------------------------------------------------------------------------------------------------------------------------------
  In1_re[7]                                      -       -     F     (arrival)                        1  0.8     0     0     500             (-,-) 
  pp_fir_3_1_1_Delay_Pipeline_reg_re_reg[0][7]/D -       -     F     SDFFRPQA_X1M_A9PP140ZTL_C30      1    -     -     0     500  (74.9610,1.9460) 
#--------------------------------------------------------------------------------------------------------------------------------------------------



Path 12: MET (51 ps) Setup Check with Pin pp_fir_3_1_1_Delay_Pipeline_reg_re_reg[0][6]/CK->D
           View: view_wcl_fast
          Group: clk
     Startpoint: (F) In1_re[6]
          Clock: (R) clk
       Endpoint: (F) pp_fir_3_1_1_Delay_Pipeline_reg_re_reg[0][6]/D
          Clock: (R) clk

                     Capture       Launch     
        Clock Edge:+     500            0     
        Drv Adjust:+       0            0     
       Src Latency:+       0            0     
       Net Latency:+     200 (I)      200 (I) 
           Arrival:=     700          200     
                                              
             Setup:-      24                  
       Uncertainty:-     125                  
     Required Time:=     551                  
      Launch Clock:-     200                  
       Input Delay:-     300                  
         Data Path:-       0                  
             Slack:=      51                  

Exceptions/Constraints:
  input_delay             300             tmp_sdc_view_wcl_slo_6_line_544 

#--------------------------------------------------------------------------------------------------------------------------------------------------
#                 Timing Point                   Flags   Arc   Edge            Cell              Fanout Load Trans Delay Arrival      Instance     
#                                                                                                       (fF)  (ps)  (ps)   (ps)       Location     
#--------------------------------------------------------------------------------------------------------------------------------------------------
  In1_re[6]                                      -       -     F     (arrival)                        1  0.8     0     0     500             (-,-) 
  pp_fir_3_1_1_Delay_Pipeline_reg_re_reg[0][6]/D -       -     F     SDFFRPQA_X1M_A9PP140ZTL_C30      1    -     -     0     500  (79.9240,0.2030) 
#--------------------------------------------------------------------------------------------------------------------------------------------------



Path 13: MET (51 ps) Setup Check with Pin pp_fir_3_1_1_Delay_Pipeline_reg_re_reg[0][5]/CK->D
           View: view_wcl_fast
          Group: clk
     Startpoint: (F) In1_re[5]
          Clock: (R) clk
       Endpoint: (F) pp_fir_3_1_1_Delay_Pipeline_reg_re_reg[0][5]/D
          Clock: (R) clk

                     Capture       Launch     
        Clock Edge:+     500            0     
        Drv Adjust:+       0            0     
       Src Latency:+       0            0     
       Net Latency:+     200 (I)      200 (I) 
           Arrival:=     700          200     
                                              
             Setup:-      24                  
       Uncertainty:-     125                  
     Required Time:=     551                  
      Launch Clock:-     200                  
       Input Delay:-     300                  
         Data Path:-       0                  
             Slack:=      51                  

Exceptions/Constraints:
  input_delay             300             tmp_sdc_view_wcl_slo_6_line_545 

#--------------------------------------------------------------------------------------------------------------------------------------------------
#                 Timing Point                   Flags   Arc   Edge            Cell              Fanout Load Trans Delay Arrival      Instance     
#                                                                                                       (fF)  (ps)  (ps)   (ps)       Location     
#--------------------------------------------------------------------------------------------------------------------------------------------------
  In1_re[5]                                      -       -     F     (arrival)                        1  0.8     0     0     500             (-,-) 
  pp_fir_3_1_1_Delay_Pipeline_reg_re_reg[0][5]/D -       -     F     SDFFRPQA_X1M_A9PP140ZTL_C30      1    -     -     0     500  (78.1845,1.3660) 
#--------------------------------------------------------------------------------------------------------------------------------------------------



Path 14: MET (51 ps) Setup Check with Pin pp_fir_3_1_1_Delay_Pipeline_reg_re_reg[0][4]/CK->D
           View: view_wcl_fast
          Group: clk
     Startpoint: (F) In1_re[4]
          Clock: (R) clk
       Endpoint: (F) pp_fir_3_1_1_Delay_Pipeline_reg_re_reg[0][4]/D
          Clock: (R) clk

                     Capture       Launch     
        Clock Edge:+     500            0     
        Drv Adjust:+       0            0     
       Src Latency:+       0            0     
       Net Latency:+     200 (I)      200 (I) 
           Arrival:=     700          200     
                                              
             Setup:-      24                  
       Uncertainty:-     125                  
     Required Time:=     551                  
      Launch Clock:-     200                  
       Input Delay:-     300                  
         Data Path:-       0                  
             Slack:=      51                  

Exceptions/Constraints:
  input_delay             300             tmp_sdc_view_wcl_slo_6_line_546 

#--------------------------------------------------------------------------------------------------------------------------------------------------
#                 Timing Point                   Flags   Arc   Edge            Cell              Fanout Load Trans Delay Arrival      Instance     
#                                                                                                       (fF)  (ps)  (ps)   (ps)       Location     
#--------------------------------------------------------------------------------------------------------------------------------------------------
  In1_re[4]                                      -       -     F     (arrival)                        1  0.8     0     0     500             (-,-) 
  pp_fir_3_1_1_Delay_Pipeline_reg_re_reg[0][4]/D -       -     F     SDFFRPQA_X1M_A9PP140ZTL_C30      1    -     -     0     500  (69.4095,0.0625) 
#--------------------------------------------------------------------------------------------------------------------------------------------------



Path 15: MET (51 ps) Setup Check with Pin pp_fir_3_1_1_Delay_Pipeline_reg_re_reg[0][3]/CK->D
           View: view_wcl_fast
          Group: clk
     Startpoint: (F) In1_re[3]
          Clock: (R) clk
       Endpoint: (F) pp_fir_3_1_1_Delay_Pipeline_reg_re_reg[0][3]/D
          Clock: (R) clk

                     Capture       Launch     
        Clock Edge:+     500            0     
        Drv Adjust:+       0            0     
       Src Latency:+       0            0     
       Net Latency:+     200 (I)      200 (I) 
           Arrival:=     700          200     
                                              
             Setup:-      24                  
       Uncertainty:-     125                  
     Required Time:=     551                  
      Launch Clock:-     200                  
       Input Delay:-     300                  
         Data Path:-       0                  
             Slack:=      51                  

Exceptions/Constraints:
  input_delay             300             tmp_sdc_view_wcl_slo_6_line_547 

#--------------------------------------------------------------------------------------------------------------------------------------------------
#                 Timing Point                   Flags   Arc   Edge            Cell              Fanout Load Trans Delay Arrival      Instance     
#                                                                                                       (fF)  (ps)  (ps)   (ps)       Location     
#--------------------------------------------------------------------------------------------------------------------------------------------------
  In1_re[3]                                      -       -     F     (arrival)                        1  0.8     0     0     500             (-,-) 
  pp_fir_3_1_1_Delay_Pipeline_reg_re_reg[0][3]/D -       -     F     SDFFRPQA_X1M_A9PP140ZTL_C30      1    -     -     0     500  (72.1145,1.1395) 
#--------------------------------------------------------------------------------------------------------------------------------------------------



Path 16: MET (51 ps) Setup Check with Pin pp_fir_3_1_1_Delay_Pipeline_reg_re_reg[0][2]/CK->D
           View: view_wcl_fast
          Group: clk
     Startpoint: (F) In1_re[2]
          Clock: (R) clk
       Endpoint: (F) pp_fir_3_1_1_Delay_Pipeline_reg_re_reg[0][2]/D
          Clock: (R) clk

                     Capture       Launch     
        Clock Edge:+     500            0     
        Drv Adjust:+       0            0     
       Src Latency:+       0            0     
       Net Latency:+     200 (I)      200 (I) 
           Arrival:=     700          200     
                                              
             Setup:-      24                  
       Uncertainty:-     125                  
     Required Time:=     551                  
      Launch Clock:-     200                  
       Input Delay:-     300                  
         Data Path:-       0                  
             Slack:=      51                  

Exceptions/Constraints:
  input_delay             300             tmp_sdc_view_wcl_slo_6_line_548 

#---------------------------------------------------------------------------------------------------------------------------------------------------
#                 Timing Point                   Flags   Arc   Edge            Cell              Fanout Load Trans Delay Arrival      Instance      
#                                                                                                       (fF)  (ps)  (ps)   (ps)       Location      
#---------------------------------------------------------------------------------------------------------------------------------------------------
  In1_re[2]                                      -       -     F     (arrival)                        1  0.8     0     0     500              (-,-) 
  pp_fir_3_1_1_Delay_Pipeline_reg_re_reg[0][2]/D -       -     F     SDFFRPQA_X1M_A9PP140ZTL_C30      1    -     -     0     500  (105.2815,0.0285) 
#---------------------------------------------------------------------------------------------------------------------------------------------------



Path 17: MET (51 ps) Setup Check with Pin pp_fir_3_1_1_Delay_Pipeline_reg_re_reg[0][1]/CK->D
           View: view_wcl_fast
          Group: clk
     Startpoint: (F) In1_re[1]
          Clock: (R) clk
       Endpoint: (F) pp_fir_3_1_1_Delay_Pipeline_reg_re_reg[0][1]/D
          Clock: (R) clk

                     Capture       Launch     
        Clock Edge:+     500            0     
        Drv Adjust:+       0            0     
       Src Latency:+       0            0     
       Net Latency:+     200 (I)      200 (I) 
           Arrival:=     700          200     
                                              
             Setup:-      24                  
       Uncertainty:-     125                  
     Required Time:=     551                  
      Launch Clock:-     200                  
       Input Delay:-     300                  
         Data Path:-       0                  
             Slack:=      51                  

Exceptions/Constraints:
  input_delay             300             tmp_sdc_view_wcl_slo_6_line_549 

#---------------------------------------------------------------------------------------------------------------------------------------------------
#                 Timing Point                   Flags   Arc   Edge            Cell              Fanout Load Trans Delay Arrival      Instance      
#                                                                                                       (fF)  (ps)  (ps)   (ps)       Location      
#---------------------------------------------------------------------------------------------------------------------------------------------------
  In1_re[1]                                      -       -     F     (arrival)                        1  0.8     0     0     500              (-,-) 
  pp_fir_3_1_1_Delay_Pipeline_reg_re_reg[0][1]/D -       -     F     SDFFRPQA_X1M_A9PP140ZTL_C30      1    -     -     0     500  (160.7230,0.0920) 
#---------------------------------------------------------------------------------------------------------------------------------------------------



Path 18: MET (51 ps) Setup Check with Pin pp_fir_3_1_1_Delay_Pipeline_reg_re_reg[0][0]/CK->D
           View: view_wcl_fast
          Group: clk
     Startpoint: (F) In1_re[0]
          Clock: (R) clk
       Endpoint: (F) pp_fir_3_1_1_Delay_Pipeline_reg_re_reg[0][0]/D
          Clock: (R) clk

                     Capture       Launch     
        Clock Edge:+     500            0     
        Drv Adjust:+       0            0     
       Src Latency:+       0            0     
       Net Latency:+     200 (I)      200 (I) 
           Arrival:=     700          200     
                                              
             Setup:-      24                  
       Uncertainty:-     125                  
     Required Time:=     551                  
      Launch Clock:-     200                  
       Input Delay:-     300                  
         Data Path:-       0                  
             Slack:=      51                  

Exceptions/Constraints:
  input_delay             300             tmp_sdc_view_wcl_slo_6_line_550 

#---------------------------------------------------------------------------------------------------------------------------------------------------
#                 Timing Point                   Flags   Arc   Edge            Cell              Fanout Load Trans Delay Arrival      Instance      
#                                                                                                       (fF)  (ps)  (ps)   (ps)       Location      
#---------------------------------------------------------------------------------------------------------------------------------------------------
  In1_re[0]                                      -       -     F     (arrival)                        1  0.8     0     0     500              (-,-) 
  pp_fir_3_1_1_Delay_Pipeline_reg_re_reg[0][0]/D -       -     F     SDFFRPQA_X1M_A9PP140ZTL_C30      1    -     -     0     500  (165.5925,1.0220) 
#---------------------------------------------------------------------------------------------------------------------------------------------------



Path 19: MET (51 ps) Setup Check with Pin pp_fir_3_1_1_Delay_Pipeline_reg_im_reg[0][15]/CK->D
           View: view_wcl_fast
          Group: clk
     Startpoint: (F) In1_im[15]
          Clock: (R) clk
       Endpoint: (F) pp_fir_3_1_1_Delay_Pipeline_reg_im_reg[0][15]/D
          Clock: (R) clk

                     Capture       Launch     
        Clock Edge:+     500            0     
        Drv Adjust:+       0            0     
       Src Latency:+       0            0     
       Net Latency:+     200 (I)      200 (I) 
           Arrival:=     700          200     
                                              
             Setup:-      24                  
       Uncertainty:-     125                  
     Required Time:=     551                  
      Launch Clock:-     200                  
       Input Delay:-     300                  
         Data Path:-       0                  
             Slack:=      51                  

Exceptions/Constraints:
  input_delay             300             tmp_sdc_view_wcl_slo_6_line_551 

#---------------------------------------------------------------------------------------------------------------------------------------------------
#                  Timing Point                   Flags   Arc   Edge            Cell              Fanout Load Trans Delay Arrival      Instance     
#                                                                                                        (fF)  (ps)  (ps)   (ps)       Location     
#---------------------------------------------------------------------------------------------------------------------------------------------------
  In1_im[15]                                      -       -     F     (arrival)                        1  0.8     0     0     500             (-,-) 
  pp_fir_3_1_1_Delay_Pipeline_reg_im_reg[0][15]/D -       -     F     SDFFRPQA_X1M_A9PP140ZTL_C30      1    -     -     0     500  (83.5800,0.2455) 
#---------------------------------------------------------------------------------------------------------------------------------------------------



Path 20: MET (51 ps) Setup Check with Pin pp_fir_3_1_1_Delay_Pipeline_reg_im_reg[0][14]/CK->D
           View: view_wcl_fast
          Group: clk
     Startpoint: (F) In1_im[14]
          Clock: (R) clk
       Endpoint: (F) pp_fir_3_1_1_Delay_Pipeline_reg_im_reg[0][14]/D
          Clock: (R) clk

                     Capture       Launch     
        Clock Edge:+     500            0     
        Drv Adjust:+       0            0     
       Src Latency:+       0            0     
       Net Latency:+     200 (I)      200 (I) 
           Arrival:=     700          200     
                                              
             Setup:-      24                  
       Uncertainty:-     125                  
     Required Time:=     551                  
      Launch Clock:-     200                  
       Input Delay:-     300                  
         Data Path:-       0                  
             Slack:=      51                  

Exceptions/Constraints:
  input_delay             300             tmp_sdc_view_wcl_slo_6_line_552 

#---------------------------------------------------------------------------------------------------------------------------------------------------
#                  Timing Point                   Flags   Arc   Edge            Cell              Fanout Load Trans Delay Arrival      Instance     
#                                                                                                        (fF)  (ps)  (ps)   (ps)       Location     
#---------------------------------------------------------------------------------------------------------------------------------------------------
  In1_im[14]                                      -       -     F     (arrival)                        1  0.8     0     0     500             (-,-) 
  pp_fir_3_1_1_Delay_Pipeline_reg_im_reg[0][14]/D -       -     F     SDFFRPQA_X1M_A9PP140ZTL_C30      1    -     -     0     500  (87.1415,3.4535) 
#---------------------------------------------------------------------------------------------------------------------------------------------------



Path 21: MET (51 ps) Setup Check with Pin pp_fir_3_1_1_Delay_Pipeline_reg_im_reg[0][13]/CK->D
           View: view_wcl_fast
          Group: clk
     Startpoint: (F) In1_im[13]
          Clock: (R) clk
       Endpoint: (F) pp_fir_3_1_1_Delay_Pipeline_reg_im_reg[0][13]/D
          Clock: (R) clk

                     Capture       Launch     
        Clock Edge:+     500            0     
        Drv Adjust:+       0            0     
       Src Latency:+       0            0     
       Net Latency:+     200 (I)      200 (I) 
           Arrival:=     700          200     
                                              
             Setup:-      24                  
       Uncertainty:-     125                  
     Required Time:=     551                  
      Launch Clock:-     200                  
       Input Delay:-     300                  
         Data Path:-       0                  
             Slack:=      51                  

Exceptions/Constraints:
  input_delay             300             tmp_sdc_view_wcl_slo_6_line_553 

#---------------------------------------------------------------------------------------------------------------------------------------------------
#                  Timing Point                   Flags   Arc   Edge            Cell              Fanout Load Trans Delay Arrival      Instance     
#                                                                                                        (fF)  (ps)  (ps)   (ps)       Location     
#---------------------------------------------------------------------------------------------------------------------------------------------------
  In1_im[13]                                      -       -     F     (arrival)                        1  0.8     0     0     500             (-,-) 
  pp_fir_3_1_1_Delay_Pipeline_reg_im_reg[0][13]/D -       -     F     SDFFRPQA_X1M_A9PP140ZTL_C30      1    -     -     0     500  (87.2755,2.3560) 
#---------------------------------------------------------------------------------------------------------------------------------------------------



Path 22: MET (51 ps) Setup Check with Pin pp_fir_3_1_1_Delay_Pipeline_reg_im_reg[0][12]/CK->D
           View: view_wcl_fast
          Group: clk
     Startpoint: (F) In1_im[12]
          Clock: (R) clk
       Endpoint: (F) pp_fir_3_1_1_Delay_Pipeline_reg_im_reg[0][12]/D
          Clock: (R) clk

                     Capture       Launch     
        Clock Edge:+     500            0     
        Drv Adjust:+       0            0     
       Src Latency:+       0            0     
       Net Latency:+     200 (I)      200 (I) 
           Arrival:=     700          200     
                                              
             Setup:-      24                  
       Uncertainty:-     125                  
     Required Time:=     551                  
      Launch Clock:-     200                  
       Input Delay:-     300                  
         Data Path:-       0                  
             Slack:=      51                  

Exceptions/Constraints:
  input_delay             300             tmp_sdc_view_wcl_slo_6_line_554 

#---------------------------------------------------------------------------------------------------------------------------------------------------
#                  Timing Point                   Flags   Arc   Edge            Cell              Fanout Load Trans Delay Arrival      Instance     
#                                                                                                        (fF)  (ps)  (ps)   (ps)       Location     
#---------------------------------------------------------------------------------------------------------------------------------------------------
  In1_im[12]                                      -       -     F     (arrival)                        1  0.8     0     0     500             (-,-) 
  pp_fir_3_1_1_Delay_Pipeline_reg_im_reg[0][12]/D -       -     F     SDFFRPQA_X1M_A9PP140ZTL_C30      1    -     -     0     500  (83.3290,2.8040) 
#---------------------------------------------------------------------------------------------------------------------------------------------------



Path 23: MET (51 ps) Setup Check with Pin pp_fir_3_1_1_Delay_Pipeline_reg_im_reg[0][11]/CK->D
           View: view_wcl_fast
          Group: clk
     Startpoint: (F) In1_im[11]
          Clock: (R) clk
       Endpoint: (F) pp_fir_3_1_1_Delay_Pipeline_reg_im_reg[0][11]/D
          Clock: (R) clk

                     Capture       Launch     
        Clock Edge:+     500            0     
        Drv Adjust:+       0            0     
       Src Latency:+       0            0     
       Net Latency:+     200 (I)      200 (I) 
           Arrival:=     700          200     
                                              
             Setup:-      24                  
       Uncertainty:-     125                  
     Required Time:=     551                  
      Launch Clock:-     200                  
       Input Delay:-     300                  
         Data Path:-       0                  
             Slack:=      51                  

Exceptions/Constraints:
  input_delay             300             tmp_sdc_view_wcl_slo_6_line_555 

#---------------------------------------------------------------------------------------------------------------------------------------------------
#                  Timing Point                   Flags   Arc   Edge            Cell              Fanout Load Trans Delay Arrival      Instance     
#                                                                                                        (fF)  (ps)  (ps)   (ps)       Location     
#---------------------------------------------------------------------------------------------------------------------------------------------------
  In1_im[11]                                      -       -     F     (arrival)                        1  0.8     0     0     500             (-,-) 
  pp_fir_3_1_1_Delay_Pipeline_reg_im_reg[0][11]/D -       -     F     SDFFRPQA_X1M_A9PP140ZTL_C30      1    -     -     0     500  (82.4830,1.6555) 
#---------------------------------------------------------------------------------------------------------------------------------------------------



Path 24: MET (51 ps) Setup Check with Pin pp_fir_3_1_1_Delay_Pipeline_reg_im_reg[0][10]/CK->D
           View: view_wcl_fast
          Group: clk
     Startpoint: (F) In1_im[10]
          Clock: (R) clk
       Endpoint: (F) pp_fir_3_1_1_Delay_Pipeline_reg_im_reg[0][10]/D
          Clock: (R) clk

                     Capture       Launch     
        Clock Edge:+     500            0     
        Drv Adjust:+       0            0     
       Src Latency:+       0            0     
       Net Latency:+     200 (I)      200 (I) 
           Arrival:=     700          200     
                                              
             Setup:-      24                  
       Uncertainty:-     125                  
     Required Time:=     551                  
      Launch Clock:-     200                  
       Input Delay:-     300                  
         Data Path:-       0                  
             Slack:=      51                  

Exceptions/Constraints:
  input_delay             300             tmp_sdc_view_wcl_slo_6_line_556 

#---------------------------------------------------------------------------------------------------------------------------------------------------
#                  Timing Point                   Flags   Arc   Edge            Cell              Fanout Load Trans Delay Arrival      Instance     
#                                                                                                        (fF)  (ps)  (ps)   (ps)       Location     
#---------------------------------------------------------------------------------------------------------------------------------------------------
  In1_im[10]                                      -       -     F     (arrival)                        1  0.8     0     0     500             (-,-) 
  pp_fir_3_1_1_Delay_Pipeline_reg_im_reg[0][10]/D -       -     F     SDFFRPQA_X1M_A9PP140ZTL_C30      1    -     -     0     500  (86.6035,1.2650) 
#---------------------------------------------------------------------------------------------------------------------------------------------------



Path 25: MET (51 ps) Setup Check with Pin pp_fir_3_1_1_Delay_Pipeline_reg_im_reg[0][9]/CK->D
           View: view_wcl_fast
          Group: clk
     Startpoint: (F) In1_im[9]
          Clock: (R) clk
       Endpoint: (F) pp_fir_3_1_1_Delay_Pipeline_reg_im_reg[0][9]/D
          Clock: (R) clk

                     Capture       Launch     
        Clock Edge:+     500            0     
        Drv Adjust:+       0            0     
       Src Latency:+       0            0     
       Net Latency:+     200 (I)      200 (I) 
           Arrival:=     700          200     
                                              
             Setup:-      24                  
       Uncertainty:-     125                  
     Required Time:=     551                  
      Launch Clock:-     200                  
       Input Delay:-     300                  
         Data Path:-       0                  
             Slack:=      51                  

Exceptions/Constraints:
  input_delay             300             tmp_sdc_view_wcl_slo_6_line_557 

#--------------------------------------------------------------------------------------------------------------------------------------------------
#                 Timing Point                   Flags   Arc   Edge            Cell              Fanout Load Trans Delay Arrival      Instance     
#                                                                                                       (fF)  (ps)  (ps)   (ps)       Location     
#--------------------------------------------------------------------------------------------------------------------------------------------------
  In1_im[9]                                      -       -     F     (arrival)                        1  0.8     0     0     500             (-,-) 
  pp_fir_3_1_1_Delay_Pipeline_reg_im_reg[0][9]/D -       -     F     SDFFRPQA_X1M_A9PP140ZTL_C30      1    -     -     0     500  (89.8465,0.2785) 
#--------------------------------------------------------------------------------------------------------------------------------------------------



Path 26: MET (51 ps) Setup Check with Pin pp_fir_3_1_1_Delay_Pipeline_reg_im_reg[0][8]/CK->D
           View: view_wcl_fast
          Group: clk
     Startpoint: (F) In1_im[8]
          Clock: (R) clk
       Endpoint: (F) pp_fir_3_1_1_Delay_Pipeline_reg_im_reg[0][8]/D
          Clock: (R) clk

                     Capture       Launch     
        Clock Edge:+     500            0     
        Drv Adjust:+       0            0     
       Src Latency:+       0            0     
       Net Latency:+     200 (I)      200 (I) 
           Arrival:=     700          200     
                                              
             Setup:-      24                  
       Uncertainty:-     125                  
     Required Time:=     551                  
      Launch Clock:-     200                  
       Input Delay:-     300                  
         Data Path:-       0                  
             Slack:=      51                  

Exceptions/Constraints:
  input_delay             300             tmp_sdc_view_wcl_slo_6_line_558 

#--------------------------------------------------------------------------------------------------------------------------------------------------
#                 Timing Point                   Flags   Arc   Edge            Cell              Fanout Load Trans Delay Arrival      Instance     
#                                                                                                       (fF)  (ps)  (ps)   (ps)       Location     
#--------------------------------------------------------------------------------------------------------------------------------------------------
  In1_im[8]                                      -       -     F     (arrival)                        1  0.8     0     0     500             (-,-) 
  pp_fir_3_1_1_Delay_Pipeline_reg_im_reg[0][8]/D -       -     F     SDFFRPQA_X1M_A9PP140ZTL_C30      1    -     -     0     500  (96.7650,0.0625) 
#--------------------------------------------------------------------------------------------------------------------------------------------------



Path 27: MET (51 ps) Setup Check with Pin pp_fir_3_1_1_Delay_Pipeline_reg_im_reg[0][7]/CK->D
           View: view_wcl_fast
          Group: clk
     Startpoint: (F) In1_im[7]
          Clock: (R) clk
       Endpoint: (F) pp_fir_3_1_1_Delay_Pipeline_reg_im_reg[0][7]/D
          Clock: (R) clk

                     Capture       Launch     
        Clock Edge:+     500            0     
        Drv Adjust:+       0            0     
       Src Latency:+       0            0     
       Net Latency:+     200 (I)      200 (I) 
           Arrival:=     700          200     
                                              
             Setup:-      24                  
       Uncertainty:-     125                  
     Required Time:=     551                  
      Launch Clock:-     200                  
       Input Delay:-     300                  
         Data Path:-       0                  
             Slack:=      51                  

Exceptions/Constraints:
  input_delay             300             tmp_sdc_view_wcl_slo_6_line_559 

#---------------------------------------------------------------------------------------------------------------------------------------------------
#                 Timing Point                   Flags   Arc   Edge            Cell              Fanout Load Trans Delay Arrival      Instance      
#                                                                                                       (fF)  (ps)  (ps)   (ps)       Location      
#---------------------------------------------------------------------------------------------------------------------------------------------------
  In1_im[7]                                      -       -     F     (arrival)                        1  0.8     0     0     500              (-,-) 
  pp_fir_3_1_1_Delay_Pipeline_reg_im_reg[0][7]/D -       -     F     SDFFRPQA_X1M_A9PP140ZTL_C30      1    -     -     0     500  (108.8165,0.0195) 
#---------------------------------------------------------------------------------------------------------------------------------------------------



Path 28: MET (51 ps) Setup Check with Pin pp_fir_3_1_1_Delay_Pipeline_reg_im_reg[0][6]/CK->D
           View: view_wcl_fast
          Group: clk
     Startpoint: (F) In1_im[6]
          Clock: (R) clk
       Endpoint: (F) pp_fir_3_1_1_Delay_Pipeline_reg_im_reg[0][6]/D
          Clock: (R) clk

                     Capture       Launch     
        Clock Edge:+     500            0     
        Drv Adjust:+       0            0     
       Src Latency:+       0            0     
       Net Latency:+     200 (I)      200 (I) 
           Arrival:=     700          200     
                                              
             Setup:-      24                  
       Uncertainty:-     125                  
     Required Time:=     551                  
      Launch Clock:-     200                  
       Input Delay:-     300                  
         Data Path:-       0                  
             Slack:=      51                  

Exceptions/Constraints:
  input_delay             300             tmp_sdc_view_wcl_slo_6_line_560 

#---------------------------------------------------------------------------------------------------------------------------------------------------
#                 Timing Point                   Flags   Arc   Edge            Cell              Fanout Load Trans Delay Arrival      Instance      
#                                                                                                       (fF)  (ps)  (ps)   (ps)       Location      
#---------------------------------------------------------------------------------------------------------------------------------------------------
  In1_im[6]                                      -       -     F     (arrival)                        1  0.8     0     0     500              (-,-) 
  pp_fir_3_1_1_Delay_Pipeline_reg_im_reg[0][6]/D -       -     F     SDFFRPQA_X1M_A9PP140ZTL_C30      1    -     -     0     500  (113.5515,0.0200) 
#---------------------------------------------------------------------------------------------------------------------------------------------------



Path 29: MET (51 ps) Setup Check with Pin pp_fir_3_1_1_Delay_Pipeline_reg_im_reg[0][4]/CK->D
           View: view_wcl_fast
          Group: clk
     Startpoint: (F) In1_im[4]
          Clock: (R) clk
       Endpoint: (F) pp_fir_3_1_1_Delay_Pipeline_reg_im_reg[0][4]/D
          Clock: (R) clk

                     Capture       Launch     
        Clock Edge:+     500            0     
        Drv Adjust:+       0            0     
       Src Latency:+       0            0     
       Net Latency:+     200 (I)      200 (I) 
           Arrival:=     700          200     
                                              
             Setup:-      24                  
       Uncertainty:-     125                  
     Required Time:=     551                  
      Launch Clock:-     200                  
       Input Delay:-     300                  
         Data Path:-       0                  
             Slack:=      51                  

Exceptions/Constraints:
  input_delay             300             tmp_sdc_view_wcl_slo_6_line_562 

#---------------------------------------------------------------------------------------------------------------------------------------------------
#                 Timing Point                   Flags   Arc   Edge            Cell              Fanout Load Trans Delay Arrival      Instance      
#                                                                                                       (fF)  (ps)  (ps)   (ps)       Location      
#---------------------------------------------------------------------------------------------------------------------------------------------------
  In1_im[4]                                      -       -     F     (arrival)                        1  0.8     0     0     500              (-,-) 
  pp_fir_3_1_1_Delay_Pipeline_reg_im_reg[0][4]/D -       -     F     SDFFRPQA_X1M_A9PP140ZTL_C30      1    -     -     0     500  (123.0190,0.0000) 
#---------------------------------------------------------------------------------------------------------------------------------------------------



Path 30: MET (51 ps) Setup Check with Pin pp_fir_3_1_1_Delay_Pipeline_reg_im_reg[0][3]/CK->D
           View: view_wcl_fast
          Group: clk
     Startpoint: (F) In1_im[3]
          Clock: (R) clk
       Endpoint: (F) pp_fir_3_1_1_Delay_Pipeline_reg_im_reg[0][3]/D
          Clock: (R) clk

                     Capture       Launch     
        Clock Edge:+     500            0     
        Drv Adjust:+       0            0     
       Src Latency:+       0            0     
       Net Latency:+     200 (I)      200 (I) 
           Arrival:=     700          200     
                                              
             Setup:-      24                  
       Uncertainty:-     125                  
     Required Time:=     551                  
      Launch Clock:-     200                  
       Input Delay:-     300                  
         Data Path:-       0                  
             Slack:=      51                  

Exceptions/Constraints:
  input_delay             300             tmp_sdc_view_wcl_slo_6_line_563 

#---------------------------------------------------------------------------------------------------------------------------------------------------
#                 Timing Point                   Flags   Arc   Edge            Cell              Fanout Load Trans Delay Arrival      Instance      
#                                                                                                       (fF)  (ps)  (ps)   (ps)       Location      
#---------------------------------------------------------------------------------------------------------------------------------------------------
  In1_im[3]                                      -       -     F     (arrival)                        1  0.8     0     0     500              (-,-) 
  pp_fir_3_1_1_Delay_Pipeline_reg_im_reg[0][3]/D -       -     F     SDFFRPQA_X1M_A9PP140ZTL_C30      1    -     -     0     500  (132.9990,0.0765) 
#---------------------------------------------------------------------------------------------------------------------------------------------------



Path 31: MET (51 ps) Setup Check with Pin pp_fir_3_1_1_Delay_Pipeline_reg_im_reg[0][2]/CK->D
           View: view_wcl_fast
          Group: clk
     Startpoint: (F) In1_im[2]
          Clock: (R) clk
       Endpoint: (F) pp_fir_3_1_1_Delay_Pipeline_reg_im_reg[0][2]/D
          Clock: (R) clk

                     Capture       Launch     
        Clock Edge:+     500            0     
        Drv Adjust:+       0            0     
       Src Latency:+       0            0     
       Net Latency:+     200 (I)      200 (I) 
           Arrival:=     700          200     
                                              
             Setup:-      24                  
       Uncertainty:-     125                  
     Required Time:=     551                  
      Launch Clock:-     200                  
       Input Delay:-     300                  
         Data Path:-       0                  
             Slack:=      51                  

Exceptions/Constraints:
  input_delay             300             tmp_sdc_view_wcl_slo_6_line_564 

#---------------------------------------------------------------------------------------------------------------------------------------------------
#                 Timing Point                   Flags   Arc   Edge            Cell              Fanout Load Trans Delay Arrival      Instance      
#                                                                                                       (fF)  (ps)  (ps)   (ps)       Location      
#---------------------------------------------------------------------------------------------------------------------------------------------------
  In1_im[2]                                      -       -     F     (arrival)                        1  0.8     0     0     500              (-,-) 
  pp_fir_3_1_1_Delay_Pipeline_reg_im_reg[0][2]/D -       -     F     SDFFRPQA_X1M_A9PP140ZTL_C30      1    -     -     0     500  (129.8855,0.0735) 
#---------------------------------------------------------------------------------------------------------------------------------------------------



Path 32: MET (51 ps) Setup Check with Pin pp_fir_3_1_1_Delay_Pipeline_reg_im_reg[0][1]/CK->D
           View: view_wcl_fast
          Group: clk
     Startpoint: (F) In1_im[1]
          Clock: (R) clk
       Endpoint: (F) pp_fir_3_1_1_Delay_Pipeline_reg_im_reg[0][1]/D
          Clock: (R) clk

                     Capture       Launch     
        Clock Edge:+     500            0     
        Drv Adjust:+       0            0     
       Src Latency:+       0            0     
       Net Latency:+     200 (I)      200 (I) 
           Arrival:=     700          200     
                                              
             Setup:-      24                  
       Uncertainty:-     125                  
     Required Time:=     551                  
      Launch Clock:-     200                  
       Input Delay:-     300                  
         Data Path:-       0                  
             Slack:=      51                  

Exceptions/Constraints:
  input_delay             300             tmp_sdc_view_wcl_slo_6_line_565 

#---------------------------------------------------------------------------------------------------------------------------------------------------
#                 Timing Point                   Flags   Arc   Edge            Cell              Fanout Load Trans Delay Arrival      Instance      
#                                                                                                       (fF)  (ps)  (ps)   (ps)       Location      
#---------------------------------------------------------------------------------------------------------------------------------------------------
  In1_im[1]                                      -       -     F     (arrival)                        1  0.8     0     0     500              (-,-) 
  pp_fir_3_1_1_Delay_Pipeline_reg_im_reg[0][1]/D -       -     F     SDFFRPQA_X1M_A9PP140ZTL_C30      1    -     -     0     500  (157.1295,0.0190) 
#---------------------------------------------------------------------------------------------------------------------------------------------------



Path 33: MET (51 ps) Setup Check with Pin pp_fir_3_1_1_Delay_Pipeline_reg_im_reg[0][0]/CK->D
           View: view_wcl_fast
          Group: clk
     Startpoint: (F) In1_im[0]
          Clock: (R) clk
       Endpoint: (F) pp_fir_3_1_1_Delay_Pipeline_reg_im_reg[0][0]/D
          Clock: (R) clk

                     Capture       Launch     
        Clock Edge:+     500            0     
        Drv Adjust:+       0            0     
       Src Latency:+       0            0     
       Net Latency:+     200 (I)      200 (I) 
           Arrival:=     700          200     
                                              
             Setup:-      24                  
       Uncertainty:-     125                  
     Required Time:=     551                  
      Launch Clock:-     200                  
       Input Delay:-     300                  
         Data Path:-       0                  
             Slack:=      51                  

Exceptions/Constraints:
  input_delay             300             tmp_sdc_view_wcl_slo_6_line_566 

#---------------------------------------------------------------------------------------------------------------------------------------------------
#                 Timing Point                   Flags   Arc   Edge            Cell              Fanout Load Trans Delay Arrival      Instance      
#                                                                                                       (fF)  (ps)  (ps)   (ps)       Location      
#---------------------------------------------------------------------------------------------------------------------------------------------------
  In1_im[0]                                      -       -     F     (arrival)                        1  0.8     0     0     500              (-,-) 
  pp_fir_3_1_1_Delay_Pipeline_reg_im_reg[0][0]/D -       -     F     SDFFRPQA_X1M_A9PP140ZTL_C30      1    -     -     0     500  (163.8220,0.0805) 
#---------------------------------------------------------------------------------------------------------------------------------------------------



Path 34: MET (149 ps) Setup Check with Pin pp_fir_3_1_1_sum1_9_im_1_reg[26]/CK->D
           View: view_wcl_fast
          Group: clk
     Startpoint: (R) pp_fir_3_1_1_Delay_Pipeline_reg_im_reg[14][15]/CK
          Clock: (R) clk
       Endpoint: (R) pp_fir_3_1_1_sum1_9_im_1_reg[26]/D
          Clock: (R) clk

                     Capture       Launch     
        Clock Edge:+     500            0     
       Src Latency:+       0            0     
       Net Latency:+     200 (I)      200 (I) 
           Arrival:=     700          200     
                                              
             Setup:-      10                  
       Uncertainty:-     125                  
     Required Time:=     566                  
      Launch Clock:-     200                  
         Data Path:-     217                  
             Slack:=     149                  

#-----------------------------------------------------------------------------------------------------------------------------------------------------------
#                    Timing Point                      Flags    Arc   Edge            Cell              Fanout Load Trans Delay Arrival       Instance      
#                                                                                                              (fF)  (ps)  (ps)   (ps)        Location      
#-----------------------------------------------------------------------------------------------------------------------------------------------------------
  pp_fir_3_1_1_Delay_Pipeline_reg_im_reg[14][15]/CK    -       -      R     (arrival)                     3678    -    25     0     200               (-,-) 
  pp_fir_3_1_1_Delay_Pipeline_reg_im_reg[14][15]/Q     -       CK->Q  R     SDFFRPQA_X1M_A9PP140ZTL_C30      3  5.3    18    28     228  (184.3100,74.0945) 
  pp_fir_3_1_1_csa_tree_ADD_TC_OP_groupi3988_g15315/Y  -       A->Y   F     INV_X2P5M_A9PP140ZTL_C30         2  3.5     8     5     234               (-,-) 
  pp_fir_3_1_1_csa_tree_ADD_TC_OP_groupi3988_g15313/Y  -       A->Y   F     BUF_X6M_A9PP140ZTL_C30           5 10.5     8    12     245               (-,-) 
  pp_fir_3_1_1_csa_tree_ADD_TC_OP_groupi3988_g15090/Y  -       A->Y   F     OR2_X3M_A9PP140ZTL_C30           2  3.7     6    10     255               (-,-) 
  pp_fir_3_1_1_csa_tree_ADD_TC_OP_groupi3988_g15053/Y  -       A->Y   R     NAND2_X3A_A9PP140ZTL_C30         3  5.3    11     7     262               (-,-) 
  pp_fir_3_1_1_csa_tree_ADD_TC_OP_groupi3988_g14849/Y  -       B1N->Y R     AOI22BB_X3M_A9PP140ZTL_C30       2  5.0    15    16     279               (-,-) 
  pp_fir_3_1_1_csa_tree_ADD_TC_OP_groupi3988_g14715/Y  -       B->Y   R     XNOR3_X3M_A9PP140ZTL_C30         2  3.2    11    23     302               (-,-) 
  pp_fir_3_1_1_csa_tree_ADD_TC_OP_groupi3988_g14688/Y  -       A->Y   R     BUFH_X1M_A9PP140ZTL_C30          1  1.8     8    10     312               (-,-) 
  pp_fir_3_1_1_csa_tree_ADD_TC_OP_groupi3988_g14611/CO -       A->CO  R     CGEN_X1P4M_A9PP140ZTL_C30        2  3.8    11    17     329               (-,-) 
  pp_fir_3_1_1_csa_tree_ADD_TC_OP_groupi3988_g14572/Y  -       B->Y   R     XNOR3_X3M_A9PP140ZTL_C30         2  3.5    11    23     352               (-,-) 
  pp_fir_3_1_1_csa_tree_ADD_TC_OP_groupi3988_g14519/Y  -       A->Y   F     INV_X2B_A9PP140ZTL_C30           1  1.7     7     5     357               (-,-) 
  pp_fir_3_1_1_csa_tree_ADD_TC_OP_groupi3988_g14482/Y  -       A->Y   R     NAND2_X2A_A9PP140ZTL_C30         3  4.5    12     8     365               (-,-) 
  pp_fir_3_1_1_csa_tree_ADD_TC_OP_groupi3988_g14460/Y  -       A0->Y  F     OAI21_X3M_A9PP140ZTL_C30         1  3.4    11     8     373               (-,-) 
  pp_fir_3_1_1_csa_tree_ADD_TC_OP_groupi3988_g14452/Y  -       B0->Y  R     AOI21_X6M_A9PP140ZTL_C30         2  5.6    11     8     381               (-,-) 
  pp_fir_3_1_1_csa_tree_ADD_TC_OP_groupi3988_g14445/Y  -       A0->Y  F     OAI21_X4M_A9PP140ZTL_C30         1  4.9    11     8     389               (-,-) 
  pp_fir_3_1_1_csa_tree_ADD_TC_OP_groupi3988_g14441/Y  -       A->Y   R     NOR2_X8A_A9PP140ZTL_C30          4  9.5    10     8     397               (-,-) 
  pp_fir_3_1_1_csa_tree_ADD_TC_OP_groupi3988_g14440/Y  -       A->Y   F     INV_X6M_A9PP140ZTL_C30           3  5.0     5     4     401               (-,-) 
  pp_fir_3_1_1_csa_tree_ADD_TC_OP_groupi3988_g14431/Y  -       A0->Y  R     AOI21_X2M_A9PP140ZTL_C30         1  1.7    12     8     408               (-,-) 
  pp_fir_3_1_1_csa_tree_ADD_TC_OP_groupi3988_g14424/Y  -       S0->Y  R     MXIT2_X1P4M_A9PP140ZTL_C30       1  0.9    10     8     417               (-,-) 
  pp_fir_3_1_1_sum1_9_im_1_reg[26]/D                   -       -      R     SDFFRPQ_X2M_A9PP140ZTL_C30       1    -     -     0     417  (184.6015,93.1140) 
#-----------------------------------------------------------------------------------------------------------------------------------------------------------



Path 35: MET (149 ps) Setup Check with Pin pp_fir_3_1_1_sum1_9_im_1_reg[28]/CK->D
           View: view_wcl_fast
          Group: clk
     Startpoint: (R) pp_fir_3_1_1_Delay_Pipeline_reg_im_reg[14][15]/CK
          Clock: (R) clk
       Endpoint: (R) pp_fir_3_1_1_sum1_9_im_1_reg[28]/D
          Clock: (R) clk

                     Capture       Launch     
        Clock Edge:+     500            0     
       Src Latency:+       0            0     
       Net Latency:+     200 (I)      200 (I) 
           Arrival:=     700          200     
                                              
             Setup:-      10                  
       Uncertainty:-     125                  
     Required Time:=     566                  
      Launch Clock:-     200                  
         Data Path:-     216                  
             Slack:=     149                  

#-----------------------------------------------------------------------------------------------------------------------------------------------------------
#                    Timing Point                      Flags    Arc   Edge            Cell              Fanout Load Trans Delay Arrival       Instance      
#                                                                                                              (fF)  (ps)  (ps)   (ps)        Location      
#-----------------------------------------------------------------------------------------------------------------------------------------------------------
  pp_fir_3_1_1_Delay_Pipeline_reg_im_reg[14][15]/CK    -       -      R     (arrival)                     3678    -    25     0     200               (-,-) 
  pp_fir_3_1_1_Delay_Pipeline_reg_im_reg[14][15]/Q     -       CK->Q  R     SDFFRPQA_X1M_A9PP140ZTL_C30      3  5.3    18    28     228  (184.3100,74.0945) 
  pp_fir_3_1_1_csa_tree_ADD_TC_OP_groupi3988_g15315/Y  -       A->Y   F     INV_X2P5M_A9PP140ZTL_C30         2  3.5     8     5     234               (-,-) 
  pp_fir_3_1_1_csa_tree_ADD_TC_OP_groupi3988_g15313/Y  -       A->Y   F     BUF_X6M_A9PP140ZTL_C30           5 10.5     8    12     245               (-,-) 
  pp_fir_3_1_1_csa_tree_ADD_TC_OP_groupi3988_g15090/Y  -       A->Y   F     OR2_X3M_A9PP140ZTL_C30           2  3.7     6    10     255               (-,-) 
  pp_fir_3_1_1_csa_tree_ADD_TC_OP_groupi3988_g15053/Y  -       A->Y   R     NAND2_X3A_A9PP140ZTL_C30         3  5.3    11     7     262               (-,-) 
  pp_fir_3_1_1_csa_tree_ADD_TC_OP_groupi3988_g14849/Y  -       B1N->Y R     AOI22BB_X3M_A9PP140ZTL_C30       2  5.0    15    16     279               (-,-) 
  pp_fir_3_1_1_csa_tree_ADD_TC_OP_groupi3988_g14715/Y  -       B->Y   R     XNOR3_X3M_A9PP140ZTL_C30         2  3.2    11    23     302               (-,-) 
  pp_fir_3_1_1_csa_tree_ADD_TC_OP_groupi3988_g14688/Y  -       A->Y   R     BUFH_X1M_A9PP140ZTL_C30          1  1.8     8    10     312               (-,-) 
  pp_fir_3_1_1_csa_tree_ADD_TC_OP_groupi3988_g14611/CO -       A->CO  R     CGEN_X1P4M_A9PP140ZTL_C30        2  3.8    11    17     329               (-,-) 
  pp_fir_3_1_1_csa_tree_ADD_TC_OP_groupi3988_g14572/Y  -       B->Y   R     XNOR3_X3M_A9PP140ZTL_C30         2  3.5    11    23     352               (-,-) 
  pp_fir_3_1_1_csa_tree_ADD_TC_OP_groupi3988_g14519/Y  -       A->Y   F     INV_X2B_A9PP140ZTL_C30           1  1.7     7     5     357               (-,-) 
  pp_fir_3_1_1_csa_tree_ADD_TC_OP_groupi3988_g14482/Y  -       A->Y   R     NAND2_X2A_A9PP140ZTL_C30         3  4.5    12     8     365               (-,-) 
  pp_fir_3_1_1_csa_tree_ADD_TC_OP_groupi3988_g14460/Y  -       A0->Y  F     OAI21_X3M_A9PP140ZTL_C30         1  3.4    11     8     373               (-,-) 
  pp_fir_3_1_1_csa_tree_ADD_TC_OP_groupi3988_g14452/Y  -       B0->Y  R     AOI21_X6M_A9PP140ZTL_C30         2  5.6    11     8     381               (-,-) 
  pp_fir_3_1_1_csa_tree_ADD_TC_OP_groupi3988_g14445/Y  -       A0->Y  F     OAI21_X4M_A9PP140ZTL_C30         1  4.9    11     8     389               (-,-) 
  pp_fir_3_1_1_csa_tree_ADD_TC_OP_groupi3988_g14441/Y  -       A->Y   R     NOR2_X8A_A9PP140ZTL_C30          4  9.5    10     8     397               (-,-) 
  pp_fir_3_1_1_csa_tree_ADD_TC_OP_groupi3988_g14440/Y  -       A->Y   F     INV_X6M_A9PP140ZTL_C30           3  5.0     5     4     401               (-,-) 
  pp_fir_3_1_1_csa_tree_ADD_TC_OP_groupi3988_g14429/Y  -       A0->Y  R     AOI21_X2M_A9PP140ZTL_C30         1  1.7    11     8     408               (-,-) 
  pp_fir_3_1_1_csa_tree_ADD_TC_OP_groupi3988_g14422/Y  -       S0->Y  R     MXIT2_X1P4M_A9PP140ZTL_C30       1  0.9    10     8     416               (-,-) 
  pp_fir_3_1_1_sum1_9_im_1_reg[28]/D                   -       -      R     SDFFRPQ_X2M_A9PP140ZTL_C30       1    -     -     0     416  (184.3950,89.3200) 
#-----------------------------------------------------------------------------------------------------------------------------------------------------------



Path 36: MET (149 ps) Setup Check with Pin pp_fir_3_1_1_sum1_9_im_1_reg[29]/CK->D
           View: view_wcl_fast
          Group: clk
     Startpoint: (R) pp_fir_3_1_1_Delay_Pipeline_reg_im_reg[14][15]/CK
          Clock: (R) clk
       Endpoint: (R) pp_fir_3_1_1_sum1_9_im_1_reg[29]/D
          Clock: (R) clk

                     Capture       Launch     
        Clock Edge:+     500            0     
       Src Latency:+       0            0     
       Net Latency:+     200 (I)      200 (I) 
           Arrival:=     700          200     
                                              
             Setup:-      10                  
       Uncertainty:-     125                  
     Required Time:=     566                  
      Launch Clock:-     200                  
         Data Path:-     216                  
             Slack:=     149                  

#-----------------------------------------------------------------------------------------------------------------------------------------------------------
#                    Timing Point                      Flags    Arc   Edge            Cell              Fanout Load Trans Delay Arrival       Instance      
#                                                                                                              (fF)  (ps)  (ps)   (ps)        Location      
#-----------------------------------------------------------------------------------------------------------------------------------------------------------
  pp_fir_3_1_1_Delay_Pipeline_reg_im_reg[14][15]/CK    -       -      R     (arrival)                     3678    -    25     0     200               (-,-) 
  pp_fir_3_1_1_Delay_Pipeline_reg_im_reg[14][15]/Q     -       CK->Q  R     SDFFRPQA_X1M_A9PP140ZTL_C30      3  5.3    18    28     228  (184.3100,74.0945) 
  pp_fir_3_1_1_csa_tree_ADD_TC_OP_groupi3988_g15315/Y  -       A->Y   F     INV_X2P5M_A9PP140ZTL_C30         2  3.5     8     5     234               (-,-) 
  pp_fir_3_1_1_csa_tree_ADD_TC_OP_groupi3988_g15313/Y  -       A->Y   F     BUF_X6M_A9PP140ZTL_C30           5 10.5     8    12     245               (-,-) 
  pp_fir_3_1_1_csa_tree_ADD_TC_OP_groupi3988_g15090/Y  -       A->Y   F     OR2_X3M_A9PP140ZTL_C30           2  3.7     6    10     255               (-,-) 
  pp_fir_3_1_1_csa_tree_ADD_TC_OP_groupi3988_g15053/Y  -       A->Y   R     NAND2_X3A_A9PP140ZTL_C30         3  5.3    11     7     262               (-,-) 
  pp_fir_3_1_1_csa_tree_ADD_TC_OP_groupi3988_g14849/Y  -       B1N->Y R     AOI22BB_X3M_A9PP140ZTL_C30       2  5.0    15    16     279               (-,-) 
  pp_fir_3_1_1_csa_tree_ADD_TC_OP_groupi3988_g14715/Y  -       B->Y   R     XNOR3_X3M_A9PP140ZTL_C30         2  3.2    11    23     302               (-,-) 
  pp_fir_3_1_1_csa_tree_ADD_TC_OP_groupi3988_g14688/Y  -       A->Y   R     BUFH_X1M_A9PP140ZTL_C30          1  1.8     8    10     312               (-,-) 
  pp_fir_3_1_1_csa_tree_ADD_TC_OP_groupi3988_g14611/CO -       A->CO  R     CGEN_X1P4M_A9PP140ZTL_C30        2  3.8    11    17     329               (-,-) 
  pp_fir_3_1_1_csa_tree_ADD_TC_OP_groupi3988_g14561/CO -       A->CO  R     CGEN_X2M_A9PP140ZTL_C30          2  4.6    11    18     347               (-,-) 
  pp_fir_3_1_1_csa_tree_ADD_TC_OP_groupi3988_g14511/Y  -       B->Y   F     NOR2_X4A_A9PP140ZTL_C30          3  4.5     9     7     354               (-,-) 
  pp_fir_3_1_1_csa_tree_ADD_TC_OP_groupi3988_g14466/Y  -       BN->Y  F     NAND2XB_X4M_A9PP140ZTL_C30       2  4.2     9    14     368               (-,-) 
  pp_fir_3_1_1_csa_tree_ADD_TC_OP_groupi3988_g14465/Y  -       A->Y   R     INV_X2P5M_A9PP140ZTL_C30         1  4.0     8     6     374               (-,-) 
  pp_fir_3_1_1_csa_tree_ADD_TC_OP_groupi3988_g14452/Y  -       A0->Y  F     AOI21_X6M_A9PP140ZTL_C30         2  5.5    11     7     381               (-,-) 
  pp_fir_3_1_1_csa_tree_ADD_TC_OP_groupi3988_g14445/Y  -       A0->Y  R     OAI21_X4M_A9PP140ZTL_C30         1  5.2    13    10     391               (-,-) 
  pp_fir_3_1_1_csa_tree_ADD_TC_OP_groupi3988_g14441/Y  -       A->Y   F     NOR2_X8A_A9PP140ZTL_C30          4  9.1     9     6     397               (-,-) 
  pp_fir_3_1_1_csa_tree_ADD_TC_OP_groupi3988_g14433/Y  -       A0->Y  R     OAI21_X2M_A9PP140ZTL_C30         2  3.2    14    10     408               (-,-) 
  pp_fir_3_1_1_csa_tree_ADD_TC_OP_groupi3988_g14427/Y  -       S0->Y  R     MXIT2_X1P4M_A9PP140ZTL_C30       1  0.9    10     9     416               (-,-) 
  pp_fir_3_1_1_sum1_9_im_1_reg[29]/D                   -       -      R     SDFFRPQ_X2M_A9PP140ZTL_C30       1    -     -     0     416  (187.0305,88.7205) 
#-----------------------------------------------------------------------------------------------------------------------------------------------------------



Path 37: MET (149 ps) Setup Check with Pin pp_fir_3_1_1_sum1_9_re_1_reg[26]/CK->D
           View: view_wcl_fast
          Group: clk
     Startpoint: (R) pp_fir_3_1_1_Delay_Pipeline_reg_re_reg[14][6]/CK
          Clock: (R) clk
       Endpoint: (R) pp_fir_3_1_1_sum1_9_re_1_reg[26]/D
          Clock: (R) clk

                     Capture       Launch     
        Clock Edge:+     500            0     
       Src Latency:+       0            0     
       Net Latency:+     200 (I)      200 (I) 
           Arrival:=     700          200     
                                              
             Setup:-      10                  
       Uncertainty:-     125                  
     Required Time:=     566                  
      Launch Clock:-     200                  
         Data Path:-     216                  
             Slack:=     149                  

#--------------------------------------------------------------------------------------------------------------------------------------------------------------
#                     Timing Point                       Flags    Arc   Edge             Cell               Fanout Load Trans Delay Arrival      Instance      
#                                                                                                                  (fF)  (ps)  (ps)   (ps)       Location      
#--------------------------------------------------------------------------------------------------------------------------------------------------------------
  pp_fir_3_1_1_Delay_Pipeline_reg_re_reg[14][6]/CK       -       -      R     (arrival)                       3678    -    25     0     200              (-,-) 
  pp_fir_3_1_1_Delay_Pipeline_reg_re_reg[14][6]/Q        -       CK->Q  R     SDFFRPQA_X1M_A9PP140ZTL_C30        3  5.7    19    29     229  (79.5840,71.6435) 
  pp_fir_3_1_1_csa_tree_ADD_TC_OP_groupi3989_fopt15444/Y -       A->Y   R     BUF_X6M_A9PP140ZTL_C30             4  9.5     8    12     241              (-,-) 
  pp_fir_3_1_1_csa_tree_ADD_TC_OP_groupi3989_fopt15443/Y -       A->Y   F     INV_X6M_A9PP140ZTL_C30             3  5.3     5     4     245              (-,-) 
  pp_fir_3_1_1_csa_tree_ADD_TC_OP_groupi3989_fopt15442/Y -       A->Y   F     BUF_X4M_A9PP140ZTL_C30_XGCAP4      3  6.0     7    10     255              (-,-) 
  pp_fir_3_1_1_csa_tree_ADD_TC_OP_groupi3989_g14897/Y    -       A1->Y  R     OAI21_X2M_A9PP140ZTL_C30           1  2.2    11     9     264              (-,-) 
  pp_fir_3_1_1_csa_tree_ADD_TC_OP_groupi3989_g14764/CO   -       CI->CO R     ADDF_X1P4M_A9PP140ZTL_C30          2  3.2    11    19     284              (-,-) 
  pp_fir_3_1_1_csa_tree_ADD_TC_OP_groupi3989_g14714/Y    -       B->Y   R     XOR3_X3M_A9PP140ZTL_C30            1  2.9    11    22     306              (-,-) 
  pp_fir_3_1_1_csa_tree_ADD_TC_OP_groupi3989_g14622/CO   -       B->CO  R     ADDF_X1P4M_A9PP140ZTL_C30          2  3.4    12    20     326              (-,-) 
  pp_fir_3_1_1_csa_tree_ADD_TC_OP_groupi3989_g14608/Y    -       S0->Y  R     MXIT2_X1P4M_A9PP140ZTL_C30         1  3.7    18    12     338              (-,-) 
  pp_fir_3_1_1_csa_tree_ADD_TC_OP_groupi3989_g14589/Y    -       A->Y   R     XOR2_X4M_A9PP140ZTL_C30            2  3.8    13     9     347              (-,-) 
  pp_fir_3_1_1_csa_tree_ADD_TC_OP_groupi3989_g14551/Y    -       A->Y   F     NAND2_X3A_A9PP140ZTL_C30           3  4.7    12     8     355              (-,-) 
  pp_fir_3_1_1_csa_tree_ADD_TC_OP_groupi3989_g14513/Y    -       A1->Y  R     AOI21_X2M_A9PP140ZTL_C30           1  2.5    12    11     366              (-,-) 
  pp_fir_3_1_1_csa_tree_ADD_TC_OP_groupi3989_g14490/Y    -       B0->Y  F     OAI21_X4M_A9PP140ZTL_C30           1  2.9     9     7     372              (-,-) 
  pp_fir_3_1_1_csa_tree_ADD_TC_OP_groupi3989_g14476/Y    -       B0N->Y R     OA21B_X4M_A9PP140ZTL_C30           3  6.8    12     9     381              (-,-) 
  pp_fir_3_1_1_csa_tree_ADD_TC_OP_groupi3989_g14451/Y    -       B->Y   F     NOR2_X4A_A9PP140ZTL_C30            1  5.4    10     7     388              (-,-) 
  pp_fir_3_1_1_csa_tree_ADD_TC_OP_groupi3989_g14441/Y    -       B->Y   R     NOR2_X8A_A9PP140ZTL_C30            4  9.2    10     8     397              (-,-) 
  pp_fir_3_1_1_csa_tree_ADD_TC_OP_groupi3989_g14440/Y    -       A->Y   F     INV_X6M_A9PP140ZTL_C30             3  5.0     5     4     400              (-,-) 
  pp_fir_3_1_1_csa_tree_ADD_TC_OP_groupi3989_g14431/Y    -       A0->Y  R     AOI21_X2M_A9PP140ZTL_C30           1  1.7    12     8     408              (-,-) 
  pp_fir_3_1_1_csa_tree_ADD_TC_OP_groupi3989_g14424/Y    -       S0->Y  R     MXIT2_X1P4M_A9PP140ZTL_C30         1  0.9    10     8     416              (-,-) 
  pp_fir_3_1_1_sum1_9_re_1_reg[26]/D                     -       -      R     SDFFRPQ_X2M_A9PP140ZTL_C30         1    -     -     0     416  (97.9815,98.1280) 
#--------------------------------------------------------------------------------------------------------------------------------------------------------------



Path 38: MET (150 ps) Setup Check with Pin pp_fir_3_1_1_sum1_9_re_1_reg[28]/CK->D
           View: view_wcl_fast
          Group: clk
     Startpoint: (R) pp_fir_3_1_1_Delay_Pipeline_reg_re_reg[14][6]/CK
          Clock: (R) clk
       Endpoint: (R) pp_fir_3_1_1_sum1_9_re_1_reg[28]/D
          Clock: (R) clk

                     Capture       Launch     
        Clock Edge:+     500            0     
       Src Latency:+       0            0     
       Net Latency:+     200 (I)      200 (I) 
           Arrival:=     700          200     
                                              
             Setup:-      10                  
       Uncertainty:-     125                  
     Required Time:=     566                  
      Launch Clock:-     200                  
         Data Path:-     216                  
             Slack:=     150                  

#--------------------------------------------------------------------------------------------------------------------------------------------------------------
#                     Timing Point                       Flags    Arc   Edge             Cell               Fanout Load Trans Delay Arrival      Instance      
#                                                                                                                  (fF)  (ps)  (ps)   (ps)       Location      
#--------------------------------------------------------------------------------------------------------------------------------------------------------------
  pp_fir_3_1_1_Delay_Pipeline_reg_re_reg[14][6]/CK       -       -      R     (arrival)                       3678    -    25     0     200              (-,-) 
  pp_fir_3_1_1_Delay_Pipeline_reg_re_reg[14][6]/Q        -       CK->Q  R     SDFFRPQA_X1M_A9PP140ZTL_C30        3  5.7    19    29     229  (79.5840,71.6435) 
  pp_fir_3_1_1_csa_tree_ADD_TC_OP_groupi3989_fopt15444/Y -       A->Y   R     BUF_X6M_A9PP140ZTL_C30             4  9.5     8    12     241              (-,-) 
  pp_fir_3_1_1_csa_tree_ADD_TC_OP_groupi3989_fopt15443/Y -       A->Y   F     INV_X6M_A9PP140ZTL_C30             3  5.3     5     4     245              (-,-) 
  pp_fir_3_1_1_csa_tree_ADD_TC_OP_groupi3989_fopt15442/Y -       A->Y   F     BUF_X4M_A9PP140ZTL_C30_XGCAP4      3  6.0     7    10     255              (-,-) 
  pp_fir_3_1_1_csa_tree_ADD_TC_OP_groupi3989_g14897/Y    -       A1->Y  R     OAI21_X2M_A9PP140ZTL_C30           1  2.2    11     9     264              (-,-) 
  pp_fir_3_1_1_csa_tree_ADD_TC_OP_groupi3989_g14764/CO   -       CI->CO R     ADDF_X1P4M_A9PP140ZTL_C30          2  3.2    11    19     284              (-,-) 
  pp_fir_3_1_1_csa_tree_ADD_TC_OP_groupi3989_g14714/Y    -       B->Y   R     XOR3_X3M_A9PP140ZTL_C30            1  2.9    11    22     306              (-,-) 
  pp_fir_3_1_1_csa_tree_ADD_TC_OP_groupi3989_g14622/CO   -       B->CO  R     ADDF_X1P4M_A9PP140ZTL_C30          2  3.4    12    20     326              (-,-) 
  pp_fir_3_1_1_csa_tree_ADD_TC_OP_groupi3989_g14608/Y    -       S0->Y  R     MXIT2_X1P4M_A9PP140ZTL_C30         1  3.7    18    12     338              (-,-) 
  pp_fir_3_1_1_csa_tree_ADD_TC_OP_groupi3989_g14589/Y    -       A->Y   R     XOR2_X4M_A9PP140ZTL_C30            2  3.8    13     9     347              (-,-) 
  pp_fir_3_1_1_csa_tree_ADD_TC_OP_groupi3989_g14551/Y    -       A->Y   F     NAND2_X3A_A9PP140ZTL_C30           3  4.7    12     8     355              (-,-) 
  pp_fir_3_1_1_csa_tree_ADD_TC_OP_groupi3989_g14513/Y    -       A1->Y  R     AOI21_X2M_A9PP140ZTL_C30           1  2.5    12    11     366              (-,-) 
  pp_fir_3_1_1_csa_tree_ADD_TC_OP_groupi3989_g14490/Y    -       B0->Y  F     OAI21_X4M_A9PP140ZTL_C30           1  2.9     9     7     372              (-,-) 
  pp_fir_3_1_1_csa_tree_ADD_TC_OP_groupi3989_g14476/Y    -       B0N->Y R     OA21B_X4M_A9PP140ZTL_C30           3  6.8    12     9     381              (-,-) 
  pp_fir_3_1_1_csa_tree_ADD_TC_OP_groupi3989_g14451/Y    -       B->Y   F     NOR2_X4A_A9PP140ZTL_C30            1  5.4    10     7     388              (-,-) 
  pp_fir_3_1_1_csa_tree_ADD_TC_OP_groupi3989_g14441/Y    -       B->Y   R     NOR2_X8A_A9PP140ZTL_C30            4  9.2    10     8     397              (-,-) 
  pp_fir_3_1_1_csa_tree_ADD_TC_OP_groupi3989_g14440/Y    -       A->Y   F     INV_X6M_A9PP140ZTL_C30             3  5.0     5     4     400              (-,-) 
  pp_fir_3_1_1_csa_tree_ADD_TC_OP_groupi3989_g14429/Y    -       A0->Y  R     AOI21_X2M_A9PP140ZTL_C30           1  1.7    11     8     408              (-,-) 
  pp_fir_3_1_1_csa_tree_ADD_TC_OP_groupi3989_g14422/Y    -       S0->Y  R     MXIT2_X1P4M_A9PP140ZTL_C30         1  0.9    10     8     416              (-,-) 
  pp_fir_3_1_1_sum1_9_re_1_reg[28]/D                     -       -      R     SDFFRPQ_X2M_A9PP140ZTL_C30         1    -     -     0     416  (99.2590,95.9605) 
#--------------------------------------------------------------------------------------------------------------------------------------------------------------



Path 39: MET (150 ps) Setup Check with Pin pp_fir_3_1_1_sum1_10_re_1_reg[25]/CK->D
           View: view_wcl_fast
          Group: clk
     Startpoint: (R) pp_fir_3_1_1_Delay_Pipeline_reg_re_reg[13][10]/CK
          Clock: (R) clk
       Endpoint: (R) pp_fir_3_1_1_sum1_10_re_1_reg[25]/D
          Clock: (R) clk

                     Capture       Launch     
        Clock Edge:+     500            0     
       Src Latency:+       0            0     
       Net Latency:+     200 (I)      200 (I) 
           Arrival:=     700          200     
                                              
             Setup:-      10                  
       Uncertainty:-     125                  
     Required Time:=     566                  
      Launch Clock:-     200                  
         Data Path:-     215                  
             Slack:=     150                  

#---------------------------------------------------------------------------------------------------------------------------------------------------------
#                    Timing Point                     Flags   Arc   Edge            Cell              Fanout Load Trans Delay Arrival       Instance      
#                                                                                                            (fF)  (ps)  (ps)   (ps)        Location      
#---------------------------------------------------------------------------------------------------------------------------------------------------------
  pp_fir_3_1_1_Delay_Pipeline_reg_re_reg[13][10]/CK   -       -     R     (arrival)                     3678    -    25     0     200               (-,-) 
  pp_fir_3_1_1_Delay_Pipeline_reg_re_reg[13][10]/Q    -       CK->Q R     SDFFRPQA_X1M_A9PP140ZTL_C30      7 11.9    37    39     239   (96.6505,54.2275) 
  pp_fir_3_1_1_csa_tree_ADD_TC_OP_groupi3987_g13355/Y -       A->Y  F     INV_X1P4M_A9PP140ZTL_C30         2  3.8    14     8     247               (-,-) 
  pp_fir_3_1_1_csa_tree_ADD_TC_OP_groupi3987_g13354/Y -       A->Y  R     INV_X3B_A9PP140ZTL_C30           5  7.3    12     9     256               (-,-) 
  pp_fir_3_1_1_csa_tree_ADD_TC_OP_groupi3987_g13291/Y -       A0->Y R     OA21B_X3M_A9PP140ZTL_C30         2  4.6    13    13     269               (-,-) 
  pp_fir_3_1_1_csa_tree_ADD_TC_OP_groupi3987_g13040/S -       A->S  F     ADDF_X1P4M_A9PP140ZTL_C30        3  3.8    13    28     297               (-,-) 
  pp_fir_3_1_1_csa_tree_ADD_TC_OP_groupi3987_g12990/Y -       B->Y  R     NAND2_X1M_A9PP140ZTL_C30         1  1.8    14    12     308               (-,-) 
  pp_fir_3_1_1_csa_tree_ADD_TC_OP_groupi3987_g12936/Y -       A1->Y F     AOI22BB_X2M_A9PP140ZTL_C30       2  3.8    14    10     319               (-,-) 
  pp_fir_3_1_1_csa_tree_ADD_TC_OP_groupi3987_g12877/Y -       B->Y  F     XNOR3_X3M_A9PP140ZTL_C30         2  3.1    10    25     344               (-,-) 
  pp_fir_3_1_1_csa_tree_ADD_TC_OP_groupi3987_g12843/Y -       A->Y  R     NOR2_X2A_A9PP140ZTL_C30          3  4.3    15    10     354               (-,-) 
  pp_fir_3_1_1_csa_tree_ADD_TC_OP_groupi3987_g12798/Y -       B->Y  F     NOR2_X2A_A9PP140ZTL_C30          2  3.9    12     9     363               (-,-) 
  pp_fir_3_1_1_csa_tree_ADD_TC_OP_groupi3987_g12793/Y -       A->Y  R     INV_X1P7M_A9PP140ZTL_C30         1  2.8     8     7     370               (-,-) 
  pp_fir_3_1_1_csa_tree_ADD_TC_OP_groupi3987_g12786/Y -       B->Y  F     NOR2_X4A_A9PP140ZTL_C30          1  2.8     7     5     375               (-,-) 
  pp_fir_3_1_1_csa_tree_ADD_TC_OP_groupi3987_g12771/Y -       B->Y  R     NAND2_X4M_A9PP140ZTL_C30         2  4.4     9     8     383               (-,-) 
  pp_fir_3_1_1_csa_tree_ADD_TC_OP_groupi3987_g12765/Y -       B0->Y R     OA1B2_X4M_A9PP140ZTL_C30         2  6.0    12    13     395               (-,-) 
  pp_fir_3_1_1_csa_tree_ADD_TC_OP_groupi3987_g12764/Y -       A->Y  F     INV_X6M_A9PP140ZTL_C30           3  5.7     6     4     399               (-,-) 
  pp_fir_3_1_1_csa_tree_ADD_TC_OP_groupi3987_g12753/Y -       A0->Y R     AOI21_X2M_A9PP140ZTL_C30         1  1.7    13     8     407               (-,-) 
  pp_fir_3_1_1_csa_tree_ADD_TC_OP_groupi3987_g12745/Y -       S0->Y R     MXIT2_X1P4M_A9PP140ZTL_C30       1  0.9    10     8     415               (-,-) 
  pp_fir_3_1_1_sum1_10_re_1_reg[25]/D                 -       -     R     SDFFRPQ_X2M_A9PP140ZTL_C30       1    -     -     0     415  (105.6615,82.9060) 
#---------------------------------------------------------------------------------------------------------------------------------------------------------



Path 40: MET (150 ps) Setup Check with Pin pp_fir_3_1_1_sum1_8_re_1_reg[21]/CK->D
           View: view_wcl_fast
          Group: clk
     Startpoint: (R) pp_fir_3_1_1_Delay_Pipeline_reg_re_reg[17][0]/CK
          Clock: (R) clk
       Endpoint: (R) pp_fir_3_1_1_sum1_8_re_1_reg[21]/D
          Clock: (R) clk

                     Capture       Launch     
        Clock Edge:+     500            0     
       Src Latency:+       0            0     
       Net Latency:+     200 (I)      200 (I) 
           Arrival:=     700          200     
                                              
             Setup:-      10                  
       Uncertainty:-     125                  
     Required Time:=     566                  
      Launch Clock:-     200                  
         Data Path:-     215                  
             Slack:=     150                  

#-----------------------------------------------------------------------------------------------------------------------------------------------------------
#                     Timing Point                      Flags    Arc   Edge            Cell              Fanout Load Trans Delay Arrival      Instance      
#                                                                                                               (fF)  (ps)  (ps)   (ps)       Location      
#-----------------------------------------------------------------------------------------------------------------------------------------------------------
  pp_fir_3_1_1_Delay_Pipeline_reg_re_reg[17][0]/CK      -       -      R     (arrival)                     3678    -    25     0     200              (-,-) 
  pp_fir_3_1_1_Delay_Pipeline_reg_re_reg[17][0]/Q       -       CK->Q  R     SDFFRPQA_X1M_A9PP140ZTL_C30      3  4.5    16    27     227  (44.5050,86.0980) 
  pp_fir_3_1_1_csa_tree_ADD_TC_OP_groupi3991_g6359/Y    -       A->Y   F     INV_X3M_A9PP140ZTL_C30           3  5.3     9     6     233              (-,-) 
  pp_fir_3_1_1_csa_tree_ADD_TC_OP_groupi3991_g6356/Y    -       A->Y   R     INV_X3M_A9PP140ZTL_C30           3  4.4     8     6     240              (-,-) 
  pp_fir_3_1_1_csa_tree_ADD_TC_OP_groupi3991_g6052/Y    -       C->Y   R     XNOR3_X3M_A9PP140ZTL_C30         1  2.2    10    24     264              (-,-) 
  pp_fir_3_1_1_csa_tree_ADD_TC_OP_groupi3991_g5842/CO   -       CI->CO R     ADDF_X2M_A9PP140ZTL_C30          1  2.9    10    18     282              (-,-) 
  pp_fir_3_1_1_csa_tree_ADD_TC_OP_groupi3991_g5784/CO   -       B->CO  R     ADDF_X2M_A9PP140ZTL_C30          1  2.2     9    18     300              (-,-) 
  pp_fir_3_1_1_csa_tree_ADD_TC_OP_groupi3991_g5750/CO   -       CI->CO R     ADDF_X1P4M_A9PP140ZTL_C30        3  4.7    14    20     320              (-,-) 
  pp_fir_3_1_1_csa_tree_ADD_TC_OP_groupi3991_g5696/Y    -       B->Y   F     XOR3_X4M_A9PP140ZTL_C30          2  4.0     8    26     346              (-,-) 
  pp_fir_3_1_1_csa_tree_ADD_TC_OP_groupi3991_g5667/Y    -       A->Y   R     NAND2_X2B_A9PP140ZTL_C30         2  3.7    10     7     353              (-,-) 
  pp_fir_3_1_1_csa_tree_ADD_TC_OP_groupi3991_g5622/Y    -       A1->Y  F     OAI21_X3M_A9PP140ZTL_C30         1  2.0     9     7     360              (-,-) 
  pp_fir_3_1_1_csa_tree_ADD_TC_OP_groupi3991_g5608/Y    -       B0->Y  R     AOI21_X3M_A9PP140ZTL_C30         1  2.5    10     8     368              (-,-) 
  pp_fir_3_1_1_csa_tree_ADD_TC_OP_groupi3991_g5600/Y    -       B0->Y  F     OAI21_X4M_A9PP140ZTL_C30         2  4.3    11     7     376              (-,-) 
  pp_fir_3_1_1_csa_tree_ADD_TC_OP_groupi3991_fopt6623/Y -       A->Y   R     INV_X3P5M_A9PP140ZTL_C30         2  4.3     7     6     382              (-,-) 
  pp_fir_3_1_1_csa_tree_ADD_TC_OP_groupi3991_g5591/Y    -       A0->Y  F     OAI21B_X3M_A9PP140ZTL_C30        2  3.8    12     8     390              (-,-) 
  pp_fir_3_1_1_csa_tree_ADD_TC_OP_groupi3991_fopt6564/Y -       A->Y   F     BUF_X4M_A9PP140ZTL_C30           2  4.6     6    11     401              (-,-) 
  pp_fir_3_1_1_csa_tree_ADD_TC_OP_groupi3991_g5583/Y    -       A0->Y  R     AOI21_X4M_A9PP140ZTL_C30         1  1.7     8     6     408              (-,-) 
  pp_fir_3_1_1_csa_tree_ADD_TC_OP_groupi3991_g5576/Y    -       S0->Y  R     MXIT2_X1P4M_A9PP140ZTL_C30       1  0.9    10     8     415              (-,-) 
  pp_fir_3_1_1_sum1_8_re_1_reg[21]/D                    -       -      R     SDFFRPQ_X2M_A9PP140ZTL_C30       1    -     -     0     415   (0.0315,73.6875) 
#-----------------------------------------------------------------------------------------------------------------------------------------------------------



Path 41: MET (150 ps) Setup Check with Pin pp_fir_3_1_1_sum1_8_im_1_reg[27]/CK->D
           View: view_wcl_fast
          Group: clk
     Startpoint: (R) pp_fir_3_1_1_Delay_Pipeline_reg_im_reg[16][5]/CK
          Clock: (R) clk
       Endpoint: (R) pp_fir_3_1_1_sum1_8_im_1_reg[27]/D
          Clock: (R) clk

                     Capture       Launch     
        Clock Edge:+     500            0     
       Src Latency:+       0            0     
       Net Latency:+     200 (I)      200 (I) 
           Arrival:=     700          200     
                                              
             Setup:-      10                  
       Uncertainty:-     125                  
     Required Time:=     566                  
      Launch Clock:-     200                  
         Data Path:-     215                  
             Slack:=     150                  

#------------------------------------------------------------------------------------------------------------------------------------------------------------
#                    Timing Point                     Flags    Arc   Edge             Cell               Fanout Load Trans Delay Arrival       Instance      
#                                                                                                               (fF)  (ps)  (ps)   (ps)        Location      
#------------------------------------------------------------------------------------------------------------------------------------------------------------
  pp_fir_3_1_1_Delay_Pipeline_reg_im_reg[16][5]/CK    -       -      R     (arrival)                       3678    -    25     0     200               (-,-) 
  pp_fir_3_1_1_Delay_Pipeline_reg_im_reg[16][5]/Q     -       CK->Q  R     DFFRPQA_X1M_A9PP140ZTL_C30         2  4.2    15    26     226  (149.5640,69.7140) 
  pp_fir_3_1_1_csa_tree_ADD_TC_OP_groupi3990_fopt9/Y  -       A->Y   F     INV_X4M_A9PP140ZTL_C30_XGCAP4      4  9.3    10     7     234               (-,-) 
  pp_fir_3_1_1_csa_tree_ADD_TC_OP_groupi3990_fopt8/Y  -       A->Y   R     INV_X4M_A9PP140ZTL_C30             4  6.6     8     7     240               (-,-) 
  pp_fir_3_1_1_csa_tree_ADD_TC_OP_groupi3990_fopt7/Y  -       A->Y   R     BUF_X5M_A9PP140ZTL_C30             4  7.5     7    10     251               (-,-) 
  pp_fir_3_1_1_csa_tree_ADD_TC_OP_groupi3990_g6052/Y  -       A->Y   F     XNOR3_X3M_A9PP140ZTL_C30           1  2.2     9    13     263               (-,-) 
  pp_fir_3_1_1_csa_tree_ADD_TC_OP_groupi3990_g5842/CO -       CI->CO F     ADDF_X2M_A9PP140ZTL_C30            1  2.9     9    18     281               (-,-) 
  pp_fir_3_1_1_csa_tree_ADD_TC_OP_groupi3990_g5784/CO -       B->CO  F     ADDF_X1P4M_A9PP140ZTL_C30          1  2.2     8    18     299               (-,-) 
  pp_fir_3_1_1_csa_tree_ADD_TC_OP_groupi3990_g5750/S  -       CI->S  R     ADDF_X2M_A9PP140ZTL_C30            2  2.7    12    28     327               (-,-) 
  pp_fir_3_1_1_csa_tree_ADD_TC_OP_groupi3990_g5734/CO -       CI->CO R     CGEN_X2M_A9PP140ZTL_C30            2  4.4    11    18     345               (-,-) 
  pp_fir_3_1_1_csa_tree_ADD_TC_OP_groupi3990_g5667/Y  -       B->Y   F     NAND2_X2B_A9PP140ZTL_C30           3  3.6    12     8     353               (-,-) 
  pp_fir_3_1_1_csa_tree_ADD_TC_OP_groupi3990_g5622/Y  -       A0->Y  R     OAI21_X2M_A9PP140ZTL_C30           1  1.5    11     9     362               (-,-) 
  pp_fir_3_1_1_csa_tree_ADD_TC_OP_groupi3990_g5608/Y  -       B0->Y  F     AOI21_X2M_A9PP140ZTL_C30           1  2.7    12     7     369               (-,-) 
  pp_fir_3_1_1_csa_tree_ADD_TC_OP_groupi3990_g5600/Y  -       B0->Y  R     OAI21_X4M_A9PP140ZTL_C30           3  5.0    12     8     377               (-,-) 
  pp_fir_3_1_1_csa_tree_ADD_TC_OP_groupi3990_g5582/Y  -       A1->Y  R     AO21B_X3M_A9PP140ZTL_C30           2  3.7     9    13     390               (-,-) 
  pp_fir_3_1_1_csa_tree_ADD_TC_OP_groupi3990_g5571/Y  -       A0->Y  F     AOI21_X3M_A9PP140ZTL_C30           2  3.9    14     9     399               (-,-) 
  pp_fir_3_1_1_csa_tree_ADD_TC_OP_groupi3990_g5564/Y  -       A0->Y  R     OAI21_X3M_A9PP140ZTL_C30           1  1.7    12     8     407               (-,-) 
  pp_fir_3_1_1_csa_tree_ADD_TC_OP_groupi3990_g5563/Y  -       S0->Y  R     MXIT2_X1P4M_A9PP140ZTL_C30         1  0.9    10     8     415               (-,-) 
  pp_fir_3_1_1_sum1_8_im_1_reg[27]/D                  -       -      R     SDFFRPQ_X2M_A9PP140ZTL_C30         1    -     -     0     415  (107.3085,95.6595) 
#------------------------------------------------------------------------------------------------------------------------------------------------------------



Path 42: MET (151 ps) Setup Check with Pin pp_fir_3_1_1_sum1_8_re_1_reg[29]/CK->D
           View: view_wcl_fast
          Group: clk
     Startpoint: (R) pp_fir_3_1_1_Delay_Pipeline_reg_re_reg[17][0]/CK
          Clock: (R) clk
       Endpoint: (R) pp_fir_3_1_1_sum1_8_re_1_reg[29]/D
          Clock: (R) clk

                     Capture       Launch     
        Clock Edge:+     500            0     
       Src Latency:+       0            0     
       Net Latency:+     200 (I)      200 (I) 
           Arrival:=     700          200     
                                              
             Setup:-      10                  
       Uncertainty:-     125                  
     Required Time:=     566                  
      Launch Clock:-     200                  
         Data Path:-     215                  
             Slack:=     151                  

#---------------------------------------------------------------------------------------------------------------------------------------------------------
#                    Timing Point                     Flags    Arc   Edge            Cell              Fanout Load Trans Delay Arrival      Instance      
#                                                                                                             (fF)  (ps)  (ps)   (ps)       Location      
#---------------------------------------------------------------------------------------------------------------------------------------------------------
  pp_fir_3_1_1_Delay_Pipeline_reg_re_reg[17][0]/CK    -       -      R     (arrival)                     3678    -    25     0     200              (-,-) 
  pp_fir_3_1_1_Delay_Pipeline_reg_re_reg[17][0]/Q     -       CK->Q  R     SDFFRPQA_X1M_A9PP140ZTL_C30      3  4.5    16    27     227  (44.5050,86.0980) 
  pp_fir_3_1_1_csa_tree_ADD_TC_OP_groupi3991_g6359/Y  -       A->Y   F     INV_X3M_A9PP140ZTL_C30           3  5.3     9     6     233              (-,-) 
  pp_fir_3_1_1_csa_tree_ADD_TC_OP_groupi3991_g6356/Y  -       A->Y   R     INV_X3M_A9PP140ZTL_C30           3  4.4     8     6     240              (-,-) 
  pp_fir_3_1_1_csa_tree_ADD_TC_OP_groupi3991_g6052/Y  -       C->Y   R     XNOR3_X3M_A9PP140ZTL_C30         1  2.2    10    24     264              (-,-) 
  pp_fir_3_1_1_csa_tree_ADD_TC_OP_groupi3991_g5842/CO -       CI->CO R     ADDF_X2M_A9PP140ZTL_C30          1  2.9    10    18     282              (-,-) 
  pp_fir_3_1_1_csa_tree_ADD_TC_OP_groupi3991_g5784/CO -       B->CO  R     ADDF_X2M_A9PP140ZTL_C30          1  2.2     9    18     300              (-,-) 
  pp_fir_3_1_1_csa_tree_ADD_TC_OP_groupi3991_g5750/CO -       CI->CO R     ADDF_X1P4M_A9PP140ZTL_C30        3  4.7    14    20     320              (-,-) 
  pp_fir_3_1_1_csa_tree_ADD_TC_OP_groupi3991_g5696/Y  -       B->Y   F     XOR3_X4M_A9PP140ZTL_C30          2  4.0     8    26     346              (-,-) 
  pp_fir_3_1_1_csa_tree_ADD_TC_OP_groupi3991_g5667/Y  -       A->Y   R     NAND2_X2B_A9PP140ZTL_C30         2  3.7    10     7     353              (-,-) 
  pp_fir_3_1_1_csa_tree_ADD_TC_OP_groupi3991_g5622/Y  -       A1->Y  F     OAI21_X3M_A9PP140ZTL_C30         1  2.0     9     7     360              (-,-) 
  pp_fir_3_1_1_csa_tree_ADD_TC_OP_groupi3991_g5608/Y  -       B0->Y  R     AOI21_X3M_A9PP140ZTL_C30         1  2.5    10     8     368              (-,-) 
  pp_fir_3_1_1_csa_tree_ADD_TC_OP_groupi3991_g5600/Y  -       B0->Y  F     OAI21_X4M_A9PP140ZTL_C30         2  4.3    11     7     376              (-,-) 
  pp_fir_3_1_1_csa_tree_ADD_TC_OP_groupi3991_g5582/Y  -       A1->Y  F     AO21B_X3M_A9PP140ZTL_C30         2  4.0    10    14     390              (-,-) 
  pp_fir_3_1_1_csa_tree_ADD_TC_OP_groupi3991_g5581/Y  -       A->Y   R     INV_X2M_A9PP140ZTL_C30           3  4.2    10     8     397              (-,-) 
  pp_fir_3_1_1_csa_tree_ADD_TC_OP_groupi3991_g5570/Y  -       A0->Y  F     OAI21_X2M_A9PP140ZTL_C30         2  2.7    12     8     406              (-,-) 
  pp_fir_3_1_1_csa_tree_ADD_TC_OP_groupi3991_g5568/Y  -       A0->Y  R     AOI2XB1_X1M_A9PP140ZTL_C30       1  0.9    11     9     415              (-,-) 
  pp_fir_3_1_1_sum1_8_re_1_reg[29]/D                  -       -      R     SDFFRPQ_X2M_A9PP140ZTL_C30       1    -     -     0     415   (7.6570,91.1675) 
#---------------------------------------------------------------------------------------------------------------------------------------------------------



Path 43: MET (151 ps) Setup Check with Pin pp_fir_3_1_1_sum1_8_re_1_reg[27]/CK->D
           View: view_wcl_fast
          Group: clk
     Startpoint: (R) pp_fir_3_1_1_Delay_Pipeline_reg_re_reg[17][6]/CK
          Clock: (R) clk
       Endpoint: (R) pp_fir_3_1_1_sum1_8_re_1_reg[27]/D
          Clock: (R) clk

                     Capture       Launch     
        Clock Edge:+     500            0     
       Src Latency:+       0            0     
       Net Latency:+     200 (I)      200 (I) 
           Arrival:=     700          200     
                                              
             Setup:-      10                  
       Uncertainty:-     125                  
     Required Time:=     566                  
      Launch Clock:-     200                  
         Data Path:-     215                  
             Slack:=     151                  

#---------------------------------------------------------------------------------------------------------------------------------------------------------------
#                     Timing Point                      Flags    Arc   Edge              Cell                Fanout Load Trans Delay Arrival      Instance      
#                                                                                                                   (fF)  (ps)  (ps)   (ps)       Location      
#---------------------------------------------------------------------------------------------------------------------------------------------------------------
  pp_fir_3_1_1_Delay_Pipeline_reg_re_reg[17][6]/CK      -       -      R     (arrival)                         3678    -    25     0     200              (-,-) 
  pp_fir_3_1_1_Delay_Pipeline_reg_re_reg[17][6]/Q       -       CK->Q  F     DFFRPQ_X4M_A9PP140ZTL_C30            5  6.7     7    32     232  (39.2405,72.9825) 
  pp_fir_3_1_1_csa_tree_ADD_TC_OP_groupi3991_fopt6601/Y -       A->Y   F     BUF_X6M_A9PP140ZTL_C30               5  8.8     7    11     243              (-,-) 
  pp_fir_3_1_1_csa_tree_ADD_TC_OP_groupi3991_fopt6598/Y -       A->Y   R     INV_X1P4M_A9PP140ZTL_C30             2  2.9     8     7     250              (-,-) 
  pp_fir_3_1_1_csa_tree_ADD_TC_OP_groupi3991_fopt6597/Y -       A->Y   F     INV_X1P7B_A9PP140ZTL_C30             1  1.7     7     5     255              (-,-) 
  pp_fir_3_1_1_csa_tree_ADD_TC_OP_groupi3991_g6056/Y    -       A->Y   R     XOR3_X3M_A9PP140ZTL_C30              2  3.5    11    15     271              (-,-) 
  pp_fir_3_1_1_csa_tree_ADD_TC_OP_groupi3991_g5901/Y    -       B->Y   R     XNOR3_X3M_A9PP140ZTL_C30             2  3.4    11    23     293              (-,-) 
  pp_fir_3_1_1_csa_tree_ADD_TC_OP_groupi3991_g6472/Y    -       A1->Y  F     OAI22BB_X2M_A9PP140ZTL_C30           2  2.7    12    10     303              (-,-) 
  pp_fir_3_1_1_csa_tree_ADD_TC_OP_groupi3991_g5760/CO   -       CI->CO F     CGEN_X2M_A9PP140ZTL_C30              2  3.3     9    16     319              (-,-) 
  pp_fir_3_1_1_csa_tree_ADD_TC_OP_groupi3991_g5683/Y    -       B->Y   F     XNOR3_X2M_A9PP140ZTL_C30             2  3.7    12    26     346              (-,-) 
  pp_fir_3_1_1_csa_tree_ADD_TC_OP_groupi3991_g5635/Y    -       B->Y   R     NAND2_X3A_A9PP140ZTL_C30             3  7.3    14    10     356              (-,-) 
  pp_fir_3_1_1_csa_tree_ADD_TC_OP_groupi3991_g5619/Y    -       B->Y   F     NAND2_X6B_A9PP140ZTL_C30             2  8.5    11     8     364              (-,-) 
  pp_fir_3_1_1_csa_tree_ADD_TC_OP_groupi3991_fopt6620/Y -       A->Y   R     INV_X11B_A9PP140ZTL_C30_XGCAP11      1  3.8     4     3     367              (-,-) 
  pp_fir_3_1_1_csa_tree_ADD_TC_OP_groupi3991_g5604/Y    -       A->Y   F     NAND2_X6M_A9PP140ZTL_C30             2  3.8     6     4     371              (-,-) 
  pp_fir_3_1_1_csa_tree_ADD_TC_OP_groupi3991_g5595/Y    -       A->Y   R     NOR2_X2A_A9PP140ZTL_C30              1  1.6     8     6     377              (-,-) 
  pp_fir_3_1_1_csa_tree_ADD_TC_OP_groupi3991_g5582/Y    -       A0->Y  R     AO21B_X3M_A9PP140ZTL_C30             2  3.8     9    13     390              (-,-) 
  pp_fir_3_1_1_csa_tree_ADD_TC_OP_groupi3991_g5571/Y    -       A0->Y  F     AOI21_X3M_A9PP140ZTL_C30             2  3.9    14     9     398              (-,-) 
  pp_fir_3_1_1_csa_tree_ADD_TC_OP_groupi3991_g5564/Y    -       A0->Y  R     OAI21_X3M_A9PP140ZTL_C30             1  1.7    12     8     407              (-,-) 
  pp_fir_3_1_1_csa_tree_ADD_TC_OP_groupi3991_g5563/Y    -       S0->Y  R     MXIT2_X1P4M_A9PP140ZTL_C30           1  0.9    10     8     415              (-,-) 
  pp_fir_3_1_1_sum1_8_re_1_reg[27]/D                    -       -      R     SDFFRPQ_X2M_A9PP140ZTL_C30           1    -     -     0     415   (2.5645,91.0430) 
#---------------------------------------------------------------------------------------------------------------------------------------------------------------



Path 44: MET (151 ps) Setup Check with Pin pp_fir_3_1_1_sum1_8_re_1_reg[23]/CK->D
           View: view_wcl_fast
          Group: clk
     Startpoint: (R) pp_fir_3_1_1_Delay_Pipeline_reg_re_reg[17][0]/CK
          Clock: (R) clk
       Endpoint: (R) pp_fir_3_1_1_sum1_8_re_1_reg[23]/D
          Clock: (R) clk

                     Capture       Launch     
        Clock Edge:+     500            0     
       Src Latency:+       0            0     
       Net Latency:+     200 (I)      200 (I) 
           Arrival:=     700          200     
                                              
             Setup:-      10                  
       Uncertainty:-     125                  
     Required Time:=     566                  
      Launch Clock:-     200                  
         Data Path:-     215                  
             Slack:=     151                  

#-----------------------------------------------------------------------------------------------------------------------------------------------------------
#                     Timing Point                      Flags    Arc   Edge            Cell              Fanout Load Trans Delay Arrival      Instance      
#                                                                                                               (fF)  (ps)  (ps)   (ps)       Location      
#-----------------------------------------------------------------------------------------------------------------------------------------------------------
  pp_fir_3_1_1_Delay_Pipeline_reg_re_reg[17][0]/CK      -       -      R     (arrival)                     3678    -    25     0     200              (-,-) 
  pp_fir_3_1_1_Delay_Pipeline_reg_re_reg[17][0]/Q       -       CK->Q  R     SDFFRPQA_X1M_A9PP140ZTL_C30      3  4.5    16    27     227  (44.5050,86.0980) 
  pp_fir_3_1_1_csa_tree_ADD_TC_OP_groupi3991_g6359/Y    -       A->Y   F     INV_X3M_A9PP140ZTL_C30           3  5.3     9     6     233              (-,-) 
  pp_fir_3_1_1_csa_tree_ADD_TC_OP_groupi3991_g6356/Y    -       A->Y   R     INV_X3M_A9PP140ZTL_C30           3  4.4     8     6     240              (-,-) 
  pp_fir_3_1_1_csa_tree_ADD_TC_OP_groupi3991_g6052/Y    -       C->Y   R     XNOR3_X3M_A9PP140ZTL_C30         1  2.2    10    24     264              (-,-) 
  pp_fir_3_1_1_csa_tree_ADD_TC_OP_groupi3991_g5842/CO   -       CI->CO R     ADDF_X2M_A9PP140ZTL_C30          1  2.9    10    18     282              (-,-) 
  pp_fir_3_1_1_csa_tree_ADD_TC_OP_groupi3991_g5784/CO   -       B->CO  R     ADDF_X2M_A9PP140ZTL_C30          1  2.2     9    18     300              (-,-) 
  pp_fir_3_1_1_csa_tree_ADD_TC_OP_groupi3991_g5750/CO   -       CI->CO R     ADDF_X1P4M_A9PP140ZTL_C30        3  4.7    14    20     320              (-,-) 
  pp_fir_3_1_1_csa_tree_ADD_TC_OP_groupi3991_g5698/Y    -       B0N->Y R     OAI22BB_X2M_A9PP140ZTL_C30       2  5.4    27    24     344              (-,-) 
  pp_fir_3_1_1_csa_tree_ADD_TC_OP_groupi3991_g5653/Y    -       B->Y   F     NOR2_X6M_A9PP140ZTL_C30          3  5.7    13     9     354              (-,-) 
  pp_fir_3_1_1_csa_tree_ADD_TC_OP_groupi3991_g5639/Y    -       A->Y   R     NOR2_X4A_A9PP140ZTL_C30          2  3.7     9     8     361              (-,-) 
  pp_fir_3_1_1_csa_tree_ADD_TC_OP_groupi3991_g5613/Y    -       A->Y   F     NAND2_X2M_A9PP140ZTL_C30         1  2.9    10     6     368              (-,-) 
  pp_fir_3_1_1_csa_tree_ADD_TC_OP_groupi3991_g5600/Y    -       A0->Y  R     OAI21_X4M_A9PP140ZTL_C30         2  4.4    12     9     376              (-,-) 
  pp_fir_3_1_1_csa_tree_ADD_TC_OP_groupi3991_fopt6623/Y -       A->Y   F     INV_X3P5M_A9PP140ZTL_C30         2  4.1     6     4     381              (-,-) 
  pp_fir_3_1_1_csa_tree_ADD_TC_OP_groupi3991_g5591/Y    -       A0->Y  R     OAI21B_X3M_A9PP140ZTL_C30        2  3.6    12     8     389              (-,-) 
  pp_fir_3_1_1_csa_tree_ADD_TC_OP_groupi3991_g5578/Y    -       A0->Y  F     AOI21_X3M_A9PP140ZTL_C30         2  3.3    12     9     398              (-,-) 
  pp_fir_3_1_1_csa_tree_ADD_TC_OP_groupi3991_g5572/Y    -       A0->Y  R     OAI21_X2M_A9PP140ZTL_C30         1  1.7    11     9     407              (-,-) 
  pp_fir_3_1_1_csa_tree_ADD_TC_OP_groupi3991_g5567/Y    -       S0->Y  R     MXIT2_X1P4M_A9PP140ZTL_C30       1  0.9    10     8     415              (-,-) 
  pp_fir_3_1_1_sum1_8_re_1_reg[23]/D                    -       -      R     SDFFRPQ_X2M_A9PP140ZTL_C30       1    -     -     0     415   (0.1825,80.8640) 
#-----------------------------------------------------------------------------------------------------------------------------------------------------------



Path 45: MET (151 ps) Setup Check with Pin pp_fir_3_1_1_sum1_8_im_1_reg[21]/CK->D
           View: view_wcl_fast
          Group: clk
     Startpoint: (R) pp_fir_3_1_1_Delay_Pipeline_reg_im_reg[17][10]/CK
          Clock: (R) clk
       Endpoint: (R) pp_fir_3_1_1_sum1_8_im_1_reg[21]/D
          Clock: (R) clk

                     Capture       Launch     
        Clock Edge:+     500            0     
       Src Latency:+       0            0     
       Net Latency:+     200 (I)      200 (I) 
           Arrival:=     700          200     
                                              
             Setup:-      10                  
       Uncertainty:-     125                  
     Required Time:=     566                  
      Launch Clock:-     200                  
         Data Path:-     215                  
             Slack:=     151                  

#-----------------------------------------------------------------------------------------------------------------------------------------------------------
#                     Timing Point                      Flags    Arc   Edge            Cell             Fanout Load Trans Delay Arrival       Instance      
#                                                                                                              (fF)  (ps)  (ps)   (ps)        Location      
#-----------------------------------------------------------------------------------------------------------------------------------------------------------
  pp_fir_3_1_1_Delay_Pipeline_reg_im_reg[17][10]/CK     -       -      R     (arrival)                    3678    -    25     0     200               (-,-) 
  pp_fir_3_1_1_Delay_Pipeline_reg_im_reg[17][10]/Q      -       CK->Q  F     DFFRPQ_X4M_A9PP140ZTL_C30       8 14.0    12    35     235  (129.7745,82.3875) 
  pp_fir_3_1_1_csa_tree_ADD_TC_OP_groupi3990_g5983/CO   -       A->CO  F     ADDF_X1P4M_A9PP140ZTL_C30       2  3.8    11    21     256               (-,-) 
  pp_fir_3_1_1_csa_tree_ADD_TC_OP_groupi3990_g5908/Y    -       B->Y   R     XOR3_X4M_A9PP140ZTL_C30         1  3.0     7    27     283               (-,-) 
  pp_fir_3_1_1_csa_tree_ADD_TC_OP_groupi3990_g5784/CO   -       A->CO  R     ADDF_X1P4M_A9PP140ZTL_C30       1  2.2    10    18     301               (-,-) 
  pp_fir_3_1_1_csa_tree_ADD_TC_OP_groupi3990_g5750/S    -       CI->S  F     ADDF_X2M_A9PP140ZTL_C30         2  2.7    11    27     327               (-,-) 
  pp_fir_3_1_1_csa_tree_ADD_TC_OP_groupi3990_g5734/CO   -       CI->CO F     CGEN_X2M_A9PP140ZTL_C30         2  4.4    10    17     344               (-,-) 
  pp_fir_3_1_1_csa_tree_ADD_TC_OP_groupi3990_g5667/Y    -       B->Y   R     NAND2_X2B_A9PP140ZTL_C30        3  3.6    10     8     352               (-,-) 
  pp_fir_3_1_1_csa_tree_ADD_TC_OP_groupi3990_g5622/Y    -       A0->Y  F     OAI21_X2M_A9PP140ZTL_C30        1  1.5     9     6     359               (-,-) 
  pp_fir_3_1_1_csa_tree_ADD_TC_OP_groupi3990_g5608/Y    -       B0->Y  R     AOI21_X2M_A9PP140ZTL_C30        1  2.5    12     9     368               (-,-) 
  pp_fir_3_1_1_csa_tree_ADD_TC_OP_groupi3990_g5600/Y    -       B0->Y  F     OAI21_X4M_A9PP140ZTL_C30        3  4.9    12     8     376               (-,-) 
  pp_fir_3_1_1_csa_tree_ADD_TC_OP_groupi3990_g5599/Y    -       A->Y   R     INV_X2P5M_A9PP140ZTL_C30        1  2.4     6     6     381               (-,-) 
  pp_fir_3_1_1_csa_tree_ADD_TC_OP_groupi3990_g5591/Y    -       A0->Y  F     OAI21B_X3M_A9PP140ZTL_C30       2  3.8    12     8     389               (-,-) 
  pp_fir_3_1_1_csa_tree_ADD_TC_OP_groupi3990_fopt6475/Y -       A->Y   F     BUF_X4M_A9PP140ZTL_C30          2  4.0     6    11     400               (-,-) 
  pp_fir_3_1_1_csa_tree_ADD_TC_OP_groupi3990_g5583/Y    -       A0->Y  R     AOI21_X3M_A9PP140ZTL_C30        1  1.7     9     7     407               (-,-) 
  pp_fir_3_1_1_csa_tree_ADD_TC_OP_groupi3990_g5576/Y    -       S0->Y  R     MXIT2_X1P4M_A9PP140ZTL_C30      1  0.9    10     8     415               (-,-) 
  pp_fir_3_1_1_sum1_8_im_1_reg[21]/D                    -       -      R     SDFFRPQ_X2M_A9PP140ZTL_C30      1    -     -     0     415  (106.0630,84.7890) 
#-----------------------------------------------------------------------------------------------------------------------------------------------------------



Path 46: MET (151 ps) Setup Check with Pin pp_fir_3_1_1_sum1_8_im_1_reg[29]/CK->D
           View: view_wcl_fast
          Group: clk
     Startpoint: (R) pp_fir_3_1_1_Delay_Pipeline_reg_im_reg[17][10]/CK
          Clock: (R) clk
       Endpoint: (R) pp_fir_3_1_1_sum1_8_im_1_reg[29]/D
          Clock: (R) clk

                     Capture       Launch     
        Clock Edge:+     500            0     
       Src Latency:+       0            0     
       Net Latency:+     200 (I)      200 (I) 
           Arrival:=     700          200     
                                              
             Setup:-      10                  
       Uncertainty:-     125                  
     Required Time:=     566                  
      Launch Clock:-     200                  
         Data Path:-     215                  
             Slack:=     151                  

#-----------------------------------------------------------------------------------------------------------------------------------------------------------
#                    Timing Point                     Flags    Arc   Edge             Cell              Fanout Load Trans Delay Arrival       Instance      
#                                                                                                              (fF)  (ps)  (ps)   (ps)        Location      
#-----------------------------------------------------------------------------------------------------------------------------------------------------------
  pp_fir_3_1_1_Delay_Pipeline_reg_im_reg[17][10]/CK   -       -      R     (arrival)                      3678    -    25     0     200               (-,-) 
  pp_fir_3_1_1_Delay_Pipeline_reg_im_reg[17][10]/Q    -       CK->Q  F     DFFRPQ_X4M_A9PP140ZTL_C30         8 14.0    12    35     235  (129.7745,82.3875) 
  pp_fir_3_1_1_csa_tree_ADD_TC_OP_groupi3990_g5983/CO -       A->CO  F     ADDF_X1P4M_A9PP140ZTL_C30         2  3.8    11    21     256               (-,-) 
  pp_fir_3_1_1_csa_tree_ADD_TC_OP_groupi3990_g5908/Y  -       B->Y   R     XOR3_X4M_A9PP140ZTL_C30           1  3.0     7    27     283               (-,-) 
  pp_fir_3_1_1_csa_tree_ADD_TC_OP_groupi3990_g5784/CO -       A->CO  R     ADDF_X1P4M_A9PP140ZTL_C30         1  2.2    10    18     301               (-,-) 
  pp_fir_3_1_1_csa_tree_ADD_TC_OP_groupi3990_g5750/S  -       CI->S  F     ADDF_X2M_A9PP140ZTL_C30           2  2.7    11    27     327               (-,-) 
  pp_fir_3_1_1_csa_tree_ADD_TC_OP_groupi3990_g5734/CO -       CI->CO F     CGEN_X2M_A9PP140ZTL_C30           2  4.4    10    17     344               (-,-) 
  pp_fir_3_1_1_csa_tree_ADD_TC_OP_groupi3990_g5667/Y  -       B->Y   R     NAND2_X2B_A9PP140ZTL_C30          3  3.6    10     8     352               (-,-) 
  pp_fir_3_1_1_csa_tree_ADD_TC_OP_groupi3990_g5622/Y  -       A0->Y  F     OAI21_X2M_A9PP140ZTL_C30          1  1.5     9     6     359               (-,-) 
  pp_fir_3_1_1_csa_tree_ADD_TC_OP_groupi3990_g5608/Y  -       B0->Y  R     AOI21_X2M_A9PP140ZTL_C30          1  2.5    12     9     368               (-,-) 
  pp_fir_3_1_1_csa_tree_ADD_TC_OP_groupi3990_g5600/Y  -       B0->Y  F     OAI21_X4M_A9PP140ZTL_C30          3  4.9    12     8     376               (-,-) 
  pp_fir_3_1_1_csa_tree_ADD_TC_OP_groupi3990_g5582/Y  -       A1->Y  F     AO21B_X3M_A9PP140ZTL_C30          2  3.9    10    14     390               (-,-) 
  fopt2874393/Y                                       -       A->Y   R     INV_X1P7M_A9PP140ZTL_C30          3  5.3    12     9     399               (-,-) 
  pp_fir_3_1_1_csa_tree_ADD_TC_OP_groupi3990_g5570/Y  -       A0->Y  F     OAI21_X3M_A9PP140ZTL_C30          2  3.1    12     8     407               (-,-) 
  pp_fir_3_1_1_csa_tree_ADD_TC_OP_groupi3990_g5568/Y  -       A0->Y  R     AOI2XB1_X1P4M_A9PP140ZTL_C30      1  0.9    10     8     415               (-,-) 
  pp_fir_3_1_1_sum1_8_im_1_reg[29]/D                  -       -      R     SDFFRPQ_X2M_A9PP140ZTL_C30        1    -     -     0     415  (111.3560,96.1850) 
#-----------------------------------------------------------------------------------------------------------------------------------------------------------



Path 47: MET (151 ps) Setup Check with Pin pp_fir_3_1_1_sum1_10_re_1_reg[27]/CK->D
           View: view_wcl_fast
          Group: clk
     Startpoint: (R) pp_fir_3_1_1_Delay_Pipeline_reg_re_reg[13][0]/CK
          Clock: (R) clk
       Endpoint: (R) pp_fir_3_1_1_sum1_10_re_1_reg[27]/D
          Clock: (R) clk

                     Capture       Launch     
        Clock Edge:+     500            0     
       Src Latency:+       0            0     
       Net Latency:+     200 (I)      200 (I) 
           Arrival:=     700          200     
                                              
             Setup:-      10                  
       Uncertainty:-     125                  
     Required Time:=     566                  
      Launch Clock:-     200                  
         Data Path:-     214                  
             Slack:=     151                  

#-----------------------------------------------------------------------------------------------------------------------------------------------------------
#                    Timing Point                      Flags    Arc   Edge            Cell              Fanout Load Trans Delay Arrival       Instance      
#                                                                                                              (fF)  (ps)  (ps)   (ps)        Location      
#-----------------------------------------------------------------------------------------------------------------------------------------------------------
  pp_fir_3_1_1_Delay_Pipeline_reg_re_reg[13][0]/CK     -       -      R     (arrival)                     3678    -    25     0     200               (-,-) 
  pp_fir_3_1_1_Delay_Pipeline_reg_re_reg[13][0]/Q      -       CK->Q  R     SDFFRPQA_X1M_A9PP140ZTL_C30      8 11.9    37    39     239   (70.8240,52.4320) 
  pp_fir_3_1_1_csa_tree_ADD_TC_OP_groupi3987_g13449/Y  -       A->Y   F     INV_X1P4M_A9PP140ZTL_C30         1  1.5    10     4     243               (-,-) 
  pp_fir_3_1_1_csa_tree_ADD_TC_OP_groupi3987_g13337/Y  -       A->Y   R     NOR2_X2A_A9PP140ZTL_C30          2  3.1    12     9     252               (-,-) 
  pp_fir_3_1_1_csa_tree_ADD_TC_OP_groupi3987_g13117/CO -       CI->CO R     ADDF_X2M_A9PP140ZTL_C30          1  2.2     9    17     269               (-,-) 
  pp_fir_3_1_1_csa_tree_ADD_TC_OP_groupi3987_g13067/CO -       CI->CO R     ADDF_X2M_A9PP140ZTL_C30          2  2.8    10    18     286               (-,-) 
  pp_fir_3_1_1_csa_tree_ADD_TC_OP_groupi3987_g13030/Y  -       A0->Y  F     AOI21_X2M_A9PP140ZTL_C30         2  2.6    12     9     295               (-,-) 
  pp_fir_3_1_1_csa_tree_ADD_TC_OP_groupi3987_g12997/Y  -       A0->Y  R     OAI21_X2M_A9PP140ZTL_C30         1  2.2    12    10     305               (-,-) 
  pp_fir_3_1_1_csa_tree_ADD_TC_OP_groupi3987_g12923/CO -       CI->CO R     ADDF_X1P4M_A9PP140ZTL_C30        1  2.2    10    18     322               (-,-) 
  pp_fir_3_1_1_csa_tree_ADD_TC_OP_groupi3987_g12898/CO -       CI->CO R     ADDF_X2M_A9PP140ZTL_C30          4  5.3    13    20     343               (-,-) 
  pp_fir_3_1_1_csa_tree_ADD_TC_OP_groupi3987_g13557/Y  -       D->Y   F     NAND4BB_X3M_A9PP140ZTL_C30       1  2.1    11     8     351               (-,-) 
  pp_fir_3_1_1_csa_tree_ADD_TC_OP_groupi3987_g12807/Y  -       B->Y   R     NAND3XXB_X3M_A9PP140ZTL_C30      2  3.1    13    10     361               (-,-) 
  pp_fir_3_1_1_csa_tree_ADD_TC_OP_groupi3987_g12790/Y  -       A->Y   F     NAND2XB_X3M_A9PP140ZTL_C30       2  3.8    10     7     368               (-,-) 
  pp_fir_3_1_1_csa_tree_ADD_TC_OP_groupi3987_g12777/Y  -       A0->Y  R     OAI21_X4M_A9PP140ZTL_C30         2  3.8    11     9     376               (-,-) 
  pp_fir_3_1_1_csa_tree_ADD_TC_OP_groupi3987_g12771/Y  -       A->Y   F     NAND2_X4M_A9PP140ZTL_C30         2  4.5     9     6     382               (-,-) 
  pp_fir_3_1_1_csa_tree_ADD_TC_OP_groupi3987_g12765/Y  -       B0->Y  F     OA1B2_X4M_A9PP140ZTL_C30         2  5.8     9    13     395               (-,-) 
  pp_fir_3_1_1_csa_tree_ADD_TC_OP_groupi3987_g12755/Y  -       A0->Y  R     OAI21_X2M_A9PP140ZTL_C30         2  3.2    15    10     406               (-,-) 
  pp_fir_3_1_1_csa_tree_ADD_TC_OP_groupi3987_g12748/Y  -       S0->Y  R     MXIT2_X1P4M_A9PP140ZTL_C30       1  0.9    10     9     414               (-,-) 
  pp_fir_3_1_1_sum1_10_re_1_reg[27]/D                  -       -      R     SDFFRPQ_X2M_A9PP140ZTL_C30       1    -     -     0     414  (103.6705,88.8810) 
#-----------------------------------------------------------------------------------------------------------------------------------------------------------



Path 48: MET (151 ps) Setup Check with Pin pp_fir_3_1_1_sum1_9_re_1_reg[29]/CK->D
           View: view_wcl_fast
          Group: clk
     Startpoint: (R) pp_fir_3_1_1_Delay_Pipeline_reg_re_reg[14][13]/CK
          Clock: (R) clk
       Endpoint: (R) pp_fir_3_1_1_sum1_9_re_1_reg[29]/D
          Clock: (R) clk

                     Capture       Launch     
        Clock Edge:+     500            0     
       Src Latency:+       0            0     
       Net Latency:+     200 (I)      200 (I) 
           Arrival:=     700          200     
                                              
             Setup:-      10                  
       Uncertainty:-     125                  
     Required Time:=     566                  
      Launch Clock:-     200                  
         Data Path:-     214                  
             Slack:=     151                  

#-------------------------------------------------------------------------------------------------------------------------------------------------------------
#                     Timing Point                       Flags   Arc   Edge             Cell               Fanout Load Trans Delay Arrival      Instance      
#                                                                                                                 (fF)  (ps)  (ps)   (ps)       Location      
#-------------------------------------------------------------------------------------------------------------------------------------------------------------
  pp_fir_3_1_1_Delay_Pipeline_reg_re_reg[14][13]/CK      -       -     R     (arrival)                       3678    -    25     0     200              (-,-) 
  pp_fir_3_1_1_Delay_Pipeline_reg_re_reg[14][13]/Q       -       CK->Q R     SDFFRPQA_X1M_A9PP140ZTL_C30        1  1.7     8    22     222  (84.5515,79.0880) 
  fopt2874233/Y                                          -       A->Y  R     BUF_X5M_A9PP140ZTL_C30             6  7.2     7    10     233              (-,-) 
  pp_fir_3_1_1_csa_tree_ADD_TC_OP_groupi3989_fopt15400/Y -       A->Y  R     BUF_X4M_A9PP140ZTL_C30_XGCAP4      3  5.1     6    10     242              (-,-) 
  pp_fir_3_1_1_csa_tree_ADD_TC_OP_groupi3989_fopt15399/Y -       A->Y  F     INV_X2B_A9PP140ZTL_C30             1  1.7     6     5     247              (-,-) 
  pp_fir_3_1_1_csa_tree_ADD_TC_OP_groupi3989_g15099/Y    -       A->Y  R     NAND2_X2A_A9PP140ZTL_C30           2  3.2    11     7     254              (-,-) 
  pp_fir_3_1_1_csa_tree_ADD_TC_OP_groupi3989_g15055/Y    -       A->Y  R     AND2_X4M_A9PP140ZTL_C30            3  5.9     8    12     266              (-,-) 
  pp_fir_3_1_1_csa_tree_ADD_TC_OP_groupi3989_g15036/Y    -       A->Y  F     INV_X3B_A9PP140ZTL_C30             1  1.6     5     4     270              (-,-) 
  pp_fir_3_1_1_csa_tree_ADD_TC_OP_groupi3989_g14818/Y    -       C->Y  F     XOR3_X2M_A9PP140ZTL_C30            3  4.5    12    28     298              (-,-) 
  pp_fir_3_1_1_csa_tree_ADD_TC_OP_groupi3989_g14719/Y    -       B->Y  F     XOR2_X3M_A9PP140ZTL_C30            2  3.6    16    13     310              (-,-) 
  pp_fir_3_1_1_csa_tree_ADD_TC_OP_groupi3989_g14705/Y    -       A->Y  R     INV_X3B_A9PP140ZTL_C30             1  1.7     6     5     315              (-,-) 
  pp_fir_3_1_1_csa_tree_ADD_TC_OP_groupi3989_g14650/Y    -       B->Y  F     MXIT2_X1P4M_A9PP140ZTL_C30         1  2.2    14     8     323              (-,-) 
  pp_fir_3_1_1_csa_tree_ADD_TC_OP_groupi3989_g14574/S    -       CI->S R     ADDF_X1P4M_A9PP140ZTL_C30          2  4.2    15    30     353              (-,-) 
  pp_fir_3_1_1_csa_tree_ADD_TC_OP_groupi3989_g14553/Y    -       A->Y  F     NOR2_X4M_A9PP140ZTL_C30            4  6.7    15     9     362              (-,-) 
  pp_fir_3_1_1_csa_tree_ADD_TC_OP_groupi3989_g14463/Y    -       A1->Y R     OAI21_X3M_A9PP140ZTL_C30           2  3.6    13    11     373              (-,-) 
  pp_fir_3_1_1_csa_tree_ADD_TC_OP_groupi3989_g14450/Y    -       A0->Y F     AOI21_X3M_A9PP140ZTL_C30           1  3.8    13     9     382              (-,-) 
  pp_fir_3_1_1_csa_tree_ADD_TC_OP_groupi3989_g14445/Y    -       B0->Y R     OAI21_X6M_A9PP140ZTL_C30           1  5.2    11     7     389              (-,-) 
  pp_fir_3_1_1_csa_tree_ADD_TC_OP_groupi3989_g14441/Y    -       A->Y  F     NOR2_X8A_A9PP140ZTL_C30            4  8.8     9     6     395              (-,-) 
  pp_fir_3_1_1_csa_tree_ADD_TC_OP_groupi3989_g14433/Y    -       A0->Y R     OAI21_X2M_A9PP140ZTL_C30           2  3.2    14    10     406              (-,-) 
  pp_fir_3_1_1_csa_tree_ADD_TC_OP_groupi3989_g14427/Y    -       S0->Y R     MXIT2_X1P4M_A9PP140ZTL_C30         1  0.9    10     9     414              (-,-) 
  pp_fir_3_1_1_sum1_9_re_1_reg[29]/D                     -       -     R     SDFFRPQ_X2M_A9PP140ZTL_C30         1    -     -     0     414  (96.6450,94.0735) 
#-------------------------------------------------------------------------------------------------------------------------------------------------------------



Path 49: MET (151 ps) Setup Check with Pin pp_fir_3_1_1_sum1_8_im_1_reg[23]/CK->D
           View: view_wcl_fast
          Group: clk
     Startpoint: (R) pp_fir_3_1_1_Delay_Pipeline_reg_im_reg[16][5]/CK
          Clock: (R) clk
       Endpoint: (R) pp_fir_3_1_1_sum1_8_im_1_reg[23]/D
          Clock: (R) clk

                     Capture       Launch     
        Clock Edge:+     500            0     
       Src Latency:+       0            0     
       Net Latency:+     200 (I)      200 (I) 
           Arrival:=     700          200     
                                              
             Setup:-      10                  
       Uncertainty:-     125                  
     Required Time:=     566                  
      Launch Clock:-     200                  
         Data Path:-     214                  
             Slack:=     151                  

#------------------------------------------------------------------------------------------------------------------------------------------------------------
#                    Timing Point                     Flags    Arc   Edge             Cell               Fanout Load Trans Delay Arrival       Instance      
#                                                                                                               (fF)  (ps)  (ps)   (ps)        Location      
#------------------------------------------------------------------------------------------------------------------------------------------------------------
  pp_fir_3_1_1_Delay_Pipeline_reg_im_reg[16][5]/CK    -       -      R     (arrival)                       3678    -    25     0     200               (-,-) 
  pp_fir_3_1_1_Delay_Pipeline_reg_im_reg[16][5]/Q     -       CK->Q  R     DFFRPQA_X1M_A9PP140ZTL_C30         2  4.2    15    26     226  (149.5640,69.7140) 
  pp_fir_3_1_1_csa_tree_ADD_TC_OP_groupi3990_fopt9/Y  -       A->Y   F     INV_X4M_A9PP140ZTL_C30_XGCAP4      4  9.3    10     7     234               (-,-) 
  pp_fir_3_1_1_csa_tree_ADD_TC_OP_groupi3990_fopt8/Y  -       A->Y   R     INV_X4M_A9PP140ZTL_C30             4  6.6     8     7     240               (-,-) 
  pp_fir_3_1_1_csa_tree_ADD_TC_OP_groupi3990_fopt7/Y  -       A->Y   R     BUF_X5M_A9PP140ZTL_C30             4  7.5     7    10     251               (-,-) 
  pp_fir_3_1_1_csa_tree_ADD_TC_OP_groupi3990_g6052/Y  -       A->Y   F     XNOR3_X3M_A9PP140ZTL_C30           1  2.2     9    13     263               (-,-) 
  pp_fir_3_1_1_csa_tree_ADD_TC_OP_groupi3990_g5842/CO -       CI->CO F     ADDF_X2M_A9PP140ZTL_C30            1  2.9     9    18     281               (-,-) 
  pp_fir_3_1_1_csa_tree_ADD_TC_OP_groupi3990_g5784/CO -       B->CO  F     ADDF_X1P4M_A9PP140ZTL_C30          1  2.2     8    18     299               (-,-) 
  pp_fir_3_1_1_csa_tree_ADD_TC_OP_groupi3990_g5750/S  -       CI->S  R     ADDF_X2M_A9PP140ZTL_C30            2  2.7    12    28     327               (-,-) 
  pp_fir_3_1_1_csa_tree_ADD_TC_OP_groupi3990_g5734/CO -       CI->CO R     CGEN_X2M_A9PP140ZTL_C30            2  4.4    11    18     345               (-,-) 
  pp_fir_3_1_1_csa_tree_ADD_TC_OP_groupi3990_g5667/Y  -       B->Y   F     NAND2_X2B_A9PP140ZTL_C30           3  3.6    12     8     353               (-,-) 
  pp_fir_3_1_1_csa_tree_ADD_TC_OP_groupi3990_g5622/Y  -       A0->Y  R     OAI21_X2M_A9PP140ZTL_C30           1  1.5    11     9     362               (-,-) 
  pp_fir_3_1_1_csa_tree_ADD_TC_OP_groupi3990_g5608/Y  -       B0->Y  F     AOI21_X2M_A9PP140ZTL_C30           1  2.7    12     7     369               (-,-) 
  pp_fir_3_1_1_csa_tree_ADD_TC_OP_groupi3990_g5600/Y  -       B0->Y  R     OAI21_X4M_A9PP140ZTL_C30           3  5.0    12     8     377               (-,-) 
  pp_fir_3_1_1_csa_tree_ADD_TC_OP_groupi3990_g5599/Y  -       A->Y   F     INV_X2P5M_A9PP140ZTL_C30           1  2.2     6     4     381               (-,-) 
  pp_fir_3_1_1_csa_tree_ADD_TC_OP_groupi3990_g5591/Y  -       A0->Y  R     OAI21B_X3M_A9PP140ZTL_C30          2  3.6    12     8     389               (-,-) 
  pp_fir_3_1_1_csa_tree_ADD_TC_OP_groupi3990_g5578/Y  -       A0->Y  F     AOI21_X3M_A9PP140ZTL_C30           2  3.3    12     9     397               (-,-) 
  pp_fir_3_1_1_csa_tree_ADD_TC_OP_groupi3990_g5572/Y  -       A0->Y  R     OAI21_X2M_A9PP140ZTL_C30           1  1.7    11     9     406               (-,-) 
  pp_fir_3_1_1_csa_tree_ADD_TC_OP_groupi3990_g5567/Y  -       S0->Y  R     MXIT2_X1P4M_A9PP140ZTL_C30         1  0.9    10     8     414               (-,-) 
  pp_fir_3_1_1_sum1_8_im_1_reg[23]/D                  -       -      R     SDFFRPQ_X2M_A9PP140ZTL_C30         1    -     -     0     414  (104.4475,90.7650) 
#------------------------------------------------------------------------------------------------------------------------------------------------------------



Path 50: MET (151 ps) Setup Check with Pin pp_fir_3_1_1_sum1_10_im_1_reg[25]/CK->D
           View: view_wcl_fast
          Group: clk
     Startpoint: (R) pp_fir_3_1_1_Delay_Pipeline_reg_im_reg[12][4]/CK
          Clock: (R) clk
       Endpoint: (R) pp_fir_3_1_1_sum1_10_im_1_reg[25]/D
          Clock: (R) clk

                     Capture       Launch     
        Clock Edge:+     500            0     
       Src Latency:+       0            0     
       Net Latency:+     200 (I)      200 (I) 
           Arrival:=     700          200     
                                              
             Setup:-      10                  
       Uncertainty:-     125                  
     Required Time:=     566                  
      Launch Clock:-     200                  
         Data Path:-     214                  
             Slack:=     151                  

#----------------------------------------------------------------------------------------------------------------------------------------------------------
#                    Timing Point                      Flags   Arc   Edge            Cell              Fanout Load Trans Delay Arrival       Instance      
#                                                                                                             (fF)  (ps)  (ps)   (ps)        Location      
#----------------------------------------------------------------------------------------------------------------------------------------------------------
  pp_fir_3_1_1_Delay_Pipeline_reg_im_reg[12][4]/CK     -       -     R     (arrival)                     3678    -    25     0     200               (-,-) 
  pp_fir_3_1_1_Delay_Pipeline_reg_im_reg[12][4]/Q      -       CK->Q R     SDFFRPQA_X1M_A9PP140ZTL_C30      9 13.3    42    41     241  (189.2130,33.7370) 
  pp_fir_3_1_1_csa_tree_ADD_TC_OP_groupi3986_g13235/Y  -       C->Y  R     XOR3_X3M_A9PP140ZTL_C30          2  3.4    12    28     269               (-,-) 
  pp_fir_3_1_1_csa_tree_ADD_TC_OP_groupi3986_g13132/CO -       A->CO R     CGEN_X2M_A9PP140ZTL_C30          1  2.2     8    16     285               (-,-) 
  pp_fir_3_1_1_csa_tree_ADD_TC_OP_groupi3986_g12973/S  -       CI->S F     ADDF_X1P4M_A9PP140ZTL_C30        2  2.9    12    25     310               (-,-) 
  pp_fir_3_1_1_csa_tree_ADD_TC_OP_groupi3986_g12881/Y  -       C->Y  R     XOR3_X3M_A9PP140ZTL_C30          2  4.1    12    28     338               (-,-) 
  pp_fir_3_1_1_csa_tree_ADD_TC_OP_groupi3986_g12817/Y  -       A->Y  F     NAND2_X4M_A9PP140ZTL_C30         2  3.7     8     6     344               (-,-) 
  pp_fir_3_1_1_csa_tree_ADD_TC_OP_groupi3986_g12811/Y  -       A->Y  R     INV_X2P5M_A9PP140ZTL_C30         2  3.5     7     6     350               (-,-) 
  pp_fir_3_1_1_csa_tree_ADD_TC_OP_groupi3986_g12789/Y  -       A0->Y F     OAI21_X3M_A9PP140ZTL_C30         2  2.6    10     7     356               (-,-) 
  pp_fir_3_1_1_csa_tree_ADD_TC_OP_groupi3986_g12780/Y  -       A1->Y R     AOI21_X2M_A9PP140ZTL_C30         1  2.5    12    10     366               (-,-) 
  pp_fir_3_1_1_csa_tree_ADD_TC_OP_groupi3986_g12777/Y  -       B0->Y F     OAI21_X4M_A9PP140ZTL_C30         2  4.2    11     8     374               (-,-) 
  pp_fir_3_1_1_csa_tree_ADD_TC_OP_groupi3986_g12771/Y  -       A->Y  R     NAND2_X4M_A9PP140ZTL_C30         2  4.4     9     8     382               (-,-) 
  pp_fir_3_1_1_csa_tree_ADD_TC_OP_groupi3986_g12765/Y  -       B0->Y R     OA1B2_X4M_A9PP140ZTL_C30         2  6.0    12    13     394               (-,-) 
  pp_fir_3_1_1_csa_tree_ADD_TC_OP_groupi3986_g12764/Y  -       A->Y  F     INV_X6M_A9PP140ZTL_C30           3  5.7     6     4     398               (-,-) 
  pp_fir_3_1_1_csa_tree_ADD_TC_OP_groupi3986_g12753/Y  -       A0->Y R     AOI21_X2M_A9PP140ZTL_C30         1  1.7    13     8     406               (-,-) 
  pp_fir_3_1_1_csa_tree_ADD_TC_OP_groupi3986_g12745/Y  -       S0->Y R     MXIT2_X1P4M_A9PP140ZTL_C30       1  0.9    10     8     414               (-,-) 
  pp_fir_3_1_1_sum1_10_im_1_reg[25]/D                  -       -     R     SDFFRPQ_X2M_A9PP140ZTL_C30       1    -     -     0     414  (204.7550,79.7045) 
#----------------------------------------------------------------------------------------------------------------------------------------------------------

