============================================================
  Generated by:           Genus(TM) Synthesis Solution 23.10-p004_1
  Generated on:           Feb 17 2025  12:55:31 pm
  Module:                 pp_fir_u_0
  Operating conditions:   ssg_cworstt_max_0p81v_125c 
  Operating conditions:   ffg_cbestt_min_0p99v_m40c 
  Operating conditions:   tt_ctypical_max_0p90v_25c 
  Interconnect mode:      spatial
  Area mode:              physical library
============================================================


Path 1: VIOLATED (-16 ps) Setup Check with Pin pp_fir_0_1_1/Delay_Pipeline_reg_re_reg[12][4]/CK->D
           View: view_wcl_slow
          Group: clk
     Startpoint: (F) enb_1_8_0
          Clock: (R) clk
       Endpoint: (R) pp_fir_0_1_1/Delay_Pipeline_reg_re_reg[12][4]/D
          Clock: (R) clk

                     Capture       Launch     
        Clock Edge:+     500            0     
        Drv Adjust:+       0            0     
       Src Latency:+       0            0     
       Net Latency:+     200 (I)      200 (I) 
           Arrival:=     700          200     
                                              
             Setup:-       7                  
       Uncertainty:-     125                  
     Required Time:=     568                  
      Launch Clock:-     200                  
       Input Delay:-     300                  
         Data Path:-      84                  
             Slack:=     -16                  

Exceptions/Constraints:
  input_delay             300             pp_int_x4_struct.sdc_line_20_1_1 

#-------------------------------------------------------------------------------------------------------------------------------------------------
#                  Timing Point                   Flags   Arc   Edge           Cell             Fanout Load Trans Delay Arrival      Instance     
#                                                                                                      (fF)  (ps)  (ps)   (ps)       Location     
#-------------------------------------------------------------------------------------------------------------------------------------------------
  enb_1_8_0                                       -       -     F     (arrival)                     17 69.0     0     0     500             (-,-) 
  pp_fir_0_1_1/fopt16588/Y                        -       A->Y  R     INV_X9M_A9PP140ZTL_C30         7 21.9    14    13     513             (-,-) 
  pp_fir_0_1_1/fopt15970/Y                        -       A->Y  F     INV_X16M_A9PP140ZTL_C30       36 46.3    18    14     527             (-,-) 
  pp_fir_0_1_1/fopt15968/Y                        -       A->Y  F     BUF_X6M_A9PP140ZTL_C30        12 10.4    13    23     550             (-,-) 
  pp_fir_0_1_1/g13865/Y                           -       S0->Y R     MX2_X1B_A9PP140ZTL_C30         1  1.1    15    34     584             (-,-) 
  pp_fir_0_1_1/Delay_Pipeline_reg_re_reg[12][4]/D -       -     R     DFFRPQ_X3M_A9PP140ZTL_C30      1    -     -     0     584  (6.0415,26.1150) 
#-------------------------------------------------------------------------------------------------------------------------------------------------



Path 2: VIOLATED (-16 ps) Setup Check with Pin pp_fir_0_1_1/Delay_Pipeline_reg_re_reg[2][5]/CK->D
           View: view_wcl_slow
          Group: clk
     Startpoint: (F) enb_1_8_0
          Clock: (R) clk
       Endpoint: (R) pp_fir_0_1_1/Delay_Pipeline_reg_re_reg[2][5]/D
          Clock: (R) clk

                     Capture       Launch     
        Clock Edge:+     500            0     
        Drv Adjust:+       0            0     
       Src Latency:+       0            0     
       Net Latency:+     200 (I)      200 (I) 
           Arrival:=     700          200     
                                              
             Setup:-       7                  
       Uncertainty:-     125                  
     Required Time:=     568                  
      Launch Clock:-     200                  
       Input Delay:-     300                  
         Data Path:-      84                  
             Slack:=     -16                  

Exceptions/Constraints:
  input_delay             300             pp_int_x4_struct.sdc_line_20_1_1 

#--------------------------------------------------------------------------------------------------------------------------------------------------
#                 Timing Point                   Flags   Arc   Edge           Cell             Fanout Load Trans Delay Arrival       Instance      
#                                                                                                     (fF)  (ps)  (ps)   (ps)        Location      
#--------------------------------------------------------------------------------------------------------------------------------------------------
  enb_1_8_0                                      -       -     F     (arrival)                     17 69.0     0     0     500               (-,-) 
  pp_fir_0_1_1/fopt16588/Y                       -       A->Y  R     INV_X9M_A9PP140ZTL_C30         7 21.9    14    13     513               (-,-) 
  pp_fir_0_1_1/fopt15970/Y                       -       A->Y  F     INV_X16M_A9PP140ZTL_C30       36 46.3    18    14     527               (-,-) 
  pp_fir_0_1_1/fopt15968/Y                       -       A->Y  F     BUF_X6M_A9PP140ZTL_C30        12 10.4    13    23     550               (-,-) 
  pp_fir_0_1_1/g13416/Y                          -       S0->Y R     MX2_X1B_A9PP140ZTL_C30         1  1.1    15    34     584               (-,-) 
  pp_fir_0_1_1/Delay_Pipeline_reg_re_reg[2][5]/D -       -     R     DFFRPQ_X3M_A9PP140ZTL_C30      1    -     -     0     584  (109.7515,14.4540) 
#--------------------------------------------------------------------------------------------------------------------------------------------------



Path 3: VIOLATED (-16 ps) Setup Check with Pin pp_fir_0_1_1/Delay_Pipeline_reg_im_reg[14][8]/CK->D
           View: view_wcl_slow
          Group: clk
     Startpoint: (F) enb_1_8_0
          Clock: (R) clk
       Endpoint: (R) pp_fir_0_1_1/Delay_Pipeline_reg_im_reg[14][8]/D
          Clock: (R) clk

                     Capture       Launch     
        Clock Edge:+     500            0     
        Drv Adjust:+       0            0     
       Src Latency:+       0            0     
       Net Latency:+     200 (I)      200 (I) 
           Arrival:=     700          200     
                                              
             Setup:-       7                  
       Uncertainty:-     125                  
     Required Time:=     568                  
      Launch Clock:-     200                  
       Input Delay:-     300                  
         Data Path:-      84                  
             Slack:=     -16                  

Exceptions/Constraints:
  input_delay             300             pp_int_x4_struct.sdc_line_20_1_1 

#---------------------------------------------------------------------------------------------------------------------------------------------------
#                  Timing Point                   Flags   Arc   Edge           Cell             Fanout Load Trans Delay Arrival       Instance      
#                                                                                                      (fF)  (ps)  (ps)   (ps)        Location      
#---------------------------------------------------------------------------------------------------------------------------------------------------
  enb_1_8_0                                       -       -     F     (arrival)                     17 69.0     0     0     500               (-,-) 
  pp_fir_0_1_1/fopt16588/Y                        -       A->Y  R     INV_X9M_A9PP140ZTL_C30         7 21.9    14    13     513               (-,-) 
  pp_fir_0_1_1/fopt15970/Y                        -       A->Y  F     INV_X16M_A9PP140ZTL_C30       36 46.3    18    14     527               (-,-) 
  pp_fir_0_1_1/fopt15968/Y                        -       A->Y  F     BUF_X6M_A9PP140ZTL_C30        12 10.4    13    23     550               (-,-) 
  pp_fir_0_1_1/g12562__5477/Y                     -       S0->Y R     MX2_X1B_A9PP140ZTL_C30         1  1.1    15    34     584               (-,-) 
  pp_fir_0_1_1/Delay_Pipeline_reg_im_reg[14][8]/D -       -     R     DFFRPQ_X3M_A9PP140ZTL_C30      1    -     -     0     584  (127.7455,49.0045) 
#---------------------------------------------------------------------------------------------------------------------------------------------------



Path 4: VIOLATED (-16 ps) Setup Check with Pin pp_fir_0_1_1/Delay_Pipeline_reg_im_reg[14][7]/CK->D
           View: view_wcl_slow
          Group: clk
     Startpoint: (F) enb_1_8_0
          Clock: (R) clk
       Endpoint: (R) pp_fir_0_1_1/Delay_Pipeline_reg_im_reg[14][7]/D
          Clock: (R) clk

                     Capture       Launch     
        Clock Edge:+     500            0     
        Drv Adjust:+       0            0     
       Src Latency:+       0            0     
       Net Latency:+     200 (I)      200 (I) 
           Arrival:=     700          200     
                                              
             Setup:-       7                  
       Uncertainty:-     125                  
     Required Time:=     568                  
      Launch Clock:-     200                  
       Input Delay:-     300                  
         Data Path:-      84                  
             Slack:=     -16                  

Exceptions/Constraints:
  input_delay             300             pp_int_x4_struct.sdc_line_20_1_1 

#---------------------------------------------------------------------------------------------------------------------------------------------------
#                  Timing Point                   Flags   Arc   Edge           Cell             Fanout Load Trans Delay Arrival       Instance      
#                                                                                                      (fF)  (ps)  (ps)   (ps)        Location      
#---------------------------------------------------------------------------------------------------------------------------------------------------
  enb_1_8_0                                       -       -     F     (arrival)                     17 69.0     0     0     500               (-,-) 
  pp_fir_0_1_1/fopt16588/Y                        -       A->Y  R     INV_X9M_A9PP140ZTL_C30         7 21.9    14    13     513               (-,-) 
  pp_fir_0_1_1/fopt15970/Y                        -       A->Y  F     INV_X16M_A9PP140ZTL_C30       36 46.3    18    14     527               (-,-) 
  pp_fir_0_1_1/fopt15968/Y                        -       A->Y  F     BUF_X6M_A9PP140ZTL_C30        12 10.4    13    23     550               (-,-) 
  pp_fir_0_1_1/g12560__7410/Y                     -       S0->Y R     MX2_X1B_A9PP140ZTL_C30         1  1.1    15    34     584               (-,-) 
  pp_fir_0_1_1/Delay_Pipeline_reg_im_reg[14][7]/D -       -     R     DFFRPQ_X3M_A9PP140ZTL_C30      1    -     -     0     584  (131.3170,43.7110) 
#---------------------------------------------------------------------------------------------------------------------------------------------------



Path 5: VIOLATED (-16 ps) Setup Check with Pin pp_fir_0_1_1/Delay_Pipeline_reg_im_reg[10][8]/CK->D
           View: view_wcl_slow
          Group: clk
     Startpoint: (F) enb_1_8_0
          Clock: (R) clk
       Endpoint: (R) pp_fir_0_1_1/Delay_Pipeline_reg_im_reg[10][8]/D
          Clock: (R) clk

                     Capture       Launch     
        Clock Edge:+     500            0     
        Drv Adjust:+       0            0     
       Src Latency:+       0            0     
       Net Latency:+     200 (I)      200 (I) 
           Arrival:=     700          200     
                                              
             Setup:-       7                  
       Uncertainty:-     125                  
     Required Time:=     568                  
      Launch Clock:-     200                  
       Input Delay:-     300                  
         Data Path:-      84                  
             Slack:=     -16                  

Exceptions/Constraints:
  input_delay             300             pp_int_x4_struct.sdc_line_20_1_1 

#---------------------------------------------------------------------------------------------------------------------------------------------------
#                  Timing Point                   Flags   Arc   Edge           Cell             Fanout Load Trans Delay Arrival       Instance      
#                                                                                                      (fF)  (ps)  (ps)   (ps)        Location      
#---------------------------------------------------------------------------------------------------------------------------------------------------
  enb_1_8_0                                       -       -     F     (arrival)                     17 69.0     0     0     500               (-,-) 
  pp_fir_0_1_1/fopt16588/Y                        -       A->Y  R     INV_X9M_A9PP140ZTL_C30         7 21.9    14    13     513               (-,-) 
  pp_fir_0_1_1/fopt15970/Y                        -       A->Y  F     INV_X16M_A9PP140ZTL_C30       36 46.3    18    14     527               (-,-) 
  pp_fir_0_1_1/fopt15968/Y                        -       A->Y  F     BUF_X6M_A9PP140ZTL_C30        12 10.4    13    23     550               (-,-) 
  pp_fir_0_1_1/g12362__2346/Y                     -       S0->Y R     MX2_X1B_A9PP140ZTL_C30         1  1.1    15    34     584               (-,-) 
  pp_fir_0_1_1/Delay_Pipeline_reg_im_reg[10][8]/D -       -     R     DFFRPQ_X3M_A9PP140ZTL_C30      1    -     -     0     584  (196.9275,55.0315) 
#---------------------------------------------------------------------------------------------------------------------------------------------------



Path 6: VIOLATED (-16 ps) Setup Check with Pin pp_fir_0_1_1/sum1_9_im_1_reg[25]/CK->D
           View: view_wcl_slow
          Group: clk
     Startpoint: (F) enb_1_8_0
          Clock: (R) clk
       Endpoint: (R) pp_fir_0_1_1/sum1_9_im_1_reg[25]/D
          Clock: (R) clk

                     Capture       Launch     
        Clock Edge:+     500            0     
        Drv Adjust:+       0            0     
       Src Latency:+       0            0     
       Net Latency:+     200 (I)      200 (I) 
           Arrival:=     700          200     
                                              
             Setup:-       7                  
       Uncertainty:-     125                  
     Required Time:=     568                  
      Launch Clock:-     200                  
       Input Delay:-     300                  
         Data Path:-      84                  
             Slack:=     -16                  

Exceptions/Constraints:
  input_delay             300             pp_int_x4_struct.sdc_line_20_1_1 

#----------------------------------------------------------------------------------------------------------------------------------------
#           Timing Point             Flags    Arc   Edge            Cell             Fanout Load Trans Delay Arrival       Instance      
#                                                                                           (fF)  (ps)  (ps)   (ps)        Location      
#----------------------------------------------------------------------------------------------------------------------------------------
  enb_1_8_0                          -       -      F     (arrival)                      17 69.0     0     0     500               (-,-) 
  pp_fir_0_1_1/fopt16588/Y           -       A->Y   R     INV_X9M_A9PP140ZTL_C30          7 21.9    14    13     513               (-,-) 
  pp_fir_0_1_1/fopt15970/Y           -       A->Y   F     INV_X16M_A9PP140ZTL_C30        36 46.3    18    14     527               (-,-) 
  pp_fir_0_1_1/fopt15965/Y           -       A->Y   F     BUFH_X4M_A9PP140ZTL_C30         7  8.6    14    21     548               (-,-) 
  pp_fir_0_1_1/fopt15964/Y           -       A->Y   R     INV_X3P5B_A9PP140ZTL_C30        4  4.9    12    10     558               (-,-) 
  pp_fir_0_1_1/g12418__2346/Y        -       B0N->Y R     OAI22BB_X2M_A9PP140ZTL_C30      1  1.1    22    26     584               (-,-) 
  pp_fir_0_1_1/sum1_9_im_1_reg[25]/D -       -      R     DFFRPQ_X3M_A9PP140ZTL_C30       1    -     -     0     584  (120.0940,71.5460) 
#----------------------------------------------------------------------------------------------------------------------------------------



Path 7: VIOLATED (-16 ps) Setup Check with Pin pp_fir_0_1_1/Delay_Pipeline_reg_im_reg[14][6]/CK->D
           View: view_wcl_slow
          Group: clk
     Startpoint: (F) enb_1_8_0
          Clock: (R) clk
       Endpoint: (F) pp_fir_0_1_1/Delay_Pipeline_reg_im_reg[14][6]/D
          Clock: (R) clk

                     Capture       Launch     
        Clock Edge:+     500            0     
        Drv Adjust:+       0            0     
       Src Latency:+       0            0     
       Net Latency:+     200 (I)      200 (I) 
           Arrival:=     700          200     
                                              
             Setup:-      43                  
       Uncertainty:-     125                  
     Required Time:=     532                  
      Launch Clock:-     200                  
       Input Delay:-     300                  
         Data Path:-      47                  
             Slack:=     -16                  

Exceptions/Constraints:
  input_delay             300             pp_int_x4_struct.sdc_line_20_1_1 

#------------------------------------------------------------------------------------------------------------------------------------------------------
#                  Timing Point                   Flags    Arc   Edge            Cell              Fanout Load Trans Delay Arrival       Instance      
#                                                                                                         (fF)  (ps)  (ps)   (ps)        Location      
#------------------------------------------------------------------------------------------------------------------------------------------------------
  enb_1_8_0                                       -       -      F     (arrival)                       17 69.0     0     0     500               (-,-) 
  pp_fir_0_1_1/fopt15865/Y                        -       A->Y   R     INV_X11M_A9PP140ZTL_C30          5 19.9    11    11     511               (-,-) 
  pp_fir_0_1_1/fopt15863/Y                        -       A->Y   F     INV_X7P5M_A9PP140ZTL_C30        18 14.3    12    10     522               (-,-) 
  pp_fir_0_1_1/g12557__2883/Y                     -       B0N->Y F     OAI22BB_X1M_A9PP140ZTL_C30       1  0.9    19    26     547               (-,-) 
  pp_fir_0_1_1/Delay_Pipeline_reg_im_reg[14][6]/D -       -      F     DFFRPQNA_X1M_A9PP140ZTL_C30      1    -     -     0     547  (128.8565,48.0360) 
#------------------------------------------------------------------------------------------------------------------------------------------------------



Path 8: VIOLATED (-15 ps) Setup Check with Pin pp_fir_0_1_1/sum1_9_im_1_reg[26]/CK->D
           View: view_wcl_slow
          Group: clk
     Startpoint: (R) pp_fir_0_1_1/Delay_Pipeline_reg_im_reg[14][9]/CK
          Clock: (R) clk
       Endpoint: (F) pp_fir_0_1_1/sum1_9_im_1_reg[26]/D
          Clock: (R) clk

                     Capture       Launch     
        Clock Edge:+     500            0     
       Src Latency:+       0            0     
       Net Latency:+     200 (I)      200 (I) 
           Arrival:=     700          200     
                                              
             Setup:-       5                  
       Uncertainty:-     125                  
     Required Time:=     570                  
      Launch Clock:-     200                  
         Data Path:-     385                  
             Slack:=     -15                  

#---------------------------------------------------------------------------------------------------------------------------------------------------------
#                    Timing Point                     Flags    Arc   Edge            Cell             Fanout Load Trans Delay Arrival       Instance      
#                                                                                                            (fF)  (ps)  (ps)   (ps)        Location      
#---------------------------------------------------------------------------------------------------------------------------------------------------------
  pp_fir_0_1_1/Delay_Pipeline_reg_im_reg[14][9]/CK    -       -      R     (arrival)                    3588    -    25     0     200               (-,-) 
  pp_fir_0_1_1/Delay_Pipeline_reg_im_reg[14][9]/Q     -       CK->Q  F     DFFRPQ_X4M_A9PP140ZTL_C30       7 11.6    18    58     258  (126.5385,50.2695) 
  pp_fir_0_1_1/csa_tree_ADD_TC_OP_groupi3954_g12214/Y -       A->Y   R     INV_X4M_A9PP140ZTL_C30          3  4.3    11    10     268               (-,-) 
  pp_fir_0_1_1/csa_tree_ADD_TC_OP_groupi3954_g11933/Y -       C->Y   F     XNOR3_X3M_A9PP140ZTL_C30        3  4.8    20    44     312               (-,-) 
  pp_fir_0_1_1/csa_tree_ADD_TC_OP_groupi3954_g11745/Y -       C->Y   F     XOR3_X3M_A9PP140ZTL_C30         2  3.5    19    47     359               (-,-) 
  pp_fir_0_1_1/csa_tree_ADD_TC_OP_groupi3954_g11621/Y -       B->Y   F     XOR3_X3M_A9PP140ZTL_C30         2  3.1    18    42     401               (-,-) 
  pp_fir_0_1_1/csa_tree_ADD_TC_OP_groupi3954_g11551/Y -       B->Y   R     XNOR3_X3M_A9PP140ZTL_C30        2  4.1    20    44     446               (-,-) 
  pp_fir_0_1_1/csa_tree_ADD_TC_OP_groupi3954_g11503/Y -       A->Y   F     NAND2_X4A_A9PP140ZTL_C30        3  4.5    16    12     457               (-,-) 
  pp_fir_0_1_1/csa_tree_ADD_TC_OP_groupi3954_g11455/Y -       A0->Y  R     AOI21_X2M_A9PP140ZTL_C30        2  4.0    28    21     478               (-,-) 
  pp_fir_0_1_1/csa_tree_ADD_TC_OP_groupi3954_g11440/Y -       A1->Y  F     OAI21_X4M_A9PP140ZTL_C30        2  4.2    19    16     494               (-,-) 
  pp_fir_0_1_1/csa_tree_ADD_TC_OP_groupi3954_g11421/Y -       A0->Y  R     AOI21_X4M_A9PP140ZTL_C30        1  4.0    20    16     510               (-,-) 
  pp_fir_0_1_1/csa_tree_ADD_TC_OP_groupi3954_g11416/Y -       B0N->Y F     AO21B_X6M_A9PP140ZTL_C30        4  8.8    19    13     523               (-,-) 
  pp_fir_0_1_1/csa_tree_ADD_TC_OP_groupi3954_g11409/Y -       A->Y   R     NAND2XB_X4M_A9PP140ZTL_C30      2  3.8    16    13     536               (-,-) 
  pp_fir_0_1_1/csa_tree_ADD_TC_OP_groupi3954_g11399/Y -       A0->Y  F     OAI21_X3M_A9PP140ZTL_C30        1  3.6    22    14     549               (-,-) 
  pp_fir_0_1_1/csa_tree_ADD_TC_OP_groupi3954_g11393/Y -       A->Y   F     XOR2_X4M_A9PP140ZTL_C30         1  2.9    26    17     567               (-,-) 
  pp_fir_0_1_1/g14489/Y                               -       A->Y   R     INV_X4M_A9PP140ZTL_C30          1  1.7    10     8     575               (-,-) 
  pp_fir_0_1_1/g12420__7410/Y                         -       A0->Y  F     OAI22BB_X2M_A9PP140ZTL_C30      1  1.1    14    10     585               (-,-) 
  pp_fir_0_1_1/sum1_9_im_1_reg[26]/D                  -       -      F     DFFRPQ_X3M_A9PP140ZTL_C30       1    -     -     0     585  (121.0455,69.7605) 
#---------------------------------------------------------------------------------------------------------------------------------------------------------



Path 9: VIOLATED (-15 ps) Setup Check with Pin pp_fir_0_1_1/Delay_Pipeline_reg_re_reg[21][11]/CK->D
           View: view_wcl_slow
          Group: clk
     Startpoint: (F) enb_1_8_0
          Clock: (R) clk
       Endpoint: (R) pp_fir_0_1_1/Delay_Pipeline_reg_re_reg[21][11]/D
          Clock: (R) clk

                     Capture       Launch     
        Clock Edge:+     500            0     
        Drv Adjust:+       0            0     
       Src Latency:+       0            0     
       Net Latency:+     200 (I)      200 (I) 
           Arrival:=     700          200     
                                              
             Setup:-       7                  
       Uncertainty:-     125                  
     Required Time:=     568                  
      Launch Clock:-     200                  
       Input Delay:-     300                  
         Data Path:-      83                  
             Slack:=     -15                  

Exceptions/Constraints:
  input_delay             300             pp_int_x4_struct.sdc_line_20_1_1 

#----------------------------------------------------------------------------------------------------------------------------------------------------
#                  Timing Point                    Flags   Arc   Edge           Cell             Fanout Load Trans Delay Arrival       Instance      
#                                                                                                       (fF)  (ps)  (ps)   (ps)        Location      
#----------------------------------------------------------------------------------------------------------------------------------------------------
  enb_1_8_0                                        -       -     F     (arrival)                     17 69.0     0     0     500               (-,-) 
  pp_fir_0_1_1/fopt15845/Y                         -       A->Y  R     INV_X11M_A9PP140ZTL_C30        9 20.0    11    11     511               (-,-) 
  pp_fir_0_1_1/fopt15815/Y                         -       A->Y  R     BUF_X7P5M_A9PP140ZTL_C30      10 27.3    22    24     535               (-,-) 
  pp_fir_0_1_1/fopt15803/Y                         -       A->Y  F     INV_X7P5M_A9PP140ZTL_C30      15 15.5    16    12     548               (-,-) 
  pp_fir_0_1_1/g14206/Y                            -       S0->Y R     MX2_X1B_A9PP140ZTL_C30         1  1.1    15    35     583               (-,-) 
  pp_fir_0_1_1/Delay_Pipeline_reg_re_reg[21][11]/D -       -     R     DFFRPQ_X4M_A9PP140ZTL_C30      1    -     -     0     583  (39.1935,142.4995) 
#----------------------------------------------------------------------------------------------------------------------------------------------------



Path 10: VIOLATED (-15 ps) Setup Check with Pin pp_fir_0_1_1/Delay_Pipeline_reg_re_reg[13][4]/CK->D
           View: view_wcl_slow
          Group: clk
     Startpoint: (F) enb_1_8_0
          Clock: (R) clk
       Endpoint: (R) pp_fir_0_1_1/Delay_Pipeline_reg_re_reg[13][4]/D
          Clock: (R) clk

                     Capture       Launch     
        Clock Edge:+     500            0     
        Drv Adjust:+       0            0     
       Src Latency:+       0            0     
       Net Latency:+     200 (I)      200 (I) 
           Arrival:=     700          200     
                                              
             Setup:-       7                  
       Uncertainty:-     125                  
     Required Time:=     568                  
      Launch Clock:-     200                  
       Input Delay:-     300                  
         Data Path:-      83                  
             Slack:=     -15                  

Exceptions/Constraints:
  input_delay             300             pp_int_x4_struct.sdc_line_20_1_1 

#-------------------------------------------------------------------------------------------------------------------------------------------------
#                  Timing Point                   Flags   Arc   Edge           Cell             Fanout Load Trans Delay Arrival      Instance     
#                                                                                                      (fF)  (ps)  (ps)   (ps)       Location     
#-------------------------------------------------------------------------------------------------------------------------------------------------
  enb_1_8_0                                       -       -     F     (arrival)                     17 69.0     0     0     500             (-,-) 
  pp_fir_0_1_1/fopt15845/Y                        -       A->Y  R     INV_X11M_A9PP140ZTL_C30        9 20.0    11    11     511             (-,-) 
  pp_fir_0_1_1/fopt15815/Y                        -       A->Y  R     BUF_X7P5M_A9PP140ZTL_C30      10 27.3    22    24     535             (-,-) 
  pp_fir_0_1_1/fopt15803/Y                        -       A->Y  F     INV_X7P5M_A9PP140ZTL_C30      15 15.5    16    12     548             (-,-) 
  pp_fir_0_1_1/g13908/Y                           -       S0->Y R     MX2_X1B_A9PP140ZTL_C30         1  1.1    15    35     583             (-,-) 
  pp_fir_0_1_1/Delay_Pipeline_reg_re_reg[13][4]/D -       -     R     DFFRPQ_X4M_A9PP140ZTL_C30      1    -     -     0     583  (4.8305,38.8110) 
#-------------------------------------------------------------------------------------------------------------------------------------------------



Path 11: VIOLATED (-15 ps) Setup Check with Pin pp_fir_0_1_1/Delay_Pipeline_reg_im_reg[21][10]/CK->D
           View: view_wcl_slow
          Group: clk
     Startpoint: (F) enb_1_8_0
          Clock: (R) clk
       Endpoint: (R) pp_fir_0_1_1/Delay_Pipeline_reg_im_reg[21][10]/D
          Clock: (R) clk

                     Capture       Launch     
        Clock Edge:+     500            0     
        Drv Adjust:+       0            0     
       Src Latency:+       0            0     
       Net Latency:+     200 (I)      200 (I) 
           Arrival:=     700          200     
                                              
             Setup:-       7                  
       Uncertainty:-     125                  
     Required Time:=     568                  
      Launch Clock:-     200                  
       Input Delay:-     300                  
         Data Path:-      83                  
             Slack:=     -15                  

Exceptions/Constraints:
  input_delay             300             pp_int_x4_struct.sdc_line_20_1_1 

#-----------------------------------------------------------------------------------------------------------------------------------------------------
#                  Timing Point                    Flags   Arc   Edge           Cell             Fanout Load Trans Delay Arrival       Instance       
#                                                                                                       (fF)  (ps)  (ps)   (ps)        Location       
#-----------------------------------------------------------------------------------------------------------------------------------------------------
  enb_1_8_0                                        -       -     F     (arrival)                     17 69.0     0     0     500                (-,-) 
  pp_fir_0_1_1/fopt15845/Y                         -       A->Y  R     INV_X11M_A9PP140ZTL_C30        9 20.0    11    11     511                (-,-) 
  pp_fir_0_1_1/fopt15815/Y                         -       A->Y  R     BUF_X7P5M_A9PP140ZTL_C30      10 27.3    22    24     535                (-,-) 
  pp_fir_0_1_1/fopt15803/Y                         -       A->Y  F     INV_X7P5M_A9PP140ZTL_C30      15 15.5    16    12     548                (-,-) 
  pp_fir_0_1_1/g12921/Y                            -       S0->Y R     MX2_X1B_A9PP140ZTL_C30         1  1.1    15    35     583                (-,-) 
  pp_fir_0_1_1/Delay_Pipeline_reg_im_reg[21][10]/D -       -     R     DFFRPQ_X4M_A9PP140ZTL_C30      1    -     -     0     583  (140.3320,135.1900) 
#-----------------------------------------------------------------------------------------------------------------------------------------------------



Path 12: VIOLATED (-15 ps) Setup Check with Pin pp_fir_0_1_1/Delay_Pipeline_reg_im_reg[21][8]/CK->D
           View: view_wcl_slow
          Group: clk
     Startpoint: (F) enb_1_8_0
          Clock: (R) clk
       Endpoint: (R) pp_fir_0_1_1/Delay_Pipeline_reg_im_reg[21][8]/D
          Clock: (R) clk

                     Capture       Launch     
        Clock Edge:+     500            0     
        Drv Adjust:+       0            0     
       Src Latency:+       0            0     
       Net Latency:+     200 (I)      200 (I) 
           Arrival:=     700          200     
                                              
             Setup:-       7                  
       Uncertainty:-     125                  
     Required Time:=     568                  
      Launch Clock:-     200                  
       Input Delay:-     300                  
         Data Path:-      83                  
             Slack:=     -15                  

Exceptions/Constraints:
  input_delay             300             pp_int_x4_struct.sdc_line_20_1_1 

#----------------------------------------------------------------------------------------------------------------------------------------------------
#                  Timing Point                   Flags   Arc   Edge           Cell             Fanout Load Trans Delay Arrival       Instance       
#                                                                                                      (fF)  (ps)  (ps)   (ps)        Location       
#----------------------------------------------------------------------------------------------------------------------------------------------------
  enb_1_8_0                                       -       -     F     (arrival)                     17 69.0     0     0     500                (-,-) 
  pp_fir_0_1_1/fopt15845/Y                        -       A->Y  R     INV_X11M_A9PP140ZTL_C30        9 20.0    11    11     511                (-,-) 
  pp_fir_0_1_1/fopt15815/Y                        -       A->Y  R     BUF_X7P5M_A9PP140ZTL_C30      10 27.3    22    24     535                (-,-) 
  pp_fir_0_1_1/fopt15803/Y                        -       A->Y  F     INV_X7P5M_A9PP140ZTL_C30      15 15.5    16    12     548                (-,-) 
  pp_fir_0_1_1/g12914/Y                           -       S0->Y R     MX2_X1B_A9PP140ZTL_C30         1  1.1    15    35     583                (-,-) 
  pp_fir_0_1_1/Delay_Pipeline_reg_im_reg[21][8]/D -       -     R     DFFRPQ_X4M_A9PP140ZTL_C30      1    -     -     0     583  (128.8690,121.2345) 
#----------------------------------------------------------------------------------------------------------------------------------------------------



Path 13: VIOLATED (-15 ps) Setup Check with Pin pp_fir_0_1_1/Delay_Pipeline_reg_im_reg[20][3]/CK->D
           View: view_wcl_slow
          Group: clk
     Startpoint: (F) enb_1_8_0
          Clock: (R) clk
       Endpoint: (R) pp_fir_0_1_1/Delay_Pipeline_reg_im_reg[20][3]/D
          Clock: (R) clk

                     Capture       Launch     
        Clock Edge:+     500            0     
        Drv Adjust:+       0            0     
       Src Latency:+       0            0     
       Net Latency:+     200 (I)      200 (I) 
           Arrival:=     700          200     
                                              
             Setup:-       7                  
       Uncertainty:-     125                  
     Required Time:=     568                  
      Launch Clock:-     200                  
       Input Delay:-     300                  
         Data Path:-      83                  
             Slack:=     -15                  

Exceptions/Constraints:
  input_delay             300             pp_int_x4_struct.sdc_line_20_1_1 

#----------------------------------------------------------------------------------------------------------------------------------------------------
#                  Timing Point                   Flags   Arc   Edge           Cell             Fanout Load Trans Delay Arrival       Instance       
#                                                                                                      (fF)  (ps)  (ps)   (ps)        Location       
#----------------------------------------------------------------------------------------------------------------------------------------------------
  enb_1_8_0                                       -       -     F     (arrival)                     17 69.0     0     0     500                (-,-) 
  pp_fir_0_1_1/fopt15845/Y                        -       A->Y  R     INV_X11M_A9PP140ZTL_C30        9 20.0    11    11     511                (-,-) 
  pp_fir_0_1_1/fopt15815/Y                        -       A->Y  R     BUF_X7P5M_A9PP140ZTL_C30      10 27.3    22    24     535                (-,-) 
  pp_fir_0_1_1/fopt15803/Y                        -       A->Y  F     INV_X7P5M_A9PP140ZTL_C30      15 15.5    16    12     548                (-,-) 
  pp_fir_0_1_1/g12850__3680/Y                     -       S0->Y R     MX2_X1B_A9PP140ZTL_C30         1  1.1    15    35     583                (-,-) 
  pp_fir_0_1_1/Delay_Pipeline_reg_im_reg[20][3]/D -       -     R     DFFRPQ_X4M_A9PP140ZTL_C30      1    -     -     0     583  (131.7790,104.5340) 
#----------------------------------------------------------------------------------------------------------------------------------------------------



Path 14: VIOLATED (-15 ps) Setup Check with Pin pp_fir_0_1_1/Delay_Pipeline_reg_im_reg[16][5]/CK->D
           View: view_wcl_slow
          Group: clk
     Startpoint: (F) enb_1_8_0
          Clock: (R) clk
       Endpoint: (R) pp_fir_0_1_1/Delay_Pipeline_reg_im_reg[16][5]/D
          Clock: (R) clk

                     Capture       Launch     
        Clock Edge:+     500            0     
        Drv Adjust:+       0            0     
       Src Latency:+       0            0     
       Net Latency:+     200 (I)      200 (I) 
           Arrival:=     700          200     
                                              
             Setup:-       7                  
       Uncertainty:-     125                  
     Required Time:=     568                  
      Launch Clock:-     200                  
       Input Delay:-     300                  
         Data Path:-      83                  
             Slack:=     -15                  

Exceptions/Constraints:
  input_delay             300             pp_int_x4_struct.sdc_line_20_1_1 

#---------------------------------------------------------------------------------------------------------------------------------------------------
#                  Timing Point                   Flags   Arc   Edge           Cell             Fanout Load Trans Delay Arrival       Instance      
#                                                                                                      (fF)  (ps)  (ps)   (ps)        Location      
#---------------------------------------------------------------------------------------------------------------------------------------------------
  enb_1_8_0                                       -       -     F     (arrival)                     17 69.0     0     0     500               (-,-) 
  pp_fir_0_1_1/fopt15845/Y                        -       A->Y  R     INV_X11M_A9PP140ZTL_C30        9 20.0    11    11     511               (-,-) 
  pp_fir_0_1_1/fopt15815/Y                        -       A->Y  R     BUF_X7P5M_A9PP140ZTL_C30      10 27.3    22    24     535               (-,-) 
  pp_fir_0_1_1/fopt15803/Y                        -       A->Y  F     INV_X7P5M_A9PP140ZTL_C30      15 15.5    16    12     548               (-,-) 
  pp_fir_0_1_1/g12655__1617/Y                     -       S0->Y R     MX2_X1B_A9PP140ZTL_C30         1  1.1    15    35     583               (-,-) 
  pp_fir_0_1_1/Delay_Pipeline_reg_im_reg[16][5]/D -       -     R     DFFRPQ_X4M_A9PP140ZTL_C30      1    -     -     0     583  (107.9950,67.1395) 
#---------------------------------------------------------------------------------------------------------------------------------------------------



Path 15: VIOLATED (-15 ps) Setup Check with Pin pp_fir_0_1_1/Delay_Pipeline_reg_im_reg[10][11]/CK->D
           View: view_wcl_slow
          Group: clk
     Startpoint: (F) enb_1_8_0
          Clock: (R) clk
       Endpoint: (R) pp_fir_0_1_1/Delay_Pipeline_reg_im_reg[10][11]/D
          Clock: (R) clk

                     Capture       Launch     
        Clock Edge:+     500            0     
        Drv Adjust:+       0            0     
       Src Latency:+       0            0     
       Net Latency:+     200 (I)      200 (I) 
           Arrival:=     700          200     
                                              
             Setup:-       7                  
       Uncertainty:-     125                  
     Required Time:=     568                  
      Launch Clock:-     200                  
       Input Delay:-     300                  
         Data Path:-      83                  
             Slack:=     -15                  

Exceptions/Constraints:
  input_delay             300             pp_int_x4_struct.sdc_line_20_1_1 

#----------------------------------------------------------------------------------------------------------------------------------------------------
#                  Timing Point                    Flags   Arc   Edge           Cell             Fanout Load Trans Delay Arrival       Instance      
#                                                                                                       (fF)  (ps)  (ps)   (ps)        Location      
#----------------------------------------------------------------------------------------------------------------------------------------------------
  enb_1_8_0                                        -       -     F     (arrival)                     17 69.0     0     0     500               (-,-) 
  pp_fir_0_1_1/fopt15845/Y                         -       A->Y  R     INV_X11M_A9PP140ZTL_C30        9 20.0    11    11     511               (-,-) 
  pp_fir_0_1_1/fopt15815/Y                         -       A->Y  R     BUF_X7P5M_A9PP140ZTL_C30      10 27.3    22    24     535               (-,-) 
  pp_fir_0_1_1/fopt15803/Y                         -       A->Y  F     INV_X7P5M_A9PP140ZTL_C30      15 15.5    16    12     548               (-,-) 
  pp_fir_0_1_1/g12373__6783/Y                      -       S0->Y R     MX2_X1B_A9PP140ZTL_C30         1  1.1    15    35     583               (-,-) 
  pp_fir_0_1_1/Delay_Pipeline_reg_im_reg[10][11]/D -       -     R     DFFRPQ_X4M_A9PP140ZTL_C30      1    -     -     0     583  (198.1750,64.0245) 
#----------------------------------------------------------------------------------------------------------------------------------------------------



Path 16: VIOLATED (-15 ps) Setup Check with Pin pp_fir_0_1_1/Delay_Pipeline_reg_im_reg[8][12]/CK->D
           View: view_wcl_slow
          Group: clk
     Startpoint: (F) enb_1_8_0
          Clock: (R) clk
       Endpoint: (R) pp_fir_0_1_1/Delay_Pipeline_reg_im_reg[8][12]/D
          Clock: (R) clk

                     Capture       Launch     
        Clock Edge:+     500            0     
        Drv Adjust:+       0            0     
       Src Latency:+       0            0     
       Net Latency:+     200 (I)      200 (I) 
           Arrival:=     700          200     
                                              
             Setup:-       7                  
       Uncertainty:-     125                  
     Required Time:=     568                  
      Launch Clock:-     200                  
       Input Delay:-     300                  
         Data Path:-      83                  
             Slack:=     -15                  

Exceptions/Constraints:
  input_delay             300             pp_int_x4_struct.sdc_line_20_1_1 

#---------------------------------------------------------------------------------------------------------------------------------------------------
#                  Timing Point                   Flags   Arc   Edge           Cell             Fanout Load Trans Delay Arrival       Instance      
#                                                                                                      (fF)  (ps)  (ps)   (ps)        Location      
#---------------------------------------------------------------------------------------------------------------------------------------------------
  enb_1_8_0                                       -       -     F     (arrival)                     17 69.0     0     0     500               (-,-) 
  pp_fir_0_1_1/fopt15845/Y                        -       A->Y  R     INV_X11M_A9PP140ZTL_C30        9 20.0    11    11     511               (-,-) 
  pp_fir_0_1_1/fopt15815/Y                        -       A->Y  R     BUF_X7P5M_A9PP140ZTL_C30      10 27.3    22    24     535               (-,-) 
  pp_fir_0_1_1/fopt15803/Y                        -       A->Y  F     INV_X7P5M_A9PP140ZTL_C30      15 15.5    16    12     548               (-,-) 
  pp_fir_0_1_1/g12274__6161/Y                     -       S0->Y R     MX2_X1B_A9PP140ZTL_C30         1  1.1    15    35     583               (-,-) 
  pp_fir_0_1_1/Delay_Pipeline_reg_im_reg[8][12]/D -       -     R     DFFRPQ_X4M_A9PP140ZTL_C30      1    -     -     0     583  (198.8910,27.9465) 
#---------------------------------------------------------------------------------------------------------------------------------------------------



Path 17: VIOLATED (-15 ps) Setup Check with Pin pp_fir_0_1_1/Delay_Pipeline_reg_im_reg[12][9]/CK->D
           View: view_wcl_slow
          Group: clk
     Startpoint: (F) enb_1_8_0
          Clock: (R) clk
       Endpoint: (R) pp_fir_0_1_1/Delay_Pipeline_reg_im_reg[12][9]/D
          Clock: (R) clk

                     Capture       Launch     
        Clock Edge:+     500            0     
        Drv Adjust:+       0            0     
       Src Latency:+       0            0     
       Net Latency:+     200 (I)      200 (I) 
           Arrival:=     700          200     
                                              
             Setup:-       7                  
       Uncertainty:-     125                  
     Required Time:=     568                  
      Launch Clock:-     200                  
       Input Delay:-     300                  
         Data Path:-      83                  
             Slack:=     -15                  

Exceptions/Constraints:
  input_delay             300             pp_int_x4_struct.sdc_line_20_1_1 

#---------------------------------------------------------------------------------------------------------------------------------------------------
#                  Timing Point                   Flags   Arc   Edge           Cell             Fanout Load Trans Delay Arrival       Instance      
#                                                                                                      (fF)  (ps)  (ps)   (ps)        Location      
#---------------------------------------------------------------------------------------------------------------------------------------------------
  enb_1_8_0                                       -       -     F     (arrival)                     17 69.0     0     0     500               (-,-) 
  pp_fir_0_1_1/fopt15845/Y                        -       A->Y  R     INV_X11M_A9PP140ZTL_C30        9 20.0    11    11     511               (-,-) 
  pp_fir_0_1_1/fopt15815/Y                        -       A->Y  R     BUF_X7P5M_A9PP140ZTL_C30      10 27.3    22    24     535               (-,-) 
  pp_fir_0_1_1/fopt15803/Y                        -       A->Y  F     INV_X7P5M_A9PP140ZTL_C30      15 15.5    16    12     548               (-,-) 
  pp_fir_0_1_1/g12467__5115/Y                     -       S0->Y R     MX2_X1B_A9PP140ZTL_C30         1  1.1    14    35     583               (-,-) 
  pp_fir_0_1_1/Delay_Pipeline_reg_im_reg[12][9]/D -       -     R     DFFRPQ_X3M_A9PP140ZTL_C30      1    -     -     0     583  (161.4270,60.5000) 
#---------------------------------------------------------------------------------------------------------------------------------------------------



Path 18: VIOLATED (-15 ps) Setup Check with Pin pp_fir_0_1_1/sum1_10_im_1_reg[0]/CK->D
           View: view_wcl_slow
          Group: clk
     Startpoint: (R) enb_1_8_0
          Clock: (R) clk
       Endpoint: (R) pp_fir_0_1_1/sum1_10_im_1_reg[0]/D
          Clock: (R) clk

                     Capture       Launch     
        Clock Edge:+     500            0     
        Drv Adjust:+       0            0     
       Src Latency:+       0            0     
       Net Latency:+     200 (I)      200 (I) 
           Arrival:=     700          200     
                                              
             Setup:-       8                  
       Uncertainty:-     125                  
     Required Time:=     566                  
      Launch Clock:-     200                  
       Input Delay:-     300                  
         Data Path:-      81                  
             Slack:=     -15                  

Exceptions/Constraints:
  input_delay             300             pp_int_x4_struct.sdc_line_20_1_1 

#------------------------------------------------------------------------------------------------------------------------------------------
#           Timing Point             Flags    Arc   Edge             Cell              Fanout Load Trans Delay Arrival       Instance      
#                                                                                             (fF)  (ps)  (ps)   (ps)        Location      
#------------------------------------------------------------------------------------------------------------------------------------------
  enb_1_8_0                          -       -      R     (arrival)                        17 71.0     0     0     500               (-,-) 
  pp_fir_0_1_1/fopt16588/Y           -       A->Y   F     INV_X9M_A9PP140ZTL_C30            7 21.6    13    12     512               (-,-) 
  pp_fir_0_1_1/fopt15970/Y           -       A->Y   R     INV_X16M_A9PP140ZTL_C30          36 46.7    19    16     528               (-,-) 
  pp_fir_0_1_1/fopt15968/Y           -       A->Y   R     BUF_X6M_A9PP140ZTL_C30           12 10.4    13    22     549               (-,-) 
  pp_fir_0_1_1/g12474__2346/Y        -       B1N->Y R     OAI22BB_X0P7M_A9PP140ZTL_C30      1  1.1    29    32     581               (-,-) 
  pp_fir_0_1_1/sum1_10_im_1_reg[0]/D -       -      R     DFFRPQN_X3M_A9PP140ZTL_C30        1    -     -     0     581  (160.5920,41.0165) 
#------------------------------------------------------------------------------------------------------------------------------------------



Path 19: VIOLATED (-15 ps) Setup Check with Pin pp_fir_0_1_1/sum1_9_re_1_reg[26]/CK->D
           View: view_wcl_slow
          Group: clk
     Startpoint: (R) pp_fir_0_1_1/Delay_Pipeline_reg_re_reg[14][9]/CK
          Clock: (R) clk
       Endpoint: (R) pp_fir_0_1_1/sum1_9_re_1_reg[26]/D
          Clock: (R) clk

                     Capture       Launch     
        Clock Edge:+     500            0     
       Src Latency:+       0            0     
       Net Latency:+     200 (I)      200 (I) 
           Arrival:=     700          200     
                                              
             Setup:-       7                  
       Uncertainty:-     125                  
     Required Time:=     568                  
      Launch Clock:-     200                  
         Data Path:-     383                  
             Slack:=     -15                  

#-------------------------------------------------------------------------------------------------------------------------------------------------------
#                    Timing Point                     Flags   Arc   Edge            Cell             Fanout Load Trans Delay Arrival      Instance      
#                                                                                                           (fF)  (ps)  (ps)   (ps)       Location      
#-------------------------------------------------------------------------------------------------------------------------------------------------------
  pp_fir_0_1_1/Delay_Pipeline_reg_re_reg[14][9]/CK    -       -     R     (arrival)                    3588    -    25     0     200              (-,-) 
  pp_fir_0_1_1/Delay_Pipeline_reg_re_reg[14][9]/Q     -       CK->Q F     DFFRPQ_X4M_A9PP140ZTL_C30       7 11.6    18    58     258   (6.7265,73.5840) 
  pp_fir_0_1_1/csa_tree_ADD_TC_OP_groupi3955_g12214/Y -       A->Y  R     INV_X4M_A9PP140ZTL_C30          3  4.3    11    10     268              (-,-) 
  pp_fir_0_1_1/csa_tree_ADD_TC_OP_groupi3955_g11933/Y -       C->Y  F     XNOR3_X3M_A9PP140ZTL_C30        3  4.8    20    44     312              (-,-) 
  pp_fir_0_1_1/csa_tree_ADD_TC_OP_groupi3955_g11745/Y -       C->Y  F     XOR3_X3M_A9PP140ZTL_C30         2  3.5    19    47     359              (-,-) 
  pp_fir_0_1_1/csa_tree_ADD_TC_OP_groupi3955_g11621/Y -       B->Y  F     XOR3_X3M_A9PP140ZTL_C30         2  3.1    18    42     401              (-,-) 
  pp_fir_0_1_1/csa_tree_ADD_TC_OP_groupi3955_g11551/Y -       B->Y  F     XNOR3_X3M_A9PP140ZTL_C30        2  3.9    19    43     444              (-,-) 
  pp_fir_0_1_1/csa_tree_ADD_TC_OP_groupi3955_g11503/Y -       A->Y  R     NAND2_X4M_A9PP140ZTL_C30        3  4.5    17    14     458              (-,-) 
  pp_fir_0_1_1/csa_tree_ADD_TC_OP_groupi3955_g11497/Y -       A->Y  F     INV_X3M_A9PP140ZTL_C30          1  2.6     9     7     465              (-,-) 
  pp_fir_0_1_1/csa_tree_ADD_TC_OP_groupi3955_g11480/Y -       A->Y  R     NOR2_X4A_A9PP140ZTL_C30         2  2.5    14     9     474              (-,-) 
  pp_fir_0_1_1/csa_tree_ADD_TC_OP_groupi3955_g11445/Y -       A->Y  F     NAND2_X2M_A9PP140ZTL_C30        2  2.7    16    11     485              (-,-) 
  pp_fir_0_1_1/csa_tree_ADD_TC_OP_groupi3955_g11427/Y -       B->Y  R     NOR2_X2A_A9PP140ZTL_C30         1  2.6    18    16     501              (-,-) 
  pp_fir_0_1_1/csa_tree_ADD_TC_OP_groupi3955_g11416/Y -       A0->Y R     AO21B_X6M_A9PP140ZTL_C30        4  8.6    16    24     525              (-,-) 
  pp_fir_0_1_1/csa_tree_ADD_TC_OP_groupi3955_g11409/Y -       A->Y  F     NAND2XB_X4M_A9PP140ZTL_C30      2  4.2    15    10     535              (-,-) 
  pp_fir_0_1_1/csa_tree_ADD_TC_OP_groupi3955_g11399/Y -       A0->Y R     OAI21_X3M_A9PP140ZTL_C30        1  3.7    24    17     552              (-,-) 
  pp_fir_0_1_1/csa_tree_ADD_TC_OP_groupi3955_g11393/Y -       A->Y  R     XOR2_X4M_A9PP140ZTL_C30         1  2.7    25    14     567              (-,-) 
  pp_fir_0_1_1/g14486/Y                               -       A->Y  F     INV_X3P5M_A9PP140ZTL_C30        1  1.6     9     5     572              (-,-) 
  pp_fir_0_1_1/g12468__7482/Y                         -       A0->Y R     OAI22BB_X2M_A9PP140ZTL_C30      1  1.1    22    11     583              (-,-) 
  pp_fir_0_1_1/sum1_9_re_1_reg[26]/D                  -       -     R     DFFRPQ_X3M_A9PP140ZTL_C30       1    -     -     0     583  (34.5740,91.7720) 
#-------------------------------------------------------------------------------------------------------------------------------------------------------



Path 20: VIOLATED (-14 ps) Setup Check with Pin pp_fir_0_1_1/sum1_9_im_1_reg[29]/CK->D
           View: view_wcl_slow
          Group: clk
     Startpoint: (R) pp_fir_0_1_1/Delay_Pipeline_reg_im_reg[14][9]/CK
          Clock: (R) clk
       Endpoint: (F) pp_fir_0_1_1/sum1_9_im_1_reg[29]/D
          Clock: (R) clk

                     Capture       Launch     
        Clock Edge:+     500            0     
       Src Latency:+       0            0     
       Net Latency:+     200 (I)      200 (I) 
           Arrival:=     700          200     
                                              
             Setup:-       5                  
       Uncertainty:-     125                  
     Required Time:=     570                  
      Launch Clock:-     200                  
         Data Path:-     384                  
             Slack:=     -14                  

#---------------------------------------------------------------------------------------------------------------------------------------------------------
#                    Timing Point                     Flags    Arc   Edge            Cell             Fanout Load Trans Delay Arrival       Instance      
#                                                                                                            (fF)  (ps)  (ps)   (ps)        Location      
#---------------------------------------------------------------------------------------------------------------------------------------------------------
  pp_fir_0_1_1/Delay_Pipeline_reg_im_reg[14][9]/CK    -       -      R     (arrival)                    3588    -    25     0     200               (-,-) 
  pp_fir_0_1_1/Delay_Pipeline_reg_im_reg[14][9]/Q     -       CK->Q  F     DFFRPQ_X4M_A9PP140ZTL_C30       7 11.6    18    58     258  (126.5385,50.2695) 
  pp_fir_0_1_1/csa_tree_ADD_TC_OP_groupi3954_g12214/Y -       A->Y   R     INV_X4M_A9PP140ZTL_C30          3  4.3    11    10     268               (-,-) 
  pp_fir_0_1_1/csa_tree_ADD_TC_OP_groupi3954_g11933/Y -       C->Y   F     XNOR3_X3M_A9PP140ZTL_C30        3  4.8    20    44     312               (-,-) 
  pp_fir_0_1_1/csa_tree_ADD_TC_OP_groupi3954_g11745/Y -       C->Y   F     XOR3_X3M_A9PP140ZTL_C30         2  3.5    19    47     359               (-,-) 
  pp_fir_0_1_1/csa_tree_ADD_TC_OP_groupi3954_g11621/Y -       B->Y   F     XOR3_X3M_A9PP140ZTL_C30         2  3.1    18    42     401               (-,-) 
  pp_fir_0_1_1/csa_tree_ADD_TC_OP_groupi3954_g11551/Y -       B->Y   R     XNOR3_X3M_A9PP140ZTL_C30        2  4.1    20    44     446               (-,-) 
  pp_fir_0_1_1/csa_tree_ADD_TC_OP_groupi3954_g11503/Y -       A->Y   F     NAND2_X4A_A9PP140ZTL_C30        3  4.5    16    12     457               (-,-) 
  pp_fir_0_1_1/csa_tree_ADD_TC_OP_groupi3954_g11455/Y -       A0->Y  R     AOI21_X2M_A9PP140ZTL_C30        2  4.0    28    21     478               (-,-) 
  pp_fir_0_1_1/csa_tree_ADD_TC_OP_groupi3954_g11440/Y -       A1->Y  F     OAI21_X4M_A9PP140ZTL_C30        2  4.2    19    16     494               (-,-) 
  pp_fir_0_1_1/csa_tree_ADD_TC_OP_groupi3954_g11421/Y -       A0->Y  R     AOI21_X4M_A9PP140ZTL_C30        1  4.0    20    16     510               (-,-) 
  pp_fir_0_1_1/csa_tree_ADD_TC_OP_groupi3954_g11416/Y -       B0N->Y F     AO21B_X6M_A9PP140ZTL_C30        4  8.8    19    13     523               (-,-) 
  pp_fir_0_1_1/csa_tree_ADD_TC_OP_groupi3954_g11415/Y -       A->Y   R     INV_X4M_A9PP140ZTL_C30          1  3.1    10     9     532               (-,-) 
  pp_fir_0_1_1/csa_tree_ADD_TC_OP_groupi3954_g11403/Y -       A0->Y  F     OAI21_X4M_A9PP140ZTL_C30        2  3.6    22    12     544               (-,-) 
  pp_fir_0_1_1/csa_tree_ADD_TC_OP_groupi3954_g11398/Y -       A->Y   F     XOR2_X2M_A9PP140ZTL_C30         1  2.3    25    21     565               (-,-) 
  pp_fir_0_1_1/g14488/Y                               -       A->Y   R     INV_X3M_A9PP140ZTL_C30          1  1.7    10     9     574               (-,-) 
  pp_fir_0_1_1/g12424__5107/Y                         -       A0->Y  F     OAI22BB_X2M_A9PP140ZTL_C30      1  1.1    14    11     584               (-,-) 
  pp_fir_0_1_1/sum1_9_im_1_reg[29]/D                  -       -      F     DFFRPQ_X3M_A9PP140ZTL_C30       1    -     -     0     584  (122.3875,65.8400) 
#---------------------------------------------------------------------------------------------------------------------------------------------------------



Path 21: VIOLATED (-14 ps) Setup Check with Pin pp_fir_0_1_1/Delay_Pipeline_reg_re_reg[21][10]/CK->D
           View: view_wcl_slow
          Group: clk
     Startpoint: (F) enb_1_8_0
          Clock: (R) clk
       Endpoint: (R) pp_fir_0_1_1/Delay_Pipeline_reg_re_reg[21][10]/D
          Clock: (R) clk

                     Capture       Launch     
        Clock Edge:+     500            0     
        Drv Adjust:+       0            0     
       Src Latency:+       0            0     
       Net Latency:+     200 (I)      200 (I) 
           Arrival:=     700          200     
                                              
             Setup:-       7                  
       Uncertainty:-     125                  
     Required Time:=     568                  
      Launch Clock:-     200                  
       Input Delay:-     300                  
         Data Path:-      82                  
             Slack:=     -14                  

Exceptions/Constraints:
  input_delay             300             pp_int_x4_struct.sdc_line_20_1_1 

#----------------------------------------------------------------------------------------------------------------------------------------------------
#                  Timing Point                    Flags   Arc   Edge           Cell             Fanout Load Trans Delay Arrival       Instance      
#                                                                                                       (fF)  (ps)  (ps)   (ps)        Location      
#----------------------------------------------------------------------------------------------------------------------------------------------------
  enb_1_8_0                                        -       -     F     (arrival)                     17 69.0     0     0     500               (-,-) 
  pp_fir_0_1_1/fopt15845/Y                         -       A->Y  R     INV_X11M_A9PP140ZTL_C30        9 20.0    11    11     511               (-,-) 
  pp_fir_0_1_1/fopt15842/Y                         -       A->Y  F     INV_X5M_A9PP140ZTL_C30         4 12.0    15    12     523               (-,-) 
  pp_fir_0_1_1/fopt15838/Y                         -       A->Y  F     BUF_X13M_A9PP140ZTL_C30       32 34.1    17    22     546               (-,-) 
  pp_fir_0_1_1/g14205/Y                            -       S0->Y R     MX2_X1B_A9PP140ZTL_C30         1  1.1    15    37     582               (-,-) 
  pp_fir_0_1_1/Delay_Pipeline_reg_re_reg[21][10]/D -       -     R     DFFRPQ_X4M_A9PP140ZTL_C30      1    -     -     0     582  (39.6265,141.6440) 
#----------------------------------------------------------------------------------------------------------------------------------------------------



Path 22: VIOLATED (-14 ps) Setup Check with Pin pp_fir_0_1_1/Delay_Pipeline_reg_re_reg[16][11]/CK->D
           View: view_wcl_slow
          Group: clk
     Startpoint: (F) enb_1_8_0
          Clock: (R) clk
       Endpoint: (R) pp_fir_0_1_1/Delay_Pipeline_reg_re_reg[16][11]/D
          Clock: (R) clk

                     Capture       Launch     
        Clock Edge:+     500            0     
        Drv Adjust:+       0            0     
       Src Latency:+       0            0     
       Net Latency:+     200 (I)      200 (I) 
           Arrival:=     700          200     
                                              
             Setup:-       7                  
       Uncertainty:-     125                  
     Required Time:=     568                  
      Launch Clock:-     200                  
       Input Delay:-     300                  
         Data Path:-      82                  
             Slack:=     -14                  

Exceptions/Constraints:
  input_delay             300             pp_int_x4_struct.sdc_line_20_1_1 

#--------------------------------------------------------------------------------------------------------------------------------------------------
#                  Timing Point                    Flags   Arc   Edge           Cell             Fanout Load Trans Delay Arrival      Instance     
#                                                                                                       (fF)  (ps)  (ps)   (ps)       Location     
#--------------------------------------------------------------------------------------------------------------------------------------------------
  enb_1_8_0                                        -       -     F     (arrival)                     17 69.0     0     0     500             (-,-) 
  pp_fir_0_1_1/fopt15845/Y                         -       A->Y  R     INV_X11M_A9PP140ZTL_C30        9 20.0    11    11     511             (-,-) 
  pp_fir_0_1_1/fopt15842/Y                         -       A->Y  F     INV_X5M_A9PP140ZTL_C30         4 12.0    15    12     523             (-,-) 
  pp_fir_0_1_1/fopt15838/Y                         -       A->Y  F     BUF_X13M_A9PP140ZTL_C30       32 34.1    17    22     546             (-,-) 
  pp_fir_0_1_1/g14054/Y                            -       S0->Y R     MX2_X1B_A9PP140ZTL_C30         1  1.1    15    37     582             (-,-) 
  pp_fir_0_1_1/Delay_Pipeline_reg_re_reg[16][11]/D -       -     R     DFFRPQ_X4M_A9PP140ZTL_C30      1    -     -     0     582  (0.2890,96.3260) 
#--------------------------------------------------------------------------------------------------------------------------------------------------



Path 23: VIOLATED (-14 ps) Setup Check with Pin pp_fir_0_1_1/Delay_Pipeline_reg_re_reg[15][15]/CK->D
           View: view_wcl_slow
          Group: clk
     Startpoint: (F) enb_1_8_0
          Clock: (R) clk
       Endpoint: (R) pp_fir_0_1_1/Delay_Pipeline_reg_re_reg[15][15]/D
          Clock: (R) clk

                     Capture       Launch     
        Clock Edge:+     500            0     
        Drv Adjust:+       0            0     
       Src Latency:+       0            0     
       Net Latency:+     200 (I)      200 (I) 
           Arrival:=     700          200     
                                              
             Setup:-       7                  
       Uncertainty:-     125                  
     Required Time:=     568                  
      Launch Clock:-     200                  
       Input Delay:-     300                  
         Data Path:-      82                  
             Slack:=     -14                  

Exceptions/Constraints:
  input_delay             300             pp_int_x4_struct.sdc_line_20_1_1 

#---------------------------------------------------------------------------------------------------------------------------------------------------
#                  Timing Point                    Flags   Arc   Edge           Cell             Fanout Load Trans Delay Arrival      Instance      
#                                                                                                       (fF)  (ps)  (ps)   (ps)       Location      
#---------------------------------------------------------------------------------------------------------------------------------------------------
  enb_1_8_0                                        -       -     F     (arrival)                     17 69.0     0     0     500              (-,-) 
  pp_fir_0_1_1/fopt15845/Y                         -       A->Y  R     INV_X11M_A9PP140ZTL_C30        9 20.0    11    11     511              (-,-) 
  pp_fir_0_1_1/fopt15842/Y                         -       A->Y  F     INV_X5M_A9PP140ZTL_C30         4 12.0    15    12     523              (-,-) 
  pp_fir_0_1_1/fopt15838/Y                         -       A->Y  F     BUF_X13M_A9PP140ZTL_C30       32 34.1    17    22     546              (-,-) 
  pp_fir_0_1_1/g14021/Y                            -       S0->Y R     MX2_X1B_A9PP140ZTL_C30         1  1.1    15    37     582              (-,-) 
  pp_fir_0_1_1/Delay_Pipeline_reg_re_reg[15][15]/D -       -     R     DFFRPQ_X4M_A9PP140ZTL_C30      1    -     -     0     582  (18.9855,93.2815) 
#---------------------------------------------------------------------------------------------------------------------------------------------------



Path 24: VIOLATED (-14 ps) Setup Check with Pin pp_fir_0_1_1/Delay_Pipeline_reg_re_reg[15][1]/CK->D
           View: view_wcl_slow
          Group: clk
     Startpoint: (F) enb_1_8_0
          Clock: (R) clk
       Endpoint: (R) pp_fir_0_1_1/Delay_Pipeline_reg_re_reg[15][1]/D
          Clock: (R) clk

                     Capture       Launch     
        Clock Edge:+     500            0     
        Drv Adjust:+       0            0     
       Src Latency:+       0            0     
       Net Latency:+     200 (I)      200 (I) 
           Arrival:=     700          200     
                                              
             Setup:-       7                  
       Uncertainty:-     125                  
     Required Time:=     568                  
      Launch Clock:-     200                  
       Input Delay:-     300                  
         Data Path:-      82                  
             Slack:=     -14                  

Exceptions/Constraints:
  input_delay             300             pp_int_x4_struct.sdc_line_20_1_1 

#-------------------------------------------------------------------------------------------------------------------------------------------------
#                  Timing Point                   Flags   Arc   Edge           Cell             Fanout Load Trans Delay Arrival      Instance     
#                                                                                                      (fF)  (ps)  (ps)   (ps)       Location     
#-------------------------------------------------------------------------------------------------------------------------------------------------
  enb_1_8_0                                       -       -     F     (arrival)                     17 69.0     0     0     500             (-,-) 
  pp_fir_0_1_1/fopt15845/Y                        -       A->Y  R     INV_X11M_A9PP140ZTL_C30        9 20.0    11    11     511             (-,-) 
  pp_fir_0_1_1/fopt15842/Y                        -       A->Y  F     INV_X5M_A9PP140ZTL_C30         4 12.0    15    12     523             (-,-) 
  pp_fir_0_1_1/fopt15838/Y                        -       A->Y  F     BUF_X13M_A9PP140ZTL_C30       32 34.1    17    22     546             (-,-) 
  pp_fir_0_1_1/g13984/Y                           -       S0->Y R     MX2_X1B_A9PP140ZTL_C30         1  1.1    15    37     582             (-,-) 
  pp_fir_0_1_1/Delay_Pipeline_reg_re_reg[15][1]/D -       -     R     DFFRPQ_X4M_A9PP140ZTL_C30      1    -     -     0     582  (0.3860,65.3065) 
#-------------------------------------------------------------------------------------------------------------------------------------------------



Path 25: VIOLATED (-14 ps) Setup Check with Pin pp_fir_0_1_1/Delay_Pipeline_reg_re_reg[14][12]/CK->D
           View: view_wcl_slow
          Group: clk
     Startpoint: (F) enb_1_8_0
          Clock: (R) clk
       Endpoint: (R) pp_fir_0_1_1/Delay_Pipeline_reg_re_reg[14][12]/D
          Clock: (R) clk

                     Capture       Launch     
        Clock Edge:+     500            0     
        Drv Adjust:+       0            0     
       Src Latency:+       0            0     
       Net Latency:+     200 (I)      200 (I) 
           Arrival:=     700          200     
                                              
             Setup:-       7                  
       Uncertainty:-     125                  
     Required Time:=     568                  
      Launch Clock:-     200                  
       Input Delay:-     300                  
         Data Path:-      82                  
             Slack:=     -14                  

Exceptions/Constraints:
  input_delay             300             pp_int_x4_struct.sdc_line_20_1_1 

#---------------------------------------------------------------------------------------------------------------------------------------------------
#                  Timing Point                    Flags   Arc   Edge           Cell             Fanout Load Trans Delay Arrival      Instance      
#                                                                                                       (fF)  (ps)  (ps)   (ps)       Location      
#---------------------------------------------------------------------------------------------------------------------------------------------------
  enb_1_8_0                                        -       -     F     (arrival)                     17 69.0     0     0     500              (-,-) 
  pp_fir_0_1_1/fopt15845/Y                         -       A->Y  R     INV_X11M_A9PP140ZTL_C30        9 20.0    11    11     511              (-,-) 
  pp_fir_0_1_1/fopt15842/Y                         -       A->Y  F     INV_X5M_A9PP140ZTL_C30         4 12.0    15    12     523              (-,-) 
  pp_fir_0_1_1/fopt15838/Y                         -       A->Y  F     BUF_X13M_A9PP140ZTL_C30       32 34.1    17    22     546              (-,-) 
  pp_fir_0_1_1/g13972/Y                            -       S0->Y R     MX2_X1B_A9PP140ZTL_C30         1  1.1    15    37     582              (-,-) 
  pp_fir_0_1_1/Delay_Pipeline_reg_re_reg[14][12]/D -       -     R     DFFRPQ_X4M_A9PP140ZTL_C30      1    -     -     0     582  (23.3420,76.4180) 
#---------------------------------------------------------------------------------------------------------------------------------------------------



Path 26: VIOLATED (-14 ps) Setup Check with Pin pp_fir_0_1_1/Delay_Pipeline_reg_re_reg[10][7]/CK->D
           View: view_wcl_slow
          Group: clk
     Startpoint: (F) enb_1_8_0
          Clock: (R) clk
       Endpoint: (R) pp_fir_0_1_1/Delay_Pipeline_reg_re_reg[10][7]/D
          Clock: (R) clk

                     Capture       Launch     
        Clock Edge:+     500            0     
        Drv Adjust:+       0            0     
       Src Latency:+       0            0     
       Net Latency:+     200 (I)      200 (I) 
           Arrival:=     700          200     
                                              
             Setup:-       7                  
       Uncertainty:-     125                  
     Required Time:=     568                  
      Launch Clock:-     200                  
       Input Delay:-     300                  
         Data Path:-      82                  
             Slack:=     -14                  

Exceptions/Constraints:
  input_delay             300             pp_int_x4_struct.sdc_line_20_1_1 

#--------------------------------------------------------------------------------------------------------------------------------------------------
#                  Timing Point                   Flags   Arc   Edge           Cell             Fanout Load Trans Delay Arrival      Instance      
#                                                                                                      (fF)  (ps)  (ps)   (ps)       Location      
#--------------------------------------------------------------------------------------------------------------------------------------------------
  enb_1_8_0                                       -       -     F     (arrival)                     17 69.0     0     0     500              (-,-) 
  pp_fir_0_1_1/fopt15845/Y                        -       A->Y  R     INV_X11M_A9PP140ZTL_C30        9 20.0    11    11     511              (-,-) 
  pp_fir_0_1_1/fopt15842/Y                        -       A->Y  F     INV_X5M_A9PP140ZTL_C30         4 12.0    15    12     523              (-,-) 
  pp_fir_0_1_1/fopt15839/Y                        -       A->Y  F     BUF_X13M_A9PP140ZTL_C30       32 34.1    17    22     546              (-,-) 
  pp_fir_0_1_1/g13793/Y                           -       S0->Y R     MX2_X1B_A9PP140ZTL_C30         1  1.1    15    37     582              (-,-) 
  pp_fir_0_1_1/Delay_Pipeline_reg_re_reg[10][7]/D -       -     R     DFFRPQ_X4M_A9PP140ZTL_C30      1    -     -     0     582  (25.6280,11.5445) 
#--------------------------------------------------------------------------------------------------------------------------------------------------



Path 27: VIOLATED (-14 ps) Setup Check with Pin pp_fir_0_1_1/Delay_Pipeline_reg_re_reg[8][11]/CK->D
           View: view_wcl_slow
          Group: clk
     Startpoint: (F) enb_1_8_0
          Clock: (R) clk
       Endpoint: (R) pp_fir_0_1_1/Delay_Pipeline_reg_re_reg[8][11]/D
          Clock: (R) clk

                     Capture       Launch     
        Clock Edge:+     500            0     
        Drv Adjust:+       0            0     
       Src Latency:+       0            0     
       Net Latency:+     200 (I)      200 (I) 
           Arrival:=     700          200     
                                              
             Setup:-       7                  
       Uncertainty:-     125                  
     Required Time:=     568                  
      Launch Clock:-     200                  
       Input Delay:-     300                  
         Data Path:-      82                  
             Slack:=     -14                  

Exceptions/Constraints:
  input_delay             300             pp_int_x4_struct.sdc_line_20_1_1 

#--------------------------------------------------------------------------------------------------------------------------------------------------
#                  Timing Point                   Flags   Arc   Edge           Cell             Fanout Load Trans Delay Arrival      Instance      
#                                                                                                      (fF)  (ps)  (ps)   (ps)       Location      
#--------------------------------------------------------------------------------------------------------------------------------------------------
  enb_1_8_0                                       -       -     F     (arrival)                     17 69.0     0     0     500              (-,-) 
  pp_fir_0_1_1/fopt15845/Y                        -       A->Y  R     INV_X11M_A9PP140ZTL_C30        9 20.0    11    11     511              (-,-) 
  pp_fir_0_1_1/fopt15842/Y                        -       A->Y  F     INV_X5M_A9PP140ZTL_C30         4 12.0    15    12     523              (-,-) 
  pp_fir_0_1_1/fopt15838/Y                        -       A->Y  F     BUF_X13M_A9PP140ZTL_C30       32 34.1    17    22     546              (-,-) 
  pp_fir_0_1_1/g13716/Y                           -       S0->Y R     MX2_X1B_A9PP140ZTL_C30         1  1.1    15    37     582              (-,-) 
  pp_fir_0_1_1/Delay_Pipeline_reg_re_reg[8][11]/D -       -     R     DFFRPQ_X4M_A9PP140ZTL_C30      1    -     -     0     582  (55.1585,18.4435) 
#--------------------------------------------------------------------------------------------------------------------------------------------------



Path 28: VIOLATED (-14 ps) Setup Check with Pin pp_fir_0_1_1/Delay_Pipeline_reg_re_reg[7][9]/CK->D
           View: view_wcl_slow
          Group: clk
     Startpoint: (F) enb_1_8_0
          Clock: (R) clk
       Endpoint: (R) pp_fir_0_1_1/Delay_Pipeline_reg_re_reg[7][9]/D
          Clock: (R) clk

                     Capture       Launch     
        Clock Edge:+     500            0     
        Drv Adjust:+       0            0     
       Src Latency:+       0            0     
       Net Latency:+     200 (I)      200 (I) 
           Arrival:=     700          200     
                                              
             Setup:-       7                  
       Uncertainty:-     125                  
     Required Time:=     568                  
      Launch Clock:-     200                  
       Input Delay:-     300                  
         Data Path:-      82                  
             Slack:=     -14                  

Exceptions/Constraints:
  input_delay             300             pp_int_x4_struct.sdc_line_20_1_1 

#-------------------------------------------------------------------------------------------------------------------------------------------------
#                 Timing Point                   Flags   Arc   Edge           Cell             Fanout Load Trans Delay Arrival      Instance      
#                                                                                                     (fF)  (ps)  (ps)   (ps)       Location      
#-------------------------------------------------------------------------------------------------------------------------------------------------
  enb_1_8_0                                      -       -     F     (arrival)                     17 69.0     0     0     500              (-,-) 
  pp_fir_0_1_1/fopt15845/Y                       -       A->Y  R     INV_X11M_A9PP140ZTL_C30        9 20.0    11    11     511              (-,-) 
  pp_fir_0_1_1/fopt15842/Y                       -       A->Y  F     INV_X5M_A9PP140ZTL_C30         4 12.0    15    12     523              (-,-) 
  pp_fir_0_1_1/fopt15839/Y                       -       A->Y  F     BUF_X13M_A9PP140ZTL_C30       32 34.1    17    22     546              (-,-) 
  pp_fir_0_1_1/g13666/Y                          -       S0->Y R     MX2_X1B_A9PP140ZTL_C30         1  1.1    15    37     582              (-,-) 
  pp_fir_0_1_1/Delay_Pipeline_reg_re_reg[7][9]/D -       -     R     DFFRPQ_X4M_A9PP140ZTL_C30      1    -     -     0     582  (57.5330,12.3815) 
#-------------------------------------------------------------------------------------------------------------------------------------------------



Path 29: VIOLATED (-14 ps) Setup Check with Pin pp_fir_0_1_1/Delay_Pipeline_reg_re_reg[3][9]/CK->D
           View: view_wcl_slow
          Group: clk
     Startpoint: (F) enb_1_8_0
          Clock: (R) clk
       Endpoint: (R) pp_fir_0_1_1/Delay_Pipeline_reg_re_reg[3][9]/D
          Clock: (R) clk

                     Capture       Launch     
        Clock Edge:+     500            0     
        Drv Adjust:+       0            0     
       Src Latency:+       0            0     
       Net Latency:+     200 (I)      200 (I) 
           Arrival:=     700          200     
                                              
             Setup:-       7                  
       Uncertainty:-     125                  
     Required Time:=     568                  
      Launch Clock:-     200                  
       Input Delay:-     300                  
         Data Path:-      82                  
             Slack:=     -14                  

Exceptions/Constraints:
  input_delay             300             pp_int_x4_struct.sdc_line_20_1_1 

#-------------------------------------------------------------------------------------------------------------------------------------------------
#                 Timing Point                   Flags   Arc   Edge           Cell             Fanout Load Trans Delay Arrival      Instance      
#                                                                                                     (fF)  (ps)  (ps)   (ps)       Location      
#-------------------------------------------------------------------------------------------------------------------------------------------------
  enb_1_8_0                                      -       -     F     (arrival)                     17 69.0     0     0     500              (-,-) 
  pp_fir_0_1_1/fopt15845/Y                       -       A->Y  R     INV_X11M_A9PP140ZTL_C30        9 20.0    11    11     511              (-,-) 
  pp_fir_0_1_1/fopt15842/Y                       -       A->Y  F     INV_X5M_A9PP140ZTL_C30         4 12.0    15    12     523              (-,-) 
  pp_fir_0_1_1/fopt15838/Y                       -       A->Y  F     BUF_X13M_A9PP140ZTL_C30       32 34.1    17    22     546              (-,-) 
  pp_fir_0_1_1/g13477/Y                          -       S0->Y R     MX2_X1B_A9PP140ZTL_C30         1  1.1    14    37     582              (-,-) 
  pp_fir_0_1_1/Delay_Pipeline_reg_re_reg[3][9]/D -       -     R     DFFRPQ_X4M_A9PP140ZTL_C30      1    -     -     0     582  (95.3550,31.8650) 
#-------------------------------------------------------------------------------------------------------------------------------------------------



Path 30: VIOLATED (-14 ps) Setup Check with Pin pp_fir_0_1_1/Delay_Pipeline_reg_re_reg[2][9]/CK->D
           View: view_wcl_slow
          Group: clk
     Startpoint: (F) enb_1_8_0
          Clock: (R) clk
       Endpoint: (R) pp_fir_0_1_1/Delay_Pipeline_reg_re_reg[2][9]/D
          Clock: (R) clk

                     Capture       Launch     
        Clock Edge:+     500            0     
        Drv Adjust:+       0            0     
       Src Latency:+       0            0     
       Net Latency:+     200 (I)      200 (I) 
           Arrival:=     700          200     
                                              
             Setup:-       7                  
       Uncertainty:-     125                  
     Required Time:=     568                  
      Launch Clock:-     200                  
       Input Delay:-     300                  
         Data Path:-      82                  
             Slack:=     -14                  

Exceptions/Constraints:
  input_delay             300             pp_int_x4_struct.sdc_line_20_1_1 

#-------------------------------------------------------------------------------------------------------------------------------------------------
#                 Timing Point                   Flags   Arc   Edge           Cell             Fanout Load Trans Delay Arrival      Instance      
#                                                                                                     (fF)  (ps)  (ps)   (ps)       Location      
#-------------------------------------------------------------------------------------------------------------------------------------------------
  enb_1_8_0                                      -       -     F     (arrival)                     17 69.0     0     0     500              (-,-) 
  pp_fir_0_1_1/fopt15845/Y                       -       A->Y  R     INV_X11M_A9PP140ZTL_C30        9 20.0    11    11     511              (-,-) 
  pp_fir_0_1_1/fopt15842/Y                       -       A->Y  F     INV_X5M_A9PP140ZTL_C30         4 12.0    15    12     523              (-,-) 
  pp_fir_0_1_1/fopt15838/Y                       -       A->Y  F     BUF_X13M_A9PP140ZTL_C30       32 34.1    17    22     546              (-,-) 
  pp_fir_0_1_1/g13426/Y                          -       S0->Y R     MX2_X1B_A9PP140ZTL_C30         1  1.1    14    37     582              (-,-) 
  pp_fir_0_1_1/Delay_Pipeline_reg_re_reg[2][9]/D -       -     R     DFFRPQ_X4M_A9PP140ZTL_C30      1    -     -     0     582  (94.7985,24.5450) 
#-------------------------------------------------------------------------------------------------------------------------------------------------



Path 31: VIOLATED (-14 ps) Setup Check with Pin pp_fir_0_1_1/Delay_Pipeline_reg_re_reg[2][1]/CK->D
           View: view_wcl_slow
          Group: clk
     Startpoint: (R) enb_1_8_0
          Clock: (R) clk
       Endpoint: (R) pp_fir_0_1_1/Delay_Pipeline_reg_re_reg[2][1]/D
          Clock: (R) clk

                     Capture       Launch     
        Clock Edge:+     500            0     
        Drv Adjust:+       0            0     
       Src Latency:+       0            0     
       Net Latency:+     200 (I)      200 (I) 
           Arrival:=     700          200     
                                              
             Setup:-       7                  
       Uncertainty:-     125                  
     Required Time:=     568                  
      Launch Clock:-     200                  
       Input Delay:-     300                  
         Data Path:-      82                  
             Slack:=     -14                  

Exceptions/Constraints:
  input_delay             300             pp_int_x4_struct.sdc_line_20_1_1 

#--------------------------------------------------------------------------------------------------------------------------------------------------
#                 Timing Point                   Flags   Arc   Edge            Cell             Fanout Load Trans Delay Arrival      Instance      
#                                                                                                      (fF)  (ps)  (ps)   (ps)       Location      
#--------------------------------------------------------------------------------------------------------------------------------------------------
  enb_1_8_0                                      -       -     R     (arrival)                      17 71.0     0     0     500              (-,-) 
  pp_fir_0_1_1/fopt16588/Y                       -       A->Y  F     INV_X9M_A9PP140ZTL_C30          7 21.6    13    12     512              (-,-) 
  pp_fir_0_1_1/fopt15970/Y                       -       A->Y  R     INV_X16M_A9PP140ZTL_C30        36 46.7    19    16     528              (-,-) 
  pp_fir_0_1_1/fopt15965/Y                       -       A->Y  R     BUFH_X4M_A9PP140ZTL_C30         7  8.6    14    21     548              (-,-) 
  pp_fir_0_1_1/fopt15964/Y                       -       A->Y  F     INV_X3P5B_A9PP140ZTL_C30        4  5.0    15    12     560              (-,-) 
  pp_fir_0_1_1/fopt15963/Y                       -       A->Y  R     INV_X1P7B_A9PP140ZTL_C30        1  1.8    11    10     569              (-,-) 
  pp_fir_0_1_1/g13404/Y                          -       S0->Y R     MXIT2_X1P4M_A9PP140ZTL_C30      1  1.1    18    13     582              (-,-) 
  pp_fir_0_1_1/Delay_Pipeline_reg_re_reg[2][1]/D -       -     R     DFFRPQ_X3M_A9PP140ZTL_C30       1    -     -     0     582  (105.4125,6.7005) 
#--------------------------------------------------------------------------------------------------------------------------------------------------



Path 32: VIOLATED (-14 ps) Setup Check with Pin pp_fir_0_1_1/Delay_Pipeline_reg_im_reg[20][12]/CK->D
           View: view_wcl_slow
          Group: clk
     Startpoint: (F) enb_1_8_0
          Clock: (R) clk
       Endpoint: (R) pp_fir_0_1_1/Delay_Pipeline_reg_im_reg[20][12]/D
          Clock: (R) clk

                     Capture       Launch     
        Clock Edge:+     500            0     
        Drv Adjust:+       0            0     
       Src Latency:+       0            0     
       Net Latency:+     200 (I)      200 (I) 
           Arrival:=     700          200     
                                              
             Setup:-       7                  
       Uncertainty:-     125                  
     Required Time:=     568                  
      Launch Clock:-     200                  
       Input Delay:-     300                  
         Data Path:-      82                  
             Slack:=     -14                  

Exceptions/Constraints:
  input_delay             300             pp_int_x4_struct.sdc_line_20_1_1 

#-----------------------------------------------------------------------------------------------------------------------------------------------------
#                  Timing Point                    Flags   Arc   Edge           Cell             Fanout Load Trans Delay Arrival       Instance       
#                                                                                                       (fF)  (ps)  (ps)   (ps)        Location       
#-----------------------------------------------------------------------------------------------------------------------------------------------------
  enb_1_8_0                                        -       -     F     (arrival)                     17 69.0     0     0     500                (-,-) 
  pp_fir_0_1_1/fopt15845/Y                         -       A->Y  R     INV_X11M_A9PP140ZTL_C30        9 20.0    11    11     511                (-,-) 
  pp_fir_0_1_1/fopt15842/Y                         -       A->Y  F     INV_X5M_A9PP140ZTL_C30         4 12.0    15    12     523                (-,-) 
  pp_fir_0_1_1/fopt15839/Y                         -       A->Y  F     BUF_X13M_A9PP140ZTL_C30       32 34.1    17    22     546                (-,-) 
  pp_fir_0_1_1/g12878__6783/Y                      -       S0->Y R     MX2_X1B_A9PP140ZTL_C30         1  1.1    15    37     582                (-,-) 
  pp_fir_0_1_1/Delay_Pipeline_reg_im_reg[20][12]/D -       -     R     DFFRPQ_X4M_A9PP140ZTL_C30      1    -     -     0     582  (122.3515,120.9670) 
#-----------------------------------------------------------------------------------------------------------------------------------------------------



Path 33: VIOLATED (-14 ps) Setup Check with Pin pp_fir_0_1_1/Delay_Pipeline_reg_im_reg[20][0]/CK->D
           View: view_wcl_slow
          Group: clk
     Startpoint: (F) enb_1_8_0
          Clock: (R) clk
       Endpoint: (R) pp_fir_0_1_1/Delay_Pipeline_reg_im_reg[20][0]/D
          Clock: (R) clk

                     Capture       Launch     
        Clock Edge:+     500            0     
        Drv Adjust:+       0            0     
       Src Latency:+       0            0     
       Net Latency:+     200 (I)      200 (I) 
           Arrival:=     700          200     
                                              
             Setup:-       7                  
       Uncertainty:-     125                  
     Required Time:=     568                  
      Launch Clock:-     200                  
       Input Delay:-     300                  
         Data Path:-      82                  
             Slack:=     -14                  

Exceptions/Constraints:
  input_delay             300             pp_int_x4_struct.sdc_line_20_1_1 

#----------------------------------------------------------------------------------------------------------------------------------------------------
#                  Timing Point                   Flags   Arc   Edge           Cell             Fanout Load Trans Delay Arrival       Instance       
#                                                                                                      (fF)  (ps)  (ps)   (ps)        Location       
#----------------------------------------------------------------------------------------------------------------------------------------------------
  enb_1_8_0                                       -       -     F     (arrival)                     17 69.0     0     0     500                (-,-) 
  pp_fir_0_1_1/fopt15845/Y                        -       A->Y  R     INV_X11M_A9PP140ZTL_C30        9 20.0    11    11     511                (-,-) 
  pp_fir_0_1_1/fopt15842/Y                        -       A->Y  F     INV_X5M_A9PP140ZTL_C30         4 12.0    15    12     523                (-,-) 
  pp_fir_0_1_1/fopt15839/Y                        -       A->Y  F     BUF_X13M_A9PP140ZTL_C30       32 34.1    17    22     546                (-,-) 
  pp_fir_0_1_1/g12837__2883/Y                     -       S0->Y R     MX2_X1B_A9PP140ZTL_C30         1  1.1    15    37     582                (-,-) 
  pp_fir_0_1_1/Delay_Pipeline_reg_im_reg[20][0]/D -       -     R     DFFRPQ_X4M_A9PP140ZTL_C30      1    -     -     0     582  (141.2170,102.4405) 
#----------------------------------------------------------------------------------------------------------------------------------------------------



Path 34: VIOLATED (-14 ps) Setup Check with Pin pp_fir_0_1_1/Delay_Pipeline_reg_im_reg[16][6]/CK->D
           View: view_wcl_slow
          Group: clk
     Startpoint: (F) enb_1_8_0
          Clock: (R) clk
       Endpoint: (R) pp_fir_0_1_1/Delay_Pipeline_reg_im_reg[16][6]/D
          Clock: (R) clk

                     Capture       Launch     
        Clock Edge:+     500            0     
        Drv Adjust:+       0            0     
       Src Latency:+       0            0     
       Net Latency:+     200 (I)      200 (I) 
           Arrival:=     700          200     
                                              
             Setup:-       7                  
       Uncertainty:-     125                  
     Required Time:=     568                  
      Launch Clock:-     200                  
       Input Delay:-     300                  
         Data Path:-      82                  
             Slack:=     -14                  

Exceptions/Constraints:
  input_delay             300             pp_int_x4_struct.sdc_line_20_1_1 

#---------------------------------------------------------------------------------------------------------------------------------------------------
#                  Timing Point                   Flags   Arc   Edge           Cell             Fanout Load Trans Delay Arrival       Instance      
#                                                                                                      (fF)  (ps)  (ps)   (ps)        Location      
#---------------------------------------------------------------------------------------------------------------------------------------------------
  enb_1_8_0                                       -       -     F     (arrival)                     17 69.0     0     0     500               (-,-) 
  pp_fir_0_1_1/fopt15845/Y                        -       A->Y  R     INV_X11M_A9PP140ZTL_C30        9 20.0    11    11     511               (-,-) 
  pp_fir_0_1_1/fopt15842/Y                        -       A->Y  F     INV_X5M_A9PP140ZTL_C30         4 12.0    15    12     523               (-,-) 
  pp_fir_0_1_1/fopt15839/Y                        -       A->Y  F     BUF_X13M_A9PP140ZTL_C30       32 34.1    17    22     546               (-,-) 
  pp_fir_0_1_1/g12659__8246/Y                     -       S0->Y R     MX2_X1B_A9PP140ZTL_C30         1  1.1    15    37     582               (-,-) 
  pp_fir_0_1_1/Delay_Pipeline_reg_im_reg[16][6]/D -       -     R     DFFRPQ_X4M_A9PP140ZTL_C30      1    -     -     0     582  (101.2115,61.2900) 
#---------------------------------------------------------------------------------------------------------------------------------------------------



Path 35: VIOLATED (-14 ps) Setup Check with Pin pp_fir_0_1_1/Delay_Pipeline_reg_im_reg[15][12]/CK->D
           View: view_wcl_slow
          Group: clk
     Startpoint: (F) enb_1_8_0
          Clock: (R) clk
       Endpoint: (R) pp_fir_0_1_1/Delay_Pipeline_reg_im_reg[15][12]/D
          Clock: (R) clk

                     Capture       Launch     
        Clock Edge:+     500            0     
        Drv Adjust:+       0            0     
       Src Latency:+       0            0     
       Net Latency:+     200 (I)      200 (I) 
           Arrival:=     700          200     
                                              
             Setup:-       7                  
       Uncertainty:-     125                  
     Required Time:=     568                  
      Launch Clock:-     200                  
       Input Delay:-     300                  
         Data Path:-      82                  
             Slack:=     -14                  

Exceptions/Constraints:
  input_delay             300             pp_int_x4_struct.sdc_line_20_1_1 

#----------------------------------------------------------------------------------------------------------------------------------------------------
#                  Timing Point                    Flags   Arc   Edge           Cell             Fanout Load Trans Delay Arrival       Instance      
#                                                                                                       (fF)  (ps)  (ps)   (ps)        Location      
#----------------------------------------------------------------------------------------------------------------------------------------------------
  enb_1_8_0                                        -       -     F     (arrival)                     17 69.0     0     0     500               (-,-) 
  pp_fir_0_1_1/fopt15845/Y                         -       A->Y  R     INV_X11M_A9PP140ZTL_C30        9 20.0    11    11     511               (-,-) 
  pp_fir_0_1_1/fopt15842/Y                         -       A->Y  F     INV_X5M_A9PP140ZTL_C30         4 12.0    15    12     523               (-,-) 
  pp_fir_0_1_1/fopt15839/Y                         -       A->Y  F     BUF_X13M_A9PP140ZTL_C30       32 34.1    17    22     546               (-,-) 
  pp_fir_0_1_1/g12627__1617/Y                      -       S0->Y R     MX2_X1B_A9PP140ZTL_C30         1  1.1    14    37     582               (-,-) 
  pp_fir_0_1_1/Delay_Pipeline_reg_im_reg[15][12]/D -       -     R     DFFRPQ_X4M_A9PP140ZTL_C30      1    -     -     0     582  (105.6490,62.7205) 
#----------------------------------------------------------------------------------------------------------------------------------------------------



Path 36: VIOLATED (-14 ps) Setup Check with Pin pp_fir_0_1_1/Delay_Pipeline_reg_im_reg[15][11]/CK->D
           View: view_wcl_slow
          Group: clk
     Startpoint: (F) enb_1_8_0
          Clock: (R) clk
       Endpoint: (R) pp_fir_0_1_1/Delay_Pipeline_reg_im_reg[15][11]/D
          Clock: (R) clk

                     Capture       Launch     
        Clock Edge:+     500            0     
        Drv Adjust:+       0            0     
       Src Latency:+       0            0     
       Net Latency:+     200 (I)      200 (I) 
           Arrival:=     700          200     
                                              
             Setup:-       7                  
       Uncertainty:-     125                  
     Required Time:=     568                  
      Launch Clock:-     200                  
       Input Delay:-     300                  
         Data Path:-      82                  
             Slack:=     -14                  

Exceptions/Constraints:
  input_delay             300             pp_int_x4_struct.sdc_line_20_1_1 

#----------------------------------------------------------------------------------------------------------------------------------------------------
#                  Timing Point                    Flags   Arc   Edge           Cell             Fanout Load Trans Delay Arrival       Instance      
#                                                                                                       (fF)  (ps)  (ps)   (ps)        Location      
#----------------------------------------------------------------------------------------------------------------------------------------------------
  enb_1_8_0                                        -       -     F     (arrival)                     17 69.0     0     0     500               (-,-) 
  pp_fir_0_1_1/fopt15845/Y                         -       A->Y  R     INV_X11M_A9PP140ZTL_C30        9 20.0    11    11     511               (-,-) 
  pp_fir_0_1_1/fopt15842/Y                         -       A->Y  F     INV_X5M_A9PP140ZTL_C30         4 12.0    15    12     523               (-,-) 
  pp_fir_0_1_1/fopt15839/Y                         -       A->Y  F     BUF_X13M_A9PP140ZTL_C30       32 34.1    17    22     546               (-,-) 
  pp_fir_0_1_1/g12625__6783/Y                      -       S0->Y R     MX2_X1B_A9PP140ZTL_C30         1  1.1    15    37     582               (-,-) 
  pp_fir_0_1_1/Delay_Pipeline_reg_im_reg[15][11]/D -       -     R     DFFRPQ_X4M_A9PP140ZTL_C30      1    -     -     0     582  (104.8050,44.2810) 
#----------------------------------------------------------------------------------------------------------------------------------------------------



Path 37: VIOLATED (-14 ps) Setup Check with Pin pp_fir_0_1_1/Delay_Pipeline_reg_im_reg[14][9]/CK->D
           View: view_wcl_slow
          Group: clk
     Startpoint: (F) enb_1_8_0
          Clock: (R) clk
       Endpoint: (R) pp_fir_0_1_1/Delay_Pipeline_reg_im_reg[14][9]/D
          Clock: (R) clk

                     Capture       Launch     
        Clock Edge:+     500            0     
        Drv Adjust:+       0            0     
       Src Latency:+       0            0     
       Net Latency:+     200 (I)      200 (I) 
           Arrival:=     700          200     
                                              
             Setup:-       7                  
       Uncertainty:-     125                  
     Required Time:=     568                  
      Launch Clock:-     200                  
       Input Delay:-     300                  
         Data Path:-      82                  
             Slack:=     -14                  

Exceptions/Constraints:
  input_delay             300             pp_int_x4_struct.sdc_line_20_1_1 

#---------------------------------------------------------------------------------------------------------------------------------------------------
#                  Timing Point                   Flags   Arc   Edge           Cell             Fanout Load Trans Delay Arrival       Instance      
#                                                                                                      (fF)  (ps)  (ps)   (ps)        Location      
#---------------------------------------------------------------------------------------------------------------------------------------------------
  enb_1_8_0                                       -       -     F     (arrival)                     17 69.0     0     0     500               (-,-) 
  pp_fir_0_1_1/fopt15845/Y                        -       A->Y  R     INV_X11M_A9PP140ZTL_C30        9 20.0    11    11     511               (-,-) 
  pp_fir_0_1_1/fopt15842/Y                        -       A->Y  F     INV_X5M_A9PP140ZTL_C30         4 12.0    15    12     523               (-,-) 
  pp_fir_0_1_1/fopt15838/Y                        -       A->Y  F     BUF_X13M_A9PP140ZTL_C30       32 34.1    17    22     546               (-,-) 
  pp_fir_0_1_1/g12565__6260/Y                     -       S0->Y R     MX2_X1B_A9PP140ZTL_C30         1  1.1    14    37     582               (-,-) 
  pp_fir_0_1_1/Delay_Pipeline_reg_im_reg[14][9]/D -       -     R     DFFRPQ_X4M_A9PP140ZTL_C30      1    -     -     0     582  (126.5385,50.2695) 
#---------------------------------------------------------------------------------------------------------------------------------------------------



Path 38: VIOLATED (-14 ps) Setup Check with Pin pp_fir_0_1_1/Delay_Pipeline_reg_im_reg[8][9]/CK->D
           View: view_wcl_slow
          Group: clk
     Startpoint: (F) enb_1_8_0
          Clock: (R) clk
       Endpoint: (R) pp_fir_0_1_1/Delay_Pipeline_reg_im_reg[8][9]/D
          Clock: (R) clk

                     Capture       Launch     
        Clock Edge:+     500            0     
        Drv Adjust:+       0            0     
       Src Latency:+       0            0     
       Net Latency:+     200 (I)      200 (I) 
           Arrival:=     700          200     
                                              
             Setup:-       7                  
       Uncertainty:-     125                  
     Required Time:=     568                  
      Launch Clock:-     200                  
       Input Delay:-     300                  
         Data Path:-      82                  
             Slack:=     -14                  

Exceptions/Constraints:
  input_delay             300             pp_int_x4_struct.sdc_line_20_1_1 

#--------------------------------------------------------------------------------------------------------------------------------------------------
#                 Timing Point                   Flags   Arc   Edge           Cell             Fanout Load Trans Delay Arrival       Instance      
#                                                                                                     (fF)  (ps)  (ps)   (ps)        Location      
#--------------------------------------------------------------------------------------------------------------------------------------------------
  enb_1_8_0                                      -       -     F     (arrival)                     17 69.0     0     0     500               (-,-) 
  pp_fir_0_1_1/fopt15845/Y                       -       A->Y  R     INV_X11M_A9PP140ZTL_C30        9 20.0    11    11     511               (-,-) 
  pp_fir_0_1_1/fopt15842/Y                       -       A->Y  F     INV_X5M_A9PP140ZTL_C30         4 12.0    15    12     523               (-,-) 
  pp_fir_0_1_1/fopt15838/Y                       -       A->Y  F     BUF_X13M_A9PP140ZTL_C30       32 34.1    17    22     546               (-,-) 
  pp_fir_0_1_1/g12264__2802/Y                    -       S0->Y R     MX2_X1B_A9PP140ZTL_C30         1  1.1    15    37     582               (-,-) 
  pp_fir_0_1_1/Delay_Pipeline_reg_im_reg[8][9]/D -       -     R     DFFRPQ_X4M_A9PP140ZTL_C30      1    -     -     0     582  (197.6390,26.9680) 
#--------------------------------------------------------------------------------------------------------------------------------------------------



Path 39: VIOLATED (-14 ps) Setup Check with Pin pp_fir_0_1_1/sum3_2_im_1_reg[27]/CK->D
           View: view_wcl_slow
          Group: clk
     Startpoint: (F) enb_1_8_0
          Clock: (R) clk
       Endpoint: (R) pp_fir_0_1_1/sum3_2_im_1_reg[27]/D
          Clock: (R) clk

                     Capture       Launch     
        Clock Edge:+     500            0     
        Drv Adjust:+       0            0     
       Src Latency:+       0            0     
       Net Latency:+     200 (I)      200 (I) 
           Arrival:=     700          200     
                                              
             Setup:-       7                  
       Uncertainty:-     125                  
     Required Time:=     568                  
      Launch Clock:-     200                  
       Input Delay:-     300                  
         Data Path:-      82                  
             Slack:=     -14                  

Exceptions/Constraints:
  input_delay             300             pp_int_x4_struct.sdc_line_20_1_1 

#---------------------------------------------------------------------------------------------------------------------------------------
#           Timing Point             Flags   Arc   Edge           Cell             Fanout Load Trans Delay Arrival       Instance       
#                                                                                         (fF)  (ps)  (ps)   (ps)        Location       
#---------------------------------------------------------------------------------------------------------------------------------------
  enb_1_8_0                          -       -     F     (arrival)                     17 69.0     0     0     500                (-,-) 
  pp_fir_0_1_1/fopt15845/Y           -       A->Y  R     INV_X11M_A9PP140ZTL_C30        9 20.0    11    11     511                (-,-) 
  pp_fir_0_1_1/fopt15842/Y           -       A->Y  F     INV_X5M_A9PP140ZTL_C30         4 12.0    15    12     523                (-,-) 
  pp_fir_0_1_1/fopt15841/Y           -       A->Y  F     BUF_X13M_A9PP140ZTL_C30       32 34.1    17    22     546                (-,-) 
  pp_fir_0_1_1/g13120/Y              -       S0->Y R     MX2_X1B_A9PP140ZTL_C30         1  1.1    15    37     582                (-,-) 
  pp_fir_0_1_1/sum3_2_im_1_reg[27]/D -       -     R     DFFRPQ_X3M_A9PP140ZTL_C30      1    -     -     0     582  (124.4795,116.4740) 
#---------------------------------------------------------------------------------------------------------------------------------------



Path 40: VIOLATED (-14 ps) Setup Check with Pin pp_fir_0_1_1/sum3_2_im_1_reg[19]/CK->D
           View: view_wcl_slow
          Group: clk
     Startpoint: (F) enb_1_8_0
          Clock: (R) clk
       Endpoint: (R) pp_fir_0_1_1/sum3_2_im_1_reg[19]/D
          Clock: (R) clk

                     Capture       Launch     
        Clock Edge:+     500            0     
        Drv Adjust:+       0            0     
       Src Latency:+       0            0     
       Net Latency:+     200 (I)      200 (I) 
           Arrival:=     700          200     
                                              
             Setup:-       7                  
       Uncertainty:-     125                  
     Required Time:=     568                  
      Launch Clock:-     200                  
       Input Delay:-     300                  
         Data Path:-      82                  
             Slack:=     -14                  

Exceptions/Constraints:
  input_delay             300             pp_int_x4_struct.sdc_line_20_1_1 

#---------------------------------------------------------------------------------------------------------------------------------------
#           Timing Point             Flags   Arc   Edge           Cell             Fanout Load Trans Delay Arrival       Instance       
#                                                                                         (fF)  (ps)  (ps)   (ps)        Location       
#---------------------------------------------------------------------------------------------------------------------------------------
  enb_1_8_0                          -       -     F     (arrival)                     17 69.0     0     0     500                (-,-) 
  pp_fir_0_1_1/fopt15845/Y           -       A->Y  R     INV_X11M_A9PP140ZTL_C30        9 20.0    11    11     511                (-,-) 
  pp_fir_0_1_1/fopt15842/Y           -       A->Y  F     INV_X5M_A9PP140ZTL_C30         4 12.0    15    12     523                (-,-) 
  pp_fir_0_1_1/fopt15838/Y           -       A->Y  F     BUF_X13M_A9PP140ZTL_C30       32 34.1    17    22     546                (-,-) 
  pp_fir_0_1_1/g13749/Y              -       S0->Y R     MX2_X1B_A9PP140ZTL_C30         1  1.1    15    37     582                (-,-) 
  pp_fir_0_1_1/sum3_2_im_1_reg[19]/D -       -     R     DFFRPQ_X3M_A9PP140ZTL_C30      1    -     -     0     582  (142.0830,107.7025) 
#---------------------------------------------------------------------------------------------------------------------------------------



Path 41: VIOLATED (-14 ps) Setup Check with Pin pp_fir_0_1_1/sum3_2_im_1_reg[17]/CK->D
           View: view_wcl_slow
          Group: clk
     Startpoint: (F) enb_1_8_0
          Clock: (R) clk
       Endpoint: (R) pp_fir_0_1_1/sum3_2_im_1_reg[17]/D
          Clock: (R) clk

                     Capture       Launch     
        Clock Edge:+     500            0     
        Drv Adjust:+       0            0     
       Src Latency:+       0            0     
       Net Latency:+     200 (I)      200 (I) 
           Arrival:=     700          200     
                                              
             Setup:-       7                  
       Uncertainty:-     125                  
     Required Time:=     568                  
      Launch Clock:-     200                  
       Input Delay:-     300                  
         Data Path:-      82                  
             Slack:=     -14                  

Exceptions/Constraints:
  input_delay             300             pp_int_x4_struct.sdc_line_20_1_1 

#---------------------------------------------------------------------------------------------------------------------------------------
#           Timing Point             Flags   Arc   Edge           Cell             Fanout Load Trans Delay Arrival       Instance       
#                                                                                         (fF)  (ps)  (ps)   (ps)        Location       
#---------------------------------------------------------------------------------------------------------------------------------------
  enb_1_8_0                          -       -     F     (arrival)                     17 69.0     0     0     500                (-,-) 
  pp_fir_0_1_1/fopt15845/Y           -       A->Y  R     INV_X11M_A9PP140ZTL_C30        9 20.0    11    11     511                (-,-) 
  pp_fir_0_1_1/fopt15842/Y           -       A->Y  F     INV_X5M_A9PP140ZTL_C30         4 12.0    15    12     523                (-,-) 
  pp_fir_0_1_1/fopt15841/Y           -       A->Y  F     BUF_X13M_A9PP140ZTL_C30       32 34.1    17    22     546                (-,-) 
  pp_fir_0_1_1/g13747/Y              -       S0->Y R     MX2_X1B_A9PP140ZTL_C30         1  1.1    15    37     582                (-,-) 
  pp_fir_0_1_1/sum3_2_im_1_reg[17]/D -       -     R     DFFRPQ_X3M_A9PP140ZTL_C30      1    -     -     0     582  (153.3035,105.8705) 
#---------------------------------------------------------------------------------------------------------------------------------------



Path 42: VIOLATED (-14 ps) Setup Check with Pin pp_fir_0_1_1/sum3_2_im_1_reg[11]/CK->D
           View: view_wcl_slow
          Group: clk
     Startpoint: (F) enb_1_8_0
          Clock: (R) clk
       Endpoint: (R) pp_fir_0_1_1/sum3_2_im_1_reg[11]/D
          Clock: (R) clk

                     Capture       Launch     
        Clock Edge:+     500            0     
        Drv Adjust:+       0            0     
       Src Latency:+       0            0     
       Net Latency:+     200 (I)      200 (I) 
           Arrival:=     700          200     
                                              
             Setup:-       7                  
       Uncertainty:-     125                  
     Required Time:=     568                  
      Launch Clock:-     200                  
       Input Delay:-     300                  
         Data Path:-      82                  
             Slack:=     -14                  

Exceptions/Constraints:
  input_delay             300             pp_int_x4_struct.sdc_line_20_1_1 

#--------------------------------------------------------------------------------------------------------------------------------------
#           Timing Point             Flags   Arc   Edge           Cell             Fanout Load Trans Delay Arrival       Instance      
#                                                                                         (fF)  (ps)  (ps)   (ps)        Location      
#--------------------------------------------------------------------------------------------------------------------------------------
  enb_1_8_0                          -       -     F     (arrival)                     17 69.0     0     0     500               (-,-) 
  pp_fir_0_1_1/fopt15845/Y           -       A->Y  R     INV_X11M_A9PP140ZTL_C30        9 20.0    11    11     511               (-,-) 
  pp_fir_0_1_1/fopt15842/Y           -       A->Y  F     INV_X5M_A9PP140ZTL_C30         4 12.0    15    12     523               (-,-) 
  pp_fir_0_1_1/fopt15841/Y           -       A->Y  F     BUF_X13M_A9PP140ZTL_C30       32 34.1    17    22     546               (-,-) 
  pp_fir_0_1_1/g13184/Y              -       S0->Y R     MX2_X1B_A9PP140ZTL_C30         1  1.1    15    37     582               (-,-) 
  pp_fir_0_1_1/sum3_2_im_1_reg[11]/D -       -     R     DFFRPQ_X3M_A9PP140ZTL_C30      1    -     -     0     582  (159.2035,87.9520) 
#--------------------------------------------------------------------------------------------------------------------------------------



Path 43: VIOLATED (-14 ps) Setup Check with Pin pp_fir_0_1_1/sum3_1_re_1_reg[7]/CK->D
           View: view_wcl_slow
          Group: clk
     Startpoint: (F) enb_1_8_0
          Clock: (R) clk
       Endpoint: (R) pp_fir_0_1_1/sum3_1_re_1_reg[7]/D
          Clock: (R) clk

                     Capture       Launch     
        Clock Edge:+     500            0     
        Drv Adjust:+       0            0     
       Src Latency:+       0            0     
       Net Latency:+     200 (I)      200 (I) 
           Arrival:=     700          200     
                                              
             Setup:-       7                  
       Uncertainty:-     125                  
     Required Time:=     568                  
      Launch Clock:-     200                  
       Input Delay:-     300                  
         Data Path:-      82                  
             Slack:=     -14                  

Exceptions/Constraints:
  input_delay             300             pp_int_x4_struct.sdc_line_20_1_1 

#------------------------------------------------------------------------------------------------------------------------------------
#           Timing Point            Flags   Arc   Edge           Cell             Fanout Load Trans Delay Arrival      Instance      
#                                                                                        (fF)  (ps)  (ps)   (ps)       Location      
#------------------------------------------------------------------------------------------------------------------------------------
  enb_1_8_0                         -       -     F     (arrival)                     17 69.0     0     0     500              (-,-) 
  pp_fir_0_1_1/fopt15845/Y          -       A->Y  R     INV_X11M_A9PP140ZTL_C30        9 20.0    11    11     511              (-,-) 
  pp_fir_0_1_1/fopt15842/Y          -       A->Y  F     INV_X5M_A9PP140ZTL_C30         4 12.0    15    12     523              (-,-) 
  pp_fir_0_1_1/fopt15838/Y          -       A->Y  F     BUF_X13M_A9PP140ZTL_C30       32 34.1    17    22     546              (-,-) 
  pp_fir_0_1_1/g13700/Y             -       S0->Y R     MX2_X1B_A9PP140ZTL_C30         1  1.1    15    37     582              (-,-) 
  pp_fir_0_1_1/sum3_1_re_1_reg[7]/D -       -     R     DFFRPQ_X3M_A9PP140ZTL_C30      1    -     -     0     582  (65.2755,73.6780) 
#------------------------------------------------------------------------------------------------------------------------------------



Path 44: VIOLATED (-14 ps) Setup Check with Pin pp_fir_0_1_1/sum3_1_im_1_reg[22]/CK->D
           View: view_wcl_slow
          Group: clk
     Startpoint: (F) enb_1_8_0
          Clock: (R) clk
       Endpoint: (R) pp_fir_0_1_1/sum3_1_im_1_reg[22]/D
          Clock: (R) clk

                     Capture       Launch     
        Clock Edge:+     500            0     
        Drv Adjust:+       0            0     
       Src Latency:+       0            0     
       Net Latency:+     200 (I)      200 (I) 
           Arrival:=     700          200     
                                              
             Setup:-       7                  
       Uncertainty:-     125                  
     Required Time:=     568                  
      Launch Clock:-     200                  
       Input Delay:-     300                  
         Data Path:-      82                  
             Slack:=     -14                  

Exceptions/Constraints:
  input_delay             300             pp_int_x4_struct.sdc_line_20_1_1 

#---------------------------------------------------------------------------------------------------------------------------------------
#           Timing Point             Flags   Arc   Edge           Cell             Fanout Load Trans Delay Arrival       Instance       
#                                                                                         (fF)  (ps)  (ps)   (ps)        Location       
#---------------------------------------------------------------------------------------------------------------------------------------
  enb_1_8_0                          -       -     F     (arrival)                     17 69.0     0     0     500                (-,-) 
  pp_fir_0_1_1/fopt15845/Y           -       A->Y  R     INV_X11M_A9PP140ZTL_C30        9 20.0    11    11     511                (-,-) 
  pp_fir_0_1_1/fopt15842/Y           -       A->Y  F     INV_X5M_A9PP140ZTL_C30         4 12.0    15    12     523                (-,-) 
  pp_fir_0_1_1/fopt15840/Y           -       A->Y  F     BUF_X13M_A9PP140ZTL_C30       32 34.1    17    22     546                (-,-) 
  pp_fir_0_1_1/g13684/Y              -       S0->Y R     MX2_X1B_A9PP140ZTL_C30         1  1.1    15    37     582                (-,-) 
  pp_fir_0_1_1/sum3_1_im_1_reg[22]/D -       -     R     DFFRPQ_X3M_A9PP140ZTL_C30      1    -     -     0     582  (168.7135,110.0575) 
#---------------------------------------------------------------------------------------------------------------------------------------



Path 45: VIOLATED (-14 ps) Setup Check with Pin pp_fir_0_1_1/sum2_8_re_1_reg[13]/CK->D
           View: view_wcl_slow
          Group: clk
     Startpoint: (F) enb_1_8_0
          Clock: (R) clk
       Endpoint: (R) pp_fir_0_1_1/sum2_8_re_1_reg[13]/D
          Clock: (R) clk

                     Capture       Launch     
        Clock Edge:+     500            0     
        Drv Adjust:+       0            0     
       Src Latency:+       0            0     
       Net Latency:+     200 (I)      200 (I) 
           Arrival:=     700          200     
                                              
             Setup:-       7                  
       Uncertainty:-     125                  
     Required Time:=     568                  
      Launch Clock:-     200                  
       Input Delay:-     300                  
         Data Path:-      82                  
             Slack:=     -14                  

Exceptions/Constraints:
  input_delay             300             pp_int_x4_struct.sdc_line_20_1_1 

#-------------------------------------------------------------------------------------------------------------------------------------
#           Timing Point             Flags   Arc   Edge           Cell             Fanout Load Trans Delay Arrival      Instance      
#                                                                                         (fF)  (ps)  (ps)   (ps)       Location      
#-------------------------------------------------------------------------------------------------------------------------------------
  enb_1_8_0                          -       -     F     (arrival)                     17 69.0     0     0     500              (-,-) 
  pp_fir_0_1_1/fopt15845/Y           -       A->Y  R     INV_X11M_A9PP140ZTL_C30        9 20.0    11    11     511              (-,-) 
  pp_fir_0_1_1/fopt15842/Y           -       A->Y  F     INV_X5M_A9PP140ZTL_C30         4 12.0    15    12     523              (-,-) 
  pp_fir_0_1_1/fopt15839/Y           -       A->Y  F     BUF_X13M_A9PP140ZTL_C30       32 34.1    17    22     546              (-,-) 
  pp_fir_0_1_1/g13496/Y              -       S0->Y R     MX2_X1B_A9PP140ZTL_C30         1  1.1    15    37     582              (-,-) 
  pp_fir_0_1_1/sum2_8_re_1_reg[13]/D -       -     R     DFFRPQ_X3M_A9PP140ZTL_C30      1    -     -     0     582  (87.8165,35.8310) 
#-------------------------------------------------------------------------------------------------------------------------------------



Path 46: VIOLATED (-14 ps) Setup Check with Pin pp_fir_0_1_1/sum2_8_re_1_reg[7]/CK->D
           View: view_wcl_slow
          Group: clk
     Startpoint: (F) enb_1_8_0
          Clock: (R) clk
       Endpoint: (R) pp_fir_0_1_1/sum2_8_re_1_reg[7]/D
          Clock: (R) clk

                     Capture       Launch     
        Clock Edge:+     500            0     
        Drv Adjust:+       0            0     
       Src Latency:+       0            0     
       Net Latency:+     200 (I)      200 (I) 
           Arrival:=     700          200     
                                              
             Setup:-       7                  
       Uncertainty:-     125                  
     Required Time:=     568                  
      Launch Clock:-     200                  
       Input Delay:-     300                  
         Data Path:-      82                  
             Slack:=     -14                  

Exceptions/Constraints:
  input_delay             300             pp_int_x4_struct.sdc_line_20_1_1 

#------------------------------------------------------------------------------------------------------------------------------------
#           Timing Point            Flags   Arc   Edge           Cell             Fanout Load Trans Delay Arrival      Instance      
#                                                                                        (fF)  (ps)  (ps)   (ps)       Location      
#------------------------------------------------------------------------------------------------------------------------------------
  enb_1_8_0                         -       -     F     (arrival)                     17 69.0     0     0     500              (-,-) 
  pp_fir_0_1_1/fopt15845/Y          -       A->Y  R     INV_X11M_A9PP140ZTL_C30        9 20.0    11    11     511              (-,-) 
  pp_fir_0_1_1/fopt15842/Y          -       A->Y  F     INV_X5M_A9PP140ZTL_C30         4 12.0    15    12     523              (-,-) 
  pp_fir_0_1_1/fopt15839/Y          -       A->Y  F     BUF_X13M_A9PP140ZTL_C30       32 34.1    17    22     546              (-,-) 
  pp_fir_0_1_1/g13631/Y             -       S0->Y R     MX2_X1B_A9PP140ZTL_C30         1  1.1    15    37     582              (-,-) 
  pp_fir_0_1_1/sum2_8_re_1_reg[7]/D -       -     R     DFFRPQ_X3M_A9PP140ZTL_C30      1    -     -     0     582  (90.6570,14.7585) 
#------------------------------------------------------------------------------------------------------------------------------------



Path 47: VIOLATED (-14 ps) Setup Check with Pin pp_fir_0_1_1/sum2_8_im_1_reg[13]/CK->D
           View: view_wcl_slow
          Group: clk
     Startpoint: (F) enb_1_8_0
          Clock: (R) clk
       Endpoint: (R) pp_fir_0_1_1/sum2_8_im_1_reg[13]/D
          Clock: (R) clk

                     Capture       Launch     
        Clock Edge:+     500            0     
        Drv Adjust:+       0            0     
       Src Latency:+       0            0     
       Net Latency:+     200 (I)      200 (I) 
           Arrival:=     700          200     
                                              
             Setup:-       7                  
       Uncertainty:-     125                  
     Required Time:=     568                  
      Launch Clock:-     200                  
       Input Delay:-     300                  
         Data Path:-      82                  
             Slack:=     -14                  

Exceptions/Constraints:
  input_delay             300             pp_int_x4_struct.sdc_line_20_1_1 

#--------------------------------------------------------------------------------------------------------------------------------------
#           Timing Point             Flags   Arc   Edge           Cell             Fanout Load Trans Delay Arrival       Instance      
#                                                                                         (fF)  (ps)  (ps)   (ps)        Location      
#--------------------------------------------------------------------------------------------------------------------------------------
  enb_1_8_0                          -       -     F     (arrival)                     17 69.0     0     0     500               (-,-) 
  pp_fir_0_1_1/fopt15845/Y           -       A->Y  R     INV_X11M_A9PP140ZTL_C30        9 20.0    11    11     511               (-,-) 
  pp_fir_0_1_1/fopt15842/Y           -       A->Y  F     INV_X5M_A9PP140ZTL_C30         4 12.0    15    12     523               (-,-) 
  pp_fir_0_1_1/fopt15840/Y           -       A->Y  F     BUF_X13M_A9PP140ZTL_C30       32 34.1    17    22     546               (-,-) 
  pp_fir_0_1_1/g13600/Y              -       S0->Y R     MX2_X1B_A9PP140ZTL_C30         1  1.1    15    37     582               (-,-) 
  pp_fir_0_1_1/sum2_8_im_1_reg[13]/D -       -     R     DFFRPQ_X3M_A9PP140ZTL_C30      1    -     -     0     582  (137.8120,22.1440) 
#--------------------------------------------------------------------------------------------------------------------------------------



Path 48: VIOLATED (-14 ps) Setup Check with Pin pp_fir_0_1_1/Delay_Pipeline_reg_re_reg[22][7]/CK->D
           View: view_wcl_slow
          Group: clk
     Startpoint: (F) enb_1_8_0
          Clock: (R) clk
       Endpoint: (R) pp_fir_0_1_1/Delay_Pipeline_reg_re_reg[22][7]/D
          Clock: (R) clk

                     Capture       Launch     
        Clock Edge:+     500            0     
        Drv Adjust:+       0            0     
       Src Latency:+       0            0     
       Net Latency:+     200 (I)      200 (I) 
           Arrival:=     700          200     
                                              
             Setup:-       7                  
       Uncertainty:-     125                  
     Required Time:=     568                  
      Launch Clock:-     200                  
       Input Delay:-     300                  
         Data Path:-      82                  
             Slack:=     -14                  

Exceptions/Constraints:
  input_delay             300             pp_int_x4_struct.sdc_line_20_1_1 

#---------------------------------------------------------------------------------------------------------------------------------------------------
#                  Timing Point                   Flags   Arc   Edge           Cell             Fanout Load Trans Delay Arrival       Instance      
#                                                                                                      (fF)  (ps)  (ps)   (ps)        Location      
#---------------------------------------------------------------------------------------------------------------------------------------------------
  enb_1_8_0                                       -       -     F     (arrival)                     17 69.0     0     0     500               (-,-) 
  pp_fir_0_1_1/fopt15845/Y                        -       A->Y  R     INV_X11M_A9PP140ZTL_C30        9 20.0    11    11     511               (-,-) 
  pp_fir_0_1_1/fopt15842/Y                        -       A->Y  F     INV_X5M_A9PP140ZTL_C30         4 12.0    15    12     523               (-,-) 
  pp_fir_0_1_1/fopt15839/Y                        -       A->Y  F     BUF_X13M_A9PP140ZTL_C30       32 34.1    17    22     546               (-,-) 
  pp_fir_0_1_1/g14218/Y                           -       S0->Y R     MX2_X1B_A9PP140ZTL_C30         1  1.1    15    37     582               (-,-) 
  pp_fir_0_1_1/Delay_Pipeline_reg_re_reg[22][7]/D -       -     R     DFFRPQ_X3M_A9PP140ZTL_C30      1    -     -     0     582  (37.9540,135.2100) 
#---------------------------------------------------------------------------------------------------------------------------------------------------



Path 49: VIOLATED (-14 ps) Setup Check with Pin pp_fir_0_1_1/Delay_Pipeline_reg_re_reg[10][0]/CK->D
           View: view_wcl_slow
          Group: clk
     Startpoint: (F) enb_1_8_0
          Clock: (R) clk
       Endpoint: (R) pp_fir_0_1_1/Delay_Pipeline_reg_re_reg[10][0]/D
          Clock: (R) clk

                     Capture       Launch     
        Clock Edge:+     500            0     
        Drv Adjust:+       0            0     
       Src Latency:+       0            0     
       Net Latency:+     200 (I)      200 (I) 
           Arrival:=     700          200     
                                              
             Setup:-       7                  
       Uncertainty:-     125                  
     Required Time:=     568                  
      Launch Clock:-     200                  
       Input Delay:-     300                  
         Data Path:-      82                  
             Slack:=     -14                  

Exceptions/Constraints:
  input_delay             300             pp_int_x4_struct.sdc_line_20_1_1 

#-------------------------------------------------------------------------------------------------------------------------------------------------
#                  Timing Point                   Flags   Arc   Edge           Cell             Fanout Load Trans Delay Arrival      Instance     
#                                                                                                      (fF)  (ps)  (ps)   (ps)       Location     
#-------------------------------------------------------------------------------------------------------------------------------------------------
  enb_1_8_0                                       -       -     F     (arrival)                     17 69.0     0     0     500             (-,-) 
  pp_fir_0_1_1/fopt15845/Y                        -       A->Y  R     INV_X11M_A9PP140ZTL_C30        9 20.0    11    11     511             (-,-) 
  pp_fir_0_1_1/fopt15842/Y                        -       A->Y  F     INV_X5M_A9PP140ZTL_C30         4 12.0    15    12     523             (-,-) 
  pp_fir_0_1_1/fopt15838/Y                        -       A->Y  F     BUF_X13M_A9PP140ZTL_C30       32 34.1    17    22     546             (-,-) 
  pp_fir_0_1_1/g13769/Y                           -       S0->Y R     MX2_X1B_A9PP140ZTL_C30         1  1.1    15    37     582             (-,-) 
  pp_fir_0_1_1/Delay_Pipeline_reg_re_reg[10][0]/D -       -     R     DFFRPQ_X3M_A9PP140ZTL_C30      1    -     -     0     582  (14.7355,1.9430) 
#-------------------------------------------------------------------------------------------------------------------------------------------------



Path 50: VIOLATED (-14 ps) Setup Check with Pin pp_fir_0_1_1/Delay_Pipeline_reg_re_reg[8][12]/CK->D
           View: view_wcl_slow
          Group: clk
     Startpoint: (F) enb_1_8_0
          Clock: (R) clk
       Endpoint: (R) pp_fir_0_1_1/Delay_Pipeline_reg_re_reg[8][12]/D
          Clock: (R) clk

                     Capture       Launch     
        Clock Edge:+     500            0     
        Drv Adjust:+       0            0     
       Src Latency:+       0            0     
       Net Latency:+     200 (I)      200 (I) 
           Arrival:=     700          200     
                                              
             Setup:-       7                  
       Uncertainty:-     125                  
     Required Time:=     568                  
      Launch Clock:-     200                  
       Input Delay:-     300                  
         Data Path:-      82                  
             Slack:=     -14                  

Exceptions/Constraints:
  input_delay             300             pp_int_x4_struct.sdc_line_20_1_1 

#--------------------------------------------------------------------------------------------------------------------------------------------------
#                  Timing Point                   Flags   Arc   Edge           Cell             Fanout Load Trans Delay Arrival      Instance      
#                                                                                                      (fF)  (ps)  (ps)   (ps)       Location      
#--------------------------------------------------------------------------------------------------------------------------------------------------
  enb_1_8_0                                       -       -     F     (arrival)                     17 69.0     0     0     500              (-,-) 
  pp_fir_0_1_1/fopt15845/Y                        -       A->Y  R     INV_X11M_A9PP140ZTL_C30        9 20.0    11    11     511              (-,-) 
  pp_fir_0_1_1/fopt15842/Y                        -       A->Y  F     INV_X5M_A9PP140ZTL_C30         4 12.0    15    12     523              (-,-) 
  pp_fir_0_1_1/fopt15838/Y                        -       A->Y  F     BUF_X13M_A9PP140ZTL_C30       32 34.1    17    22     546              (-,-) 
  pp_fir_0_1_1/g13718/Y                           -       S0->Y R     MX2_X1B_A9PP140ZTL_C30         1  1.1    15    37     582              (-,-) 
  pp_fir_0_1_1/Delay_Pipeline_reg_re_reg[8][12]/D -       -     R     DFFRPQ_X3M_A9PP140ZTL_C30      1    -     -     0     582  (54.5370,19.4980) 
#--------------------------------------------------------------------------------------------------------------------------------------------------

