============================================================
  Generated by:           Genus(TM) Synthesis Solution 22.10-p001_1
  Generated on:           Jan 12 2025  06:24:36 pm
  Module:                 pp_fir_u_2
  Operating conditions:   ssg_cworstt_max_0p81v_125c 
  Operating conditions:   ffg_cbestt_min_0p99v_m40c 
  Operating conditions:   tt_ctypical_max_0p90v_25c 
  Interconnect mode:      spatial
  Area mode:              physical library
============================================================


Path 1: MET (61 ps) Setup Check with Pin signed_mag_2_sign_re_stage1_reg/clk->sena
           View: view_wcl_fast
          Group: clk
     Startpoint: (R) rst_n
          Clock: (R) clk
       Endpoint: (R) signed_mag_2_sign_re_stage1_reg/sena
          Clock: (R) clk

                     Capture       Launch     
        Clock Edge:+     500            0     
        Drv Adjust:+       0            0     
       Src Latency:+       0            0     
       Net Latency:+     200 (I)      200 (I) 
           Arrival:=     700          200     
                                              
             Setup:-      14                  
       Uncertainty:-     125                  
     Required Time:=     561                  
      Launch Clock:-     200                  
       Input Delay:-     300                  
         Data Path:-       0                  
             Slack:=      61                  

Exceptions/Constraints:
  input_delay             300             tmp_sdc_view_wcl_slo_line_533 

#-----------------------------------------------------------------------------------------------------------------------------
#            Timing Point              Flags   Arc   Edge      Cell        Fanout Load Trans Delay Arrival      Instance      
#                                                                                 (fF)  (ps)  (ps)   (ps)       Location      
#-----------------------------------------------------------------------------------------------------------------------------
  rst_n                                (a,u)   -     R     (arrival)            5  3.6     0     0     500              (-,-) 
  signed_mag_2_sign_re_stage1_reg/sena -       -     R     unmapped_d_flop      5    -     -     0     500  (0.0275,122.0080) 
#-----------------------------------------------------------------------------------------------------------------------------

(u) : Net has unmapped pin(s).
(a) : Net has asynchronous load pins which are being considered ideal.



Path 2: MET (61 ps) Setup Check with Pin pp_fir_2_1_1_Delay_Pipeline_reg_re_reg[0][15]/clk->d
           View: view_wcl_fast
          Group: clk
     Startpoint: (R) In1_re[15]
          Clock: (R) clk
       Endpoint: (R) pp_fir_2_1_1_Delay_Pipeline_reg_re_reg[0][15]/d
          Clock: (R) clk

                     Capture       Launch     
        Clock Edge:+     500            0     
        Drv Adjust:+       0            0     
       Src Latency:+       0            0     
       Net Latency:+     200 (I)      200 (I) 
           Arrival:=     700          200     
                                              
             Setup:-      14                  
       Uncertainty:-     125                  
     Required Time:=     561                  
      Launch Clock:-     200                  
       Input Delay:-     300                  
         Data Path:-       0                  
             Slack:=      61                  

Exceptions/Constraints:
  input_delay             300             tmp_sdc_view_wcl_slo_line_535 

#--------------------------------------------------------------------------------------------------------------------------------------
#                  Timing Point                   Flags   Arc   Edge      Cell        Fanout Load Trans Delay Arrival     Instance     
#                                                                                            (fF)  (ps)  (ps)   (ps)      Location     
#--------------------------------------------------------------------------------------------------------------------------------------
  In1_re[15]                                      (u)     -     R     (arrival)            1  1.8     0     0     500            (-,-) 
  pp_fir_2_1_1_Delay_Pipeline_reg_re_reg[0][15]/d -       -     R     unmapped_d_flop      1    -     -     0     500  (2.8580,0.0425) 
#--------------------------------------------------------------------------------------------------------------------------------------

(u) : Net has unmapped pin(s).



Path 3: MET (61 ps) Setup Check with Pin pp_fir_2_1_1_Delay_Pipeline_reg_re_reg[0][14]/clk->d
           View: view_wcl_fast
          Group: clk
     Startpoint: (R) In1_re[14]
          Clock: (R) clk
       Endpoint: (R) pp_fir_2_1_1_Delay_Pipeline_reg_re_reg[0][14]/d
          Clock: (R) clk

                     Capture       Launch     
        Clock Edge:+     500            0     
        Drv Adjust:+       0            0     
       Src Latency:+       0            0     
       Net Latency:+     200 (I)      200 (I) 
           Arrival:=     700          200     
                                              
             Setup:-      14                  
       Uncertainty:-     125                  
     Required Time:=     561                  
      Launch Clock:-     200                  
       Input Delay:-     300                  
         Data Path:-       0                  
             Slack:=      61                  

Exceptions/Constraints:
  input_delay             300             tmp_sdc_view_wcl_slo_line_536 

#---------------------------------------------------------------------------------------------------------------------------------------
#                  Timing Point                   Flags   Arc   Edge      Cell        Fanout Load Trans Delay Arrival      Instance     
#                                                                                            (fF)  (ps)  (ps)   (ps)       Location     
#---------------------------------------------------------------------------------------------------------------------------------------
  In1_re[14]                                      (u)     -     R     (arrival)            1  1.8     0     0     500             (-,-) 
  pp_fir_2_1_1_Delay_Pipeline_reg_re_reg[0][14]/d -       -     R     unmapped_d_flop      1    -     -     0     500  (17.9325,0.0945) 
#---------------------------------------------------------------------------------------------------------------------------------------

(u) : Net has unmapped pin(s).



Path 4: MET (61 ps) Setup Check with Pin pp_fir_2_1_1_Delay_Pipeline_reg_re_reg[0][13]/clk->d
           View: view_wcl_fast
          Group: clk
     Startpoint: (R) In1_re[13]
          Clock: (R) clk
       Endpoint: (R) pp_fir_2_1_1_Delay_Pipeline_reg_re_reg[0][13]/d
          Clock: (R) clk

                     Capture       Launch     
        Clock Edge:+     500            0     
        Drv Adjust:+       0            0     
       Src Latency:+       0            0     
       Net Latency:+     200 (I)      200 (I) 
           Arrival:=     700          200     
                                              
             Setup:-      14                  
       Uncertainty:-     125                  
     Required Time:=     561                  
      Launch Clock:-     200                  
       Input Delay:-     300                  
         Data Path:-       0                  
             Slack:=      61                  

Exceptions/Constraints:
  input_delay             300             tmp_sdc_view_wcl_slo_line_537 

#---------------------------------------------------------------------------------------------------------------------------------------
#                  Timing Point                   Flags   Arc   Edge      Cell        Fanout Load Trans Delay Arrival      Instance     
#                                                                                            (fF)  (ps)  (ps)   (ps)       Location     
#---------------------------------------------------------------------------------------------------------------------------------------
  In1_re[13]                                      (u)     -     R     (arrival)            1  1.8     0     0     500             (-,-) 
  pp_fir_2_1_1_Delay_Pipeline_reg_re_reg[0][13]/d -       -     R     unmapped_d_flop      1    -     -     0     500  (31.3535,0.0340) 
#---------------------------------------------------------------------------------------------------------------------------------------

(u) : Net has unmapped pin(s).



Path 5: MET (61 ps) Setup Check with Pin pp_fir_2_1_1_Delay_Pipeline_reg_re_reg[0][12]/clk->d
           View: view_wcl_fast
          Group: clk
     Startpoint: (R) In1_re[12]
          Clock: (R) clk
       Endpoint: (R) pp_fir_2_1_1_Delay_Pipeline_reg_re_reg[0][12]/d
          Clock: (R) clk

                     Capture       Launch     
        Clock Edge:+     500            0     
        Drv Adjust:+       0            0     
       Src Latency:+       0            0     
       Net Latency:+     200 (I)      200 (I) 
           Arrival:=     700          200     
                                              
             Setup:-      14                  
       Uncertainty:-     125                  
     Required Time:=     561                  
      Launch Clock:-     200                  
       Input Delay:-     300                  
         Data Path:-       0                  
             Slack:=      61                  

Exceptions/Constraints:
  input_delay             300             tmp_sdc_view_wcl_slo_line_538 

#---------------------------------------------------------------------------------------------------------------------------------------
#                  Timing Point                   Flags   Arc   Edge      Cell        Fanout Load Trans Delay Arrival      Instance     
#                                                                                            (fF)  (ps)  (ps)   (ps)       Location     
#---------------------------------------------------------------------------------------------------------------------------------------
  In1_re[12]                                      (u)     -     R     (arrival)            1  1.8     0     0     500             (-,-) 
  pp_fir_2_1_1_Delay_Pipeline_reg_re_reg[0][12]/d -       -     R     unmapped_d_flop      1    -     -     0     500  (35.0145,0.0835) 
#---------------------------------------------------------------------------------------------------------------------------------------

(u) : Net has unmapped pin(s).



Path 6: MET (61 ps) Setup Check with Pin pp_fir_2_1_1_Delay_Pipeline_reg_re_reg[0][11]/clk->d
           View: view_wcl_fast
          Group: clk
     Startpoint: (R) In1_re[11]
          Clock: (R) clk
       Endpoint: (R) pp_fir_2_1_1_Delay_Pipeline_reg_re_reg[0][11]/d
          Clock: (R) clk

                     Capture       Launch     
        Clock Edge:+     500            0     
        Drv Adjust:+       0            0     
       Src Latency:+       0            0     
       Net Latency:+     200 (I)      200 (I) 
           Arrival:=     700          200     
                                              
             Setup:-      14                  
       Uncertainty:-     125                  
     Required Time:=     561                  
      Launch Clock:-     200                  
       Input Delay:-     300                  
         Data Path:-       0                  
             Slack:=      61                  

Exceptions/Constraints:
  input_delay             300             tmp_sdc_view_wcl_slo_line_539 

#---------------------------------------------------------------------------------------------------------------------------------------
#                  Timing Point                   Flags   Arc   Edge      Cell        Fanout Load Trans Delay Arrival      Instance     
#                                                                                            (fF)  (ps)  (ps)   (ps)       Location     
#---------------------------------------------------------------------------------------------------------------------------------------
  In1_re[11]                                      (u)     -     R     (arrival)            1  1.8     0     0     500             (-,-) 
  pp_fir_2_1_1_Delay_Pipeline_reg_re_reg[0][11]/d -       -     R     unmapped_d_flop      1    -     -     0     500  (49.2785,0.0290) 
#---------------------------------------------------------------------------------------------------------------------------------------

(u) : Net has unmapped pin(s).



Path 7: MET (61 ps) Setup Check with Pin pp_fir_2_1_1_Delay_Pipeline_reg_re_reg[0][10]/clk->d
           View: view_wcl_fast
          Group: clk
     Startpoint: (R) In1_re[10]
          Clock: (R) clk
       Endpoint: (R) pp_fir_2_1_1_Delay_Pipeline_reg_re_reg[0][10]/d
          Clock: (R) clk

                     Capture       Launch     
        Clock Edge:+     500            0     
        Drv Adjust:+       0            0     
       Src Latency:+       0            0     
       Net Latency:+     200 (I)      200 (I) 
           Arrival:=     700          200     
                                              
             Setup:-      14                  
       Uncertainty:-     125                  
     Required Time:=     561                  
      Launch Clock:-     200                  
       Input Delay:-     300                  
         Data Path:-       0                  
             Slack:=      61                  

Exceptions/Constraints:
  input_delay             300             tmp_sdc_view_wcl_slo_line_540 

#---------------------------------------------------------------------------------------------------------------------------------------
#                  Timing Point                   Flags   Arc   Edge      Cell        Fanout Load Trans Delay Arrival      Instance     
#                                                                                            (fF)  (ps)  (ps)   (ps)       Location     
#---------------------------------------------------------------------------------------------------------------------------------------
  In1_re[10]                                      (u)     -     R     (arrival)            1  1.8     0     0     500             (-,-) 
  pp_fir_2_1_1_Delay_Pipeline_reg_re_reg[0][10]/d -       -     R     unmapped_d_flop      1    -     -     0     500  (65.9970,0.0610) 
#---------------------------------------------------------------------------------------------------------------------------------------

(u) : Net has unmapped pin(s).



Path 8: MET (61 ps) Setup Check with Pin pp_fir_2_1_1_Delay_Pipeline_reg_re_reg[0][9]/clk->d
           View: view_wcl_fast
          Group: clk
     Startpoint: (R) In1_re[9]
          Clock: (R) clk
       Endpoint: (R) pp_fir_2_1_1_Delay_Pipeline_reg_re_reg[0][9]/d
          Clock: (R) clk

                     Capture       Launch     
        Clock Edge:+     500            0     
        Drv Adjust:+       0            0     
       Src Latency:+       0            0     
       Net Latency:+     200 (I)      200 (I) 
           Arrival:=     700          200     
                                              
             Setup:-      14                  
       Uncertainty:-     125                  
     Required Time:=     561                  
      Launch Clock:-     200                  
       Input Delay:-     300                  
         Data Path:-       0                  
             Slack:=      61                  

Exceptions/Constraints:
  input_delay             300             tmp_sdc_view_wcl_slo_line_541 

#--------------------------------------------------------------------------------------------------------------------------------------
#                 Timing Point                   Flags   Arc   Edge      Cell        Fanout Load Trans Delay Arrival      Instance     
#                                                                                           (fF)  (ps)  (ps)   (ps)       Location     
#--------------------------------------------------------------------------------------------------------------------------------------
  In1_re[9]                                      (u)     -     R     (arrival)            1  1.8     0     0     500             (-,-) 
  pp_fir_2_1_1_Delay_Pipeline_reg_re_reg[0][9]/d -       -     R     unmapped_d_flop      1    -     -     0     500  (75.3920,0.0755) 
#--------------------------------------------------------------------------------------------------------------------------------------

(u) : Net has unmapped pin(s).



Path 9: MET (61 ps) Setup Check with Pin pp_fir_2_1_1_Delay_Pipeline_reg_re_reg[0][8]/clk->d
           View: view_wcl_fast
          Group: clk
     Startpoint: (R) In1_re[8]
          Clock: (R) clk
       Endpoint: (R) pp_fir_2_1_1_Delay_Pipeline_reg_re_reg[0][8]/d
          Clock: (R) clk

                     Capture       Launch     
        Clock Edge:+     500            0     
        Drv Adjust:+       0            0     
       Src Latency:+       0            0     
       Net Latency:+     200 (I)      200 (I) 
           Arrival:=     700          200     
                                              
             Setup:-      14                  
       Uncertainty:-     125                  
     Required Time:=     561                  
      Launch Clock:-     200                  
       Input Delay:-     300                  
         Data Path:-       0                  
             Slack:=      61                  

Exceptions/Constraints:
  input_delay             300             tmp_sdc_view_wcl_slo_line_542 

#--------------------------------------------------------------------------------------------------------------------------------------
#                 Timing Point                   Flags   Arc   Edge      Cell        Fanout Load Trans Delay Arrival      Instance     
#                                                                                           (fF)  (ps)  (ps)   (ps)       Location     
#--------------------------------------------------------------------------------------------------------------------------------------
  In1_re[8]                                      (u)     -     R     (arrival)            1  1.8     0     0     500             (-,-) 
  pp_fir_2_1_1_Delay_Pipeline_reg_re_reg[0][8]/d -       -     R     unmapped_d_flop      1    -     -     0     500  (81.8930,0.0800) 
#--------------------------------------------------------------------------------------------------------------------------------------

(u) : Net has unmapped pin(s).



Path 10: MET (61 ps) Setup Check with Pin pp_fir_2_1_1_Delay_Pipeline_reg_re_reg[0][7]/clk->d
           View: view_wcl_fast
          Group: clk
     Startpoint: (R) In1_re[7]
          Clock: (R) clk
       Endpoint: (R) pp_fir_2_1_1_Delay_Pipeline_reg_re_reg[0][7]/d
          Clock: (R) clk

                     Capture       Launch     
        Clock Edge:+     500            0     
        Drv Adjust:+       0            0     
       Src Latency:+       0            0     
       Net Latency:+     200 (I)      200 (I) 
           Arrival:=     700          200     
                                              
             Setup:-      14                  
       Uncertainty:-     125                  
     Required Time:=     561                  
      Launch Clock:-     200                  
       Input Delay:-     300                  
         Data Path:-       0                  
             Slack:=      61                  

Exceptions/Constraints:
  input_delay             300             tmp_sdc_view_wcl_slo_line_543 

#--------------------------------------------------------------------------------------------------------------------------------------
#                 Timing Point                   Flags   Arc   Edge      Cell        Fanout Load Trans Delay Arrival      Instance     
#                                                                                           (fF)  (ps)  (ps)   (ps)       Location     
#--------------------------------------------------------------------------------------------------------------------------------------
  In1_re[7]                                      (u)     -     R     (arrival)            1  1.8     0     0     500             (-,-) 
  pp_fir_2_1_1_Delay_Pipeline_reg_re_reg[0][7]/d -       -     R     unmapped_d_flop      1    -     -     0     500  (90.0750,0.0870) 
#--------------------------------------------------------------------------------------------------------------------------------------

(u) : Net has unmapped pin(s).



Path 11: MET (61 ps) Setup Check with Pin pp_fir_2_1_1_Delay_Pipeline_reg_re_reg[0][6]/clk->d
           View: view_wcl_fast
          Group: clk
     Startpoint: (R) In1_re[6]
          Clock: (R) clk
       Endpoint: (R) pp_fir_2_1_1_Delay_Pipeline_reg_re_reg[0][6]/d
          Clock: (R) clk

                     Capture       Launch     
        Clock Edge:+     500            0     
        Drv Adjust:+       0            0     
       Src Latency:+       0            0     
       Net Latency:+     200 (I)      200 (I) 
           Arrival:=     700          200     
                                              
             Setup:-      14                  
       Uncertainty:-     125                  
     Required Time:=     561                  
      Launch Clock:-     200                  
       Input Delay:-     300                  
         Data Path:-       0                  
             Slack:=      61                  

Exceptions/Constraints:
  input_delay             300             tmp_sdc_view_wcl_slo_line_544 

#--------------------------------------------------------------------------------------------------------------------------------------
#                 Timing Point                   Flags   Arc   Edge      Cell        Fanout Load Trans Delay Arrival      Instance     
#                                                                                           (fF)  (ps)  (ps)   (ps)       Location     
#--------------------------------------------------------------------------------------------------------------------------------------
  In1_re[6]                                      (u)     -     R     (arrival)            1  1.8     0     0     500             (-,-) 
  pp_fir_2_1_1_Delay_Pipeline_reg_re_reg[0][6]/d -       -     R     unmapped_d_flop      1    -     -     0     500  (93.6810,0.0720) 
#--------------------------------------------------------------------------------------------------------------------------------------

(u) : Net has unmapped pin(s).



Path 12: MET (61 ps) Setup Check with Pin pp_fir_2_1_1_Delay_Pipeline_reg_re_reg[0][5]/clk->d
           View: view_wcl_fast
          Group: clk
     Startpoint: (R) In1_re[5]
          Clock: (R) clk
       Endpoint: (R) pp_fir_2_1_1_Delay_Pipeline_reg_re_reg[0][5]/d
          Clock: (R) clk

                     Capture       Launch     
        Clock Edge:+     500            0     
        Drv Adjust:+       0            0     
       Src Latency:+       0            0     
       Net Latency:+     200 (I)      200 (I) 
           Arrival:=     700          200     
                                              
             Setup:-      14                  
       Uncertainty:-     125                  
     Required Time:=     561                  
      Launch Clock:-     200                  
       Input Delay:-     300                  
         Data Path:-       0                  
             Slack:=      61                  

Exceptions/Constraints:
  input_delay             300             tmp_sdc_view_wcl_slo_line_545 

#--------------------------------------------------------------------------------------------------------------------------------------
#                 Timing Point                   Flags   Arc   Edge      Cell        Fanout Load Trans Delay Arrival      Instance     
#                                                                                           (fF)  (ps)  (ps)   (ps)       Location     
#--------------------------------------------------------------------------------------------------------------------------------------
  In1_re[5]                                      (u)     -     R     (arrival)            1  1.8     0     0     500             (-,-) 
  pp_fir_2_1_1_Delay_Pipeline_reg_re_reg[0][5]/d -       -     R     unmapped_d_flop      1    -     -     0     500  (97.4600,0.0540) 
#--------------------------------------------------------------------------------------------------------------------------------------

(u) : Net has unmapped pin(s).



Path 13: MET (61 ps) Setup Check with Pin pp_fir_2_1_1_Delay_Pipeline_reg_re_reg[0][4]/clk->d
           View: view_wcl_fast
          Group: clk
     Startpoint: (R) In1_re[4]
          Clock: (R) clk
       Endpoint: (R) pp_fir_2_1_1_Delay_Pipeline_reg_re_reg[0][4]/d
          Clock: (R) clk

                     Capture       Launch     
        Clock Edge:+     500            0     
        Drv Adjust:+       0            0     
       Src Latency:+       0            0     
       Net Latency:+     200 (I)      200 (I) 
           Arrival:=     700          200     
                                              
             Setup:-      14                  
       Uncertainty:-     125                  
     Required Time:=     561                  
      Launch Clock:-     200                  
       Input Delay:-     300                  
         Data Path:-       0                  
             Slack:=      61                  

Exceptions/Constraints:
  input_delay             300             tmp_sdc_view_wcl_slo_line_546 

#---------------------------------------------------------------------------------------------------------------------------------------
#                 Timing Point                   Flags   Arc   Edge      Cell        Fanout Load Trans Delay Arrival      Instance      
#                                                                                           (fF)  (ps)  (ps)   (ps)       Location      
#---------------------------------------------------------------------------------------------------------------------------------------
  In1_re[4]                                      (u)     -     R     (arrival)            1  1.8     0     0     500              (-,-) 
  pp_fir_2_1_1_Delay_Pipeline_reg_re_reg[0][4]/d -       -     R     unmapped_d_flop      1    -     -     0     500  (102.2080,0.0870) 
#---------------------------------------------------------------------------------------------------------------------------------------

(u) : Net has unmapped pin(s).



Path 14: MET (61 ps) Setup Check with Pin pp_fir_2_1_1_Delay_Pipeline_reg_re_reg[0][3]/clk->d
           View: view_wcl_fast
          Group: clk
     Startpoint: (R) In1_re[3]
          Clock: (R) clk
       Endpoint: (R) pp_fir_2_1_1_Delay_Pipeline_reg_re_reg[0][3]/d
          Clock: (R) clk

                     Capture       Launch     
        Clock Edge:+     500            0     
        Drv Adjust:+       0            0     
       Src Latency:+       0            0     
       Net Latency:+     200 (I)      200 (I) 
           Arrival:=     700          200     
                                              
             Setup:-      14                  
       Uncertainty:-     125                  
     Required Time:=     561                  
      Launch Clock:-     200                  
       Input Delay:-     300                  
         Data Path:-       0                  
             Slack:=      61                  

Exceptions/Constraints:
  input_delay             300             tmp_sdc_view_wcl_slo_line_547 

#---------------------------------------------------------------------------------------------------------------------------------------
#                 Timing Point                   Flags   Arc   Edge      Cell        Fanout Load Trans Delay Arrival      Instance      
#                                                                                           (fF)  (ps)  (ps)   (ps)       Location      
#---------------------------------------------------------------------------------------------------------------------------------------
  In1_re[3]                                      (u)     -     R     (arrival)            1  1.8     0     0     500              (-,-) 
  pp_fir_2_1_1_Delay_Pipeline_reg_re_reg[0][3]/d -       -     R     unmapped_d_flop      1    -     -     0     500  (106.0585,0.1040) 
#---------------------------------------------------------------------------------------------------------------------------------------

(u) : Net has unmapped pin(s).



Path 15: MET (61 ps) Setup Check with Pin pp_fir_2_1_1_Delay_Pipeline_reg_re_reg[0][2]/clk->d
           View: view_wcl_fast
          Group: clk
     Startpoint: (R) In1_re[2]
          Clock: (R) clk
       Endpoint: (R) pp_fir_2_1_1_Delay_Pipeline_reg_re_reg[0][2]/d
          Clock: (R) clk

                     Capture       Launch     
        Clock Edge:+     500            0     
        Drv Adjust:+       0            0     
       Src Latency:+       0            0     
       Net Latency:+     200 (I)      200 (I) 
           Arrival:=     700          200     
                                              
             Setup:-      14                  
       Uncertainty:-     125                  
     Required Time:=     561                  
      Launch Clock:-     200                  
       Input Delay:-     300                  
         Data Path:-       0                  
             Slack:=      61                  

Exceptions/Constraints:
  input_delay             300             tmp_sdc_view_wcl_slo_line_548 

#---------------------------------------------------------------------------------------------------------------------------------------
#                 Timing Point                   Flags   Arc   Edge      Cell        Fanout Load Trans Delay Arrival      Instance      
#                                                                                           (fF)  (ps)  (ps)   (ps)       Location      
#---------------------------------------------------------------------------------------------------------------------------------------
  In1_re[2]                                      (u)     -     R     (arrival)            1  1.8     0     0     500              (-,-) 
  pp_fir_2_1_1_Delay_Pipeline_reg_re_reg[0][2]/d -       -     R     unmapped_d_flop      1    -     -     0     500  (108.1390,1.1590) 
#---------------------------------------------------------------------------------------------------------------------------------------

(u) : Net has unmapped pin(s).



Path 16: MET (61 ps) Setup Check with Pin pp_fir_2_1_1_Delay_Pipeline_reg_re_reg[0][1]/clk->d
           View: view_wcl_fast
          Group: clk
     Startpoint: (R) In1_re[1]
          Clock: (R) clk
       Endpoint: (R) pp_fir_2_1_1_Delay_Pipeline_reg_re_reg[0][1]/d
          Clock: (R) clk

                     Capture       Launch     
        Clock Edge:+     500            0     
        Drv Adjust:+       0            0     
       Src Latency:+       0            0     
       Net Latency:+     200 (I)      200 (I) 
           Arrival:=     700          200     
                                              
             Setup:-      14                  
       Uncertainty:-     125                  
     Required Time:=     561                  
      Launch Clock:-     200                  
       Input Delay:-     300                  
         Data Path:-       0                  
             Slack:=      61                  

Exceptions/Constraints:
  input_delay             300             tmp_sdc_view_wcl_slo_line_549 

#---------------------------------------------------------------------------------------------------------------------------------------
#                 Timing Point                   Flags   Arc   Edge      Cell        Fanout Load Trans Delay Arrival      Instance      
#                                                                                           (fF)  (ps)  (ps)   (ps)       Location      
#---------------------------------------------------------------------------------------------------------------------------------------
  In1_re[1]                                      (u)     -     R     (arrival)            1  1.8     0     0     500              (-,-) 
  pp_fir_2_1_1_Delay_Pipeline_reg_re_reg[0][1]/d -       -     R     unmapped_d_flop      1    -     -     0     500  (107.6005,2.2280) 
#---------------------------------------------------------------------------------------------------------------------------------------

(u) : Net has unmapped pin(s).



Path 17: MET (61 ps) Setup Check with Pin pp_fir_2_1_1_Delay_Pipeline_reg_re_reg[0][0]/clk->d
           View: view_wcl_fast
          Group: clk
     Startpoint: (R) In1_re[0]
          Clock: (R) clk
       Endpoint: (R) pp_fir_2_1_1_Delay_Pipeline_reg_re_reg[0][0]/d
          Clock: (R) clk

                     Capture       Launch     
        Clock Edge:+     500            0     
        Drv Adjust:+       0            0     
       Src Latency:+       0            0     
       Net Latency:+     200 (I)      200 (I) 
           Arrival:=     700          200     
                                              
             Setup:-      14                  
       Uncertainty:-     125                  
     Required Time:=     561                  
      Launch Clock:-     200                  
       Input Delay:-     300                  
         Data Path:-       0                  
             Slack:=      61                  

Exceptions/Constraints:
  input_delay             300             tmp_sdc_view_wcl_slo_line_550 

#---------------------------------------------------------------------------------------------------------------------------------------
#                 Timing Point                   Flags   Arc   Edge      Cell        Fanout Load Trans Delay Arrival      Instance      
#                                                                                           (fF)  (ps)  (ps)   (ps)       Location      
#---------------------------------------------------------------------------------------------------------------------------------------
  In1_re[0]                                      (u)     -     R     (arrival)            1  1.8     0     0     500              (-,-) 
  pp_fir_2_1_1_Delay_Pipeline_reg_re_reg[0][0]/d -       -     R     unmapped_d_flop      1    -     -     0     500  (114.9300,0.0765) 
#---------------------------------------------------------------------------------------------------------------------------------------

(u) : Net has unmapped pin(s).



Path 18: MET (61 ps) Setup Check with Pin pp_fir_2_1_1_Delay_Pipeline_reg_im_reg[0][15]/clk->d
           View: view_wcl_fast
          Group: clk
     Startpoint: (R) In1_im[15]
          Clock: (R) clk
       Endpoint: (R) pp_fir_2_1_1_Delay_Pipeline_reg_im_reg[0][15]/d
          Clock: (R) clk

                     Capture       Launch     
        Clock Edge:+     500            0     
        Drv Adjust:+       0            0     
       Src Latency:+       0            0     
       Net Latency:+     200 (I)      200 (I) 
           Arrival:=     700          200     
                                              
             Setup:-      14                  
       Uncertainty:-     125                  
     Required Time:=     561                  
      Launch Clock:-     200                  
       Input Delay:-     300                  
         Data Path:-       0                  
             Slack:=      61                  

Exceptions/Constraints:
  input_delay             300             tmp_sdc_view_wcl_slo_line_551 

#---------------------------------------------------------------------------------------------------------------------------------------
#                  Timing Point                   Flags   Arc   Edge      Cell        Fanout Load Trans Delay Arrival      Instance     
#                                                                                            (fF)  (ps)  (ps)   (ps)       Location     
#---------------------------------------------------------------------------------------------------------------------------------------
  In1_im[15]                                      (u)     -     R     (arrival)            1  1.8     0     0     500             (-,-) 
  pp_fir_2_1_1_Delay_Pipeline_reg_im_reg[0][15]/d -       -     R     unmapped_d_flop      1    -     -     0     500  (25.9575,0.0070) 
#---------------------------------------------------------------------------------------------------------------------------------------

(u) : Net has unmapped pin(s).



Path 19: MET (61 ps) Setup Check with Pin pp_fir_2_1_1_Delay_Pipeline_reg_im_reg[0][14]/clk->d
           View: view_wcl_fast
          Group: clk
     Startpoint: (R) In1_im[14]
          Clock: (R) clk
       Endpoint: (R) pp_fir_2_1_1_Delay_Pipeline_reg_im_reg[0][14]/d
          Clock: (R) clk

                     Capture       Launch     
        Clock Edge:+     500            0     
        Drv Adjust:+       0            0     
       Src Latency:+       0            0     
       Net Latency:+     200 (I)      200 (I) 
           Arrival:=     700          200     
                                              
             Setup:-      14                  
       Uncertainty:-     125                  
     Required Time:=     561                  
      Launch Clock:-     200                  
       Input Delay:-     300                  
         Data Path:-       0                  
             Slack:=      61                  

Exceptions/Constraints:
  input_delay             300             tmp_sdc_view_wcl_slo_line_552 

#---------------------------------------------------------------------------------------------------------------------------------------
#                  Timing Point                   Flags   Arc   Edge      Cell        Fanout Load Trans Delay Arrival      Instance     
#                                                                                            (fF)  (ps)  (ps)   (ps)       Location     
#---------------------------------------------------------------------------------------------------------------------------------------
  In1_im[14]                                      (u)     -     R     (arrival)            1  1.8     0     0     500             (-,-) 
  pp_fir_2_1_1_Delay_Pipeline_reg_im_reg[0][14]/d -       -     R     unmapped_d_flop      1    -     -     0     500  (78.7245,0.3750) 
#---------------------------------------------------------------------------------------------------------------------------------------

(u) : Net has unmapped pin(s).



Path 20: MET (61 ps) Setup Check with Pin pp_fir_2_1_1_Delay_Pipeline_reg_im_reg[0][13]/clk->d
           View: view_wcl_fast
          Group: clk
     Startpoint: (R) In1_im[13]
          Clock: (R) clk
       Endpoint: (R) pp_fir_2_1_1_Delay_Pipeline_reg_im_reg[0][13]/d
          Clock: (R) clk

                     Capture       Launch     
        Clock Edge:+     500            0     
        Drv Adjust:+       0            0     
       Src Latency:+       0            0     
       Net Latency:+     200 (I)      200 (I) 
           Arrival:=     700          200     
                                              
             Setup:-      14                  
       Uncertainty:-     125                  
     Required Time:=     561                  
      Launch Clock:-     200                  
       Input Delay:-     300                  
         Data Path:-       0                  
             Slack:=      61                  

Exceptions/Constraints:
  input_delay             300             tmp_sdc_view_wcl_slo_line_553 

#---------------------------------------------------------------------------------------------------------------------------------------
#                  Timing Point                   Flags   Arc   Edge      Cell        Fanout Load Trans Delay Arrival      Instance     
#                                                                                            (fF)  (ps)  (ps)   (ps)       Location     
#---------------------------------------------------------------------------------------------------------------------------------------
  In1_im[13]                                      (u)     -     R     (arrival)            1  1.8     0     0     500             (-,-) 
  pp_fir_2_1_1_Delay_Pipeline_reg_im_reg[0][13]/d -       -     R     unmapped_d_flop      1    -     -     0     500  (89.4575,1.1545) 
#---------------------------------------------------------------------------------------------------------------------------------------

(u) : Net has unmapped pin(s).



Path 21: MET (61 ps) Setup Check with Pin pp_fir_2_1_1_Delay_Pipeline_reg_im_reg[0][12]/clk->d
           View: view_wcl_fast
          Group: clk
     Startpoint: (R) In1_im[12]
          Clock: (R) clk
       Endpoint: (R) pp_fir_2_1_1_Delay_Pipeline_reg_im_reg[0][12]/d
          Clock: (R) clk

                     Capture       Launch     
        Clock Edge:+     500            0     
        Drv Adjust:+       0            0     
       Src Latency:+       0            0     
       Net Latency:+     200 (I)      200 (I) 
           Arrival:=     700          200     
                                              
             Setup:-      14                  
       Uncertainty:-     125                  
     Required Time:=     561                  
      Launch Clock:-     200                  
       Input Delay:-     300                  
         Data Path:-       0                  
             Slack:=      61                  

Exceptions/Constraints:
  input_delay             300             tmp_sdc_view_wcl_slo_line_554 

#---------------------------------------------------------------------------------------------------------------------------------------
#                  Timing Point                   Flags   Arc   Edge      Cell        Fanout Load Trans Delay Arrival      Instance     
#                                                                                            (fF)  (ps)  (ps)   (ps)       Location     
#---------------------------------------------------------------------------------------------------------------------------------------
  In1_im[12]                                      (u)     -     R     (arrival)            1  1.8     0     0     500             (-,-) 
  pp_fir_2_1_1_Delay_Pipeline_reg_im_reg[0][12]/d -       -     R     unmapped_d_flop      1    -     -     0     500  (86.1250,0.0760) 
#---------------------------------------------------------------------------------------------------------------------------------------

(u) : Net has unmapped pin(s).



Path 22: MET (61 ps) Setup Check with Pin pp_fir_2_1_1_Delay_Pipeline_reg_im_reg[0][11]/clk->d
           View: view_wcl_fast
          Group: clk
     Startpoint: (R) In1_im[11]
          Clock: (R) clk
       Endpoint: (R) pp_fir_2_1_1_Delay_Pipeline_reg_im_reg[0][11]/d
          Clock: (R) clk

                     Capture       Launch     
        Clock Edge:+     500            0     
        Drv Adjust:+       0            0     
       Src Latency:+       0            0     
       Net Latency:+     200 (I)      200 (I) 
           Arrival:=     700          200     
                                              
             Setup:-      14                  
       Uncertainty:-     125                  
     Required Time:=     561                  
      Launch Clock:-     200                  
       Input Delay:-     300                  
         Data Path:-       0                  
             Slack:=      61                  

Exceptions/Constraints:
  input_delay             300             tmp_sdc_view_wcl_slo_line_555 

#---------------------------------------------------------------------------------------------------------------------------------------
#                  Timing Point                   Flags   Arc   Edge      Cell        Fanout Load Trans Delay Arrival      Instance     
#                                                                                            (fF)  (ps)  (ps)   (ps)       Location     
#---------------------------------------------------------------------------------------------------------------------------------------
  In1_im[11]                                      (u)     -     R     (arrival)            1  1.8     0     0     500             (-,-) 
  pp_fir_2_1_1_Delay_Pipeline_reg_im_reg[0][11]/d -       -     R     unmapped_d_flop      1    -     -     0     500  (83.8320,1.0265) 
#---------------------------------------------------------------------------------------------------------------------------------------

(u) : Net has unmapped pin(s).



Path 23: MET (61 ps) Setup Check with Pin pp_fir_2_1_1_Delay_Pipeline_reg_im_reg[0][10]/clk->d
           View: view_wcl_fast
          Group: clk
     Startpoint: (R) In1_im[10]
          Clock: (R) clk
       Endpoint: (R) pp_fir_2_1_1_Delay_Pipeline_reg_im_reg[0][10]/d
          Clock: (R) clk

                     Capture       Launch     
        Clock Edge:+     500            0     
        Drv Adjust:+       0            0     
       Src Latency:+       0            0     
       Net Latency:+     200 (I)      200 (I) 
           Arrival:=     700          200     
                                              
             Setup:-      14                  
       Uncertainty:-     125                  
     Required Time:=     561                  
      Launch Clock:-     200                  
       Input Delay:-     300                  
         Data Path:-       0                  
             Slack:=      61                  

Exceptions/Constraints:
  input_delay             300             tmp_sdc_view_wcl_slo_line_556 

#---------------------------------------------------------------------------------------------------------------------------------------
#                  Timing Point                   Flags   Arc   Edge      Cell        Fanout Load Trans Delay Arrival      Instance     
#                                                                                            (fF)  (ps)  (ps)   (ps)       Location     
#---------------------------------------------------------------------------------------------------------------------------------------
  In1_im[10]                                      (u)     -     R     (arrival)            1  1.8     0     0     500             (-,-) 
  pp_fir_2_1_1_Delay_Pipeline_reg_im_reg[0][10]/d -       -     R     unmapped_d_flop      1    -     -     0     500  (92.8280,1.1260) 
#---------------------------------------------------------------------------------------------------------------------------------------

(u) : Net has unmapped pin(s).



Path 24: MET (61 ps) Setup Check with Pin pp_fir_2_1_1_Delay_Pipeline_reg_im_reg[0][9]/clk->d
           View: view_wcl_fast
          Group: clk
     Startpoint: (R) In1_im[9]
          Clock: (R) clk
       Endpoint: (R) pp_fir_2_1_1_Delay_Pipeline_reg_im_reg[0][9]/d
          Clock: (R) clk

                     Capture       Launch     
        Clock Edge:+     500            0     
        Drv Adjust:+       0            0     
       Src Latency:+       0            0     
       Net Latency:+     200 (I)      200 (I) 
           Arrival:=     700          200     
                                              
             Setup:-      14                  
       Uncertainty:-     125                  
     Required Time:=     561                  
      Launch Clock:-     200                  
       Input Delay:-     300                  
         Data Path:-       0                  
             Slack:=      61                  

Exceptions/Constraints:
  input_delay             300             tmp_sdc_view_wcl_slo_line_557 

#--------------------------------------------------------------------------------------------------------------------------------------
#                 Timing Point                   Flags   Arc   Edge      Cell        Fanout Load Trans Delay Arrival      Instance     
#                                                                                           (fF)  (ps)  (ps)   (ps)       Location     
#--------------------------------------------------------------------------------------------------------------------------------------
  In1_im[9]                                      (u)     -     R     (arrival)            1  1.8     0     0     500             (-,-) 
  pp_fir_2_1_1_Delay_Pipeline_reg_im_reg[0][9]/d -       -     R     unmapped_d_flop      1    -     -     0     500  (96.3490,1.0850) 
#--------------------------------------------------------------------------------------------------------------------------------------

(u) : Net has unmapped pin(s).



Path 25: MET (61 ps) Setup Check with Pin pp_fir_2_1_1_Delay_Pipeline_reg_im_reg[0][8]/clk->d
           View: view_wcl_fast
          Group: clk
     Startpoint: (R) In1_im[8]
          Clock: (R) clk
       Endpoint: (R) pp_fir_2_1_1_Delay_Pipeline_reg_im_reg[0][8]/d
          Clock: (R) clk

                     Capture       Launch     
        Clock Edge:+     500            0     
        Drv Adjust:+       0            0     
       Src Latency:+       0            0     
       Net Latency:+     200 (I)      200 (I) 
           Arrival:=     700          200     
                                              
             Setup:-      14                  
       Uncertainty:-     125                  
     Required Time:=     561                  
      Launch Clock:-     200                  
       Input Delay:-     300                  
         Data Path:-       0                  
             Slack:=      61                  

Exceptions/Constraints:
  input_delay             300             tmp_sdc_view_wcl_slo_line_558 

#--------------------------------------------------------------------------------------------------------------------------------------
#                 Timing Point                   Flags   Arc   Edge      Cell        Fanout Load Trans Delay Arrival      Instance     
#                                                                                           (fF)  (ps)  (ps)   (ps)       Location     
#--------------------------------------------------------------------------------------------------------------------------------------
  In1_im[8]                                      (u)     -     R     (arrival)            1  1.8     0     0     500             (-,-) 
  pp_fir_2_1_1_Delay_Pipeline_reg_im_reg[0][8]/d -       -     R     unmapped_d_flop      1    -     -     0     500  (99.8510,1.0295) 
#--------------------------------------------------------------------------------------------------------------------------------------

(u) : Net has unmapped pin(s).



Path 26: MET (61 ps) Setup Check with Pin pp_fir_2_1_1_Delay_Pipeline_reg_im_reg[0][7]/clk->d
           View: view_wcl_fast
          Group: clk
     Startpoint: (R) In1_im[7]
          Clock: (R) clk
       Endpoint: (R) pp_fir_2_1_1_Delay_Pipeline_reg_im_reg[0][7]/d
          Clock: (R) clk

                     Capture       Launch     
        Clock Edge:+     500            0     
        Drv Adjust:+       0            0     
       Src Latency:+       0            0     
       Net Latency:+     200 (I)      200 (I) 
           Arrival:=     700          200     
                                              
             Setup:-      14                  
       Uncertainty:-     125                  
     Required Time:=     561                  
      Launch Clock:-     200                  
       Input Delay:-     300                  
         Data Path:-       0                  
             Slack:=      61                  

Exceptions/Constraints:
  input_delay             300             tmp_sdc_view_wcl_slo_line_559 

#---------------------------------------------------------------------------------------------------------------------------------------
#                 Timing Point                   Flags   Arc   Edge      Cell        Fanout Load Trans Delay Arrival      Instance      
#                                                                                           (fF)  (ps)  (ps)   (ps)       Location      
#---------------------------------------------------------------------------------------------------------------------------------------
  In1_im[7]                                      (u)     -     R     (arrival)            1  1.8     0     0     500              (-,-) 
  pp_fir_2_1_1_Delay_Pipeline_reg_im_reg[0][7]/d -       -     R     unmapped_d_flop      1    -     -     0     500  (109.4655,0.0775) 
#---------------------------------------------------------------------------------------------------------------------------------------

(u) : Net has unmapped pin(s).



Path 27: MET (61 ps) Setup Check with Pin pp_fir_2_1_1_Delay_Pipeline_reg_im_reg[0][6]/clk->d
           View: view_wcl_fast
          Group: clk
     Startpoint: (R) In1_im[6]
          Clock: (R) clk
       Endpoint: (R) pp_fir_2_1_1_Delay_Pipeline_reg_im_reg[0][6]/d
          Clock: (R) clk

                     Capture       Launch     
        Clock Edge:+     500            0     
        Drv Adjust:+       0            0     
       Src Latency:+       0            0     
       Net Latency:+     200 (I)      200 (I) 
           Arrival:=     700          200     
                                              
             Setup:-      14                  
       Uncertainty:-     125                  
     Required Time:=     561                  
      Launch Clock:-     200                  
       Input Delay:-     300                  
         Data Path:-       0                  
             Slack:=      61                  

Exceptions/Constraints:
  input_delay             300             tmp_sdc_view_wcl_slo_line_560 

#---------------------------------------------------------------------------------------------------------------------------------------
#                 Timing Point                   Flags   Arc   Edge      Cell        Fanout Load Trans Delay Arrival      Instance      
#                                                                                           (fF)  (ps)  (ps)   (ps)       Location      
#---------------------------------------------------------------------------------------------------------------------------------------
  In1_im[6]                                      (u)     -     R     (arrival)            1  1.8     0     0     500              (-,-) 
  pp_fir_2_1_1_Delay_Pipeline_reg_im_reg[0][6]/d -       -     R     unmapped_d_flop      1    -     -     0     500  (118.3300,0.0720) 
#---------------------------------------------------------------------------------------------------------------------------------------

(u) : Net has unmapped pin(s).



Path 28: MET (61 ps) Setup Check with Pin pp_fir_2_1_1_Delay_Pipeline_reg_im_reg[0][5]/clk->d
           View: view_wcl_fast
          Group: clk
     Startpoint: (R) In1_im[5]
          Clock: (R) clk
       Endpoint: (R) pp_fir_2_1_1_Delay_Pipeline_reg_im_reg[0][5]/d
          Clock: (R) clk

                     Capture       Launch     
        Clock Edge:+     500            0     
        Drv Adjust:+       0            0     
       Src Latency:+       0            0     
       Net Latency:+     200 (I)      200 (I) 
           Arrival:=     700          200     
                                              
             Setup:-      14                  
       Uncertainty:-     125                  
     Required Time:=     561                  
      Launch Clock:-     200                  
       Input Delay:-     300                  
         Data Path:-       0                  
             Slack:=      61                  

Exceptions/Constraints:
  input_delay             300             tmp_sdc_view_wcl_slo_line_561 

#---------------------------------------------------------------------------------------------------------------------------------------
#                 Timing Point                   Flags   Arc   Edge      Cell        Fanout Load Trans Delay Arrival      Instance      
#                                                                                           (fF)  (ps)  (ps)   (ps)       Location      
#---------------------------------------------------------------------------------------------------------------------------------------
  In1_im[5]                                      (u)     -     R     (arrival)            1  1.8     0     0     500              (-,-) 
  pp_fir_2_1_1_Delay_Pipeline_reg_im_reg[0][5]/d -       -     R     unmapped_d_flop      1    -     -     0     500  (133.3680,0.0215) 
#---------------------------------------------------------------------------------------------------------------------------------------

(u) : Net has unmapped pin(s).



Path 29: MET (61 ps) Setup Check with Pin pp_fir_2_1_1_Delay_Pipeline_reg_im_reg[0][4]/clk->d
           View: view_wcl_fast
          Group: clk
     Startpoint: (R) In1_im[4]
          Clock: (R) clk
       Endpoint: (R) pp_fir_2_1_1_Delay_Pipeline_reg_im_reg[0][4]/d
          Clock: (R) clk

                     Capture       Launch     
        Clock Edge:+     500            0     
        Drv Adjust:+       0            0     
       Src Latency:+       0            0     
       Net Latency:+     200 (I)      200 (I) 
           Arrival:=     700          200     
                                              
             Setup:-      14                  
       Uncertainty:-     125                  
     Required Time:=     561                  
      Launch Clock:-     200                  
       Input Delay:-     300                  
         Data Path:-       0                  
             Slack:=      61                  

Exceptions/Constraints:
  input_delay             300             tmp_sdc_view_wcl_slo_line_562 

#---------------------------------------------------------------------------------------------------------------------------------------
#                 Timing Point                   Flags   Arc   Edge      Cell        Fanout Load Trans Delay Arrival      Instance      
#                                                                                           (fF)  (ps)  (ps)   (ps)       Location      
#---------------------------------------------------------------------------------------------------------------------------------------
  In1_im[4]                                      (u)     -     R     (arrival)            1  1.8     0     0     500              (-,-) 
  pp_fir_2_1_1_Delay_Pipeline_reg_im_reg[0][4]/d -       -     R     unmapped_d_flop      1    -     -     0     500  (145.1195,0.0680) 
#---------------------------------------------------------------------------------------------------------------------------------------

(u) : Net has unmapped pin(s).



Path 30: MET (61 ps) Setup Check with Pin pp_fir_2_1_1_Delay_Pipeline_reg_im_reg[0][3]/clk->d
           View: view_wcl_fast
          Group: clk
     Startpoint: (R) In1_im[3]
          Clock: (R) clk
       Endpoint: (R) pp_fir_2_1_1_Delay_Pipeline_reg_im_reg[0][3]/d
          Clock: (R) clk

                     Capture       Launch     
        Clock Edge:+     500            0     
        Drv Adjust:+       0            0     
       Src Latency:+       0            0     
       Net Latency:+     200 (I)      200 (I) 
           Arrival:=     700          200     
                                              
             Setup:-      14                  
       Uncertainty:-     125                  
     Required Time:=     561                  
      Launch Clock:-     200                  
       Input Delay:-     300                  
         Data Path:-       0                  
             Slack:=      61                  

Exceptions/Constraints:
  input_delay             300             tmp_sdc_view_wcl_slo_line_563 

#---------------------------------------------------------------------------------------------------------------------------------------
#                 Timing Point                   Flags   Arc   Edge      Cell        Fanout Load Trans Delay Arrival      Instance      
#                                                                                           (fF)  (ps)  (ps)   (ps)       Location      
#---------------------------------------------------------------------------------------------------------------------------------------
  In1_im[3]                                      (u)     -     R     (arrival)            1  1.8     0     0     500              (-,-) 
  pp_fir_2_1_1_Delay_Pipeline_reg_im_reg[0][3]/d -       -     R     unmapped_d_flop      1    -     -     0     500  (155.1245,0.0075) 
#---------------------------------------------------------------------------------------------------------------------------------------

(u) : Net has unmapped pin(s).



Path 31: MET (61 ps) Setup Check with Pin pp_fir_2_1_1_Delay_Pipeline_reg_im_reg[0][2]/clk->d
           View: view_wcl_fast
          Group: clk
     Startpoint: (R) In1_im[2]
          Clock: (R) clk
       Endpoint: (R) pp_fir_2_1_1_Delay_Pipeline_reg_im_reg[0][2]/d
          Clock: (R) clk

                     Capture       Launch     
        Clock Edge:+     500            0     
        Drv Adjust:+       0            0     
       Src Latency:+       0            0     
       Net Latency:+     200 (I)      200 (I) 
           Arrival:=     700          200     
                                              
             Setup:-      14                  
       Uncertainty:-     125                  
     Required Time:=     561                  
      Launch Clock:-     200                  
       Input Delay:-     300                  
         Data Path:-       0                  
             Slack:=      61                  

Exceptions/Constraints:
  input_delay             300             tmp_sdc_view_wcl_slo_line_564 

#---------------------------------------------------------------------------------------------------------------------------------------
#                 Timing Point                   Flags   Arc   Edge      Cell        Fanout Load Trans Delay Arrival      Instance      
#                                                                                           (fF)  (ps)  (ps)   (ps)       Location      
#---------------------------------------------------------------------------------------------------------------------------------------
  In1_im[2]                                      (u)     -     R     (arrival)            1  1.8     0     0     500              (-,-) 
  pp_fir_2_1_1_Delay_Pipeline_reg_im_reg[0][2]/d -       -     R     unmapped_d_flop      1    -     -     0     500  (162.8935,0.0775) 
#---------------------------------------------------------------------------------------------------------------------------------------

(u) : Net has unmapped pin(s).



Path 32: MET (61 ps) Setup Check with Pin pp_fir_2_1_1_Delay_Pipeline_reg_im_reg[0][1]/clk->d
           View: view_wcl_fast
          Group: clk
     Startpoint: (R) In1_im[1]
          Clock: (R) clk
       Endpoint: (R) pp_fir_2_1_1_Delay_Pipeline_reg_im_reg[0][1]/d
          Clock: (R) clk

                     Capture       Launch     
        Clock Edge:+     500            0     
        Drv Adjust:+       0            0     
       Src Latency:+       0            0     
       Net Latency:+     200 (I)      200 (I) 
           Arrival:=     700          200     
                                              
             Setup:-      14                  
       Uncertainty:-     125                  
     Required Time:=     561                  
      Launch Clock:-     200                  
       Input Delay:-     300                  
         Data Path:-       0                  
             Slack:=      61                  

Exceptions/Constraints:
  input_delay             300             tmp_sdc_view_wcl_slo_line_565 

#---------------------------------------------------------------------------------------------------------------------------------------
#                 Timing Point                   Flags   Arc   Edge      Cell        Fanout Load Trans Delay Arrival      Instance      
#                                                                                           (fF)  (ps)  (ps)   (ps)       Location      
#---------------------------------------------------------------------------------------------------------------------------------------
  In1_im[1]                                      (u)     -     R     (arrival)            1  1.8     0     0     500              (-,-) 
  pp_fir_2_1_1_Delay_Pipeline_reg_im_reg[0][1]/d -       -     R     unmapped_d_flop      1    -     -     0     500  (166.1375,0.0500) 
#---------------------------------------------------------------------------------------------------------------------------------------

(u) : Net has unmapped pin(s).



Path 33: MET (61 ps) Setup Check with Pin pp_fir_2_1_1_Delay_Pipeline_reg_im_reg[0][0]/clk->d
           View: view_wcl_fast
          Group: clk
     Startpoint: (R) In1_im[0]
          Clock: (R) clk
       Endpoint: (R) pp_fir_2_1_1_Delay_Pipeline_reg_im_reg[0][0]/d
          Clock: (R) clk

                     Capture       Launch     
        Clock Edge:+     500            0     
        Drv Adjust:+       0            0     
       Src Latency:+       0            0     
       Net Latency:+     200 (I)      200 (I) 
           Arrival:=     700          200     
                                              
             Setup:-      14                  
       Uncertainty:-     125                  
     Required Time:=     561                  
      Launch Clock:-     200                  
       Input Delay:-     300                  
         Data Path:-       0                  
             Slack:=      61                  

Exceptions/Constraints:
  input_delay             300             tmp_sdc_view_wcl_slo_line_566 

#---------------------------------------------------------------------------------------------------------------------------------------
#                 Timing Point                   Flags   Arc   Edge      Cell        Fanout Load Trans Delay Arrival      Instance      
#                                                                                           (fF)  (ps)  (ps)   (ps)       Location      
#---------------------------------------------------------------------------------------------------------------------------------------
  In1_im[0]                                      (u)     -     R     (arrival)            1  1.8     0     0     500              (-,-) 
  pp_fir_2_1_1_Delay_Pipeline_reg_im_reg[0][0]/d -       -     R     unmapped_d_flop      1    -     -     0     500  (177.5500,0.0120) 
#---------------------------------------------------------------------------------------------------------------------------------------

(u) : Net has unmapped pin(s).



Path 34: MET (129 ps) Setup Check with Pin pp_fir_2_1_1_sum1_8_re_1_reg[28]/clk->d
           View: view_wcl_fast
          Group: clk
     Startpoint: (R) pp_fir_2_1_1_Delay_Pipeline_reg_re_reg[17][3]/clk
          Clock: (R) clk
       Endpoint: (R) pp_fir_2_1_1_sum1_8_re_1_reg[28]/d
          Clock: (R) clk

                     Capture       Launch     
        Clock Edge:+     500            0     
       Src Latency:+       0            0     
       Net Latency:+     200 (I)      200 (I) 
           Arrival:=     700          200     
                                              
             Setup:-       5                  
       Uncertainty:-     125                  
     Required Time:=     570                  
      Launch Clock:-     200                  
         Data Path:-     241                  
             Slack:=     129                  

#-----------------------------------------------------------------------------------------------------------------------------------------------
#                   Timing Point                     Flags    Arc    Edge       Cell         Fanout Load Trans Delay Arrival      Instance      
#                                                                                                   (fF)  (ps)  (ps)   (ps)       Location      
#-----------------------------------------------------------------------------------------------------------------------------------------------
  pp_fir_2_1_1_Delay_Pipeline_reg_re_reg[17][3]/clk  -       -       R     (arrival)           3702    -    25     0     200              (-,-) 
  pp_fir_2_1_1_Delay_Pipeline_reg_re_reg[17][3]/q    (u)     clk->q  R     unmapped_d_flop       15 27.0     0    45     245   (9.3180,65.6235) 
  pp_fir_2_1_1_csa_tree_ADD_TC_OP_groupi4007/g4340/z (u)     in_0->z R     unmapped_xor2          1  1.8     0    11     256   (8.2875,69.3285) 
  pp_fir_2_1_1_csa_tree_ADD_TC_OP_groupi4007/g4433/z (u)     in_0->z R     unmapped_xor2          2  3.6     0    12     268   (7.4445,69.3290) 
  pp_fir_2_1_1_csa_tree_ADD_TC_OP_groupi4007/g3786/z (u)     in_0->z R     unmapped_complex2      2  3.6     0     7     274   (5.4780,69.3565) 
  pp_fir_2_1_1_csa_tree_ADD_TC_OP_groupi4007/g4361/z (u)     in_0->z F     unmapped_complex4      1  1.8     0     6     280   (3.9150,70.0465) 
  pp_fir_2_1_1_csa_tree_ADD_TC_OP_groupi4007/g3599/z (u)     in_1->z R     unmapped_nand2         2  3.6     0     7     287   (3.6540,68.9415) 
  pp_fir_2_1_1_csa_tree_ADD_TC_OP_groupi4007/g3518/z (u)     in_1->z F     unmapped_nand2         2  3.6     0     7     294   (3.6535,65.1450) 
  pp_fir_2_1_1_csa_tree_ADD_TC_OP_groupi4007/g4694/z (u)     in_1->z F     unmapped_complex4      1  1.8     0    14     308   (2.8310,63.6250) 
  pp_fir_2_1_1_csa_tree_ADD_TC_OP_groupi4007/g4710/z (u)     in_0->z R     unmapped_complex3      2  3.6     0     7     315   (2.3430,65.8405) 
  pp_fir_2_1_1_csa_tree_ADD_TC_OP_groupi4007/g4754/z (u)     in_2->z R     unmapped_complex3      2  3.6     0    13     328   (2.4515,69.3575) 
  pp_fir_2_1_1_csa_tree_ADD_TC_OP_groupi4007/g4770/z (u)     in_2->z R     unmapped_complex3      4  7.2     0    14     342   (5.7235,74.7140) 
  pp_fir_2_1_1_csa_tree_ADD_TC_OP_groupi4007/g4764/z (u)     in_0->z F     unmapped_complex4      1  1.8     0    11     353  (12.0095,77.1225) 
  pp_fir_2_1_1_csa_tree_ADD_TC_OP_groupi4007/g4792/z (u)     in_0->z R     unmapped_nand3         4  7.2     0    11     365  (13.4590,77.9975) 
  pp_fir_2_1_1_csa_tree_ADD_TC_OP_groupi4007/g4780/z (u)     in_0->z F     unmapped_complex4      1  1.8     0    11     376  (19.6070,86.2420) 
  pp_fir_2_1_1_csa_tree_ADD_TC_OP_groupi4007/g4801/z (u)     in_0->z R     unmapped_nand3         6 10.8     0    13     389  (21.3505,86.3560) 
  pp_fir_2_1_1_csa_tree_ADD_TC_OP_groupi4007/g4822/z (u)     in_1->z R     unmapped_complex4      6 10.8     0    19     408  (26.8900,89.1250) 
  pp_fir_2_1_1_csa_tree_ADD_TC_OP_groupi4007/g4842/z (u)     in_1->z R     unmapped_complex3      1  1.8     0    11     419  (33.4735,96.6155) 
  pp_fir_2_1_1_csa_tree_ADD_TC_OP_groupi4007/g4861/z (u)     in_0->z R     unmapped_xnor2         1  1.8     0    11     430  (33.4450,97.6130) 
  pp_fir_2_1_1_g7170/z                               (u)     in_1->z R     unmapped_complex3      1  1.8     0    11     441  (34.2735,98.3915) 
  pp_fir_2_1_1_sum1_8_re_1_reg[28]/d                 -       -       R     unmapped_d_flop        1    -     -     0     441  (33.1265,99.3680) 
#-----------------------------------------------------------------------------------------------------------------------------------------------

(u) : Net has unmapped pin(s).



Path 35: MET (129 ps) Setup Check with Pin pp_fir_2_1_1_sum1_8_re_1_reg[27]/clk->d
           View: view_wcl_fast
          Group: clk
     Startpoint: (R) pp_fir_2_1_1_Delay_Pipeline_reg_re_reg[17][3]/clk
          Clock: (R) clk
       Endpoint: (R) pp_fir_2_1_1_sum1_8_re_1_reg[27]/d
          Clock: (R) clk

                     Capture       Launch     
        Clock Edge:+     500            0     
       Src Latency:+       0            0     
       Net Latency:+     200 (I)      200 (I) 
           Arrival:=     700          200     
                                              
             Setup:-       5                  
       Uncertainty:-     125                  
     Required Time:=     570                  
      Launch Clock:-     200                  
         Data Path:-     241                  
             Slack:=     129                  

#-----------------------------------------------------------------------------------------------------------------------------------------------
#                   Timing Point                     Flags    Arc    Edge       Cell         Fanout Load Trans Delay Arrival      Instance      
#                                                                                                   (fF)  (ps)  (ps)   (ps)       Location      
#-----------------------------------------------------------------------------------------------------------------------------------------------
  pp_fir_2_1_1_Delay_Pipeline_reg_re_reg[17][3]/clk  -       -       R     (arrival)           3702    -    25     0     200              (-,-) 
  pp_fir_2_1_1_Delay_Pipeline_reg_re_reg[17][3]/q    (u)     clk->q  R     unmapped_d_flop       15 27.0     0    45     245   (9.3180,65.6235) 
  pp_fir_2_1_1_csa_tree_ADD_TC_OP_groupi4007/g4340/z (u)     in_0->z R     unmapped_xor2          1  1.8     0    11     256   (8.2875,69.3285) 
  pp_fir_2_1_1_csa_tree_ADD_TC_OP_groupi4007/g4433/z (u)     in_0->z R     unmapped_xor2          2  3.6     0    12     268   (7.4445,69.3290) 
  pp_fir_2_1_1_csa_tree_ADD_TC_OP_groupi4007/g3786/z (u)     in_0->z R     unmapped_complex2      2  3.6     0     7     274   (5.4780,69.3565) 
  pp_fir_2_1_1_csa_tree_ADD_TC_OP_groupi4007/g4361/z (u)     in_0->z F     unmapped_complex4      1  1.8     0     6     280   (3.9150,70.0465) 
  pp_fir_2_1_1_csa_tree_ADD_TC_OP_groupi4007/g3599/z (u)     in_1->z R     unmapped_nand2         2  3.6     0     7     287   (3.6540,68.9415) 
  pp_fir_2_1_1_csa_tree_ADD_TC_OP_groupi4007/g3518/z (u)     in_1->z F     unmapped_nand2         2  3.6     0     7     294   (3.6535,65.1450) 
  pp_fir_2_1_1_csa_tree_ADD_TC_OP_groupi4007/g4694/z (u)     in_1->z F     unmapped_complex4      1  1.8     0    14     308   (2.8310,63.6250) 
  pp_fir_2_1_1_csa_tree_ADD_TC_OP_groupi4007/g4710/z (u)     in_0->z R     unmapped_complex3      2  3.6     0     7     315   (2.3430,65.8405) 
  pp_fir_2_1_1_csa_tree_ADD_TC_OP_groupi4007/g4754/z (u)     in_2->z R     unmapped_complex3      2  3.6     0    13     328   (2.4515,69.3575) 
  pp_fir_2_1_1_csa_tree_ADD_TC_OP_groupi4007/g4770/z (u)     in_2->z R     unmapped_complex3      4  7.2     0    14     342   (5.7235,74.7140) 
  pp_fir_2_1_1_csa_tree_ADD_TC_OP_groupi4007/g4764/z (u)     in_0->z F     unmapped_complex4      1  1.8     0    11     353  (12.0095,77.1225) 
  pp_fir_2_1_1_csa_tree_ADD_TC_OP_groupi4007/g4792/z (u)     in_0->z R     unmapped_nand3         4  7.2     0    11     365  (13.4590,77.9975) 
  pp_fir_2_1_1_csa_tree_ADD_TC_OP_groupi4007/g4780/z (u)     in_0->z F     unmapped_complex4      1  1.8     0    11     376  (19.6070,86.2420) 
  pp_fir_2_1_1_csa_tree_ADD_TC_OP_groupi4007/g4801/z (u)     in_0->z R     unmapped_nand3         6 10.8     0    13     389  (21.3505,86.3560) 
  pp_fir_2_1_1_csa_tree_ADD_TC_OP_groupi4007/g4822/z (u)     in_1->z R     unmapped_complex4      6 10.8     0    19     408  (26.8900,89.1250) 
  pp_fir_2_1_1_csa_tree_ADD_TC_OP_groupi4007/g4841/z (u)     in_1->z R     unmapped_complex3      1  1.8     0    11     419  (32.2075,95.8270) 
  pp_fir_2_1_1_csa_tree_ADD_TC_OP_groupi4007/g4857/z (u)     in_0->z R     unmapped_xnor2         1  1.8     0    11     430  (31.8605,96.8850) 
  pp_fir_2_1_1_g7144/z                               (u)     in_2->z R     unmapped_complex3      1  1.8     0    11     441  (31.9125,97.8850) 
  pp_fir_2_1_1_sum1_8_re_1_reg[27]/d                 -       -       R     unmapped_d_flop        1    -     -     0     441  (30.7615,98.7930) 
#-----------------------------------------------------------------------------------------------------------------------------------------------

(u) : Net has unmapped pin(s).



Path 36: MET (129 ps) Setup Check with Pin pp_fir_2_1_1_sum1_8_re_1_reg[26]/clk->d
           View: view_wcl_fast
          Group: clk
     Startpoint: (R) pp_fir_2_1_1_Delay_Pipeline_reg_re_reg[17][3]/clk
          Clock: (R) clk
       Endpoint: (R) pp_fir_2_1_1_sum1_8_re_1_reg[26]/d
          Clock: (R) clk

                     Capture       Launch     
        Clock Edge:+     500            0     
       Src Latency:+       0            0     
       Net Latency:+     200 (I)      200 (I) 
           Arrival:=     700          200     
                                              
             Setup:-       5                  
       Uncertainty:-     125                  
     Required Time:=     570                  
      Launch Clock:-     200                  
         Data Path:-     241                  
             Slack:=     129                  

#-----------------------------------------------------------------------------------------------------------------------------------------------
#                   Timing Point                     Flags    Arc    Edge       Cell         Fanout Load Trans Delay Arrival      Instance      
#                                                                                                   (fF)  (ps)  (ps)   (ps)       Location      
#-----------------------------------------------------------------------------------------------------------------------------------------------
  pp_fir_2_1_1_Delay_Pipeline_reg_re_reg[17][3]/clk  -       -       R     (arrival)           3702    -    25     0     200              (-,-) 
  pp_fir_2_1_1_Delay_Pipeline_reg_re_reg[17][3]/q    (u)     clk->q  R     unmapped_d_flop       15 27.0     0    45     245   (9.3180,65.6235) 
  pp_fir_2_1_1_csa_tree_ADD_TC_OP_groupi4007/g4340/z (u)     in_0->z R     unmapped_xor2          1  1.8     0    11     256   (8.2875,69.3285) 
  pp_fir_2_1_1_csa_tree_ADD_TC_OP_groupi4007/g4433/z (u)     in_0->z R     unmapped_xor2          2  3.6     0    12     268   (7.4445,69.3290) 
  pp_fir_2_1_1_csa_tree_ADD_TC_OP_groupi4007/g3786/z (u)     in_0->z R     unmapped_complex2      2  3.6     0     7     274   (5.4780,69.3565) 
  pp_fir_2_1_1_csa_tree_ADD_TC_OP_groupi4007/g4361/z (u)     in_0->z F     unmapped_complex4      1  1.8     0     6     280   (3.9150,70.0465) 
  pp_fir_2_1_1_csa_tree_ADD_TC_OP_groupi4007/g3599/z (u)     in_1->z R     unmapped_nand2         2  3.6     0     7     287   (3.6540,68.9415) 
  pp_fir_2_1_1_csa_tree_ADD_TC_OP_groupi4007/g3518/z (u)     in_1->z F     unmapped_nand2         2  3.6     0     7     294   (3.6535,65.1450) 
  pp_fir_2_1_1_csa_tree_ADD_TC_OP_groupi4007/g4694/z (u)     in_1->z F     unmapped_complex4      1  1.8     0    14     308   (2.8310,63.6250) 
  pp_fir_2_1_1_csa_tree_ADD_TC_OP_groupi4007/g4710/z (u)     in_0->z R     unmapped_complex3      2  3.6     0     7     315   (2.3430,65.8405) 
  pp_fir_2_1_1_csa_tree_ADD_TC_OP_groupi4007/g4754/z (u)     in_2->z R     unmapped_complex3      2  3.6     0    13     328   (2.4515,69.3575) 
  pp_fir_2_1_1_csa_tree_ADD_TC_OP_groupi4007/g4770/z (u)     in_2->z R     unmapped_complex3      4  7.2     0    14     342   (5.7235,74.7140) 
  pp_fir_2_1_1_csa_tree_ADD_TC_OP_groupi4007/g4764/z (u)     in_0->z F     unmapped_complex4      1  1.8     0    11     353  (12.0095,77.1225) 
  pp_fir_2_1_1_csa_tree_ADD_TC_OP_groupi4007/g4792/z (u)     in_0->z R     unmapped_nand3         4  7.2     0    11     365  (13.4590,77.9975) 
  pp_fir_2_1_1_csa_tree_ADD_TC_OP_groupi4007/g4780/z (u)     in_0->z F     unmapped_complex4      1  1.8     0    11     376  (19.6070,86.2420) 
  pp_fir_2_1_1_csa_tree_ADD_TC_OP_groupi4007/g4801/z (u)     in_0->z R     unmapped_nand3         6 10.8     0    13     389  (21.3505,86.3560) 
  pp_fir_2_1_1_csa_tree_ADD_TC_OP_groupi4007/g4822/z (u)     in_1->z R     unmapped_complex4      6 10.8     0    19     408  (26.8900,89.1250) 
  pp_fir_2_1_1_csa_tree_ADD_TC_OP_groupi4007/g4849/z (u)     in_1->z R     unmapped_complex3      1  1.8     0    11     419  (33.9335,93.5245) 
  pp_fir_2_1_1_csa_tree_ADD_TC_OP_groupi4007/g4860/z (u)     in_0->z R     unmapped_xnor2         1  1.8     0    11     430  (32.3930,93.4820) 
  pp_fir_2_1_1_g7198/z                               (u)     in_1->z R     unmapped_complex3      1  1.8     0    11     441  (31.1735,93.8240) 
  pp_fir_2_1_1_sum1_8_re_1_reg[26]/d                 -       -       R     unmapped_d_flop        1    -     -     0     441  (29.1450,95.0935) 
#-----------------------------------------------------------------------------------------------------------------------------------------------

(u) : Net has unmapped pin(s).



Path 37: MET (129 ps) Setup Check with Pin pp_fir_2_1_1_sum1_8_re_1_reg[25]/clk->d
           View: view_wcl_fast
          Group: clk
     Startpoint: (R) pp_fir_2_1_1_Delay_Pipeline_reg_re_reg[17][3]/clk
          Clock: (R) clk
       Endpoint: (R) pp_fir_2_1_1_sum1_8_re_1_reg[25]/d
          Clock: (R) clk

                     Capture       Launch     
        Clock Edge:+     500            0     
       Src Latency:+       0            0     
       Net Latency:+     200 (I)      200 (I) 
           Arrival:=     700          200     
                                              
             Setup:-       5                  
       Uncertainty:-     125                  
     Required Time:=     570                  
      Launch Clock:-     200                  
         Data Path:-     241                  
             Slack:=     129                  

#-----------------------------------------------------------------------------------------------------------------------------------------------
#                   Timing Point                     Flags    Arc    Edge       Cell         Fanout Load Trans Delay Arrival      Instance      
#                                                                                                   (fF)  (ps)  (ps)   (ps)       Location      
#-----------------------------------------------------------------------------------------------------------------------------------------------
  pp_fir_2_1_1_Delay_Pipeline_reg_re_reg[17][3]/clk  -       -       R     (arrival)           3702    -    25     0     200              (-,-) 
  pp_fir_2_1_1_Delay_Pipeline_reg_re_reg[17][3]/q    (u)     clk->q  R     unmapped_d_flop       15 27.0     0    45     245   (9.3180,65.6235) 
  pp_fir_2_1_1_csa_tree_ADD_TC_OP_groupi4007/g4340/z (u)     in_0->z R     unmapped_xor2          1  1.8     0    11     256   (8.2875,69.3285) 
  pp_fir_2_1_1_csa_tree_ADD_TC_OP_groupi4007/g4433/z (u)     in_0->z R     unmapped_xor2          2  3.6     0    12     268   (7.4445,69.3290) 
  pp_fir_2_1_1_csa_tree_ADD_TC_OP_groupi4007/g3786/z (u)     in_0->z R     unmapped_complex2      2  3.6     0     7     274   (5.4780,69.3565) 
  pp_fir_2_1_1_csa_tree_ADD_TC_OP_groupi4007/g4361/z (u)     in_0->z F     unmapped_complex4      1  1.8     0     6     280   (3.9150,70.0465) 
  pp_fir_2_1_1_csa_tree_ADD_TC_OP_groupi4007/g3599/z (u)     in_1->z R     unmapped_nand2         2  3.6     0     7     287   (3.6540,68.9415) 
  pp_fir_2_1_1_csa_tree_ADD_TC_OP_groupi4007/g3518/z (u)     in_1->z F     unmapped_nand2         2  3.6     0     7     294   (3.6535,65.1450) 
  pp_fir_2_1_1_csa_tree_ADD_TC_OP_groupi4007/g4694/z (u)     in_1->z F     unmapped_complex4      1  1.8     0    14     308   (2.8310,63.6250) 
  pp_fir_2_1_1_csa_tree_ADD_TC_OP_groupi4007/g4710/z (u)     in_0->z R     unmapped_complex3      2  3.6     0     7     315   (2.3430,65.8405) 
  pp_fir_2_1_1_csa_tree_ADD_TC_OP_groupi4007/g4754/z (u)     in_2->z R     unmapped_complex3      2  3.6     0    13     328   (2.4515,69.3575) 
  pp_fir_2_1_1_csa_tree_ADD_TC_OP_groupi4007/g4770/z (u)     in_2->z R     unmapped_complex3      4  7.2     0    14     342   (5.7235,74.7140) 
  pp_fir_2_1_1_csa_tree_ADD_TC_OP_groupi4007/g4764/z (u)     in_0->z F     unmapped_complex4      1  1.8     0    11     353  (12.0095,77.1225) 
  pp_fir_2_1_1_csa_tree_ADD_TC_OP_groupi4007/g4792/z (u)     in_0->z R     unmapped_nand3         4  7.2     0    11     365  (13.4590,77.9975) 
  pp_fir_2_1_1_csa_tree_ADD_TC_OP_groupi4007/g4780/z (u)     in_0->z F     unmapped_complex4      1  1.8     0    11     376  (19.6070,86.2420) 
  pp_fir_2_1_1_csa_tree_ADD_TC_OP_groupi4007/g4801/z (u)     in_0->z R     unmapped_nand3         6 10.8     0    13     389  (21.3505,86.3560) 
  pp_fir_2_1_1_csa_tree_ADD_TC_OP_groupi4007/g4822/z (u)     in_1->z R     unmapped_complex4      6 10.8     0    19     408  (26.8900,89.1250) 
  pp_fir_2_1_1_csa_tree_ADD_TC_OP_groupi4007/g4853/z (u)     in_1->z R     unmapped_complex3      1  1.8     0    11     419  (30.5270,92.0570) 
  pp_fir_2_1_1_csa_tree_ADD_TC_OP_groupi4007/g4858/z (u)     in_0->z R     unmapped_xnor2         1  1.8     0    11     430  (29.0650,92.1165) 
  pp_fir_2_1_1_g7195/z                               (u)     in_2->z R     unmapped_complex3      1  1.8     0    11     441  (29.2225,93.1170) 
  pp_fir_2_1_1_sum1_8_re_1_reg[25]/d                 -       -       R     unmapped_d_flop        1    -     -     0     441  (28.3230,94.1195) 
#-----------------------------------------------------------------------------------------------------------------------------------------------

(u) : Net has unmapped pin(s).



Path 38: MET (129 ps) Setup Check with Pin pp_fir_2_1_1_sum1_8_im_1_reg[28]/clk->d
           View: view_wcl_fast
          Group: clk
     Startpoint: (R) pp_fir_2_1_1_Delay_Pipeline_reg_im_reg[17][3]/clk
          Clock: (R) clk
       Endpoint: (R) pp_fir_2_1_1_sum1_8_im_1_reg[28]/d
          Clock: (R) clk

                     Capture       Launch     
        Clock Edge:+     500            0     
       Src Latency:+       0            0     
       Net Latency:+     200 (I)      200 (I) 
           Arrival:=     700          200     
                                              
             Setup:-       5                  
       Uncertainty:-     125                  
     Required Time:=     570                  
      Launch Clock:-     200                  
         Data Path:-     241                  
             Slack:=     129                  

#-------------------------------------------------------------------------------------------------------------------------------------------------
#                   Timing Point                     Flags    Arc    Edge       Cell         Fanout Load Trans Delay Arrival       Instance       
#                                                                                                   (fF)  (ps)  (ps)   (ps)        Location       
#-------------------------------------------------------------------------------------------------------------------------------------------------
  pp_fir_2_1_1_Delay_Pipeline_reg_im_reg[17][3]/clk  -       -       R     (arrival)           3702    -    25     0     200                (-,-) 
  pp_fir_2_1_1_Delay_Pipeline_reg_im_reg[17][3]/q    (u)     clk->q  R     unmapped_d_flop       15 27.0     0    45     245   (97.7180,111.2180) 
  pp_fir_2_1_1_csa_tree_ADD_TC_OP_groupi4006/g4340/z (u)     in_0->z R     unmapped_xor2          1  1.8     0    11     256   (99.6560,119.8460) 
  pp_fir_2_1_1_csa_tree_ADD_TC_OP_groupi4006/g4433/z (u)     in_0->z R     unmapped_xor2          2  3.6     0    12     268  (100.5920,120.2365) 
  pp_fir_2_1_1_csa_tree_ADD_TC_OP_groupi4006/g3786/z (u)     in_0->z R     unmapped_complex2      2  3.6     0     7     274  (100.6620,127.0770) 
  pp_fir_2_1_1_csa_tree_ADD_TC_OP_groupi4006/g4361/z (u)     in_0->z F     unmapped_complex4      1  1.8     0     6     280  (101.2120,129.2810) 
  pp_fir_2_1_1_csa_tree_ADD_TC_OP_groupi4006/g3599/z (u)     in_1->z R     unmapped_nand2         2  3.6     0     7     287  (100.0805,129.3535) 
  pp_fir_2_1_1_csa_tree_ADD_TC_OP_groupi4006/g3518/z (u)     in_1->z F     unmapped_nand2         2  3.6     0     7     294   (99.1200,129.6435) 
  pp_fir_2_1_1_csa_tree_ADD_TC_OP_groupi4006/g4694/z (u)     in_1->z F     unmapped_complex4      1  1.8     0    14     308   (98.3175,127.5565) 
  pp_fir_2_1_1_csa_tree_ADD_TC_OP_groupi4006/g4710/z (u)     in_0->z R     unmapped_complex3      2  3.6     0     7     315   (97.0310,127.4875) 
  pp_fir_2_1_1_csa_tree_ADD_TC_OP_groupi4006/g4754/z (u)     in_2->z R     unmapped_complex3      2  3.6     0    13     328   (97.1890,125.3170) 
  pp_fir_2_1_1_csa_tree_ADD_TC_OP_groupi4006/g4770/z (u)     in_2->z R     unmapped_complex3      4  7.2     0    14     342  (100.2045,125.1705) 
  pp_fir_2_1_1_csa_tree_ADD_TC_OP_groupi4006/g4764/z (u)     in_0->z F     unmapped_complex4      1  1.8     0    11     353  (108.3500,124.2040) 
  pp_fir_2_1_1_csa_tree_ADD_TC_OP_groupi4006/g4792/z (u)     in_0->z R     unmapped_nand3         4  7.2     0    11     365  (110.6825,122.3025) 
  pp_fir_2_1_1_csa_tree_ADD_TC_OP_groupi4006/g4780/z (u)     in_0->z F     unmapped_complex4      1  1.8     0    11     376  (116.6250,116.4855) 
  pp_fir_2_1_1_csa_tree_ADD_TC_OP_groupi4006/g4801/z (u)     in_0->z R     unmapped_nand3         6 10.8     0    13     389  (116.6725,115.4375) 
  pp_fir_2_1_1_csa_tree_ADD_TC_OP_groupi4006/g4822/z (u)     in_1->z R     unmapped_complex4      6 10.8     0    19     408  (122.5650,106.5910) 
  pp_fir_2_1_1_csa_tree_ADD_TC_OP_groupi4006/g4842/z (u)     in_1->z R     unmapped_complex3      1  1.8     0    11     419   (127.7175,99.1730) 
  pp_fir_2_1_1_csa_tree_ADD_TC_OP_groupi4006/g4861/z (u)     in_0->z R     unmapped_xnor2         1  1.8     0    11     430   (128.4055,98.3990) 
  pp_fir_2_1_1_g7369/z                               (u)     in_1->z R     unmapped_complex3      1  1.8     0    11     441   (129.7210,98.1045) 
  pp_fir_2_1_1_sum1_8_im_1_reg[28]/d                 -       -       R     unmapped_d_flop        1    -     -     0     441   (129.0305,99.2885) 
#-------------------------------------------------------------------------------------------------------------------------------------------------

(u) : Net has unmapped pin(s).



Path 39: MET (129 ps) Setup Check with Pin pp_fir_2_1_1_sum1_8_im_1_reg[27]/clk->d
           View: view_wcl_fast
          Group: clk
     Startpoint: (R) pp_fir_2_1_1_Delay_Pipeline_reg_im_reg[17][3]/clk
          Clock: (R) clk
       Endpoint: (R) pp_fir_2_1_1_sum1_8_im_1_reg[27]/d
          Clock: (R) clk

                     Capture       Launch     
        Clock Edge:+     500            0     
       Src Latency:+       0            0     
       Net Latency:+     200 (I)      200 (I) 
           Arrival:=     700          200     
                                              
             Setup:-       5                  
       Uncertainty:-     125                  
     Required Time:=     570                  
      Launch Clock:-     200                  
         Data Path:-     241                  
             Slack:=     129                  

#-------------------------------------------------------------------------------------------------------------------------------------------------
#                   Timing Point                     Flags    Arc    Edge       Cell         Fanout Load Trans Delay Arrival       Instance       
#                                                                                                   (fF)  (ps)  (ps)   (ps)        Location       
#-------------------------------------------------------------------------------------------------------------------------------------------------
  pp_fir_2_1_1_Delay_Pipeline_reg_im_reg[17][3]/clk  -       -       R     (arrival)           3702    -    25     0     200                (-,-) 
  pp_fir_2_1_1_Delay_Pipeline_reg_im_reg[17][3]/q    (u)     clk->q  R     unmapped_d_flop       15 27.0     0    45     245   (97.7180,111.2180) 
  pp_fir_2_1_1_csa_tree_ADD_TC_OP_groupi4006/g4340/z (u)     in_0->z R     unmapped_xor2          1  1.8     0    11     256   (99.6560,119.8460) 
  pp_fir_2_1_1_csa_tree_ADD_TC_OP_groupi4006/g4433/z (u)     in_0->z R     unmapped_xor2          2  3.6     0    12     268  (100.5920,120.2365) 
  pp_fir_2_1_1_csa_tree_ADD_TC_OP_groupi4006/g3786/z (u)     in_0->z R     unmapped_complex2      2  3.6     0     7     274  (100.6620,127.0770) 
  pp_fir_2_1_1_csa_tree_ADD_TC_OP_groupi4006/g4361/z (u)     in_0->z F     unmapped_complex4      1  1.8     0     6     280  (101.2120,129.2810) 
  pp_fir_2_1_1_csa_tree_ADD_TC_OP_groupi4006/g3599/z (u)     in_1->z R     unmapped_nand2         2  3.6     0     7     287  (100.0805,129.3535) 
  pp_fir_2_1_1_csa_tree_ADD_TC_OP_groupi4006/g3518/z (u)     in_1->z F     unmapped_nand2         2  3.6     0     7     294   (99.1200,129.6435) 
  pp_fir_2_1_1_csa_tree_ADD_TC_OP_groupi4006/g4694/z (u)     in_1->z F     unmapped_complex4      1  1.8     0    14     308   (98.3175,127.5565) 
  pp_fir_2_1_1_csa_tree_ADD_TC_OP_groupi4006/g4710/z (u)     in_0->z R     unmapped_complex3      2  3.6     0     7     315   (97.0310,127.4875) 
  pp_fir_2_1_1_csa_tree_ADD_TC_OP_groupi4006/g4754/z (u)     in_2->z R     unmapped_complex3      2  3.6     0    13     328   (97.1890,125.3170) 
  pp_fir_2_1_1_csa_tree_ADD_TC_OP_groupi4006/g4770/z (u)     in_2->z R     unmapped_complex3      4  7.2     0    14     342  (100.2045,125.1705) 
  pp_fir_2_1_1_csa_tree_ADD_TC_OP_groupi4006/g4764/z (u)     in_0->z F     unmapped_complex4      1  1.8     0    11     353  (108.3500,124.2040) 
  pp_fir_2_1_1_csa_tree_ADD_TC_OP_groupi4006/g4792/z (u)     in_0->z R     unmapped_nand3         4  7.2     0    11     365  (110.6825,122.3025) 
  pp_fir_2_1_1_csa_tree_ADD_TC_OP_groupi4006/g4780/z (u)     in_0->z F     unmapped_complex4      1  1.8     0    11     376  (116.6250,116.4855) 
  pp_fir_2_1_1_csa_tree_ADD_TC_OP_groupi4006/g4801/z (u)     in_0->z R     unmapped_nand3         6 10.8     0    13     389  (116.6725,115.4375) 
  pp_fir_2_1_1_csa_tree_ADD_TC_OP_groupi4006/g4822/z (u)     in_1->z R     unmapped_complex4      6 10.8     0    19     408  (122.5650,106.5910) 
  pp_fir_2_1_1_csa_tree_ADD_TC_OP_groupi4006/g4841/z (u)     in_1->z R     unmapped_complex3      1  1.8     0    11     419   (126.2560,99.0625) 
  pp_fir_2_1_1_csa_tree_ADD_TC_OP_groupi4006/g4857/z (u)     in_0->z R     unmapped_xnor2         1  1.8     0    11     430   (125.9185,99.8515) 
  pp_fir_2_1_1_g6926/z                               (u)     in_2->z R     unmapped_complex3      1  1.8     0    11     441  (127.3700,100.1295) 
  pp_fir_2_1_1_sum1_8_im_1_reg[27]/d                 -       -       R     unmapped_d_flop        1    -     -     0     441  (126.6725,101.0610) 
#-------------------------------------------------------------------------------------------------------------------------------------------------

(u) : Net has unmapped pin(s).



Path 40: MET (129 ps) Setup Check with Pin pp_fir_2_1_1_sum1_8_im_1_reg[26]/clk->d
           View: view_wcl_fast
          Group: clk
     Startpoint: (R) pp_fir_2_1_1_Delay_Pipeline_reg_im_reg[17][3]/clk
          Clock: (R) clk
       Endpoint: (R) pp_fir_2_1_1_sum1_8_im_1_reg[26]/d
          Clock: (R) clk

                     Capture       Launch     
        Clock Edge:+     500            0     
       Src Latency:+       0            0     
       Net Latency:+     200 (I)      200 (I) 
           Arrival:=     700          200     
                                              
             Setup:-       5                  
       Uncertainty:-     125                  
     Required Time:=     570                  
      Launch Clock:-     200                  
         Data Path:-     241                  
             Slack:=     129                  

#-------------------------------------------------------------------------------------------------------------------------------------------------
#                   Timing Point                     Flags    Arc    Edge       Cell         Fanout Load Trans Delay Arrival       Instance       
#                                                                                                   (fF)  (ps)  (ps)   (ps)        Location       
#-------------------------------------------------------------------------------------------------------------------------------------------------
  pp_fir_2_1_1_Delay_Pipeline_reg_im_reg[17][3]/clk  -       -       R     (arrival)           3702    -    25     0     200                (-,-) 
  pp_fir_2_1_1_Delay_Pipeline_reg_im_reg[17][3]/q    (u)     clk->q  R     unmapped_d_flop       15 27.0     0    45     245   (97.7180,111.2180) 
  pp_fir_2_1_1_csa_tree_ADD_TC_OP_groupi4006/g4340/z (u)     in_0->z R     unmapped_xor2          1  1.8     0    11     256   (99.6560,119.8460) 
  pp_fir_2_1_1_csa_tree_ADD_TC_OP_groupi4006/g4433/z (u)     in_0->z R     unmapped_xor2          2  3.6     0    12     268  (100.5920,120.2365) 
  pp_fir_2_1_1_csa_tree_ADD_TC_OP_groupi4006/g3786/z (u)     in_0->z R     unmapped_complex2      2  3.6     0     7     274  (100.6620,127.0770) 
  pp_fir_2_1_1_csa_tree_ADD_TC_OP_groupi4006/g4361/z (u)     in_0->z F     unmapped_complex4      1  1.8     0     6     280  (101.2120,129.2810) 
  pp_fir_2_1_1_csa_tree_ADD_TC_OP_groupi4006/g3599/z (u)     in_1->z R     unmapped_nand2         2  3.6     0     7     287  (100.0805,129.3535) 
  pp_fir_2_1_1_csa_tree_ADD_TC_OP_groupi4006/g3518/z (u)     in_1->z F     unmapped_nand2         2  3.6     0     7     294   (99.1200,129.6435) 
  pp_fir_2_1_1_csa_tree_ADD_TC_OP_groupi4006/g4694/z (u)     in_1->z F     unmapped_complex4      1  1.8     0    14     308   (98.3175,127.5565) 
  pp_fir_2_1_1_csa_tree_ADD_TC_OP_groupi4006/g4710/z (u)     in_0->z R     unmapped_complex3      2  3.6     0     7     315   (97.0310,127.4875) 
  pp_fir_2_1_1_csa_tree_ADD_TC_OP_groupi4006/g4754/z (u)     in_2->z R     unmapped_complex3      2  3.6     0    13     328   (97.1890,125.3170) 
  pp_fir_2_1_1_csa_tree_ADD_TC_OP_groupi4006/g4770/z (u)     in_2->z R     unmapped_complex3      4  7.2     0    14     342  (100.2045,125.1705) 
  pp_fir_2_1_1_csa_tree_ADD_TC_OP_groupi4006/g4764/z (u)     in_0->z F     unmapped_complex4      1  1.8     0    11     353  (108.3500,124.2040) 
  pp_fir_2_1_1_csa_tree_ADD_TC_OP_groupi4006/g4792/z (u)     in_0->z R     unmapped_nand3         4  7.2     0    11     365  (110.6825,122.3025) 
  pp_fir_2_1_1_csa_tree_ADD_TC_OP_groupi4006/g4780/z (u)     in_0->z F     unmapped_complex4      1  1.8     0    11     376  (116.6250,116.4855) 
  pp_fir_2_1_1_csa_tree_ADD_TC_OP_groupi4006/g4801/z (u)     in_0->z R     unmapped_nand3         6 10.8     0    13     389  (116.6725,115.4375) 
  pp_fir_2_1_1_csa_tree_ADD_TC_OP_groupi4006/g4822/z (u)     in_1->z R     unmapped_complex4      6 10.8     0    19     408  (122.5650,106.5910) 
  pp_fir_2_1_1_csa_tree_ADD_TC_OP_groupi4006/g4849/z (u)     in_1->z R     unmapped_complex3      1  1.8     0    11     419  (124.4245,100.3945) 
  pp_fir_2_1_1_csa_tree_ADD_TC_OP_groupi4006/g4860/z (u)     in_0->z R     unmapped_xnor2         1  1.8     0    11     430  (125.6875,100.7800) 
  pp_fir_2_1_1_g7362/z                               (u)     in_2->z R     unmapped_complex3      1  1.8     0    11     441  (126.2835,101.8090) 
  pp_fir_2_1_1_sum1_8_im_1_reg[26]/d                 -       -       R     unmapped_d_flop        1    -     -     0     441  (125.0285,102.6785) 
#-------------------------------------------------------------------------------------------------------------------------------------------------

(u) : Net has unmapped pin(s).



Path 41: MET (129 ps) Setup Check with Pin pp_fir_2_1_1_sum1_8_im_1_reg[25]/clk->d
           View: view_wcl_fast
          Group: clk
     Startpoint: (R) pp_fir_2_1_1_Delay_Pipeline_reg_im_reg[17][3]/clk
          Clock: (R) clk
       Endpoint: (R) pp_fir_2_1_1_sum1_8_im_1_reg[25]/d
          Clock: (R) clk

                     Capture       Launch     
        Clock Edge:+     500            0     
       Src Latency:+       0            0     
       Net Latency:+     200 (I)      200 (I) 
           Arrival:=     700          200     
                                              
             Setup:-       5                  
       Uncertainty:-     125                  
     Required Time:=     570                  
      Launch Clock:-     200                  
         Data Path:-     241                  
             Slack:=     129                  

#-------------------------------------------------------------------------------------------------------------------------------------------------
#                   Timing Point                     Flags    Arc    Edge       Cell         Fanout Load Trans Delay Arrival       Instance       
#                                                                                                   (fF)  (ps)  (ps)   (ps)        Location       
#-------------------------------------------------------------------------------------------------------------------------------------------------
  pp_fir_2_1_1_Delay_Pipeline_reg_im_reg[17][3]/clk  -       -       R     (arrival)           3702    -    25     0     200                (-,-) 
  pp_fir_2_1_1_Delay_Pipeline_reg_im_reg[17][3]/q    (u)     clk->q  R     unmapped_d_flop       15 27.0     0    45     245   (97.7180,111.2180) 
  pp_fir_2_1_1_csa_tree_ADD_TC_OP_groupi4006/g4340/z (u)     in_0->z R     unmapped_xor2          1  1.8     0    11     256   (99.6560,119.8460) 
  pp_fir_2_1_1_csa_tree_ADD_TC_OP_groupi4006/g4433/z (u)     in_0->z R     unmapped_xor2          2  3.6     0    12     268  (100.5920,120.2365) 
  pp_fir_2_1_1_csa_tree_ADD_TC_OP_groupi4006/g3786/z (u)     in_0->z R     unmapped_complex2      2  3.6     0     7     274  (100.6620,127.0770) 
  pp_fir_2_1_1_csa_tree_ADD_TC_OP_groupi4006/g4361/z (u)     in_0->z F     unmapped_complex4      1  1.8     0     6     280  (101.2120,129.2810) 
  pp_fir_2_1_1_csa_tree_ADD_TC_OP_groupi4006/g3599/z (u)     in_1->z R     unmapped_nand2         2  3.6     0     7     287  (100.0805,129.3535) 
  pp_fir_2_1_1_csa_tree_ADD_TC_OP_groupi4006/g3518/z (u)     in_1->z F     unmapped_nand2         2  3.6     0     7     294   (99.1200,129.6435) 
  pp_fir_2_1_1_csa_tree_ADD_TC_OP_groupi4006/g4694/z (u)     in_1->z F     unmapped_complex4      1  1.8     0    14     308   (98.3175,127.5565) 
  pp_fir_2_1_1_csa_tree_ADD_TC_OP_groupi4006/g4710/z (u)     in_0->z R     unmapped_complex3      2  3.6     0     7     315   (97.0310,127.4875) 
  pp_fir_2_1_1_csa_tree_ADD_TC_OP_groupi4006/g4754/z (u)     in_2->z R     unmapped_complex3      2  3.6     0    13     328   (97.1890,125.3170) 
  pp_fir_2_1_1_csa_tree_ADD_TC_OP_groupi4006/g4770/z (u)     in_2->z R     unmapped_complex3      4  7.2     0    14     342  (100.2045,125.1705) 
  pp_fir_2_1_1_csa_tree_ADD_TC_OP_groupi4006/g4764/z (u)     in_0->z F     unmapped_complex4      1  1.8     0    11     353  (108.3500,124.2040) 
  pp_fir_2_1_1_csa_tree_ADD_TC_OP_groupi4006/g4792/z (u)     in_0->z R     unmapped_nand3         4  7.2     0    11     365  (110.6825,122.3025) 
  pp_fir_2_1_1_csa_tree_ADD_TC_OP_groupi4006/g4780/z (u)     in_0->z F     unmapped_complex4      1  1.8     0    11     376  (116.6250,116.4855) 
  pp_fir_2_1_1_csa_tree_ADD_TC_OP_groupi4006/g4801/z (u)     in_0->z R     unmapped_nand3         6 10.8     0    13     389  (116.6725,115.4375) 
  pp_fir_2_1_1_csa_tree_ADD_TC_OP_groupi4006/g4822/z (u)     in_1->z R     unmapped_complex4      6 10.8     0    19     408  (122.5650,106.5910) 
  pp_fir_2_1_1_csa_tree_ADD_TC_OP_groupi4006/g4853/z (u)     in_1->z R     unmapped_complex3      1  1.8     0    11     419  (122.7685,100.5600) 
  pp_fir_2_1_1_csa_tree_ADD_TC_OP_groupi4006/g4858/z (u)     in_0->z R     unmapped_xnor2         1  1.8     0    11     430  (122.7215,101.4925) 
  pp_fir_2_1_1_g7353/z                               (u)     in_1->z R     unmapped_complex3      1  1.8     0    11     441  (124.5285,101.4240) 
  pp_fir_2_1_1_sum1_8_im_1_reg[25]/d                 -       -       R     unmapped_d_flop        1    -     -     0     441  (122.5190,102.3900) 
#-------------------------------------------------------------------------------------------------------------------------------------------------

(u) : Net has unmapped pin(s).



Path 42: MET (130 ps) Setup Check with Pin pp_fir_2_1_1_sum1_9_re_1_reg[28]/clk->d
           View: view_wcl_fast
          Group: clk
     Startpoint: (R) pp_fir_2_1_1_Delay_Pipeline_reg_re_reg[15][1]/clk
          Clock: (R) clk
       Endpoint: (R) pp_fir_2_1_1_sum1_9_re_1_reg[28]/d
          Clock: (R) clk

                     Capture       Launch     
        Clock Edge:+     500            0     
       Src Latency:+       0            0     
       Net Latency:+     200 (I)      200 (I) 
           Arrival:=     700          200     
                                              
             Setup:-       5                  
       Uncertainty:-     125                  
     Required Time:=     570                  
      Launch Clock:-     200                  
         Data Path:-     240                  
             Slack:=     130                  

#-----------------------------------------------------------------------------------------------------------------------------------------------
#                   Timing Point                     Flags    Arc    Edge       Cell         Fanout Load Trans Delay Arrival      Instance      
#                                                                                                   (fF)  (ps)  (ps)   (ps)       Location      
#-----------------------------------------------------------------------------------------------------------------------------------------------
  pp_fir_2_1_1_Delay_Pipeline_reg_re_reg[15][1]/clk  -       -       R     (arrival)           3702    -    25     0     200              (-,-) 
  pp_fir_2_1_1_Delay_Pipeline_reg_re_reg[15][1]/q    (u)     clk->q  R     unmapped_d_flop       14 25.2     0    45     245  (34.5175,51.4880) 
  pp_fir_2_1_1_csa_tree_ADD_TC_OP_groupi4005/g4661/z (u)     in_0->z R     unmapped_xor2          1  1.8     0    11     255  (39.9030,51.8180) 
  pp_fir_2_1_1_csa_tree_ADD_TC_OP_groupi4005/g4895/z (u)     in_0->z R     unmapped_xor2          2  3.6     0    12     267  (38.8600,51.3355) 
  pp_fir_2_1_1_csa_tree_ADD_TC_OP_groupi4005/g2501/z (u)     in_0->z R     unmapped_complex2      2  3.6     0     7     274  (39.8510,49.6545) 
  pp_fir_2_1_1_csa_tree_ADD_TC_OP_groupi4005/g5086/z (u)     in_1->z R     unmapped_complex3      2  3.6     0    13     287  (40.0715,48.6150) 
  pp_fir_2_1_1_csa_tree_ADD_TC_OP_groupi4005/g3830/z (u)     in_1->z F     unmapped_nand2         2  3.6     0     7     294  (41.2700,48.3970) 
  pp_fir_2_1_1_csa_tree_ADD_TC_OP_groupi4005/g5180/z (u)     in_1->z F     unmapped_complex4      1  1.8     0    14     308  (42.2785,48.4670) 
  pp_fir_2_1_1_csa_tree_ADD_TC_OP_groupi4005/g5232/z (u)     in_0->z R     unmapped_complex3      2  3.6     0     7     314  (43.5445,47.8575) 
  pp_fir_2_1_1_csa_tree_ADD_TC_OP_groupi4005/g5265/z (u)     in_2->z R     unmapped_complex3      2  3.6     0    13     327  (44.7900,48.0275) 
  pp_fir_2_1_1_csa_tree_ADD_TC_OP_groupi4005/g5293/z (u)     in_2->z R     unmapped_complex3      4  7.2     0    14     341  (46.0315,48.2235) 
  pp_fir_2_1_1_csa_tree_ADD_TC_OP_groupi4005/g5290/z (u)     in_0->z F     unmapped_complex4      1  1.8     0    11     353  (46.0890,50.4325) 
  pp_fir_2_1_1_csa_tree_ADD_TC_OP_groupi4005/g5308/z (u)     in_0->z R     unmapped_nand3         4  7.2     0    11     364  (45.0545,51.3235) 
  pp_fir_2_1_1_csa_tree_ADD_TC_OP_groupi4005/g5316/z (u)     in_0->z F     unmapped_complex4      1  1.8     0    11     376  (42.7100,59.7280) 
  pp_fir_2_1_1_csa_tree_ADD_TC_OP_groupi4005/g5334/z (u)     in_0->z R     unmapped_nand3         5  9.0     0    12     388  (42.5675,62.8650) 
  pp_fir_2_1_1_csa_tree_ADD_TC_OP_groupi4005/g5340/z (u)     in_1->z R     unmapped_complex4      7 12.6     0    19     407  (61.8475,71.8730) 
  pp_fir_2_1_1_csa_tree_ADD_TC_OP_groupi4005/g5371/z (u)     in_1->z R     unmapped_complex3      1  1.8     0    11     418  (57.7425,81.0430) 
  pp_fir_2_1_1_csa_tree_ADD_TC_OP_groupi4005/g5387/z (u)     in_0->z R     unmapped_xnor2         1  1.8     0    11     429  (57.4600,81.9285) 
  pp_fir_2_1_1_g6993/z                               (u)     in_2->z R     unmapped_complex3      1  1.8     0    11     440  (59.0095,81.9820) 
  pp_fir_2_1_1_sum1_9_re_1_reg[28]/d                 -       -       R     unmapped_d_flop        1    -     -     0     440  (57.3875,82.9220) 
#-----------------------------------------------------------------------------------------------------------------------------------------------

(u) : Net has unmapped pin(s).



Path 43: MET (130 ps) Setup Check with Pin pp_fir_2_1_1_sum1_9_re_1_reg[27]/clk->d
           View: view_wcl_fast
          Group: clk
     Startpoint: (R) pp_fir_2_1_1_Delay_Pipeline_reg_re_reg[15][1]/clk
          Clock: (R) clk
       Endpoint: (R) pp_fir_2_1_1_sum1_9_re_1_reg[27]/d
          Clock: (R) clk

                     Capture       Launch     
        Clock Edge:+     500            0     
       Src Latency:+       0            0     
       Net Latency:+     200 (I)      200 (I) 
           Arrival:=     700          200     
                                              
             Setup:-       5                  
       Uncertainty:-     125                  
     Required Time:=     570                  
      Launch Clock:-     200                  
         Data Path:-     240                  
             Slack:=     130                  

#-----------------------------------------------------------------------------------------------------------------------------------------------
#                   Timing Point                     Flags    Arc    Edge       Cell         Fanout Load Trans Delay Arrival      Instance      
#                                                                                                   (fF)  (ps)  (ps)   (ps)       Location      
#-----------------------------------------------------------------------------------------------------------------------------------------------
  pp_fir_2_1_1_Delay_Pipeline_reg_re_reg[15][1]/clk  -       -       R     (arrival)           3702    -    25     0     200              (-,-) 
  pp_fir_2_1_1_Delay_Pipeline_reg_re_reg[15][1]/q    (u)     clk->q  R     unmapped_d_flop       14 25.2     0    45     245  (34.5175,51.4880) 
  pp_fir_2_1_1_csa_tree_ADD_TC_OP_groupi4005/g4661/z (u)     in_0->z R     unmapped_xor2          1  1.8     0    11     255  (39.9030,51.8180) 
  pp_fir_2_1_1_csa_tree_ADD_TC_OP_groupi4005/g4895/z (u)     in_0->z R     unmapped_xor2          2  3.6     0    12     267  (38.8600,51.3355) 
  pp_fir_2_1_1_csa_tree_ADD_TC_OP_groupi4005/g2501/z (u)     in_0->z R     unmapped_complex2      2  3.6     0     7     274  (39.8510,49.6545) 
  pp_fir_2_1_1_csa_tree_ADD_TC_OP_groupi4005/g5086/z (u)     in_1->z R     unmapped_complex3      2  3.6     0    13     287  (40.0715,48.6150) 
  pp_fir_2_1_1_csa_tree_ADD_TC_OP_groupi4005/g3830/z (u)     in_1->z F     unmapped_nand2         2  3.6     0     7     294  (41.2700,48.3970) 
  pp_fir_2_1_1_csa_tree_ADD_TC_OP_groupi4005/g5180/z (u)     in_1->z F     unmapped_complex4      1  1.8     0    14     308  (42.2785,48.4670) 
  pp_fir_2_1_1_csa_tree_ADD_TC_OP_groupi4005/g5232/z (u)     in_0->z R     unmapped_complex3      2  3.6     0     7     314  (43.5445,47.8575) 
  pp_fir_2_1_1_csa_tree_ADD_TC_OP_groupi4005/g5265/z (u)     in_2->z R     unmapped_complex3      2  3.6     0    13     327  (44.7900,48.0275) 
  pp_fir_2_1_1_csa_tree_ADD_TC_OP_groupi4005/g5293/z (u)     in_2->z R     unmapped_complex3      4  7.2     0    14     341  (46.0315,48.2235) 
  pp_fir_2_1_1_csa_tree_ADD_TC_OP_groupi4005/g5290/z (u)     in_0->z F     unmapped_complex4      1  1.8     0    11     353  (46.0890,50.4325) 
  pp_fir_2_1_1_csa_tree_ADD_TC_OP_groupi4005/g5308/z (u)     in_0->z R     unmapped_nand3         4  7.2     0    11     364  (45.0545,51.3235) 
  pp_fir_2_1_1_csa_tree_ADD_TC_OP_groupi4005/g5316/z (u)     in_0->z F     unmapped_complex4      1  1.8     0    11     376  (42.7100,59.7280) 
  pp_fir_2_1_1_csa_tree_ADD_TC_OP_groupi4005/g5334/z (u)     in_0->z R     unmapped_nand3         5  9.0     0    12     388  (42.5675,62.8650) 
  pp_fir_2_1_1_csa_tree_ADD_TC_OP_groupi4005/g5340/z (u)     in_1->z R     unmapped_complex4      7 12.6     0    19     407  (61.8475,71.8730) 
  pp_fir_2_1_1_csa_tree_ADD_TC_OP_groupi4005/g5370/z (u)     in_1->z R     unmapped_complex3      1  1.8     0    11     418  (56.2605,80.6785) 
  pp_fir_2_1_1_csa_tree_ADD_TC_OP_groupi4005/g5380/z (u)     in_0->z R     unmapped_xnor2         1  1.8     0    11     429  (56.1190,81.5340) 
  pp_fir_2_1_1_g7024/z                               (u)     in_2->z R     unmapped_complex3      1  1.8     0    11     440  (56.2270,82.3665) 
  pp_fir_2_1_1_sum1_9_re_1_reg[27]/d                 -       -       R     unmapped_d_flop        1    -     -     0     440  (54.9905,83.3550) 
#-----------------------------------------------------------------------------------------------------------------------------------------------

(u) : Net has unmapped pin(s).



Path 44: MET (130 ps) Setup Check with Pin pp_fir_2_1_1_sum1_9_re_1_reg[26]/clk->d
           View: view_wcl_fast
          Group: clk
     Startpoint: (R) pp_fir_2_1_1_Delay_Pipeline_reg_re_reg[15][1]/clk
          Clock: (R) clk
       Endpoint: (R) pp_fir_2_1_1_sum1_9_re_1_reg[26]/d
          Clock: (R) clk

                     Capture       Launch     
        Clock Edge:+     500            0     
       Src Latency:+       0            0     
       Net Latency:+     200 (I)      200 (I) 
           Arrival:=     700          200     
                                              
             Setup:-       5                  
       Uncertainty:-     125                  
     Required Time:=     570                  
      Launch Clock:-     200                  
         Data Path:-     240                  
             Slack:=     130                  

#-----------------------------------------------------------------------------------------------------------------------------------------------
#                   Timing Point                     Flags    Arc    Edge       Cell         Fanout Load Trans Delay Arrival      Instance      
#                                                                                                   (fF)  (ps)  (ps)   (ps)       Location      
#-----------------------------------------------------------------------------------------------------------------------------------------------
  pp_fir_2_1_1_Delay_Pipeline_reg_re_reg[15][1]/clk  -       -       R     (arrival)           3702    -    25     0     200              (-,-) 
  pp_fir_2_1_1_Delay_Pipeline_reg_re_reg[15][1]/q    (u)     clk->q  R     unmapped_d_flop       14 25.2     0    45     245  (34.5175,51.4880) 
  pp_fir_2_1_1_csa_tree_ADD_TC_OP_groupi4005/g4661/z (u)     in_0->z R     unmapped_xor2          1  1.8     0    11     255  (39.9030,51.8180) 
  pp_fir_2_1_1_csa_tree_ADD_TC_OP_groupi4005/g4895/z (u)     in_0->z R     unmapped_xor2          2  3.6     0    12     267  (38.8600,51.3355) 
  pp_fir_2_1_1_csa_tree_ADD_TC_OP_groupi4005/g2501/z (u)     in_0->z R     unmapped_complex2      2  3.6     0     7     274  (39.8510,49.6545) 
  pp_fir_2_1_1_csa_tree_ADD_TC_OP_groupi4005/g5086/z (u)     in_1->z R     unmapped_complex3      2  3.6     0    13     287  (40.0715,48.6150) 
  pp_fir_2_1_1_csa_tree_ADD_TC_OP_groupi4005/g3830/z (u)     in_1->z F     unmapped_nand2         2  3.6     0     7     294  (41.2700,48.3970) 
  pp_fir_2_1_1_csa_tree_ADD_TC_OP_groupi4005/g5180/z (u)     in_1->z F     unmapped_complex4      1  1.8     0    14     308  (42.2785,48.4670) 
  pp_fir_2_1_1_csa_tree_ADD_TC_OP_groupi4005/g5232/z (u)     in_0->z R     unmapped_complex3      2  3.6     0     7     314  (43.5445,47.8575) 
  pp_fir_2_1_1_csa_tree_ADD_TC_OP_groupi4005/g5265/z (u)     in_2->z R     unmapped_complex3      2  3.6     0    13     327  (44.7900,48.0275) 
  pp_fir_2_1_1_csa_tree_ADD_TC_OP_groupi4005/g5293/z (u)     in_2->z R     unmapped_complex3      4  7.2     0    14     341  (46.0315,48.2235) 
  pp_fir_2_1_1_csa_tree_ADD_TC_OP_groupi4005/g5290/z (u)     in_0->z F     unmapped_complex4      1  1.8     0    11     353  (46.0890,50.4325) 
  pp_fir_2_1_1_csa_tree_ADD_TC_OP_groupi4005/g5308/z (u)     in_0->z R     unmapped_nand3         4  7.2     0    11     364  (45.0545,51.3235) 
  pp_fir_2_1_1_csa_tree_ADD_TC_OP_groupi4005/g5316/z (u)     in_0->z F     unmapped_complex4      1  1.8     0    11     376  (42.7100,59.7280) 
  pp_fir_2_1_1_csa_tree_ADD_TC_OP_groupi4005/g5334/z (u)     in_0->z R     unmapped_nand3         5  9.0     0    12     388  (42.5675,62.8650) 
  pp_fir_2_1_1_csa_tree_ADD_TC_OP_groupi4005/g5340/z (u)     in_1->z R     unmapped_complex4      7 12.6     0    19     407  (61.8475,71.8730) 
  pp_fir_2_1_1_csa_tree_ADD_TC_OP_groupi4005/g5368/z (u)     in_1->z R     unmapped_complex3      1  1.8     0    11     418  (55.9730,77.6360) 
  pp_fir_2_1_1_csa_tree_ADD_TC_OP_groupi4005/g5384/z (u)     in_0->z R     unmapped_xnor2         1  1.8     0    11     429  (55.7600,78.5645) 
  pp_fir_2_1_1_g7274/z                               (u)     in_1->z R     unmapped_complex3      1  1.8     0    11     440  (56.2005,79.7420) 
  pp_fir_2_1_1_sum1_9_re_1_reg[26]/d                 -       -       R     unmapped_d_flop        1    -     -     0     440  (56.6835,79.0320) 
#-----------------------------------------------------------------------------------------------------------------------------------------------

(u) : Net has unmapped pin(s).



Path 45: MET (130 ps) Setup Check with Pin pp_fir_2_1_1_sum1_9_re_1_reg[25]/clk->d
           View: view_wcl_fast
          Group: clk
     Startpoint: (R) pp_fir_2_1_1_Delay_Pipeline_reg_re_reg[15][1]/clk
          Clock: (R) clk
       Endpoint: (R) pp_fir_2_1_1_sum1_9_re_1_reg[25]/d
          Clock: (R) clk

                     Capture       Launch     
        Clock Edge:+     500            0     
       Src Latency:+       0            0     
       Net Latency:+     200 (I)      200 (I) 
           Arrival:=     700          200     
                                              
             Setup:-       5                  
       Uncertainty:-     125                  
     Required Time:=     570                  
      Launch Clock:-     200                  
         Data Path:-     240                  
             Slack:=     130                  

#-----------------------------------------------------------------------------------------------------------------------------------------------
#                   Timing Point                     Flags    Arc    Edge       Cell         Fanout Load Trans Delay Arrival      Instance      
#                                                                                                   (fF)  (ps)  (ps)   (ps)       Location      
#-----------------------------------------------------------------------------------------------------------------------------------------------
  pp_fir_2_1_1_Delay_Pipeline_reg_re_reg[15][1]/clk  -       -       R     (arrival)           3702    -    25     0     200              (-,-) 
  pp_fir_2_1_1_Delay_Pipeline_reg_re_reg[15][1]/q    (u)     clk->q  R     unmapped_d_flop       14 25.2     0    45     245  (34.5175,51.4880) 
  pp_fir_2_1_1_csa_tree_ADD_TC_OP_groupi4005/g4661/z (u)     in_0->z R     unmapped_xor2          1  1.8     0    11     255  (39.9030,51.8180) 
  pp_fir_2_1_1_csa_tree_ADD_TC_OP_groupi4005/g4895/z (u)     in_0->z R     unmapped_xor2          2  3.6     0    12     267  (38.8600,51.3355) 
  pp_fir_2_1_1_csa_tree_ADD_TC_OP_groupi4005/g2501/z (u)     in_0->z R     unmapped_complex2      2  3.6     0     7     274  (39.8510,49.6545) 
  pp_fir_2_1_1_csa_tree_ADD_TC_OP_groupi4005/g5086/z (u)     in_1->z R     unmapped_complex3      2  3.6     0    13     287  (40.0715,48.6150) 
  pp_fir_2_1_1_csa_tree_ADD_TC_OP_groupi4005/g3830/z (u)     in_1->z F     unmapped_nand2         2  3.6     0     7     294  (41.2700,48.3970) 
  pp_fir_2_1_1_csa_tree_ADD_TC_OP_groupi4005/g5180/z (u)     in_1->z F     unmapped_complex4      1  1.8     0    14     308  (42.2785,48.4670) 
  pp_fir_2_1_1_csa_tree_ADD_TC_OP_groupi4005/g5232/z (u)     in_0->z R     unmapped_complex3      2  3.6     0     7     314  (43.5445,47.8575) 
  pp_fir_2_1_1_csa_tree_ADD_TC_OP_groupi4005/g5265/z (u)     in_2->z R     unmapped_complex3      2  3.6     0    13     327  (44.7900,48.0275) 
  pp_fir_2_1_1_csa_tree_ADD_TC_OP_groupi4005/g5293/z (u)     in_2->z R     unmapped_complex3      4  7.2     0    14     341  (46.0315,48.2235) 
  pp_fir_2_1_1_csa_tree_ADD_TC_OP_groupi4005/g5290/z (u)     in_0->z F     unmapped_complex4      1  1.8     0    11     353  (46.0890,50.4325) 
  pp_fir_2_1_1_csa_tree_ADD_TC_OP_groupi4005/g5308/z (u)     in_0->z R     unmapped_nand3         4  7.2     0    11     364  (45.0545,51.3235) 
  pp_fir_2_1_1_csa_tree_ADD_TC_OP_groupi4005/g5316/z (u)     in_0->z F     unmapped_complex4      1  1.8     0    11     376  (42.7100,59.7280) 
  pp_fir_2_1_1_csa_tree_ADD_TC_OP_groupi4005/g5334/z (u)     in_0->z R     unmapped_nand3         5  9.0     0    12     388  (42.5675,62.8650) 
  pp_fir_2_1_1_csa_tree_ADD_TC_OP_groupi4005/g5340/z (u)     in_1->z R     unmapped_complex4      7 12.6     0    19     407  (61.8475,71.8730) 
  pp_fir_2_1_1_csa_tree_ADD_TC_OP_groupi4005/g5366/z (u)     in_2->z R     unmapped_complex3      1  1.8     0    11     418  (57.4245,78.1475) 
  pp_fir_2_1_1_csa_tree_ADD_TC_OP_groupi4005/g5388/z (u)     in_0->z R     unmapped_xnor2         1  1.8     0    11     429  (58.8150,78.0050) 
  pp_fir_2_1_1_g7275/z                               (u)     in_1->z R     unmapped_complex3      1  1.8     0    11     440  (60.3525,78.1520) 
  pp_fir_2_1_1_sum1_9_re_1_reg[25]/d                 -       -       R     unmapped_d_flop        1    -     -     0     440  (59.1830,79.1160) 
#-----------------------------------------------------------------------------------------------------------------------------------------------

(u) : Net has unmapped pin(s).



Path 46: MET (130 ps) Setup Check with Pin pp_fir_2_1_1_sum1_9_im_1_reg[29]/clk->d
           View: view_wcl_fast
          Group: clk
     Startpoint: (R) pp_fir_2_1_1_Delay_Pipeline_reg_im_reg[15][1]/clk
          Clock: (R) clk
       Endpoint: (R) pp_fir_2_1_1_sum1_9_im_1_reg[29]/d
          Clock: (R) clk

                     Capture       Launch     
        Clock Edge:+     500            0     
       Src Latency:+       0            0     
       Net Latency:+     200 (I)      200 (I) 
           Arrival:=     700          200     
                                              
             Setup:-       5                  
       Uncertainty:-     125                  
     Required Time:=     570                  
      Launch Clock:-     200                  
         Data Path:-     240                  
             Slack:=     130                  

#------------------------------------------------------------------------------------------------------------------------------------------------
#                   Timing Point                     Flags    Arc    Edge       Cell         Fanout Load Trans Delay Arrival       Instance      
#                                                                                                   (fF)  (ps)  (ps)   (ps)        Location      
#------------------------------------------------------------------------------------------------------------------------------------------------
  pp_fir_2_1_1_Delay_Pipeline_reg_im_reg[15][1]/clk  -       -       R     (arrival)           3702    -    25     0     200               (-,-) 
  pp_fir_2_1_1_Delay_Pipeline_reg_im_reg[15][1]/q    (u)     clk->q  R     unmapped_d_flop       14 25.2     0    45     245  (104.6245,68.3510) 
  pp_fir_2_1_1_csa_tree_ADD_TC_OP_groupi4004/g4661/z (u)     in_0->z R     unmapped_xor2          1  1.8     0    11     255  (113.5775,60.7105) 
  pp_fir_2_1_1_csa_tree_ADD_TC_OP_groupi4004/g4895/z (u)     in_0->z R     unmapped_xor2          2  3.6     0    12     267  (114.0970,59.8490) 
  pp_fir_2_1_1_csa_tree_ADD_TC_OP_groupi4004/g2501/z (u)     in_0->z R     unmapped_complex2      2  3.6     0     7     274  (114.9210,57.9280) 
  pp_fir_2_1_1_csa_tree_ADD_TC_OP_groupi4004/g5086/z (u)     in_1->z R     unmapped_complex3      2  3.6     0    13     287  (115.3045,56.7440) 
  pp_fir_2_1_1_csa_tree_ADD_TC_OP_groupi4004/g3830/z (u)     in_1->z F     unmapped_nand2         2  3.6     0     7     294  (114.9360,54.0090) 
  pp_fir_2_1_1_csa_tree_ADD_TC_OP_groupi4004/g5180/z (u)     in_1->z F     unmapped_complex4      1  1.8     0    14     308  (113.1565,53.5500) 
  pp_fir_2_1_1_csa_tree_ADD_TC_OP_groupi4004/g5232/z (u)     in_0->z R     unmapped_complex3      2  3.6     0     7     314  (113.0925,52.4100) 
  pp_fir_2_1_1_csa_tree_ADD_TC_OP_groupi4004/g5265/z (u)     in_2->z R     unmapped_complex3      2  3.6     0    13     327  (111.8430,52.5400) 
  pp_fir_2_1_1_csa_tree_ADD_TC_OP_groupi4004/g5293/z (u)     in_2->z R     unmapped_complex3      4  7.2     0    14     341  (110.6315,53.7185) 
  pp_fir_2_1_1_csa_tree_ADD_TC_OP_groupi4004/g5290/z (u)     in_0->z F     unmapped_complex4      1  1.8     0    11     353  (109.6415,55.4850) 
  pp_fir_2_1_1_csa_tree_ADD_TC_OP_groupi4004/g5308/z (u)     in_0->z R     unmapped_nand3         4  7.2     0    11     364  (109.3185,57.4700) 
  pp_fir_2_1_1_csa_tree_ADD_TC_OP_groupi4004/g5316/z (u)     in_0->z F     unmapped_complex4      1  1.8     0    11     376  (119.1840,63.8340) 
  pp_fir_2_1_1_csa_tree_ADD_TC_OP_groupi4004/g5334/z (u)     in_0->z R     unmapped_nand3         5  9.0     0    12     388  (121.2365,65.8120) 
  pp_fir_2_1_1_csa_tree_ADD_TC_OP_groupi4004/g5340/z (u)     in_1->z R     unmapped_complex4      7 12.6     0    19     407  (122.2330,82.8305) 
  pp_fir_2_1_1_csa_tree_ADD_TC_OP_groupi4004/g5378/z (u)     in_1->z R     unmapped_complex3      1  1.8     0    11     418  (125.2495,93.0665) 
  pp_fir_2_1_1_csa_tree_ADD_TC_OP_groupi4004/g5385/z (u)     in_0->z R     unmapped_xnor2         1  1.8     0    11     429  (126.2375,92.7195) 
  pp_fir_2_1_1_g6924/z                               (u)     in_2->z R     unmapped_complex3      1  1.8     0    11     440  (127.5000,92.8870) 
  pp_fir_2_1_1_sum1_9_im_1_reg[29]/d                 -       -       R     unmapped_d_flop        1    -     -     0     440  (127.7300,93.6430) 
#------------------------------------------------------------------------------------------------------------------------------------------------

(u) : Net has unmapped pin(s).



Path 47: MET (130 ps) Setup Check with Pin pp_fir_2_1_1_sum1_9_im_1_reg[28]/clk->d
           View: view_wcl_fast
          Group: clk
     Startpoint: (R) pp_fir_2_1_1_Delay_Pipeline_reg_im_reg[15][1]/clk
          Clock: (R) clk
       Endpoint: (R) pp_fir_2_1_1_sum1_9_im_1_reg[28]/d
          Clock: (R) clk

                     Capture       Launch     
        Clock Edge:+     500            0     
       Src Latency:+       0            0     
       Net Latency:+     200 (I)      200 (I) 
           Arrival:=     700          200     
                                              
             Setup:-       5                  
       Uncertainty:-     125                  
     Required Time:=     570                  
      Launch Clock:-     200                  
         Data Path:-     240                  
             Slack:=     130                  

#------------------------------------------------------------------------------------------------------------------------------------------------
#                   Timing Point                     Flags    Arc    Edge       Cell         Fanout Load Trans Delay Arrival       Instance      
#                                                                                                   (fF)  (ps)  (ps)   (ps)        Location      
#------------------------------------------------------------------------------------------------------------------------------------------------
  pp_fir_2_1_1_Delay_Pipeline_reg_im_reg[15][1]/clk  -       -       R     (arrival)           3702    -    25     0     200               (-,-) 
  pp_fir_2_1_1_Delay_Pipeline_reg_im_reg[15][1]/q    (u)     clk->q  R     unmapped_d_flop       14 25.2     0    45     245  (104.6245,68.3510) 
  pp_fir_2_1_1_csa_tree_ADD_TC_OP_groupi4004/g4661/z (u)     in_0->z R     unmapped_xor2          1  1.8     0    11     255  (113.5775,60.7105) 
  pp_fir_2_1_1_csa_tree_ADD_TC_OP_groupi4004/g4895/z (u)     in_0->z R     unmapped_xor2          2  3.6     0    12     267  (114.0970,59.8490) 
  pp_fir_2_1_1_csa_tree_ADD_TC_OP_groupi4004/g2501/z (u)     in_0->z R     unmapped_complex2      2  3.6     0     7     274  (114.9210,57.9280) 
  pp_fir_2_1_1_csa_tree_ADD_TC_OP_groupi4004/g5086/z (u)     in_1->z R     unmapped_complex3      2  3.6     0    13     287  (115.3045,56.7440) 
  pp_fir_2_1_1_csa_tree_ADD_TC_OP_groupi4004/g3830/z (u)     in_1->z F     unmapped_nand2         2  3.6     0     7     294  (114.9360,54.0090) 
  pp_fir_2_1_1_csa_tree_ADD_TC_OP_groupi4004/g5180/z (u)     in_1->z F     unmapped_complex4      1  1.8     0    14     308  (113.1565,53.5500) 
  pp_fir_2_1_1_csa_tree_ADD_TC_OP_groupi4004/g5232/z (u)     in_0->z R     unmapped_complex3      2  3.6     0     7     314  (113.0925,52.4100) 
  pp_fir_2_1_1_csa_tree_ADD_TC_OP_groupi4004/g5265/z (u)     in_2->z R     unmapped_complex3      2  3.6     0    13     327  (111.8430,52.5400) 
  pp_fir_2_1_1_csa_tree_ADD_TC_OP_groupi4004/g5293/z (u)     in_2->z R     unmapped_complex3      4  7.2     0    14     341  (110.6315,53.7185) 
  pp_fir_2_1_1_csa_tree_ADD_TC_OP_groupi4004/g5290/z (u)     in_0->z F     unmapped_complex4      1  1.8     0    11     353  (109.6415,55.4850) 
  pp_fir_2_1_1_csa_tree_ADD_TC_OP_groupi4004/g5308/z (u)     in_0->z R     unmapped_nand3         4  7.2     0    11     364  (109.3185,57.4700) 
  pp_fir_2_1_1_csa_tree_ADD_TC_OP_groupi4004/g5316/z (u)     in_0->z F     unmapped_complex4      1  1.8     0    11     376  (119.1840,63.8340) 
  pp_fir_2_1_1_csa_tree_ADD_TC_OP_groupi4004/g5334/z (u)     in_0->z R     unmapped_nand3         5  9.0     0    12     388  (121.2365,65.8120) 
  pp_fir_2_1_1_csa_tree_ADD_TC_OP_groupi4004/g5340/z (u)     in_1->z R     unmapped_complex4      7 12.6     0    19     407  (122.2330,82.8305) 
  pp_fir_2_1_1_csa_tree_ADD_TC_OP_groupi4004/g5371/z (u)     in_1->z R     unmapped_complex3      1  1.8     0    11     418  (126.4975,91.7090) 
  pp_fir_2_1_1_csa_tree_ADD_TC_OP_groupi4004/g5387/z (u)     in_0->z R     unmapped_xnor2         1  1.8     0    11     429  (127.3980,91.3290) 
  pp_fir_2_1_1_g6941/z                               (u)     in_2->z R     unmapped_complex3      1  1.8     0    11     440  (128.8310,91.2865) 
  pp_fir_2_1_1_sum1_9_im_1_reg[28]/d                 -       -       R     unmapped_d_flop        1    -     -     0     440  (127.8615,92.2945) 
#------------------------------------------------------------------------------------------------------------------------------------------------

(u) : Net has unmapped pin(s).



Path 48: MET (130 ps) Setup Check with Pin pp_fir_2_1_1_sum1_9_im_1_reg[27]/clk->d
           View: view_wcl_fast
          Group: clk
     Startpoint: (R) pp_fir_2_1_1_Delay_Pipeline_reg_im_reg[15][1]/clk
          Clock: (R) clk
       Endpoint: (R) pp_fir_2_1_1_sum1_9_im_1_reg[27]/d
          Clock: (R) clk

                     Capture       Launch     
        Clock Edge:+     500            0     
       Src Latency:+       0            0     
       Net Latency:+     200 (I)      200 (I) 
           Arrival:=     700          200     
                                              
             Setup:-       5                  
       Uncertainty:-     125                  
     Required Time:=     570                  
      Launch Clock:-     200                  
         Data Path:-     240                  
             Slack:=     130                  

#------------------------------------------------------------------------------------------------------------------------------------------------
#                   Timing Point                     Flags    Arc    Edge       Cell         Fanout Load Trans Delay Arrival       Instance      
#                                                                                                   (fF)  (ps)  (ps)   (ps)        Location      
#------------------------------------------------------------------------------------------------------------------------------------------------
  pp_fir_2_1_1_Delay_Pipeline_reg_im_reg[15][1]/clk  -       -       R     (arrival)           3702    -    25     0     200               (-,-) 
  pp_fir_2_1_1_Delay_Pipeline_reg_im_reg[15][1]/q    (u)     clk->q  R     unmapped_d_flop       14 25.2     0    45     245  (104.6245,68.3510) 
  pp_fir_2_1_1_csa_tree_ADD_TC_OP_groupi4004/g4661/z (u)     in_0->z R     unmapped_xor2          1  1.8     0    11     255  (113.5775,60.7105) 
  pp_fir_2_1_1_csa_tree_ADD_TC_OP_groupi4004/g4895/z (u)     in_0->z R     unmapped_xor2          2  3.6     0    12     267  (114.0970,59.8490) 
  pp_fir_2_1_1_csa_tree_ADD_TC_OP_groupi4004/g2501/z (u)     in_0->z R     unmapped_complex2      2  3.6     0     7     274  (114.9210,57.9280) 
  pp_fir_2_1_1_csa_tree_ADD_TC_OP_groupi4004/g5086/z (u)     in_1->z R     unmapped_complex3      2  3.6     0    13     287  (115.3045,56.7440) 
  pp_fir_2_1_1_csa_tree_ADD_TC_OP_groupi4004/g3830/z (u)     in_1->z F     unmapped_nand2         2  3.6     0     7     294  (114.9360,54.0090) 
  pp_fir_2_1_1_csa_tree_ADD_TC_OP_groupi4004/g5180/z (u)     in_1->z F     unmapped_complex4      1  1.8     0    14     308  (113.1565,53.5500) 
  pp_fir_2_1_1_csa_tree_ADD_TC_OP_groupi4004/g5232/z (u)     in_0->z R     unmapped_complex3      2  3.6     0     7     314  (113.0925,52.4100) 
  pp_fir_2_1_1_csa_tree_ADD_TC_OP_groupi4004/g5265/z (u)     in_2->z R     unmapped_complex3      2  3.6     0    13     327  (111.8430,52.5400) 
  pp_fir_2_1_1_csa_tree_ADD_TC_OP_groupi4004/g5293/z (u)     in_2->z R     unmapped_complex3      4  7.2     0    14     341  (110.6315,53.7185) 
  pp_fir_2_1_1_csa_tree_ADD_TC_OP_groupi4004/g5290/z (u)     in_0->z F     unmapped_complex4      1  1.8     0    11     353  (109.6415,55.4850) 
  pp_fir_2_1_1_csa_tree_ADD_TC_OP_groupi4004/g5308/z (u)     in_0->z R     unmapped_nand3         4  7.2     0    11     364  (109.3185,57.4700) 
  pp_fir_2_1_1_csa_tree_ADD_TC_OP_groupi4004/g5316/z (u)     in_0->z F     unmapped_complex4      1  1.8     0    11     376  (119.1840,63.8340) 
  pp_fir_2_1_1_csa_tree_ADD_TC_OP_groupi4004/g5334/z (u)     in_0->z R     unmapped_nand3         5  9.0     0    12     388  (121.2365,65.8120) 
  pp_fir_2_1_1_csa_tree_ADD_TC_OP_groupi4004/g5340/z (u)     in_1->z R     unmapped_complex4      7 12.6     0    19     407  (122.2330,82.8305) 
  pp_fir_2_1_1_csa_tree_ADD_TC_OP_groupi4004/g5370/z (u)     in_1->z R     unmapped_complex3      1  1.8     0    11     418  (126.2740,90.1450) 
  pp_fir_2_1_1_csa_tree_ADD_TC_OP_groupi4004/g5380/z (u)     in_0->z R     unmapped_xnor2         1  1.8     0    11     429  (126.2290,89.2605) 
  pp_fir_2_1_1_g6962/z                               (u)     in_2->z R     unmapped_complex3      1  1.8     0    11     440  (127.6675,89.2830) 
  pp_fir_2_1_1_sum1_9_im_1_reg[27]/d                 -       -       R     unmapped_d_flop        1    -     -     0     440  (127.2690,90.3380) 
#------------------------------------------------------------------------------------------------------------------------------------------------

(u) : Net has unmapped pin(s).



Path 49: MET (130 ps) Setup Check with Pin pp_fir_2_1_1_sum1_9_im_1_reg[26]/clk->d
           View: view_wcl_fast
          Group: clk
     Startpoint: (R) pp_fir_2_1_1_Delay_Pipeline_reg_im_reg[15][1]/clk
          Clock: (R) clk
       Endpoint: (R) pp_fir_2_1_1_sum1_9_im_1_reg[26]/d
          Clock: (R) clk

                     Capture       Launch     
        Clock Edge:+     500            0     
       Src Latency:+       0            0     
       Net Latency:+     200 (I)      200 (I) 
           Arrival:=     700          200     
                                              
             Setup:-       5                  
       Uncertainty:-     125                  
     Required Time:=     570                  
      Launch Clock:-     200                  
         Data Path:-     240                  
             Slack:=     130                  

#------------------------------------------------------------------------------------------------------------------------------------------------
#                   Timing Point                     Flags    Arc    Edge       Cell         Fanout Load Trans Delay Arrival       Instance      
#                                                                                                   (fF)  (ps)  (ps)   (ps)        Location      
#------------------------------------------------------------------------------------------------------------------------------------------------
  pp_fir_2_1_1_Delay_Pipeline_reg_im_reg[15][1]/clk  -       -       R     (arrival)           3702    -    25     0     200               (-,-) 
  pp_fir_2_1_1_Delay_Pipeline_reg_im_reg[15][1]/q    (u)     clk->q  R     unmapped_d_flop       14 25.2     0    45     245  (104.6245,68.3510) 
  pp_fir_2_1_1_csa_tree_ADD_TC_OP_groupi4004/g4661/z (u)     in_0->z R     unmapped_xor2          1  1.8     0    11     255  (113.5775,60.7105) 
  pp_fir_2_1_1_csa_tree_ADD_TC_OP_groupi4004/g4895/z (u)     in_0->z R     unmapped_xor2          2  3.6     0    12     267  (114.0970,59.8490) 
  pp_fir_2_1_1_csa_tree_ADD_TC_OP_groupi4004/g2501/z (u)     in_0->z R     unmapped_complex2      2  3.6     0     7     274  (114.9210,57.9280) 
  pp_fir_2_1_1_csa_tree_ADD_TC_OP_groupi4004/g5086/z (u)     in_1->z R     unmapped_complex3      2  3.6     0    13     287  (115.3045,56.7440) 
  pp_fir_2_1_1_csa_tree_ADD_TC_OP_groupi4004/g3830/z (u)     in_1->z F     unmapped_nand2         2  3.6     0     7     294  (114.9360,54.0090) 
  pp_fir_2_1_1_csa_tree_ADD_TC_OP_groupi4004/g5180/z (u)     in_1->z F     unmapped_complex4      1  1.8     0    14     308  (113.1565,53.5500) 
  pp_fir_2_1_1_csa_tree_ADD_TC_OP_groupi4004/g5232/z (u)     in_0->z R     unmapped_complex3      2  3.6     0     7     314  (113.0925,52.4100) 
  pp_fir_2_1_1_csa_tree_ADD_TC_OP_groupi4004/g5265/z (u)     in_2->z R     unmapped_complex3      2  3.6     0    13     327  (111.8430,52.5400) 
  pp_fir_2_1_1_csa_tree_ADD_TC_OP_groupi4004/g5293/z (u)     in_2->z R     unmapped_complex3      4  7.2     0    14     341  (110.6315,53.7185) 
  pp_fir_2_1_1_csa_tree_ADD_TC_OP_groupi4004/g5290/z (u)     in_0->z F     unmapped_complex4      1  1.8     0    11     353  (109.6415,55.4850) 
  pp_fir_2_1_1_csa_tree_ADD_TC_OP_groupi4004/g5308/z (u)     in_0->z R     unmapped_nand3         4  7.2     0    11     364  (109.3185,57.4700) 
  pp_fir_2_1_1_csa_tree_ADD_TC_OP_groupi4004/g5316/z (u)     in_0->z F     unmapped_complex4      1  1.8     0    11     376  (119.1840,63.8340) 
  pp_fir_2_1_1_csa_tree_ADD_TC_OP_groupi4004/g5334/z (u)     in_0->z R     unmapped_nand3         5  9.0     0    12     388  (121.2365,65.8120) 
  pp_fir_2_1_1_csa_tree_ADD_TC_OP_groupi4004/g5340/z (u)     in_1->z R     unmapped_complex4      7 12.6     0    19     407  (122.2330,82.8305) 
  pp_fir_2_1_1_csa_tree_ADD_TC_OP_groupi4004/g5368/z (u)     in_1->z R     unmapped_complex3      1  1.8     0    11     418  (125.9430,88.5100) 
  pp_fir_2_1_1_csa_tree_ADD_TC_OP_groupi4004/g5384/z (u)     in_0->z R     unmapped_xnor2         1  1.8     0    11     429  (126.2580,87.5885) 
  pp_fir_2_1_1_g6977/z                               (u)     in_2->z R     unmapped_complex3      1  1.8     0    11     440  (127.6365,88.3135) 
  pp_fir_2_1_1_sum1_9_im_1_reg[26]/d                 -       -       R     unmapped_d_flop        1    -     -     0     440  (127.2230,87.3750) 
#------------------------------------------------------------------------------------------------------------------------------------------------

(u) : Net has unmapped pin(s).



Path 50: MET (130 ps) Setup Check with Pin pp_fir_2_1_1_sum1_9_im_1_reg[25]/clk->d
           View: view_wcl_fast
          Group: clk
     Startpoint: (R) pp_fir_2_1_1_Delay_Pipeline_reg_im_reg[15][1]/clk
          Clock: (R) clk
       Endpoint: (R) pp_fir_2_1_1_sum1_9_im_1_reg[25]/d
          Clock: (R) clk

                     Capture       Launch     
        Clock Edge:+     500            0     
       Src Latency:+       0            0     
       Net Latency:+     200 (I)      200 (I) 
           Arrival:=     700          200     
                                              
             Setup:-       5                  
       Uncertainty:-     125                  
     Required Time:=     570                  
      Launch Clock:-     200                  
         Data Path:-     240                  
             Slack:=     130                  

#------------------------------------------------------------------------------------------------------------------------------------------------
#                   Timing Point                     Flags    Arc    Edge       Cell         Fanout Load Trans Delay Arrival       Instance      
#                                                                                                   (fF)  (ps)  (ps)   (ps)        Location      
#------------------------------------------------------------------------------------------------------------------------------------------------
  pp_fir_2_1_1_Delay_Pipeline_reg_im_reg[15][1]/clk  -       -       R     (arrival)           3702    -    25     0     200               (-,-) 
  pp_fir_2_1_1_Delay_Pipeline_reg_im_reg[15][1]/q    (u)     clk->q  R     unmapped_d_flop       14 25.2     0    45     245  (104.6245,68.3510) 
  pp_fir_2_1_1_csa_tree_ADD_TC_OP_groupi4004/g4661/z (u)     in_0->z R     unmapped_xor2          1  1.8     0    11     255  (113.5775,60.7105) 
  pp_fir_2_1_1_csa_tree_ADD_TC_OP_groupi4004/g4895/z (u)     in_0->z R     unmapped_xor2          2  3.6     0    12     267  (114.0970,59.8490) 
  pp_fir_2_1_1_csa_tree_ADD_TC_OP_groupi4004/g2501/z (u)     in_0->z R     unmapped_complex2      2  3.6     0     7     274  (114.9210,57.9280) 
  pp_fir_2_1_1_csa_tree_ADD_TC_OP_groupi4004/g5086/z (u)     in_1->z R     unmapped_complex3      2  3.6     0    13     287  (115.3045,56.7440) 
  pp_fir_2_1_1_csa_tree_ADD_TC_OP_groupi4004/g3830/z (u)     in_1->z F     unmapped_nand2         2  3.6     0     7     294  (114.9360,54.0090) 
  pp_fir_2_1_1_csa_tree_ADD_TC_OP_groupi4004/g5180/z (u)     in_1->z F     unmapped_complex4      1  1.8     0    14     308  (113.1565,53.5500) 
  pp_fir_2_1_1_csa_tree_ADD_TC_OP_groupi4004/g5232/z (u)     in_0->z R     unmapped_complex3      2  3.6     0     7     314  (113.0925,52.4100) 
  pp_fir_2_1_1_csa_tree_ADD_TC_OP_groupi4004/g5265/z (u)     in_2->z R     unmapped_complex3      2  3.6     0    13     327  (111.8430,52.5400) 
  pp_fir_2_1_1_csa_tree_ADD_TC_OP_groupi4004/g5293/z (u)     in_2->z R     unmapped_complex3      4  7.2     0    14     341  (110.6315,53.7185) 
  pp_fir_2_1_1_csa_tree_ADD_TC_OP_groupi4004/g5290/z (u)     in_0->z F     unmapped_complex4      1  1.8     0    11     353  (109.6415,55.4850) 
  pp_fir_2_1_1_csa_tree_ADD_TC_OP_groupi4004/g5308/z (u)     in_0->z R     unmapped_nand3         4  7.2     0    11     364  (109.3185,57.4700) 
  pp_fir_2_1_1_csa_tree_ADD_TC_OP_groupi4004/g5316/z (u)     in_0->z F     unmapped_complex4      1  1.8     0    11     376  (119.1840,63.8340) 
  pp_fir_2_1_1_csa_tree_ADD_TC_OP_groupi4004/g5334/z (u)     in_0->z R     unmapped_nand3         5  9.0     0    12     388  (121.2365,65.8120) 
  pp_fir_2_1_1_csa_tree_ADD_TC_OP_groupi4004/g5340/z (u)     in_1->z R     unmapped_complex4      7 12.6     0    19     407  (122.2330,82.8305) 
  pp_fir_2_1_1_csa_tree_ADD_TC_OP_groupi4004/g5366/z (u)     in_2->z R     unmapped_complex3      1  1.8     0    11     418  (123.7805,87.7235) 
  pp_fir_2_1_1_csa_tree_ADD_TC_OP_groupi4004/g5388/z (u)     in_0->z R     unmapped_xnor2         1  1.8     0    11     429  (123.1275,86.7795) 
  pp_fir_2_1_1_g6998/z                               (u)     in_2->z R     unmapped_complex3      1  1.8     0    11     440  (124.8210,86.6230) 
  pp_fir_2_1_1_sum1_9_im_1_reg[25]/d                 -       -       R     unmapped_d_flop        1    -     -     0     440  (124.1370,85.6890) 
#------------------------------------------------------------------------------------------------------------------------------------------------

(u) : Net has unmapped pin(s).

