============================================================
  Generated by:           Genus(TM) Synthesis Solution 22.10-p001_1
  Generated on:           Jan 12 2025  06:37:23 pm
  Module:                 pp_fir_u_2
  Operating conditions:   ssg_cworstt_max_0p81v_125c 
  Operating conditions:   ffg_cbestt_min_0p99v_m40c 
  Operating conditions:   tt_ctypical_max_0p90v_25c 
  Interconnect mode:      spatial
  Area mode:              physical library
============================================================


Path 1: MET (0 ps) Setup Check with Pin pp_fir_2_1_1_sum2_3_re_1_reg[23]/CK->D
           View: view_wcl_slow
          Group: clk
     Startpoint: (R) pp_fir_2_1_1_Delay_Pipeline_reg_re_reg[22][0]/CK
          Clock: (R) clk
       Endpoint: (F) pp_fir_2_1_1_sum2_3_re_1_reg[23]/D
          Clock: (R) clk

                     Capture       Launch     
        Clock Edge:+     500            0     
       Src Latency:+       0            0     
       Net Latency:+     200 (I)      200 (I) 
           Arrival:=     700          200     
                                              
             Setup:-      47                  
       Uncertainty:-     125                  
     Required Time:=     528                  
      Launch Clock:-     200                  
         Data Path:-     328                  
             Slack:=       0                  

#------------------------------------------------------------------------------------------------------------------------------------------------------
#                  Timing Point                    Flags   Arc   Edge            Cell              Fanout Load Trans Delay Arrival       Instance      
#                                                                                                         (fF)  (ps)  (ps)   (ps)        Location      
#------------------------------------------------------------------------------------------------------------------------------------------------------
  pp_fir_2_1_1_Delay_Pipeline_reg_re_reg[22][0]/CK -       -     R     (arrival)                     3702    -    25     0     200               (-,-) 
  pp_fir_2_1_1_Delay_Pipeline_reg_re_reg[22][0]/Q  -       CK->Q R     DFFRPQ_X4M_A9PP140ZTL_C30        9 10.4    17    54     254  (36.9315,129.7875) 
  pp_fir_2_1_1_add_732_34_g1172/Y                  -       B->Y  F     NAND2_X1B_A9PP140ZTL_C30         3  3.2    32    22     275               (-,-) 
  pp_fir_2_1_1_add_732_34_g1061/Y                  -       A1->Y F     OA21_X1M_A9PP140ZTL_C30          2  2.3    17    31     306               (-,-) 
  pp_fir_2_1_1_add_732_34_g1051/Y                  -       A0->Y R     OAI21_X1M_A9PP140ZTL_C30         2  2.2    33    24     330               (-,-) 
  pp_fir_2_1_1_add_732_34_g1049/Y                  -       A0->Y F     AOI21_X1M_A9PP140ZTL_C30         2  3.0    39    27     357               (-,-) 
  pp_fir_2_1_1_add_732_34_g1047/Y                  -       A->Y  R     NOR2_X3A_A9PP140ZTL_C30          2  2.4    20    16     373               (-,-) 
  pp_fir_2_1_1_add_732_34_g1043/Y                  -       A0->Y F     AOI21_X2M_A9PP140ZTL_C30         4  4.7    32    20     394               (-,-) 
  pp_fir_2_1_1_add_732_34_g1037/Y                  -       A0->Y R     OAI21_X2M_A9PP140ZTL_C30         2  3.7    30    24     418               (-,-) 
  pp_fir_2_1_1_add_732_34_g1033/Y                  -       A->Y  F     NAND2XB_X4M_A9PP140ZTL_C30       3  4.6    19    12     430               (-,-) 
  pp_fir_2_1_1_add_732_34_g1026/Y                  -       A0->Y R     OAI21_X4M_A9PP140ZTL_C30         3  4.1    22    16     446               (-,-) 
  pp_fir_2_1_1_add_732_34_g1016/Y                  -       A0->Y F     AOI21_X3M_A9PP140ZTL_C30         3  3.6    24    16     462               (-,-) 
  pp_fir_2_1_1_add_732_34_g1015/Y                  -       A->Y  R     INV_X1M_A9PP140ZTL_C30           2  2.7    22    18     480               (-,-) 
  pp_fir_2_1_1_add_732_34_g1008/Y                  -       A0->Y F     AOI21_X2M_A9PP140ZTL_C30         2  2.4    23    15     495               (-,-) 
  pp_fir_2_1_1_add_732_34_g999/Y                   -       A0->Y R     OAI21_X1M_A9PP140ZTL_C30         1  1.7    30    23     518               (-,-) 
  pp_fir_2_1_1_add_732_34_g995/Y                   -       S0->Y F     MXIT2_X1P4M_A9PP140ZTL_C30       1  0.8    18    10     528               (-,-) 
  pp_fir_2_1_1_sum2_3_re_1_reg[23]/D               -       -     F     SDFFRPQA_X1M_A9PP140ZTL_C30      1    -     -     0     528  (23.1660,143.4070) 
#------------------------------------------------------------------------------------------------------------------------------------------------------



Path 2: MET (0 ps) Setup Check with Pin pp_fir_2_1_1_sum2_3_im_1_reg[23]/CK->D
           View: view_wcl_slow
          Group: clk
     Startpoint: (R) pp_fir_2_1_1_Delay_Pipeline_reg_im_reg[22][0]/CK
          Clock: (R) clk
       Endpoint: (F) pp_fir_2_1_1_sum2_3_im_1_reg[23]/D
          Clock: (R) clk

                     Capture       Launch     
        Clock Edge:+     500            0     
       Src Latency:+       0            0     
       Net Latency:+     200 (I)      200 (I) 
           Arrival:=     700          200     
                                              
             Setup:-      47                  
       Uncertainty:-     125                  
     Required Time:=     528                  
      Launch Clock:-     200                  
         Data Path:-     328                  
             Slack:=       0                  

#-------------------------------------------------------------------------------------------------------------------------------------------------------
#                  Timing Point                    Flags   Arc   Edge            Cell              Fanout Load Trans Delay Arrival       Instance       
#                                                                                                         (fF)  (ps)  (ps)   (ps)        Location       
#-------------------------------------------------------------------------------------------------------------------------------------------------------
  pp_fir_2_1_1_Delay_Pipeline_reg_im_reg[22][0]/CK -       -     R     (arrival)                     3702    -    25     0     200                (-,-) 
  pp_fir_2_1_1_Delay_Pipeline_reg_im_reg[22][0]/Q  -       CK->Q R     DFFRPQ_X4M_A9PP140ZTL_C30        9 10.4    17    54     254  (161.3350,153.2865) 
  pp_fir_2_1_1_add_733_34_g1172/Y                  -       B->Y  F     NAND2_X1B_A9PP140ZTL_C30         3  3.2    32    22     275                (-,-) 
  pp_fir_2_1_1_add_733_34_g1061/Y                  -       A1->Y F     OA21_X1M_A9PP140ZTL_C30          2  2.3    17    31     306                (-,-) 
  pp_fir_2_1_1_add_733_34_g1051/Y                  -       A0->Y R     OAI21_X1M_A9PP140ZTL_C30         2  2.2    33    24     330                (-,-) 
  pp_fir_2_1_1_add_733_34_g1049/Y                  -       A0->Y F     AOI21_X1M_A9PP140ZTL_C30         2  3.0    39    27     357                (-,-) 
  pp_fir_2_1_1_add_733_34_g1047/Y                  -       A->Y  R     NOR2_X3A_A9PP140ZTL_C30          2  2.4    20    16     373                (-,-) 
  pp_fir_2_1_1_add_733_34_g1043/Y                  -       A0->Y F     AOI21_X2M_A9PP140ZTL_C30         4  4.7    32    20     394                (-,-) 
  pp_fir_2_1_1_add_733_34_g1037/Y                  -       A0->Y R     OAI21_X2M_A9PP140ZTL_C30         2  3.7    30    24     418                (-,-) 
  pp_fir_2_1_1_add_733_34_g1033/Y                  -       A->Y  F     NAND2XB_X4M_A9PP140ZTL_C30       3  4.6    19    12     430                (-,-) 
  pp_fir_2_1_1_add_733_34_g1026/Y                  -       A0->Y R     OAI21_X4M_A9PP140ZTL_C30         3  4.1    22    16     446                (-,-) 
  pp_fir_2_1_1_add_733_34_g1016/Y                  -       A0->Y F     AOI21_X3M_A9PP140ZTL_C30         3  3.6    24    16     462                (-,-) 
  pp_fir_2_1_1_add_733_34_g1015/Y                  -       A->Y  R     INV_X1M_A9PP140ZTL_C30           2  2.7    22    18     480                (-,-) 
  pp_fir_2_1_1_add_733_34_g1008/Y                  -       A0->Y F     AOI21_X2M_A9PP140ZTL_C30         2  2.4    23    15     495                (-,-) 
  pp_fir_2_1_1_add_733_34_g999/Y                   -       A0->Y R     OAI21_X1M_A9PP140ZTL_C30         1  1.7    30    23     518                (-,-) 
  pp_fir_2_1_1_add_733_34_g995/Y                   -       S0->Y F     MXIT2_X1P4M_A9PP140ZTL_C30       1  0.8    18    10     528                (-,-) 
  pp_fir_2_1_1_sum2_3_im_1_reg[23]/D               -       -     F     SDFFRPQA_X1M_A9PP140ZTL_C30      1    -     -     0     528  (144.2160,115.9765) 
#-------------------------------------------------------------------------------------------------------------------------------------------------------



Path 3: MET (0 ps) Setup Check with Pin pp_fir_2_1_1_sum1_14_re_1_reg[15]/CK->D
           View: view_wcl_slow
          Group: clk
     Startpoint: (R) pp_fir_2_1_1_Delay_Pipeline_reg_re_reg[4][6]/CK
          Clock: (R) clk
       Endpoint: (F) pp_fir_2_1_1_sum1_14_re_1_reg[15]/D
          Clock: (R) clk

                     Capture       Launch     
        Clock Edge:+     500            0     
       Src Latency:+       0            0     
       Net Latency:+     200 (I)      200 (I) 
           Arrival:=     700          200     
                                              
             Setup:-      47                  
       Uncertainty:-     125                  
     Required Time:=     528                  
      Launch Clock:-     200                  
         Data Path:-     328                  
             Slack:=       0                  

#----------------------------------------------------------------------------------------------------------------------------------------------------------------
#                       Timing Point                         Flags    Arc   Edge            Cell              Fanout Load Trans Delay Arrival      Instance      
#                                                                                                                    (fF)  (ps)  (ps)   (ps)       Location      
#----------------------------------------------------------------------------------------------------------------------------------------------------------------
  pp_fir_2_1_1_Delay_Pipeline_reg_re_reg[4][6]/CK            -       -      R     (arrival)                     3702    -    25     0     200              (-,-) 
  pp_fir_2_1_1_Delay_Pipeline_reg_re_reg[4][6]/Q             -       CK->Q  R     DFFRPQA_X1M_A9PP140ZTL_C30       5  7.9    43    54     254  (16.9405,16.9760) 
  pp_fir_2_1_1_csa_tree_ADD_TC_OP_groupi3995_g1300/Y         -       A->Y   F     INV_X1P7M_A9PP140ZTL_C30         2  4.1    21    13     267              (-,-) 
  pp_fir_2_1_1_csa_tree_ADD_TC_OP_groupi3995_cdnfadd_008_0/S -       CI->S  R     ADDF_X1M_A9PP140ZTL_C30          1  2.1    22    47     314              (-,-) 
  pp_fir_2_1_1_csa_tree_ADD_TC_OP_groupi3995_cdnfadd_008_2/S -       CI->S  F     ADDF_X1M_A9PP140ZTL_C30          1  2.1    22    44     358              (-,-) 
  pp_fir_2_1_1_csa_tree_ADD_TC_OP_groupi3995_cdnfadd_008_3/S -       CI->S  R     ADDF_X1M_A9PP140ZTL_C30          2  3.7    30    52     410              (-,-) 
  pp_fir_2_1_1_csa_tree_ADD_TC_OP_groupi3995_g1233/Y         -       A->Y   F     NAND2_X3B_A9PP140ZTL_C30         3  3.5    20    14     424              (-,-) 
  pp_fir_2_1_1_csa_tree_ADD_TC_OP_groupi3995_g1183/Y         -       A1->Y  R     OAI21_X2M_A9PP140ZTL_C30         2  2.0    21    18     442              (-,-) 
  pp_fir_2_1_1_csa_tree_ADD_TC_OP_groupi3995_g1168/Y         -       B0->Y  R     AO1B2_X2M_A9PP140ZTL_C30         2  4.0    19    26     468              (-,-) 
  pp_fir_2_1_1_csa_tree_ADD_TC_OP_groupi3995_g1150/Y         -       B0N->Y F     OA21B_X3M_A9PP140ZTL_C30         3  3.9    14    10     478              (-,-) 
  pp_fir_2_1_1_csa_tree_ADD_TC_OP_groupi3995_g1142/Y         -       A0->Y  R     OAI21_X2M_A9PP140ZTL_C30         2  2.8    23    17     495              (-,-) 
  pp_fir_2_1_1_csa_tree_ADD_TC_OP_groupi3995_g1129/Y         -       A0->Y  F     AOI21_X2M_A9PP140ZTL_C30         1  1.4    18    13     508              (-,-) 
  pp_fir_2_1_1_csa_tree_ADD_TC_OP_groupi3995_g1124/Y         -       S0->Y  F     MXIT2_X1M_A9PP140ZTL_C30         1  0.8    21    20     528              (-,-) 
  pp_fir_2_1_1_sum1_14_re_1_reg[15]/D                        -       -      F     SDFFRPQA_X1M_A9PP140ZTL_C30      1    -     -     0     528   (7.6590,37.5670) 
#----------------------------------------------------------------------------------------------------------------------------------------------------------------



Path 4: MET (0 ps) Setup Check with Pin pp_fir_2_1_1_sum1_14_im_1_reg[15]/CK->D
           View: view_wcl_slow
          Group: clk
     Startpoint: (R) pp_fir_2_1_1_Delay_Pipeline_reg_im_reg[4][6]/CK
          Clock: (R) clk
       Endpoint: (F) pp_fir_2_1_1_sum1_14_im_1_reg[15]/D
          Clock: (R) clk

                     Capture       Launch     
        Clock Edge:+     500            0     
       Src Latency:+       0            0     
       Net Latency:+     200 (I)      200 (I) 
           Arrival:=     700          200     
                                              
             Setup:-      47                  
       Uncertainty:-     125                  
     Required Time:=     528                  
      Launch Clock:-     200                  
         Data Path:-     328                  
             Slack:=       0                  

#-----------------------------------------------------------------------------------------------------------------------------------------------------------------
#                       Timing Point                         Flags    Arc   Edge            Cell              Fanout Load Trans Delay Arrival       Instance      
#                                                                                                                    (fF)  (ps)  (ps)   (ps)        Location      
#-----------------------------------------------------------------------------------------------------------------------------------------------------------------
  pp_fir_2_1_1_Delay_Pipeline_reg_im_reg[4][6]/CK            -       -      R     (arrival)                     3702    -    25     0     200               (-,-) 
  pp_fir_2_1_1_Delay_Pipeline_reg_im_reg[4][6]/Q             -       CK->Q  R     DFFRPQA_X1M_A9PP140ZTL_C30       5  7.9    43    54     254   (164.4930,3.1785) 
  pp_fir_2_1_1_csa_tree_ADD_TC_OP_groupi3994_g1300/Y         -       A->Y   F     INV_X1P7M_A9PP140ZTL_C30         2  4.1    21    13     267               (-,-) 
  pp_fir_2_1_1_csa_tree_ADD_TC_OP_groupi3994_cdnfadd_008_0/S -       CI->S  R     ADDF_X1M_A9PP140ZTL_C30          1  2.1    22    47     314               (-,-) 
  pp_fir_2_1_1_csa_tree_ADD_TC_OP_groupi3994_cdnfadd_008_2/S -       CI->S  F     ADDF_X1M_A9PP140ZTL_C30          1  2.1    22    44     358               (-,-) 
  pp_fir_2_1_1_csa_tree_ADD_TC_OP_groupi3994_cdnfadd_008_3/S -       CI->S  R     ADDF_X1M_A9PP140ZTL_C30          2  3.7    30    52     410               (-,-) 
  pp_fir_2_1_1_csa_tree_ADD_TC_OP_groupi3994_g1233/Y         -       A->Y   F     NAND2_X3B_A9PP140ZTL_C30         3  3.5    20    14     424               (-,-) 
  pp_fir_2_1_1_csa_tree_ADD_TC_OP_groupi3994_g1183/Y         -       A1->Y  R     OAI21_X2M_A9PP140ZTL_C30         2  2.0    21    18     442               (-,-) 
  pp_fir_2_1_1_csa_tree_ADD_TC_OP_groupi3994_g1168/Y         -       B0->Y  R     AO1B2_X2M_A9PP140ZTL_C30         2  4.0    19    26     468               (-,-) 
  pp_fir_2_1_1_csa_tree_ADD_TC_OP_groupi3994_g1150/Y         -       B0N->Y F     OA21B_X3M_A9PP140ZTL_C30         3  3.9    14    10     478               (-,-) 
  pp_fir_2_1_1_csa_tree_ADD_TC_OP_groupi3994_g1142/Y         -       A0->Y  R     OAI21_X2M_A9PP140ZTL_C30         2  2.8    23    17     495               (-,-) 
  pp_fir_2_1_1_csa_tree_ADD_TC_OP_groupi3994_g1129/Y         -       A0->Y  F     AOI21_X2M_A9PP140ZTL_C30         1  1.4    18    13     508               (-,-) 
  pp_fir_2_1_1_csa_tree_ADD_TC_OP_groupi3994_g1124/Y         -       S0->Y  F     MXIT2_X1M_A9PP140ZTL_C30         1  0.8    21    20     528               (-,-) 
  pp_fir_2_1_1_sum1_14_im_1_reg[15]/D                        -       -      F     SDFFRPQA_X1M_A9PP140ZTL_C30      1    -     -     0     528  (164.7950,17.3485) 
#-----------------------------------------------------------------------------------------------------------------------------------------------------------------



Path 5: MET (0 ps) Setup Check with Pin pp_fir_2_1_1_sum1_11_re_1_reg[24]/CK->D
           View: view_wcl_slow
          Group: clk
     Startpoint: (R) pp_fir_2_1_1_Delay_Pipeline_reg_re_reg[10][4]/CK
          Clock: (R) clk
       Endpoint: (F) pp_fir_2_1_1_sum1_11_re_1_reg[24]/D
          Clock: (R) clk

                     Capture       Launch     
        Clock Edge:+     500            0     
       Src Latency:+       0            0     
       Net Latency:+     200 (I)      200 (I) 
           Arrival:=     700          200     
                                              
             Setup:-      14                  
       Uncertainty:-     125                  
     Required Time:=     561                  
      Launch Clock:-     200                  
         Data Path:-     361                  
             Slack:=       0                  

#-------------------------------------------------------------------------------------------------------------------------------------------------------
#                   Timing Point                     Flags   Arc   Edge            Cell             Fanout Load Trans Delay Arrival       Instance      
#                                                                                                          (fF)  (ps)  (ps)   (ps)        Location      
#-------------------------------------------------------------------------------------------------------------------------------------------------------
  pp_fir_2_1_1_Delay_Pipeline_reg_re_reg[10][4]/CK   -       -     R     (arrival)                    3702    -    25     0     200               (-,-) 
  pp_fir_2_1_1_Delay_Pipeline_reg_re_reg[10][4]/Q    -       CK->Q R     DFFRPQA_X1M_A9PP140ZTL_C30     10 14.2    74    70     270   (88.7955,20.9245) 
  pp_fir_2_1_1_csa_tree_ADD_TC_OP_groupi4001_g8785/S -       CI->S F     ADDF_X1M_A9PP140ZTL_C30         2  3.0    27    53     324               (-,-) 
  pp_fir_2_1_1_csa_tree_ADD_TC_OP_groupi4001_g8450/Y -       C->Y  F     XNOR3_X2M_A9PP140ZTL_C30        1  2.1    18    49     373               (-,-) 
  pp_fir_2_1_1_csa_tree_ADD_TC_OP_groupi4001_g8391/S -       CI->S R     ADDF_X1M_A9PP140ZTL_C30         2  2.9    27    49     422               (-,-) 
  pp_fir_2_1_1_csa_tree_ADD_TC_OP_groupi4001_g8376/Y -       A->Y  F     NAND2_X2A_A9PP140ZTL_C30        3  3.4    22    14     436               (-,-) 
  pp_fir_2_1_1_csa_tree_ADD_TC_OP_groupi4001_g8341/Y -       A1->Y R     AOI21_X2M_A9PP140ZTL_C30        2  2.4    22    19     456               (-,-) 
  pp_fir_2_1_1_csa_tree_ADD_TC_OP_groupi4001_g8327/Y -       A0->Y F     AOI21_X2M_A9PP140ZTL_C30        1  1.6    18    13     469               (-,-) 
  pp_fir_2_1_1_csa_tree_ADD_TC_OP_groupi4001_g8316/Y -       A0->Y R     OAI21_X2M_A9PP140ZTL_C30        1  2.5    24    18     487               (-,-) 
  pp_fir_2_1_1_csa_tree_ADD_TC_OP_groupi4001_g8310/Y -       B0->Y F     AOI21_X4M_A9PP140ZTL_C30        6  9.2    30    17     504               (-,-) 
  pp_fir_2_1_1_csa_tree_ADD_TC_OP_groupi4001_g8309/Y -       A->Y  R     INV_X1P7M_A9PP140ZTL_C30        2  2.0    15    13     517               (-,-) 
  pp_fir_2_1_1_csa_tree_ADD_TC_OP_groupi4001_g8288/Y -       A0->Y R     AO21B_X2M_A9PP140ZTL_C30        2  2.4    16    24     540               (-,-) 
  pp_fir_2_1_1_csa_tree_ADD_TC_OP_groupi4001_g8287/Y -       A->Y  F     INV_X1P7M_A9PP140ZTL_C30        1  1.7     9     6     547               (-,-) 
  pp_fir_2_1_1_csa_tree_ADD_TC_OP_groupi4001_g8277/Y -       S0->Y F     MXIT2_X1P4M_A9PP140ZTL_C30      1  0.8    16    14     561               (-,-) 
  pp_fir_2_1_1_sum1_11_re_1_reg[24]/D                -       -     F     SDFFRPQ_X1M_A9PP140ZTL_C30      1    -     -     0     561  (107.8310,51.3700) 
#-------------------------------------------------------------------------------------------------------------------------------------------------------



Path 6: MET (0 ps) Setup Check with Pin pp_fir_2_1_1_sum1_11_im_1_reg[24]/CK->D
           View: view_wcl_slow
          Group: clk
     Startpoint: (R) pp_fir_2_1_1_Delay_Pipeline_reg_im_reg[10][4]/CK
          Clock: (R) clk
       Endpoint: (F) pp_fir_2_1_1_sum1_11_im_1_reg[24]/D
          Clock: (R) clk

                     Capture       Launch     
        Clock Edge:+     500            0     
       Src Latency:+       0            0     
       Net Latency:+     200 (I)      200 (I) 
           Arrival:=     700          200     
                                              
             Setup:-      14                  
       Uncertainty:-     125                  
     Required Time:=     561                  
      Launch Clock:-     200                  
         Data Path:-     361                  
             Slack:=       0                  

#-------------------------------------------------------------------------------------------------------------------------------------------------------
#                   Timing Point                     Flags   Arc   Edge            Cell             Fanout Load Trans Delay Arrival       Instance      
#                                                                                                          (fF)  (ps)  (ps)   (ps)        Location      
#-------------------------------------------------------------------------------------------------------------------------------------------------------
  pp_fir_2_1_1_Delay_Pipeline_reg_im_reg[10][4]/CK   -       -     R     (arrival)                    3702    -    25     0     200               (-,-) 
  pp_fir_2_1_1_Delay_Pipeline_reg_im_reg[10][4]/Q    -       CK->Q R     DFFRPQA_X1M_A9PP140ZTL_C30     10 14.2    74    70     270  (183.2750,49.2830) 
  pp_fir_2_1_1_csa_tree_ADD_TC_OP_groupi4000_g8785/S -       CI->S F     ADDF_X1M_A9PP140ZTL_C30         2  3.0    27    53     324               (-,-) 
  pp_fir_2_1_1_csa_tree_ADD_TC_OP_groupi4000_g8450/Y -       C->Y  F     XNOR3_X2M_A9PP140ZTL_C30        1  2.1    18    49     373               (-,-) 
  pp_fir_2_1_1_csa_tree_ADD_TC_OP_groupi4000_g8391/S -       CI->S R     ADDF_X1M_A9PP140ZTL_C30         2  2.9    27    49     422               (-,-) 
  pp_fir_2_1_1_csa_tree_ADD_TC_OP_groupi4000_g8376/Y -       A->Y  F     NAND2_X2A_A9PP140ZTL_C30        3  3.4    22    14     436               (-,-) 
  pp_fir_2_1_1_csa_tree_ADD_TC_OP_groupi4000_g8341/Y -       A1->Y R     AOI21_X2M_A9PP140ZTL_C30        2  2.4    22    19     456               (-,-) 
  pp_fir_2_1_1_csa_tree_ADD_TC_OP_groupi4000_g8327/Y -       A0->Y F     AOI21_X2M_A9PP140ZTL_C30        1  1.6    18    13     469               (-,-) 
  pp_fir_2_1_1_csa_tree_ADD_TC_OP_groupi4000_g8316/Y -       A0->Y R     OAI21_X2M_A9PP140ZTL_C30        1  2.5    24    18     487               (-,-) 
  pp_fir_2_1_1_csa_tree_ADD_TC_OP_groupi4000_g8310/Y -       B0->Y F     AOI21_X4M_A9PP140ZTL_C30        6  9.2    30    17     504               (-,-) 
  pp_fir_2_1_1_csa_tree_ADD_TC_OP_groupi4000_g8309/Y -       A->Y  R     INV_X1P7M_A9PP140ZTL_C30        2  2.0    15    13     517               (-,-) 
  pp_fir_2_1_1_csa_tree_ADD_TC_OP_groupi4000_g8288/Y -       A0->Y R     AO21B_X2M_A9PP140ZTL_C30        2  2.4    16    24     540               (-,-) 
  pp_fir_2_1_1_csa_tree_ADD_TC_OP_groupi4000_g8287/Y -       A->Y  F     INV_X1P7M_A9PP140ZTL_C30        1  1.7     9     6     547               (-,-) 
  pp_fir_2_1_1_csa_tree_ADD_TC_OP_groupi4000_g8277/Y -       S0->Y F     MXIT2_X1P4M_A9PP140ZTL_C30      1  0.8    16    14     561               (-,-) 
  pp_fir_2_1_1_sum1_11_im_1_reg[24]/D                -       -     F     SDFFRPQ_X1M_A9PP140ZTL_C30      1    -     -     0     561  (170.0185,74.9235) 
#-------------------------------------------------------------------------------------------------------------------------------------------------------



Path 7: MET (0 ps) Setup Check with Pin pp_fir_2_1_1_sum1_10_im_1_reg[22]/CK->D
           View: view_wcl_slow
          Group: clk
     Startpoint: (R) pp_fir_2_1_1_Delay_Pipeline_reg_im_reg[13][6]/CK
          Clock: (R) clk
       Endpoint: (R) pp_fir_2_1_1_sum1_10_im_1_reg[22]/D
          Clock: (R) clk

                     Capture       Launch     
        Clock Edge:+     500            0     
       Src Latency:+       0            0     
       Net Latency:+     200 (I)      200 (I) 
           Arrival:=     700          200     
                                              
             Setup:-      17                  
       Uncertainty:-     125                  
     Required Time:=     558                  
      Launch Clock:-     200                  
         Data Path:-     358                  
             Slack:=       0                  

#----------------------------------------------------------------------------------------------------------------------------------------------------------
#                    Timing Point                     Flags    Arc   Edge            Cell              Fanout Load Trans Delay Arrival       Instance      
#                                                                                                             (fF)  (ps)  (ps)   (ps)        Location      
#----------------------------------------------------------------------------------------------------------------------------------------------------------
  pp_fir_2_1_1_Delay_Pipeline_reg_im_reg[13][6]/CK    -       -      R     (arrival)                     3702    -    25     0     200               (-,-) 
  pp_fir_2_1_1_Delay_Pipeline_reg_im_reg[13][6]/Q     -       CK->Q  R     SDFFRPQA_X1M_A9PP140ZTL_C30      5  6.8    38    51     251  (139.3230,53.0485) 
  pp_fir_2_1_1_csa_tree_ADD_TC_OP_groupi4002_g10144/Y -       A->Y   F     INV_X2M_A9PP140ZTL_C30           5  7.5    26    18     270               (-,-) 
  pp_fir_2_1_1_csa_tree_ADD_TC_OP_groupi4002_g10141/Y -       A->Y   R     INV_X1M_A9PP140ZTL_C30           2  3.1    25    20     290               (-,-) 
  pp_fir_2_1_1_csa_tree_ADD_TC_OP_groupi4002_g10005/Y -       A->Y   F     NOR2_X3A_A9PP140ZTL_C30          2  3.8    16    12     301               (-,-) 
  pp_fir_2_1_1_csa_tree_ADD_TC_OP_groupi4002_g2/Y     -       A0N->Y R     OA1B2_X1M_A9PP140ZTL_C30         1  3.0    35    25     327               (-,-) 
  pp_fir_2_1_1_csa_tree_ADD_TC_OP_groupi4002_g9784/CO -       A->CO  R     ADDF_X1P4M_A9PP140ZTL_C30        1  2.1    17    35     361               (-,-) 
  pp_fir_2_1_1_csa_tree_ADD_TC_OP_groupi4002_g9727/S  -       CI->S  F     ADDF_X1M_A9PP140ZTL_C30          2  2.6    25    44     406               (-,-) 
  pp_fir_2_1_1_csa_tree_ADD_TC_OP_groupi4002_g9678/Y  -       A->Y   R     XNOR3_X3M_A9PP140ZTL_C30         2  3.9    20    31     436               (-,-) 
  pp_fir_2_1_1_csa_tree_ADD_TC_OP_groupi4002_g9660/Y  -       A->Y   F     NAND2XB_X4M_A9PP140ZTL_C30       2  4.1    15    10     447               (-,-) 
  pp_fir_2_1_1_csa_tree_ADD_TC_OP_groupi4002_g9654/Y  -       A->Y   R     INV_X3P5M_A9PP140ZTL_C30         2  2.3     8     8     454               (-,-) 
  pp_fir_2_1_1_csa_tree_ADD_TC_OP_groupi4002_g9630/Y  -       A->Y   F     NOR2_X2M_A9PP140ZTL_C30          1  1.2    16     8     462               (-,-) 
  pp_fir_2_1_1_csa_tree_ADD_TC_OP_groupi4002_g9604/Y  -       BN->Y  F     NOR2XB_X4M_A9PP140ZTL_C30        2  3.8    14    24     486               (-,-) 
  pp_fir_2_1_1_csa_tree_ADD_TC_OP_groupi4002_g9595/Y  -       A0->Y  R     AOI21_X4M_A9PP140ZTL_C30         5  9.1    31    21     507               (-,-) 
  pp_fir_2_1_1_csa_tree_ADD_TC_OP_groupi4002_g9585/Y  -       A0->Y  F     OAI21B_X3M_A9PP140ZTL_C30        4  5.9    28    20     527               (-,-) 
  pp_fir_2_1_1_csa_tree_ADD_TC_OP_groupi4002_g9575/Y  -       A0->Y  R     AOI21_X2M_A9PP140ZTL_C30         1  1.7    19    17     544               (-,-) 
  pp_fir_2_1_1_csa_tree_ADD_TC_OP_groupi4002_g9568/Y  -       S0->Y  R     MXIT2_X1P4M_A9PP140ZTL_C30       1  0.8    18    14     558               (-,-) 
  pp_fir_2_1_1_sum1_10_im_1_reg[22]/D                 -       -      R     SDFFRPQ_X1M_A9PP140ZTL_C30       1    -     -     0     558  (139.8600,77.2405) 
#----------------------------------------------------------------------------------------------------------------------------------------------------------



Path 8: MET (0 ps) Setup Check with Pin pp_fir_2_1_1_sum1_9_im_1_reg[19]/CK->D
           View: view_wcl_slow
          Group: clk
     Startpoint: (R) pp_fir_2_1_1_Delay_Pipeline_reg_im_reg[15][11]/CK
          Clock: (R) clk
       Endpoint: (R) pp_fir_2_1_1_sum1_9_im_1_reg[19]/D
          Clock: (R) clk

                     Capture       Launch     
        Clock Edge:+     500            0     
       Src Latency:+       0            0     
       Net Latency:+     200 (I)      200 (I) 
           Arrival:=     700          200     
                                              
             Setup:-      17                  
       Uncertainty:-     125                  
     Required Time:=     558                  
      Launch Clock:-     200                  
         Data Path:-     358                  
             Slack:=       0                  

#---------------------------------------------------------------------------------------------------------------------------------------------------------
#                    Timing Point                     Flags   Arc   Edge            Cell              Fanout Load Trans Delay Arrival       Instance      
#                                                                                                            (fF)  (ps)  (ps)   (ps)        Location      
#---------------------------------------------------------------------------------------------------------------------------------------------------------
  pp_fir_2_1_1_Delay_Pipeline_reg_im_reg[15][11]/CK   -       -     R     (arrival)                     3702    -    25     0     200               (-,-) 
  pp_fir_2_1_1_Delay_Pipeline_reg_im_reg[15][11]/Q    -       CK->Q R     SDFFRPQA_X1M_A9PP140ZTL_C30      5  8.1    44    54     254  (112.0085,84.0940) 
  pp_fir_2_1_1_csa_tree_ADD_TC_OP_groupi4004_g11160/Y -       A->Y  F     INV_X3M_A9PP140ZTL_C30           5  7.0    22    15     269               (-,-) 
  pp_fir_2_1_1_csa_tree_ADD_TC_OP_groupi4004_g11156/Y -       A->Y  R     INV_X0P8M_A9PP140ZTL_C30         1  1.0    14    13     282               (-,-) 
  pp_fir_2_1_1_csa_tree_ADD_TC_OP_groupi4004_g11006/Y -       B->Y  F     NOR2_X1A_A9PP140ZTL_C30          1  2.9    37    16     298               (-,-) 
  pp_fir_2_1_1_csa_tree_ADD_TC_OP_groupi4004_g10795/S -       A->S  F     ADDF_X1M_A9PP140ZTL_C30          1  2.8    25    52     350               (-,-) 
  pp_fir_2_1_1_csa_tree_ADD_TC_OP_groupi4004_g10709/S -       B->S  R     ADDF_X1P4M_A9PP140ZTL_C30        2  2.6    22    52     402               (-,-) 
  pp_fir_2_1_1_csa_tree_ADD_TC_OP_groupi4004_g10702/Y -       A->Y  F     INV_X1M_A9PP140ZTL_C30           1  1.5    13    10     412               (-,-) 
  pp_fir_2_1_1_csa_tree_ADD_TC_OP_groupi4004_g11239/Y -       A0->Y R     OAI22BB_X2M_A9PP140ZTL_C30       2  2.1    28    15     427               (-,-) 
  pp_fir_2_1_1_csa_tree_ADD_TC_OP_groupi4004_g10627/Y -       BN->Y R     NAND2XB_X3M_A9PP140ZTL_C30       2  2.8    15    24     451               (-,-) 
  pp_fir_2_1_1_csa_tree_ADD_TC_OP_groupi4004_g10608/Y -       A->Y  F     NAND2_X1A_A9PP140ZTL_C30         1  1.9    22    15     466               (-,-) 
  pp_fir_2_1_1_csa_tree_ADD_TC_OP_groupi4004_g10563/Y -       A1->Y F     OA21B_X4M_A9PP140ZTL_C30         5  6.9    16    27     493               (-,-) 
  pp_fir_2_1_1_csa_tree_ADD_TC_OP_groupi4004_g10562/Y -       A->Y  R     INV_X0P8M_A9PP140ZTL_C30         1  1.0    13    11     504               (-,-) 
  pp_fir_2_1_1_csa_tree_ADD_TC_OP_groupi4004_g10550/Y -       A0->Y F     AOI21_X1M_A9PP140ZTL_C30         2  2.6    32    21     525               (-,-) 
  pp_fir_2_1_1_csa_tree_ADD_TC_OP_groupi4004_g10538/Y -       A0->Y R     OAI21_X2M_A9PP140ZTL_C30         1  1.7    23    19     544               (-,-) 
  pp_fir_2_1_1_csa_tree_ADD_TC_OP_groupi4004_g10535/Y -       S0->Y R     MXIT2_X1P4M_A9PP140ZTL_C30       1  0.8    18    15     558               (-,-) 
  pp_fir_2_1_1_sum1_9_im_1_reg[19]/D                  -       -     R     SDFFRPQ_X1M_A9PP140ZTL_C30       1    -     -     0     558  (127.4350,80.1565) 
#---------------------------------------------------------------------------------------------------------------------------------------------------------



Path 9: MET (0 ps) Setup Check with Pin pp_fir_2_1_1_sum1_6_re_1_reg[25]/CK->D
           View: view_wcl_slow
          Group: clk
     Startpoint: (R) pp_fir_2_1_1_Delay_Pipeline_reg_re_reg[21][8]/CK
          Clock: (R) clk
       Endpoint: (R) pp_fir_2_1_1_sum1_6_re_1_reg[25]/D
          Clock: (R) clk

                     Capture       Launch     
        Clock Edge:+     500            0     
       Src Latency:+       0            0     
       Net Latency:+     200 (I)      200 (I) 
           Arrival:=     700          200     
                                              
             Setup:-      17                  
       Uncertainty:-     125                  
     Required Time:=     558                  
      Launch Clock:-     200                  
         Data Path:-     358                  
             Slack:=       0                  

#---------------------------------------------------------------------------------------------------------------------------------------------------------
#                   Timing Point                     Flags    Arc   Edge            Cell              Fanout Load Trans Delay Arrival       Instance      
#                                                                                                            (fF)  (ps)  (ps)   (ps)        Location      
#---------------------------------------------------------------------------------------------------------------------------------------------------------
  pp_fir_2_1_1_Delay_Pipeline_reg_re_reg[21][8]/CK   -       -      R     (arrival)                     3702    -    25     0     200               (-,-) 
  pp_fir_2_1_1_Delay_Pipeline_reg_re_reg[21][8]/Q    -       CK->Q  R     SDFFRPQA_X1M_A9PP140ZTL_C30      9 12.8    67    67     267   (3.1415,132.2475) 
  pp_fir_2_1_1_csa_tree_ADD_TC_OP_groupi4011_g9901/Y -       A->Y   F     INV_X2M_A9PP140ZTL_C30           3  3.5    24    14     280               (-,-) 
  pp_fir_2_1_1_csa_tree_ADD_TC_OP_groupi4011_g9816/Y -       A0->Y  R     AOI22_X2M_A9PP140ZTL_C30         2  2.7    33    22     302               (-,-) 
  pp_fir_2_1_1_csa_tree_ADD_TC_OP_groupi4011_g9786/Y -       A->Y   F     INV_X1M_A9PP140ZTL_C30           1  1.7    17    12     314               (-,-) 
  pp_fir_2_1_1_csa_tree_ADD_TC_OP_groupi4011_g9748/Y -       S0->Y  F     MXIT2_X1P4M_A9PP140ZTL_C30       2  2.6    30    21     335               (-,-) 
  pp_fir_2_1_1_csa_tree_ADD_TC_OP_groupi4011_g9679/Y -       A->Y   R     XNOR3_X3M_A9PP140ZTL_C30         2  3.8    20    32     367               (-,-) 
  pp_fir_2_1_1_csa_tree_ADD_TC_OP_groupi4011_g9653/Y -       A->Y   F     INV_X3M_A9PP140ZTL_C30           2  3.1    11     8     375               (-,-) 
  pp_fir_2_1_1_csa_tree_ADD_TC_OP_groupi4011_g9627/Y -       A->Y   R     MXIT2_X1P4M_A9PP140ZTL_C30       1  2.8    28    17     392               (-,-) 
  pp_fir_2_1_1_csa_tree_ADD_TC_OP_groupi4011_g9545/S -       B->S   F     ADDF_X1M_A9PP140ZTL_C30          2  3.5    28    49     441               (-,-) 
  pp_fir_2_1_1_csa_tree_ADD_TC_OP_groupi4011_g9507/Y -       A->Y   R     NAND2_X4M_A9PP140ZTL_C30         4  5.6    21    17     458               (-,-) 
  pp_fir_2_1_1_csa_tree_ADD_TC_OP_groupi4011_g9506/Y -       A->Y   F     INV_X3M_A9PP140ZTL_C30           1  1.4     8     6     464               (-,-) 
  pp_fir_2_1_1_csa_tree_ADD_TC_OP_groupi4011_g9485/Y -       A->Y   R     NOR2_X2A_A9PP140ZTL_C30          1  3.0    20    14     478               (-,-) 
  pp_fir_2_1_1_csa_tree_ADD_TC_OP_groupi4011_g9479/Y -       B->Y   F     NAND2_X4A_A9PP140ZTL_C30         2  3.6    14    11     488               (-,-) 
  pp_fir_2_1_1_csa_tree_ADD_TC_OP_groupi4011_g9476/Y -       A->Y   R     NOR2_X2A_A9PP140ZTL_C30          1  1.0    12    10     498               (-,-) 
  pp_fir_2_1_1_csa_tree_ADD_TC_OP_groupi4011_g9460/Y -       BN->Y  R     NOR2XB_X2M_A9PP140ZTL_C30        2  2.4    20    23     521               (-,-) 
  pp_fir_2_1_1_csa_tree_ADD_TC_OP_groupi4011_g9448/Y -       A0->Y  F     AOI21_X2M_A9PP140ZTL_C30         1  1.6    22    13     534               (-,-) 
  pp_fir_2_1_1_csa_tree_ADD_TC_OP_groupi4011_g9440/Y -       B0N->Y R     AO21B_X2M_A9PP140ZTL_C30         1  1.7    14    11     545               (-,-) 
  pp_fir_2_1_1_csa_tree_ADD_TC_OP_groupi4011_g9431/Y -       S0->Y  R     MXIT2_X1P4M_A9PP140ZTL_C30       1  0.8    18    13     558               (-,-) 
  pp_fir_2_1_1_sum1_6_re_1_reg[25]/D                 -       -      R     SDFFRPQ_X1M_A9PP140ZTL_C30       1    -     -     0     558  (18.7130,154.4370) 
#---------------------------------------------------------------------------------------------------------------------------------------------------------



Path 10: MET (0 ps) Setup Check with Pin pp_fir_2_1_1_sum1_6_im_1_reg[25]/CK->D
           View: view_wcl_slow
          Group: clk
     Startpoint: (R) pp_fir_2_1_1_Delay_Pipeline_reg_im_reg[21][8]/CK
          Clock: (R) clk
       Endpoint: (R) pp_fir_2_1_1_sum1_6_im_1_reg[25]/D
          Clock: (R) clk

                     Capture       Launch     
        Clock Edge:+     500            0     
       Src Latency:+       0            0     
       Net Latency:+     200 (I)      200 (I) 
           Arrival:=     700          200     
                                              
             Setup:-      17                  
       Uncertainty:-     125                  
     Required Time:=     558                  
      Launch Clock:-     200                  
         Data Path:-     358                  
             Slack:=       0                  

#----------------------------------------------------------------------------------------------------------------------------------------------------------
#                   Timing Point                     Flags    Arc   Edge            Cell              Fanout Load Trans Delay Arrival       Instance       
#                                                                                                            (fF)  (ps)  (ps)   (ps)        Location       
#----------------------------------------------------------------------------------------------------------------------------------------------------------
  pp_fir_2_1_1_Delay_Pipeline_reg_im_reg[21][8]/CK   -       -      R     (arrival)                     3702    -    25     0     200                (-,-) 
  pp_fir_2_1_1_Delay_Pipeline_reg_im_reg[21][8]/Q    -       CK->Q  R     SDFFRPQA_X1M_A9PP140ZTL_C30      9 12.8    67    67     267  (129.2755,151.3825) 
  pp_fir_2_1_1_csa_tree_ADD_TC_OP_groupi4010_g9901/Y -       A->Y   F     INV_X2M_A9PP140ZTL_C30           3  3.5    24    14     280                (-,-) 
  pp_fir_2_1_1_csa_tree_ADD_TC_OP_groupi4010_g9816/Y -       A0->Y  R     AOI22_X2M_A9PP140ZTL_C30         2  2.7    33    22     302                (-,-) 
  pp_fir_2_1_1_csa_tree_ADD_TC_OP_groupi4010_g9786/Y -       A->Y   F     INV_X1M_A9PP140ZTL_C30           1  1.7    17    12     314                (-,-) 
  pp_fir_2_1_1_csa_tree_ADD_TC_OP_groupi4010_g9748/Y -       S0->Y  F     MXIT2_X1P4M_A9PP140ZTL_C30       2  2.6    30    21     335                (-,-) 
  pp_fir_2_1_1_csa_tree_ADD_TC_OP_groupi4010_g9679/Y -       A->Y   R     XNOR3_X3M_A9PP140ZTL_C30         2  3.8    20    32     367                (-,-) 
  pp_fir_2_1_1_csa_tree_ADD_TC_OP_groupi4010_g9653/Y -       A->Y   F     INV_X3M_A9PP140ZTL_C30           2  3.1    11     8     375                (-,-) 
  pp_fir_2_1_1_csa_tree_ADD_TC_OP_groupi4010_g9627/Y -       A->Y   R     MXIT2_X1P4M_A9PP140ZTL_C30       1  2.8    28    17     392                (-,-) 
  pp_fir_2_1_1_csa_tree_ADD_TC_OP_groupi4010_g9545/S -       B->S   F     ADDF_X1M_A9PP140ZTL_C30          2  3.5    28    49     441                (-,-) 
  pp_fir_2_1_1_csa_tree_ADD_TC_OP_groupi4010_g9507/Y -       A->Y   R     NAND2_X4M_A9PP140ZTL_C30         4  5.6    21    17     458                (-,-) 
  pp_fir_2_1_1_csa_tree_ADD_TC_OP_groupi4010_g9506/Y -       A->Y   F     INV_X3M_A9PP140ZTL_C30           1  1.4     8     6     464                (-,-) 
  pp_fir_2_1_1_csa_tree_ADD_TC_OP_groupi4010_g9485/Y -       A->Y   R     NOR2_X2A_A9PP140ZTL_C30          1  3.0    20    14     478                (-,-) 
  pp_fir_2_1_1_csa_tree_ADD_TC_OP_groupi4010_g9479/Y -       B->Y   F     NAND2_X4A_A9PP140ZTL_C30         2  3.6    14    11     488                (-,-) 
  pp_fir_2_1_1_csa_tree_ADD_TC_OP_groupi4010_g9476/Y -       A->Y   R     NOR2_X2A_A9PP140ZTL_C30          1  1.0    12    10     498                (-,-) 
  pp_fir_2_1_1_csa_tree_ADD_TC_OP_groupi4010_g9460/Y -       BN->Y  R     NOR2XB_X2M_A9PP140ZTL_C30        2  2.4    20    23     521                (-,-) 
  pp_fir_2_1_1_csa_tree_ADD_TC_OP_groupi4010_g9448/Y -       A0->Y  F     AOI21_X2M_A9PP140ZTL_C30         1  1.6    22    13     534                (-,-) 
  pp_fir_2_1_1_csa_tree_ADD_TC_OP_groupi4010_g9440/Y -       B0N->Y R     AO21B_X2M_A9PP140ZTL_C30         1  1.7    14    11     545                (-,-) 
  pp_fir_2_1_1_csa_tree_ADD_TC_OP_groupi4010_g9431/Y -       S0->Y  R     MXIT2_X1P4M_A9PP140ZTL_C30       1  0.8    18    13     558                (-,-) 
  pp_fir_2_1_1_sum1_6_im_1_reg[25]/D                 -       -      R     SDFFRPQ_X1M_A9PP140ZTL_C30       1    -     -     0     558  (141.7690,123.7325) 
#----------------------------------------------------------------------------------------------------------------------------------------------------------



Path 11: MET (0 ps) Setup Check with Pin pp_fir_2_1_1_sum1_3_re_1_reg[15]/CK->D
           View: view_wcl_slow
          Group: clk
     Startpoint: (R) pp_fir_2_1_1_Delay_Pipeline_reg_re_reg[27][1]/CK
          Clock: (R) clk
       Endpoint: (F) pp_fir_2_1_1_sum1_3_re_1_reg[15]/D
          Clock: (R) clk

                     Capture       Launch     
        Clock Edge:+     500            0     
       Src Latency:+       0            0     
       Net Latency:+     200 (I)      200 (I) 
           Arrival:=     700          200     
                                              
             Setup:-      47                  
       Uncertainty:-     125                  
     Required Time:=     528                  
      Launch Clock:-     200                  
         Data Path:-     328                  
             Slack:=       0                  

#-----------------------------------------------------------------------------------------------------------------------------------------------------------
#                    Timing Point                      Flags    Arc   Edge            Cell              Fanout Load Trans Delay Arrival       Instance      
#                                                                                                              (fF)  (ps)  (ps)   (ps)        Location      
#-----------------------------------------------------------------------------------------------------------------------------------------------------------
  pp_fir_2_1_1_Delay_Pipeline_reg_re_reg[27][1]/CK     -       -      R     (arrival)                     3702    -    25     0     200               (-,-) 
  pp_fir_2_1_1_Delay_Pipeline_reg_re_reg[27][1]/Q      -       CK->Q  F     SDFFRPQ_X1M_A9PP140ZTL_C30       3  3.0    16    58     258  (89.9040,121.1750) 
  pp_fir_2_1_1_csa_tree_ADD_TC_OP_groupi4017_g1411/Y   -       A->Y   R     INV_X2M_A9PP140ZTL_C30           2  4.4    17    14     272               (-,-) 
  pp_fir_2_1_1_csa_tree_ADD_TC_OP_groupi4017_g1391/CO  -       B->CO  R     ADDF_X1P4M_A9PP140ZTL_C30        2  2.6    18    33     304               (-,-) 
  pp_fir_2_1_1_csa_tree_ADD_TC_OP_groupi4017_g1390/Y   -       A->Y   F     INV_X1P4M_A9PP140ZTL_C30         1  1.6    10     7     311               (-,-) 
  pp_fir_2_1_1_csa_tree_ADD_TC_OP_groupi4017_g1388/Y   -       A0->Y  R     OAI21_X2M_A9PP140ZTL_C30         1  2.1    24    14     325               (-,-) 
  pp_fir_2_1_1_csa_tree_ADD_TC_OP_groupi4017_g1382/CO  -       CI->CO R     ADDF_X2M_A9PP140ZTL_C30          2  4.1    20    35     360               (-,-) 
  pp_fir_2_1_1_csa_tree_ADD_TC_OP_groupi4017_g1380/CON -       B->CON F     CGENI_X2M_A9PP140ZTL_C30         2  2.7    28    18     378               (-,-) 
  pp_fir_2_1_1_csa_tree_ADD_TC_OP_groupi4017_g1365/Y   -       A1->Y  R     OAI21_X2M_A9PP140ZTL_C30         2  2.7    24    21     400               (-,-) 
  pp_fir_2_1_1_csa_tree_ADD_TC_OP_groupi4017_g1360/Y   -       A0->Y  F     AOI21_X2M_A9PP140ZTL_C30         2  3.1    25    18     417               (-,-) 
  pp_fir_2_1_1_csa_tree_ADD_TC_OP_groupi4017_g1282/Y   -       A0->Y  R     OAI21_X3M_A9PP140ZTL_C30         3  4.6    26    21     438               (-,-) 
  pp_fir_2_1_1_csa_tree_ADD_TC_OP_groupi4017_g1261/Y   -       B->Y   F     NAND3_X4M_A9PP140ZTL_C30         2  3.4    22    15     453               (-,-) 
  pp_fir_2_1_1_csa_tree_ADD_TC_OP_groupi4017_g1253/Y   -       A->Y   R     NOR2_X4A_A9PP140ZTL_C30          4  5.0    19    15     468               (-,-) 
  pp_fir_2_1_1_csa_tree_ADD_TC_OP_groupi4017_g1250/Y   -       B->Y   F     NOR2_X2A_A9PP140ZTL_C30          2  2.9    17    13     481               (-,-) 
  pp_fir_2_1_1_csa_tree_ADD_TC_OP_groupi4017_g1238/Y   -       A0->Y  R     OAI21_X2M_A9PP140ZTL_C30         1  1.5    18    15     496               (-,-) 
  pp_fir_2_1_1_csa_tree_ADD_TC_OP_groupi4017_g1227/Y   -       A0->Y  F     AOI21_X2M_A9PP140ZTL_C30         1  1.4    17    12     508               (-,-) 
  pp_fir_2_1_1_csa_tree_ADD_TC_OP_groupi4017_g1226/Y   -       S0->Y  F     MXIT2_X1M_A9PP140ZTL_C30         1  0.8    21    19     528               (-,-) 
  pp_fir_2_1_1_sum1_3_re_1_reg[15]/D                   -       -      F     SDFFRPQA_X1M_A9PP140ZTL_C30      1    -     -     0     528  (81.4720,142.2545) 
#-----------------------------------------------------------------------------------------------------------------------------------------------------------



Path 12: MET (0 ps) Setup Check with Pin pp_fir_2_1_1_sum1_3_im_1_reg[15]/CK->D
           View: view_wcl_slow
          Group: clk
     Startpoint: (R) pp_fir_2_1_1_Delay_Pipeline_reg_im_reg[27][1]/CK
          Clock: (R) clk
       Endpoint: (F) pp_fir_2_1_1_sum1_3_im_1_reg[15]/D
          Clock: (R) clk

                     Capture       Launch     
        Clock Edge:+     500            0     
       Src Latency:+       0            0     
       Net Latency:+     200 (I)      200 (I) 
           Arrival:=     700          200     
                                              
             Setup:-      47                  
       Uncertainty:-     125                  
     Required Time:=     528                  
      Launch Clock:-     200                  
         Data Path:-     328                  
             Slack:=       0                  

#------------------------------------------------------------------------------------------------------------------------------------------------------------
#                    Timing Point                      Flags    Arc   Edge            Cell              Fanout Load Trans Delay Arrival       Instance       
#                                                                                                              (fF)  (ps)  (ps)   (ps)        Location       
#------------------------------------------------------------------------------------------------------------------------------------------------------------
  pp_fir_2_1_1_Delay_Pipeline_reg_im_reg[27][1]/CK     -       -      R     (arrival)                     3702    -    25     0     200                (-,-) 
  pp_fir_2_1_1_Delay_Pipeline_reg_im_reg[27][1]/Q      -       CK->Q  F     SDFFRPQ_X1M_A9PP140ZTL_C30       3  3.0    16    58     258  (200.8455,108.0245) 
  pp_fir_2_1_1_csa_tree_ADD_TC_OP_groupi4016_g1411/Y   -       A->Y   R     INV_X2M_A9PP140ZTL_C30           2  4.4    17    14     272                (-,-) 
  pp_fir_2_1_1_csa_tree_ADD_TC_OP_groupi4016_g1391/CO  -       B->CO  R     ADDF_X1P4M_A9PP140ZTL_C30        2  2.6    18    33     304                (-,-) 
  pp_fir_2_1_1_csa_tree_ADD_TC_OP_groupi4016_g1390/Y   -       A->Y   F     INV_X1P4M_A9PP140ZTL_C30         1  1.6    10     7     311                (-,-) 
  pp_fir_2_1_1_csa_tree_ADD_TC_OP_groupi4016_g1388/Y   -       A0->Y  R     OAI21_X2M_A9PP140ZTL_C30         1  2.1    24    14     325                (-,-) 
  pp_fir_2_1_1_csa_tree_ADD_TC_OP_groupi4016_g1382/CO  -       CI->CO R     ADDF_X2M_A9PP140ZTL_C30          2  4.1    20    35     360                (-,-) 
  pp_fir_2_1_1_csa_tree_ADD_TC_OP_groupi4016_g1380/CON -       B->CON F     CGENI_X2M_A9PP140ZTL_C30         2  2.7    28    18     378                (-,-) 
  pp_fir_2_1_1_csa_tree_ADD_TC_OP_groupi4016_g1365/Y   -       A1->Y  R     OAI21_X2M_A9PP140ZTL_C30         2  2.7    24    21     400                (-,-) 
  pp_fir_2_1_1_csa_tree_ADD_TC_OP_groupi4016_g1360/Y   -       A0->Y  F     AOI21_X2M_A9PP140ZTL_C30         2  3.1    25    18     417                (-,-) 
  pp_fir_2_1_1_csa_tree_ADD_TC_OP_groupi4016_g1282/Y   -       A0->Y  R     OAI21_X3M_A9PP140ZTL_C30         3  4.6    26    21     438                (-,-) 
  pp_fir_2_1_1_csa_tree_ADD_TC_OP_groupi4016_g1261/Y   -       B->Y   F     NAND3_X4M_A9PP140ZTL_C30         2  3.4    22    15     453                (-,-) 
  pp_fir_2_1_1_csa_tree_ADD_TC_OP_groupi4016_g1253/Y   -       A->Y   R     NOR2_X4A_A9PP140ZTL_C30          4  5.0    19    15     468                (-,-) 
  pp_fir_2_1_1_csa_tree_ADD_TC_OP_groupi4016_g1250/Y   -       B->Y   F     NOR2_X2A_A9PP140ZTL_C30          2  2.9    17    13     481                (-,-) 
  pp_fir_2_1_1_csa_tree_ADD_TC_OP_groupi4016_g1238/Y   -       A0->Y  R     OAI21_X2M_A9PP140ZTL_C30         1  1.5    18    15     496                (-,-) 
  pp_fir_2_1_1_csa_tree_ADD_TC_OP_groupi4016_g1227/Y   -       A0->Y  F     AOI21_X2M_A9PP140ZTL_C30         1  1.4    17    12     508                (-,-) 
  pp_fir_2_1_1_csa_tree_ADD_TC_OP_groupi4016_g1226/Y   -       S0->Y  F     MXIT2_X1M_A9PP140ZTL_C30         1  0.8    21    19     528                (-,-) 
  pp_fir_2_1_1_sum1_3_im_1_reg[15]/D                   -       -      F     SDFFRPQA_X1M_A9PP140ZTL_C30      1    -     -     0     528  (180.7670,124.3890) 
#------------------------------------------------------------------------------------------------------------------------------------------------------------



Path 13: MET (0 ps) Setup Check with Pin pp_fir_2_1_1_sum1_10_re_1_reg[22]/CK->D
           View: view_wcl_slow
          Group: clk
     Startpoint: (R) pp_fir_2_1_1_Delay_Pipeline_reg_re_reg[13][8]/CK
          Clock: (R) clk
       Endpoint: (R) pp_fir_2_1_1_sum1_10_re_1_reg[22]/D
          Clock: (R) clk

                     Capture       Launch     
        Clock Edge:+     500            0     
       Src Latency:+       0            0     
       Net Latency:+     200 (I)      200 (I) 
           Arrival:=     700          200     
                                              
             Setup:-      17                  
       Uncertainty:-     125                  
     Required Time:=     558                  
      Launch Clock:-     200                  
         Data Path:-     358                  
             Slack:=       0                  

#----------------------------------------------------------------------------------------------------------------------------------------------------------
#                    Timing Point                      Flags    Arc   Edge            Cell              Fanout Load Trans Delay Arrival      Instance      
#                                                                                                              (fF)  (ps)  (ps)   (ps)       Location      
#----------------------------------------------------------------------------------------------------------------------------------------------------------
  pp_fir_2_1_1_Delay_Pipeline_reg_re_reg[13][8]/CK     -       -      R     (arrival)                     3702    -    25     0     200              (-,-) 
  pp_fir_2_1_1_Delay_Pipeline_reg_re_reg[13][8]/Q      -       CK->Q  R     SDFFRPQA_X1M_A9PP140ZTL_C30      8  9.8    52    59     259  (93.4845,49.0930) 
  pp_fir_2_1_1_csa_tree_ADD_TC_OP_groupi4003_g10083/Y  -       A->Y   F     INV_X1P7M_A9PP140ZTL_C30         2  3.7    22    13     272              (-,-) 
  pp_fir_2_1_1_csa_tree_ADD_TC_OP_groupi4003_g10082/Y  -       A->Y   R     INV_X3M_A9PP140ZTL_C30           2  4.3    14    13     285              (-,-) 
  pp_fir_2_1_1_csa_tree_ADD_TC_OP_groupi4003_g9895/Y   -       B->Y   R     XOR3_X2M_A9PP140ZTL_C30          2  4.4    24    46     330              (-,-) 
  pp_fir_2_1_1_csa_tree_ADD_TC_OP_groupi4003_g9789/CON -       B->CON F     CGENI_X2M_A9PP140ZTL_C30         2  2.7    29    19     349              (-,-) 
  pp_fir_2_1_1_csa_tree_ADD_TC_OP_groupi4003_g9768/Y   -       A->Y   R     INV_X1M_A9PP140ZTL_C30           1  2.1    20    17     366              (-,-) 
  pp_fir_2_1_1_csa_tree_ADD_TC_OP_groupi4003_g9740/Y   -       B->Y   R     XNOR3_X3M_A9PP140ZTL_C30         2  4.2    20    42     408              (-,-) 
  pp_fir_2_1_1_csa_tree_ADD_TC_OP_groupi4003_g9712/Y   -       A->Y   F     INV_X1P4M_A9PP140ZTL_C30         1  1.6    10     7     415              (-,-) 
  pp_fir_2_1_1_csa_tree_ADD_TC_OP_groupi4003_g9690/Y   -       A->Y   R     XNOR3_X2M_A9PP140ZTL_C30         2  2.5    19    27     442              (-,-) 
  pp_fir_2_1_1_csa_tree_ADD_TC_OP_groupi4003_g9666/Y   -       A->Y   F     NAND2_X2A_A9PP140ZTL_C30         3  3.9    22    14     456              (-,-) 
  pp_fir_2_1_1_csa_tree_ADD_TC_OP_groupi4003_g9621/Y   -       A0->Y  R     AOI21_X2M_A9PP140ZTL_C30         1  1.5    18    15     471              (-,-) 
  pp_fir_2_1_1_csa_tree_ADD_TC_OP_groupi4003_g9605/Y   -       B0->Y  F     OAI21_X2M_A9PP140ZTL_C30         1  2.3    19    13     485              (-,-) 
  pp_fir_2_1_1_csa_tree_ADD_TC_OP_groupi4003_g9595/Y   -       B0->Y  R     AOI21_X4M_A9PP140ZTL_C30         5  9.1    31    22     507              (-,-) 
  pp_fir_2_1_1_csa_tree_ADD_TC_OP_groupi4003_g9585/Y   -       A0->Y  F     OAI21B_X3M_A9PP140ZTL_C30        4  5.9    28    20     527              (-,-) 
  pp_fir_2_1_1_csa_tree_ADD_TC_OP_groupi4003_g9575/Y   -       A0->Y  R     AOI21_X2M_A9PP140ZTL_C30         1  1.7    19    17     544              (-,-) 
  pp_fir_2_1_1_csa_tree_ADD_TC_OP_groupi4003_g9568/Y   -       S0->Y  R     MXIT2_X1P4M_A9PP140ZTL_C30       1  0.8    18    14     558              (-,-) 
  pp_fir_2_1_1_sum1_10_re_1_reg[22]/D                  -       -      R     SDFFRPQ_X1M_A9PP140ZTL_C30       1    -     -     0     558  (90.1345,74.8075) 
#----------------------------------------------------------------------------------------------------------------------------------------------------------



Path 14: MET (0 ps) Setup Check with Pin pp_fir_2_1_1_sum1_10_re_1_reg[19]/CK->D
           View: view_wcl_slow
          Group: clk
     Startpoint: (R) pp_fir_2_1_1_Delay_Pipeline_reg_re_reg[13][8]/CK
          Clock: (R) clk
       Endpoint: (R) pp_fir_2_1_1_sum1_10_re_1_reg[19]/D
          Clock: (R) clk

                     Capture       Launch     
        Clock Edge:+     500            0     
       Src Latency:+       0            0     
       Net Latency:+     200 (I)      200 (I) 
           Arrival:=     700          200     
                                              
             Setup:-      17                  
       Uncertainty:-     125                  
     Required Time:=     558                  
      Launch Clock:-     200                  
         Data Path:-     358                  
             Slack:=       0                  

#----------------------------------------------------------------------------------------------------------------------------------------------------------
#                    Timing Point                      Flags    Arc   Edge            Cell              Fanout Load Trans Delay Arrival      Instance      
#                                                                                                              (fF)  (ps)  (ps)   (ps)       Location      
#----------------------------------------------------------------------------------------------------------------------------------------------------------
  pp_fir_2_1_1_Delay_Pipeline_reg_re_reg[13][8]/CK     -       -      R     (arrival)                     3702    -    25     0     200              (-,-) 
  pp_fir_2_1_1_Delay_Pipeline_reg_re_reg[13][8]/Q      -       CK->Q  R     SDFFRPQA_X1M_A9PP140ZTL_C30      8  9.8    52    59     259  (93.4845,49.0930) 
  pp_fir_2_1_1_csa_tree_ADD_TC_OP_groupi4003_g10083/Y  -       A->Y   F     INV_X1P7M_A9PP140ZTL_C30         2  3.7    22    13     272              (-,-) 
  pp_fir_2_1_1_csa_tree_ADD_TC_OP_groupi4003_g10082/Y  -       A->Y   R     INV_X3M_A9PP140ZTL_C30           2  4.3    14    13     285              (-,-) 
  pp_fir_2_1_1_csa_tree_ADD_TC_OP_groupi4003_g9895/Y   -       B->Y   R     XOR3_X2M_A9PP140ZTL_C30          2  4.4    24    46     330              (-,-) 
  pp_fir_2_1_1_csa_tree_ADD_TC_OP_groupi4003_g9789/CON -       B->CON F     CGENI_X2M_A9PP140ZTL_C30         2  2.7    29    19     349              (-,-) 
  pp_fir_2_1_1_csa_tree_ADD_TC_OP_groupi4003_g9768/Y   -       A->Y   R     INV_X1M_A9PP140ZTL_C30           1  2.1    20    17     366              (-,-) 
  pp_fir_2_1_1_csa_tree_ADD_TC_OP_groupi4003_g9740/Y   -       B->Y   R     XNOR3_X3M_A9PP140ZTL_C30         2  4.2    20    42     408              (-,-) 
  pp_fir_2_1_1_csa_tree_ADD_TC_OP_groupi4003_g9712/Y   -       A->Y   F     INV_X1P4M_A9PP140ZTL_C30         1  1.6    10     7     415              (-,-) 
  pp_fir_2_1_1_csa_tree_ADD_TC_OP_groupi4003_g9690/Y   -       A->Y   R     XNOR3_X2M_A9PP140ZTL_C30         2  2.5    19    27     442              (-,-) 
  pp_fir_2_1_1_csa_tree_ADD_TC_OP_groupi4003_g9666/Y   -       A->Y   F     NAND2_X2A_A9PP140ZTL_C30         3  3.9    22    14     456              (-,-) 
  pp_fir_2_1_1_csa_tree_ADD_TC_OP_groupi4003_g9621/Y   -       A0->Y  R     AOI21_X2M_A9PP140ZTL_C30         1  1.5    18    15     471              (-,-) 
  pp_fir_2_1_1_csa_tree_ADD_TC_OP_groupi4003_g9605/Y   -       B0->Y  F     OAI21_X2M_A9PP140ZTL_C30         1  2.3    19    13     485              (-,-) 
  pp_fir_2_1_1_csa_tree_ADD_TC_OP_groupi4003_g9595/Y   -       B0->Y  R     AOI21_X4M_A9PP140ZTL_C30         5  9.1    31    22     507              (-,-) 
  pp_fir_2_1_1_csa_tree_ADD_TC_OP_groupi4003_g9587/Y   -       A0->Y  F     OAI21B_X2M_A9PP140ZTL_C30        2  2.0    19    15     522              (-,-) 
  pp_fir_2_1_1_csa_tree_ADD_TC_OP_groupi4003_g9577/Y   -       A0->Y  R     AOI21_X1M_A9PP140ZTL_C30         1  1.7    28    21     542              (-,-) 
  pp_fir_2_1_1_csa_tree_ADD_TC_OP_groupi4003_g9570/Y   -       S0->Y  R     MXIT2_X1P4M_A9PP140ZTL_C30       1  0.8    17    16     558              (-,-) 
  pp_fir_2_1_1_sum1_10_re_1_reg[19]/D                  -       -      R     SDFFRPQ_X1M_A9PP140ZTL_C30       1    -     -     0     558  (84.2530,70.6370) 
#----------------------------------------------------------------------------------------------------------------------------------------------------------



Path 15: MET (0 ps) Setup Check with Pin pp_fir_2_1_1_sum1_9_re_1_reg[30]/CK->D
           View: view_wcl_slow
          Group: clk
     Startpoint: (R) pp_fir_2_1_1_Delay_Pipeline_reg_re_reg[15][11]/CK
          Clock: (R) clk
       Endpoint: (R) pp_fir_2_1_1_sum1_9_re_1_reg[30]/D
          Clock: (R) clk

                     Capture       Launch     
        Clock Edge:+     500            0     
       Src Latency:+       0            0     
       Net Latency:+     200 (I)      200 (I) 
           Arrival:=     700          200     
                                              
             Setup:-      17                  
       Uncertainty:-     125                  
     Required Time:=     558                  
      Launch Clock:-     200                  
         Data Path:-     358                  
             Slack:=       0                  

#----------------------------------------------------------------------------------------------------------------------------------------------------------
#                    Timing Point                      Flags    Arc   Edge            Cell              Fanout Load Trans Delay Arrival      Instance      
#                                                                                                              (fF)  (ps)  (ps)   (ps)       Location      
#----------------------------------------------------------------------------------------------------------------------------------------------------------
  pp_fir_2_1_1_Delay_Pipeline_reg_re_reg[15][11]/CK    -       -      R     (arrival)                     3702    -    25     0     200              (-,-) 
  pp_fir_2_1_1_Delay_Pipeline_reg_re_reg[15][11]/Q     -       CK->Q  R     SDFFRPQA_X1M_A9PP140ZTL_C30      6  9.0    48    57     257  (34.7615,69.9540) 
  pp_fir_2_1_1_csa_tree_ADD_TC_OP_groupi4005_g11160/Y  -       A->Y   F     INV_X3M_A9PP140ZTL_C30           4  5.3    20    13     270              (-,-) 
  pp_fir_2_1_1_csa_tree_ADD_TC_OP_groupi4005_g11001/Y  -       B->Y   F     AND2_X1M_A9PP140ZTL_C30          1  2.7    18    28     298              (-,-) 
  pp_fir_2_1_1_csa_tree_ADD_TC_OP_groupi4005_g10792/CO -       B->CO  F     ADDF_X2M_A9PP140ZTL_C30          1  2.8    17    33     331              (-,-) 
  pp_fir_2_1_1_csa_tree_ADD_TC_OP_groupi4005_g10708/CO -       B->CO  F     ADDF_X1P4M_A9PP140ZTL_C30        2  2.6    17    32     364              (-,-) 
  pp_fir_2_1_1_csa_tree_ADD_TC_OP_groupi4005_g10689/CO -       CI->CO F     CGEN_X1M_A9PP140ZTL_C30          1  2.7    19    28     391              (-,-) 
  pp_fir_2_1_1_csa_tree_ADD_TC_OP_groupi4005_g10617/CO -       B->CO  F     ADDF_X2M_A9PP140ZTL_C30          2  2.6    15    33     425              (-,-) 
  pp_fir_2_1_1_csa_tree_ADD_TC_OP_groupi4005_g10601/Y  -       BN->Y  F     NOR2XB_X3M_A9PP140ZTL_C30        3  3.3    15    23     448              (-,-) 
  pp_fir_2_1_1_csa_tree_ADD_TC_OP_groupi4005_g10578/Y  -       A0->Y  R     AOI21_X2M_A9PP140ZTL_C30         2  2.6    22    17     465              (-,-) 
  pp_fir_2_1_1_csa_tree_ADD_TC_OP_groupi4005_g10561/Y  -       A0->Y  F     OAI21_X2M_A9PP140ZTL_C30         2  2.5    20    14     479              (-,-) 
  pp_fir_2_1_1_csa_tree_ADD_TC_OP_groupi4005_g10548/Y  -       A0->Y  R     AOI21_X2M_A9PP140ZTL_C30         1  2.0    19    16     496              (-,-) 
  pp_fir_2_1_1_csa_tree_ADD_TC_OP_groupi4005_g10546/Y  -       B0->Y  F     OAI21_X3M_A9PP140ZTL_C30         1  3.6    20    14     510              (-,-) 
  pp_fir_2_1_1_csa_tree_ADD_TC_OP_groupi4005_g10540/Y  -       A->Y   R     NOR2_X6A_A9PP140ZTL_C30          6  9.4    22    16     526              (-,-) 
  pp_fir_2_1_1_csa_tree_ADD_TC_OP_groupi4005_g10529/Y  -       A0->Y  F     OAI21_X2M_A9PP140ZTL_C30         2  2.7    22    15     542              (-,-) 
  pp_fir_2_1_1_csa_tree_ADD_TC_OP_groupi4005_g10524/Y  -       A0->Y  R     AOI21_X1M_A9PP140ZTL_C30         1  0.8    22    17     558              (-,-) 
  pp_fir_2_1_1_sum1_9_re_1_reg[30]/D                   -       -      R     SDFFRPQ_X1M_A9PP140ZTL_C30       1    -     -     0     558  (61.6920,81.9715) 
#----------------------------------------------------------------------------------------------------------------------------------------------------------



Path 16: MET (0 ps) Setup Check with Pin pp_fir_2_1_1_sum1_8_re_1_reg[26]/CK->D
           View: view_wcl_slow
          Group: clk
     Startpoint: (R) pp_fir_2_1_1_Delay_Pipeline_reg_re_reg[17][9]/CK
          Clock: (R) clk
       Endpoint: (F) pp_fir_2_1_1_sum1_8_re_1_reg[26]/D
          Clock: (R) clk

                     Capture       Launch     
        Clock Edge:+     500            0     
       Src Latency:+       0            0     
       Net Latency:+     200 (I)      200 (I) 
           Arrival:=     700          200     
                                              
             Setup:-      15                  
       Uncertainty:-     125                  
     Required Time:=     560                  
      Launch Clock:-     200                  
         Data Path:-     360                  
             Slack:=       0                  

#---------------------------------------------------------------------------------------------------------------------------------------------------------
#                    Timing Point                     Flags    Arc   Edge            Cell              Fanout Load Trans Delay Arrival      Instance      
#                                                                                                             (fF)  (ps)  (ps)   (ps)       Location      
#---------------------------------------------------------------------------------------------------------------------------------------------------------
  pp_fir_2_1_1_Delay_Pipeline_reg_re_reg[17][9]/CK    -       -      R     (arrival)                     3702    -    25     0     200              (-,-) 
  pp_fir_2_1_1_Delay_Pipeline_reg_re_reg[17][9]/Q     -       CK->Q  R     SDFFRPQA_X1M_A9PP140ZTL_C30      7 12.6    66    66     266  (21.2215,68.4090) 
  pp_fir_2_1_1_csa_tree_ADD_TC_OP_groupi4007_g10093/Y -       A->Y   F     INV_X1P7M_A9PP140ZTL_C30         2  2.5    22    11     277              (-,-) 
  pp_fir_2_1_1_csa_tree_ADD_TC_OP_groupi4007_g9934/Y  -       A->Y   R     NAND2_X2M_A9PP140ZTL_C30         3  3.4    27    17     294              (-,-) 
  pp_fir_2_1_1_csa_tree_ADD_TC_OP_groupi4007_g9861/Y  -       A->Y   F     XOR3_X2M_A9PP140ZTL_C30          1  2.1    19    26     321              (-,-) 
  pp_fir_2_1_1_csa_tree_ADD_TC_OP_groupi4007_g9748/S  -       CI->S  R     ADDF_X1M_A9PP140ZTL_C30          2  2.6    25    48     369              (-,-) 
  pp_fir_2_1_1_csa_tree_ADD_TC_OP_groupi4007_g9687/Y  -       B->Y   R     XOR3_X2M_A9PP140ZTL_C30          2  3.4    21    46     415              (-,-) 
  pp_fir_2_1_1_csa_tree_ADD_TC_OP_groupi4007_g9626/Y  -       B->Y   F     NAND2_X3B_A9PP140ZTL_C30         4  5.3    24    16     430              (-,-) 
  pp_fir_2_1_1_csa_tree_ADD_TC_OP_groupi4007_g9625/Y  -       A->Y   R     INV_X1P7M_A9PP140ZTL_C30         1  1.8    13    11     441              (-,-) 
  pp_fir_2_1_1_csa_tree_ADD_TC_OP_groupi4007_g9569/Y  -       A1->Y  F     OAI21_X2M_A9PP140ZTL_C30         2  2.9    20    16     457              (-,-) 
  pp_fir_2_1_1_csa_tree_ADD_TC_OP_groupi4007_g9552/Y  -       A0->Y  R     AOI21_X2M_A9PP140ZTL_C30         2  2.5    21    18     475              (-,-) 
  pp_fir_2_1_1_csa_tree_ADD_TC_OP_groupi4007_g9537/Y  -       A0->Y  F     OAI21_X2M_A9PP140ZTL_C30         1  1.4    20    12     486              (-,-) 
  pp_fir_2_1_1_csa_tree_ADD_TC_OP_groupi4007_g9527/Y  -       B0->Y  R     AOI21_X2M_A9PP140ZTL_C30         1  1.5    18    14     500              (-,-) 
  pp_fir_2_1_1_csa_tree_ADD_TC_OP_groupi4007_g9521/Y  -       B0N->Y F     AO21B_X2M_A9PP140ZTL_C30         2  3.0    19    13     513              (-,-) 
  pp_fir_2_1_1_csa_tree_ADD_TC_OP_groupi4007_g9515/Y  -       A->Y   R     NAND2_X2M_A9PP140ZTL_C30         2  2.6    22    15     528              (-,-) 
  pp_fir_2_1_1_csa_tree_ADD_TC_OP_groupi4007_g9508/Y  -       A->Y   F     NAND2_X1A_A9PP140ZTL_C30         1  1.7    22    15     543              (-,-) 
  pp_fir_2_1_1_csa_tree_ADD_TC_OP_groupi4007_g9502/Y  -       S0->Y  F     MXIT2_X1P4M_A9PP140ZTL_C30       1  0.8    18    18     560              (-,-) 
  pp_fir_2_1_1_sum1_8_re_1_reg[26]/D                  -       -      F     SDFFRPQ_X1M_A9PP140ZTL_C30       1    -     -     0     560  (29.1450,95.0935) 
#---------------------------------------------------------------------------------------------------------------------------------------------------------



Path 17: MET (0 ps) Setup Check with Pin pp_fir_2_1_1_sum1_8_im_1_reg[26]/CK->D
           View: view_wcl_slow
          Group: clk
     Startpoint: (R) pp_fir_2_1_1_Delay_Pipeline_reg_im_reg[17][9]/CK
          Clock: (R) clk
       Endpoint: (F) pp_fir_2_1_1_sum1_8_im_1_reg[26]/D
          Clock: (R) clk

                     Capture       Launch     
        Clock Edge:+     500            0     
       Src Latency:+       0            0     
       Net Latency:+     200 (I)      200 (I) 
           Arrival:=     700          200     
                                              
             Setup:-      15                  
       Uncertainty:-     125                  
     Required Time:=     560                  
      Launch Clock:-     200                  
         Data Path:-     360                  
             Slack:=       0                  

#-----------------------------------------------------------------------------------------------------------------------------------------------------------
#                    Timing Point                     Flags    Arc   Edge            Cell              Fanout Load Trans Delay Arrival       Instance       
#                                                                                                             (fF)  (ps)  (ps)   (ps)        Location       
#-----------------------------------------------------------------------------------------------------------------------------------------------------------
  pp_fir_2_1_1_Delay_Pipeline_reg_im_reg[17][9]/CK    -       -      R     (arrival)                     3702    -    25     0     200                (-,-) 
  pp_fir_2_1_1_Delay_Pipeline_reg_im_reg[17][9]/Q     -       CK->Q  R     SDFFRPQA_X1M_A9PP140ZTL_C30      7 12.6    66    66     266  (102.3060,109.2600) 
  pp_fir_2_1_1_csa_tree_ADD_TC_OP_groupi4006_g10093/Y -       A->Y   F     INV_X1P7M_A9PP140ZTL_C30         2  2.5    22    11     277                (-,-) 
  pp_fir_2_1_1_csa_tree_ADD_TC_OP_groupi4006_g9934/Y  -       A->Y   R     NAND2_X2M_A9PP140ZTL_C30         3  3.4    27    17     294                (-,-) 
  pp_fir_2_1_1_csa_tree_ADD_TC_OP_groupi4006_g9861/Y  -       A->Y   F     XOR3_X2M_A9PP140ZTL_C30          1  2.1    19    26     321                (-,-) 
  pp_fir_2_1_1_csa_tree_ADD_TC_OP_groupi4006_g9748/S  -       CI->S  R     ADDF_X1M_A9PP140ZTL_C30          2  2.6    25    48     369                (-,-) 
  pp_fir_2_1_1_csa_tree_ADD_TC_OP_groupi4006_g9687/Y  -       B->Y   R     XOR3_X2M_A9PP140ZTL_C30          2  3.4    21    46     415                (-,-) 
  pp_fir_2_1_1_csa_tree_ADD_TC_OP_groupi4006_g9626/Y  -       B->Y   F     NAND2_X3B_A9PP140ZTL_C30         4  5.3    24    16     430                (-,-) 
  pp_fir_2_1_1_csa_tree_ADD_TC_OP_groupi4006_g9625/Y  -       A->Y   R     INV_X1P7M_A9PP140ZTL_C30         1  1.8    13    11     441                (-,-) 
  pp_fir_2_1_1_csa_tree_ADD_TC_OP_groupi4006_g9569/Y  -       A1->Y  F     OAI21_X2M_A9PP140ZTL_C30         2  2.9    20    16     457                (-,-) 
  pp_fir_2_1_1_csa_tree_ADD_TC_OP_groupi4006_g9552/Y  -       A0->Y  R     AOI21_X2M_A9PP140ZTL_C30         2  2.5    21    18     475                (-,-) 
  pp_fir_2_1_1_csa_tree_ADD_TC_OP_groupi4006_g9537/Y  -       A0->Y  F     OAI21_X2M_A9PP140ZTL_C30         1  1.4    20    12     486                (-,-) 
  pp_fir_2_1_1_csa_tree_ADD_TC_OP_groupi4006_g9527/Y  -       B0->Y  R     AOI21_X2M_A9PP140ZTL_C30         1  1.5    18    14     500                (-,-) 
  pp_fir_2_1_1_csa_tree_ADD_TC_OP_groupi4006_g9521/Y  -       B0N->Y F     AO21B_X2M_A9PP140ZTL_C30         2  3.0    19    13     513                (-,-) 
  pp_fir_2_1_1_csa_tree_ADD_TC_OP_groupi4006_g9515/Y  -       A->Y   R     NAND2_X2M_A9PP140ZTL_C30         2  2.6    22    15     528                (-,-) 
  pp_fir_2_1_1_csa_tree_ADD_TC_OP_groupi4006_g9508/Y  -       A->Y   F     NAND2_X1A_A9PP140ZTL_C30         1  1.7    22    15     543                (-,-) 
  pp_fir_2_1_1_csa_tree_ADD_TC_OP_groupi4006_g9502/Y  -       S0->Y  F     MXIT2_X1P4M_A9PP140ZTL_C30       1  0.8    18    18     560                (-,-) 
  pp_fir_2_1_1_sum1_8_im_1_reg[26]/D                  -       -      F     SDFFRPQ_X1M_A9PP140ZTL_C30       1    -     -     0     560  (125.0285,102.6785) 
#-----------------------------------------------------------------------------------------------------------------------------------------------------------



Path 18: MET (0 ps) Setup Check with Pin pp_fir_2_1_1_sum1_7_re_1_reg[19]/CK->D
           View: view_wcl_slow
          Group: clk
     Startpoint: (R) pp_fir_2_1_1_Delay_Pipeline_reg_re_reg[18][9]/CK
          Clock: (R) clk
       Endpoint: (F) pp_fir_2_1_1_sum1_7_re_1_reg[19]/D
          Clock: (R) clk

                     Capture       Launch     
        Clock Edge:+     500            0     
       Src Latency:+       0            0     
       Net Latency:+     200 (I)      200 (I) 
           Arrival:=     700          200     
                                              
             Setup:-      14                  
       Uncertainty:-     125                  
     Required Time:=     561                  
      Launch Clock:-     200                  
         Data Path:-     360                  
             Slack:=       0                  

#-----------------------------------------------------------------------------------------------------------------------------------------------------------
#                    Timing Point                      Flags    Arc    Edge            Cell             Fanout Load Trans Delay Arrival       Instance      
#                                                                                                              (fF)  (ps)  (ps)   (ps)        Location      
#-----------------------------------------------------------------------------------------------------------------------------------------------------------
  pp_fir_2_1_1_Delay_Pipeline_reg_re_reg[18][9]/CK     -       -       R     (arrival)                    3702    -    25     0     200               (-,-) 
  pp_fir_2_1_1_Delay_Pipeline_reg_re_reg[18][9]/Q      -       CK->Q   R     DFFRPQA_X1M_A9PP140ZTL_C30      8  8.7    47    56     256    (9.1670,83.2735) 
  pp_fir_2_1_1_csa_tree_ADD_TC_OP_groupi4009_g8781/Y   -       A->Y    F     INV_X1M_A9PP140ZTL_C30          4  4.5    32    23     279               (-,-) 
  pp_fir_2_1_1_csa_tree_ADD_TC_OP_groupi4009_g8650/CON -       CI->CON R     CGENI_X1M_A9PP140ZTL_C30        1  2.1    36    27     305               (-,-) 
  pp_fir_2_1_1_csa_tree_ADD_TC_OP_groupi4009_g8584/CO  -       CI->CO  R     ADDF_X1M_A9PP140ZTL_C30         1  2.1    20    34     340               (-,-) 
  pp_fir_2_1_1_csa_tree_ADD_TC_OP_groupi4009_g8552/S   -       CI->S   F     ADDF_X1M_A9PP140ZTL_C30         2  2.6    24    45     384               (-,-) 
  pp_fir_2_1_1_csa_tree_ADD_TC_OP_groupi4009_g8516/Y   -       A->Y    R     XOR3_X2M_A9PP140ZTL_C30         2  3.0    20    32     416               (-,-) 
  pp_fir_2_1_1_csa_tree_ADD_TC_OP_groupi4009_g8495/Y   -       A->Y    F     NAND2_X2A_A9PP140ZTL_C30        3  3.2    19    13     429               (-,-) 
  pp_fir_2_1_1_csa_tree_ADD_TC_OP_groupi4009_g8489/Y   -       A->Y    R     INV_X1P7M_A9PP140ZTL_C30        1  1.0     9     8     438               (-,-) 
  pp_fir_2_1_1_csa_tree_ADD_TC_OP_groupi4009_g8456/CON -       CI->CON F     CGENI_X1M_A9PP140ZTL_C30        2  2.7    36    22     459               (-,-) 
  pp_fir_2_1_1_csa_tree_ADD_TC_OP_groupi4009_g8423/Y   -       A1->Y   R     OAI21_X2M_A9PP140ZTL_C30        1  1.7    22    20     479               (-,-) 
  pp_fir_2_1_1_csa_tree_ADD_TC_OP_groupi4009_g8400/Y   -       A0->Y   R     AO21B_X4M_A9PP140ZTL_C30        3  5.8    16    24     504               (-,-) 
  pp_fir_2_1_1_csa_tree_ADD_TC_OP_groupi4009_g8399/Y   -       A->Y    F     INV_X2M_A9PP140ZTL_C30          3  3.7    13    10     514               (-,-) 
  pp_fir_2_1_1_csa_tree_ADD_TC_OP_groupi4009_g8391/Y   -       A0->Y   R     OAI21_X2M_A9PP140ZTL_C30        2  2.5    22    16     530               (-,-) 
  pp_fir_2_1_1_csa_tree_ADD_TC_OP_groupi4009_g8383/Y   -       A0->Y   F     AOI21_X2M_A9PP140ZTL_C30        1  1.7    19    14     544               (-,-) 
  pp_fir_2_1_1_csa_tree_ADD_TC_OP_groupi4009_g8375/Y   -       S0->Y   F     MXIT2_X1P4M_A9PP140ZTL_C30      1  0.8    17    17     560               (-,-) 
  pp_fir_2_1_1_sum1_7_re_1_reg[19]/D                   -       -       F     SDFFRPQ_X1M_A9PP140ZTL_C30      1    -     -     0     560  (17.5985,109.1910) 
#-----------------------------------------------------------------------------------------------------------------------------------------------------------



Path 19: MET (0 ps) Setup Check with Pin pp_fir_2_1_1_sum1_7_im_1_reg[19]/CK->D
           View: view_wcl_slow
          Group: clk
     Startpoint: (R) pp_fir_2_1_1_Delay_Pipeline_reg_im_reg[18][9]/CK
          Clock: (R) clk
       Endpoint: (F) pp_fir_2_1_1_sum1_7_im_1_reg[19]/D
          Clock: (R) clk

                     Capture       Launch     
        Clock Edge:+     500            0     
       Src Latency:+       0            0     
       Net Latency:+     200 (I)      200 (I) 
           Arrival:=     700          200     
                                              
             Setup:-      14                  
       Uncertainty:-     125                  
     Required Time:=     561                  
      Launch Clock:-     200                  
         Data Path:-     360                  
             Slack:=       0                  

#------------------------------------------------------------------------------------------------------------------------------------------------------------
#                    Timing Point                      Flags    Arc    Edge            Cell             Fanout Load Trans Delay Arrival       Instance       
#                                                                                                              (fF)  (ps)  (ps)   (ps)        Location       
#------------------------------------------------------------------------------------------------------------------------------------------------------------
  pp_fir_2_1_1_Delay_Pipeline_reg_im_reg[18][9]/CK     -       -       R     (arrival)                    3702    -    25     0     200                (-,-) 
  pp_fir_2_1_1_Delay_Pipeline_reg_im_reg[18][9]/Q      -       CK->Q   R     DFFRPQA_X1M_A9PP140ZTL_C30      8  8.7    47    56     256  (114.6150,122.4585) 
  pp_fir_2_1_1_csa_tree_ADD_TC_OP_groupi4008_g8781/Y   -       A->Y    F     INV_X1M_A9PP140ZTL_C30          4  4.5    32    23     279                (-,-) 
  pp_fir_2_1_1_csa_tree_ADD_TC_OP_groupi4008_g8650/CON -       CI->CON R     CGENI_X1M_A9PP140ZTL_C30        1  2.1    36    27     305                (-,-) 
  pp_fir_2_1_1_csa_tree_ADD_TC_OP_groupi4008_g8584/CO  -       CI->CO  R     ADDF_X1M_A9PP140ZTL_C30         1  2.1    20    34     340                (-,-) 
  pp_fir_2_1_1_csa_tree_ADD_TC_OP_groupi4008_g8552/S   -       CI->S   F     ADDF_X1M_A9PP140ZTL_C30         2  2.6    24    45     384                (-,-) 
  pp_fir_2_1_1_csa_tree_ADD_TC_OP_groupi4008_g8516/Y   -       A->Y    R     XOR3_X2M_A9PP140ZTL_C30         2  3.0    20    32     416                (-,-) 
  pp_fir_2_1_1_csa_tree_ADD_TC_OP_groupi4008_g8495/Y   -       A->Y    F     NAND2_X2A_A9PP140ZTL_C30        3  3.2    19    13     429                (-,-) 
  pp_fir_2_1_1_csa_tree_ADD_TC_OP_groupi4008_g8489/Y   -       A->Y    R     INV_X1P7M_A9PP140ZTL_C30        1  1.0     9     8     438                (-,-) 
  pp_fir_2_1_1_csa_tree_ADD_TC_OP_groupi4008_g8456/CON -       CI->CON F     CGENI_X1M_A9PP140ZTL_C30        2  2.7    36    22     459                (-,-) 
  pp_fir_2_1_1_csa_tree_ADD_TC_OP_groupi4008_g8423/Y   -       A1->Y   R     OAI21_X2M_A9PP140ZTL_C30        1  1.7    22    20     479                (-,-) 
  pp_fir_2_1_1_csa_tree_ADD_TC_OP_groupi4008_g8400/Y   -       A0->Y   R     AO21B_X4M_A9PP140ZTL_C30        3  5.8    16    24     504                (-,-) 
  pp_fir_2_1_1_csa_tree_ADD_TC_OP_groupi4008_g8399/Y   -       A->Y    F     INV_X2M_A9PP140ZTL_C30          3  3.7    13    10     514                (-,-) 
  pp_fir_2_1_1_csa_tree_ADD_TC_OP_groupi4008_g8391/Y   -       A0->Y   R     OAI21_X2M_A9PP140ZTL_C30        2  2.5    22    16     530                (-,-) 
  pp_fir_2_1_1_csa_tree_ADD_TC_OP_groupi4008_g8383/Y   -       A0->Y   F     AOI21_X2M_A9PP140ZTL_C30        1  1.7    19    14     544                (-,-) 
  pp_fir_2_1_1_csa_tree_ADD_TC_OP_groupi4008_g8375/Y   -       S0->Y   F     MXIT2_X1P4M_A9PP140ZTL_C30      1  0.8    17    17     560                (-,-) 
  pp_fir_2_1_1_sum1_7_im_1_reg[19]/D                   -       -       F     SDFFRPQ_X1M_A9PP140ZTL_C30      1    -     -     0     560  (130.8105,130.5970) 
#------------------------------------------------------------------------------------------------------------------------------------------------------------



Path 20: MET (0 ps) Setup Check with Pin pp_fir_2_1_1_sum1_6_im_1_reg[26]/CK->D
           View: view_wcl_slow
          Group: clk
     Startpoint: (R) pp_fir_2_1_1_Delay_Pipeline_reg_im_reg[20][2]/CK
          Clock: (R) clk
       Endpoint: (R) pp_fir_2_1_1_sum1_6_im_1_reg[26]/D
          Clock: (R) clk

                     Capture       Launch     
        Clock Edge:+     500            0     
       Src Latency:+       0            0     
       Net Latency:+     200 (I)      200 (I) 
           Arrival:=     700          200     
                                              
             Setup:-      17                  
       Uncertainty:-     125                  
     Required Time:=     558                  
      Launch Clock:-     200                  
         Data Path:-     358                  
             Slack:=       0                  

#---------------------------------------------------------------------------------------------------------------------------------------------------------
#                    Timing Point                     Flags   Arc   Edge            Cell             Fanout Load Trans Delay Arrival       Instance       
#                                                                                                           (fF)  (ps)  (ps)   (ps)        Location       
#---------------------------------------------------------------------------------------------------------------------------------------------------------
  pp_fir_2_1_1_Delay_Pipeline_reg_im_reg[20][2]/CK    -       -     R     (arrival)                    3702    -    25     0     200                (-,-) 
  pp_fir_2_1_1_Delay_Pipeline_reg_im_reg[20][2]/Q     -       CK->Q R     DFFRPQA_X1M_A9PP140ZTL_C30      8  9.3    50    58     258  (116.2355,156.1110) 
  pp_fir_2_1_1_csa_tree_ADD_TC_OP_groupi4010_g9883/Y  -       A->Y  F     INV_X1M_A9PP140ZTL_C30          1  2.1    22    15     272                (-,-) 
  pp_fir_2_1_1_csa_tree_ADD_TC_OP_groupi4010_g9741/S  -       CI->S F     ADDF_X1M_A9PP140ZTL_C30         1  2.9    26    47     319                (-,-) 
  pp_fir_2_1_1_csa_tree_ADD_TC_OP_groupi4010_g9663/CO -       A->CO F     ADDF_X1M_A9PP140ZTL_C30         1  2.8    21    38     357                (-,-) 
  pp_fir_2_1_1_csa_tree_ADD_TC_OP_groupi4010_g9600/CO -       B->CO F     ADDF_X1M_A9PP140ZTL_C30         2  3.7    24    39     396                (-,-) 
  pp_fir_2_1_1_csa_tree_ADD_TC_OP_groupi4010_g9564/Y  -       B->Y  R     XOR3_X3M_A9PP140ZTL_C30         2  3.5    19    45     441                (-,-) 
  pp_fir_2_1_1_csa_tree_ADD_TC_OP_groupi4010_g9543/Y  -       A->Y  F     NAND2_X3M_A9PP140ZTL_C30        3  3.8    17    12     453                (-,-) 
  pp_fir_2_1_1_csa_tree_ADD_TC_OP_groupi4010_g9510/Y  -       A0->Y R     AOI21_X2M_A9PP140ZTL_C30        2  2.7    22    18     471                (-,-) 
  pp_fir_2_1_1_csa_tree_ADD_TC_OP_groupi4010_g9480/Y  -       A1->Y F     OAI21_X2M_A9PP140ZTL_C30        1  2.3    19    16     486                (-,-) 
  pp_fir_2_1_1_csa_tree_ADD_TC_OP_groupi4010_g9466/Y  -       B0->Y R     AOI21_X4M_A9PP140ZTL_C30        5  7.3    27    20     506                (-,-) 
  pp_fir_2_1_1_csa_tree_ADD_TC_OP_groupi4010_g9460/Y  -       A->Y  F     NOR2XB_X2M_A9PP140ZTL_C30       2  2.5    17    12     518                (-,-) 
  pp_fir_2_1_1_csa_tree_ADD_TC_OP_groupi4010_g9459/Y  -       A->Y  R     INV_X0P8M_A9PP140ZTL_C30        1  1.5    16    13     532                (-,-) 
  pp_fir_2_1_1_csa_tree_ADD_TC_OP_groupi4010_g9447/Y  -       A->Y  F     NAND2_X2M_A9PP140ZTL_C30        2  2.7    16    11     543                (-,-) 
  pp_fir_2_1_1_csa_tree_ADD_TC_OP_groupi4010_g9436/Y  -       A0->Y R     AOI21_X1M_A9PP140ZTL_C30        1  0.8    20    16     558                (-,-) 
  pp_fir_2_1_1_sum1_6_im_1_reg[26]/D                  -       -     R     SDFFRPQ_X1M_A9PP140ZTL_C30      1    -     -     0     558  (139.1705,124.1435) 
#---------------------------------------------------------------------------------------------------------------------------------------------------------



Path 21: MET (0 ps) Setup Check with Pin pp_fir_2_1_1_sum1_4_re_1_reg[19]/CK->D
           View: view_wcl_slow
          Group: clk
     Startpoint: (R) pp_fir_2_1_1_Delay_Pipeline_reg_re_reg[24][9]/CK
          Clock: (R) clk
       Endpoint: (F) pp_fir_2_1_1_sum1_4_re_1_reg[19]/D
          Clock: (R) clk

                     Capture       Launch     
        Clock Edge:+     500            0     
       Src Latency:+       0            0     
       Net Latency:+     200 (I)      200 (I) 
           Arrival:=     700          200     
                                              
             Setup:-      15                  
       Uncertainty:-     125                  
     Required Time:=     560                  
      Launch Clock:-     200                  
         Data Path:-     360                  
             Slack:=       0                  

#----------------------------------------------------------------------------------------------------------------------------------------------------------
#                    Timing Point                     Flags    Arc   Edge            Cell              Fanout Load Trans Delay Arrival       Instance      
#                                                                                                             (fF)  (ps)  (ps)   (ps)        Location      
#----------------------------------------------------------------------------------------------------------------------------------------------------------
  pp_fir_2_1_1_Delay_Pipeline_reg_re_reg[24][9]/CK    -       -      R     (arrival)                     3702    -    25     0     200               (-,-) 
  pp_fir_2_1_1_Delay_Pipeline_reg_re_reg[24][9]/Q     -       CK->Q  R     SDFFRPQA_X1M_A9PP140ZTL_C30      8 11.1    59    62     262  (62.5370,153.2230) 
  pp_fir_2_1_1_csa_tree_ADD_TC_OP_groupi4015_g7521/Y  -       A->Y   F     INV_X3M_A9PP140ZTL_C30           4  6.0    24    14     277               (-,-) 
  pp_fir_2_1_1_csa_tree_ADD_TC_OP_groupi4015_g7356/CO -       CI->CO F     ADDF_X1M_A9PP140ZTL_C30          1  2.7    21    36     312               (-,-) 
  pp_fir_2_1_1_csa_tree_ADD_TC_OP_groupi4015_g7286/CO -       B->CO  F     ADDF_X2M_A9PP140ZTL_C30          2  2.5    16    34     346               (-,-) 
  pp_fir_2_1_1_csa_tree_ADD_TC_OP_groupi4015_g7267/Y  -       A->Y   R     XOR3_X2M_A9PP140ZTL_C30          1  2.1    18    28     374               (-,-) 
  pp_fir_2_1_1_csa_tree_ADD_TC_OP_groupi4015_g7187/S  -       CI->S  F     ADDF_X1M_A9PP140ZTL_C30          2  2.5    24    44     418               (-,-) 
  pp_fir_2_1_1_csa_tree_ADD_TC_OP_groupi4015_g7178/Y  -       A->Y   R     NAND2_X2A_A9PP140ZTL_C30         2  3.5    19    16     433               (-,-) 
  pp_fir_2_1_1_csa_tree_ADD_TC_OP_groupi4015_g7171/Y  -       A->Y   F     INV_X3P5M_A9PP140ZTL_C30         2  2.5     9     6     439               (-,-) 
  pp_fir_2_1_1_csa_tree_ADD_TC_OP_groupi4015_g7161/Y  -       A0->Y  R     OAI21_X2M_A9PP140ZTL_C30         2  2.4    22    15     454               (-,-) 
  pp_fir_2_1_1_csa_tree_ADD_TC_OP_groupi4015_g7154/Y  -       A0->Y  F     AOI21_X2M_A9PP140ZTL_C30         1  1.5    20    13     467               (-,-) 
  pp_fir_2_1_1_csa_tree_ADD_TC_OP_groupi4015_g7149/Y  -       A0->Y  R     OAI2XB1_X2M_A9PP140ZTL_C30       1  2.5    23    18     485               (-,-) 
  pp_fir_2_1_1_csa_tree_ADD_TC_OP_groupi4015_g7145/Y  -       B0->Y  F     AOI21_X4M_A9PP140ZTL_C30         4  5.7    25    13     498               (-,-) 
  pp_fir_2_1_1_csa_tree_ADD_TC_OP_groupi4015_g7143/Y  -       A->Y   R     NOR2_X1A_A9PP140ZTL_C30          2  1.9    28    22     520               (-,-) 
  pp_fir_2_1_1_csa_tree_ADD_TC_OP_groupi4015_g7136/Y  -       A0->Y  F     AOI21_X1M_A9PP140ZTL_C30         1  1.4    25    18     538               (-,-) 
  pp_fir_2_1_1_csa_tree_ADD_TC_OP_groupi4015_g7128/Y  -       S0->Y  F     MXIT2_X1M_A9PP140ZTL_C30         1  0.8    21    22     560               (-,-) 
  pp_fir_2_1_1_sum1_4_re_1_reg[19]/D                  -       -      F     SDFFRPQ_X1M_A9PP140ZTL_C30       1    -     -     0     560  (59.0140,147.7665) 
#----------------------------------------------------------------------------------------------------------------------------------------------------------



Path 22: MET (0 ps) Setup Check with Pin pp_fir_2_1_1_sum2_5_re_1_reg[30]/CK->D
           View: view_wcl_slow
          Group: clk
     Startpoint: (R) pp_fir_2_1_1_Delay_Pipeline_reg_re_reg[15][0]/CK
          Clock: (R) clk
       Endpoint: (F) pp_fir_2_1_1_sum2_5_re_1_reg[30]/D
          Clock: (R) clk

                     Capture       Launch     
        Clock Edge:+     500            0     
       Src Latency:+       0            0     
       Net Latency:+     200 (I)      200 (I) 
           Arrival:=     700          200     
                                              
             Setup:-      47                  
       Uncertainty:-     125                  
     Required Time:=     528                  
      Launch Clock:-     200                  
         Data Path:-     328                  
             Slack:=       0                  

#------------------------------------------------------------------------------------------------------------------------------------------------------
#                  Timing Point                    Flags    Arc   Edge            Cell              Fanout Load Trans Delay Arrival      Instance      
#                                                                                                          (fF)  (ps)  (ps)   (ps)       Location      
#------------------------------------------------------------------------------------------------------------------------------------------------------
  pp_fir_2_1_1_Delay_Pipeline_reg_re_reg[15][0]/CK -       -      R     (arrival)                     3702    -    25     0     200              (-,-) 
  pp_fir_2_1_1_Delay_Pipeline_reg_re_reg[15][0]/Q  -       CK->Q  R     DFFRPQ_X4M_A9PP140ZTL_C30       11 14.3    22    56     256  (36.3215,50.6345) 
  pp_fir_2_1_1_add_1004_34_g1204/CO                -       B->CO  R     ADDH_X1M_A9PP140ZTL_C30          1  2.1    19    27     283              (-,-) 
  pp_fir_2_1_1_add_1004_34_g1196/CO                -       CI->CO R     ADDF_X2M_A9PP140ZTL_C30          2  2.7    16    31     314              (-,-) 
  pp_fir_2_1_1_add_1004_34_g1190/Y                 -       A0->Y  F     AOI21_X2M_A9PP140ZTL_C30         2  2.5    21    15     328              (-,-) 
  pp_fir_2_1_1_add_1004_34_g1187/Y                 -       A0->Y  R     OAI21_X2M_A9PP140ZTL_C30         3  4.7    33    24     352              (-,-) 
  pp_fir_2_1_1_add_1004_34_g1186/Y                 -       A->Y   F     INV_X3P5M_A9PP140ZTL_C30         2  3.8    13     8     360              (-,-) 
  pp_fir_2_1_1_add_1004_34_g1182/Y                 -       A0->Y  R     OAI21_X4M_A9PP140ZTL_C30         4  5.2    24    16     376              (-,-) 
  g2873872/Y                                       -       A0->Y  F     AOI31_X3M_A9PP140ZTL_C30         3  4.7    36    24     400              (-,-) 
  pp_fir_2_1_1_add_1004_34_g1167/Y                 -       A0->Y  R     OAI21B_X4M_A9PP140ZTL_C30        4  5.7    28    22     421              (-,-) 
  g2873884/Y                                       -       A0->Y  F     AOI31_X4M_A9PP140ZTL_C30         3  4.8    33    22     443              (-,-) 
  pp_fir_2_1_1_add_1004_34_g1148/Y                 -       A0->Y  R     OAI21_X4M_A9PP140ZTL_C30         4  4.6    25    20     463              (-,-) 
  pp_fir_2_1_1_add_1004_34_g1145/Y                 -       A->Y   F     NAND2_X2A_A9PP140ZTL_C30         1  1.6    16    10     474              (-,-) 
  pp_fir_2_1_1_add_1004_34_g1136/Y                 -       A0->Y  R     OAI21_X2M_A9PP140ZTL_C30         3  4.5    30    22     496              (-,-) 
  pp_fir_2_1_1_add_1004_34_g1128/Y                 -       A0->Y  F     AOI21_X2M_A9PP140ZTL_C30         1  1.7    21    15     510              (-,-) 
  pp_fir_2_1_1_add_1004_34_g1125/Y                 -       S0->Y  F     MXIT2_X1P4M_A9PP140ZTL_C30       1  0.8    19    17     528              (-,-) 
  pp_fir_2_1_1_sum2_5_re_1_reg[30]/D               -       -      F     SDFFRPQA_X1M_A9PP140ZTL_C30      1    -     -     0     528  (77.8595,88.1620) 
#------------------------------------------------------------------------------------------------------------------------------------------------------



Path 23: MET (0 ps) Setup Check with Pin pp_fir_2_1_1_sum2_2_re_1_reg[19]/CK->SI
           View: view_wcl_slow
          Group: clk
     Startpoint: (R) pp_fir_2_1_1_Delay_Pipeline_reg_re_reg[25][0]/CK
          Clock: (R) clk
       Endpoint: (F) pp_fir_2_1_1_sum2_2_re_1_reg[19]/SI
          Clock: (R) clk

                     Capture       Launch     
        Clock Edge:+     500            0     
       Src Latency:+       0            0     
       Net Latency:+     200 (I)      200 (I) 
           Arrival:=     700          200     
                                              
             Setup:-      66                  
       Uncertainty:-     125                  
     Required Time:=     509                  
      Launch Clock:-     200                  
         Data Path:-     309                  
             Slack:=       0                  

#-------------------------------------------------------------------------------------------------------------------------------------------------------
#                  Timing Point                    Flags    Arc   Edge            Cell              Fanout Load Trans Delay Arrival       Instance      
#                                                                                                          (fF)  (ps)  (ps)   (ps)        Location      
#-------------------------------------------------------------------------------------------------------------------------------------------------------
  pp_fir_2_1_1_Delay_Pipeline_reg_re_reg[25][0]/CK -       -      R     (arrival)                     3702    -    25     0     200               (-,-) 
  pp_fir_2_1_1_Delay_Pipeline_reg_re_reg[25][0]/Q  -       CK->Q  R     SDFFRPQA_X1M_A9PP140ZTL_C30      7  8.7    47    56     256  (71.2080,133.8355) 
  pp_fir_2_1_1_add_596_34_g975/CO                  -       A->CO  R     ADDH_X1M_A9PP140ZTL_C30          1  2.1    19    28     284               (-,-) 
  pp_fir_2_1_1_add_596_34_g969/CO                  -       CI->CO R     ADDF_X1M_A9PP140ZTL_C30          2  2.3    20    32     316               (-,-) 
  pp_fir_2_1_1_add_596_34_g968/Y                   -       A->Y   F     INV_X1M_A9PP140ZTL_C30           1  1.1    11     8     325               (-,-) 
  pp_fir_2_1_1_add_596_34_g961/Y                   -       A0->Y  R     OAI21_X1M_A9PP140ZTL_C30         2  2.7    38    25     350               (-,-) 
  pp_fir_2_1_1_add_596_34_g959/Y                   -       A0->Y  F     AOI21_X2M_A9PP140ZTL_C30         2  3.1    28    19     368               (-,-) 
  pp_fir_2_1_1_add_596_34_g956/Y                   -       A0->Y  R     OAI21B_X3M_A9PP140ZTL_C30        3  4.4    27    21     389               (-,-) 
  pp_fir_2_1_1_add_596_34_g950/Y                   -       A0->Y  F     AOI21_X3M_A9PP140ZTL_C30         3  4.2    25    18     407               (-,-) 
  pp_fir_2_1_1_add_596_34_g943/Y                   -       A0->Y  R     OAI21_X3M_A9PP140ZTL_C30         3  6.0    30    23     430               (-,-) 
  pp_fir_2_1_1_add_596_34_g937/Y                   -       A0->Y  F     AOI21_X4M_A9PP140ZTL_C30         3  5.2    26    17     447               (-,-) 
  pp_fir_2_1_1_add_596_34_g936/Y                   -       A->Y   R     INV_X3M_A9PP140ZTL_C30           2  2.2    12    10     457               (-,-) 
  pp_fir_2_1_1_add_596_34_g928/Y                   -       A0->Y  F     AOI21_X1M_A9PP140ZTL_C30         2  2.8    35    22     479               (-,-) 
  pp_fir_2_1_1_add_596_34_g918/Y                   -       A0->Y  R     OAI21_X2M_A9PP140ZTL_C30         1  1.4    22    18     497               (-,-) 
  pp_fir_2_1_1_add_596_34_g913/Y                   -       S0->Y  F     MXIT2_X1M_A9PP140ZTL_C30         1  0.8    22    12     509               (-,-) 
  pp_fir_2_1_1_sum2_2_re_1_reg[19]/SI              -       -      F     SDFFRPQA_X1M_A9PP140ZTL_C30      1    -     -     0     509  (60.6765,131.0360) 
#-------------------------------------------------------------------------------------------------------------------------------------------------------



Path 24: MET (0 ps) Setup Check with Pin pp_fir_2_1_1_sum2_2_im_1_reg[19]/CK->SI
           View: view_wcl_slow
          Group: clk
     Startpoint: (R) pp_fir_2_1_1_Delay_Pipeline_reg_im_reg[25][0]/CK
          Clock: (R) clk
       Endpoint: (F) pp_fir_2_1_1_sum2_2_im_1_reg[19]/SI
          Clock: (R) clk

                     Capture       Launch     
        Clock Edge:+     500            0     
       Src Latency:+       0            0     
       Net Latency:+     200 (I)      200 (I) 
           Arrival:=     700          200     
                                              
             Setup:-      66                  
       Uncertainty:-     125                  
     Required Time:=     509                  
      Launch Clock:-     200                  
         Data Path:-     309                  
             Slack:=       0                  

#--------------------------------------------------------------------------------------------------------------------------------------------------------
#                  Timing Point                    Flags    Arc   Edge            Cell              Fanout Load Trans Delay Arrival       Instance       
#                                                                                                          (fF)  (ps)  (ps)   (ps)        Location       
#--------------------------------------------------------------------------------------------------------------------------------------------------------
  pp_fir_2_1_1_Delay_Pipeline_reg_im_reg[25][0]/CK -       -      R     (arrival)                     3702    -    25     0     200                (-,-) 
  pp_fir_2_1_1_Delay_Pipeline_reg_im_reg[25][0]/Q  -       CK->Q  R     SDFFRPQA_X1M_A9PP140ZTL_C30      7  8.7    47    56     256  (190.0490,125.6350) 
  pp_fir_2_1_1_add_597_34_g975/CO                  -       A->CO  R     ADDH_X1M_A9PP140ZTL_C30          1  2.1    19    28     284                (-,-) 
  pp_fir_2_1_1_add_597_34_g969/CO                  -       CI->CO R     ADDF_X1M_A9PP140ZTL_C30          2  2.3    20    32     316                (-,-) 
  pp_fir_2_1_1_add_597_34_g968/Y                   -       A->Y   F     INV_X1M_A9PP140ZTL_C30           1  1.1    11     8     325                (-,-) 
  pp_fir_2_1_1_add_597_34_g961/Y                   -       A0->Y  R     OAI21_X1M_A9PP140ZTL_C30         2  2.7    38    25     350                (-,-) 
  pp_fir_2_1_1_add_597_34_g959/Y                   -       A0->Y  F     AOI21_X2M_A9PP140ZTL_C30         2  3.1    28    19     368                (-,-) 
  pp_fir_2_1_1_add_597_34_g956/Y                   -       A0->Y  R     OAI21B_X3M_A9PP140ZTL_C30        3  4.4    27    21     389                (-,-) 
  pp_fir_2_1_1_add_597_34_g950/Y                   -       A0->Y  F     AOI21_X3M_A9PP140ZTL_C30         3  4.2    25    18     407                (-,-) 
  pp_fir_2_1_1_add_597_34_g943/Y                   -       A0->Y  R     OAI21_X3M_A9PP140ZTL_C30         3  6.0    30    23     430                (-,-) 
  pp_fir_2_1_1_add_597_34_g937/Y                   -       A0->Y  F     AOI21_X4M_A9PP140ZTL_C30         3  5.2    26    17     447                (-,-) 
  pp_fir_2_1_1_add_597_34_g936/Y                   -       A->Y   R     INV_X3M_A9PP140ZTL_C30           2  2.2    12    10     457                (-,-) 
  pp_fir_2_1_1_add_597_34_g928/Y                   -       A0->Y  F     AOI21_X1M_A9PP140ZTL_C30         2  2.8    35    22     479                (-,-) 
  pp_fir_2_1_1_add_597_34_g918/Y                   -       A0->Y  R     OAI21_X2M_A9PP140ZTL_C30         1  1.4    22    18     497                (-,-) 
  pp_fir_2_1_1_add_597_34_g913/Y                   -       S0->Y  F     MXIT2_X1M_A9PP140ZTL_C30         1  0.8    22    12     509                (-,-) 
  pp_fir_2_1_1_sum2_2_im_1_reg[19]/SI              -       -      F     SDFFRPQA_X1M_A9PP140ZTL_C30      1    -     -     0     509  (169.0790,117.8775) 
#--------------------------------------------------------------------------------------------------------------------------------------------------------



Path 25: MET (0 ps) Setup Check with Pin pp_fir_2_1_1_sum1_11_re_1_reg[13]/CK->SI
           View: view_wcl_slow
          Group: clk
     Startpoint: (R) pp_fir_2_1_1_Delay_Pipeline_reg_re_reg[10][4]/CK
          Clock: (R) clk
       Endpoint: (F) pp_fir_2_1_1_sum1_11_re_1_reg[13]/SI
          Clock: (R) clk

                     Capture       Launch     
        Clock Edge:+     500            0     
       Src Latency:+       0            0     
       Net Latency:+     200 (I)      200 (I) 
           Arrival:=     700          200     
                                              
             Setup:-      40                  
       Uncertainty:-     125                  
     Required Time:=     535                  
      Launch Clock:-     200                  
         Data Path:-     334                  
             Slack:=       0                  

#----------------------------------------------------------------------------------------------------------------------------------------------------------
#                    Timing Point                      Flags    Arc    Edge            Cell             Fanout Load Trans Delay Arrival      Instance      
#                                                                                                              (fF)  (ps)  (ps)   (ps)       Location      
#----------------------------------------------------------------------------------------------------------------------------------------------------------
  pp_fir_2_1_1_Delay_Pipeline_reg_re_reg[10][4]/CK     -       -       R     (arrival)                    3702    -    25     0     200              (-,-) 
  pp_fir_2_1_1_Delay_Pipeline_reg_re_reg[10][4]/Q      -       CK->Q   R     DFFRPQA_X1M_A9PP140ZTL_C30     10 14.2    74    70     270  (88.7955,20.9245) 
  pp_fir_2_1_1_csa_tree_ADD_TC_OP_groupi4001_g8583/CON -       CI->CON F     CGENI_X1M_A9PP140ZTL_C30        2  3.0    51    34     304              (-,-) 
  pp_fir_2_1_1_csa_tree_ADD_TC_OP_groupi4001_g8485/CON -       B->CON  R     CGENI_X1M_A9PP140ZTL_C30        2  3.1    44    37     341              (-,-) 
  pp_fir_2_1_1_csa_tree_ADD_TC_OP_groupi4001_g8451/Y   -       A->Y    F     XOR3_X2M_A9PP140ZTL_C30         1  2.8    19    29     370              (-,-) 
  pp_fir_2_1_1_csa_tree_ADD_TC_OP_groupi4001_g8392/S   -       B->S    F     ADDF_X1M_A9PP140ZTL_C30         2  3.0    26    49     419              (-,-) 
  pp_fir_2_1_1_csa_tree_ADD_TC_OP_groupi4001_g8387/Y   -       A->Y    R     NOR2_X3A_A9PP140ZTL_C30         4  5.2    25    19     438              (-,-) 
  pp_fir_2_1_1_csa_tree_ADD_TC_OP_groupi4001_g8342/Y   -       A0->Y   F     OAI21_X2M_A9PP140ZTL_C30        1  1.4    16    12     450              (-,-) 
  pp_fir_2_1_1_csa_tree_ADD_TC_OP_groupi4001_g8332/Y   -       B0->Y   R     AOI21_X2M_A9PP140ZTL_C30        1  3.0    24    17     468              (-,-) 
  pp_fir_2_1_1_csa_tree_ADD_TC_OP_groupi4001_g8318/Y   -       A0N->Y  F     AO1B2_X4M_A9PP140ZTL_C30        3  4.9    18    13     481              (-,-) 
  pp_fir_2_1_1_csa_tree_ADD_TC_OP_groupi4001_g8317/Y   -       A->Y    R     INV_X1M_A9PP140ZTL_C30          2  2.3    19    15     496              (-,-) 
  pp_fir_2_1_1_csa_tree_ADD_TC_OP_groupi4001_g8307/Y   -       A0->Y   F     OAI21_X1M_A9PP140ZTL_C30        1  1.1    20    14     509              (-,-) 
  pp_fir_2_1_1_csa_tree_ADD_TC_OP_groupi4001_g8305/Y   -       B->Y    F     XNOR2_X1M_A9PP140ZTL_C30        1  0.8    26    25     534              (-,-) 
  pp_fir_2_1_1_sum1_11_re_1_reg[13]/SI                 -       -       F     SDFFRPQ_X1M_A9PP140ZTL_C30      1    -     -     0     534  (91.5795,23.7300) 
#----------------------------------------------------------------------------------------------------------------------------------------------------------



Path 26: MET (0 ps) Setup Check with Pin pp_fir_2_1_1_sum1_11_im_1_reg[13]/CK->SI
           View: view_wcl_slow
          Group: clk
     Startpoint: (R) pp_fir_2_1_1_Delay_Pipeline_reg_im_reg[10][4]/CK
          Clock: (R) clk
       Endpoint: (F) pp_fir_2_1_1_sum1_11_im_1_reg[13]/SI
          Clock: (R) clk

                     Capture       Launch     
        Clock Edge:+     500            0     
       Src Latency:+       0            0     
       Net Latency:+     200 (I)      200 (I) 
           Arrival:=     700          200     
                                              
             Setup:-      40                  
       Uncertainty:-     125                  
     Required Time:=     535                  
      Launch Clock:-     200                  
         Data Path:-     334                  
             Slack:=       0                  

#-----------------------------------------------------------------------------------------------------------------------------------------------------------
#                    Timing Point                      Flags    Arc    Edge            Cell             Fanout Load Trans Delay Arrival       Instance      
#                                                                                                              (fF)  (ps)  (ps)   (ps)        Location      
#-----------------------------------------------------------------------------------------------------------------------------------------------------------
  pp_fir_2_1_1_Delay_Pipeline_reg_im_reg[10][4]/CK     -       -       R     (arrival)                    3702    -    25     0     200               (-,-) 
  pp_fir_2_1_1_Delay_Pipeline_reg_im_reg[10][4]/Q      -       CK->Q   R     DFFRPQA_X1M_A9PP140ZTL_C30     10 14.2    74    70     270  (183.2750,49.2830) 
  pp_fir_2_1_1_csa_tree_ADD_TC_OP_groupi4000_g8583/CON -       CI->CON F     CGENI_X1M_A9PP140ZTL_C30        2  3.0    51    34     304               (-,-) 
  pp_fir_2_1_1_csa_tree_ADD_TC_OP_groupi4000_g8485/CON -       B->CON  R     CGENI_X1M_A9PP140ZTL_C30        2  3.1    44    37     341               (-,-) 
  pp_fir_2_1_1_csa_tree_ADD_TC_OP_groupi4000_g8451/Y   -       A->Y    F     XOR3_X2M_A9PP140ZTL_C30         1  2.8    19    29     370               (-,-) 
  pp_fir_2_1_1_csa_tree_ADD_TC_OP_groupi4000_g8392/S   -       B->S    F     ADDF_X1M_A9PP140ZTL_C30         2  3.0    26    49     419               (-,-) 
  pp_fir_2_1_1_csa_tree_ADD_TC_OP_groupi4000_g8387/Y   -       A->Y    R     NOR2_X3A_A9PP140ZTL_C30         4  5.2    25    19     438               (-,-) 
  pp_fir_2_1_1_csa_tree_ADD_TC_OP_groupi4000_g8342/Y   -       A0->Y   F     OAI21_X2M_A9PP140ZTL_C30        1  1.4    16    12     450               (-,-) 
  pp_fir_2_1_1_csa_tree_ADD_TC_OP_groupi4000_g8332/Y   -       B0->Y   R     AOI21_X2M_A9PP140ZTL_C30        1  3.0    24    17     468               (-,-) 
  pp_fir_2_1_1_csa_tree_ADD_TC_OP_groupi4000_g8318/Y   -       A0N->Y  F     AO1B2_X4M_A9PP140ZTL_C30        3  4.9    18    13     481               (-,-) 
  pp_fir_2_1_1_csa_tree_ADD_TC_OP_groupi4000_g8317/Y   -       A->Y    R     INV_X1M_A9PP140ZTL_C30          2  2.3    19    15     496               (-,-) 
  pp_fir_2_1_1_csa_tree_ADD_TC_OP_groupi4000_g8307/Y   -       A0->Y   F     OAI21_X1M_A9PP140ZTL_C30        1  1.1    20    14     509               (-,-) 
  pp_fir_2_1_1_csa_tree_ADD_TC_OP_groupi4000_g8305/Y   -       B->Y    F     XNOR2_X1M_A9PP140ZTL_C30        1  0.8    26    25     534               (-,-) 
  pp_fir_2_1_1_sum1_11_im_1_reg[13]/SI                 -       -       F     SDFFRPQ_X1M_A9PP140ZTL_C30      1    -     -     0     534  (158.6280,57.9965) 
#-----------------------------------------------------------------------------------------------------------------------------------------------------------



Path 27: MET (0 ps) Setup Check with Pin pp_fir_2_1_1_sum1_9_re_1_reg[21]/CK->D
           View: view_wcl_slow
          Group: clk
     Startpoint: (R) pp_fir_2_1_1_Delay_Pipeline_reg_re_reg[14][7]/CK
          Clock: (R) clk
       Endpoint: (F) pp_fir_2_1_1_sum1_9_re_1_reg[21]/D
          Clock: (R) clk

                     Capture       Launch     
        Clock Edge:+     500            0     
       Src Latency:+       0            0     
       Net Latency:+     200 (I)      200 (I) 
           Arrival:=     700          200     
                                              
             Setup:-      14                  
       Uncertainty:-     125                  
     Required Time:=     561                  
      Launch Clock:-     200                  
         Data Path:-     360                  
             Slack:=       0                  

#----------------------------------------------------------------------------------------------------------------------------------------------------------
#                    Timing Point                      Flags    Arc   Edge            Cell              Fanout Load Trans Delay Arrival      Instance      
#                                                                                                              (fF)  (ps)  (ps)   (ps)       Location      
#----------------------------------------------------------------------------------------------------------------------------------------------------------
  pp_fir_2_1_1_Delay_Pipeline_reg_re_reg[14][7]/CK     -       -      R     (arrival)                     3702    -    25     0     200              (-,-) 
  pp_fir_2_1_1_Delay_Pipeline_reg_re_reg[14][7]/Q      -       CK->Q  R     SDFFRPQA_X1M_A9PP140ZTL_C30      6  7.0    39    52     252  (53.6150,53.4905) 
  pp_fir_2_1_1_csa_tree_ADD_TC_OP_groupi4005_g11090/Y  -       A->Y   F     INV_X3M_A9PP140ZTL_C30           6  8.3    23    16     267              (-,-) 
  pp_fir_2_1_1_csa_tree_ADD_TC_OP_groupi4005_g10901/Y  -       C->Y   F     XOR3_X2M_A9PP140ZTL_C30          1  2.1    18    49     317              (-,-) 
  pp_fir_2_1_1_csa_tree_ADD_TC_OP_groupi4005_g10794/CO -       CI->CO F     ADDF_X2M_A9PP140ZTL_C30          2  2.9    16    32     348              (-,-) 
  pp_fir_2_1_1_csa_tree_ADD_TC_OP_groupi4005_g10733/Y  -       B->Y   F     XOR3_X2M_A9PP140ZTL_C30          2  2.6    19    45     393              (-,-) 
  pp_fir_2_1_1_csa_tree_ADD_TC_OP_groupi4005_g10647/CO -       CI->CO F     CGEN_X2M_A9PP140ZTL_C30          2  2.5    14    27     420              (-,-) 
  pp_fir_2_1_1_csa_tree_ADD_TC_OP_groupi4005_g10628/Y  -       BN->Y  F     NOR2XB_X2M_A9PP140ZTL_C30        2  2.7    16    24     444              (-,-) 
  pp_fir_2_1_1_csa_tree_ADD_TC_OP_groupi4005_g10593/Y  -       A1->Y  R     AOI21_X2M_A9PP140ZTL_C30         2  2.6    22    19     463              (-,-) 
  pp_fir_2_1_1_csa_tree_ADD_TC_OP_groupi4005_g10566/Y  -       A0->Y  F     OAI21_X2M_A9PP140ZTL_C30         1  2.3    20    14     477              (-,-) 
  pp_fir_2_1_1_csa_tree_ADD_TC_OP_groupi4005_g10554/Y  -       A0->Y  R     AOI21_X3M_A9PP140ZTL_C30         2  3.7    22    17     494              (-,-) 
  pp_fir_2_1_1_csa_tree_ADD_TC_OP_groupi4005_g10553/Y  -       A->Y   F     INV_X1P4M_A9PP140ZTL_C30         1  2.7    14    10     504              (-,-) 
  pp_fir_2_1_1_csa_tree_ADD_TC_OP_groupi4005_g10549/Y  -       B0N->Y R     OA21B_X4M_A9PP140ZTL_C30         3  3.8    15    12     516              (-,-) 
  pp_fir_2_1_1_csa_tree_ADD_TC_OP_groupi4005_g10545/Y  -       A->Y   F     NOR2_X2A_A9PP140ZTL_C30          2  3.0    19    11     527              (-,-) 
  pp_fir_2_1_1_csa_tree_ADD_TC_OP_groupi4005_g10544/Y  -       A->Y   R     INV_X1P7M_A9PP140ZTL_C30         1  1.6    11    10     536              (-,-) 
  pp_fir_2_1_1_csa_tree_ADD_TC_OP_groupi4005_g10537/Y  -       A->Y   F     NAND2_X2A_A9PP140ZTL_C30         1  1.7    13     9     545              (-,-) 
  pp_fir_2_1_1_csa_tree_ADD_TC_OP_groupi4005_g10534/Y  -       S0->Y  F     MXIT2_X1P4M_A9PP140ZTL_C30       1  0.8    18    15     560              (-,-) 
  pp_fir_2_1_1_sum1_9_re_1_reg[21]/D                   -       -      F     SDFFRPQ_X1M_A9PP140ZTL_C30       1    -     -     0     560  (67.8775,69.9100) 
#----------------------------------------------------------------------------------------------------------------------------------------------------------



Path 28: MET (0 ps) Setup Check with Pin pp_fir_2_1_1_sum1_8_re_1_reg[29]/CK->D
           View: view_wcl_slow
          Group: clk
     Startpoint: (R) pp_fir_2_1_1_Delay_Pipeline_reg_re_reg[17][9]/CK
          Clock: (R) clk
       Endpoint: (R) pp_fir_2_1_1_sum1_8_re_1_reg[29]/D
          Clock: (R) clk

                     Capture       Launch     
        Clock Edge:+     500            0     
       Src Latency:+       0            0     
       Net Latency:+     200 (I)      200 (I) 
           Arrival:=     700          200     
                                              
             Setup:-      17                  
       Uncertainty:-     125                  
     Required Time:=     558                  
      Launch Clock:-     200                  
         Data Path:-     358                  
             Slack:=       0                  

#---------------------------------------------------------------------------------------------------------------------------------------------------------
#                    Timing Point                     Flags    Arc   Edge            Cell              Fanout Load Trans Delay Arrival      Instance      
#                                                                                                             (fF)  (ps)  (ps)   (ps)       Location      
#---------------------------------------------------------------------------------------------------------------------------------------------------------
  pp_fir_2_1_1_Delay_Pipeline_reg_re_reg[17][9]/CK    -       -      R     (arrival)                     3702    -    25     0     200              (-,-) 
  pp_fir_2_1_1_Delay_Pipeline_reg_re_reg[17][9]/Q     -       CK->Q  R     SDFFRPQA_X1M_A9PP140ZTL_C30      7 12.6    66    66     266  (21.2215,68.4090) 
  pp_fir_2_1_1_csa_tree_ADD_TC_OP_groupi4007_g10093/Y -       A->Y   F     INV_X1P7M_A9PP140ZTL_C30         2  2.5    22    11     277              (-,-) 
  pp_fir_2_1_1_csa_tree_ADD_TC_OP_groupi4007_g9934/Y  -       A->Y   R     NAND2_X2M_A9PP140ZTL_C30         3  3.4    27    17     294              (-,-) 
  pp_fir_2_1_1_csa_tree_ADD_TC_OP_groupi4007_g9861/Y  -       A->Y   F     XOR3_X2M_A9PP140ZTL_C30          1  2.1    19    26     321              (-,-) 
  pp_fir_2_1_1_csa_tree_ADD_TC_OP_groupi4007_g9748/S  -       CI->S  R     ADDF_X1M_A9PP140ZTL_C30          2  2.6    25    48     369              (-,-) 
  pp_fir_2_1_1_csa_tree_ADD_TC_OP_groupi4007_g9687/Y  -       B->Y   R     XOR3_X2M_A9PP140ZTL_C30          2  3.4    21    46     415              (-,-) 
  pp_fir_2_1_1_csa_tree_ADD_TC_OP_groupi4007_g9626/Y  -       B->Y   F     NAND2_X3B_A9PP140ZTL_C30         4  5.3    24    16     430              (-,-) 
  pp_fir_2_1_1_csa_tree_ADD_TC_OP_groupi4007_g9625/Y  -       A->Y   R     INV_X1P7M_A9PP140ZTL_C30         1  1.8    13    11     441              (-,-) 
  pp_fir_2_1_1_csa_tree_ADD_TC_OP_groupi4007_g9569/Y  -       A1->Y  F     OAI21_X2M_A9PP140ZTL_C30         2  2.9    20    16     457              (-,-) 
  pp_fir_2_1_1_csa_tree_ADD_TC_OP_groupi4007_g9552/Y  -       A0->Y  R     AOI21_X2M_A9PP140ZTL_C30         2  2.5    21    18     475              (-,-) 
  pp_fir_2_1_1_csa_tree_ADD_TC_OP_groupi4007_g9537/Y  -       A0->Y  F     OAI21_X2M_A9PP140ZTL_C30         1  1.4    20    12     486              (-,-) 
  pp_fir_2_1_1_csa_tree_ADD_TC_OP_groupi4007_g9527/Y  -       B0->Y  R     AOI21_X2M_A9PP140ZTL_C30         1  1.5    18    14     500              (-,-) 
  pp_fir_2_1_1_csa_tree_ADD_TC_OP_groupi4007_g9521/Y  -       B0N->Y F     AO21B_X2M_A9PP140ZTL_C30         2  3.0    19    13     513              (-,-) 
  pp_fir_2_1_1_csa_tree_ADD_TC_OP_groupi4007_g9520/Y  -       A->Y   R     INV_X2M_A9PP140ZTL_C30           3  4.6    18    14     528              (-,-) 
  pp_fir_2_1_1_csa_tree_ADD_TC_OP_groupi4007_g9509/Y  -       A0->Y  F     OAI21_X2M_A9PP140ZTL_C30         2  2.6    21    14     542              (-,-) 
  pp_fir_2_1_1_csa_tree_ADD_TC_OP_groupi4007_g9504/Y  -       A0->Y  R     AOI2XB1_X1M_A9PP140ZTL_C30       1  0.8    22    16     558              (-,-) 
  pp_fir_2_1_1_sum1_8_re_1_reg[29]/D                  -       -      R     SDFFRPQ_X1M_A9PP140ZTL_C30       1    -     -     0     558  (34.5045,97.1380) 
#---------------------------------------------------------------------------------------------------------------------------------------------------------



Path 29: MET (0 ps) Setup Check with Pin pp_fir_2_1_1_sum1_8_im_1_reg[29]/CK->D
           View: view_wcl_slow
          Group: clk
     Startpoint: (R) pp_fir_2_1_1_Delay_Pipeline_reg_im_reg[17][9]/CK
          Clock: (R) clk
       Endpoint: (R) pp_fir_2_1_1_sum1_8_im_1_reg[29]/D
          Clock: (R) clk

                     Capture       Launch     
        Clock Edge:+     500            0     
       Src Latency:+       0            0     
       Net Latency:+     200 (I)      200 (I) 
           Arrival:=     700          200     
                                              
             Setup:-      17                  
       Uncertainty:-     125                  
     Required Time:=     558                  
      Launch Clock:-     200                  
         Data Path:-     358                  
             Slack:=       0                  

#-----------------------------------------------------------------------------------------------------------------------------------------------------------
#                    Timing Point                     Flags    Arc   Edge            Cell              Fanout Load Trans Delay Arrival       Instance       
#                                                                                                             (fF)  (ps)  (ps)   (ps)        Location       
#-----------------------------------------------------------------------------------------------------------------------------------------------------------
  pp_fir_2_1_1_Delay_Pipeline_reg_im_reg[17][9]/CK    -       -      R     (arrival)                     3702    -    25     0     200                (-,-) 
  pp_fir_2_1_1_Delay_Pipeline_reg_im_reg[17][9]/Q     -       CK->Q  R     SDFFRPQA_X1M_A9PP140ZTL_C30      7 12.6    66    66     266  (102.3060,109.2600) 
  pp_fir_2_1_1_csa_tree_ADD_TC_OP_groupi4006_g10093/Y -       A->Y   F     INV_X1P7M_A9PP140ZTL_C30         2  2.5    22    11     277                (-,-) 
  pp_fir_2_1_1_csa_tree_ADD_TC_OP_groupi4006_g9934/Y  -       A->Y   R     NAND2_X2M_A9PP140ZTL_C30         3  3.4    27    17     294                (-,-) 
  pp_fir_2_1_1_csa_tree_ADD_TC_OP_groupi4006_g9861/Y  -       A->Y   F     XOR3_X2M_A9PP140ZTL_C30          1  2.1    19    26     321                (-,-) 
  pp_fir_2_1_1_csa_tree_ADD_TC_OP_groupi4006_g9748/S  -       CI->S  R     ADDF_X1M_A9PP140ZTL_C30          2  2.6    25    48     369                (-,-) 
  pp_fir_2_1_1_csa_tree_ADD_TC_OP_groupi4006_g9687/Y  -       B->Y   R     XOR3_X2M_A9PP140ZTL_C30          2  3.4    21    46     415                (-,-) 
  pp_fir_2_1_1_csa_tree_ADD_TC_OP_groupi4006_g9626/Y  -       B->Y   F     NAND2_X3B_A9PP140ZTL_C30         4  5.3    24    16     430                (-,-) 
  pp_fir_2_1_1_csa_tree_ADD_TC_OP_groupi4006_g9625/Y  -       A->Y   R     INV_X1P7M_A9PP140ZTL_C30         1  1.8    13    11     441                (-,-) 
  pp_fir_2_1_1_csa_tree_ADD_TC_OP_groupi4006_g9569/Y  -       A1->Y  F     OAI21_X2M_A9PP140ZTL_C30         2  2.9    20    16     457                (-,-) 
  pp_fir_2_1_1_csa_tree_ADD_TC_OP_groupi4006_g9552/Y  -       A0->Y  R     AOI21_X2M_A9PP140ZTL_C30         2  2.5    21    18     475                (-,-) 
  pp_fir_2_1_1_csa_tree_ADD_TC_OP_groupi4006_g9537/Y  -       A0->Y  F     OAI21_X2M_A9PP140ZTL_C30         1  1.4    20    12     486                (-,-) 
  pp_fir_2_1_1_csa_tree_ADD_TC_OP_groupi4006_g9527/Y  -       B0->Y  R     AOI21_X2M_A9PP140ZTL_C30         1  1.5    18    14     500                (-,-) 
  pp_fir_2_1_1_csa_tree_ADD_TC_OP_groupi4006_g9521/Y  -       B0N->Y F     AO21B_X2M_A9PP140ZTL_C30         2  3.0    19    13     513                (-,-) 
  pp_fir_2_1_1_csa_tree_ADD_TC_OP_groupi4006_g9520/Y  -       A->Y   R     INV_X2M_A9PP140ZTL_C30           3  4.6    18    14     528                (-,-) 
  pp_fir_2_1_1_csa_tree_ADD_TC_OP_groupi4006_g9509/Y  -       A0->Y  F     OAI21_X2M_A9PP140ZTL_C30         2  2.6    21    14     542                (-,-) 
  pp_fir_2_1_1_csa_tree_ADD_TC_OP_groupi4006_g9504/Y  -       A0->Y  R     AOI2XB1_X1M_A9PP140ZTL_C30       1  0.8    22    16     558                (-,-) 
  pp_fir_2_1_1_sum1_8_im_1_reg[29]/D                  -       -      R     SDFFRPQ_X1M_A9PP140ZTL_C30       1    -     -     0     558   (128.6690,97.0255) 
#-----------------------------------------------------------------------------------------------------------------------------------------------------------



Path 30: MET (0 ps) Setup Check with Pin pp_fir_2_1_1_sum1_6_re_1_reg[26]/CK->D
           View: view_wcl_slow
          Group: clk
     Startpoint: (R) pp_fir_2_1_1_Delay_Pipeline_reg_re_reg[21][13]/CK
          Clock: (R) clk
       Endpoint: (R) pp_fir_2_1_1_sum1_6_re_1_reg[26]/D
          Clock: (R) clk

                     Capture       Launch     
        Clock Edge:+     500            0     
       Src Latency:+       0            0     
       Net Latency:+     200 (I)      200 (I) 
           Arrival:=     700          200     
                                              
             Setup:-      17                  
       Uncertainty:-     125                  
     Required Time:=     558                  
      Launch Clock:-     200                  
         Data Path:-     358                  
             Slack:=       0                  

#---------------------------------------------------------------------------------------------------------------------------------------------------------
#                    Timing Point                     Flags   Arc   Edge            Cell              Fanout Load Trans Delay Arrival       Instance      
#                                                                                                            (fF)  (ps)  (ps)   (ps)        Location      
#---------------------------------------------------------------------------------------------------------------------------------------------------------
  pp_fir_2_1_1_Delay_Pipeline_reg_re_reg[21][13]/CK   -       -     R     (arrival)                     3702    -    25     0     200               (-,-) 
  pp_fir_2_1_1_Delay_Pipeline_reg_re_reg[21][13]/Q    -       CK->Q R     SDFFRPQA_X1M_A9PP140ZTL_C30      9 12.4    65    66     266   (0.9295,151.7895) 
  pp_fir_2_1_1_csa_tree_ADD_TC_OP_groupi4011_g9728/CO -       B->CO R     ADDF_X2M_A9PP140ZTL_C30          2  3.0    18    39     304               (-,-) 
  pp_fir_2_1_1_csa_tree_ADD_TC_OP_groupi4011_g9682/Y  -       C->Y  F     XOR3_X2M_A9PP140ZTL_C30          2  3.0    20    45     350               (-,-) 
  pp_fir_2_1_1_csa_tree_ADD_TC_OP_groupi4011_g9599/Y  -       B->Y  F     XOR3_X3M_A9PP140ZTL_C30          1  2.8    18    42     392               (-,-) 
  pp_fir_2_1_1_csa_tree_ADD_TC_OP_groupi4011_g9529/S  -       B->S  R     ADDF_X1M_A9PP140ZTL_C30          2  3.5    30    52     444               (-,-) 
  pp_fir_2_1_1_csa_tree_ADD_TC_OP_groupi4011_g9518/Y  -       A->Y  F     NAND2_X3M_A9PP140ZTL_C30         3  3.8    19    13     456               (-,-) 
  pp_fir_2_1_1_csa_tree_ADD_TC_OP_groupi4011_g9504/Y  -       A->Y  R     NAND2_X2M_A9PP140ZTL_C30         2  3.1    21    16     472               (-,-) 
  pp_fir_2_1_1_csa_tree_ADD_TC_OP_groupi4011_g9480/Y  -       A0->Y F     OAI21_X2M_A9PP140ZTL_C30         1  2.3    19    14     486               (-,-) 
  pp_fir_2_1_1_csa_tree_ADD_TC_OP_groupi4011_g9466/Y  -       B0->Y R     AOI21_X4M_A9PP140ZTL_C30         5  7.3    27    20     506               (-,-) 
  pp_fir_2_1_1_csa_tree_ADD_TC_OP_groupi4011_g9460/Y  -       A->Y  F     NOR2XB_X2M_A9PP140ZTL_C30        2  2.5    17    12     518               (-,-) 
  pp_fir_2_1_1_csa_tree_ADD_TC_OP_groupi4011_g9459/Y  -       A->Y  R     INV_X0P8M_A9PP140ZTL_C30         1  1.5    16    13     532               (-,-) 
  pp_fir_2_1_1_csa_tree_ADD_TC_OP_groupi4011_g9447/Y  -       A->Y  F     NAND2_X2M_A9PP140ZTL_C30         2  2.7    16    11     543               (-,-) 
  pp_fir_2_1_1_csa_tree_ADD_TC_OP_groupi4011_g9436/Y  -       A0->Y R     AOI21_X1M_A9PP140ZTL_C30         1  0.8    20    16     558               (-,-) 
  pp_fir_2_1_1_sum1_6_re_1_reg[26]/D                  -       -     R     SDFFRPQ_X1M_A9PP140ZTL_C30       1    -     -     0     558  (17.8200,153.4855) 
#---------------------------------------------------------------------------------------------------------------------------------------------------------



Path 31: MET (0 ps) Setup Check with Pin pp_fir_2_1_1_sum1_6_re_1_reg[24]/CK->D
           View: view_wcl_slow
          Group: clk
     Startpoint: (R) pp_fir_2_1_1_Delay_Pipeline_reg_re_reg[21][8]/CK
          Clock: (R) clk
       Endpoint: (R) pp_fir_2_1_1_sum1_6_re_1_reg[24]/D
          Clock: (R) clk

                     Capture       Launch     
        Clock Edge:+     500            0     
       Src Latency:+       0            0     
       Net Latency:+     200 (I)      200 (I) 
           Arrival:=     700          200     
                                              
             Setup:-      17                  
       Uncertainty:-     125                  
     Required Time:=     558                  
      Launch Clock:-     200                  
         Data Path:-     358                  
             Slack:=       0                  

#--------------------------------------------------------------------------------------------------------------------------------------------------------
#                   Timing Point                     Flags   Arc   Edge            Cell              Fanout Load Trans Delay Arrival       Instance      
#                                                                                                           (fF)  (ps)  (ps)   (ps)        Location      
#--------------------------------------------------------------------------------------------------------------------------------------------------------
  pp_fir_2_1_1_Delay_Pipeline_reg_re_reg[21][8]/CK   -       -     R     (arrival)                     3702    -    25     0     200               (-,-) 
  pp_fir_2_1_1_Delay_Pipeline_reg_re_reg[21][8]/Q    -       CK->Q R     SDFFRPQA_X1M_A9PP140ZTL_C30      9 12.8    67    67     267   (3.1415,132.2475) 
  pp_fir_2_1_1_csa_tree_ADD_TC_OP_groupi4011_g9901/Y -       A->Y  F     INV_X2M_A9PP140ZTL_C30           3  3.5    24    14     280               (-,-) 
  pp_fir_2_1_1_csa_tree_ADD_TC_OP_groupi4011_g9816/Y -       A0->Y R     AOI22_X2M_A9PP140ZTL_C30         2  2.7    33    22     302               (-,-) 
  pp_fir_2_1_1_csa_tree_ADD_TC_OP_groupi4011_g9786/Y -       A->Y  F     INV_X1M_A9PP140ZTL_C30           1  1.7    17    12     314               (-,-) 
  pp_fir_2_1_1_csa_tree_ADD_TC_OP_groupi4011_g9748/Y -       S0->Y F     MXIT2_X1P4M_A9PP140ZTL_C30       2  2.6    30    21     335               (-,-) 
  pp_fir_2_1_1_csa_tree_ADD_TC_OP_groupi4011_g9679/Y -       A->Y  R     XNOR3_X3M_A9PP140ZTL_C30         2  3.8    20    32     367               (-,-) 
  pp_fir_2_1_1_csa_tree_ADD_TC_OP_groupi4011_g9653/Y -       A->Y  F     INV_X3M_A9PP140ZTL_C30           2  3.1    11     8     375               (-,-) 
  pp_fir_2_1_1_csa_tree_ADD_TC_OP_groupi4011_g9627/Y -       A->Y  R     MXIT2_X1P4M_A9PP140ZTL_C30       1  2.8    28    17     392               (-,-) 
  pp_fir_2_1_1_csa_tree_ADD_TC_OP_groupi4011_g9545/S -       B->S  F     ADDF_X1M_A9PP140ZTL_C30          2  3.5    28    49     441               (-,-) 
  pp_fir_2_1_1_csa_tree_ADD_TC_OP_groupi4011_g9507/Y -       A->Y  R     NAND2_X4M_A9PP140ZTL_C30         4  5.6    21    17     458               (-,-) 
  pp_fir_2_1_1_csa_tree_ADD_TC_OP_groupi4011_g9506/Y -       A->Y  F     INV_X3M_A9PP140ZTL_C30           1  1.4     8     6     464               (-,-) 
  pp_fir_2_1_1_csa_tree_ADD_TC_OP_groupi4011_g9485/Y -       A->Y  R     NOR2_X2A_A9PP140ZTL_C30          1  3.0    20    14     478               (-,-) 
  pp_fir_2_1_1_csa_tree_ADD_TC_OP_groupi4011_g9479/Y -       B->Y  F     NAND2_X4A_A9PP140ZTL_C30         2  3.6    14    11     488               (-,-) 
  pp_fir_2_1_1_csa_tree_ADD_TC_OP_groupi4011_g9476/Y -       A->Y  R     NOR2_X2A_A9PP140ZTL_C30          1  1.0    12    10     498               (-,-) 
  pp_fir_2_1_1_csa_tree_ADD_TC_OP_groupi4011_g9460/Y -       BN->Y R     NOR2XB_X2M_A9PP140ZTL_C30        2  2.4    20    23     521               (-,-) 
  pp_fir_2_1_1_csa_tree_ADD_TC_OP_groupi4011_g9459/Y -       A->Y  F     INV_X0P8M_A9PP140ZTL_C30         1  1.5    14    10     531               (-,-) 
  pp_fir_2_1_1_csa_tree_ADD_TC_OP_groupi4011_g9447/Y -       A->Y  R     NAND2_X2M_A9PP140ZTL_C30         2  2.6    18    13     544               (-,-) 
  pp_fir_2_1_1_csa_tree_ADD_TC_OP_groupi4011_g9437/Y -       S0->Y R     MXIT2_X1P4M_A9PP140ZTL_C30       1  0.8    18    14     558               (-,-) 
  pp_fir_2_1_1_sum1_6_re_1_reg[24]/D                 -       -     R     SDFFRPQ_X1M_A9PP140ZTL_C30       1    -     -     0     558  (17.9490,156.8780) 
#--------------------------------------------------------------------------------------------------------------------------------------------------------



Path 32: MET (0 ps) Setup Check with Pin pp_fir_2_1_1_sum1_6_im_1_reg[24]/CK->D
           View: view_wcl_slow
          Group: clk
     Startpoint: (R) pp_fir_2_1_1_Delay_Pipeline_reg_im_reg[21][8]/CK
          Clock: (R) clk
       Endpoint: (R) pp_fir_2_1_1_sum1_6_im_1_reg[24]/D
          Clock: (R) clk

                     Capture       Launch     
        Clock Edge:+     500            0     
       Src Latency:+       0            0     
       Net Latency:+     200 (I)      200 (I) 
           Arrival:=     700          200     
                                              
             Setup:-      17                  
       Uncertainty:-     125                  
     Required Time:=     558                  
      Launch Clock:-     200                  
         Data Path:-     358                  
             Slack:=       0                  

#---------------------------------------------------------------------------------------------------------------------------------------------------------
#                   Timing Point                     Flags   Arc   Edge            Cell              Fanout Load Trans Delay Arrival       Instance       
#                                                                                                           (fF)  (ps)  (ps)   (ps)        Location       
#---------------------------------------------------------------------------------------------------------------------------------------------------------
  pp_fir_2_1_1_Delay_Pipeline_reg_im_reg[21][8]/CK   -       -     R     (arrival)                     3702    -    25     0     200                (-,-) 
  pp_fir_2_1_1_Delay_Pipeline_reg_im_reg[21][8]/Q    -       CK->Q R     SDFFRPQA_X1M_A9PP140ZTL_C30      9 12.8    67    67     267  (129.2755,151.3825) 
  pp_fir_2_1_1_csa_tree_ADD_TC_OP_groupi4010_g9901/Y -       A->Y  F     INV_X2M_A9PP140ZTL_C30           3  3.5    24    14     280                (-,-) 
  pp_fir_2_1_1_csa_tree_ADD_TC_OP_groupi4010_g9816/Y -       A0->Y R     AOI22_X2M_A9PP140ZTL_C30         2  2.7    33    22     302                (-,-) 
  pp_fir_2_1_1_csa_tree_ADD_TC_OP_groupi4010_g9786/Y -       A->Y  F     INV_X1M_A9PP140ZTL_C30           1  1.7    17    12     314                (-,-) 
  pp_fir_2_1_1_csa_tree_ADD_TC_OP_groupi4010_g9748/Y -       S0->Y F     MXIT2_X1P4M_A9PP140ZTL_C30       2  2.6    30    21     335                (-,-) 
  pp_fir_2_1_1_csa_tree_ADD_TC_OP_groupi4010_g9679/Y -       A->Y  R     XNOR3_X3M_A9PP140ZTL_C30         2  3.8    20    32     367                (-,-) 
  pp_fir_2_1_1_csa_tree_ADD_TC_OP_groupi4010_g9653/Y -       A->Y  F     INV_X3M_A9PP140ZTL_C30           2  3.1    11     8     375                (-,-) 
  pp_fir_2_1_1_csa_tree_ADD_TC_OP_groupi4010_g9627/Y -       A->Y  R     MXIT2_X1P4M_A9PP140ZTL_C30       1  2.8    28    17     392                (-,-) 
  pp_fir_2_1_1_csa_tree_ADD_TC_OP_groupi4010_g9545/S -       B->S  F     ADDF_X1M_A9PP140ZTL_C30          2  3.5    28    49     441                (-,-) 
  pp_fir_2_1_1_csa_tree_ADD_TC_OP_groupi4010_g9507/Y -       A->Y  R     NAND2_X4M_A9PP140ZTL_C30         4  5.6    21    17     458                (-,-) 
  pp_fir_2_1_1_csa_tree_ADD_TC_OP_groupi4010_g9506/Y -       A->Y  F     INV_X3M_A9PP140ZTL_C30           1  1.4     8     6     464                (-,-) 
  pp_fir_2_1_1_csa_tree_ADD_TC_OP_groupi4010_g9485/Y -       A->Y  R     NOR2_X2A_A9PP140ZTL_C30          1  3.0    20    14     478                (-,-) 
  pp_fir_2_1_1_csa_tree_ADD_TC_OP_groupi4010_g9479/Y -       B->Y  F     NAND2_X4A_A9PP140ZTL_C30         2  3.6    14    11     488                (-,-) 
  pp_fir_2_1_1_csa_tree_ADD_TC_OP_groupi4010_g9476/Y -       A->Y  R     NOR2_X2A_A9PP140ZTL_C30          1  1.0    12    10     498                (-,-) 
  pp_fir_2_1_1_csa_tree_ADD_TC_OP_groupi4010_g9460/Y -       BN->Y R     NOR2XB_X2M_A9PP140ZTL_C30        2  2.4    20    23     521                (-,-) 
  pp_fir_2_1_1_csa_tree_ADD_TC_OP_groupi4010_g9459/Y -       A->Y  F     INV_X0P8M_A9PP140ZTL_C30         1  1.5    14    10     531                (-,-) 
  pp_fir_2_1_1_csa_tree_ADD_TC_OP_groupi4010_g9447/Y -       A->Y  R     NAND2_X2M_A9PP140ZTL_C30         2  2.6    18    13     544                (-,-) 
  pp_fir_2_1_1_csa_tree_ADD_TC_OP_groupi4010_g9437/Y -       S0->Y R     MXIT2_X1P4M_A9PP140ZTL_C30       1  0.8    18    14     558                (-,-) 
  pp_fir_2_1_1_sum1_6_im_1_reg[24]/D                 -       -     R     SDFFRPQ_X1M_A9PP140ZTL_C30       1    -     -     0     558  (143.5645,121.9405) 
#---------------------------------------------------------------------------------------------------------------------------------------------------------



Path 33: MET (0 ps) Setup Check with Pin pp_fir_2_1_1_sum1_5_re_1_reg[25]/CK->D
           View: view_wcl_slow
          Group: clk
     Startpoint: (R) pp_fir_2_1_1_Delay_Pipeline_reg_re_reg[22][1]/CK
          Clock: (R) clk
       Endpoint: (F) pp_fir_2_1_1_sum1_5_re_1_reg[25]/D
          Clock: (R) clk

                     Capture       Launch     
        Clock Edge:+     500            0     
       Src Latency:+       0            0     
       Net Latency:+     200 (I)      200 (I) 
           Arrival:=     700          200     
                                              
             Setup:-      14                  
       Uncertainty:-     125                  
     Required Time:=     561                  
      Launch Clock:-     200                  
         Data Path:-     360                  
             Slack:=       0                  

#-----------------------------------------------------------------------------------------------------------------------------------------------------------
#                    Timing Point                     Flags    Arc   Edge             Cell              Fanout Load Trans Delay Arrival       Instance      
#                                                                                                              (fF)  (ps)  (ps)   (ps)        Location      
#-----------------------------------------------------------------------------------------------------------------------------------------------------------
  pp_fir_2_1_1_Delay_Pipeline_reg_re_reg[22][1]/CK    -       -      R     (arrival)                      3702    -    25     0     200               (-,-) 
  pp_fir_2_1_1_Delay_Pipeline_reg_re_reg[22][1]/QN    -       CK->QN F     SDFFRPQNA_X1M_A9PP140ZTL_C30      1  1.1    16    33     233  (34.3480,134.2185) 
  g2873663/Y                                          -       A->Y   R     INV_X1M_A9PP140ZTL_C30            6  7.6    45    30     264               (-,-) 
  pp_fir_2_1_1_csa_tree_ADD_TC_OP_groupi4013_g1445/Y  -       B->Y   F     NOR2_X1A_A9PP140ZTL_C30           2  2.7    30    21     285               (-,-) 
  pp_fir_2_1_1_csa_tree_ADD_TC_OP_groupi4013_g1431/Y  -       A1->Y  R     OAI21_X2M_A9PP140ZTL_C30          2  2.7    25    22     307               (-,-) 
  pp_fir_2_1_1_csa_tree_ADD_TC_OP_groupi4013_g1425/Y  -       A0->Y  F     AOI21_X2M_A9PP140ZTL_C30          2  2.5    24    16     323               (-,-) 
  pp_fir_2_1_1_csa_tree_ADD_TC_OP_groupi4013_g1410/Y  -       A0->Y  R     OAI21_X2M_A9PP140ZTL_C30          1  2.8    25    20     343               (-,-) 
  pp_fir_2_1_1_csa_tree_ADD_TC_OP_groupi4013_g1399/CO -       B->CO  R     ADDF_X2M_A9PP140ZTL_C30           1  2.8    16    34     376               (-,-) 
  pp_fir_2_1_1_csa_tree_ADD_TC_OP_groupi4013_g1352/CO -       B->CO  R     ADDF_X2M_A9PP140ZTL_C30           2  2.7    16    32     408               (-,-) 
  pp_fir_2_1_1_csa_tree_ADD_TC_OP_groupi4013_g1319/Y  -       A0->Y  F     AOI21_X2M_A9PP140ZTL_C30          2  2.4    20    14     422               (-,-) 
  pp_fir_2_1_1_csa_tree_ADD_TC_OP_groupi4013_g1296/Y  -       A0->Y  R     OAI2XB1_X2M_A9PP140ZTL_C30        3  3.5    28    20     443               (-,-) 
  pp_fir_2_1_1_csa_tree_ADD_TC_OP_groupi4013_g1506/Y  -       A->Y   F     NAND3_X2A_A9PP140ZTL_C30          2  3.1    30    19     462               (-,-) 
  pp_fir_2_1_1_csa_tree_ADD_TC_OP_groupi4013_g1284/Y  -       B->Y   R     NOR2_X3A_A9PP140ZTL_C30           2  4.2    22    19     481               (-,-) 
  pp_fir_2_1_1_csa_tree_ADD_TC_OP_groupi4013_g1279/Y  -       A1->Y  F     AOI22_X3M_A9PP140ZTL_C30          1  3.8    28    19     499               (-,-) 
  pp_fir_2_1_1_csa_tree_ADD_TC_OP_groupi4013_g1275/Y  -       A->Y   R     NAND2_X6M_A9PP140ZTL_C30          6  8.0    22    16     516               (-,-) 
  pp_fir_2_1_1_csa_tree_ADD_TC_OP_groupi4013_g1270/Y  -       A->Y   F     NAND2_X2A_A9PP140ZTL_C30          2  2.5    17    12     528               (-,-) 
  pp_fir_2_1_1_csa_tree_ADD_TC_OP_groupi4013_g1257/Y  -       A0->Y  R     OAI21_X1M_A9PP140ZTL_C30          1  1.5    29    20     549               (-,-) 
  pp_fir_2_1_1_csa_tree_ADD_TC_OP_groupi4013_g1247/Y  -       A0->Y  F     AOI21_X2M_A9PP140ZTL_C30          1  0.8    17    12     560               (-,-) 
  pp_fir_2_1_1_sum1_5_re_1_reg[25]/D                  -       -      F     SDFFRPQ_X1M_A9PP140ZTL_C30        1    -     -     0     560  (26.9895,154.5660) 
#-----------------------------------------------------------------------------------------------------------------------------------------------------------



Path 34: MET (0 ps) Setup Check with Pin pp_fir_2_1_1_sum1_5_im_1_reg[25]/CK->D
           View: view_wcl_slow
          Group: clk
     Startpoint: (R) pp_fir_2_1_1_Delay_Pipeline_reg_im_reg[22][1]/CK
          Clock: (R) clk
       Endpoint: (F) pp_fir_2_1_1_sum1_5_im_1_reg[25]/D
          Clock: (R) clk

                     Capture       Launch     
        Clock Edge:+     500            0     
       Src Latency:+       0            0     
       Net Latency:+     200 (I)      200 (I) 
           Arrival:=     700          200     
                                              
             Setup:-      14                  
       Uncertainty:-     125                  
     Required Time:=     561                  
      Launch Clock:-     200                  
         Data Path:-     360                  
             Slack:=       0                  

#------------------------------------------------------------------------------------------------------------------------------------------------------------
#                    Timing Point                     Flags    Arc   Edge             Cell              Fanout Load Trans Delay Arrival       Instance       
#                                                                                                              (fF)  (ps)  (ps)   (ps)        Location       
#------------------------------------------------------------------------------------------------------------------------------------------------------------
  pp_fir_2_1_1_Delay_Pipeline_reg_im_reg[22][1]/CK    -       -      R     (arrival)                      3702    -    25     0     200                (-,-) 
  pp_fir_2_1_1_Delay_Pipeline_reg_im_reg[22][1]/QN    -       CK->QN F     SDFFRPQNA_X1M_A9PP140ZTL_C30      1  1.1    16    33     233  (169.8040,155.7100) 
  g2873725/Y                                          -       A->Y   R     INV_X1M_A9PP140ZTL_C30            6  7.6    45    30     264                (-,-) 
  pp_fir_2_1_1_csa_tree_ADD_TC_OP_groupi4012_g1445/Y  -       B->Y   F     NOR2_X1A_A9PP140ZTL_C30           2  2.7    30    21     285                (-,-) 
  pp_fir_2_1_1_csa_tree_ADD_TC_OP_groupi4012_g1431/Y  -       A1->Y  R     OAI21_X2M_A9PP140ZTL_C30          2  2.7    25    22     307                (-,-) 
  pp_fir_2_1_1_csa_tree_ADD_TC_OP_groupi4012_g1425/Y  -       A0->Y  F     AOI21_X2M_A9PP140ZTL_C30          2  2.5    24    16     323                (-,-) 
  pp_fir_2_1_1_csa_tree_ADD_TC_OP_groupi4012_g1410/Y  -       A0->Y  R     OAI21_X2M_A9PP140ZTL_C30          1  2.8    25    20     343                (-,-) 
  pp_fir_2_1_1_csa_tree_ADD_TC_OP_groupi4012_g1399/CO -       B->CO  R     ADDF_X2M_A9PP140ZTL_C30           1  2.8    16    34     376                (-,-) 
  pp_fir_2_1_1_csa_tree_ADD_TC_OP_groupi4012_g1352/CO -       B->CO  R     ADDF_X2M_A9PP140ZTL_C30           2  2.7    16    32     408                (-,-) 
  pp_fir_2_1_1_csa_tree_ADD_TC_OP_groupi4012_g1319/Y  -       A0->Y  F     AOI21_X2M_A9PP140ZTL_C30          2  2.4    20    14     422                (-,-) 
  pp_fir_2_1_1_csa_tree_ADD_TC_OP_groupi4012_g1296/Y  -       A0->Y  R     OAI2XB1_X2M_A9PP140ZTL_C30        3  3.5    28    20     443                (-,-) 
  pp_fir_2_1_1_csa_tree_ADD_TC_OP_groupi4012_g1506/Y  -       A->Y   F     NAND3_X2A_A9PP140ZTL_C30          2  3.1    30    19     462                (-,-) 
  pp_fir_2_1_1_csa_tree_ADD_TC_OP_groupi4012_g1284/Y  -       B->Y   R     NOR2_X3A_A9PP140ZTL_C30           2  4.2    22    19     481                (-,-) 
  pp_fir_2_1_1_csa_tree_ADD_TC_OP_groupi4012_g1279/Y  -       A1->Y  F     AOI22_X3M_A9PP140ZTL_C30          1  3.8    28    19     499                (-,-) 
  pp_fir_2_1_1_csa_tree_ADD_TC_OP_groupi4012_g1275/Y  -       A->Y   R     NAND2_X6M_A9PP140ZTL_C30          6  8.0    22    16     516                (-,-) 
  pp_fir_2_1_1_csa_tree_ADD_TC_OP_groupi4012_g1270/Y  -       A->Y   F     NAND2_X2A_A9PP140ZTL_C30          2  2.5    17    12     528                (-,-) 
  pp_fir_2_1_1_csa_tree_ADD_TC_OP_groupi4012_g1257/Y  -       A0->Y  R     OAI21_X1M_A9PP140ZTL_C30          1  1.5    29    20     549                (-,-) 
  pp_fir_2_1_1_csa_tree_ADD_TC_OP_groupi4012_g1247/Y  -       A0->Y  F     AOI21_X2M_A9PP140ZTL_C30          1  0.8    17    12     560                (-,-) 
  pp_fir_2_1_1_sum1_5_im_1_reg[25]/D                  -       -      F     SDFFRPQ_X1M_A9PP140ZTL_C30        1    -     -     0     560  (163.6735,122.4115) 
#------------------------------------------------------------------------------------------------------------------------------------------------------------



Path 35: MET (0 ps) Setup Check with Pin pp_fir_2_1_1_sum2_6_re_1_reg[30]/CK->D
           View: view_wcl_slow
          Group: clk
     Startpoint: (R) pp_fir_2_1_1_sum1_12_re_1_reg[0]/CK
          Clock: (R) clk
       Endpoint: (F) pp_fir_2_1_1_sum2_6_re_1_reg[30]/D
          Clock: (R) clk

                     Capture       Launch     
        Clock Edge:+     500            0     
       Src Latency:+       0            0     
       Net Latency:+     200 (I)      200 (I) 
           Arrival:=     700          200     
                                              
             Setup:-      49                  
       Uncertainty:-     125                  
     Required Time:=     526                  
      Launch Clock:-     200                  
         Data Path:-     326                  
             Slack:=       0                  

#----------------------------------------------------------------------------------------------------------------------------------------
#            Timing Point             Flags   Arc   Edge            Cell              Fanout Load Trans Delay Arrival      Instance      
#                                                                                            (fF)  (ps)  (ps)   (ps)       Location      
#----------------------------------------------------------------------------------------------------------------------------------------
  pp_fir_2_1_1_sum1_12_re_1_reg[0]/CK -       -     R     (arrival)                     3702    -    25     0     200              (-,-) 
  pp_fir_2_1_1_sum1_12_re_1_reg[0]/Q  -       CK->Q R     SDFFRPQA_X1M_A9PP140ZTL_C30      3  2.8    18    40     240  (62.8100,21.6015) 
  pp_fir_2_1_1_add_1119_35_g1214/Y    -       A->Y  F     NAND2_X1B_A9PP140ZTL_C30         3  3.2    32    22     262              (-,-) 
  pp_fir_2_1_1_add_1119_35_g1100/Y    -       A0->Y R     OAI21_X1M_A9PP140ZTL_C30         2  2.2    36    28     290              (-,-) 
  pp_fir_2_1_1_add_1119_35_g1093/Y    -       A0->Y F     AOI21_X1M_A9PP140ZTL_C30         2  2.8    38    26     316              (-,-) 
  pp_fir_2_1_1_add_1119_35_g1091/Y    -       A0->Y R     OAI21_X2M_A9PP140ZTL_C30         3  3.2    30    24     340              (-,-) 
  g2873860/Y                          -       A0->Y F     AOI31_X1P4M_A9PP140ZTL_C30       4  5.2    54    34     374              (-,-) 
  pp_fir_2_1_1_add_1119_35_g1081/Y    -       A0->Y R     OAI21B_X3M_A9PP140ZTL_C30        3  4.1    32    25     399              (-,-) 
  g2873874/Y                          -       A0->Y F     AOI31_X3M_A9PP140ZTL_C30         3  4.7    37    25     424              (-,-) 
  pp_fir_2_1_1_add_1119_35_g1060/Y    -       A0->Y R     OAI21B_X4M_A9PP140ZTL_C30        4  5.1    27    21     444              (-,-) 
  pp_fir_2_1_1_add_1119_35_g1055/Y    -       A0->Y F     AOI21_X3M_A9PP140ZTL_C30         3  4.4    26    18     462              (-,-) 
  g2873886/Y                          -       A0->Y R     OAI31_X3M_A9PP140ZTL_C30         2  2.7    31    23     486              (-,-) 
  pp_fir_2_1_1_add_1119_35_g1044/Y    -       A->Y  F     NAND2XB_X2M_A9PP140ZTL_C30       2  2.0    18    11     497              (-,-) 
  pp_fir_2_1_1_add_1119_35_g1043/Y    -       A->Y  R     INV_X0P8M_A9PP140ZTL_C30         1  1.1    14    12     508              (-,-) 
  pp_fir_2_1_1_add_1119_35_g1038/Y    -       A0->Y F     OAI21_X1M_A9PP140ZTL_C30         3  2.2    29    17     526              (-,-) 
  pp_fir_2_1_1_sum2_6_re_1_reg[30]/D  -       -     F     SDFFRPQA_X1M_A9PP140ZTL_C30      3    -     -     0     526  (80.6500,87.4465) 
#----------------------------------------------------------------------------------------------------------------------------------------



Path 36: MET (0 ps) Setup Check with Pin pp_fir_2_1_1_sum2_6_re_1_reg[29]/CK->D
           View: view_wcl_slow
          Group: clk
     Startpoint: (R) pp_fir_2_1_1_sum1_12_re_1_reg[0]/CK
          Clock: (R) clk
       Endpoint: (F) pp_fir_2_1_1_sum2_6_re_1_reg[29]/D
          Clock: (R) clk

                     Capture       Launch     
        Clock Edge:+     500            0     
       Src Latency:+       0            0     
       Net Latency:+     200 (I)      200 (I) 
           Arrival:=     700          200     
                                              
             Setup:-      49                  
       Uncertainty:-     125                  
     Required Time:=     526                  
      Launch Clock:-     200                  
         Data Path:-     326                  
             Slack:=       0                  

#----------------------------------------------------------------------------------------------------------------------------------------
#            Timing Point             Flags   Arc   Edge            Cell              Fanout Load Trans Delay Arrival      Instance      
#                                                                                            (fF)  (ps)  (ps)   (ps)       Location      
#----------------------------------------------------------------------------------------------------------------------------------------
  pp_fir_2_1_1_sum1_12_re_1_reg[0]/CK -       -     R     (arrival)                     3702    -    25     0     200              (-,-) 
  pp_fir_2_1_1_sum1_12_re_1_reg[0]/Q  -       CK->Q R     SDFFRPQA_X1M_A9PP140ZTL_C30      3  2.8    18    40     240  (62.8100,21.6015) 
  pp_fir_2_1_1_add_1119_35_g1214/Y    -       A->Y  F     NAND2_X1B_A9PP140ZTL_C30         3  3.2    32    22     262              (-,-) 
  pp_fir_2_1_1_add_1119_35_g1100/Y    -       A0->Y R     OAI21_X1M_A9PP140ZTL_C30         2  2.2    36    28     290              (-,-) 
  pp_fir_2_1_1_add_1119_35_g1093/Y    -       A0->Y F     AOI21_X1M_A9PP140ZTL_C30         2  2.8    38    26     316              (-,-) 
  pp_fir_2_1_1_add_1119_35_g1091/Y    -       A0->Y R     OAI21_X2M_A9PP140ZTL_C30         3  3.2    30    24     340              (-,-) 
  g2873860/Y                          -       A0->Y F     AOI31_X1P4M_A9PP140ZTL_C30       4  5.2    54    34     374              (-,-) 
  pp_fir_2_1_1_add_1119_35_g1081/Y    -       A0->Y R     OAI21B_X3M_A9PP140ZTL_C30        3  4.1    32    25     399              (-,-) 
  g2873874/Y                          -       A0->Y F     AOI31_X3M_A9PP140ZTL_C30         3  4.7    37    25     424              (-,-) 
  pp_fir_2_1_1_add_1119_35_g1060/Y    -       A0->Y R     OAI21B_X4M_A9PP140ZTL_C30        4  5.1    27    21     444              (-,-) 
  pp_fir_2_1_1_add_1119_35_g1055/Y    -       A0->Y F     AOI21_X3M_A9PP140ZTL_C30         3  4.4    26    18     462              (-,-) 
  g2873886/Y                          -       A0->Y R     OAI31_X3M_A9PP140ZTL_C30         2  2.7    31    23     486              (-,-) 
  pp_fir_2_1_1_add_1119_35_g1044/Y    -       A->Y  F     NAND2XB_X2M_A9PP140ZTL_C30       2  2.0    18    11     497              (-,-) 
  pp_fir_2_1_1_add_1119_35_g1043/Y    -       A->Y  R     INV_X0P8M_A9PP140ZTL_C30         1  1.1    14    12     508              (-,-) 
  pp_fir_2_1_1_add_1119_35_g1038/Y    -       A0->Y F     OAI21_X1M_A9PP140ZTL_C30         3  2.2    29    17     526              (-,-) 
  pp_fir_2_1_1_sum2_6_re_1_reg[29]/D  -       -     F     SDFFRPQA_X1M_A9PP140ZTL_C30      3    -     -     0     526  (79.8605,86.5040) 
#----------------------------------------------------------------------------------------------------------------------------------------



Path 37: MET (0 ps) Setup Check with Pin pp_fir_2_1_1_sum2_6_re_1_reg[28]/CK->D
           View: view_wcl_slow
          Group: clk
     Startpoint: (R) pp_fir_2_1_1_sum1_12_re_1_reg[0]/CK
          Clock: (R) clk
       Endpoint: (F) pp_fir_2_1_1_sum2_6_re_1_reg[28]/D
          Clock: (R) clk

                     Capture       Launch     
        Clock Edge:+     500            0     
       Src Latency:+       0            0     
       Net Latency:+     200 (I)      200 (I) 
           Arrival:=     700          200     
                                              
             Setup:-      49                  
       Uncertainty:-     125                  
     Required Time:=     526                  
      Launch Clock:-     200                  
         Data Path:-     326                  
             Slack:=       0                  

#----------------------------------------------------------------------------------------------------------------------------------------
#            Timing Point             Flags   Arc   Edge            Cell              Fanout Load Trans Delay Arrival      Instance      
#                                                                                            (fF)  (ps)  (ps)   (ps)       Location      
#----------------------------------------------------------------------------------------------------------------------------------------
  pp_fir_2_1_1_sum1_12_re_1_reg[0]/CK -       -     R     (arrival)                     3702    -    25     0     200              (-,-) 
  pp_fir_2_1_1_sum1_12_re_1_reg[0]/Q  -       CK->Q R     SDFFRPQA_X1M_A9PP140ZTL_C30      3  2.8    18    40     240  (62.8100,21.6015) 
  pp_fir_2_1_1_add_1119_35_g1214/Y    -       A->Y  F     NAND2_X1B_A9PP140ZTL_C30         3  3.2    32    22     262              (-,-) 
  pp_fir_2_1_1_add_1119_35_g1100/Y    -       A0->Y R     OAI21_X1M_A9PP140ZTL_C30         2  2.2    36    28     290              (-,-) 
  pp_fir_2_1_1_add_1119_35_g1093/Y    -       A0->Y F     AOI21_X1M_A9PP140ZTL_C30         2  2.8    38    26     316              (-,-) 
  pp_fir_2_1_1_add_1119_35_g1091/Y    -       A0->Y R     OAI21_X2M_A9PP140ZTL_C30         3  3.2    30    24     340              (-,-) 
  g2873860/Y                          -       A0->Y F     AOI31_X1P4M_A9PP140ZTL_C30       4  5.2    54    34     374              (-,-) 
  pp_fir_2_1_1_add_1119_35_g1081/Y    -       A0->Y R     OAI21B_X3M_A9PP140ZTL_C30        3  4.1    32    25     399              (-,-) 
  g2873874/Y                          -       A0->Y F     AOI31_X3M_A9PP140ZTL_C30         3  4.7    37    25     424              (-,-) 
  pp_fir_2_1_1_add_1119_35_g1060/Y    -       A0->Y R     OAI21B_X4M_A9PP140ZTL_C30        4  5.1    27    21     444              (-,-) 
  pp_fir_2_1_1_add_1119_35_g1055/Y    -       A0->Y F     AOI21_X3M_A9PP140ZTL_C30         3  4.4    26    18     462              (-,-) 
  g2873886/Y                          -       A0->Y R     OAI31_X3M_A9PP140ZTL_C30         2  2.7    31    23     486              (-,-) 
  pp_fir_2_1_1_add_1119_35_g1044/Y    -       A->Y  F     NAND2XB_X2M_A9PP140ZTL_C30       2  2.0    18    11     497              (-,-) 
  pp_fir_2_1_1_add_1119_35_g1043/Y    -       A->Y  R     INV_X0P8M_A9PP140ZTL_C30         1  1.1    14    12     508              (-,-) 
  pp_fir_2_1_1_add_1119_35_g1038/Y    -       A0->Y F     OAI21_X1M_A9PP140ZTL_C30         3  2.2    29    17     526              (-,-) 
  pp_fir_2_1_1_sum2_6_re_1_reg[28]/D  -       -     F     SDFFRPQA_X1M_A9PP140ZTL_C30      3    -     -     0     526  (80.5395,85.5080) 
#----------------------------------------------------------------------------------------------------------------------------------------



Path 38: MET (0 ps) Setup Check with Pin pp_fir_2_1_1_sum2_6_im_1_reg[30]/CK->D
           View: view_wcl_slow
          Group: clk
     Startpoint: (R) pp_fir_2_1_1_sum1_12_im_1_reg[0]/CK
          Clock: (R) clk
       Endpoint: (F) pp_fir_2_1_1_sum2_6_im_1_reg[30]/D
          Clock: (R) clk

                     Capture       Launch     
        Clock Edge:+     500            0     
       Src Latency:+       0            0     
       Net Latency:+     200 (I)      200 (I) 
           Arrival:=     700          200     
                                              
             Setup:-      49                  
       Uncertainty:-     125                  
     Required Time:=     526                  
      Launch Clock:-     200                  
         Data Path:-     326                  
             Slack:=       0                  

#-----------------------------------------------------------------------------------------------------------------------------------------
#            Timing Point             Flags   Arc   Edge            Cell              Fanout Load Trans Delay Arrival       Instance      
#                                                                                            (fF)  (ps)  (ps)   (ps)        Location      
#-----------------------------------------------------------------------------------------------------------------------------------------
  pp_fir_2_1_1_sum1_12_im_1_reg[0]/CK -       -     R     (arrival)                     3702    -    25     0     200               (-,-) 
  pp_fir_2_1_1_sum1_12_im_1_reg[0]/Q  -       CK->Q R     SDFFRPQA_X1M_A9PP140ZTL_C30      3  2.8    18    40     240  (180.2180,39.7790) 
  pp_fir_2_1_1_add_1120_35_g1214/Y    -       A->Y  F     NAND2_X1B_A9PP140ZTL_C30         3  3.2    32    22     262               (-,-) 
  pp_fir_2_1_1_add_1120_35_g1100/Y    -       A0->Y R     OAI21_X1M_A9PP140ZTL_C30         2  2.2    36    28     290               (-,-) 
  pp_fir_2_1_1_add_1120_35_g1093/Y    -       A0->Y F     AOI21_X1M_A9PP140ZTL_C30         2  2.8    38    26     316               (-,-) 
  pp_fir_2_1_1_add_1120_35_g1091/Y    -       A0->Y R     OAI21_X2M_A9PP140ZTL_C30         3  3.2    30    24     340               (-,-) 
  g2873859/Y                          -       A0->Y F     AOI31_X1P4M_A9PP140ZTL_C30       4  5.2    54    34     374               (-,-) 
  pp_fir_2_1_1_add_1120_35_g1081/Y    -       A0->Y R     OAI21B_X3M_A9PP140ZTL_C30        3  4.1    32    25     399               (-,-) 
  g2873873/Y                          -       A0->Y F     AOI31_X3M_A9PP140ZTL_C30         3  4.7    37    25     424               (-,-) 
  pp_fir_2_1_1_add_1120_35_g1060/Y    -       A0->Y R     OAI21B_X4M_A9PP140ZTL_C30        4  5.1    27    21     444               (-,-) 
  pp_fir_2_1_1_add_1120_35_g1055/Y    -       A0->Y F     AOI21_X3M_A9PP140ZTL_C30         3  4.4    26    18     462               (-,-) 
  g2873885/Y                          -       A0->Y R     OAI31_X3M_A9PP140ZTL_C30         2  2.7    31    23     486               (-,-) 
  pp_fir_2_1_1_add_1120_35_g1044/Y    -       A->Y  F     NAND2XB_X2M_A9PP140ZTL_C30       2  2.0    18    11     497               (-,-) 
  pp_fir_2_1_1_add_1120_35_g1043/Y    -       A->Y  R     INV_X0P8M_A9PP140ZTL_C30         1  1.1    14    12     508               (-,-) 
  pp_fir_2_1_1_add_1120_35_g1038/Y    -       A0->Y F     OAI21_X1M_A9PP140ZTL_C30         3  2.2    29    17     526               (-,-) 
  pp_fir_2_1_1_sum2_6_im_1_reg[30]/D  -       -     F     SDFFRPQA_X1M_A9PP140ZTL_C30      3    -     -     0     526  (144.5740,91.9720) 
#-----------------------------------------------------------------------------------------------------------------------------------------



Path 39: MET (0 ps) Setup Check with Pin pp_fir_2_1_1_sum2_6_im_1_reg[29]/CK->D
           View: view_wcl_slow
          Group: clk
     Startpoint: (R) pp_fir_2_1_1_sum1_12_im_1_reg[0]/CK
          Clock: (R) clk
       Endpoint: (F) pp_fir_2_1_1_sum2_6_im_1_reg[29]/D
          Clock: (R) clk

                     Capture       Launch     
        Clock Edge:+     500            0     
       Src Latency:+       0            0     
       Net Latency:+     200 (I)      200 (I) 
           Arrival:=     700          200     
                                              
             Setup:-      49                  
       Uncertainty:-     125                  
     Required Time:=     526                  
      Launch Clock:-     200                  
         Data Path:-     326                  
             Slack:=       0                  

#-----------------------------------------------------------------------------------------------------------------------------------------
#            Timing Point             Flags   Arc   Edge            Cell              Fanout Load Trans Delay Arrival       Instance      
#                                                                                            (fF)  (ps)  (ps)   (ps)        Location      
#-----------------------------------------------------------------------------------------------------------------------------------------
  pp_fir_2_1_1_sum1_12_im_1_reg[0]/CK -       -     R     (arrival)                     3702    -    25     0     200               (-,-) 
  pp_fir_2_1_1_sum1_12_im_1_reg[0]/Q  -       CK->Q R     SDFFRPQA_X1M_A9PP140ZTL_C30      3  2.8    18    40     240  (180.2180,39.7790) 
  pp_fir_2_1_1_add_1120_35_g1214/Y    -       A->Y  F     NAND2_X1B_A9PP140ZTL_C30         3  3.2    32    22     262               (-,-) 
  pp_fir_2_1_1_add_1120_35_g1100/Y    -       A0->Y R     OAI21_X1M_A9PP140ZTL_C30         2  2.2    36    28     290               (-,-) 
  pp_fir_2_1_1_add_1120_35_g1093/Y    -       A0->Y F     AOI21_X1M_A9PP140ZTL_C30         2  2.8    38    26     316               (-,-) 
  pp_fir_2_1_1_add_1120_35_g1091/Y    -       A0->Y R     OAI21_X2M_A9PP140ZTL_C30         3  3.2    30    24     340               (-,-) 
  g2873859/Y                          -       A0->Y F     AOI31_X1P4M_A9PP140ZTL_C30       4  5.2    54    34     374               (-,-) 
  pp_fir_2_1_1_add_1120_35_g1081/Y    -       A0->Y R     OAI21B_X3M_A9PP140ZTL_C30        3  4.1    32    25     399               (-,-) 
  g2873873/Y                          -       A0->Y F     AOI31_X3M_A9PP140ZTL_C30         3  4.7    37    25     424               (-,-) 
  pp_fir_2_1_1_add_1120_35_g1060/Y    -       A0->Y R     OAI21B_X4M_A9PP140ZTL_C30        4  5.1    27    21     444               (-,-) 
  pp_fir_2_1_1_add_1120_35_g1055/Y    -       A0->Y F     AOI21_X3M_A9PP140ZTL_C30         3  4.4    26    18     462               (-,-) 
  g2873885/Y                          -       A0->Y R     OAI31_X3M_A9PP140ZTL_C30         2  2.7    31    23     486               (-,-) 
  pp_fir_2_1_1_add_1120_35_g1044/Y    -       A->Y  F     NAND2XB_X2M_A9PP140ZTL_C30       2  2.0    18    11     497               (-,-) 
  pp_fir_2_1_1_add_1120_35_g1043/Y    -       A->Y  R     INV_X0P8M_A9PP140ZTL_C30         1  1.1    14    12     508               (-,-) 
  pp_fir_2_1_1_add_1120_35_g1038/Y    -       A0->Y F     OAI21_X1M_A9PP140ZTL_C30         3  2.2    29    17     526               (-,-) 
  pp_fir_2_1_1_sum2_6_im_1_reg[29]/D  -       -     F     SDFFRPQA_X1M_A9PP140ZTL_C30      3    -     -     0     526  (145.5910,90.9195) 
#-----------------------------------------------------------------------------------------------------------------------------------------



Path 40: MET (0 ps) Setup Check with Pin pp_fir_2_1_1_sum2_6_im_1_reg[28]/CK->D
           View: view_wcl_slow
          Group: clk
     Startpoint: (R) pp_fir_2_1_1_sum1_12_im_1_reg[0]/CK
          Clock: (R) clk
       Endpoint: (F) pp_fir_2_1_1_sum2_6_im_1_reg[28]/D
          Clock: (R) clk

                     Capture       Launch     
        Clock Edge:+     500            0     
       Src Latency:+       0            0     
       Net Latency:+     200 (I)      200 (I) 
           Arrival:=     700          200     
                                              
             Setup:-      49                  
       Uncertainty:-     125                  
     Required Time:=     526                  
      Launch Clock:-     200                  
         Data Path:-     326                  
             Slack:=       0                  

#-----------------------------------------------------------------------------------------------------------------------------------------
#            Timing Point             Flags   Arc   Edge            Cell              Fanout Load Trans Delay Arrival       Instance      
#                                                                                            (fF)  (ps)  (ps)   (ps)        Location      
#-----------------------------------------------------------------------------------------------------------------------------------------
  pp_fir_2_1_1_sum1_12_im_1_reg[0]/CK -       -     R     (arrival)                     3702    -    25     0     200               (-,-) 
  pp_fir_2_1_1_sum1_12_im_1_reg[0]/Q  -       CK->Q R     SDFFRPQA_X1M_A9PP140ZTL_C30      3  2.8    18    40     240  (180.2180,39.7790) 
  pp_fir_2_1_1_add_1120_35_g1214/Y    -       A->Y  F     NAND2_X1B_A9PP140ZTL_C30         3  3.2    32    22     262               (-,-) 
  pp_fir_2_1_1_add_1120_35_g1100/Y    -       A0->Y R     OAI21_X1M_A9PP140ZTL_C30         2  2.2    36    28     290               (-,-) 
  pp_fir_2_1_1_add_1120_35_g1093/Y    -       A0->Y F     AOI21_X1M_A9PP140ZTL_C30         2  2.8    38    26     316               (-,-) 
  pp_fir_2_1_1_add_1120_35_g1091/Y    -       A0->Y R     OAI21_X2M_A9PP140ZTL_C30         3  3.2    30    24     340               (-,-) 
  g2873859/Y                          -       A0->Y F     AOI31_X1P4M_A9PP140ZTL_C30       4  5.2    54    34     374               (-,-) 
  pp_fir_2_1_1_add_1120_35_g1081/Y    -       A0->Y R     OAI21B_X3M_A9PP140ZTL_C30        3  4.1    32    25     399               (-,-) 
  g2873873/Y                          -       A0->Y F     AOI31_X3M_A9PP140ZTL_C30         3  4.7    37    25     424               (-,-) 
  pp_fir_2_1_1_add_1120_35_g1060/Y    -       A0->Y R     OAI21B_X4M_A9PP140ZTL_C30        4  5.1    27    21     444               (-,-) 
  pp_fir_2_1_1_add_1120_35_g1055/Y    -       A0->Y F     AOI21_X3M_A9PP140ZTL_C30         3  4.4    26    18     462               (-,-) 
  g2873885/Y                          -       A0->Y R     OAI31_X3M_A9PP140ZTL_C30         2  2.7    31    23     486               (-,-) 
  pp_fir_2_1_1_add_1120_35_g1044/Y    -       A->Y  F     NAND2XB_X2M_A9PP140ZTL_C30       2  2.0    18    11     497               (-,-) 
  pp_fir_2_1_1_add_1120_35_g1043/Y    -       A->Y  R     INV_X0P8M_A9PP140ZTL_C30         1  1.1    14    12     508               (-,-) 
  pp_fir_2_1_1_add_1120_35_g1038/Y    -       A0->Y F     OAI21_X1M_A9PP140ZTL_C30         3  2.2    29    17     526               (-,-) 
  pp_fir_2_1_1_sum2_6_im_1_reg[28]/D  -       -     F     SDFFRPQA_X1M_A9PP140ZTL_C30      3    -     -     0     526  (147.7895,91.8130) 
#-----------------------------------------------------------------------------------------------------------------------------------------



Path 41: MET (0 ps) Setup Check with Pin pp_fir_2_1_1_sum1_12_re_1_reg[26]/CK->D
           View: view_wcl_slow
          Group: clk
     Startpoint: (R) pp_fir_2_1_1_Delay_Pipeline_reg_re_reg[8][14]/CK
          Clock: (R) clk
       Endpoint: (R) pp_fir_2_1_1_sum1_12_re_1_reg[26]/D
          Clock: (R) clk

                     Capture       Launch     
        Clock Edge:+     500            0     
       Src Latency:+       0            0     
       Net Latency:+     200 (I)      200 (I) 
           Arrival:=     700          200     
                                              
             Setup:-      17                  
       Uncertainty:-     125                  
     Required Time:=     558                  
      Launch Clock:-     200                  
         Data Path:-     358                  
             Slack:=       0                  

#-----------------------------------------------------------------------------------------------------------------------------------------------------------------
#                        Timing Point                         Flags    Arc   Edge            Cell             Fanout Load Trans Delay Arrival       Instance      
#                                                                                                                    (fF)  (ps)  (ps)   (ps)        Location      
#-----------------------------------------------------------------------------------------------------------------------------------------------------------------
  pp_fir_2_1_1_Delay_Pipeline_reg_re_reg[8][14]/CK            -       -      R     (arrival)                    3702    -    25     0     200               (-,-) 
  pp_fir_2_1_1_Delay_Pipeline_reg_re_reg[8][14]/Q             -       CK->Q  R     DFFRPQA_X1M_A9PP140ZTL_C30      3  3.4    21    42     242   (80.5380,22.2400) 
  pp_fir_2_1_1_csa_tree_ADD_TC_OP_groupi3999_g1923/Y          -       A->Y   F     INV_X2M_A9PP140ZTL_C30          4  8.5    24    17     259               (-,-) 
  pp_fir_2_1_1_csa_tree_ADD_TC_OP_groupi3999_g1922/Y          -       A->Y   R     INV_X1M_A9PP140ZTL_C30          2  4.1    29    23     282               (-,-) 
  pp_fir_2_1_1_csa_tree_ADD_TC_OP_groupi3999_cdnfadd_020_0/CO -       CI->CO R     ADDF_X1M_A9PP140ZTL_C30         1  2.1    20    34     316               (-,-) 
  pp_fir_2_1_1_csa_tree_ADD_TC_OP_groupi3999_cdnfadd_021_1/S  -       CI->S  F     ADDF_X1M_A9PP140ZTL_C30         1  2.8    25    45     361               (-,-) 
  pp_fir_2_1_1_csa_tree_ADD_TC_OP_groupi3999_cdnfadd_021_2/S  -       B->S   F     ADDF_X1M_A9PP140ZTL_C30         2  2.6    24    49     410               (-,-) 
  pp_fir_2_1_1_csa_tree_ADD_TC_OP_groupi3999_g1732/Y          -       B->Y   F     OR2_X3M_A9PP140ZTL_C30          3  2.9    10    20     430               (-,-) 
  pp_fir_2_1_1_csa_tree_ADD_TC_OP_groupi3999_g1688/Y          -       A1N->Y F     OAI2XB1_X1M_A9PP140ZTL_C30      2  2.9    36    36     466               (-,-) 
  pp_fir_2_1_1_csa_tree_ADD_TC_OP_groupi3999_g1667/Y          -       A0->Y  R     AOI21_X2M_A9PP140ZTL_C30        1  1.1    17    16     482               (-,-) 
  pp_fir_2_1_1_csa_tree_ADD_TC_OP_groupi3999_g1656/Y          -       A0->Y  F     OAI21_X1M_A9PP140ZTL_C30        1  1.4    23    15     497               (-,-) 
  pp_fir_2_1_1_csa_tree_ADD_TC_OP_groupi3999_g1655/Y          -       B0->Y  R     AOI21_X2M_A9PP140ZTL_C30        2  2.9    26    19     516               (-,-) 
  pp_fir_2_1_1_csa_tree_ADD_TC_OP_groupi3999_g1654/Y          -       A->Y   F     INV_X1P4M_A9PP140ZTL_C30        1  1.4    11     7     523               (-,-) 
  pp_fir_2_1_1_csa_tree_ADD_TC_OP_groupi3999_g1637/Y          -       B0->Y  R     AOI21_X2M_A9PP140ZTL_C30        2  3.1    23    16     539               (-,-) 
  pp_fir_2_1_1_csa_tree_ADD_TC_OP_groupi3999_g1631/Y          -       A->Y   F     INV_X1P7M_A9PP140ZTL_C30        1  1.0     9     5     544               (-,-) 
  pp_fir_2_1_1_csa_tree_ADD_TC_OP_groupi3999_g1622/Y          -       A0->Y  R     AOI2XB1_X1M_A9PP140ZTL_C30      1  0.8    20    14     558               (-,-) 
  pp_fir_2_1_1_sum1_12_re_1_reg[26]/D                         -       -      R     SDFFRPQ_X1M_A9PP140ZTL_C30      1    -     -     0     558  (106.0180,14.4415) 
#-----------------------------------------------------------------------------------------------------------------------------------------------------------------



Path 42: MET (0 ps) Setup Check with Pin pp_fir_2_1_1_sum1_12_re_1_reg[23]/CK->D
           View: view_wcl_slow
          Group: clk
     Startpoint: (R) pp_fir_2_1_1_Delay_Pipeline_reg_re_reg[9][7]/CK
          Clock: (R) clk
       Endpoint: (F) pp_fir_2_1_1_sum1_12_re_1_reg[23]/D
          Clock: (R) clk

                     Capture       Launch     
        Clock Edge:+     500            0     
       Src Latency:+       0            0     
       Net Latency:+     200 (I)      200 (I) 
           Arrival:=     700          200     
                                              
             Setup:-      14                  
       Uncertainty:-     125                  
     Required Time:=     561                  
      Launch Clock:-     200                  
         Data Path:-     360                  
             Slack:=       0                  

#-----------------------------------------------------------------------------------------------------------------------------------------------------------------
#                        Timing Point                         Flags    Arc   Edge            Cell             Fanout Load Trans Delay Arrival       Instance      
#                                                                                                                    (fF)  (ps)  (ps)   (ps)        Location      
#-----------------------------------------------------------------------------------------------------------------------------------------------------------------
  pp_fir_2_1_1_Delay_Pipeline_reg_re_reg[9][7]/CK             -       -      R     (arrival)                    3702    -    25     0     200               (-,-) 
  pp_fir_2_1_1_Delay_Pipeline_reg_re_reg[9][7]/Q              -       CK->Q  R     DFFRPQA_X1M_A9PP140ZTL_C30      5  7.9    43    54     254    (72.1585,7.4230) 
  pp_fir_2_1_1_csa_tree_ADD_TC_OP_groupi3999_g1863/Y          -       A->Y   F     INV_X3M_A9PP140ZTL_C30          2  5.7    20    13     267               (-,-) 
  pp_fir_2_1_1_csa_tree_ADD_TC_OP_groupi3999_cdnfadd_017_1/S  -       A->S   R     ADDF_X1M_A9PP140ZTL_C30         1  2.1    23    49     316               (-,-) 
  pp_fir_2_1_1_csa_tree_ADD_TC_OP_groupi3999_cdnfadd_017_2/CO -       CI->CO R     ADDF_X2M_A9PP140ZTL_C30         1  2.1    15    30     346               (-,-) 
  pp_fir_2_1_1_csa_tree_ADD_TC_OP_groupi3999_cdnfadd_018_3/S  -       CI->S  F     ADDF_X1M_A9PP140ZTL_C30         1  2.8    25    44     390               (-,-) 
  pp_fir_2_1_1_csa_tree_ADD_TC_OP_groupi3999_cdnfadd_018_4/S  -       B->S   R     ADDF_X1P4M_A9PP140ZTL_C30       2  4.4    27    56     446               (-,-) 
  pp_fir_2_1_1_csa_tree_ADD_TC_OP_groupi3999_g1756/Y          -       A->Y   F     NOR2_X3A_A9PP140ZTL_C30         3  3.9    17    12     458               (-,-) 
  pp_fir_2_1_1_csa_tree_ADD_TC_OP_groupi3999_g1696/Y          -       B->Y   R     NOR2_X3A_A9PP140ZTL_C30         2  4.4    21    17     475               (-,-) 
  pp_fir_2_1_1_csa_tree_ADD_TC_OP_groupi3999_g1678/Y          -       A->Y   F     NAND2_X3B_A9PP140ZTL_C30        3  4.0    19    14     488               (-,-) 
  pp_fir_2_1_1_csa_tree_ADD_TC_OP_groupi3999_g1672/Y          -       A->Y   R     NOR2XB_X1M_A9PP140ZTL_C30       2  2.0    27    20     508               (-,-) 
  pp_fir_2_1_1_csa_tree_ADD_TC_OP_groupi3999_g1671/Y          -       A->Y   F     INV_X1M_A9PP140ZTL_C30          1  1.4    14    10     519               (-,-) 
  pp_fir_2_1_1_csa_tree_ADD_TC_OP_groupi3999_g1662/Y          -       A->Y   R     NOR2XB_X2M_A9PP140ZTL_C30       1  1.7    15    12     530               (-,-) 
  pp_fir_2_1_1_csa_tree_ADD_TC_OP_groupi3999_g1634/Y          -       A1->Y  F     AOI21_X2M_A9PP140ZTL_C30        1  1.7    20    13     543               (-,-) 
  pp_fir_2_1_1_csa_tree_ADD_TC_OP_groupi3999_g1623/Y          -       S0->Y  F     MXIT2_X1P4M_A9PP140ZTL_C30      1  0.8    17    17     560               (-,-) 
  pp_fir_2_1_1_sum1_12_re_1_reg[23]/D                         -       -      F     SDFFRPQ_X1M_A9PP140ZTL_C30      1    -     -     0     560  (104.4475,12.0360) 
#-----------------------------------------------------------------------------------------------------------------------------------------------------------------



Path 43: MET (0 ps) Setup Check with Pin pp_fir_2_1_1_sum1_12_im_1_reg[26]/CK->D
           View: view_wcl_slow
          Group: clk
     Startpoint: (R) pp_fir_2_1_1_Delay_Pipeline_reg_im_reg[8][14]/CK
          Clock: (R) clk
       Endpoint: (R) pp_fir_2_1_1_sum1_12_im_1_reg[26]/D
          Clock: (R) clk

                     Capture       Launch     
        Clock Edge:+     500            0     
       Src Latency:+       0            0     
       Net Latency:+     200 (I)      200 (I) 
           Arrival:=     700          200     
                                              
             Setup:-      17                  
       Uncertainty:-     125                  
     Required Time:=     558                  
      Launch Clock:-     200                  
         Data Path:-     358                  
             Slack:=       0                  

#-----------------------------------------------------------------------------------------------------------------------------------------------------------------
#                        Timing Point                         Flags    Arc   Edge            Cell             Fanout Load Trans Delay Arrival       Instance      
#                                                                                                                    (fF)  (ps)  (ps)   (ps)        Location      
#-----------------------------------------------------------------------------------------------------------------------------------------------------------------
  pp_fir_2_1_1_Delay_Pipeline_reg_im_reg[8][14]/CK            -       -      R     (arrival)                    3702    -    25     0     200               (-,-) 
  pp_fir_2_1_1_Delay_Pipeline_reg_im_reg[8][14]/Q             -       CK->Q  R     DFFRPQA_X1M_A9PP140ZTL_C30      3  3.4    21    42     242  (189.3185,49.3680) 
  pp_fir_2_1_1_csa_tree_ADD_TC_OP_groupi3998_g1923/Y          -       A->Y   F     INV_X2M_A9PP140ZTL_C30          4  8.5    24    17     259               (-,-) 
  pp_fir_2_1_1_csa_tree_ADD_TC_OP_groupi3998_g1922/Y          -       A->Y   R     INV_X1M_A9PP140ZTL_C30          2  4.1    29    23     282               (-,-) 
  pp_fir_2_1_1_csa_tree_ADD_TC_OP_groupi3998_cdnfadd_020_0/CO -       CI->CO R     ADDF_X1M_A9PP140ZTL_C30         1  2.1    20    34     316               (-,-) 
  pp_fir_2_1_1_csa_tree_ADD_TC_OP_groupi3998_cdnfadd_021_1/S  -       CI->S  F     ADDF_X1M_A9PP140ZTL_C30         1  2.8    25    45     361               (-,-) 
  pp_fir_2_1_1_csa_tree_ADD_TC_OP_groupi3998_cdnfadd_021_2/S  -       B->S   F     ADDF_X1M_A9PP140ZTL_C30         2  2.6    24    49     410               (-,-) 
  pp_fir_2_1_1_csa_tree_ADD_TC_OP_groupi3998_g1732/Y          -       B->Y   F     OR2_X3M_A9PP140ZTL_C30          3  2.9    10    20     430               (-,-) 
  pp_fir_2_1_1_csa_tree_ADD_TC_OP_groupi3998_g1688/Y          -       A1N->Y F     OAI2XB1_X1M_A9PP140ZTL_C30      2  2.9    36    36     466               (-,-) 
  pp_fir_2_1_1_csa_tree_ADD_TC_OP_groupi3998_g1667/Y          -       A0->Y  R     AOI21_X2M_A9PP140ZTL_C30        1  1.1    17    16     482               (-,-) 
  pp_fir_2_1_1_csa_tree_ADD_TC_OP_groupi3998_g1656/Y          -       A0->Y  F     OAI21_X1M_A9PP140ZTL_C30        1  1.4    23    15     497               (-,-) 
  pp_fir_2_1_1_csa_tree_ADD_TC_OP_groupi3998_g1655/Y          -       B0->Y  R     AOI21_X2M_A9PP140ZTL_C30        2  2.9    26    19     516               (-,-) 
  pp_fir_2_1_1_csa_tree_ADD_TC_OP_groupi3998_g1654/Y          -       A->Y   F     INV_X1P4M_A9PP140ZTL_C30        1  1.4    11     7     523               (-,-) 
  pp_fir_2_1_1_csa_tree_ADD_TC_OP_groupi3998_g1637/Y          -       B0->Y  R     AOI21_X2M_A9PP140ZTL_C30        2  3.1    23    16     539               (-,-) 
  pp_fir_2_1_1_csa_tree_ADD_TC_OP_groupi3998_g1631/Y          -       A->Y   F     INV_X1P7M_A9PP140ZTL_C30        1  1.0     9     5     544               (-,-) 
  pp_fir_2_1_1_csa_tree_ADD_TC_OP_groupi3998_g1622/Y          -       A0->Y  R     AOI2XB1_X1M_A9PP140ZTL_C30      1  0.8    20    14     558               (-,-) 
  pp_fir_2_1_1_sum1_12_im_1_reg[26]/D                         -       -      R     SDFFRPQ_X1M_A9PP140ZTL_C30      1    -     -     0     558  (189.6500,69.4780) 
#-----------------------------------------------------------------------------------------------------------------------------------------------------------------



Path 44: MET (0 ps) Setup Check with Pin pp_fir_2_1_1_sum1_12_im_1_reg[23]/CK->D
           View: view_wcl_slow
          Group: clk
     Startpoint: (R) pp_fir_2_1_1_Delay_Pipeline_reg_im_reg[9][7]/CK
          Clock: (R) clk
       Endpoint: (F) pp_fir_2_1_1_sum1_12_im_1_reg[23]/D
          Clock: (R) clk

                     Capture       Launch     
        Clock Edge:+     500            0     
       Src Latency:+       0            0     
       Net Latency:+     200 (I)      200 (I) 
           Arrival:=     700          200     
                                              
             Setup:-      14                  
       Uncertainty:-     125                  
     Required Time:=     561                  
      Launch Clock:-     200                  
         Data Path:-     360                  
             Slack:=       0                  

#-----------------------------------------------------------------------------------------------------------------------------------------------------------------
#                        Timing Point                         Flags    Arc   Edge            Cell             Fanout Load Trans Delay Arrival       Instance      
#                                                                                                                    (fF)  (ps)  (ps)   (ps)        Location      
#-----------------------------------------------------------------------------------------------------------------------------------------------------------------
  pp_fir_2_1_1_Delay_Pipeline_reg_im_reg[9][7]/CK             -       -      R     (arrival)                    3702    -    25     0     200               (-,-) 
  pp_fir_2_1_1_Delay_Pipeline_reg_im_reg[9][7]/Q              -       CK->Q  R     DFFRPQA_X1M_A9PP140ZTL_C30      5  7.9    43    54     254  (204.0030,38.8570) 
  pp_fir_2_1_1_csa_tree_ADD_TC_OP_groupi3998_g1863/Y          -       A->Y   F     INV_X3M_A9PP140ZTL_C30          2  5.7    20    13     267               (-,-) 
  pp_fir_2_1_1_csa_tree_ADD_TC_OP_groupi3998_cdnfadd_017_1/S  -       A->S   R     ADDF_X1M_A9PP140ZTL_C30         1  2.1    23    49     316               (-,-) 
  pp_fir_2_1_1_csa_tree_ADD_TC_OP_groupi3998_cdnfadd_017_2/CO -       CI->CO R     ADDF_X2M_A9PP140ZTL_C30         1  2.1    15    30     346               (-,-) 
  pp_fir_2_1_1_csa_tree_ADD_TC_OP_groupi3998_cdnfadd_018_3/S  -       CI->S  F     ADDF_X1M_A9PP140ZTL_C30         1  2.8    25    44     390               (-,-) 
  pp_fir_2_1_1_csa_tree_ADD_TC_OP_groupi3998_cdnfadd_018_4/S  -       B->S   R     ADDF_X1P4M_A9PP140ZTL_C30       2  4.4    27    56     446               (-,-) 
  pp_fir_2_1_1_csa_tree_ADD_TC_OP_groupi3998_g1756/Y          -       A->Y   F     NOR2_X3A_A9PP140ZTL_C30         3  3.9    17    12     458               (-,-) 
  pp_fir_2_1_1_csa_tree_ADD_TC_OP_groupi3998_g1696/Y          -       B->Y   R     NOR2_X3A_A9PP140ZTL_C30         2  4.4    21    17     475               (-,-) 
  pp_fir_2_1_1_csa_tree_ADD_TC_OP_groupi3998_g1678/Y          -       A->Y   F     NAND2_X3B_A9PP140ZTL_C30        3  4.0    19    14     488               (-,-) 
  pp_fir_2_1_1_csa_tree_ADD_TC_OP_groupi3998_g1672/Y          -       A->Y   R     NOR2XB_X1M_A9PP140ZTL_C30       2  2.0    27    20     508               (-,-) 
  pp_fir_2_1_1_csa_tree_ADD_TC_OP_groupi3998_g1671/Y          -       A->Y   F     INV_X1M_A9PP140ZTL_C30          1  1.4    14    10     519               (-,-) 
  pp_fir_2_1_1_csa_tree_ADD_TC_OP_groupi3998_g1662/Y          -       A->Y   R     NOR2XB_X2M_A9PP140ZTL_C30       1  1.7    15    12     530               (-,-) 
  pp_fir_2_1_1_csa_tree_ADD_TC_OP_groupi3998_g1634/Y          -       A1->Y  F     AOI21_X2M_A9PP140ZTL_C30        1  1.7    20    13     543               (-,-) 
  pp_fir_2_1_1_csa_tree_ADD_TC_OP_groupi3998_g1623/Y          -       S0->Y  F     MXIT2_X1P4M_A9PP140ZTL_C30      1  0.8    17    17     560               (-,-) 
  pp_fir_2_1_1_sum1_12_im_1_reg[23]/D                         -       -      F     SDFFRPQ_X1M_A9PP140ZTL_C30      1    -     -     0     560  (193.0320,71.5530) 
#-----------------------------------------------------------------------------------------------------------------------------------------------------------------



Path 45: MET (0 ps) Setup Check with Pin pp_fir_2_1_1_sum1_10_re_1_reg[26]/CK->D
           View: view_wcl_slow
          Group: clk
     Startpoint: (R) pp_fir_2_1_1_Delay_Pipeline_reg_re_reg[12][12]/CK
          Clock: (R) clk
       Endpoint: (R) pp_fir_2_1_1_sum1_10_re_1_reg[26]/D
          Clock: (R) clk

                     Capture       Launch     
        Clock Edge:+     500            0     
       Src Latency:+       0            0     
       Net Latency:+     200 (I)      200 (I) 
           Arrival:=     700          200     
                                              
             Setup:-      17                  
       Uncertainty:-     125                  
     Required Time:=     558                  
      Launch Clock:-     200                  
         Data Path:-     358                  
             Slack:=       0                  

#------------------------------------------------------------------------------------------------------------------------------------------------------------
#                    Timing Point                      Flags    Arc    Edge             Cell              Fanout Load Trans Delay Arrival      Instance      
#                                                                                                                (fF)  (ps)  (ps)   (ps)       Location      
#------------------------------------------------------------------------------------------------------------------------------------------------------------
  pp_fir_2_1_1_Delay_Pipeline_reg_re_reg[12][12]/CK    -       -       R     (arrival)                      3702    -    25     0     200              (-,-) 
  pp_fir_2_1_1_Delay_Pipeline_reg_re_reg[12][12]/Q     -       CK->Q   F     DFFRPQ_X4M_A9PP140ZTL_C30        10 11.5    17    58     258  (97.1205,43.5220) 
  pp_fir_2_1_1_csa_tree_ADD_TC_OP_groupi4003_g9928/Y   -       B->Y    F     XOR3_X0P7M_A9PP140ZTL_C30         2  2.6    38    72     330              (-,-) 
  pp_fir_2_1_1_csa_tree_ADD_TC_OP_groupi4003_g9815/Y   -       A->Y    R     XOR3_X2M_A9PP140ZTL_C30           2  3.2    21    35     365              (-,-) 
  pp_fir_2_1_1_csa_tree_ADD_TC_OP_groupi4003_g10154/CO -       CIN->CO F     CGENCIN_X1P4M_A9PP140ZTL_C30      1  2.1    24    16     381              (-,-) 
  pp_fir_2_1_1_csa_tree_ADD_TC_OP_groupi4003_g9702/S   -       CI->S   R     ADDF_X1M_A9PP140ZTL_C30           2  3.9    31    53     434              (-,-) 
  pp_fir_2_1_1_csa_tree_ADD_TC_OP_groupi4003_g9671/Y   -       A->Y    F     NAND2_X4M_A9PP140ZTL_C30          3  3.5    17    10     444              (-,-) 
  pp_fir_2_1_1_csa_tree_ADD_TC_OP_groupi4003_g9638/Y   -       A0->Y   R     OAI21_X2M_A9PP140ZTL_C30          2  2.9    24    18     462              (-,-) 
  pp_fir_2_1_1_csa_tree_ADD_TC_OP_groupi4003_g9610/Y   -       A0->Y   F     AOI21_X2M_A9PP140ZTL_C30          2  2.5    24    16     478              (-,-) 
  pp_fir_2_1_1_csa_tree_ADD_TC_OP_groupi4003_g9599/Y   -       A0->Y   R     OAI21_X2M_A9PP140ZTL_C30          1  2.0    23    18     496              (-,-) 
  pp_fir_2_1_1_csa_tree_ADD_TC_OP_groupi4003_g9582/Y   -       B0->Y   F     AOI21_X3M_A9PP140ZTL_C30          2  3.8    22    13     509              (-,-) 
  pp_fir_2_1_1_csa_tree_ADD_TC_OP_groupi4003_g9581/Y   -       A->Y    R     INV_X1P4M_A9PP140ZTL_C30          1  1.4    12    11     520              (-,-) 
  pp_fir_2_1_1_csa_tree_ADD_TC_OP_groupi4003_g9572/Y   -       A->Y    F     NAND2XB_X2M_A9PP140ZTL_C30        1  1.5    13     8     528              (-,-) 
  pp_fir_2_1_1_csa_tree_ADD_TC_OP_groupi4003_g9571/Y   -       B->Y    R     NAND3_X2M_A9PP140ZTL_C30          1  1.7    26    15     543              (-,-) 
  pp_fir_2_1_1_csa_tree_ADD_TC_OP_groupi4003_g9562/Y   -       S0->Y   R     MXIT2_X1P4M_A9PP140ZTL_C30        1  0.8    17    15     558              (-,-) 
  pp_fir_2_1_1_sum1_10_re_1_reg[26]/D                  -       -       R     SDFFRPQ_X1M_A9PP140ZTL_C30        1    -     -     0     558  (94.6765,82.6050) 
#------------------------------------------------------------------------------------------------------------------------------------------------------------



Path 46: MET (0 ps) Setup Check with Pin pp_fir_2_1_1_sum1_10_im_1_reg[26]/CK->D
           View: view_wcl_slow
          Group: clk
     Startpoint: (R) pp_fir_2_1_1_Delay_Pipeline_reg_im_reg[12][12]/CK
          Clock: (R) clk
       Endpoint: (R) pp_fir_2_1_1_sum1_10_im_1_reg[26]/D
          Clock: (R) clk

                     Capture       Launch     
        Clock Edge:+     500            0     
       Src Latency:+       0            0     
       Net Latency:+     200 (I)      200 (I) 
           Arrival:=     700          200     
                                              
             Setup:-      17                  
       Uncertainty:-     125                  
     Required Time:=     558                  
      Launch Clock:-     200                  
         Data Path:-     358                  
             Slack:=       0                  

#-------------------------------------------------------------------------------------------------------------------------------------------------------------
#                    Timing Point                      Flags    Arc    Edge             Cell              Fanout Load Trans Delay Arrival       Instance      
#                                                                                                                (fF)  (ps)  (ps)   (ps)        Location      
#-------------------------------------------------------------------------------------------------------------------------------------------------------------
  pp_fir_2_1_1_Delay_Pipeline_reg_im_reg[12][12]/CK    -       -       R     (arrival)                      3702    -    25     0     200               (-,-) 
  pp_fir_2_1_1_Delay_Pipeline_reg_im_reg[12][12]/Q     -       CK->Q   F     DFFRPQ_X4M_A9PP140ZTL_C30        10 11.5    17    58     258  (145.9790,63.6090) 
  pp_fir_2_1_1_csa_tree_ADD_TC_OP_groupi4002_g9928/Y   -       B->Y    F     XOR3_X0P7M_A9PP140ZTL_C30         2  2.6    38    72     330               (-,-) 
  pp_fir_2_1_1_csa_tree_ADD_TC_OP_groupi4002_g9815/Y   -       A->Y    R     XOR3_X2M_A9PP140ZTL_C30           2  3.2    21    35     365               (-,-) 
  pp_fir_2_1_1_csa_tree_ADD_TC_OP_groupi4002_g10154/CO -       CIN->CO F     CGENCIN_X1P4M_A9PP140ZTL_C30      1  2.1    24    16     381               (-,-) 
  pp_fir_2_1_1_csa_tree_ADD_TC_OP_groupi4002_g9702/S   -       CI->S   R     ADDF_X1M_A9PP140ZTL_C30           2  3.9    31    53     434               (-,-) 
  pp_fir_2_1_1_csa_tree_ADD_TC_OP_groupi4002_g9671/Y   -       A->Y    F     NAND2_X4M_A9PP140ZTL_C30          3  3.5    17    10     444               (-,-) 
  pp_fir_2_1_1_csa_tree_ADD_TC_OP_groupi4002_g9638/Y   -       A0->Y   R     OAI21_X2M_A9PP140ZTL_C30          2  2.9    24    18     462               (-,-) 
  pp_fir_2_1_1_csa_tree_ADD_TC_OP_groupi4002_g9610/Y   -       A0->Y   F     AOI21_X2M_A9PP140ZTL_C30          2  2.5    24    16     478               (-,-) 
  pp_fir_2_1_1_csa_tree_ADD_TC_OP_groupi4002_g9599/Y   -       A0->Y   R     OAI21_X2M_A9PP140ZTL_C30          1  2.0    23    18     496               (-,-) 
  pp_fir_2_1_1_csa_tree_ADD_TC_OP_groupi4002_g9582/Y   -       B0->Y   F     AOI21_X3M_A9PP140ZTL_C30          2  3.8    22    13     509               (-,-) 
  pp_fir_2_1_1_csa_tree_ADD_TC_OP_groupi4002_g9581/Y   -       A->Y    R     INV_X1P4M_A9PP140ZTL_C30          1  1.4    12    11     520               (-,-) 
  pp_fir_2_1_1_csa_tree_ADD_TC_OP_groupi4002_g9572/Y   -       A->Y    F     NAND2XB_X2M_A9PP140ZTL_C30        1  1.5    13     8     528               (-,-) 
  pp_fir_2_1_1_csa_tree_ADD_TC_OP_groupi4002_g9571/Y   -       B->Y    R     NAND3_X2M_A9PP140ZTL_C30          1  1.7    26    15     543               (-,-) 
  pp_fir_2_1_1_csa_tree_ADD_TC_OP_groupi4002_g9562/Y   -       S0->Y   R     MXIT2_X1P4M_A9PP140ZTL_C30        1  0.8    17    15     558               (-,-) 
  pp_fir_2_1_1_sum1_10_im_1_reg[26]/D                  -       -       R     SDFFRPQ_X1M_A9PP140ZTL_C30        1    -     -     0     558  (131.1125,81.0565) 
#-------------------------------------------------------------------------------------------------------------------------------------------------------------



Path 47: MET (0 ps) Setup Check with Pin pp_fir_2_1_1_sum1_10_im_1_reg[23]/CK->D
           View: view_wcl_slow
          Group: clk
     Startpoint: (R) pp_fir_2_1_1_Delay_Pipeline_reg_im_reg[13][6]/CK
          Clock: (R) clk
       Endpoint: (R) pp_fir_2_1_1_sum1_10_im_1_reg[23]/D
          Clock: (R) clk

                     Capture       Launch     
        Clock Edge:+     500            0     
       Src Latency:+       0            0     
       Net Latency:+     200 (I)      200 (I) 
           Arrival:=     700          200     
                                              
             Setup:-      17                  
       Uncertainty:-     125                  
     Required Time:=     558                  
      Launch Clock:-     200                  
         Data Path:-     358                  
             Slack:=       0                  

#----------------------------------------------------------------------------------------------------------------------------------------------------------
#                    Timing Point                     Flags    Arc   Edge            Cell              Fanout Load Trans Delay Arrival       Instance      
#                                                                                                             (fF)  (ps)  (ps)   (ps)        Location      
#----------------------------------------------------------------------------------------------------------------------------------------------------------
  pp_fir_2_1_1_Delay_Pipeline_reg_im_reg[13][6]/CK    -       -      R     (arrival)                     3702    -    25     0     200               (-,-) 
  pp_fir_2_1_1_Delay_Pipeline_reg_im_reg[13][6]/Q     -       CK->Q  R     SDFFRPQA_X1M_A9PP140ZTL_C30      5  6.8    38    51     251  (139.3230,53.0485) 
  pp_fir_2_1_1_csa_tree_ADD_TC_OP_groupi4002_g10144/Y -       A->Y   F     INV_X2M_A9PP140ZTL_C30           5  7.5    26    18     270               (-,-) 
  pp_fir_2_1_1_csa_tree_ADD_TC_OP_groupi4002_g10141/Y -       A->Y   R     INV_X1M_A9PP140ZTL_C30           2  3.1    25    20     290               (-,-) 
  pp_fir_2_1_1_csa_tree_ADD_TC_OP_groupi4002_g10005/Y -       A->Y   F     NOR2_X3A_A9PP140ZTL_C30          2  3.8    16    12     301               (-,-) 
  pp_fir_2_1_1_csa_tree_ADD_TC_OP_groupi4002_g2/Y     -       A0N->Y R     OA1B2_X1M_A9PP140ZTL_C30         1  3.0    35    25     327               (-,-) 
  pp_fir_2_1_1_csa_tree_ADD_TC_OP_groupi4002_g9784/CO -       A->CO  R     ADDF_X1P4M_A9PP140ZTL_C30        1  2.1    17    35     361               (-,-) 
  pp_fir_2_1_1_csa_tree_ADD_TC_OP_groupi4002_g9727/S  -       CI->S  F     ADDF_X1M_A9PP140ZTL_C30          2  2.6    25    44     406               (-,-) 
  pp_fir_2_1_1_csa_tree_ADD_TC_OP_groupi4002_g9678/Y  -       A->Y   R     XNOR3_X3M_A9PP140ZTL_C30         2  3.9    20    31     436               (-,-) 
  pp_fir_2_1_1_csa_tree_ADD_TC_OP_groupi4002_g9660/Y  -       A->Y   F     NAND2XB_X4M_A9PP140ZTL_C30       2  4.1    15    10     447               (-,-) 
  pp_fir_2_1_1_csa_tree_ADD_TC_OP_groupi4002_g9654/Y  -       A->Y   R     INV_X3P5M_A9PP140ZTL_C30         2  2.3     8     8     454               (-,-) 
  pp_fir_2_1_1_csa_tree_ADD_TC_OP_groupi4002_g9630/Y  -       A->Y   F     NOR2_X2M_A9PP140ZTL_C30          1  1.2    16     8     462               (-,-) 
  pp_fir_2_1_1_csa_tree_ADD_TC_OP_groupi4002_g9604/Y  -       BN->Y  F     NOR2XB_X4M_A9PP140ZTL_C30        2  3.8    14    24     486               (-,-) 
  pp_fir_2_1_1_csa_tree_ADD_TC_OP_groupi4002_g9595/Y  -       A0->Y  R     AOI21_X4M_A9PP140ZTL_C30         5  9.1    31    21     507               (-,-) 
  pp_fir_2_1_1_csa_tree_ADD_TC_OP_groupi4002_g9585/Y  -       A0->Y  F     OAI21B_X3M_A9PP140ZTL_C30        4  5.9    28    20     527               (-,-) 
  pp_fir_2_1_1_csa_tree_ADD_TC_OP_groupi4002_g9574/Y  -       A0->Y  R     AOI21_X2M_A9PP140ZTL_C30         1  1.7    18    17     544               (-,-) 
  pp_fir_2_1_1_csa_tree_ADD_TC_OP_groupi4002_g9567/Y  -       S0->Y  R     MXIT2_X1P4M_A9PP140ZTL_C30       1  0.8    17    14     558               (-,-) 
  pp_fir_2_1_1_sum1_10_im_1_reg[23]/D                 -       -      R     SDFFRPQ_X1M_A9PP140ZTL_C30       1    -     -     0     558  (134.7880,77.5180) 
#----------------------------------------------------------------------------------------------------------------------------------------------------------



Path 48: MET (0 ps) Setup Check with Pin pp_fir_2_1_1_sum1_10_im_1_reg[21]/CK->D
           View: view_wcl_slow
          Group: clk
     Startpoint: (R) pp_fir_2_1_1_Delay_Pipeline_reg_im_reg[13][6]/CK
          Clock: (R) clk
       Endpoint: (R) pp_fir_2_1_1_sum1_10_im_1_reg[21]/D
          Clock: (R) clk

                     Capture       Launch     
        Clock Edge:+     500            0     
       Src Latency:+       0            0     
       Net Latency:+     200 (I)      200 (I) 
           Arrival:=     700          200     
                                              
             Setup:-      17                  
       Uncertainty:-     125                  
     Required Time:=     558                  
      Launch Clock:-     200                  
         Data Path:-     358                  
             Slack:=       0                  

#----------------------------------------------------------------------------------------------------------------------------------------------------------
#                    Timing Point                     Flags    Arc   Edge            Cell              Fanout Load Trans Delay Arrival       Instance      
#                                                                                                             (fF)  (ps)  (ps)   (ps)        Location      
#----------------------------------------------------------------------------------------------------------------------------------------------------------
  pp_fir_2_1_1_Delay_Pipeline_reg_im_reg[13][6]/CK    -       -      R     (arrival)                     3702    -    25     0     200               (-,-) 
  pp_fir_2_1_1_Delay_Pipeline_reg_im_reg[13][6]/Q     -       CK->Q  R     SDFFRPQA_X1M_A9PP140ZTL_C30      5  6.8    38    51     251  (139.3230,53.0485) 
  pp_fir_2_1_1_csa_tree_ADD_TC_OP_groupi4002_g10144/Y -       A->Y   F     INV_X2M_A9PP140ZTL_C30           5  7.5    26    18     270               (-,-) 
  pp_fir_2_1_1_csa_tree_ADD_TC_OP_groupi4002_g10141/Y -       A->Y   R     INV_X1M_A9PP140ZTL_C30           2  3.1    25    20     290               (-,-) 
  pp_fir_2_1_1_csa_tree_ADD_TC_OP_groupi4002_g10005/Y -       A->Y   F     NOR2_X3A_A9PP140ZTL_C30          2  3.8    16    12     301               (-,-) 
  pp_fir_2_1_1_csa_tree_ADD_TC_OP_groupi4002_g2/Y     -       A0N->Y R     OA1B2_X1M_A9PP140ZTL_C30         1  3.0    35    25     327               (-,-) 
  pp_fir_2_1_1_csa_tree_ADD_TC_OP_groupi4002_g9784/CO -       A->CO  R     ADDF_X1P4M_A9PP140ZTL_C30        1  2.1    17    35     361               (-,-) 
  pp_fir_2_1_1_csa_tree_ADD_TC_OP_groupi4002_g9727/S  -       CI->S  F     ADDF_X1M_A9PP140ZTL_C30          2  2.6    25    44     406               (-,-) 
  pp_fir_2_1_1_csa_tree_ADD_TC_OP_groupi4002_g9678/Y  -       A->Y   R     XNOR3_X3M_A9PP140ZTL_C30         2  3.9    20    31     436               (-,-) 
  pp_fir_2_1_1_csa_tree_ADD_TC_OP_groupi4002_g9660/Y  -       A->Y   F     NAND2XB_X4M_A9PP140ZTL_C30       2  4.1    15    10     447               (-,-) 
  pp_fir_2_1_1_csa_tree_ADD_TC_OP_groupi4002_g9654/Y  -       A->Y   R     INV_X3P5M_A9PP140ZTL_C30         2  2.3     8     8     454               (-,-) 
  pp_fir_2_1_1_csa_tree_ADD_TC_OP_groupi4002_g9630/Y  -       A->Y   F     NOR2_X2M_A9PP140ZTL_C30          1  1.2    16     8     462               (-,-) 
  pp_fir_2_1_1_csa_tree_ADD_TC_OP_groupi4002_g9604/Y  -       BN->Y  F     NOR2XB_X4M_A9PP140ZTL_C30        2  3.8    14    24     486               (-,-) 
  pp_fir_2_1_1_csa_tree_ADD_TC_OP_groupi4002_g9595/Y  -       A0->Y  R     AOI21_X4M_A9PP140ZTL_C30         5  9.1    31    21     507               (-,-) 
  pp_fir_2_1_1_csa_tree_ADD_TC_OP_groupi4002_g9585/Y  -       A0->Y  F     OAI21B_X3M_A9PP140ZTL_C30        4  5.9    28    20     527               (-,-) 
  pp_fir_2_1_1_csa_tree_ADD_TC_OP_groupi4002_g9576/Y  -       A0->Y  R     AOI21_X2M_A9PP140ZTL_C30         1  1.7    17    17     544               (-,-) 
  pp_fir_2_1_1_csa_tree_ADD_TC_OP_groupi4002_g9569/Y  -       S0->Y  R     MXIT2_X1P4M_A9PP140ZTL_C30       1  0.8    17    14     558               (-,-) 
  pp_fir_2_1_1_sum1_10_im_1_reg[21]/D                 -       -      R     SDFFRPQ_X1M_A9PP140ZTL_C30       1    -     -     0     558  (141.0910,79.1660) 
#----------------------------------------------------------------------------------------------------------------------------------------------------------



Path 49: MET (0 ps) Setup Check with Pin pp_fir_2_1_1_sum1_9_im_1_reg[21]/CK->D
           View: view_wcl_slow
          Group: clk
     Startpoint: (R) pp_fir_2_1_1_Delay_Pipeline_reg_im_reg[15][12]/CK
          Clock: (R) clk
       Endpoint: (R) pp_fir_2_1_1_sum1_9_im_1_reg[21]/D
          Clock: (R) clk

                     Capture       Launch     
        Clock Edge:+     500            0     
       Src Latency:+       0            0     
       Net Latency:+     200 (I)      200 (I) 
           Arrival:=     700          200     
                                              
             Setup:-      17                  
       Uncertainty:-     125                  
     Required Time:=     558                  
      Launch Clock:-     200                  
         Data Path:-     358                  
             Slack:=       0                  

#-----------------------------------------------------------------------------------------------------------------------------------------------------------
#                    Timing Point                      Flags    Arc   Edge            Cell              Fanout Load Trans Delay Arrival       Instance      
#                                                                                                              (fF)  (ps)  (ps)   (ps)        Location      
#-----------------------------------------------------------------------------------------------------------------------------------------------------------
  pp_fir_2_1_1_Delay_Pipeline_reg_im_reg[15][12]/CK    -       -      R     (arrival)                     3702    -    25     0     200               (-,-) 
  pp_fir_2_1_1_Delay_Pipeline_reg_im_reg[15][12]/Q     -       CK->Q  R     SDFFRPQA_X1M_A9PP140ZTL_C30      4  5.4    31    47     247  (115.3740,83.5620) 
  pp_fir_2_1_1_csa_tree_ADD_TC_OP_groupi4004_g11169/Y  -       A->Y   F     INV_X3M_A9PP140ZTL_C30           7 10.5    24    17     265               (-,-) 
  pp_fir_2_1_1_csa_tree_ADD_TC_OP_groupi4004_g11002/Y  -       B->Y   R     NAND2_X2A_A9PP140ZTL_C30         2  3.1    19    16     281               (-,-) 
  pp_fir_2_1_1_csa_tree_ADD_TC_OP_groupi4004_g10844/Y  -       C->Y   F     XNOR3_X2M_A9PP140ZTL_C30         1  2.1    17    44     325               (-,-) 
  pp_fir_2_1_1_csa_tree_ADD_TC_OP_groupi4004_g10775/CO -       CI->CO F     ADDF_X1P4M_A9PP140ZTL_C30        1  2.1    15    30     354               (-,-) 
  pp_fir_2_1_1_csa_tree_ADD_TC_OP_groupi4004_g10710/CO -       CI->CO F     ADDF_X2M_A9PP140ZTL_C30          2  3.3    17    32     386               (-,-) 
  pp_fir_2_1_1_csa_tree_ADD_TC_OP_groupi4004_g10685/Y  -       S0->Y  F     MXIT2_X1P4M_A9PP140ZTL_C30       1  1.8    23    19     405               (-,-) 
  pp_fir_2_1_1_csa_tree_ADD_TC_OP_groupi4004_g10646/Y  -       B->Y   F     XNOR2_X2M_A9PP140ZTL_C30         2  2.9    29    25     430               (-,-) 
  pp_fir_2_1_1_csa_tree_ADD_TC_OP_groupi4004_g10620/Y  -       A->Y   R     NAND2_X2A_A9PP140ZTL_C30         2  2.5    19    15     445               (-,-) 
  pp_fir_2_1_1_csa_tree_ADD_TC_OP_groupi4004_g10593/Y  -       A0->Y  F     AOI21_X2M_A9PP140ZTL_C30         2  2.5    21    15     460               (-,-) 
  pp_fir_2_1_1_csa_tree_ADD_TC_OP_groupi4004_g10566/Y  -       A0->Y  R     OAI21_X2M_A9PP140ZTL_C30         1  2.2    22    18     477               (-,-) 
  pp_fir_2_1_1_csa_tree_ADD_TC_OP_groupi4004_g10554/Y  -       A0->Y  F     AOI21_X3M_A9PP140ZTL_C30         2  3.5    22    16     493               (-,-) 
  pp_fir_2_1_1_csa_tree_ADD_TC_OP_groupi4004_g10553/Y  -       A->Y   R     INV_X1P4M_A9PP140ZTL_C30         1  2.9    17    14     507               (-,-) 
  pp_fir_2_1_1_csa_tree_ADD_TC_OP_groupi4004_g10549/Y  -       B0N->Y F     OA21B_X4M_A9PP140ZTL_C30         3  3.7    12     8     515               (-,-) 
  pp_fir_2_1_1_csa_tree_ADD_TC_OP_groupi4004_g10545/Y  -       A->Y   R     NOR2_X2A_A9PP140ZTL_C30          2  2.9    20    14     530               (-,-) 
  pp_fir_2_1_1_csa_tree_ADD_TC_OP_groupi4004_g10544/Y  -       A->Y   F     INV_X1P7M_A9PP140ZTL_C30         1  1.6    10     7     536               (-,-) 
  pp_fir_2_1_1_csa_tree_ADD_TC_OP_groupi4004_g10537/Y  -       A->Y   R     NAND2_X2A_A9PP140ZTL_C30         1  1.7    12     9     545               (-,-) 
  pp_fir_2_1_1_csa_tree_ADD_TC_OP_groupi4004_g10534/Y  -       S0->Y  R     MXIT2_X1P4M_A9PP140ZTL_C30       1  0.8    18    13     558               (-,-) 
  pp_fir_2_1_1_sum1_9_im_1_reg[21]/D                   -       -      R     SDFFRPQ_X1M_A9PP140ZTL_C30       1    -     -     0     558  (123.3405,80.7150) 
#-----------------------------------------------------------------------------------------------------------------------------------------------------------



Path 50: MET (0 ps) Setup Check with Pin pp_fir_2_1_1_sum1_8_re_1_reg[28]/CK->D
           View: view_wcl_slow
          Group: clk
     Startpoint: (R) pp_fir_2_1_1_Delay_Pipeline_reg_re_reg[17][14]/CK
          Clock: (R) clk
       Endpoint: (R) pp_fir_2_1_1_sum1_8_re_1_reg[28]/D
          Clock: (R) clk

                     Capture       Launch     
        Clock Edge:+     500            0     
       Src Latency:+       0            0     
       Net Latency:+     200 (I)      200 (I) 
           Arrival:=     700          200     
                                              
             Setup:-      16                  
       Uncertainty:-     125                  
     Required Time:=     559                  
      Launch Clock:-     200                  
         Data Path:-     359                  
             Slack:=       0                  

#----------------------------------------------------------------------------------------------------------------------------------------------------------
#                    Timing Point                      Flags    Arc    Edge            Cell             Fanout Load Trans Delay Arrival      Instance      
#                                                                                                              (fF)  (ps)  (ps)   (ps)       Location      
#----------------------------------------------------------------------------------------------------------------------------------------------------------
  pp_fir_2_1_1_Delay_Pipeline_reg_re_reg[17][14]/CK    -       -       R     (arrival)                    3702    -    25     0     200              (-,-) 
  pp_fir_2_1_1_Delay_Pipeline_reg_re_reg[17][14]/Q     -       CK->Q   R     DFFRPQA_X1M_A9PP140ZTL_C30      7  8.7    47    56     256  (29.2655,91.1595) 
  pp_fir_2_1_1_csa_tree_ADD_TC_OP_groupi4007_g10030/Y  -       A->Y    F     INV_X3M_A9PP140ZTL_C30          2  3.7    18    10     266              (-,-) 
  pp_fir_2_1_1_csa_tree_ADD_TC_OP_groupi4007_g9917/Y   -       B->Y    R     NOR2_X3A_A9PP140ZTL_C30         2  3.0    16    14     281              (-,-) 
  pp_fir_2_1_1_csa_tree_ADD_TC_OP_groupi4007_g9914/Y   -       A->Y    F     INV_X1P4M_A9PP140ZTL_C30        1  1.6     9     7     288              (-,-) 
  pp_fir_2_1_1_csa_tree_ADD_TC_OP_groupi4007_g9902/Y   -       B->Y    R     NAND2_X2M_A9PP140ZTL_C30        4  5.4    28    20     307              (-,-) 
  pp_fir_2_1_1_csa_tree_ADD_TC_OP_groupi4007_g9822/CON -       CI->CON F     CGENI_X1M_A9PP140ZTL_C30        1  2.1    33    23     330              (-,-) 
  pp_fir_2_1_1_csa_tree_ADD_TC_OP_groupi4007_g9730/CO  -       CI->CO  F     ADDF_X1M_A9PP140ZTL_C30         2  3.0    22    38     369              (-,-) 
  pp_fir_2_1_1_csa_tree_ADD_TC_OP_groupi4007_g9674/CON -       CI->CON R     CGENI_X2M_A9PP140ZTL_C30        1  2.8    29    20     389              (-,-) 
  pp_fir_2_1_1_csa_tree_ADD_TC_OP_groupi4007_g9605/S   -       B->S    F     ADDF_X2M_A9PP140ZTL_C30         2  3.9    24    51     440              (-,-) 
  pp_fir_2_1_1_csa_tree_ADD_TC_OP_groupi4007_g9592/Y   -       A->Y    R     NAND2_X4M_A9PP140ZTL_C30        3  4.8    25    15     455              (-,-) 
  pp_fir_2_1_1_csa_tree_ADD_TC_OP_groupi4007_g9562/Y   -       B->Y    F     NAND2_X3B_A9PP140ZTL_C30        3  4.2    19    15     470              (-,-) 
  pp_fir_2_1_1_csa_tree_ADD_TC_OP_groupi4007_g9538/Y   -       A0->Y   R     OAI21_X2M_A9PP140ZTL_C30        2  2.9    25    19     489              (-,-) 
  pp_fir_2_1_1_csa_tree_ADD_TC_OP_groupi4007_g9527/Y   -       A0->Y   F     AOI21_X2M_A9PP140ZTL_C30        1  1.6    19    14     503              (-,-) 
  pp_fir_2_1_1_csa_tree_ADD_TC_OP_groupi4007_g9521/Y   -       B0N->Y  R     AO21B_X2M_A9PP140ZTL_C30        2  3.1    17    13     516              (-,-) 
  pp_fir_2_1_1_csa_tree_ADD_TC_OP_groupi4007_g9520/Y   -       A->Y    F     INV_X2M_A9PP140ZTL_C30          3  4.4    15    11     527              (-,-) 
  pp_fir_2_1_1_csa_tree_ADD_TC_OP_groupi4007_g9509/Y   -       A0->Y   R     OAI21_X2M_A9PP140ZTL_C30        2  2.6    24    17     544              (-,-) 
  pp_fir_2_1_1_csa_tree_ADD_TC_OP_groupi4007_g9505/Y   -       S0->Y   R     MXIT2_X1P4M_A9PP140ZTL_C30      1  0.9    18    15     559              (-,-) 
  pp_fir_2_1_1_sum1_8_re_1_reg[28]/D                   -       -       R     SDFFRPQ_X2M_A9PP140ZTL_C30      1    -     -     0     559  (33.1265,99.3680) 
#----------------------------------------------------------------------------------------------------------------------------------------------------------

