============================================================
  Generated by:           Genus(TM) Synthesis Solution 22.10-p001_1
  Generated on:           Jan 05 2025  08:36:45 pm
  Module:                 pp_fir_u_2
  Operating conditions:   ssg_cworstt_max_0p81v_125c 
  Operating conditions:   ffg_cbestt_min_0p99v_m40c 
  Operating conditions:   tt_ctypical_max_0p90v_25c 
  Interconnect mode:      global
  Area mode:              physical library
============================================================


Path 1: VIOLATED (-2 ps) Setup Check with Pin pp_fir_2_1_1_sum2_6_re_1_reg[30]/CK->D
           View: view_wcl_typical
          Group: clk
     Startpoint: (R) enb_1_8_0
          Clock: (R) clk
       Endpoint: (R) pp_fir_2_1_1_sum2_6_re_1_reg[30]/D
          Clock: (R) clk

                     Capture       Launch     
        Clock Edge:+     500            0     
        Drv Adjust:+       0            3     
       Src Latency:+       0            0     
       Net Latency:+     200 (I)      200 (I) 
           Arrival:=     700          203     
                                              
             Setup:-       6                  
       Uncertainty:-     125                  
     Required Time:=     569                  
      Launch Clock:-     203                  
       Input Delay:-     300                  
         Data Path:-      68                  
             Slack:=      -2                  

Exceptions/Constraints:
  input_delay             300             topPPFilter_struct.s_line_18_1089_1 

#----------------------------------------------------------------------------------------------------------------------------
#           Timing Point             Flags   Arc   Edge            Cell             Fanout Load Trans Delay Arrival Instance 
#                                                                                          (fF)  (ps)  (ps)   (ps)  Location 
#----------------------------------------------------------------------------------------------------------------------------
  enb_1_8_0                          -       -     R     (arrival)                       1  3.8     8     0     503    (-,-) 
  g89/Y                              -       A->Y  R     BUF_X13M_A9PP140ZTL_C30        12 40.3    15    17     520    (-,-) 
  pp_fir_2_1_1_g64739/Y              -       A->Y  R     BUF_X16M_A9PP140ZTL_C30        15 43.4    14    18     538    (-,-) 
  pp_fir_2_1_1_g64730/Y              -       A->Y  R     BUF_X7P5M_A9PP140ZTL_C30        4 13.6    10    15     553    (-,-) 
  pp_fir_2_1_1_g60485/Y              -       A->Y  F     NAND2_X4M_A9PP140ZTL_C30        3  5.1    14     8     561    (-,-) 
  pp_fir_2_1_1_g57847__7410/Y        -       B0->Y R     OAI2XB1_X2M_A9PP140ZTL_C30      1  1.6    14    10     571    (-,-) 
  pp_fir_2_1_1_sum2_6_re_1_reg[30]/D -       -     R     DFFRPQ_X3M_A9PP140ZTL_C30       1    -     -     0     571    (-,-) 
#----------------------------------------------------------------------------------------------------------------------------



Path 2: VIOLATED (-2 ps) Setup Check with Pin pp_fir_2_1_1_sum2_6_re_1_reg[29]/CK->D
           View: view_wcl_typical
          Group: clk
     Startpoint: (R) enb_1_8_0
          Clock: (R) clk
       Endpoint: (R) pp_fir_2_1_1_sum2_6_re_1_reg[29]/D
          Clock: (R) clk

                     Capture       Launch     
        Clock Edge:+     500            0     
        Drv Adjust:+       0            3     
       Src Latency:+       0            0     
       Net Latency:+     200 (I)      200 (I) 
           Arrival:=     700          203     
                                              
             Setup:-       6                  
       Uncertainty:-     125                  
     Required Time:=     569                  
      Launch Clock:-     203                  
       Input Delay:-     300                  
         Data Path:-      68                  
             Slack:=      -2                  

Exceptions/Constraints:
  input_delay             300             topPPFilter_struct.s_line_18_1089_1 

#----------------------------------------------------------------------------------------------------------------------------
#           Timing Point             Flags   Arc   Edge            Cell             Fanout Load Trans Delay Arrival Instance 
#                                                                                          (fF)  (ps)  (ps)   (ps)  Location 
#----------------------------------------------------------------------------------------------------------------------------
  enb_1_8_0                          -       -     R     (arrival)                       1  3.8     8     0     503    (-,-) 
  g89/Y                              -       A->Y  R     BUF_X13M_A9PP140ZTL_C30        12 40.3    15    17     520    (-,-) 
  pp_fir_2_1_1_g64739/Y              -       A->Y  R     BUF_X16M_A9PP140ZTL_C30        15 43.4    14    18     538    (-,-) 
  pp_fir_2_1_1_g64730/Y              -       A->Y  R     BUF_X7P5M_A9PP140ZTL_C30        4 13.6    10    15     553    (-,-) 
  pp_fir_2_1_1_g60485/Y              -       A->Y  F     NAND2_X4M_A9PP140ZTL_C30        3  5.1    14     8     561    (-,-) 
  pp_fir_2_1_1_g57846__1666/Y        -       B0->Y R     OAI2XB1_X2M_A9PP140ZTL_C30      1  1.6    14    10     571    (-,-) 
  pp_fir_2_1_1_sum2_6_re_1_reg[29]/D -       -     R     DFFRPQ_X3M_A9PP140ZTL_C30       1    -     -     0     571    (-,-) 
#----------------------------------------------------------------------------------------------------------------------------



Path 3: VIOLATED (-2 ps) Setup Check with Pin pp_fir_2_1_1_sum2_6_re_1_reg[28]/CK->D
           View: view_wcl_typical
          Group: clk
     Startpoint: (R) enb_1_8_0
          Clock: (R) clk
       Endpoint: (R) pp_fir_2_1_1_sum2_6_re_1_reg[28]/D
          Clock: (R) clk

                     Capture       Launch     
        Clock Edge:+     500            0     
        Drv Adjust:+       0            3     
       Src Latency:+       0            0     
       Net Latency:+     200 (I)      200 (I) 
           Arrival:=     700          203     
                                              
             Setup:-       6                  
       Uncertainty:-     125                  
     Required Time:=     569                  
      Launch Clock:-     203                  
       Input Delay:-     300                  
         Data Path:-      68                  
             Slack:=      -2                  

Exceptions/Constraints:
  input_delay             300             topPPFilter_struct.s_line_18_1089_1 

#----------------------------------------------------------------------------------------------------------------------------
#           Timing Point             Flags   Arc   Edge            Cell             Fanout Load Trans Delay Arrival Instance 
#                                                                                          (fF)  (ps)  (ps)   (ps)  Location 
#----------------------------------------------------------------------------------------------------------------------------
  enb_1_8_0                          -       -     R     (arrival)                       1  3.8     8     0     503    (-,-) 
  g89/Y                              -       A->Y  R     BUF_X13M_A9PP140ZTL_C30        12 40.3    15    17     520    (-,-) 
  pp_fir_2_1_1_g64739/Y              -       A->Y  R     BUF_X16M_A9PP140ZTL_C30        15 43.4    14    18     538    (-,-) 
  pp_fir_2_1_1_g64730/Y              -       A->Y  R     BUF_X7P5M_A9PP140ZTL_C30        4 13.6    10    15     553    (-,-) 
  pp_fir_2_1_1_g60485/Y              -       A->Y  F     NAND2_X4M_A9PP140ZTL_C30        3  5.1    14     8     561    (-,-) 
  pp_fir_2_1_1_g57845__2346/Y        -       B0->Y R     OAI2XB1_X2M_A9PP140ZTL_C30      1  1.6    14    10     571    (-,-) 
  pp_fir_2_1_1_sum2_6_re_1_reg[28]/D -       -     R     DFFRPQ_X3M_A9PP140ZTL_C30       1    -     -     0     571    (-,-) 
#----------------------------------------------------------------------------------------------------------------------------



Path 4: VIOLATED (-2 ps) Setup Check with Pin pp_fir_2_1_1_sum2_6_im_1_reg[30]/CK->D
           View: view_wcl_typical
          Group: clk
     Startpoint: (R) enb_1_8_0
          Clock: (R) clk
       Endpoint: (R) pp_fir_2_1_1_sum2_6_im_1_reg[30]/D
          Clock: (R) clk

                     Capture       Launch     
        Clock Edge:+     500            0     
        Drv Adjust:+       0            3     
       Src Latency:+       0            0     
       Net Latency:+     200 (I)      200 (I) 
           Arrival:=     700          203     
                                              
             Setup:-       6                  
       Uncertainty:-     125                  
     Required Time:=     569                  
      Launch Clock:-     203                  
       Input Delay:-     300                  
         Data Path:-      68                  
             Slack:=      -2                  

Exceptions/Constraints:
  input_delay             300             topPPFilter_struct.s_line_18_1089_1 

#----------------------------------------------------------------------------------------------------------------------------
#           Timing Point             Flags   Arc   Edge            Cell             Fanout Load Trans Delay Arrival Instance 
#                                                                                          (fF)  (ps)  (ps)   (ps)  Location 
#----------------------------------------------------------------------------------------------------------------------------
  enb_1_8_0                          -       -     R     (arrival)                       1  3.8     8     0     503    (-,-) 
  g89/Y                              -       A->Y  R     BUF_X13M_A9PP140ZTL_C30        12 40.3    15    17     520    (-,-) 
  pp_fir_2_1_1_g64739/Y              -       A->Y  R     BUF_X16M_A9PP140ZTL_C30        15 43.4    14    18     538    (-,-) 
  pp_fir_2_1_1_g64730/Y              -       A->Y  R     BUF_X7P5M_A9PP140ZTL_C30        4 13.6    10    15     553    (-,-) 
  pp_fir_2_1_1_g60484/Y              -       A->Y  F     NAND2_X4M_A9PP140ZTL_C30        3  5.1    14     8     561    (-,-) 
  pp_fir_2_1_1_g57844__2883/Y        -       B0->Y R     OAI2XB1_X2M_A9PP140ZTL_C30      1  1.6    14    10     571    (-,-) 
  pp_fir_2_1_1_sum2_6_im_1_reg[30]/D -       -     R     DFFRPQ_X3M_A9PP140ZTL_C30       1    -     -     0     571    (-,-) 
#----------------------------------------------------------------------------------------------------------------------------



Path 5: VIOLATED (-2 ps) Setup Check with Pin pp_fir_2_1_1_sum2_6_im_1_reg[29]/CK->D
           View: view_wcl_typical
          Group: clk
     Startpoint: (R) enb_1_8_0
          Clock: (R) clk
       Endpoint: (R) pp_fir_2_1_1_sum2_6_im_1_reg[29]/D
          Clock: (R) clk

                     Capture       Launch     
        Clock Edge:+     500            0     
        Drv Adjust:+       0            3     
       Src Latency:+       0            0     
       Net Latency:+     200 (I)      200 (I) 
           Arrival:=     700          203     
                                              
             Setup:-       6                  
       Uncertainty:-     125                  
     Required Time:=     569                  
      Launch Clock:-     203                  
       Input Delay:-     300                  
         Data Path:-      68                  
             Slack:=      -2                  

Exceptions/Constraints:
  input_delay             300             topPPFilter_struct.s_line_18_1089_1 

#----------------------------------------------------------------------------------------------------------------------------
#           Timing Point             Flags   Arc   Edge            Cell             Fanout Load Trans Delay Arrival Instance 
#                                                                                          (fF)  (ps)  (ps)   (ps)  Location 
#----------------------------------------------------------------------------------------------------------------------------
  enb_1_8_0                          -       -     R     (arrival)                       1  3.8     8     0     503    (-,-) 
  g89/Y                              -       A->Y  R     BUF_X13M_A9PP140ZTL_C30        12 40.3    15    17     520    (-,-) 
  pp_fir_2_1_1_g64739/Y              -       A->Y  R     BUF_X16M_A9PP140ZTL_C30        15 43.4    14    18     538    (-,-) 
  pp_fir_2_1_1_g64730/Y              -       A->Y  R     BUF_X7P5M_A9PP140ZTL_C30        4 13.6    10    15     553    (-,-) 
  pp_fir_2_1_1_g60484/Y              -       A->Y  F     NAND2_X4M_A9PP140ZTL_C30        3  5.1    14     8     561    (-,-) 
  pp_fir_2_1_1_g57843__9945/Y        -       B0->Y R     OAI2XB1_X2M_A9PP140ZTL_C30      1  1.6    14    10     571    (-,-) 
  pp_fir_2_1_1_sum2_6_im_1_reg[29]/D -       -     R     DFFRPQ_X3M_A9PP140ZTL_C30       1    -     -     0     571    (-,-) 
#----------------------------------------------------------------------------------------------------------------------------



Path 6: VIOLATED (-2 ps) Setup Check with Pin pp_fir_2_1_1_sum2_6_im_1_reg[28]/CK->D
           View: view_wcl_typical
          Group: clk
     Startpoint: (R) enb_1_8_0
          Clock: (R) clk
       Endpoint: (R) pp_fir_2_1_1_sum2_6_im_1_reg[28]/D
          Clock: (R) clk

                     Capture       Launch     
        Clock Edge:+     500            0     
        Drv Adjust:+       0            3     
       Src Latency:+       0            0     
       Net Latency:+     200 (I)      200 (I) 
           Arrival:=     700          203     
                                              
             Setup:-       6                  
       Uncertainty:-     125                  
     Required Time:=     569                  
      Launch Clock:-     203                  
       Input Delay:-     300                  
         Data Path:-      68                  
             Slack:=      -2                  

Exceptions/Constraints:
  input_delay             300             topPPFilter_struct.s_line_18_1089_1 

#----------------------------------------------------------------------------------------------------------------------------
#           Timing Point             Flags   Arc   Edge            Cell             Fanout Load Trans Delay Arrival Instance 
#                                                                                          (fF)  (ps)  (ps)   (ps)  Location 
#----------------------------------------------------------------------------------------------------------------------------
  enb_1_8_0                          -       -     R     (arrival)                       1  3.8     8     0     503    (-,-) 
  g89/Y                              -       A->Y  R     BUF_X13M_A9PP140ZTL_C30        12 40.3    15    17     520    (-,-) 
  pp_fir_2_1_1_g64739/Y              -       A->Y  R     BUF_X16M_A9PP140ZTL_C30        15 43.4    14    18     538    (-,-) 
  pp_fir_2_1_1_g64730/Y              -       A->Y  R     BUF_X7P5M_A9PP140ZTL_C30        4 13.6    10    15     553    (-,-) 
  pp_fir_2_1_1_g60484/Y              -       A->Y  F     NAND2_X4M_A9PP140ZTL_C30        3  5.1    14     8     561    (-,-) 
  pp_fir_2_1_1_g57842__9315/Y        -       B0->Y R     OAI2XB1_X2M_A9PP140ZTL_C30      1  1.6    14    10     571    (-,-) 
  pp_fir_2_1_1_sum2_6_im_1_reg[28]/D -       -     R     DFFRPQ_X3M_A9PP140ZTL_C30       1    -     -     0     571    (-,-) 
#----------------------------------------------------------------------------------------------------------------------------



Path 7: VIOLATED (-2 ps) Setup Check with Pin pp_fir_2_1_1_sum2_2_re_1_reg[27]/CK->D
           View: view_wcl_typical
          Group: clk
     Startpoint: (R) enb_1_8_0
          Clock: (R) clk
       Endpoint: (R) pp_fir_2_1_1_sum2_2_re_1_reg[27]/D
          Clock: (R) clk

                     Capture       Launch     
        Clock Edge:+     500            0     
        Drv Adjust:+       0            3     
       Src Latency:+       0            0     
       Net Latency:+     200 (I)      200 (I) 
           Arrival:=     700          203     
                                              
             Setup:-       6                  
       Uncertainty:-     125                  
     Required Time:=     569                  
      Launch Clock:-     203                  
       Input Delay:-     300                  
         Data Path:-      68                  
             Slack:=      -2                  

Exceptions/Constraints:
  input_delay             300             topPPFilter_struct.s_line_18_1089_1 

#----------------------------------------------------------------------------------------------------------------------------
#           Timing Point             Flags   Arc   Edge            Cell             Fanout Load Trans Delay Arrival Instance 
#                                                                                          (fF)  (ps)  (ps)   (ps)  Location 
#----------------------------------------------------------------------------------------------------------------------------
  enb_1_8_0                          -       -     R     (arrival)                       1  3.8     8     0     503    (-,-) 
  g89/Y                              -       A->Y  R     BUF_X13M_A9PP140ZTL_C30        12 40.3    15    17     520    (-,-) 
  pp_fir_2_1_1_g64739/Y              -       A->Y  R     BUF_X16M_A9PP140ZTL_C30        15 43.4    14    18     538    (-,-) 
  pp_fir_2_1_1_g64729/Y              -       A->Y  R     BUF_X9M_A9PP140ZTL_C30          6 15.3    10    15     553    (-,-) 
  pp_fir_2_1_1_g60480/Y              -       A->Y  F     NAND2_X4M_A9PP140ZTL_C30        3  5.1    13     8     562    (-,-) 
  pp_fir_2_1_1_g57835__7098/Y        -       B0->Y R     OAI2XB1_X2M_A9PP140ZTL_C30      1  1.6    14    10     571    (-,-) 
  pp_fir_2_1_1_sum2_2_re_1_reg[27]/D -       -     R     DFFRPQ_X3M_A9PP140ZTL_C30       1    -     -     0     571    (-,-) 
#----------------------------------------------------------------------------------------------------------------------------



Path 8: VIOLATED (-2 ps) Setup Check with Pin pp_fir_2_1_1_sum2_2_re_1_reg[26]/CK->D
           View: view_wcl_typical
          Group: clk
     Startpoint: (R) enb_1_8_0
          Clock: (R) clk
       Endpoint: (R) pp_fir_2_1_1_sum2_2_re_1_reg[26]/D
          Clock: (R) clk

                     Capture       Launch     
        Clock Edge:+     500            0     
        Drv Adjust:+       0            3     
       Src Latency:+       0            0     
       Net Latency:+     200 (I)      200 (I) 
           Arrival:=     700          203     
                                              
             Setup:-       6                  
       Uncertainty:-     125                  
     Required Time:=     569                  
      Launch Clock:-     203                  
       Input Delay:-     300                  
         Data Path:-      68                  
             Slack:=      -2                  

Exceptions/Constraints:
  input_delay             300             topPPFilter_struct.s_line_18_1089_1 

#----------------------------------------------------------------------------------------------------------------------------
#           Timing Point             Flags   Arc   Edge            Cell             Fanout Load Trans Delay Arrival Instance 
#                                                                                          (fF)  (ps)  (ps)   (ps)  Location 
#----------------------------------------------------------------------------------------------------------------------------
  enb_1_8_0                          -       -     R     (arrival)                       1  3.8     8     0     503    (-,-) 
  g89/Y                              -       A->Y  R     BUF_X13M_A9PP140ZTL_C30        12 40.3    15    17     520    (-,-) 
  pp_fir_2_1_1_g64739/Y              -       A->Y  R     BUF_X16M_A9PP140ZTL_C30        15 43.4    14    18     538    (-,-) 
  pp_fir_2_1_1_g64729/Y              -       A->Y  R     BUF_X9M_A9PP140ZTL_C30          6 15.3    10    15     553    (-,-) 
  pp_fir_2_1_1_g60480/Y              -       A->Y  F     NAND2_X4M_A9PP140ZTL_C30        3  5.1    13     8     562    (-,-) 
  pp_fir_2_1_1_g57834__8246/Y        -       B0->Y R     OAI2XB1_X2M_A9PP140ZTL_C30      1  1.6    14    10     571    (-,-) 
  pp_fir_2_1_1_sum2_2_re_1_reg[26]/D -       -     R     DFFRPQ_X3M_A9PP140ZTL_C30       1    -     -     0     571    (-,-) 
#----------------------------------------------------------------------------------------------------------------------------



Path 9: VIOLATED (-2 ps) Setup Check with Pin pp_fir_2_1_1_sum2_2_re_1_reg[25]/CK->D
           View: view_wcl_typical
          Group: clk
     Startpoint: (R) enb_1_8_0
          Clock: (R) clk
       Endpoint: (R) pp_fir_2_1_1_sum2_2_re_1_reg[25]/D
          Clock: (R) clk

                     Capture       Launch     
        Clock Edge:+     500            0     
        Drv Adjust:+       0            3     
       Src Latency:+       0            0     
       Net Latency:+     200 (I)      200 (I) 
           Arrival:=     700          203     
                                              
             Setup:-       6                  
       Uncertainty:-     125                  
     Required Time:=     569                  
      Launch Clock:-     203                  
       Input Delay:-     300                  
         Data Path:-      68                  
             Slack:=      -2                  

Exceptions/Constraints:
  input_delay             300             topPPFilter_struct.s_line_18_1089_1 

#----------------------------------------------------------------------------------------------------------------------------
#           Timing Point             Flags   Arc   Edge            Cell             Fanout Load Trans Delay Arrival Instance 
#                                                                                          (fF)  (ps)  (ps)   (ps)  Location 
#----------------------------------------------------------------------------------------------------------------------------
  enb_1_8_0                          -       -     R     (arrival)                       1  3.8     8     0     503    (-,-) 
  g89/Y                              -       A->Y  R     BUF_X13M_A9PP140ZTL_C30        12 40.3    15    17     520    (-,-) 
  pp_fir_2_1_1_g64739/Y              -       A->Y  R     BUF_X16M_A9PP140ZTL_C30        15 43.4    14    18     538    (-,-) 
  pp_fir_2_1_1_g64729/Y              -       A->Y  R     BUF_X9M_A9PP140ZTL_C30          6 15.3    10    15     553    (-,-) 
  pp_fir_2_1_1_g60480/Y              -       A->Y  F     NAND2_X4M_A9PP140ZTL_C30        3  5.1    13     8     562    (-,-) 
  pp_fir_2_1_1_g57833__5122/Y        -       B0->Y R     OAI2XB1_X2M_A9PP140ZTL_C30      1  1.6    14    10     571    (-,-) 
  pp_fir_2_1_1_sum2_2_re_1_reg[25]/D -       -     R     DFFRPQ_X3M_A9PP140ZTL_C30       1    -     -     0     571    (-,-) 
#----------------------------------------------------------------------------------------------------------------------------



Path 10: VIOLATED (-2 ps) Setup Check with Pin pp_fir_2_1_1_sum2_2_im_1_reg[27]/CK->D
           View: view_wcl_typical
          Group: clk
     Startpoint: (R) enb_1_8_0
          Clock: (R) clk
       Endpoint: (R) pp_fir_2_1_1_sum2_2_im_1_reg[27]/D
          Clock: (R) clk

                     Capture       Launch     
        Clock Edge:+     500            0     
        Drv Adjust:+       0            3     
       Src Latency:+       0            0     
       Net Latency:+     200 (I)      200 (I) 
           Arrival:=     700          203     
                                              
             Setup:-       6                  
       Uncertainty:-     125                  
     Required Time:=     569                  
      Launch Clock:-     203                  
       Input Delay:-     300                  
         Data Path:-      68                  
             Slack:=      -2                  

Exceptions/Constraints:
  input_delay             300             topPPFilter_struct.s_line_18_1089_1 

#----------------------------------------------------------------------------------------------------------------------------
#           Timing Point             Flags   Arc   Edge            Cell             Fanout Load Trans Delay Arrival Instance 
#                                                                                          (fF)  (ps)  (ps)   (ps)  Location 
#----------------------------------------------------------------------------------------------------------------------------
  enb_1_8_0                          -       -     R     (arrival)                       1  3.8     8     0     503    (-,-) 
  g89/Y                              -       A->Y  R     BUF_X13M_A9PP140ZTL_C30        12 40.3    15    17     520    (-,-) 
  pp_fir_2_1_1_g64739/Y              -       A->Y  R     BUF_X16M_A9PP140ZTL_C30        15 43.4    14    18     538    (-,-) 
  pp_fir_2_1_1_g64729/Y              -       A->Y  R     BUF_X9M_A9PP140ZTL_C30          6 15.3    10    15     553    (-,-) 
  pp_fir_2_1_1_g60477/Y              -       A->Y  F     NAND2_X4M_A9PP140ZTL_C30        3  5.1    13     8     562    (-,-) 
  pp_fir_2_1_1_g57832__1705/Y        -       B0->Y R     OAI2XB1_X2M_A9PP140ZTL_C30      1  1.6    14    10     571    (-,-) 
  pp_fir_2_1_1_sum2_2_im_1_reg[27]/D -       -     R     DFFRPQ_X3M_A9PP140ZTL_C30       1    -     -     0     571    (-,-) 
#----------------------------------------------------------------------------------------------------------------------------



Path 11: VIOLATED (-2 ps) Setup Check with Pin pp_fir_2_1_1_sum2_2_im_1_reg[26]/CK->D
           View: view_wcl_typical
          Group: clk
     Startpoint: (R) enb_1_8_0
          Clock: (R) clk
       Endpoint: (R) pp_fir_2_1_1_sum2_2_im_1_reg[26]/D
          Clock: (R) clk

                     Capture       Launch     
        Clock Edge:+     500            0     
        Drv Adjust:+       0            3     
       Src Latency:+       0            0     
       Net Latency:+     200 (I)      200 (I) 
           Arrival:=     700          203     
                                              
             Setup:-       6                  
       Uncertainty:-     125                  
     Required Time:=     569                  
      Launch Clock:-     203                  
       Input Delay:-     300                  
         Data Path:-      68                  
             Slack:=      -2                  

Exceptions/Constraints:
  input_delay             300             topPPFilter_struct.s_line_18_1089_1 

#----------------------------------------------------------------------------------------------------------------------------
#           Timing Point             Flags   Arc   Edge            Cell             Fanout Load Trans Delay Arrival Instance 
#                                                                                          (fF)  (ps)  (ps)   (ps)  Location 
#----------------------------------------------------------------------------------------------------------------------------
  enb_1_8_0                          -       -     R     (arrival)                       1  3.8     8     0     503    (-,-) 
  g89/Y                              -       A->Y  R     BUF_X13M_A9PP140ZTL_C30        12 40.3    15    17     520    (-,-) 
  pp_fir_2_1_1_g64739/Y              -       A->Y  R     BUF_X16M_A9PP140ZTL_C30        15 43.4    14    18     538    (-,-) 
  pp_fir_2_1_1_g64729/Y              -       A->Y  R     BUF_X9M_A9PP140ZTL_C30          6 15.3    10    15     553    (-,-) 
  pp_fir_2_1_1_g60477/Y              -       A->Y  F     NAND2_X4M_A9PP140ZTL_C30        3  5.1    13     8     562    (-,-) 
  pp_fir_2_1_1_g57831__2802/Y        -       B0->Y R     OAI2XB1_X2M_A9PP140ZTL_C30      1  1.6    14    10     571    (-,-) 
  pp_fir_2_1_1_sum2_2_im_1_reg[26]/D -       -     R     DFFRPQ_X3M_A9PP140ZTL_C30       1    -     -     0     571    (-,-) 
#----------------------------------------------------------------------------------------------------------------------------



Path 12: VIOLATED (-2 ps) Setup Check with Pin pp_fir_2_1_1_sum2_2_im_1_reg[25]/CK->D
           View: view_wcl_typical
          Group: clk
     Startpoint: (R) enb_1_8_0
          Clock: (R) clk
       Endpoint: (R) pp_fir_2_1_1_sum2_2_im_1_reg[25]/D
          Clock: (R) clk

                     Capture       Launch     
        Clock Edge:+     500            0     
        Drv Adjust:+       0            3     
       Src Latency:+       0            0     
       Net Latency:+     200 (I)      200 (I) 
           Arrival:=     700          203     
                                              
             Setup:-       6                  
       Uncertainty:-     125                  
     Required Time:=     569                  
      Launch Clock:-     203                  
       Input Delay:-     300                  
         Data Path:-      68                  
             Slack:=      -2                  

Exceptions/Constraints:
  input_delay             300             topPPFilter_struct.s_line_18_1089_1 

#----------------------------------------------------------------------------------------------------------------------------
#           Timing Point             Flags   Arc   Edge            Cell             Fanout Load Trans Delay Arrival Instance 
#                                                                                          (fF)  (ps)  (ps)   (ps)  Location 
#----------------------------------------------------------------------------------------------------------------------------
  enb_1_8_0                          -       -     R     (arrival)                       1  3.8     8     0     503    (-,-) 
  g89/Y                              -       A->Y  R     BUF_X13M_A9PP140ZTL_C30        12 40.3    15    17     520    (-,-) 
  pp_fir_2_1_1_g64739/Y              -       A->Y  R     BUF_X16M_A9PP140ZTL_C30        15 43.4    14    18     538    (-,-) 
  pp_fir_2_1_1_g64729/Y              -       A->Y  R     BUF_X9M_A9PP140ZTL_C30          6 15.3    10    15     553    (-,-) 
  pp_fir_2_1_1_g60477/Y              -       A->Y  F     NAND2_X4M_A9PP140ZTL_C30        3  5.1    13     8     562    (-,-) 
  pp_fir_2_1_1_g59152/Y              -       B0->Y R     OAI2XB1_X2M_A9PP140ZTL_C30      1  1.6    14    10     571    (-,-) 
  pp_fir_2_1_1_sum2_2_im_1_reg[25]/D -       -     R     DFFRPQ_X3M_A9PP140ZTL_C30       1    -     -     0     571    (-,-) 
#----------------------------------------------------------------------------------------------------------------------------



Path 13: VIOLATED (-2 ps) Setup Check with Pin pp_fir_2_1_1_sum2_7_re_1_reg[27]/CK->D
           View: view_wcl_typical
          Group: clk
     Startpoint: (R) enb_1_8_0
          Clock: (R) clk
       Endpoint: (R) pp_fir_2_1_1_sum2_7_re_1_reg[27]/D
          Clock: (R) clk

                     Capture       Launch     
        Clock Edge:+     500            0     
        Drv Adjust:+       0            3     
       Src Latency:+       0            0     
       Net Latency:+     200 (I)      200 (I) 
           Arrival:=     700          203     
                                              
             Setup:-       6                  
       Uncertainty:-     125                  
     Required Time:=     569                  
      Launch Clock:-     203                  
       Input Delay:-     300                  
         Data Path:-      68                  
             Slack:=      -2                  

Exceptions/Constraints:
  input_delay             300             topPPFilter_struct.s_line_18_1089_1 

#---------------------------------------------------------------------------------------------------------------------------
#           Timing Point             Flags   Arc   Edge           Cell             Fanout Load Trans Delay Arrival Instance 
#                                                                                         (fF)  (ps)  (ps)   (ps)  Location 
#---------------------------------------------------------------------------------------------------------------------------
  enb_1_8_0                          -       -     R     (arrival)                      1  3.8     8     0     503    (-,-) 
  g89/Y                              -       A->Y  R     BUF_X13M_A9PP140ZTL_C30       12 40.3    15    17     520    (-,-) 
  pp_fir_2_1_1_g64739/Y              -       A->Y  R     BUF_X16M_A9PP140ZTL_C30       15 43.4    14    18     538    (-,-) 
  pp_fir_2_1_1_g64729/Y              -       A->Y  R     BUF_X9M_A9PP140ZTL_C30         6 15.3    10    15     553    (-,-) 
  pp_fir_2_1_1_g60482/Y              -       A->Y  F     NAND2_X3M_A9PP140ZTL_C30       2  3.8    13     8     562    (-,-) 
  pp_fir_2_1_1_g57851__5107/Y        -       B0->Y R     OAI21_X2M_A9PP140ZTL_C30       1  1.6    14     9     570    (-,-) 
  pp_fir_2_1_1_sum2_7_re_1_reg[27]/D -       -     R     DFFRPQ_X3M_A9PP140ZTL_C30      1    -     -     0     570    (-,-) 
#---------------------------------------------------------------------------------------------------------------------------



Path 14: VIOLATED (-2 ps) Setup Check with Pin pp_fir_2_1_1_sum2_7_re_1_reg[26]/CK->D
           View: view_wcl_typical
          Group: clk
     Startpoint: (R) enb_1_8_0
          Clock: (R) clk
       Endpoint: (R) pp_fir_2_1_1_sum2_7_re_1_reg[26]/D
          Clock: (R) clk

                     Capture       Launch     
        Clock Edge:+     500            0     
        Drv Adjust:+       0            3     
       Src Latency:+       0            0     
       Net Latency:+     200 (I)      200 (I) 
           Arrival:=     700          203     
                                              
             Setup:-       6                  
       Uncertainty:-     125                  
     Required Time:=     569                  
      Launch Clock:-     203                  
       Input Delay:-     300                  
         Data Path:-      68                  
             Slack:=      -2                  

Exceptions/Constraints:
  input_delay             300             topPPFilter_struct.s_line_18_1089_1 

#---------------------------------------------------------------------------------------------------------------------------
#           Timing Point             Flags   Arc   Edge           Cell             Fanout Load Trans Delay Arrival Instance 
#                                                                                         (fF)  (ps)  (ps)   (ps)  Location 
#---------------------------------------------------------------------------------------------------------------------------
  enb_1_8_0                          -       -     R     (arrival)                      1  3.8     8     0     503    (-,-) 
  g89/Y                              -       A->Y  R     BUF_X13M_A9PP140ZTL_C30       12 40.3    15    17     520    (-,-) 
  pp_fir_2_1_1_g64739/Y              -       A->Y  R     BUF_X16M_A9PP140ZTL_C30       15 43.4    14    18     538    (-,-) 
  pp_fir_2_1_1_g64729/Y              -       A->Y  R     BUF_X9M_A9PP140ZTL_C30         6 15.3    10    15     553    (-,-) 
  pp_fir_2_1_1_g60482/Y              -       A->Y  F     NAND2_X3M_A9PP140ZTL_C30       2  3.8    13     8     562    (-,-) 
  pp_fir_2_1_1_g57850__2398/Y        -       B0->Y R     OAI21_X2M_A9PP140ZTL_C30       1  1.6    14     9     570    (-,-) 
  pp_fir_2_1_1_sum2_7_re_1_reg[26]/D -       -     R     DFFRPQ_X3M_A9PP140ZTL_C30      1    -     -     0     570    (-,-) 
#---------------------------------------------------------------------------------------------------------------------------



Path 15: VIOLATED (-2 ps) Setup Check with Pin pp_fir_2_1_1_sum2_7_im_1_reg[27]/CK->D
           View: view_wcl_typical
          Group: clk
     Startpoint: (R) enb_1_8_0
          Clock: (R) clk
       Endpoint: (R) pp_fir_2_1_1_sum2_7_im_1_reg[27]/D
          Clock: (R) clk

                     Capture       Launch     
        Clock Edge:+     500            0     
        Drv Adjust:+       0            3     
       Src Latency:+       0            0     
       Net Latency:+     200 (I)      200 (I) 
           Arrival:=     700          203     
                                              
             Setup:-       6                  
       Uncertainty:-     125                  
     Required Time:=     569                  
      Launch Clock:-     203                  
       Input Delay:-     300                  
         Data Path:-      68                  
             Slack:=      -2                  

Exceptions/Constraints:
  input_delay             300             topPPFilter_struct.s_line_18_1089_1 

#---------------------------------------------------------------------------------------------------------------------------
#           Timing Point             Flags   Arc   Edge           Cell             Fanout Load Trans Delay Arrival Instance 
#                                                                                         (fF)  (ps)  (ps)   (ps)  Location 
#---------------------------------------------------------------------------------------------------------------------------
  enb_1_8_0                          -       -     R     (arrival)                      1  3.8     8     0     503    (-,-) 
  g89/Y                              -       A->Y  R     BUF_X13M_A9PP140ZTL_C30       12 40.3    15    17     520    (-,-) 
  pp_fir_2_1_1_g64739/Y              -       A->Y  R     BUF_X16M_A9PP140ZTL_C30       15 43.4    14    18     538    (-,-) 
  pp_fir_2_1_1_g64729/Y              -       A->Y  R     BUF_X9M_A9PP140ZTL_C30         6 15.3    10    15     553    (-,-) 
  pp_fir_2_1_1_g60483/Y              -       A->Y  F     NAND2_X3M_A9PP140ZTL_C30       2  3.8    13     8     562    (-,-) 
  pp_fir_2_1_1_g57849__5477/Y        -       B0->Y R     OAI21_X2M_A9PP140ZTL_C30       1  1.6    14     9     570    (-,-) 
  pp_fir_2_1_1_sum2_7_im_1_reg[27]/D -       -     R     DFFRPQ_X3M_A9PP140ZTL_C30      1    -     -     0     570    (-,-) 
#---------------------------------------------------------------------------------------------------------------------------



Path 16: VIOLATED (-2 ps) Setup Check with Pin pp_fir_2_1_1_sum2_7_im_1_reg[26]/CK->D
           View: view_wcl_typical
          Group: clk
     Startpoint: (R) enb_1_8_0
          Clock: (R) clk
       Endpoint: (R) pp_fir_2_1_1_sum2_7_im_1_reg[26]/D
          Clock: (R) clk

                     Capture       Launch     
        Clock Edge:+     500            0     
        Drv Adjust:+       0            3     
       Src Latency:+       0            0     
       Net Latency:+     200 (I)      200 (I) 
           Arrival:=     700          203     
                                              
             Setup:-       6                  
       Uncertainty:-     125                  
     Required Time:=     569                  
      Launch Clock:-     203                  
       Input Delay:-     300                  
         Data Path:-      68                  
             Slack:=      -2                  

Exceptions/Constraints:
  input_delay             300             topPPFilter_struct.s_line_18_1089_1 

#---------------------------------------------------------------------------------------------------------------------------
#           Timing Point             Flags   Arc   Edge           Cell             Fanout Load Trans Delay Arrival Instance 
#                                                                                         (fF)  (ps)  (ps)   (ps)  Location 
#---------------------------------------------------------------------------------------------------------------------------
  enb_1_8_0                          -       -     R     (arrival)                      1  3.8     8     0     503    (-,-) 
  g89/Y                              -       A->Y  R     BUF_X13M_A9PP140ZTL_C30       12 40.3    15    17     520    (-,-) 
  pp_fir_2_1_1_g64739/Y              -       A->Y  R     BUF_X16M_A9PP140ZTL_C30       15 43.4    14    18     538    (-,-) 
  pp_fir_2_1_1_g64729/Y              -       A->Y  R     BUF_X9M_A9PP140ZTL_C30         6 15.3    10    15     553    (-,-) 
  pp_fir_2_1_1_g60483/Y              -       A->Y  F     NAND2_X3M_A9PP140ZTL_C30       2  3.8    13     8     562    (-,-) 
  pp_fir_2_1_1_g57848__6417/Y        -       B0->Y R     OAI21_X2M_A9PP140ZTL_C30       1  1.6    14     9     570    (-,-) 
  pp_fir_2_1_1_sum2_7_im_1_reg[26]/D -       -     R     DFFRPQ_X3M_A9PP140ZTL_C30      1    -     -     0     570    (-,-) 
#---------------------------------------------------------------------------------------------------------------------------



Path 17: VIOLATED (-2 ps) Setup Check with Pin pp_fir_2_1_1_sum2_8_im_1_reg[25]/CK->D
           View: view_wcl_typical
          Group: clk
     Startpoint: (R) enb_1_8_0
          Clock: (R) clk
       Endpoint: (R) pp_fir_2_1_1_sum2_8_im_1_reg[25]/D
          Clock: (R) clk

                     Capture       Launch     
        Clock Edge:+     500            0     
        Drv Adjust:+       0            3     
       Src Latency:+       0            0     
       Net Latency:+     200 (I)      200 (I) 
           Arrival:=     700          203     
                                              
             Setup:-       6                  
       Uncertainty:-     125                  
     Required Time:=     569                  
      Launch Clock:-     203                  
       Input Delay:-     300                  
         Data Path:-      67                  
             Slack:=      -2                  

Exceptions/Constraints:
  input_delay             300             topPPFilter_struct.s_line_18_1089_1 

#---------------------------------------------------------------------------------------------------------------------------
#           Timing Point             Flags   Arc   Edge           Cell             Fanout Load Trans Delay Arrival Instance 
#                                                                                         (fF)  (ps)  (ps)   (ps)  Location 
#---------------------------------------------------------------------------------------------------------------------------
  enb_1_8_0                          -       -     R     (arrival)                      1  3.8     8     0     503    (-,-) 
  g89/Y                              -       A->Y  R     BUF_X13M_A9PP140ZTL_C30       12 40.3    15    17     520    (-,-) 
  pp_fir_2_1_1_g64739/Y              -       A->Y  R     BUF_X16M_A9PP140ZTL_C30       15 43.4    14    18     538    (-,-) 
  pp_fir_2_1_1_g64729/Y              -       A->Y  R     BUF_X9M_A9PP140ZTL_C30         6 15.3    10    15     553    (-,-) 
  pp_fir_2_1_1_g60481/Y              -       A->Y  F     NAND2_X3M_A9PP140ZTL_C30       2  3.8    12     8     562    (-,-) 
  pp_fir_2_1_1_g57853__4319/Y        -       B0->Y R     OAI21_X2M_A9PP140ZTL_C30       1  1.6    14     8     570    (-,-) 
  pp_fir_2_1_1_sum2_8_im_1_reg[25]/D -       -     R     DFFRPQ_X3M_A9PP140ZTL_C30      1    -     -     0     570    (-,-) 
#---------------------------------------------------------------------------------------------------------------------------



Path 18: VIOLATED (-2 ps) Setup Check with Pin pp_fir_2_1_1_sum2_8_im_1_reg[24]/CK->D
           View: view_wcl_typical
          Group: clk
     Startpoint: (R) enb_1_8_0
          Clock: (R) clk
       Endpoint: (R) pp_fir_2_1_1_sum2_8_im_1_reg[24]/D
          Clock: (R) clk

                     Capture       Launch     
        Clock Edge:+     500            0     
        Drv Adjust:+       0            3     
       Src Latency:+       0            0     
       Net Latency:+     200 (I)      200 (I) 
           Arrival:=     700          203     
                                              
             Setup:-       6                  
       Uncertainty:-     125                  
     Required Time:=     569                  
      Launch Clock:-     203                  
       Input Delay:-     300                  
         Data Path:-      67                  
             Slack:=      -2                  

Exceptions/Constraints:
  input_delay             300             topPPFilter_struct.s_line_18_1089_1 

#---------------------------------------------------------------------------------------------------------------------------
#           Timing Point             Flags   Arc   Edge           Cell             Fanout Load Trans Delay Arrival Instance 
#                                                                                         (fF)  (ps)  (ps)   (ps)  Location 
#---------------------------------------------------------------------------------------------------------------------------
  enb_1_8_0                          -       -     R     (arrival)                      1  3.8     8     0     503    (-,-) 
  g89/Y                              -       A->Y  R     BUF_X13M_A9PP140ZTL_C30       12 40.3    15    17     520    (-,-) 
  pp_fir_2_1_1_g64739/Y              -       A->Y  R     BUF_X16M_A9PP140ZTL_C30       15 43.4    14    18     538    (-,-) 
  pp_fir_2_1_1_g64729/Y              -       A->Y  R     BUF_X9M_A9PP140ZTL_C30         6 15.3    10    15     553    (-,-) 
  pp_fir_2_1_1_g60481/Y              -       A->Y  F     NAND2_X3M_A9PP140ZTL_C30       2  3.8    12     8     562    (-,-) 
  pp_fir_2_1_1_g57852__6260/Y        -       B0->Y R     OAI21_X2M_A9PP140ZTL_C30       1  1.6    14     8     570    (-,-) 
  pp_fir_2_1_1_sum2_8_im_1_reg[24]/D -       -     R     DFFRPQ_X3M_A9PP140ZTL_C30      1    -     -     0     570    (-,-) 
#---------------------------------------------------------------------------------------------------------------------------



Path 19: VIOLATED (-2 ps) Setup Check with Pin pp_fir_2_1_1_sum2_8_re_1_reg[25]/CK->D
           View: view_wcl_typical
          Group: clk
     Startpoint: (F) enb_1_8_0
          Clock: (R) clk
       Endpoint: (R) pp_fir_2_1_1_sum2_8_re_1_reg[25]/D
          Clock: (R) clk

                     Capture       Launch     
        Clock Edge:+     500            0     
        Drv Adjust:+       0            3     
       Src Latency:+       0            0     
       Net Latency:+     200 (I)      200 (I) 
           Arrival:=     700          203     
                                              
             Setup:-       6                  
       Uncertainty:-     125                  
     Required Time:=     569                  
      Launch Clock:-     203                  
       Input Delay:-     300                  
         Data Path:-      67                  
             Slack:=      -2                  

Exceptions/Constraints:
  input_delay             300             topPPFilter_struct.s_line_18_1089_1 

#---------------------------------------------------------------------------------------------------------------------------
#           Timing Point             Flags   Arc   Edge           Cell             Fanout Load Trans Delay Arrival Instance 
#                                                                                         (fF)  (ps)  (ps)   (ps)  Location 
#---------------------------------------------------------------------------------------------------------------------------
  enb_1_8_0                          -       -     F     (arrival)                      1  3.8     8     0     503    (-,-) 
  g89/Y                              -       A->Y  F     BUF_X13M_A9PP140ZTL_C30       12 40.1    14    17     520    (-,-) 
  pp_fir_2_1_1_g64747/Y              -       A->Y  F     BUF_X9M_A9PP140ZTL_C30         4 16.5    10    16     537    (-,-) 
  pp_fir_2_1_1_g64746/Y              -       A->Y  R     INV_X6M_A9PP140ZTL_C30         3 16.1    13    10     547    (-,-) 
  pp_fir_2_1_1_g64743/Y              -       A->Y  F     INV_X13M_A9PP140ZTL_C30       26 43.2    16    11     558    (-,-) 
  pp_fir_2_1_1_g57855__5526/Y        -       A0->Y R     OAI21_X2M_A9PP140ZTL_C30       1  1.6    14    12     570    (-,-) 
  pp_fir_2_1_1_sum2_8_re_1_reg[25]/D -       -     R     DFFRPQ_X3M_A9PP140ZTL_C30      1    -     -     0     570    (-,-) 
#---------------------------------------------------------------------------------------------------------------------------



Path 20: VIOLATED (-2 ps) Setup Check with Pin pp_fir_2_1_1_sum2_8_re_1_reg[24]/CK->D
           View: view_wcl_typical
          Group: clk
     Startpoint: (F) enb_1_8_0
          Clock: (R) clk
       Endpoint: (R) pp_fir_2_1_1_sum2_8_re_1_reg[24]/D
          Clock: (R) clk

                     Capture       Launch     
        Clock Edge:+     500            0     
        Drv Adjust:+       0            3     
       Src Latency:+       0            0     
       Net Latency:+     200 (I)      200 (I) 
           Arrival:=     700          203     
                                              
             Setup:-       6                  
       Uncertainty:-     125                  
     Required Time:=     569                  
      Launch Clock:-     203                  
       Input Delay:-     300                  
         Data Path:-      67                  
             Slack:=      -2                  

Exceptions/Constraints:
  input_delay             300             topPPFilter_struct.s_line_18_1089_1 

#---------------------------------------------------------------------------------------------------------------------------
#           Timing Point             Flags   Arc   Edge           Cell             Fanout Load Trans Delay Arrival Instance 
#                                                                                         (fF)  (ps)  (ps)   (ps)  Location 
#---------------------------------------------------------------------------------------------------------------------------
  enb_1_8_0                          -       -     F     (arrival)                      1  3.8     8     0     503    (-,-) 
  g89/Y                              -       A->Y  F     BUF_X13M_A9PP140ZTL_C30       12 40.1    14    17     520    (-,-) 
  pp_fir_2_1_1_g64747/Y              -       A->Y  F     BUF_X9M_A9PP140ZTL_C30         4 16.5    10    16     537    (-,-) 
  pp_fir_2_1_1_g64746/Y              -       A->Y  R     INV_X6M_A9PP140ZTL_C30         3 16.1    13    10     547    (-,-) 
  pp_fir_2_1_1_g64743/Y              -       A->Y  F     INV_X13M_A9PP140ZTL_C30       26 43.2    16    11     558    (-,-) 
  pp_fir_2_1_1_g57854__8428/Y        -       A0->Y R     OAI21_X2M_A9PP140ZTL_C30       1  1.6    14    12     570    (-,-) 
  pp_fir_2_1_1_sum2_8_re_1_reg[24]/D -       -     R     DFFRPQ_X3M_A9PP140ZTL_C30      1    -     -     0     570    (-,-) 
#---------------------------------------------------------------------------------------------------------------------------



Path 21: VIOLATED (-1 ps) Setup Check with Pin pp_fir_2_1_1_sum5_1_re_1_reg[27]/CK->D
           View: view_wcl_typical
          Group: clk
     Startpoint: (R) enb_1_8_0
          Clock: (R) clk
       Endpoint: (R) pp_fir_2_1_1_sum5_1_re_1_reg[27]/D
          Clock: (R) clk

                     Capture       Launch     
        Clock Edge:+     500            0     
        Drv Adjust:+       0            3     
       Src Latency:+       0            0     
       Net Latency:+     200 (I)      200 (I) 
           Arrival:=     700          203     
                                              
             Setup:-       6                  
       Uncertainty:-     125                  
     Required Time:=     569                  
      Launch Clock:-     203                  
       Input Delay:-     300                  
         Data Path:-      67                  
             Slack:=      -1                  

Exceptions/Constraints:
  input_delay             300             topPPFilter_struct.s_line_18_1089_1 

#----------------------------------------------------------------------------------------------------------------------------
#           Timing Point             Flags   Arc   Edge            Cell             Fanout Load Trans Delay Arrival Instance 
#                                                                                          (fF)  (ps)  (ps)   (ps)  Location 
#----------------------------------------------------------------------------------------------------------------------------
  enb_1_8_0                          -       -     R     (arrival)                       1  3.8     8     0     503    (-,-) 
  g89/Y                              -       A->Y  R     BUF_X13M_A9PP140ZTL_C30        12 40.3    15    17     520    (-,-) 
  pp_fir_2_1_1_g64869/Y              -       A->Y  R     BUF_X13M_A9PP140ZTL_C30         8 32.6    13    17     538    (-,-) 
  pp_fir_2_1_1_g64861/Y              -       A->Y  R     BUF_X16M_A9PP140ZTL_C30        32 58.5    17    19     557    (-,-) 
  pp_fir_2_1_1_g60255/Y              -       S0->Y R     MXIT2_X1P4M_A9PP140ZTL_C30      1  1.6    15    13     570    (-,-) 
  pp_fir_2_1_1_sum5_1_re_1_reg[27]/D -       -     R     DFFRPQ_X3M_A9PP140ZTL_C30       1    -     -     0     570    (-,-) 
#----------------------------------------------------------------------------------------------------------------------------



Path 22: VIOLATED (-1 ps) Setup Check with Pin pp_fir_2_1_1_sum4_2_re_1_reg[23]/CK->D
           View: view_wcl_typical
          Group: clk
     Startpoint: (R) enb_1_8_0
          Clock: (R) clk
       Endpoint: (R) pp_fir_2_1_1_sum4_2_re_1_reg[23]/D
          Clock: (R) clk

                     Capture       Launch     
        Clock Edge:+     500            0     
        Drv Adjust:+       0            3     
       Src Latency:+       0            0     
       Net Latency:+     200 (I)      200 (I) 
           Arrival:=     700          203     
                                              
             Setup:-       6                  
       Uncertainty:-     125                  
     Required Time:=     569                  
      Launch Clock:-     203                  
       Input Delay:-     300                  
         Data Path:-      67                  
             Slack:=      -1                  

Exceptions/Constraints:
  input_delay             300             topPPFilter_struct.s_line_18_1089_1 

#----------------------------------------------------------------------------------------------------------------------------
#           Timing Point             Flags   Arc   Edge            Cell             Fanout Load Trans Delay Arrival Instance 
#                                                                                          (fF)  (ps)  (ps)   (ps)  Location 
#----------------------------------------------------------------------------------------------------------------------------
  enb_1_8_0                          -       -     R     (arrival)                       1  3.8     8     0     503    (-,-) 
  g89/Y                              -       A->Y  R     BUF_X13M_A9PP140ZTL_C30        12 40.3    15    17     520    (-,-) 
  pp_fir_2_1_1_g64817/Y              -       A->Y  R     BUF_X13M_A9PP140ZTL_C30         8 32.6    13    17     538    (-,-) 
  pp_fir_2_1_1_g64813/Y              -       A->Y  R     BUF_X16M_A9PP140ZTL_C30        32 58.5    17    19     557    (-,-) 
  pp_fir_2_1_1_g60224/Y              -       S0->Y R     MXIT2_X1P4M_A9PP140ZTL_C30      1  1.6    15    13     570    (-,-) 
  pp_fir_2_1_1_sum4_2_re_1_reg[23]/D -       -     R     DFFRPQ_X3M_A9PP140ZTL_C30       1    -     -     0     570    (-,-) 
#----------------------------------------------------------------------------------------------------------------------------



Path 23: VIOLATED (-1 ps) Setup Check with Pin pp_fir_2_1_1_sum4_2_im_1_reg[11]/CK->D
           View: view_wcl_typical
          Group: clk
     Startpoint: (R) enb_1_8_0
          Clock: (R) clk
       Endpoint: (R) pp_fir_2_1_1_sum4_2_im_1_reg[11]/D
          Clock: (R) clk

                     Capture       Launch     
        Clock Edge:+     500            0     
        Drv Adjust:+       0            3     
       Src Latency:+       0            0     
       Net Latency:+     200 (I)      200 (I) 
           Arrival:=     700          203     
                                              
             Setup:-       6                  
       Uncertainty:-     125                  
     Required Time:=     569                  
      Launch Clock:-     203                  
       Input Delay:-     300                  
         Data Path:-      67                  
             Slack:=      -1                  

Exceptions/Constraints:
  input_delay             300             topPPFilter_struct.s_line_18_1089_1 

#----------------------------------------------------------------------------------------------------------------------------
#           Timing Point             Flags   Arc   Edge            Cell             Fanout Load Trans Delay Arrival Instance 
#                                                                                          (fF)  (ps)  (ps)   (ps)  Location 
#----------------------------------------------------------------------------------------------------------------------------
  enb_1_8_0                          -       -     R     (arrival)                       1  3.8     8     0     503    (-,-) 
  g89/Y                              -       A->Y  R     BUF_X13M_A9PP140ZTL_C30        12 40.3    15    17     520    (-,-) 
  pp_fir_2_1_1_g64869/Y              -       A->Y  R     BUF_X13M_A9PP140ZTL_C30         8 32.6    13    17     538    (-,-) 
  pp_fir_2_1_1_g64863/Y              -       A->Y  R     BUF_X16M_A9PP140ZTL_C30        32 58.5    17    19     557    (-,-) 
  pp_fir_2_1_1_g60167/Y              -       S0->Y R     MXIT2_X1P4M_A9PP140ZTL_C30      1  1.6    15    13     570    (-,-) 
  pp_fir_2_1_1_sum4_2_im_1_reg[11]/D -       -     R     DFFRPQ_X3M_A9PP140ZTL_C30       1    -     -     0     570    (-,-) 
#----------------------------------------------------------------------------------------------------------------------------



Path 24: VIOLATED (-1 ps) Setup Check with Pin pp_fir_2_1_1_sum3_4_re_1_reg[17]/CK->D
           View: view_wcl_typical
          Group: clk
     Startpoint: (R) enb_1_8_0
          Clock: (R) clk
       Endpoint: (R) pp_fir_2_1_1_sum3_4_re_1_reg[17]/D
          Clock: (R) clk

                     Capture       Launch     
        Clock Edge:+     500            0     
        Drv Adjust:+       0            3     
       Src Latency:+       0            0     
       Net Latency:+     200 (I)      200 (I) 
           Arrival:=     700          203     
                                              
             Setup:-       6                  
       Uncertainty:-     125                  
     Required Time:=     569                  
      Launch Clock:-     203                  
       Input Delay:-     300                  
         Data Path:-      67                  
             Slack:=      -1                  

Exceptions/Constraints:
  input_delay             300             topPPFilter_struct.s_line_18_1089_1 

#----------------------------------------------------------------------------------------------------------------------------
#           Timing Point             Flags   Arc   Edge            Cell             Fanout Load Trans Delay Arrival Instance 
#                                                                                          (fF)  (ps)  (ps)   (ps)  Location 
#----------------------------------------------------------------------------------------------------------------------------
  enb_1_8_0                          -       -     R     (arrival)                       1  3.8     8     0     503    (-,-) 
  g89/Y                              -       A->Y  R     BUF_X13M_A9PP140ZTL_C30        12 40.3    15    17     520    (-,-) 
  pp_fir_2_1_1_g64790/Y              -       A->Y  R     BUF_X13M_A9PP140ZTL_C30         8 32.6    13    17     538    (-,-) 
  pp_fir_2_1_1_g64784/Y              -       A->Y  R     BUF_X16M_A9PP140ZTL_C30        32 58.5    17    19     557    (-,-) 
  pp_fir_2_1_1_g60055/Y              -       S0->Y R     MXIT2_X1P4M_A9PP140ZTL_C30      1  1.6    15    13     570    (-,-) 
  pp_fir_2_1_1_sum3_4_re_1_reg[17]/D -       -     R     DFFRPQ_X3M_A9PP140ZTL_C30       1    -     -     0     570    (-,-) 
#----------------------------------------------------------------------------------------------------------------------------



Path 25: VIOLATED (-1 ps) Setup Check with Pin pp_fir_2_1_1_sum3_2_im_1_reg[0]/CK->D
           View: view_wcl_typical
          Group: clk
     Startpoint: (R) enb_1_8_0
          Clock: (R) clk
       Endpoint: (R) pp_fir_2_1_1_sum3_2_im_1_reg[0]/D
          Clock: (R) clk

                     Capture       Launch     
        Clock Edge:+     500            0     
        Drv Adjust:+       0            3     
       Src Latency:+       0            0     
       Net Latency:+     200 (I)      200 (I) 
           Arrival:=     700          203     
                                              
             Setup:-       6                  
       Uncertainty:-     125                  
     Required Time:=     569                  
      Launch Clock:-     203                  
       Input Delay:-     300                  
         Data Path:-      67                  
             Slack:=      -1                  

Exceptions/Constraints:
  input_delay             300             topPPFilter_struct.s_line_18_1089_1 

#---------------------------------------------------------------------------------------------------------------------------
#           Timing Point            Flags   Arc   Edge            Cell             Fanout Load Trans Delay Arrival Instance 
#                                                                                         (fF)  (ps)  (ps)   (ps)  Location 
#---------------------------------------------------------------------------------------------------------------------------
  enb_1_8_0                         -       -     R     (arrival)                       1  3.8     8     0     503    (-,-) 
  g89/Y                             -       A->Y  R     BUF_X13M_A9PP140ZTL_C30        12 40.3    15    17     520    (-,-) 
  pp_fir_2_1_1_g64869/Y             -       A->Y  R     BUF_X13M_A9PP140ZTL_C30         8 32.6    13    17     538    (-,-) 
  pp_fir_2_1_1_g64865/Y             -       A->Y  R     BUF_X16M_A9PP140ZTL_C30        32 58.5    17    19     557    (-,-) 
  pp_fir_2_1_1_g59831/Y             -       S0->Y R     MXIT2_X1P4M_A9PP140ZTL_C30      1  1.6    15    13     570    (-,-) 
  pp_fir_2_1_1_sum3_2_im_1_reg[0]/D -       -     R     DFFRPQ_X3M_A9PP140ZTL_C30       1    -     -     0     570    (-,-) 
#---------------------------------------------------------------------------------------------------------------------------



Path 26: VIOLATED (-1 ps) Setup Check with Pin pp_fir_2_1_1_sum3_1_re_1_reg[27]/CK->D
           View: view_wcl_typical
          Group: clk
     Startpoint: (R) enb_1_8_0
          Clock: (R) clk
       Endpoint: (R) pp_fir_2_1_1_sum3_1_re_1_reg[27]/D
          Clock: (R) clk

                     Capture       Launch     
        Clock Edge:+     500            0     
        Drv Adjust:+       0            3     
       Src Latency:+       0            0     
       Net Latency:+     200 (I)      200 (I) 
           Arrival:=     700          203     
                                              
             Setup:-       6                  
       Uncertainty:-     125                  
     Required Time:=     569                  
      Launch Clock:-     203                  
       Input Delay:-     300                  
         Data Path:-      67                  
             Slack:=      -1                  

Exceptions/Constraints:
  input_delay             300             topPPFilter_struct.s_line_18_1089_1 

#----------------------------------------------------------------------------------------------------------------------------
#           Timing Point             Flags   Arc   Edge            Cell             Fanout Load Trans Delay Arrival Instance 
#                                                                                          (fF)  (ps)  (ps)   (ps)  Location 
#----------------------------------------------------------------------------------------------------------------------------
  enb_1_8_0                          -       -     R     (arrival)                       1  3.8     8     0     503    (-,-) 
  g89/Y                              -       A->Y  R     BUF_X13M_A9PP140ZTL_C30        12 40.3    15    17     520    (-,-) 
  pp_fir_2_1_1_g64799/Y              -       A->Y  R     BUF_X13M_A9PP140ZTL_C30         8 32.6    13    17     538    (-,-) 
  pp_fir_2_1_1_g64791/Y              -       A->Y  R     BUF_X16M_A9PP140ZTL_C30        32 58.5    17    19     557    (-,-) 
  pp_fir_2_1_1_g59829/Y              -       S0->Y R     MXIT2_X1P4M_A9PP140ZTL_C30      1  1.6    15    13     570    (-,-) 
  pp_fir_2_1_1_sum3_1_re_1_reg[27]/D -       -     R     DFFRPQ_X3M_A9PP140ZTL_C30       1    -     -     0     570    (-,-) 
#----------------------------------------------------------------------------------------------------------------------------



Path 27: VIOLATED (-1 ps) Setup Check with Pin pp_fir_2_1_1_sum3_1_re_1_reg[26]/CK->D
           View: view_wcl_typical
          Group: clk
     Startpoint: (R) enb_1_8_0
          Clock: (R) clk
       Endpoint: (R) pp_fir_2_1_1_sum3_1_re_1_reg[26]/D
          Clock: (R) clk

                     Capture       Launch     
        Clock Edge:+     500            0     
        Drv Adjust:+       0            3     
       Src Latency:+       0            0     
       Net Latency:+     200 (I)      200 (I) 
           Arrival:=     700          203     
                                              
             Setup:-       6                  
       Uncertainty:-     125                  
     Required Time:=     569                  
      Launch Clock:-     203                  
       Input Delay:-     300                  
         Data Path:-      67                  
             Slack:=      -1                  

Exceptions/Constraints:
  input_delay             300             topPPFilter_struct.s_line_18_1089_1 

#----------------------------------------------------------------------------------------------------------------------------
#           Timing Point             Flags   Arc   Edge            Cell             Fanout Load Trans Delay Arrival Instance 
#                                                                                          (fF)  (ps)  (ps)   (ps)  Location 
#----------------------------------------------------------------------------------------------------------------------------
  enb_1_8_0                          -       -     R     (arrival)                       1  3.8     8     0     503    (-,-) 
  g89/Y                              -       A->Y  R     BUF_X13M_A9PP140ZTL_C30        12 40.3    15    17     520    (-,-) 
  pp_fir_2_1_1_g64799/Y              -       A->Y  R     BUF_X13M_A9PP140ZTL_C30         8 32.6    13    17     538    (-,-) 
  pp_fir_2_1_1_g64795/Y              -       A->Y  R     BUF_X16M_A9PP140ZTL_C30        32 58.5    17    19     557    (-,-) 
  pp_fir_2_1_1_g59827/Y              -       S0->Y R     MXIT2_X1P4M_A9PP140ZTL_C30      1  1.6    15    13     570    (-,-) 
  pp_fir_2_1_1_sum3_1_re_1_reg[26]/D -       -     R     DFFRPQ_X3M_A9PP140ZTL_C30       1    -     -     0     570    (-,-) 
#----------------------------------------------------------------------------------------------------------------------------



Path 28: VIOLATED (-1 ps) Setup Check with Pin pp_fir_2_1_1_sum3_1_re_1_reg[25]/CK->D
           View: view_wcl_typical
          Group: clk
     Startpoint: (R) enb_1_8_0
          Clock: (R) clk
       Endpoint: (R) pp_fir_2_1_1_sum3_1_re_1_reg[25]/D
          Clock: (R) clk

                     Capture       Launch     
        Clock Edge:+     500            0     
        Drv Adjust:+       0            3     
       Src Latency:+       0            0     
       Net Latency:+     200 (I)      200 (I) 
           Arrival:=     700          203     
                                              
             Setup:-       6                  
       Uncertainty:-     125                  
     Required Time:=     569                  
      Launch Clock:-     203                  
       Input Delay:-     300                  
         Data Path:-      67                  
             Slack:=      -1                  

Exceptions/Constraints:
  input_delay             300             topPPFilter_struct.s_line_18_1089_1 

#----------------------------------------------------------------------------------------------------------------------------
#           Timing Point             Flags   Arc   Edge            Cell             Fanout Load Trans Delay Arrival Instance 
#                                                                                          (fF)  (ps)  (ps)   (ps)  Location 
#----------------------------------------------------------------------------------------------------------------------------
  enb_1_8_0                          -       -     R     (arrival)                       1  3.8     8     0     503    (-,-) 
  g89/Y                              -       A->Y  R     BUF_X13M_A9PP140ZTL_C30        12 40.3    15    17     520    (-,-) 
  pp_fir_2_1_1_g64790/Y              -       A->Y  R     BUF_X13M_A9PP140ZTL_C30         8 32.6    13    17     538    (-,-) 
  pp_fir_2_1_1_g64788/Y              -       A->Y  R     BUF_X16M_A9PP140ZTL_C30        32 58.5    17    19     557    (-,-) 
  pp_fir_2_1_1_g59298/Y              -       S0->Y R     MXIT2_X1P4M_A9PP140ZTL_C30      1  1.6    15    13     570    (-,-) 
  pp_fir_2_1_1_sum3_1_re_1_reg[25]/D -       -     R     DFFRPQ_X3M_A9PP140ZTL_C30       1    -     -     0     570    (-,-) 
#----------------------------------------------------------------------------------------------------------------------------



Path 29: VIOLATED (-1 ps) Setup Check with Pin pp_fir_2_1_1_sum2_4_im_1_reg[10]/CK->D
           View: view_wcl_typical
          Group: clk
     Startpoint: (R) enb_1_8_0
          Clock: (R) clk
       Endpoint: (R) pp_fir_2_1_1_sum2_4_im_1_reg[10]/D
          Clock: (R) clk

                     Capture       Launch     
        Clock Edge:+     500            0     
        Drv Adjust:+       0            3     
       Src Latency:+       0            0     
       Net Latency:+     200 (I)      200 (I) 
           Arrival:=     700          203     
                                              
             Setup:-       6                  
       Uncertainty:-     125                  
     Required Time:=     569                  
      Launch Clock:-     203                  
       Input Delay:-     300                  
         Data Path:-      67                  
             Slack:=      -1                  

Exceptions/Constraints:
  input_delay             300             topPPFilter_struct.s_line_18_1089_1 

#----------------------------------------------------------------------------------------------------------------------------
#           Timing Point             Flags   Arc   Edge            Cell             Fanout Load Trans Delay Arrival Instance 
#                                                                                          (fF)  (ps)  (ps)   (ps)  Location 
#----------------------------------------------------------------------------------------------------------------------------
  enb_1_8_0                          -       -     R     (arrival)                       1  3.8     8     0     503    (-,-) 
  g89/Y                              -       A->Y  R     BUF_X13M_A9PP140ZTL_C30        12 40.3    15    17     520    (-,-) 
  pp_fir_2_1_1_g64860/Y              -       A->Y  R     BUF_X13M_A9PP140ZTL_C30         8 32.6    13    17     538    (-,-) 
  pp_fir_2_1_1_g64857/Y              -       A->Y  R     BUF_X16M_A9PP140ZTL_C30        32 58.5    17    19     557    (-,-) 
  pp_fir_2_1_1_g59344/Y              -       S0->Y R     MXIT2_X1P4M_A9PP140ZTL_C30      1  1.6    15    13     570    (-,-) 
  pp_fir_2_1_1_sum2_4_im_1_reg[10]/D -       -     R     DFFRPQ_X3M_A9PP140ZTL_C30       1    -     -     0     570    (-,-) 
#----------------------------------------------------------------------------------------------------------------------------



Path 30: VIOLATED (-1 ps) Setup Check with Pin pp_fir_2_1_1_sum2_4_im_1_reg[9]/CK->D
           View: view_wcl_typical
          Group: clk
     Startpoint: (R) enb_1_8_0
          Clock: (R) clk
       Endpoint: (R) pp_fir_2_1_1_sum2_4_im_1_reg[9]/D
          Clock: (R) clk

                     Capture       Launch     
        Clock Edge:+     500            0     
        Drv Adjust:+       0            3     
       Src Latency:+       0            0     
       Net Latency:+     200 (I)      200 (I) 
           Arrival:=     700          203     
                                              
             Setup:-       6                  
       Uncertainty:-     125                  
     Required Time:=     569                  
      Launch Clock:-     203                  
       Input Delay:-     300                  
         Data Path:-      67                  
             Slack:=      -1                  

Exceptions/Constraints:
  input_delay             300             topPPFilter_struct.s_line_18_1089_1 

#---------------------------------------------------------------------------------------------------------------------------
#           Timing Point            Flags   Arc   Edge            Cell             Fanout Load Trans Delay Arrival Instance 
#                                                                                         (fF)  (ps)  (ps)   (ps)  Location 
#---------------------------------------------------------------------------------------------------------------------------
  enb_1_8_0                         -       -     R     (arrival)                       1  3.8     8     0     503    (-,-) 
  g89/Y                             -       A->Y  R     BUF_X13M_A9PP140ZTL_C30        12 40.3    15    17     520    (-,-) 
  pp_fir_2_1_1_g64808/Y             -       A->Y  R     BUF_X13M_A9PP140ZTL_C30         8 32.6    13    17     538    (-,-) 
  pp_fir_2_1_1_g64801/Y             -       A->Y  R     BUF_X16M_A9PP140ZTL_C30        32 58.5    17    19     557    (-,-) 
  pp_fir_2_1_1_g59342/Y             -       S0->Y R     MXIT2_X1P4M_A9PP140ZTL_C30      1  1.6    15    13     570    (-,-) 
  pp_fir_2_1_1_sum2_4_im_1_reg[9]/D -       -     R     DFFRPQ_X3M_A9PP140ZTL_C30       1    -     -     0     570    (-,-) 
#---------------------------------------------------------------------------------------------------------------------------



Path 31: VIOLATED (-1 ps) Setup Check with Pin pp_fir_2_1_1_sum2_4_im_1_reg[8]/CK->D
           View: view_wcl_typical
          Group: clk
     Startpoint: (R) enb_1_8_0
          Clock: (R) clk
       Endpoint: (R) pp_fir_2_1_1_sum2_4_im_1_reg[8]/D
          Clock: (R) clk

                     Capture       Launch     
        Clock Edge:+     500            0     
        Drv Adjust:+       0            3     
       Src Latency:+       0            0     
       Net Latency:+     200 (I)      200 (I) 
           Arrival:=     700          203     
                                              
             Setup:-       6                  
       Uncertainty:-     125                  
     Required Time:=     569                  
      Launch Clock:-     203                  
       Input Delay:-     300                  
         Data Path:-      67                  
             Slack:=      -1                  

Exceptions/Constraints:
  input_delay             300             topPPFilter_struct.s_line_18_1089_1 

#---------------------------------------------------------------------------------------------------------------------------
#           Timing Point            Flags   Arc   Edge            Cell             Fanout Load Trans Delay Arrival Instance 
#                                                                                         (fF)  (ps)  (ps)   (ps)  Location 
#---------------------------------------------------------------------------------------------------------------------------
  enb_1_8_0                         -       -     R     (arrival)                       1  3.8     8     0     503    (-,-) 
  g89/Y                             -       A->Y  R     BUF_X13M_A9PP140ZTL_C30        12 40.3    15    17     520    (-,-) 
  pp_fir_2_1_1_g64817/Y             -       A->Y  R     BUF_X13M_A9PP140ZTL_C30         8 32.6    13    17     538    (-,-) 
  pp_fir_2_1_1_g64816/Y             -       A->Y  R     BUF_X16M_A9PP140ZTL_C30        32 58.5    17    19     557    (-,-) 
  pp_fir_2_1_1_g59341/Y             -       S0->Y R     MXIT2_X1P4M_A9PP140ZTL_C30      1  1.6    15    13     570    (-,-) 
  pp_fir_2_1_1_sum2_4_im_1_reg[8]/D -       -     R     DFFRPQ_X3M_A9PP140ZTL_C30       1    -     -     0     570    (-,-) 
#---------------------------------------------------------------------------------------------------------------------------



Path 32: VIOLATED (-1 ps) Setup Check with Pin pp_fir_2_1_1_sum2_4_im_1_reg[7]/CK->D
           View: view_wcl_typical
          Group: clk
     Startpoint: (R) enb_1_8_0
          Clock: (R) clk
       Endpoint: (R) pp_fir_2_1_1_sum2_4_im_1_reg[7]/D
          Clock: (R) clk

                     Capture       Launch     
        Clock Edge:+     500            0     
        Drv Adjust:+       0            3     
       Src Latency:+       0            0     
       Net Latency:+     200 (I)      200 (I) 
           Arrival:=     700          203     
                                              
             Setup:-       6                  
       Uncertainty:-     125                  
     Required Time:=     569                  
      Launch Clock:-     203                  
       Input Delay:-     300                  
         Data Path:-      67                  
             Slack:=      -1                  

Exceptions/Constraints:
  input_delay             300             topPPFilter_struct.s_line_18_1089_1 

#---------------------------------------------------------------------------------------------------------------------------
#           Timing Point            Flags   Arc   Edge            Cell             Fanout Load Trans Delay Arrival Instance 
#                                                                                         (fF)  (ps)  (ps)   (ps)  Location 
#---------------------------------------------------------------------------------------------------------------------------
  enb_1_8_0                         -       -     R     (arrival)                       1  3.8     8     0     503    (-,-) 
  g89/Y                             -       A->Y  R     BUF_X13M_A9PP140ZTL_C30        12 40.3    15    17     520    (-,-) 
  pp_fir_2_1_1_g64790/Y             -       A->Y  R     BUF_X13M_A9PP140ZTL_C30         8 32.6    13    17     538    (-,-) 
  pp_fir_2_1_1_g64788/Y             -       A->Y  R     BUF_X16M_A9PP140ZTL_C30        32 58.5    17    19     557    (-,-) 
  pp_fir_2_1_1_g59340/Y             -       S0->Y R     MXIT2_X1P4M_A9PP140ZTL_C30      1  1.6    15    13     570    (-,-) 
  pp_fir_2_1_1_sum2_4_im_1_reg[7]/D -       -     R     DFFRPQ_X3M_A9PP140ZTL_C30       1    -     -     0     570    (-,-) 
#---------------------------------------------------------------------------------------------------------------------------



Path 33: VIOLATED (-1 ps) Setup Check with Pin pp_fir_2_1_1_sum2_4_im_1_reg[6]/CK->D
           View: view_wcl_typical
          Group: clk
     Startpoint: (R) enb_1_8_0
          Clock: (R) clk
       Endpoint: (R) pp_fir_2_1_1_sum2_4_im_1_reg[6]/D
          Clock: (R) clk

                     Capture       Launch     
        Clock Edge:+     500            0     
        Drv Adjust:+       0            3     
       Src Latency:+       0            0     
       Net Latency:+     200 (I)      200 (I) 
           Arrival:=     700          203     
                                              
             Setup:-       6                  
       Uncertainty:-     125                  
     Required Time:=     569                  
      Launch Clock:-     203                  
       Input Delay:-     300                  
         Data Path:-      67                  
             Slack:=      -1                  

Exceptions/Constraints:
  input_delay             300             topPPFilter_struct.s_line_18_1089_1 

#---------------------------------------------------------------------------------------------------------------------------
#           Timing Point            Flags   Arc   Edge            Cell             Fanout Load Trans Delay Arrival Instance 
#                                                                                         (fF)  (ps)  (ps)   (ps)  Location 
#---------------------------------------------------------------------------------------------------------------------------
  enb_1_8_0                         -       -     R     (arrival)                       1  3.8     8     0     503    (-,-) 
  g89/Y                             -       A->Y  R     BUF_X13M_A9PP140ZTL_C30        12 40.3    15    17     520    (-,-) 
  pp_fir_2_1_1_g64799/Y             -       A->Y  R     BUF_X13M_A9PP140ZTL_C30         8 32.6    13    17     538    (-,-) 
  pp_fir_2_1_1_g64797/Y             -       A->Y  R     BUF_X16M_A9PP140ZTL_C30        32 58.5    17    19     557    (-,-) 
  pp_fir_2_1_1_g59338/Y             -       S0->Y R     MXIT2_X1P4M_A9PP140ZTL_C30      1  1.6    15    13     570    (-,-) 
  pp_fir_2_1_1_sum2_4_im_1_reg[6]/D -       -     R     DFFRPQ_X3M_A9PP140ZTL_C30       1    -     -     0     570    (-,-) 
#---------------------------------------------------------------------------------------------------------------------------



Path 34: VIOLATED (-1 ps) Setup Check with Pin pp_fir_2_1_1_sum2_4_im_1_reg[5]/CK->D
           View: view_wcl_typical
          Group: clk
     Startpoint: (R) enb_1_8_0
          Clock: (R) clk
       Endpoint: (R) pp_fir_2_1_1_sum2_4_im_1_reg[5]/D
          Clock: (R) clk

                     Capture       Launch     
        Clock Edge:+     500            0     
        Drv Adjust:+       0            3     
       Src Latency:+       0            0     
       Net Latency:+     200 (I)      200 (I) 
           Arrival:=     700          203     
                                              
             Setup:-       6                  
       Uncertainty:-     125                  
     Required Time:=     569                  
      Launch Clock:-     203                  
       Input Delay:-     300                  
         Data Path:-      67                  
             Slack:=      -1                  

Exceptions/Constraints:
  input_delay             300             topPPFilter_struct.s_line_18_1089_1 

#---------------------------------------------------------------------------------------------------------------------------
#           Timing Point            Flags   Arc   Edge            Cell             Fanout Load Trans Delay Arrival Instance 
#                                                                                         (fF)  (ps)  (ps)   (ps)  Location 
#---------------------------------------------------------------------------------------------------------------------------
  enb_1_8_0                         -       -     R     (arrival)                       1  3.8     8     0     503    (-,-) 
  g89/Y                             -       A->Y  R     BUF_X13M_A9PP140ZTL_C30        12 40.3    15    17     520    (-,-) 
  pp_fir_2_1_1_g64790/Y             -       A->Y  R     BUF_X13M_A9PP140ZTL_C30         8 32.6    13    17     538    (-,-) 
  pp_fir_2_1_1_g64782/Y             -       A->Y  R     BUF_X16M_A9PP140ZTL_C30        32 58.5    17    19     557    (-,-) 
  pp_fir_2_1_1_g59336/Y             -       S0->Y R     MXIT2_X1P4M_A9PP140ZTL_C30      1  1.6    15    13     570    (-,-) 
  pp_fir_2_1_1_sum2_4_im_1_reg[5]/D -       -     R     DFFRPQ_X3M_A9PP140ZTL_C30       1    -     -     0     570    (-,-) 
#---------------------------------------------------------------------------------------------------------------------------



Path 35: VIOLATED (-1 ps) Setup Check with Pin pp_fir_2_1_1_sum2_4_im_1_reg[3]/CK->D
           View: view_wcl_typical
          Group: clk
     Startpoint: (R) enb_1_8_0
          Clock: (R) clk
       Endpoint: (R) pp_fir_2_1_1_sum2_4_im_1_reg[3]/D
          Clock: (R) clk

                     Capture       Launch     
        Clock Edge:+     500            0     
        Drv Adjust:+       0            3     
       Src Latency:+       0            0     
       Net Latency:+     200 (I)      200 (I) 
           Arrival:=     700          203     
                                              
             Setup:-       6                  
       Uncertainty:-     125                  
     Required Time:=     569                  
      Launch Clock:-     203                  
       Input Delay:-     300                  
         Data Path:-      67                  
             Slack:=      -1                  

Exceptions/Constraints:
  input_delay             300             topPPFilter_struct.s_line_18_1089_1 

#---------------------------------------------------------------------------------------------------------------------------
#           Timing Point            Flags   Arc   Edge            Cell             Fanout Load Trans Delay Arrival Instance 
#                                                                                         (fF)  (ps)  (ps)   (ps)  Location 
#---------------------------------------------------------------------------------------------------------------------------
  enb_1_8_0                         -       -     R     (arrival)                       1  3.8     8     0     503    (-,-) 
  g89/Y                             -       A->Y  R     BUF_X13M_A9PP140ZTL_C30        12 40.3    15    17     520    (-,-) 
  pp_fir_2_1_1_g64869/Y             -       A->Y  R     BUF_X13M_A9PP140ZTL_C30         8 32.6    13    17     538    (-,-) 
  pp_fir_2_1_1_g64867/Y             -       A->Y  R     BUF_X16M_A9PP140ZTL_C30        32 58.5    17    19     557    (-,-) 
  pp_fir_2_1_1_g59332/Y             -       S0->Y R     MXIT2_X1P4M_A9PP140ZTL_C30      1  1.6    15    13     570    (-,-) 
  pp_fir_2_1_1_sum2_4_im_1_reg[3]/D -       -     R     DFFRPQ_X3M_A9PP140ZTL_C30       1    -     -     0     570    (-,-) 
#---------------------------------------------------------------------------------------------------------------------------



Path 36: VIOLATED (-1 ps) Setup Check with Pin pp_fir_2_1_1_sum2_4_im_1_reg[2]/CK->D
           View: view_wcl_typical
          Group: clk
     Startpoint: (R) enb_1_8_0
          Clock: (R) clk
       Endpoint: (R) pp_fir_2_1_1_sum2_4_im_1_reg[2]/D
          Clock: (R) clk

                     Capture       Launch     
        Clock Edge:+     500            0     
        Drv Adjust:+       0            3     
       Src Latency:+       0            0     
       Net Latency:+     200 (I)      200 (I) 
           Arrival:=     700          203     
                                              
             Setup:-       6                  
       Uncertainty:-     125                  
     Required Time:=     569                  
      Launch Clock:-     203                  
       Input Delay:-     300                  
         Data Path:-      67                  
             Slack:=      -1                  

Exceptions/Constraints:
  input_delay             300             topPPFilter_struct.s_line_18_1089_1 

#---------------------------------------------------------------------------------------------------------------------------
#           Timing Point            Flags   Arc   Edge            Cell             Fanout Load Trans Delay Arrival Instance 
#                                                                                         (fF)  (ps)  (ps)   (ps)  Location 
#---------------------------------------------------------------------------------------------------------------------------
  enb_1_8_0                         -       -     R     (arrival)                       1  3.8     8     0     503    (-,-) 
  g89/Y                             -       A->Y  R     BUF_X13M_A9PP140ZTL_C30        12 40.3    15    17     520    (-,-) 
  pp_fir_2_1_1_g64808/Y             -       A->Y  R     BUF_X13M_A9PP140ZTL_C30         8 32.6    13    17     538    (-,-) 
  pp_fir_2_1_1_g64800/Y             -       A->Y  R     BUF_X16M_A9PP140ZTL_C30        32 58.5    17    19     557    (-,-) 
  pp_fir_2_1_1_g59331/Y             -       S0->Y R     MXIT2_X1P4M_A9PP140ZTL_C30      1  1.6    15    13     570    (-,-) 
  pp_fir_2_1_1_sum2_4_im_1_reg[2]/D -       -     R     DFFRPQ_X3M_A9PP140ZTL_C30       1    -     -     0     570    (-,-) 
#---------------------------------------------------------------------------------------------------------------------------



Path 37: VIOLATED (-1 ps) Setup Check with Pin pp_fir_2_1_1_sum1_7_im_1_reg[14]/CK->D
           View: view_wcl_typical
          Group: clk
     Startpoint: (R) enb_1_8_0
          Clock: (R) clk
       Endpoint: (R) pp_fir_2_1_1_sum1_7_im_1_reg[14]/D
          Clock: (R) clk

                     Capture       Launch     
        Clock Edge:+     500            0     
        Drv Adjust:+       0            3     
       Src Latency:+       0            0     
       Net Latency:+     200 (I)      200 (I) 
           Arrival:=     700          203     
                                              
             Setup:-       6                  
       Uncertainty:-     125                  
     Required Time:=     569                  
      Launch Clock:-     203                  
       Input Delay:-     300                  
         Data Path:-      67                  
             Slack:=      -1                  

Exceptions/Constraints:
  input_delay             300             topPPFilter_struct.s_line_18_1089_1 

#----------------------------------------------------------------------------------------------------------------------------
#           Timing Point             Flags   Arc   Edge            Cell             Fanout Load Trans Delay Arrival Instance 
#                                                                                          (fF)  (ps)  (ps)   (ps)  Location 
#----------------------------------------------------------------------------------------------------------------------------
  enb_1_8_0                          -       -     R     (arrival)                       1  3.8     8     0     503    (-,-) 
  g89/Y                              -       A->Y  R     BUF_X13M_A9PP140ZTL_C30        12 40.3    15    17     520    (-,-) 
  pp_fir_2_1_1_g64799/Y              -       A->Y  R     BUF_X13M_A9PP140ZTL_C30         8 32.6    13    17     538    (-,-) 
  pp_fir_2_1_1_g64791/Y              -       A->Y  R     BUF_X16M_A9PP140ZTL_C30        32 58.5    17    19     557    (-,-) 
  pp_fir_2_1_1_g58285/Y              -       S0->Y R     MXIT2_X1P4M_A9PP140ZTL_C30      1  1.6    15    13     570    (-,-) 
  pp_fir_2_1_1_sum1_7_im_1_reg[14]/D -       -     R     DFFRPQ_X3M_A9PP140ZTL_C30       1    -     -     0     570    (-,-) 
#----------------------------------------------------------------------------------------------------------------------------



Path 38: VIOLATED (-1 ps) Setup Check with Pin pp_fir_2_1_1_sum1_7_im_1_reg[13]/CK->D
           View: view_wcl_typical
          Group: clk
     Startpoint: (R) enb_1_8_0
          Clock: (R) clk
       Endpoint: (R) pp_fir_2_1_1_sum1_7_im_1_reg[13]/D
          Clock: (R) clk

                     Capture       Launch     
        Clock Edge:+     500            0     
        Drv Adjust:+       0            3     
       Src Latency:+       0            0     
       Net Latency:+     200 (I)      200 (I) 
           Arrival:=     700          203     
                                              
             Setup:-       6                  
       Uncertainty:-     125                  
     Required Time:=     569                  
      Launch Clock:-     203                  
       Input Delay:-     300                  
         Data Path:-      67                  
             Slack:=      -1                  

Exceptions/Constraints:
  input_delay             300             topPPFilter_struct.s_line_18_1089_1 

#----------------------------------------------------------------------------------------------------------------------------
#           Timing Point             Flags   Arc   Edge            Cell             Fanout Load Trans Delay Arrival Instance 
#                                                                                          (fF)  (ps)  (ps)   (ps)  Location 
#----------------------------------------------------------------------------------------------------------------------------
  enb_1_8_0                          -       -     R     (arrival)                       1  3.8     8     0     503    (-,-) 
  g89/Y                              -       A->Y  R     BUF_X13M_A9PP140ZTL_C30        12 40.3    15    17     520    (-,-) 
  pp_fir_2_1_1_g64799/Y              -       A->Y  R     BUF_X13M_A9PP140ZTL_C30         8 32.6    13    17     538    (-,-) 
  pp_fir_2_1_1_g64791/Y              -       A->Y  R     BUF_X16M_A9PP140ZTL_C30        32 58.5    17    19     557    (-,-) 
  pp_fir_2_1_1_g58283/Y              -       S0->Y R     MXIT2_X1P4M_A9PP140ZTL_C30      1  1.6    15    13     570    (-,-) 
  pp_fir_2_1_1_sum1_7_im_1_reg[13]/D -       -     R     DFFRPQ_X3M_A9PP140ZTL_C30       1    -     -     0     570    (-,-) 
#----------------------------------------------------------------------------------------------------------------------------



Path 39: VIOLATED (-1 ps) Setup Check with Pin pp_fir_2_1_1_sum1_7_im_1_reg[12]/CK->D
           View: view_wcl_typical
          Group: clk
     Startpoint: (R) enb_1_8_0
          Clock: (R) clk
       Endpoint: (R) pp_fir_2_1_1_sum1_7_im_1_reg[12]/D
          Clock: (R) clk

                     Capture       Launch     
        Clock Edge:+     500            0     
        Drv Adjust:+       0            3     
       Src Latency:+       0            0     
       Net Latency:+     200 (I)      200 (I) 
           Arrival:=     700          203     
                                              
             Setup:-       6                  
       Uncertainty:-     125                  
     Required Time:=     569                  
      Launch Clock:-     203                  
       Input Delay:-     300                  
         Data Path:-      67                  
             Slack:=      -1                  

Exceptions/Constraints:
  input_delay             300             topPPFilter_struct.s_line_18_1089_1 

#----------------------------------------------------------------------------------------------------------------------------
#           Timing Point             Flags   Arc   Edge            Cell             Fanout Load Trans Delay Arrival Instance 
#                                                                                          (fF)  (ps)  (ps)   (ps)  Location 
#----------------------------------------------------------------------------------------------------------------------------
  enb_1_8_0                          -       -     R     (arrival)                       1  3.8     8     0     503    (-,-) 
  g89/Y                              -       A->Y  R     BUF_X13M_A9PP140ZTL_C30        12 40.3    15    17     520    (-,-) 
  pp_fir_2_1_1_g64799/Y              -       A->Y  R     BUF_X13M_A9PP140ZTL_C30         8 32.6    13    17     538    (-,-) 
  pp_fir_2_1_1_g64798/Y              -       A->Y  R     BUF_X16M_A9PP140ZTL_C30        32 58.5    17    19     557    (-,-) 
  pp_fir_2_1_1_g58282/Y              -       S0->Y R     MXIT2_X1P4M_A9PP140ZTL_C30      1  1.6    15    13     570    (-,-) 
  pp_fir_2_1_1_sum1_7_im_1_reg[12]/D -       -     R     DFFRPQ_X3M_A9PP140ZTL_C30       1    -     -     0     570    (-,-) 
#----------------------------------------------------------------------------------------------------------------------------



Path 40: VIOLATED (-1 ps) Setup Check with Pin pp_fir_2_1_1_sum1_7_im_1_reg[10]/CK->D
           View: view_wcl_typical
          Group: clk
     Startpoint: (R) enb_1_8_0
          Clock: (R) clk
       Endpoint: (R) pp_fir_2_1_1_sum1_7_im_1_reg[10]/D
          Clock: (R) clk

                     Capture       Launch     
        Clock Edge:+     500            0     
        Drv Adjust:+       0            3     
       Src Latency:+       0            0     
       Net Latency:+     200 (I)      200 (I) 
           Arrival:=     700          203     
                                              
             Setup:-       6                  
       Uncertainty:-     125                  
     Required Time:=     569                  
      Launch Clock:-     203                  
       Input Delay:-     300                  
         Data Path:-      67                  
             Slack:=      -1                  

Exceptions/Constraints:
  input_delay             300             topPPFilter_struct.s_line_18_1089_1 

#----------------------------------------------------------------------------------------------------------------------------
#           Timing Point             Flags   Arc   Edge            Cell             Fanout Load Trans Delay Arrival Instance 
#                                                                                          (fF)  (ps)  (ps)   (ps)  Location 
#----------------------------------------------------------------------------------------------------------------------------
  enb_1_8_0                          -       -     R     (arrival)                       1  3.8     8     0     503    (-,-) 
  g89/Y                              -       A->Y  R     BUF_X13M_A9PP140ZTL_C30        12 40.3    15    17     520    (-,-) 
  pp_fir_2_1_1_g64790/Y              -       A->Y  R     BUF_X13M_A9PP140ZTL_C30         8 32.6    13    17     538    (-,-) 
  pp_fir_2_1_1_g64789/Y              -       A->Y  R     BUF_X16M_A9PP140ZTL_C30        32 58.5    17    19     557    (-,-) 
  pp_fir_2_1_1_g58279/Y              -       S0->Y R     MXIT2_X1P4M_A9PP140ZTL_C30      1  1.6    15    13     570    (-,-) 
  pp_fir_2_1_1_sum1_7_im_1_reg[10]/D -       -     R     DFFRPQ_X3M_A9PP140ZTL_C30       1    -     -     0     570    (-,-) 
#----------------------------------------------------------------------------------------------------------------------------



Path 41: VIOLATED (-1 ps) Setup Check with Pin pp_fir_2_1_1_sum1_7_im_1_reg[9]/CK->D
           View: view_wcl_typical
          Group: clk
     Startpoint: (R) enb_1_8_0
          Clock: (R) clk
       Endpoint: (R) pp_fir_2_1_1_sum1_7_im_1_reg[9]/D
          Clock: (R) clk

                     Capture       Launch     
        Clock Edge:+     500            0     
        Drv Adjust:+       0            3     
       Src Latency:+       0            0     
       Net Latency:+     200 (I)      200 (I) 
           Arrival:=     700          203     
                                              
             Setup:-       6                  
       Uncertainty:-     125                  
     Required Time:=     569                  
      Launch Clock:-     203                  
       Input Delay:-     300                  
         Data Path:-      67                  
             Slack:=      -1                  

Exceptions/Constraints:
  input_delay             300             topPPFilter_struct.s_line_18_1089_1 

#---------------------------------------------------------------------------------------------------------------------------
#           Timing Point            Flags   Arc   Edge            Cell             Fanout Load Trans Delay Arrival Instance 
#                                                                                         (fF)  (ps)  (ps)   (ps)  Location 
#---------------------------------------------------------------------------------------------------------------------------
  enb_1_8_0                         -       -     R     (arrival)                       1  3.8     8     0     503    (-,-) 
  g89/Y                             -       A->Y  R     BUF_X13M_A9PP140ZTL_C30        12 40.3    15    17     520    (-,-) 
  pp_fir_2_1_1_g64817/Y             -       A->Y  R     BUF_X13M_A9PP140ZTL_C30         8 32.6    13    17     538    (-,-) 
  pp_fir_2_1_1_g64816/Y             -       A->Y  R     BUF_X16M_A9PP140ZTL_C30        32 58.5    17    19     557    (-,-) 
  pp_fir_2_1_1_g58278/Y             -       S0->Y R     MXIT2_X1P4M_A9PP140ZTL_C30      1  1.6    15    13     570    (-,-) 
  pp_fir_2_1_1_sum1_7_im_1_reg[9]/D -       -     R     DFFRPQ_X3M_A9PP140ZTL_C30       1    -     -     0     570    (-,-) 
#---------------------------------------------------------------------------------------------------------------------------



Path 42: VIOLATED (-1 ps) Setup Check with Pin pp_fir_2_1_1_sum1_7_im_1_reg[8]/CK->D
           View: view_wcl_typical
          Group: clk
     Startpoint: (R) enb_1_8_0
          Clock: (R) clk
       Endpoint: (R) pp_fir_2_1_1_sum1_7_im_1_reg[8]/D
          Clock: (R) clk

                     Capture       Launch     
        Clock Edge:+     500            0     
        Drv Adjust:+       0            3     
       Src Latency:+       0            0     
       Net Latency:+     200 (I)      200 (I) 
           Arrival:=     700          203     
                                              
             Setup:-       6                  
       Uncertainty:-     125                  
     Required Time:=     569                  
      Launch Clock:-     203                  
       Input Delay:-     300                  
         Data Path:-      67                  
             Slack:=      -1                  

Exceptions/Constraints:
  input_delay             300             topPPFilter_struct.s_line_18_1089_1 

#---------------------------------------------------------------------------------------------------------------------------
#           Timing Point            Flags   Arc   Edge            Cell             Fanout Load Trans Delay Arrival Instance 
#                                                                                         (fF)  (ps)  (ps)   (ps)  Location 
#---------------------------------------------------------------------------------------------------------------------------
  enb_1_8_0                         -       -     R     (arrival)                       1  3.8     8     0     503    (-,-) 
  g89/Y                             -       A->Y  R     BUF_X13M_A9PP140ZTL_C30        12 40.3    15    17     520    (-,-) 
  pp_fir_2_1_1_g64817/Y             -       A->Y  R     BUF_X13M_A9PP140ZTL_C30         8 32.6    13    17     538    (-,-) 
  pp_fir_2_1_1_g64816/Y             -       A->Y  R     BUF_X16M_A9PP140ZTL_C30        32 58.5    17    19     557    (-,-) 
  pp_fir_2_1_1_g58276/Y             -       S0->Y R     MXIT2_X1P4M_A9PP140ZTL_C30      1  1.6    15    13     570    (-,-) 
  pp_fir_2_1_1_sum1_7_im_1_reg[8]/D -       -     R     DFFRPQ_X3M_A9PP140ZTL_C30       1    -     -     0     570    (-,-) 
#---------------------------------------------------------------------------------------------------------------------------



Path 43: VIOLATED (-1 ps) Setup Check with Pin pp_fir_2_1_1_sum1_7_im_1_reg[7]/CK->D
           View: view_wcl_typical
          Group: clk
     Startpoint: (R) enb_1_8_0
          Clock: (R) clk
       Endpoint: (R) pp_fir_2_1_1_sum1_7_im_1_reg[7]/D
          Clock: (R) clk

                     Capture       Launch     
        Clock Edge:+     500            0     
        Drv Adjust:+       0            3     
       Src Latency:+       0            0     
       Net Latency:+     200 (I)      200 (I) 
           Arrival:=     700          203     
                                              
             Setup:-       6                  
       Uncertainty:-     125                  
     Required Time:=     569                  
      Launch Clock:-     203                  
       Input Delay:-     300                  
         Data Path:-      67                  
             Slack:=      -1                  

Exceptions/Constraints:
  input_delay             300             topPPFilter_struct.s_line_18_1089_1 

#---------------------------------------------------------------------------------------------------------------------------
#           Timing Point            Flags   Arc   Edge            Cell             Fanout Load Trans Delay Arrival Instance 
#                                                                                         (fF)  (ps)  (ps)   (ps)  Location 
#---------------------------------------------------------------------------------------------------------------------------
  enb_1_8_0                         -       -     R     (arrival)                       1  3.8     8     0     503    (-,-) 
  g89/Y                             -       A->Y  R     BUF_X13M_A9PP140ZTL_C30        12 40.3    15    17     520    (-,-) 
  pp_fir_2_1_1_g64808/Y             -       A->Y  R     BUF_X13M_A9PP140ZTL_C30         8 32.6    13    17     538    (-,-) 
  pp_fir_2_1_1_g64802/Y             -       A->Y  R     BUF_X16M_A9PP140ZTL_C30        32 58.5    17    19     557    (-,-) 
  pp_fir_2_1_1_g58275/Y             -       S0->Y R     MXIT2_X1P4M_A9PP140ZTL_C30      1  1.6    15    13     570    (-,-) 
  pp_fir_2_1_1_sum1_7_im_1_reg[7]/D -       -     R     DFFRPQ_X3M_A9PP140ZTL_C30       1    -     -     0     570    (-,-) 
#---------------------------------------------------------------------------------------------------------------------------



Path 44: VIOLATED (-1 ps) Setup Check with Pin pp_fir_2_1_1_sum1_7_im_1_reg[6]/CK->D
           View: view_wcl_typical
          Group: clk
     Startpoint: (R) enb_1_8_0
          Clock: (R) clk
       Endpoint: (R) pp_fir_2_1_1_sum1_7_im_1_reg[6]/D
          Clock: (R) clk

                     Capture       Launch     
        Clock Edge:+     500            0     
        Drv Adjust:+       0            3     
       Src Latency:+       0            0     
       Net Latency:+     200 (I)      200 (I) 
           Arrival:=     700          203     
                                              
             Setup:-       6                  
       Uncertainty:-     125                  
     Required Time:=     569                  
      Launch Clock:-     203                  
       Input Delay:-     300                  
         Data Path:-      67                  
             Slack:=      -1                  

Exceptions/Constraints:
  input_delay             300             topPPFilter_struct.s_line_18_1089_1 

#---------------------------------------------------------------------------------------------------------------------------
#           Timing Point            Flags   Arc   Edge            Cell             Fanout Load Trans Delay Arrival Instance 
#                                                                                         (fF)  (ps)  (ps)   (ps)  Location 
#---------------------------------------------------------------------------------------------------------------------------
  enb_1_8_0                         -       -     R     (arrival)                       1  3.8     8     0     503    (-,-) 
  g89/Y                             -       A->Y  R     BUF_X13M_A9PP140ZTL_C30        12 40.3    15    17     520    (-,-) 
  pp_fir_2_1_1_g64799/Y             -       A->Y  R     BUF_X13M_A9PP140ZTL_C30         8 32.6    13    17     538    (-,-) 
  pp_fir_2_1_1_g64796/Y             -       A->Y  R     BUF_X16M_A9PP140ZTL_C30        32 58.5    17    19     557    (-,-) 
  pp_fir_2_1_1_g58273/Y             -       S0->Y R     MXIT2_X1P4M_A9PP140ZTL_C30      1  1.6    15    13     570    (-,-) 
  pp_fir_2_1_1_sum1_7_im_1_reg[6]/D -       -     R     DFFRPQ_X3M_A9PP140ZTL_C30       1    -     -     0     570    (-,-) 
#---------------------------------------------------------------------------------------------------------------------------



Path 45: VIOLATED (-1 ps) Setup Check with Pin pp_fir_2_1_1_sum1_7_im_1_reg[5]/CK->D
           View: view_wcl_typical
          Group: clk
     Startpoint: (R) enb_1_8_0
          Clock: (R) clk
       Endpoint: (R) pp_fir_2_1_1_sum1_7_im_1_reg[5]/D
          Clock: (R) clk

                     Capture       Launch     
        Clock Edge:+     500            0     
        Drv Adjust:+       0            3     
       Src Latency:+       0            0     
       Net Latency:+     200 (I)      200 (I) 
           Arrival:=     700          203     
                                              
             Setup:-       6                  
       Uncertainty:-     125                  
     Required Time:=     569                  
      Launch Clock:-     203                  
       Input Delay:-     300                  
         Data Path:-      67                  
             Slack:=      -1                  

Exceptions/Constraints:
  input_delay             300             topPPFilter_struct.s_line_18_1089_1 

#---------------------------------------------------------------------------------------------------------------------------
#           Timing Point            Flags   Arc   Edge            Cell             Fanout Load Trans Delay Arrival Instance 
#                                                                                         (fF)  (ps)  (ps)   (ps)  Location 
#---------------------------------------------------------------------------------------------------------------------------
  enb_1_8_0                         -       -     R     (arrival)                       1  3.8     8     0     503    (-,-) 
  g89/Y                             -       A->Y  R     BUF_X13M_A9PP140ZTL_C30        12 40.3    15    17     520    (-,-) 
  pp_fir_2_1_1_g64799/Y             -       A->Y  R     BUF_X13M_A9PP140ZTL_C30         8 32.6    13    17     538    (-,-) 
  pp_fir_2_1_1_g64796/Y             -       A->Y  R     BUF_X16M_A9PP140ZTL_C30        32 58.5    17    19     557    (-,-) 
  pp_fir_2_1_1_g58272/Y             -       S0->Y R     MXIT2_X1P4M_A9PP140ZTL_C30      1  1.6    15    13     570    (-,-) 
  pp_fir_2_1_1_sum1_7_im_1_reg[5]/D -       -     R     DFFRPQ_X3M_A9PP140ZTL_C30       1    -     -     0     570    (-,-) 
#---------------------------------------------------------------------------------------------------------------------------



Path 46: VIOLATED (-1 ps) Setup Check with Pin pp_fir_2_1_1_sum1_7_im_1_reg[4]/CK->D
           View: view_wcl_typical
          Group: clk
     Startpoint: (R) enb_1_8_0
          Clock: (R) clk
       Endpoint: (R) pp_fir_2_1_1_sum1_7_im_1_reg[4]/D
          Clock: (R) clk

                     Capture       Launch     
        Clock Edge:+     500            0     
        Drv Adjust:+       0            3     
       Src Latency:+       0            0     
       Net Latency:+     200 (I)      200 (I) 
           Arrival:=     700          203     
                                              
             Setup:-       6                  
       Uncertainty:-     125                  
     Required Time:=     569                  
      Launch Clock:-     203                  
       Input Delay:-     300                  
         Data Path:-      67                  
             Slack:=      -1                  

Exceptions/Constraints:
  input_delay             300             topPPFilter_struct.s_line_18_1089_1 

#---------------------------------------------------------------------------------------------------------------------------
#           Timing Point            Flags   Arc   Edge            Cell             Fanout Load Trans Delay Arrival Instance 
#                                                                                         (fF)  (ps)  (ps)   (ps)  Location 
#---------------------------------------------------------------------------------------------------------------------------
  enb_1_8_0                         -       -     R     (arrival)                       1  3.8     8     0     503    (-,-) 
  g89/Y                             -       A->Y  R     BUF_X13M_A9PP140ZTL_C30        12 40.3    15    17     520    (-,-) 
  pp_fir_2_1_1_g64790/Y             -       A->Y  R     BUF_X13M_A9PP140ZTL_C30         8 32.6    13    17     538    (-,-) 
  pp_fir_2_1_1_g64788/Y             -       A->Y  R     BUF_X16M_A9PP140ZTL_C30        32 58.5    17    19     557    (-,-) 
  pp_fir_2_1_1_g58271/Y             -       S0->Y R     MXIT2_X1P4M_A9PP140ZTL_C30      1  1.6    15    13     570    (-,-) 
  pp_fir_2_1_1_sum1_7_im_1_reg[4]/D -       -     R     DFFRPQ_X3M_A9PP140ZTL_C30       1    -     -     0     570    (-,-) 
#---------------------------------------------------------------------------------------------------------------------------



Path 47: VIOLATED (-1 ps) Setup Check with Pin pp_fir_2_1_1_sum1_7_im_1_reg[3]/CK->D
           View: view_wcl_typical
          Group: clk
     Startpoint: (R) enb_1_8_0
          Clock: (R) clk
       Endpoint: (R) pp_fir_2_1_1_sum1_7_im_1_reg[3]/D
          Clock: (R) clk

                     Capture       Launch     
        Clock Edge:+     500            0     
        Drv Adjust:+       0            3     
       Src Latency:+       0            0     
       Net Latency:+     200 (I)      200 (I) 
           Arrival:=     700          203     
                                              
             Setup:-       6                  
       Uncertainty:-     125                  
     Required Time:=     569                  
      Launch Clock:-     203                  
       Input Delay:-     300                  
         Data Path:-      67                  
             Slack:=      -1                  

Exceptions/Constraints:
  input_delay             300             topPPFilter_struct.s_line_18_1089_1 

#---------------------------------------------------------------------------------------------------------------------------
#           Timing Point            Flags   Arc   Edge            Cell             Fanout Load Trans Delay Arrival Instance 
#                                                                                         (fF)  (ps)  (ps)   (ps)  Location 
#---------------------------------------------------------------------------------------------------------------------------
  enb_1_8_0                         -       -     R     (arrival)                       1  3.8     8     0     503    (-,-) 
  g89/Y                             -       A->Y  R     BUF_X13M_A9PP140ZTL_C30        12 40.3    15    17     520    (-,-) 
  pp_fir_2_1_1_g64799/Y             -       A->Y  R     BUF_X13M_A9PP140ZTL_C30         8 32.6    13    17     538    (-,-) 
  pp_fir_2_1_1_g64791/Y             -       A->Y  R     BUF_X16M_A9PP140ZTL_C30        32 58.5    17    19     557    (-,-) 
  pp_fir_2_1_1_g58269/Y             -       S0->Y R     MXIT2_X1P4M_A9PP140ZTL_C30      1  1.6    15    13     570    (-,-) 
  pp_fir_2_1_1_sum1_7_im_1_reg[3]/D -       -     R     DFFRPQ_X3M_A9PP140ZTL_C30       1    -     -     0     570    (-,-) 
#---------------------------------------------------------------------------------------------------------------------------



Path 48: VIOLATED (-1 ps) Setup Check with Pin pp_fir_2_1_1_sum1_7_im_1_reg[2]/CK->D
           View: view_wcl_typical
          Group: clk
     Startpoint: (R) enb_1_8_0
          Clock: (R) clk
       Endpoint: (R) pp_fir_2_1_1_sum1_7_im_1_reg[2]/D
          Clock: (R) clk

                     Capture       Launch     
        Clock Edge:+     500            0     
        Drv Adjust:+       0            3     
       Src Latency:+       0            0     
       Net Latency:+     200 (I)      200 (I) 
           Arrival:=     700          203     
                                              
             Setup:-       6                  
       Uncertainty:-     125                  
     Required Time:=     569                  
      Launch Clock:-     203                  
       Input Delay:-     300                  
         Data Path:-      67                  
             Slack:=      -1                  

Exceptions/Constraints:
  input_delay             300             topPPFilter_struct.s_line_18_1089_1 

#---------------------------------------------------------------------------------------------------------------------------
#           Timing Point            Flags   Arc   Edge            Cell             Fanout Load Trans Delay Arrival Instance 
#                                                                                         (fF)  (ps)  (ps)   (ps)  Location 
#---------------------------------------------------------------------------------------------------------------------------
  enb_1_8_0                         -       -     R     (arrival)                       1  3.8     8     0     503    (-,-) 
  g89/Y                             -       A->Y  R     BUF_X13M_A9PP140ZTL_C30        12 40.3    15    17     520    (-,-) 
  pp_fir_2_1_1_g64817/Y             -       A->Y  R     BUF_X13M_A9PP140ZTL_C30         8 32.6    13    17     538    (-,-) 
  pp_fir_2_1_1_g64813/Y             -       A->Y  R     BUF_X16M_A9PP140ZTL_C30        32 58.5    17    19     557    (-,-) 
  pp_fir_2_1_1_g58267/Y             -       S0->Y R     MXIT2_X1P4M_A9PP140ZTL_C30      1  1.6    15    13     570    (-,-) 
  pp_fir_2_1_1_sum1_7_im_1_reg[2]/D -       -     R     DFFRPQ_X3M_A9PP140ZTL_C30       1    -     -     0     570    (-,-) 
#---------------------------------------------------------------------------------------------------------------------------



Path 49: VIOLATED (-1 ps) Setup Check with Pin pp_fir_2_1_1_sum1_6_re_1_reg[26]/CK->D
           View: view_wcl_typical
          Group: clk
     Startpoint: (R) enb_1_8_0
          Clock: (R) clk
       Endpoint: (R) pp_fir_2_1_1_sum1_6_re_1_reg[26]/D
          Clock: (R) clk

                     Capture       Launch     
        Clock Edge:+     500            0     
        Drv Adjust:+       0            3     
       Src Latency:+       0            0     
       Net Latency:+     200 (I)      200 (I) 
           Arrival:=     700          203     
                                              
             Setup:-       6                  
       Uncertainty:-     125                  
     Required Time:=     569                  
      Launch Clock:-     203                  
       Input Delay:-     300                  
         Data Path:-      67                  
             Slack:=      -1                  

Exceptions/Constraints:
  input_delay             300             topPPFilter_struct.s_line_18_1089_1 

#----------------------------------------------------------------------------------------------------------------------------
#           Timing Point             Flags   Arc   Edge            Cell             Fanout Load Trans Delay Arrival Instance 
#                                                                                          (fF)  (ps)  (ps)   (ps)  Location 
#----------------------------------------------------------------------------------------------------------------------------
  enb_1_8_0                          -       -     R     (arrival)                       1  3.8     8     0     503    (-,-) 
  g89/Y                              -       A->Y  R     BUF_X13M_A9PP140ZTL_C30        12 40.3    15    17     520    (-,-) 
  pp_fir_2_1_1_g64869/Y              -       A->Y  R     BUF_X13M_A9PP140ZTL_C30         8 32.6    13    17     538    (-,-) 
  pp_fir_2_1_1_g64866/Y              -       A->Y  R     BUF_X16M_A9PP140ZTL_C30        32 58.5    17    19     557    (-,-) 
  pp_fir_2_1_1_g58263/Y              -       S0->Y R     MXIT2_X1P4M_A9PP140ZTL_C30      1  1.6    15    13     570    (-,-) 
  pp_fir_2_1_1_sum1_6_re_1_reg[26]/D -       -     R     DFFRPQ_X3M_A9PP140ZTL_C30       1    -     -     0     570    (-,-) 
#----------------------------------------------------------------------------------------------------------------------------



Path 50: VIOLATED (-1 ps) Setup Check with Pin pp_fir_2_1_1_sum1_6_re_1_reg[25]/CK->D
           View: view_wcl_typical
          Group: clk
     Startpoint: (R) enb_1_8_0
          Clock: (R) clk
       Endpoint: (R) pp_fir_2_1_1_sum1_6_re_1_reg[25]/D
          Clock: (R) clk

                     Capture       Launch     
        Clock Edge:+     500            0     
        Drv Adjust:+       0            3     
       Src Latency:+       0            0     
       Net Latency:+     200 (I)      200 (I) 
           Arrival:=     700          203     
                                              
             Setup:-       6                  
       Uncertainty:-     125                  
     Required Time:=     569                  
      Launch Clock:-     203                  
       Input Delay:-     300                  
         Data Path:-      67                  
             Slack:=      -1                  

Exceptions/Constraints:
  input_delay             300             topPPFilter_struct.s_line_18_1089_1 

#----------------------------------------------------------------------------------------------------------------------------
#           Timing Point             Flags   Arc   Edge            Cell             Fanout Load Trans Delay Arrival Instance 
#                                                                                          (fF)  (ps)  (ps)   (ps)  Location 
#----------------------------------------------------------------------------------------------------------------------------
  enb_1_8_0                          -       -     R     (arrival)                       1  3.8     8     0     503    (-,-) 
  g89/Y                              -       A->Y  R     BUF_X13M_A9PP140ZTL_C30        12 40.3    15    17     520    (-,-) 
  pp_fir_2_1_1_g64790/Y              -       A->Y  R     BUF_X13M_A9PP140ZTL_C30         8 32.6    13    17     538    (-,-) 
  pp_fir_2_1_1_g64784/Y              -       A->Y  R     BUF_X16M_A9PP140ZTL_C30        32 58.5    17    19     557    (-,-) 
  pp_fir_2_1_1_g58262/Y              -       S0->Y R     MXIT2_X1P4M_A9PP140ZTL_C30      1  1.6    15    13     570    (-,-) 
  pp_fir_2_1_1_sum1_6_re_1_reg[25]/D -       -     R     DFFRPQ_X3M_A9PP140ZTL_C30       1    -     -     0     570    (-,-) 
#----------------------------------------------------------------------------------------------------------------------------

