============================================================
  Generated by:           Genus(TM) Synthesis Solution 22.10-p001_1
  Generated on:           Jan 05 2025  08:36:45 pm
  Module:                 pp_fir_u_2
  Operating conditions:   ssg_cworstt_max_0p81v_125c 
  Operating conditions:   ffg_cbestt_min_0p99v_m40c 
  Operating conditions:   tt_ctypical_max_0p90v_25c 
  Interconnect mode:      global
  Area mode:              physical library
============================================================


Path 1: MET (76 ps) Setup Check with Pin pp_fir_2_1_1_sum2_8_re_1_reg[25]/CK->D
           View: view_wcl_fast
          Group: clk
     Startpoint: (F) enb_1_8_0
          Clock: (R) clk
       Endpoint: (R) pp_fir_2_1_1_sum2_8_re_1_reg[25]/D
          Clock: (R) clk

                     Capture       Launch     
        Clock Edge:+     500            0     
        Drv Adjust:+       0            3     
       Src Latency:+       0            0     
       Net Latency:+     180 (I)      180 (I) 
           Arrival:=     680          183     
                                              
             Setup:-       4                  
       Uncertainty:-     112                  
     Required Time:=     563                  
      Launch Clock:-     183                  
       Input Delay:-     250                  
         Data Path:-      54                  
             Slack:=      76                  

Exceptions/Constraints:
  input_delay             250             topPPFilter_struct_f_line_18_545_1 

#---------------------------------------------------------------------------------------------------------------------------
#           Timing Point             Flags   Arc   Edge           Cell             Fanout Load Trans Delay Arrival Instance 
#                                                                                         (fF)  (ps)  (ps)   (ps)  Location 
#---------------------------------------------------------------------------------------------------------------------------
  enb_1_8_0                          -       -     F     (arrival)                      1  4.1     7     0     433    (-,-) 
  g89/Y                              -       A->Y  F     BUF_X13M_A9PP140ZTL_C30       12 42.5    12    14     447    (-,-) 
  pp_fir_2_1_1_g64747/Y              -       A->Y  F     BUF_X9M_A9PP140ZTL_C30         4 17.3     8    13     460    (-,-) 
  pp_fir_2_1_1_g64746/Y              -       A->Y  R     INV_X6M_A9PP140ZTL_C30         3 17.0    11     8     468    (-,-) 
  pp_fir_2_1_1_g64743/Y              -       A->Y  F     INV_X13M_A9PP140ZTL_C30       26 48.3    13     9     478    (-,-) 
  pp_fir_2_1_1_g57855__5526/Y        -       A0->Y R     OAI21_X2M_A9PP140ZTL_C30       1  1.8    12     9     487    (-,-) 
  pp_fir_2_1_1_sum2_8_re_1_reg[25]/D -       -     R     DFFRPQ_X3M_A9PP140ZTL_C30      1    -     -     0     487    (-,-) 
#---------------------------------------------------------------------------------------------------------------------------



Path 2: MET (76 ps) Setup Check with Pin pp_fir_2_1_1_sum2_8_re_1_reg[24]/CK->D
           View: view_wcl_fast
          Group: clk
     Startpoint: (F) enb_1_8_0
          Clock: (R) clk
       Endpoint: (R) pp_fir_2_1_1_sum2_8_re_1_reg[24]/D
          Clock: (R) clk

                     Capture       Launch     
        Clock Edge:+     500            0     
        Drv Adjust:+       0            3     
       Src Latency:+       0            0     
       Net Latency:+     180 (I)      180 (I) 
           Arrival:=     680          183     
                                              
             Setup:-       4                  
       Uncertainty:-     112                  
     Required Time:=     563                  
      Launch Clock:-     183                  
       Input Delay:-     250                  
         Data Path:-      54                  
             Slack:=      76                  

Exceptions/Constraints:
  input_delay             250             topPPFilter_struct_f_line_18_545_1 

#---------------------------------------------------------------------------------------------------------------------------
#           Timing Point             Flags   Arc   Edge           Cell             Fanout Load Trans Delay Arrival Instance 
#                                                                                         (fF)  (ps)  (ps)   (ps)  Location 
#---------------------------------------------------------------------------------------------------------------------------
  enb_1_8_0                          -       -     F     (arrival)                      1  4.1     7     0     433    (-,-) 
  g89/Y                              -       A->Y  F     BUF_X13M_A9PP140ZTL_C30       12 42.5    12    14     447    (-,-) 
  pp_fir_2_1_1_g64747/Y              -       A->Y  F     BUF_X9M_A9PP140ZTL_C30         4 17.3     8    13     460    (-,-) 
  pp_fir_2_1_1_g64746/Y              -       A->Y  R     INV_X6M_A9PP140ZTL_C30         3 17.0    11     8     468    (-,-) 
  pp_fir_2_1_1_g64743/Y              -       A->Y  F     INV_X13M_A9PP140ZTL_C30       26 48.3    13     9     478    (-,-) 
  pp_fir_2_1_1_g57854__8428/Y        -       A0->Y R     OAI21_X2M_A9PP140ZTL_C30       1  1.8    12     9     487    (-,-) 
  pp_fir_2_1_1_sum2_8_re_1_reg[24]/D -       -     R     DFFRPQ_X3M_A9PP140ZTL_C30      1    -     -     0     487    (-,-) 
#---------------------------------------------------------------------------------------------------------------------------



Path 3: MET (76 ps) Setup Check with Pin pp_fir_2_1_1_sum2_8_im_1_reg[25]/CK->D
           View: view_wcl_fast
          Group: clk
     Startpoint: (F) enb_1_8_0
          Clock: (R) clk
       Endpoint: (R) pp_fir_2_1_1_sum2_8_im_1_reg[25]/D
          Clock: (R) clk

                     Capture       Launch     
        Clock Edge:+     500            0     
        Drv Adjust:+       0            3     
       Src Latency:+       0            0     
       Net Latency:+     180 (I)      180 (I) 
           Arrival:=     680          183     
                                              
             Setup:-       4                  
       Uncertainty:-     112                  
     Required Time:=     563                  
      Launch Clock:-     183                  
       Input Delay:-     250                  
         Data Path:-      54                  
             Slack:=      76                  

Exceptions/Constraints:
  input_delay             250             topPPFilter_struct_f_line_18_545_1 

#---------------------------------------------------------------------------------------------------------------------------
#           Timing Point             Flags   Arc   Edge           Cell             Fanout Load Trans Delay Arrival Instance 
#                                                                                         (fF)  (ps)  (ps)   (ps)  Location 
#---------------------------------------------------------------------------------------------------------------------------
  enb_1_8_0                          -       -     F     (arrival)                      1  4.1     7     0     433    (-,-) 
  g89/Y                              -       A->Y  F     BUF_X13M_A9PP140ZTL_C30       12 42.5    12    14     447    (-,-) 
  pp_fir_2_1_1_g64747/Y              -       A->Y  F     BUF_X9M_A9PP140ZTL_C30         4 17.3     8    13     460    (-,-) 
  pp_fir_2_1_1_g64746/Y              -       A->Y  R     INV_X6M_A9PP140ZTL_C30         3 17.0    11     8     468    (-,-) 
  pp_fir_2_1_1_g64743/Y              -       A->Y  F     INV_X13M_A9PP140ZTL_C30       26 48.3    13     9     478    (-,-) 
  pp_fir_2_1_1_g57853__4319/Y        -       A0->Y R     OAI21_X2M_A9PP140ZTL_C30       1  1.8    12     9     487    (-,-) 
  pp_fir_2_1_1_sum2_8_im_1_reg[25]/D -       -     R     DFFRPQ_X3M_A9PP140ZTL_C30      1    -     -     0     487    (-,-) 
#---------------------------------------------------------------------------------------------------------------------------



Path 4: MET (76 ps) Setup Check with Pin pp_fir_2_1_1_sum2_8_im_1_reg[24]/CK->D
           View: view_wcl_fast
          Group: clk
     Startpoint: (F) enb_1_8_0
          Clock: (R) clk
       Endpoint: (R) pp_fir_2_1_1_sum2_8_im_1_reg[24]/D
          Clock: (R) clk

                     Capture       Launch     
        Clock Edge:+     500            0     
        Drv Adjust:+       0            3     
       Src Latency:+       0            0     
       Net Latency:+     180 (I)      180 (I) 
           Arrival:=     680          183     
                                              
             Setup:-       4                  
       Uncertainty:-     112                  
     Required Time:=     563                  
      Launch Clock:-     183                  
       Input Delay:-     250                  
         Data Path:-      54                  
             Slack:=      76                  

Exceptions/Constraints:
  input_delay             250             topPPFilter_struct_f_line_18_545_1 

#---------------------------------------------------------------------------------------------------------------------------
#           Timing Point             Flags   Arc   Edge           Cell             Fanout Load Trans Delay Arrival Instance 
#                                                                                         (fF)  (ps)  (ps)   (ps)  Location 
#---------------------------------------------------------------------------------------------------------------------------
  enb_1_8_0                          -       -     F     (arrival)                      1  4.1     7     0     433    (-,-) 
  g89/Y                              -       A->Y  F     BUF_X13M_A9PP140ZTL_C30       12 42.5    12    14     447    (-,-) 
  pp_fir_2_1_1_g64747/Y              -       A->Y  F     BUF_X9M_A9PP140ZTL_C30         4 17.3     8    13     460    (-,-) 
  pp_fir_2_1_1_g64746/Y              -       A->Y  R     INV_X6M_A9PP140ZTL_C30         3 17.0    11     8     468    (-,-) 
  pp_fir_2_1_1_g64743/Y              -       A->Y  F     INV_X13M_A9PP140ZTL_C30       26 48.3    13     9     478    (-,-) 
  pp_fir_2_1_1_g57852__6260/Y        -       A0->Y R     OAI21_X2M_A9PP140ZTL_C30       1  1.8    12     9     487    (-,-) 
  pp_fir_2_1_1_sum2_8_im_1_reg[24]/D -       -     R     DFFRPQ_X3M_A9PP140ZTL_C30      1    -     -     0     487    (-,-) 
#---------------------------------------------------------------------------------------------------------------------------



Path 5: MET (76 ps) Setup Check with Pin pp_fir_2_1_1_sum2_7_re_1_reg[27]/CK->D
           View: view_wcl_fast
          Group: clk
     Startpoint: (F) enb_1_8_0
          Clock: (R) clk
       Endpoint: (R) pp_fir_2_1_1_sum2_7_re_1_reg[27]/D
          Clock: (R) clk

                     Capture       Launch     
        Clock Edge:+     500            0     
        Drv Adjust:+       0            3     
       Src Latency:+       0            0     
       Net Latency:+     180 (I)      180 (I) 
           Arrival:=     680          183     
                                              
             Setup:-       4                  
       Uncertainty:-     112                  
     Required Time:=     563                  
      Launch Clock:-     183                  
       Input Delay:-     250                  
         Data Path:-      54                  
             Slack:=      76                  

Exceptions/Constraints:
  input_delay             250             topPPFilter_struct_f_line_18_545_1 

#---------------------------------------------------------------------------------------------------------------------------
#           Timing Point             Flags   Arc   Edge           Cell             Fanout Load Trans Delay Arrival Instance 
#                                                                                         (fF)  (ps)  (ps)   (ps)  Location 
#---------------------------------------------------------------------------------------------------------------------------
  enb_1_8_0                          -       -     F     (arrival)                      1  4.1     7     0     433    (-,-) 
  g89/Y                              -       A->Y  F     BUF_X13M_A9PP140ZTL_C30       12 42.5    12    14     447    (-,-) 
  pp_fir_2_1_1_g64747/Y              -       A->Y  F     BUF_X9M_A9PP140ZTL_C30         4 17.3     8    13     460    (-,-) 
  pp_fir_2_1_1_g64746/Y              -       A->Y  R     INV_X6M_A9PP140ZTL_C30         3 17.0    11     8     468    (-,-) 
  pp_fir_2_1_1_g64743/Y              -       A->Y  F     INV_X13M_A9PP140ZTL_C30       26 48.3    13     9     478    (-,-) 
  pp_fir_2_1_1_g57851__5107/Y        -       A0->Y R     OAI21_X2M_A9PP140ZTL_C30       1  1.8    12     9     487    (-,-) 
  pp_fir_2_1_1_sum2_7_re_1_reg[27]/D -       -     R     DFFRPQ_X3M_A9PP140ZTL_C30      1    -     -     0     487    (-,-) 
#---------------------------------------------------------------------------------------------------------------------------



Path 6: MET (76 ps) Setup Check with Pin pp_fir_2_1_1_sum2_7_re_1_reg[26]/CK->D
           View: view_wcl_fast
          Group: clk
     Startpoint: (F) enb_1_8_0
          Clock: (R) clk
       Endpoint: (R) pp_fir_2_1_1_sum2_7_re_1_reg[26]/D
          Clock: (R) clk

                     Capture       Launch     
        Clock Edge:+     500            0     
        Drv Adjust:+       0            3     
       Src Latency:+       0            0     
       Net Latency:+     180 (I)      180 (I) 
           Arrival:=     680          183     
                                              
             Setup:-       4                  
       Uncertainty:-     112                  
     Required Time:=     563                  
      Launch Clock:-     183                  
       Input Delay:-     250                  
         Data Path:-      54                  
             Slack:=      76                  

Exceptions/Constraints:
  input_delay             250             topPPFilter_struct_f_line_18_545_1 

#---------------------------------------------------------------------------------------------------------------------------
#           Timing Point             Flags   Arc   Edge           Cell             Fanout Load Trans Delay Arrival Instance 
#                                                                                         (fF)  (ps)  (ps)   (ps)  Location 
#---------------------------------------------------------------------------------------------------------------------------
  enb_1_8_0                          -       -     F     (arrival)                      1  4.1     7     0     433    (-,-) 
  g89/Y                              -       A->Y  F     BUF_X13M_A9PP140ZTL_C30       12 42.5    12    14     447    (-,-) 
  pp_fir_2_1_1_g64747/Y              -       A->Y  F     BUF_X9M_A9PP140ZTL_C30         4 17.3     8    13     460    (-,-) 
  pp_fir_2_1_1_g64746/Y              -       A->Y  R     INV_X6M_A9PP140ZTL_C30         3 17.0    11     8     468    (-,-) 
  pp_fir_2_1_1_g64743/Y              -       A->Y  F     INV_X13M_A9PP140ZTL_C30       26 48.3    13     9     478    (-,-) 
  pp_fir_2_1_1_g57850__2398/Y        -       A0->Y R     OAI21_X2M_A9PP140ZTL_C30       1  1.8    12     9     487    (-,-) 
  pp_fir_2_1_1_sum2_7_re_1_reg[26]/D -       -     R     DFFRPQ_X3M_A9PP140ZTL_C30      1    -     -     0     487    (-,-) 
#---------------------------------------------------------------------------------------------------------------------------



Path 7: MET (76 ps) Setup Check with Pin pp_fir_2_1_1_sum2_7_im_1_reg[27]/CK->D
           View: view_wcl_fast
          Group: clk
     Startpoint: (F) enb_1_8_0
          Clock: (R) clk
       Endpoint: (R) pp_fir_2_1_1_sum2_7_im_1_reg[27]/D
          Clock: (R) clk

                     Capture       Launch     
        Clock Edge:+     500            0     
        Drv Adjust:+       0            3     
       Src Latency:+       0            0     
       Net Latency:+     180 (I)      180 (I) 
           Arrival:=     680          183     
                                              
             Setup:-       4                  
       Uncertainty:-     112                  
     Required Time:=     563                  
      Launch Clock:-     183                  
       Input Delay:-     250                  
         Data Path:-      54                  
             Slack:=      76                  

Exceptions/Constraints:
  input_delay             250             topPPFilter_struct_f_line_18_545_1 

#---------------------------------------------------------------------------------------------------------------------------
#           Timing Point             Flags   Arc   Edge           Cell             Fanout Load Trans Delay Arrival Instance 
#                                                                                         (fF)  (ps)  (ps)   (ps)  Location 
#---------------------------------------------------------------------------------------------------------------------------
  enb_1_8_0                          -       -     F     (arrival)                      1  4.1     7     0     433    (-,-) 
  g89/Y                              -       A->Y  F     BUF_X13M_A9PP140ZTL_C30       12 42.5    12    14     447    (-,-) 
  pp_fir_2_1_1_g64747/Y              -       A->Y  F     BUF_X9M_A9PP140ZTL_C30         4 17.3     8    13     460    (-,-) 
  pp_fir_2_1_1_g64746/Y              -       A->Y  R     INV_X6M_A9PP140ZTL_C30         3 17.0    11     8     468    (-,-) 
  pp_fir_2_1_1_g64743/Y              -       A->Y  F     INV_X13M_A9PP140ZTL_C30       26 48.3    13     9     478    (-,-) 
  pp_fir_2_1_1_g57849__5477/Y        -       A0->Y R     OAI21_X2M_A9PP140ZTL_C30       1  1.8    12     9     487    (-,-) 
  pp_fir_2_1_1_sum2_7_im_1_reg[27]/D -       -     R     DFFRPQ_X3M_A9PP140ZTL_C30      1    -     -     0     487    (-,-) 
#---------------------------------------------------------------------------------------------------------------------------



Path 8: MET (76 ps) Setup Check with Pin pp_fir_2_1_1_sum2_7_im_1_reg[26]/CK->D
           View: view_wcl_fast
          Group: clk
     Startpoint: (F) enb_1_8_0
          Clock: (R) clk
       Endpoint: (R) pp_fir_2_1_1_sum2_7_im_1_reg[26]/D
          Clock: (R) clk

                     Capture       Launch     
        Clock Edge:+     500            0     
        Drv Adjust:+       0            3     
       Src Latency:+       0            0     
       Net Latency:+     180 (I)      180 (I) 
           Arrival:=     680          183     
                                              
             Setup:-       4                  
       Uncertainty:-     112                  
     Required Time:=     563                  
      Launch Clock:-     183                  
       Input Delay:-     250                  
         Data Path:-      54                  
             Slack:=      76                  

Exceptions/Constraints:
  input_delay             250             topPPFilter_struct_f_line_18_545_1 

#---------------------------------------------------------------------------------------------------------------------------
#           Timing Point             Flags   Arc   Edge           Cell             Fanout Load Trans Delay Arrival Instance 
#                                                                                         (fF)  (ps)  (ps)   (ps)  Location 
#---------------------------------------------------------------------------------------------------------------------------
  enb_1_8_0                          -       -     F     (arrival)                      1  4.1     7     0     433    (-,-) 
  g89/Y                              -       A->Y  F     BUF_X13M_A9PP140ZTL_C30       12 42.5    12    14     447    (-,-) 
  pp_fir_2_1_1_g64747/Y              -       A->Y  F     BUF_X9M_A9PP140ZTL_C30         4 17.3     8    13     460    (-,-) 
  pp_fir_2_1_1_g64746/Y              -       A->Y  R     INV_X6M_A9PP140ZTL_C30         3 17.0    11     8     468    (-,-) 
  pp_fir_2_1_1_g64743/Y              -       A->Y  F     INV_X13M_A9PP140ZTL_C30       26 48.3    13     9     478    (-,-) 
  pp_fir_2_1_1_g57848__6417/Y        -       A0->Y R     OAI21_X2M_A9PP140ZTL_C30       1  1.8    12     9     487    (-,-) 
  pp_fir_2_1_1_sum2_7_im_1_reg[26]/D -       -     R     DFFRPQ_X3M_A9PP140ZTL_C30      1    -     -     0     487    (-,-) 
#---------------------------------------------------------------------------------------------------------------------------



Path 9: MET (76 ps) Setup Check with Pin pp_fir_2_1_1_sum2_6_re_1_reg[30]/CK->D
           View: view_wcl_fast
          Group: clk
     Startpoint: (R) enb_1_8_0
          Clock: (R) clk
       Endpoint: (R) pp_fir_2_1_1_sum2_6_re_1_reg[30]/D
          Clock: (R) clk

                     Capture       Launch     
        Clock Edge:+     500            0     
        Drv Adjust:+       0            2     
       Src Latency:+       0            0     
       Net Latency:+     180 (I)      180 (I) 
           Arrival:=     680          182     
                                              
             Setup:-       4                  
       Uncertainty:-     112                  
     Required Time:=     563                  
      Launch Clock:-     182                  
       Input Delay:-     250                  
         Data Path:-      55                  
             Slack:=      76                  

Exceptions/Constraints:
  input_delay             250             topPPFilter_struct_f_line_18_545_1 

#----------------------------------------------------------------------------------------------------------------------------
#           Timing Point             Flags   Arc   Edge            Cell             Fanout Load Trans Delay Arrival Instance 
#                                                                                          (fF)  (ps)  (ps)   (ps)  Location 
#----------------------------------------------------------------------------------------------------------------------------
  enb_1_8_0                          -       -     R     (arrival)                       1  4.1     7     0     432    (-,-) 
  g89/Y                              -       A->Y  R     BUF_X13M_A9PP140ZTL_C30        12 42.6    13    14     446    (-,-) 
  pp_fir_2_1_1_g64739/Y              -       A->Y  R     BUF_X16M_A9PP140ZTL_C30        15 45.8    11    14     461    (-,-) 
  pp_fir_2_1_1_g64730/Y              -       A->Y  R     BUF_X7P5M_A9PP140ZTL_C30        4 14.2     8    12     473    (-,-) 
  pp_fir_2_1_1_g60485/Y              -       A->Y  F     NAND2_X4M_A9PP140ZTL_C30        3  5.4    11     6     479    (-,-) 
  pp_fir_2_1_1_g57847__7410/Y        -       B0->Y R     OAI2XB1_X2M_A9PP140ZTL_C30      1  1.8    12     8     487    (-,-) 
  pp_fir_2_1_1_sum2_6_re_1_reg[30]/D -       -     R     DFFRPQ_X3M_A9PP140ZTL_C30       1    -     -     0     487    (-,-) 
#----------------------------------------------------------------------------------------------------------------------------



Path 10: MET (76 ps) Setup Check with Pin pp_fir_2_1_1_sum2_6_re_1_reg[29]/CK->D
           View: view_wcl_fast
          Group: clk
     Startpoint: (R) enb_1_8_0
          Clock: (R) clk
       Endpoint: (R) pp_fir_2_1_1_sum2_6_re_1_reg[29]/D
          Clock: (R) clk

                     Capture       Launch     
        Clock Edge:+     500            0     
        Drv Adjust:+       0            2     
       Src Latency:+       0            0     
       Net Latency:+     180 (I)      180 (I) 
           Arrival:=     680          182     
                                              
             Setup:-       4                  
       Uncertainty:-     112                  
     Required Time:=     563                  
      Launch Clock:-     182                  
       Input Delay:-     250                  
         Data Path:-      55                  
             Slack:=      76                  

Exceptions/Constraints:
  input_delay             250             topPPFilter_struct_f_line_18_545_1 

#----------------------------------------------------------------------------------------------------------------------------
#           Timing Point             Flags   Arc   Edge            Cell             Fanout Load Trans Delay Arrival Instance 
#                                                                                          (fF)  (ps)  (ps)   (ps)  Location 
#----------------------------------------------------------------------------------------------------------------------------
  enb_1_8_0                          -       -     R     (arrival)                       1  4.1     7     0     432    (-,-) 
  g89/Y                              -       A->Y  R     BUF_X13M_A9PP140ZTL_C30        12 42.6    13    14     446    (-,-) 
  pp_fir_2_1_1_g64739/Y              -       A->Y  R     BUF_X16M_A9PP140ZTL_C30        15 45.8    11    14     461    (-,-) 
  pp_fir_2_1_1_g64730/Y              -       A->Y  R     BUF_X7P5M_A9PP140ZTL_C30        4 14.2     8    12     473    (-,-) 
  pp_fir_2_1_1_g60485/Y              -       A->Y  F     NAND2_X4M_A9PP140ZTL_C30        3  5.4    11     6     479    (-,-) 
  pp_fir_2_1_1_g57846__1666/Y        -       B0->Y R     OAI2XB1_X2M_A9PP140ZTL_C30      1  1.8    12     8     487    (-,-) 
  pp_fir_2_1_1_sum2_6_re_1_reg[29]/D -       -     R     DFFRPQ_X3M_A9PP140ZTL_C30       1    -     -     0     487    (-,-) 
#----------------------------------------------------------------------------------------------------------------------------



Path 11: MET (76 ps) Setup Check with Pin pp_fir_2_1_1_sum2_6_re_1_reg[28]/CK->D
           View: view_wcl_fast
          Group: clk
     Startpoint: (R) enb_1_8_0
          Clock: (R) clk
       Endpoint: (R) pp_fir_2_1_1_sum2_6_re_1_reg[28]/D
          Clock: (R) clk

                     Capture       Launch     
        Clock Edge:+     500            0     
        Drv Adjust:+       0            2     
       Src Latency:+       0            0     
       Net Latency:+     180 (I)      180 (I) 
           Arrival:=     680          182     
                                              
             Setup:-       4                  
       Uncertainty:-     112                  
     Required Time:=     563                  
      Launch Clock:-     182                  
       Input Delay:-     250                  
         Data Path:-      55                  
             Slack:=      76                  

Exceptions/Constraints:
  input_delay             250             topPPFilter_struct_f_line_18_545_1 

#----------------------------------------------------------------------------------------------------------------------------
#           Timing Point             Flags   Arc   Edge            Cell             Fanout Load Trans Delay Arrival Instance 
#                                                                                          (fF)  (ps)  (ps)   (ps)  Location 
#----------------------------------------------------------------------------------------------------------------------------
  enb_1_8_0                          -       -     R     (arrival)                       1  4.1     7     0     432    (-,-) 
  g89/Y                              -       A->Y  R     BUF_X13M_A9PP140ZTL_C30        12 42.6    13    14     446    (-,-) 
  pp_fir_2_1_1_g64739/Y              -       A->Y  R     BUF_X16M_A9PP140ZTL_C30        15 45.8    11    14     461    (-,-) 
  pp_fir_2_1_1_g64730/Y              -       A->Y  R     BUF_X7P5M_A9PP140ZTL_C30        4 14.2     8    12     473    (-,-) 
  pp_fir_2_1_1_g60485/Y              -       A->Y  F     NAND2_X4M_A9PP140ZTL_C30        3  5.4    11     6     479    (-,-) 
  pp_fir_2_1_1_g57845__2346/Y        -       B0->Y R     OAI2XB1_X2M_A9PP140ZTL_C30      1  1.8    12     8     487    (-,-) 
  pp_fir_2_1_1_sum2_6_re_1_reg[28]/D -       -     R     DFFRPQ_X3M_A9PP140ZTL_C30       1    -     -     0     487    (-,-) 
#----------------------------------------------------------------------------------------------------------------------------



Path 12: MET (76 ps) Setup Check with Pin pp_fir_2_1_1_sum2_6_im_1_reg[30]/CK->D
           View: view_wcl_fast
          Group: clk
     Startpoint: (R) enb_1_8_0
          Clock: (R) clk
       Endpoint: (R) pp_fir_2_1_1_sum2_6_im_1_reg[30]/D
          Clock: (R) clk

                     Capture       Launch     
        Clock Edge:+     500            0     
        Drv Adjust:+       0            2     
       Src Latency:+       0            0     
       Net Latency:+     180 (I)      180 (I) 
           Arrival:=     680          182     
                                              
             Setup:-       4                  
       Uncertainty:-     112                  
     Required Time:=     563                  
      Launch Clock:-     182                  
       Input Delay:-     250                  
         Data Path:-      55                  
             Slack:=      76                  

Exceptions/Constraints:
  input_delay             250             topPPFilter_struct_f_line_18_545_1 

#----------------------------------------------------------------------------------------------------------------------------
#           Timing Point             Flags   Arc   Edge            Cell             Fanout Load Trans Delay Arrival Instance 
#                                                                                          (fF)  (ps)  (ps)   (ps)  Location 
#----------------------------------------------------------------------------------------------------------------------------
  enb_1_8_0                          -       -     R     (arrival)                       1  4.1     7     0     432    (-,-) 
  g89/Y                              -       A->Y  R     BUF_X13M_A9PP140ZTL_C30        12 42.6    13    14     446    (-,-) 
  pp_fir_2_1_1_g64739/Y              -       A->Y  R     BUF_X16M_A9PP140ZTL_C30        15 45.8    11    14     461    (-,-) 
  pp_fir_2_1_1_g64730/Y              -       A->Y  R     BUF_X7P5M_A9PP140ZTL_C30        4 14.2     8    12     473    (-,-) 
  pp_fir_2_1_1_g60484/Y              -       A->Y  F     NAND2_X4M_A9PP140ZTL_C30        3  5.4    11     6     479    (-,-) 
  pp_fir_2_1_1_g57844__2883/Y        -       B0->Y R     OAI2XB1_X2M_A9PP140ZTL_C30      1  1.8    12     8     487    (-,-) 
  pp_fir_2_1_1_sum2_6_im_1_reg[30]/D -       -     R     DFFRPQ_X3M_A9PP140ZTL_C30       1    -     -     0     487    (-,-) 
#----------------------------------------------------------------------------------------------------------------------------



Path 13: MET (76 ps) Setup Check with Pin pp_fir_2_1_1_sum2_6_im_1_reg[29]/CK->D
           View: view_wcl_fast
          Group: clk
     Startpoint: (R) enb_1_8_0
          Clock: (R) clk
       Endpoint: (R) pp_fir_2_1_1_sum2_6_im_1_reg[29]/D
          Clock: (R) clk

                     Capture       Launch     
        Clock Edge:+     500            0     
        Drv Adjust:+       0            2     
       Src Latency:+       0            0     
       Net Latency:+     180 (I)      180 (I) 
           Arrival:=     680          182     
                                              
             Setup:-       4                  
       Uncertainty:-     112                  
     Required Time:=     563                  
      Launch Clock:-     182                  
       Input Delay:-     250                  
         Data Path:-      55                  
             Slack:=      76                  

Exceptions/Constraints:
  input_delay             250             topPPFilter_struct_f_line_18_545_1 

#----------------------------------------------------------------------------------------------------------------------------
#           Timing Point             Flags   Arc   Edge            Cell             Fanout Load Trans Delay Arrival Instance 
#                                                                                          (fF)  (ps)  (ps)   (ps)  Location 
#----------------------------------------------------------------------------------------------------------------------------
  enb_1_8_0                          -       -     R     (arrival)                       1  4.1     7     0     432    (-,-) 
  g89/Y                              -       A->Y  R     BUF_X13M_A9PP140ZTL_C30        12 42.6    13    14     446    (-,-) 
  pp_fir_2_1_1_g64739/Y              -       A->Y  R     BUF_X16M_A9PP140ZTL_C30        15 45.8    11    14     461    (-,-) 
  pp_fir_2_1_1_g64730/Y              -       A->Y  R     BUF_X7P5M_A9PP140ZTL_C30        4 14.2     8    12     473    (-,-) 
  pp_fir_2_1_1_g60484/Y              -       A->Y  F     NAND2_X4M_A9PP140ZTL_C30        3  5.4    11     6     479    (-,-) 
  pp_fir_2_1_1_g57843__9945/Y        -       B0->Y R     OAI2XB1_X2M_A9PP140ZTL_C30      1  1.8    12     8     487    (-,-) 
  pp_fir_2_1_1_sum2_6_im_1_reg[29]/D -       -     R     DFFRPQ_X3M_A9PP140ZTL_C30       1    -     -     0     487    (-,-) 
#----------------------------------------------------------------------------------------------------------------------------



Path 14: MET (76 ps) Setup Check with Pin pp_fir_2_1_1_sum2_6_im_1_reg[28]/CK->D
           View: view_wcl_fast
          Group: clk
     Startpoint: (R) enb_1_8_0
          Clock: (R) clk
       Endpoint: (R) pp_fir_2_1_1_sum2_6_im_1_reg[28]/D
          Clock: (R) clk

                     Capture       Launch     
        Clock Edge:+     500            0     
        Drv Adjust:+       0            2     
       Src Latency:+       0            0     
       Net Latency:+     180 (I)      180 (I) 
           Arrival:=     680          182     
                                              
             Setup:-       4                  
       Uncertainty:-     112                  
     Required Time:=     563                  
      Launch Clock:-     182                  
       Input Delay:-     250                  
         Data Path:-      55                  
             Slack:=      76                  

Exceptions/Constraints:
  input_delay             250             topPPFilter_struct_f_line_18_545_1 

#----------------------------------------------------------------------------------------------------------------------------
#           Timing Point             Flags   Arc   Edge            Cell             Fanout Load Trans Delay Arrival Instance 
#                                                                                          (fF)  (ps)  (ps)   (ps)  Location 
#----------------------------------------------------------------------------------------------------------------------------
  enb_1_8_0                          -       -     R     (arrival)                       1  4.1     7     0     432    (-,-) 
  g89/Y                              -       A->Y  R     BUF_X13M_A9PP140ZTL_C30        12 42.6    13    14     446    (-,-) 
  pp_fir_2_1_1_g64739/Y              -       A->Y  R     BUF_X16M_A9PP140ZTL_C30        15 45.8    11    14     461    (-,-) 
  pp_fir_2_1_1_g64730/Y              -       A->Y  R     BUF_X7P5M_A9PP140ZTL_C30        4 14.2     8    12     473    (-,-) 
  pp_fir_2_1_1_g60484/Y              -       A->Y  F     NAND2_X4M_A9PP140ZTL_C30        3  5.4    11     6     479    (-,-) 
  pp_fir_2_1_1_g57842__9315/Y        -       B0->Y R     OAI2XB1_X2M_A9PP140ZTL_C30      1  1.8    12     8     487    (-,-) 
  pp_fir_2_1_1_sum2_6_im_1_reg[28]/D -       -     R     DFFRPQ_X3M_A9PP140ZTL_C30       1    -     -     0     487    (-,-) 
#----------------------------------------------------------------------------------------------------------------------------



Path 15: MET (76 ps) Setup Check with Pin pp_fir_2_1_1_sum2_2_re_1_reg[27]/CK->D
           View: view_wcl_fast
          Group: clk
     Startpoint: (R) enb_1_8_0
          Clock: (R) clk
       Endpoint: (R) pp_fir_2_1_1_sum2_2_re_1_reg[27]/D
          Clock: (R) clk

                     Capture       Launch     
        Clock Edge:+     500            0     
        Drv Adjust:+       0            2     
       Src Latency:+       0            0     
       Net Latency:+     180 (I)      180 (I) 
           Arrival:=     680          182     
                                              
             Setup:-       4                  
       Uncertainty:-     112                  
     Required Time:=     563                  
      Launch Clock:-     182                  
       Input Delay:-     250                  
         Data Path:-      54                  
             Slack:=      76                  

Exceptions/Constraints:
  input_delay             250             topPPFilter_struct_f_line_18_545_1 

#----------------------------------------------------------------------------------------------------------------------------
#           Timing Point             Flags   Arc   Edge            Cell             Fanout Load Trans Delay Arrival Instance 
#                                                                                          (fF)  (ps)  (ps)   (ps)  Location 
#----------------------------------------------------------------------------------------------------------------------------
  enb_1_8_0                          -       -     R     (arrival)                       1  4.1     7     0     432    (-,-) 
  g89/Y                              -       A->Y  R     BUF_X13M_A9PP140ZTL_C30        12 42.6    13    14     446    (-,-) 
  pp_fir_2_1_1_g64739/Y              -       A->Y  R     BUF_X16M_A9PP140ZTL_C30        15 45.8    11    14     461    (-,-) 
  pp_fir_2_1_1_g64729/Y              -       A->Y  R     BUF_X9M_A9PP140ZTL_C30          6 15.9     8    12     473    (-,-) 
  pp_fir_2_1_1_g60480/Y              -       A->Y  F     NAND2_X4M_A9PP140ZTL_C30        3  5.4    10     6     479    (-,-) 
  pp_fir_2_1_1_g57835__7098/Y        -       B0->Y R     OAI2XB1_X2M_A9PP140ZTL_C30      1  1.8    12     8     487    (-,-) 
  pp_fir_2_1_1_sum2_2_re_1_reg[27]/D -       -     R     DFFRPQ_X3M_A9PP140ZTL_C30       1    -     -     0     487    (-,-) 
#----------------------------------------------------------------------------------------------------------------------------



Path 16: MET (76 ps) Setup Check with Pin pp_fir_2_1_1_sum2_2_re_1_reg[26]/CK->D
           View: view_wcl_fast
          Group: clk
     Startpoint: (R) enb_1_8_0
          Clock: (R) clk
       Endpoint: (R) pp_fir_2_1_1_sum2_2_re_1_reg[26]/D
          Clock: (R) clk

                     Capture       Launch     
        Clock Edge:+     500            0     
        Drv Adjust:+       0            2     
       Src Latency:+       0            0     
       Net Latency:+     180 (I)      180 (I) 
           Arrival:=     680          182     
                                              
             Setup:-       4                  
       Uncertainty:-     112                  
     Required Time:=     563                  
      Launch Clock:-     182                  
       Input Delay:-     250                  
         Data Path:-      54                  
             Slack:=      76                  

Exceptions/Constraints:
  input_delay             250             topPPFilter_struct_f_line_18_545_1 

#----------------------------------------------------------------------------------------------------------------------------
#           Timing Point             Flags   Arc   Edge            Cell             Fanout Load Trans Delay Arrival Instance 
#                                                                                          (fF)  (ps)  (ps)   (ps)  Location 
#----------------------------------------------------------------------------------------------------------------------------
  enb_1_8_0                          -       -     R     (arrival)                       1  4.1     7     0     432    (-,-) 
  g89/Y                              -       A->Y  R     BUF_X13M_A9PP140ZTL_C30        12 42.6    13    14     446    (-,-) 
  pp_fir_2_1_1_g64739/Y              -       A->Y  R     BUF_X16M_A9PP140ZTL_C30        15 45.8    11    14     461    (-,-) 
  pp_fir_2_1_1_g64729/Y              -       A->Y  R     BUF_X9M_A9PP140ZTL_C30          6 15.9     8    12     473    (-,-) 
  pp_fir_2_1_1_g60480/Y              -       A->Y  F     NAND2_X4M_A9PP140ZTL_C30        3  5.4    10     6     479    (-,-) 
  pp_fir_2_1_1_g57834__8246/Y        -       B0->Y R     OAI2XB1_X2M_A9PP140ZTL_C30      1  1.8    12     8     487    (-,-) 
  pp_fir_2_1_1_sum2_2_re_1_reg[26]/D -       -     R     DFFRPQ_X3M_A9PP140ZTL_C30       1    -     -     0     487    (-,-) 
#----------------------------------------------------------------------------------------------------------------------------



Path 17: MET (76 ps) Setup Check with Pin pp_fir_2_1_1_sum2_2_re_1_reg[25]/CK->D
           View: view_wcl_fast
          Group: clk
     Startpoint: (R) enb_1_8_0
          Clock: (R) clk
       Endpoint: (R) pp_fir_2_1_1_sum2_2_re_1_reg[25]/D
          Clock: (R) clk

                     Capture       Launch     
        Clock Edge:+     500            0     
        Drv Adjust:+       0            2     
       Src Latency:+       0            0     
       Net Latency:+     180 (I)      180 (I) 
           Arrival:=     680          182     
                                              
             Setup:-       4                  
       Uncertainty:-     112                  
     Required Time:=     563                  
      Launch Clock:-     182                  
       Input Delay:-     250                  
         Data Path:-      54                  
             Slack:=      76                  

Exceptions/Constraints:
  input_delay             250             topPPFilter_struct_f_line_18_545_1 

#----------------------------------------------------------------------------------------------------------------------------
#           Timing Point             Flags   Arc   Edge            Cell             Fanout Load Trans Delay Arrival Instance 
#                                                                                          (fF)  (ps)  (ps)   (ps)  Location 
#----------------------------------------------------------------------------------------------------------------------------
  enb_1_8_0                          -       -     R     (arrival)                       1  4.1     7     0     432    (-,-) 
  g89/Y                              -       A->Y  R     BUF_X13M_A9PP140ZTL_C30        12 42.6    13    14     446    (-,-) 
  pp_fir_2_1_1_g64739/Y              -       A->Y  R     BUF_X16M_A9PP140ZTL_C30        15 45.8    11    14     461    (-,-) 
  pp_fir_2_1_1_g64729/Y              -       A->Y  R     BUF_X9M_A9PP140ZTL_C30          6 15.9     8    12     473    (-,-) 
  pp_fir_2_1_1_g60480/Y              -       A->Y  F     NAND2_X4M_A9PP140ZTL_C30        3  5.4    10     6     479    (-,-) 
  pp_fir_2_1_1_g57833__5122/Y        -       B0->Y R     OAI2XB1_X2M_A9PP140ZTL_C30      1  1.8    12     8     487    (-,-) 
  pp_fir_2_1_1_sum2_2_re_1_reg[25]/D -       -     R     DFFRPQ_X3M_A9PP140ZTL_C30       1    -     -     0     487    (-,-) 
#----------------------------------------------------------------------------------------------------------------------------



Path 18: MET (76 ps) Setup Check with Pin pp_fir_2_1_1_sum2_2_im_1_reg[27]/CK->D
           View: view_wcl_fast
          Group: clk
     Startpoint: (R) enb_1_8_0
          Clock: (R) clk
       Endpoint: (R) pp_fir_2_1_1_sum2_2_im_1_reg[27]/D
          Clock: (R) clk

                     Capture       Launch     
        Clock Edge:+     500            0     
        Drv Adjust:+       0            2     
       Src Latency:+       0            0     
       Net Latency:+     180 (I)      180 (I) 
           Arrival:=     680          182     
                                              
             Setup:-       4                  
       Uncertainty:-     112                  
     Required Time:=     563                  
      Launch Clock:-     182                  
       Input Delay:-     250                  
         Data Path:-      54                  
             Slack:=      76                  

Exceptions/Constraints:
  input_delay             250             topPPFilter_struct_f_line_18_545_1 

#----------------------------------------------------------------------------------------------------------------------------
#           Timing Point             Flags   Arc   Edge            Cell             Fanout Load Trans Delay Arrival Instance 
#                                                                                          (fF)  (ps)  (ps)   (ps)  Location 
#----------------------------------------------------------------------------------------------------------------------------
  enb_1_8_0                          -       -     R     (arrival)                       1  4.1     7     0     432    (-,-) 
  g89/Y                              -       A->Y  R     BUF_X13M_A9PP140ZTL_C30        12 42.6    13    14     446    (-,-) 
  pp_fir_2_1_1_g64739/Y              -       A->Y  R     BUF_X16M_A9PP140ZTL_C30        15 45.8    11    14     461    (-,-) 
  pp_fir_2_1_1_g64729/Y              -       A->Y  R     BUF_X9M_A9PP140ZTL_C30          6 15.9     8    12     473    (-,-) 
  pp_fir_2_1_1_g60477/Y              -       A->Y  F     NAND2_X4M_A9PP140ZTL_C30        3  5.4    10     6     479    (-,-) 
  pp_fir_2_1_1_g57832__1705/Y        -       B0->Y R     OAI2XB1_X2M_A9PP140ZTL_C30      1  1.8    12     8     487    (-,-) 
  pp_fir_2_1_1_sum2_2_im_1_reg[27]/D -       -     R     DFFRPQ_X3M_A9PP140ZTL_C30       1    -     -     0     487    (-,-) 
#----------------------------------------------------------------------------------------------------------------------------



Path 19: MET (76 ps) Setup Check with Pin pp_fir_2_1_1_sum2_2_im_1_reg[26]/CK->D
           View: view_wcl_fast
          Group: clk
     Startpoint: (R) enb_1_8_0
          Clock: (R) clk
       Endpoint: (R) pp_fir_2_1_1_sum2_2_im_1_reg[26]/D
          Clock: (R) clk

                     Capture       Launch     
        Clock Edge:+     500            0     
        Drv Adjust:+       0            2     
       Src Latency:+       0            0     
       Net Latency:+     180 (I)      180 (I) 
           Arrival:=     680          182     
                                              
             Setup:-       4                  
       Uncertainty:-     112                  
     Required Time:=     563                  
      Launch Clock:-     182                  
       Input Delay:-     250                  
         Data Path:-      54                  
             Slack:=      76                  

Exceptions/Constraints:
  input_delay             250             topPPFilter_struct_f_line_18_545_1 

#----------------------------------------------------------------------------------------------------------------------------
#           Timing Point             Flags   Arc   Edge            Cell             Fanout Load Trans Delay Arrival Instance 
#                                                                                          (fF)  (ps)  (ps)   (ps)  Location 
#----------------------------------------------------------------------------------------------------------------------------
  enb_1_8_0                          -       -     R     (arrival)                       1  4.1     7     0     432    (-,-) 
  g89/Y                              -       A->Y  R     BUF_X13M_A9PP140ZTL_C30        12 42.6    13    14     446    (-,-) 
  pp_fir_2_1_1_g64739/Y              -       A->Y  R     BUF_X16M_A9PP140ZTL_C30        15 45.8    11    14     461    (-,-) 
  pp_fir_2_1_1_g64729/Y              -       A->Y  R     BUF_X9M_A9PP140ZTL_C30          6 15.9     8    12     473    (-,-) 
  pp_fir_2_1_1_g60477/Y              -       A->Y  F     NAND2_X4M_A9PP140ZTL_C30        3  5.4    10     6     479    (-,-) 
  pp_fir_2_1_1_g57831__2802/Y        -       B0->Y R     OAI2XB1_X2M_A9PP140ZTL_C30      1  1.8    12     8     487    (-,-) 
  pp_fir_2_1_1_sum2_2_im_1_reg[26]/D -       -     R     DFFRPQ_X3M_A9PP140ZTL_C30       1    -     -     0     487    (-,-) 
#----------------------------------------------------------------------------------------------------------------------------



Path 20: MET (76 ps) Setup Check with Pin pp_fir_2_1_1_sum2_2_im_1_reg[25]/CK->D
           View: view_wcl_fast
          Group: clk
     Startpoint: (R) enb_1_8_0
          Clock: (R) clk
       Endpoint: (R) pp_fir_2_1_1_sum2_2_im_1_reg[25]/D
          Clock: (R) clk

                     Capture       Launch     
        Clock Edge:+     500            0     
        Drv Adjust:+       0            2     
       Src Latency:+       0            0     
       Net Latency:+     180 (I)      180 (I) 
           Arrival:=     680          182     
                                              
             Setup:-       4                  
       Uncertainty:-     112                  
     Required Time:=     563                  
      Launch Clock:-     182                  
       Input Delay:-     250                  
         Data Path:-      54                  
             Slack:=      76                  

Exceptions/Constraints:
  input_delay             250             topPPFilter_struct_f_line_18_545_1 

#----------------------------------------------------------------------------------------------------------------------------
#           Timing Point             Flags   Arc   Edge            Cell             Fanout Load Trans Delay Arrival Instance 
#                                                                                          (fF)  (ps)  (ps)   (ps)  Location 
#----------------------------------------------------------------------------------------------------------------------------
  enb_1_8_0                          -       -     R     (arrival)                       1  4.1     7     0     432    (-,-) 
  g89/Y                              -       A->Y  R     BUF_X13M_A9PP140ZTL_C30        12 42.6    13    14     446    (-,-) 
  pp_fir_2_1_1_g64739/Y              -       A->Y  R     BUF_X16M_A9PP140ZTL_C30        15 45.8    11    14     461    (-,-) 
  pp_fir_2_1_1_g64729/Y              -       A->Y  R     BUF_X9M_A9PP140ZTL_C30          6 15.9     8    12     473    (-,-) 
  pp_fir_2_1_1_g60477/Y              -       A->Y  F     NAND2_X4M_A9PP140ZTL_C30        3  5.4    10     6     479    (-,-) 
  pp_fir_2_1_1_g59152/Y              -       B0->Y R     OAI2XB1_X2M_A9PP140ZTL_C30      1  1.8    12     8     487    (-,-) 
  pp_fir_2_1_1_sum2_2_im_1_reg[25]/D -       -     R     DFFRPQ_X3M_A9PP140ZTL_C30       1    -     -     0     487    (-,-) 
#----------------------------------------------------------------------------------------------------------------------------



Path 21: MET (77 ps) Setup Check with Pin pp_fir_2_1_1_sum2_3_re_1_reg[29]/CK->D
           View: view_wcl_fast
          Group: clk
     Startpoint: (F) enb_1_8_0
          Clock: (R) clk
       Endpoint: (R) pp_fir_2_1_1_sum2_3_re_1_reg[29]/D
          Clock: (R) clk

                     Capture       Launch     
        Clock Edge:+     500            0     
        Drv Adjust:+       0            3     
       Src Latency:+       0            0     
       Net Latency:+     180 (I)      180 (I) 
           Arrival:=     680          183     
                                              
             Setup:-       4                  
       Uncertainty:-     112                  
     Required Time:=     563                  
      Launch Clock:-     183                  
       Input Delay:-     250                  
         Data Path:-      54                  
             Slack:=      77                  

Exceptions/Constraints:
  input_delay             250             topPPFilter_struct_f_line_18_545_1 

#----------------------------------------------------------------------------------------------------------------------------
#           Timing Point             Flags   Arc   Edge            Cell             Fanout Load Trans Delay Arrival Instance 
#                                                                                          (fF)  (ps)  (ps)   (ps)  Location 
#----------------------------------------------------------------------------------------------------------------------------
  enb_1_8_0                          -       -     F     (arrival)                       1  4.1     7     0     433    (-,-) 
  g89/Y                              -       A->Y  F     BUF_X13M_A9PP140ZTL_C30        12 42.5    12    14     447    (-,-) 
  pp_fir_2_1_1_g64747/Y              -       A->Y  F     BUF_X9M_A9PP140ZTL_C30          4 17.3     8    13     460    (-,-) 
  pp_fir_2_1_1_g64746/Y              -       A->Y  R     INV_X6M_A9PP140ZTL_C30          3 17.0    11     8     468    (-,-) 
  pp_fir_2_1_1_g64743/Y              -       A->Y  F     INV_X13M_A9PP140ZTL_C30        26 48.3    13     9     478    (-,-) 
  pp_fir_2_1_1_g57841__6161/Y        -       A0->Y R     OAI2XB1_X2M_A9PP140ZTL_C30      1  1.8    12     9     487    (-,-) 
  pp_fir_2_1_1_sum2_3_re_1_reg[29]/D -       -     R     DFFRPQ_X3M_A9PP140ZTL_C30       1    -     -     0     487    (-,-) 
#----------------------------------------------------------------------------------------------------------------------------



Path 22: MET (77 ps) Setup Check with Pin pp_fir_2_1_1_sum2_3_re_1_reg[28]/CK->D
           View: view_wcl_fast
          Group: clk
     Startpoint: (F) enb_1_8_0
          Clock: (R) clk
       Endpoint: (R) pp_fir_2_1_1_sum2_3_re_1_reg[28]/D
          Clock: (R) clk

                     Capture       Launch     
        Clock Edge:+     500            0     
        Drv Adjust:+       0            3     
       Src Latency:+       0            0     
       Net Latency:+     180 (I)      180 (I) 
           Arrival:=     680          183     
                                              
             Setup:-       4                  
       Uncertainty:-     112                  
     Required Time:=     563                  
      Launch Clock:-     183                  
       Input Delay:-     250                  
         Data Path:-      54                  
             Slack:=      77                  

Exceptions/Constraints:
  input_delay             250             topPPFilter_struct_f_line_18_545_1 

#----------------------------------------------------------------------------------------------------------------------------
#           Timing Point             Flags   Arc   Edge            Cell             Fanout Load Trans Delay Arrival Instance 
#                                                                                          (fF)  (ps)  (ps)   (ps)  Location 
#----------------------------------------------------------------------------------------------------------------------------
  enb_1_8_0                          -       -     F     (arrival)                       1  4.1     7     0     433    (-,-) 
  g89/Y                              -       A->Y  F     BUF_X13M_A9PP140ZTL_C30        12 42.5    12    14     447    (-,-) 
  pp_fir_2_1_1_g64747/Y              -       A->Y  F     BUF_X9M_A9PP140ZTL_C30          4 17.3     8    13     460    (-,-) 
  pp_fir_2_1_1_g64746/Y              -       A->Y  R     INV_X6M_A9PP140ZTL_C30          3 17.0    11     8     468    (-,-) 
  pp_fir_2_1_1_g64743/Y              -       A->Y  F     INV_X13M_A9PP140ZTL_C30        26 48.3    13     9     478    (-,-) 
  pp_fir_2_1_1_g57840__4733/Y        -       A0->Y R     OAI2XB1_X2M_A9PP140ZTL_C30      1  1.8    12     9     487    (-,-) 
  pp_fir_2_1_1_sum2_3_re_1_reg[28]/D -       -     R     DFFRPQ_X3M_A9PP140ZTL_C30       1    -     -     0     487    (-,-) 
#----------------------------------------------------------------------------------------------------------------------------



Path 23: MET (77 ps) Setup Check with Pin pp_fir_2_1_1_sum2_3_re_1_reg[27]/CK->D
           View: view_wcl_fast
          Group: clk
     Startpoint: (F) enb_1_8_0
          Clock: (R) clk
       Endpoint: (R) pp_fir_2_1_1_sum2_3_re_1_reg[27]/D
          Clock: (R) clk

                     Capture       Launch     
        Clock Edge:+     500            0     
        Drv Adjust:+       0            3     
       Src Latency:+       0            0     
       Net Latency:+     180 (I)      180 (I) 
           Arrival:=     680          183     
                                              
             Setup:-       4                  
       Uncertainty:-     112                  
     Required Time:=     563                  
      Launch Clock:-     183                  
       Input Delay:-     250                  
         Data Path:-      54                  
             Slack:=      77                  

Exceptions/Constraints:
  input_delay             250             topPPFilter_struct_f_line_18_545_1 

#----------------------------------------------------------------------------------------------------------------------------
#           Timing Point             Flags   Arc   Edge            Cell             Fanout Load Trans Delay Arrival Instance 
#                                                                                          (fF)  (ps)  (ps)   (ps)  Location 
#----------------------------------------------------------------------------------------------------------------------------
  enb_1_8_0                          -       -     F     (arrival)                       1  4.1     7     0     433    (-,-) 
  g89/Y                              -       A->Y  F     BUF_X13M_A9PP140ZTL_C30        12 42.5    12    14     447    (-,-) 
  pp_fir_2_1_1_g64747/Y              -       A->Y  F     BUF_X9M_A9PP140ZTL_C30          4 17.3     8    13     460    (-,-) 
  pp_fir_2_1_1_g64746/Y              -       A->Y  R     INV_X6M_A9PP140ZTL_C30          3 17.0    11     8     468    (-,-) 
  pp_fir_2_1_1_g64743/Y              -       A->Y  F     INV_X13M_A9PP140ZTL_C30        26 48.3    13     9     478    (-,-) 
  pp_fir_2_1_1_g57839__7482/Y        -       A0->Y R     OAI2XB1_X2M_A9PP140ZTL_C30      1  1.8    12     9     487    (-,-) 
  pp_fir_2_1_1_sum2_3_re_1_reg[27]/D -       -     R     DFFRPQ_X3M_A9PP140ZTL_C30       1    -     -     0     487    (-,-) 
#----------------------------------------------------------------------------------------------------------------------------



Path 24: MET (77 ps) Setup Check with Pin pp_fir_2_1_1_sum2_3_im_1_reg[29]/CK->D
           View: view_wcl_fast
          Group: clk
     Startpoint: (F) enb_1_8_0
          Clock: (R) clk
       Endpoint: (R) pp_fir_2_1_1_sum2_3_im_1_reg[29]/D
          Clock: (R) clk

                     Capture       Launch     
        Clock Edge:+     500            0     
        Drv Adjust:+       0            3     
       Src Latency:+       0            0     
       Net Latency:+     180 (I)      180 (I) 
           Arrival:=     680          183     
                                              
             Setup:-       4                  
       Uncertainty:-     112                  
     Required Time:=     563                  
      Launch Clock:-     183                  
       Input Delay:-     250                  
         Data Path:-      54                  
             Slack:=      77                  

Exceptions/Constraints:
  input_delay             250             topPPFilter_struct_f_line_18_545_1 

#----------------------------------------------------------------------------------------------------------------------------
#           Timing Point             Flags   Arc   Edge            Cell             Fanout Load Trans Delay Arrival Instance 
#                                                                                          (fF)  (ps)  (ps)   (ps)  Location 
#----------------------------------------------------------------------------------------------------------------------------
  enb_1_8_0                          -       -     F     (arrival)                       1  4.1     7     0     433    (-,-) 
  g89/Y                              -       A->Y  F     BUF_X13M_A9PP140ZTL_C30        12 42.5    12    14     447    (-,-) 
  pp_fir_2_1_1_g64747/Y              -       A->Y  F     BUF_X9M_A9PP140ZTL_C30          4 17.3     8    13     460    (-,-) 
  pp_fir_2_1_1_g64746/Y              -       A->Y  R     INV_X6M_A9PP140ZTL_C30          3 17.0    11     8     468    (-,-) 
  pp_fir_2_1_1_g64743/Y              -       A->Y  F     INV_X13M_A9PP140ZTL_C30        26 48.3    13     9     478    (-,-) 
  pp_fir_2_1_1_g57838__5115/Y        -       A0->Y R     OAI2XB1_X2M_A9PP140ZTL_C30      1  1.8    12     9     487    (-,-) 
  pp_fir_2_1_1_sum2_3_im_1_reg[29]/D -       -     R     DFFRPQ_X3M_A9PP140ZTL_C30       1    -     -     0     487    (-,-) 
#----------------------------------------------------------------------------------------------------------------------------



Path 25: MET (77 ps) Setup Check with Pin pp_fir_2_1_1_sum2_3_im_1_reg[28]/CK->D
           View: view_wcl_fast
          Group: clk
     Startpoint: (F) enb_1_8_0
          Clock: (R) clk
       Endpoint: (R) pp_fir_2_1_1_sum2_3_im_1_reg[28]/D
          Clock: (R) clk

                     Capture       Launch     
        Clock Edge:+     500            0     
        Drv Adjust:+       0            3     
       Src Latency:+       0            0     
       Net Latency:+     180 (I)      180 (I) 
           Arrival:=     680          183     
                                              
             Setup:-       4                  
       Uncertainty:-     112                  
     Required Time:=     563                  
      Launch Clock:-     183                  
       Input Delay:-     250                  
         Data Path:-      54                  
             Slack:=      77                  

Exceptions/Constraints:
  input_delay             250             topPPFilter_struct_f_line_18_545_1 

#----------------------------------------------------------------------------------------------------------------------------
#           Timing Point             Flags   Arc   Edge            Cell             Fanout Load Trans Delay Arrival Instance 
#                                                                                          (fF)  (ps)  (ps)   (ps)  Location 
#----------------------------------------------------------------------------------------------------------------------------
  enb_1_8_0                          -       -     F     (arrival)                       1  4.1     7     0     433    (-,-) 
  g89/Y                              -       A->Y  F     BUF_X13M_A9PP140ZTL_C30        12 42.5    12    14     447    (-,-) 
  pp_fir_2_1_1_g64747/Y              -       A->Y  F     BUF_X9M_A9PP140ZTL_C30          4 17.3     8    13     460    (-,-) 
  pp_fir_2_1_1_g64746/Y              -       A->Y  R     INV_X6M_A9PP140ZTL_C30          3 17.0    11     8     468    (-,-) 
  pp_fir_2_1_1_g64743/Y              -       A->Y  F     INV_X13M_A9PP140ZTL_C30        26 48.3    13     9     478    (-,-) 
  pp_fir_2_1_1_g57837__1881/Y        -       A0->Y R     OAI2XB1_X2M_A9PP140ZTL_C30      1  1.8    12     9     487    (-,-) 
  pp_fir_2_1_1_sum2_3_im_1_reg[28]/D -       -     R     DFFRPQ_X3M_A9PP140ZTL_C30       1    -     -     0     487    (-,-) 
#----------------------------------------------------------------------------------------------------------------------------



Path 26: MET (77 ps) Setup Check with Pin pp_fir_2_1_1_sum2_3_im_1_reg[27]/CK->D
           View: view_wcl_fast
          Group: clk
     Startpoint: (F) enb_1_8_0
          Clock: (R) clk
       Endpoint: (R) pp_fir_2_1_1_sum2_3_im_1_reg[27]/D
          Clock: (R) clk

                     Capture       Launch     
        Clock Edge:+     500            0     
        Drv Adjust:+       0            3     
       Src Latency:+       0            0     
       Net Latency:+     180 (I)      180 (I) 
           Arrival:=     680          183     
                                              
             Setup:-       4                  
       Uncertainty:-     112                  
     Required Time:=     563                  
      Launch Clock:-     183                  
       Input Delay:-     250                  
         Data Path:-      54                  
             Slack:=      77                  

Exceptions/Constraints:
  input_delay             250             topPPFilter_struct_f_line_18_545_1 

#----------------------------------------------------------------------------------------------------------------------------
#           Timing Point             Flags   Arc   Edge            Cell             Fanout Load Trans Delay Arrival Instance 
#                                                                                          (fF)  (ps)  (ps)   (ps)  Location 
#----------------------------------------------------------------------------------------------------------------------------
  enb_1_8_0                          -       -     F     (arrival)                       1  4.1     7     0     433    (-,-) 
  g89/Y                              -       A->Y  F     BUF_X13M_A9PP140ZTL_C30        12 42.5    12    14     447    (-,-) 
  pp_fir_2_1_1_g64747/Y              -       A->Y  F     BUF_X9M_A9PP140ZTL_C30          4 17.3     8    13     460    (-,-) 
  pp_fir_2_1_1_g64746/Y              -       A->Y  R     INV_X6M_A9PP140ZTL_C30          3 17.0    11     8     468    (-,-) 
  pp_fir_2_1_1_g64743/Y              -       A->Y  F     INV_X13M_A9PP140ZTL_C30        26 48.3    13     9     478    (-,-) 
  pp_fir_2_1_1_g57836__6131/Y        -       A0->Y R     OAI2XB1_X2M_A9PP140ZTL_C30      1  1.8    12     9     487    (-,-) 
  pp_fir_2_1_1_sum2_3_im_1_reg[27]/D -       -     R     DFFRPQ_X3M_A9PP140ZTL_C30       1    -     -     0     487    (-,-) 
#----------------------------------------------------------------------------------------------------------------------------



Path 27: MET (77 ps) Setup Check with Pin pp_fir_2_1_1_sum4_2_im_1_reg[11]/CK->D
           View: view_wcl_fast
          Group: clk
     Startpoint: (R) enb_1_8_0
          Clock: (R) clk
       Endpoint: (R) pp_fir_2_1_1_sum4_2_im_1_reg[11]/D
          Clock: (R) clk

                     Capture       Launch     
        Clock Edge:+     500            0     
        Drv Adjust:+       0            2     
       Src Latency:+       0            0     
       Net Latency:+     180 (I)      180 (I) 
           Arrival:=     680          182     
                                              
             Setup:-       4                  
       Uncertainty:-     112                  
     Required Time:=     563                  
      Launch Clock:-     182                  
       Input Delay:-     250                  
         Data Path:-      54                  
             Slack:=      77                  

Exceptions/Constraints:
  input_delay             250             topPPFilter_struct_f_line_18_545_1 

#----------------------------------------------------------------------------------------------------------------------------
#           Timing Point             Flags   Arc   Edge            Cell             Fanout Load Trans Delay Arrival Instance 
#                                                                                          (fF)  (ps)  (ps)   (ps)  Location 
#----------------------------------------------------------------------------------------------------------------------------
  enb_1_8_0                          -       -     R     (arrival)                       1  4.1     7     0     432    (-,-) 
  g89/Y                              -       A->Y  R     BUF_X13M_A9PP140ZTL_C30        12 42.6    13    14     446    (-,-) 
  pp_fir_2_1_1_g64869/Y              -       A->Y  R     BUF_X13M_A9PP140ZTL_C30         8 34.3    11    14     460    (-,-) 
  pp_fir_2_1_1_g64863/Y              -       A->Y  R     BUF_X16M_A9PP140ZTL_C30        32 61.5    14    16     476    (-,-) 
  pp_fir_2_1_1_g60167/Y              -       S0->Y R     MXIT2_X1P4M_A9PP140ZTL_C30      1  1.8    12    10     486    (-,-) 
  pp_fir_2_1_1_sum4_2_im_1_reg[11]/D -       -     R     DFFRPQ_X3M_A9PP140ZTL_C30       1    -     -     0     486    (-,-) 
#----------------------------------------------------------------------------------------------------------------------------



Path 28: MET (77 ps) Setup Check with Pin pp_fir_2_1_1_sum3_4_re_1_reg[17]/CK->D
           View: view_wcl_fast
          Group: clk
     Startpoint: (R) enb_1_8_0
          Clock: (R) clk
       Endpoint: (R) pp_fir_2_1_1_sum3_4_re_1_reg[17]/D
          Clock: (R) clk

                     Capture       Launch     
        Clock Edge:+     500            0     
        Drv Adjust:+       0            2     
       Src Latency:+       0            0     
       Net Latency:+     180 (I)      180 (I) 
           Arrival:=     680          182     
                                              
             Setup:-       4                  
       Uncertainty:-     112                  
     Required Time:=     563                  
      Launch Clock:-     182                  
       Input Delay:-     250                  
         Data Path:-      54                  
             Slack:=      77                  

Exceptions/Constraints:
  input_delay             250             topPPFilter_struct_f_line_18_545_1 

#----------------------------------------------------------------------------------------------------------------------------
#           Timing Point             Flags   Arc   Edge            Cell             Fanout Load Trans Delay Arrival Instance 
#                                                                                          (fF)  (ps)  (ps)   (ps)  Location 
#----------------------------------------------------------------------------------------------------------------------------
  enb_1_8_0                          -       -     R     (arrival)                       1  4.1     7     0     432    (-,-) 
  g89/Y                              -       A->Y  R     BUF_X13M_A9PP140ZTL_C30        12 42.6    13    14     446    (-,-) 
  pp_fir_2_1_1_g64790/Y              -       A->Y  R     BUF_X13M_A9PP140ZTL_C30         8 34.3    11    14     460    (-,-) 
  pp_fir_2_1_1_g64784/Y              -       A->Y  R     BUF_X16M_A9PP140ZTL_C30        32 61.5    14    16     476    (-,-) 
  pp_fir_2_1_1_g60055/Y              -       S0->Y R     MXIT2_X1P4M_A9PP140ZTL_C30      1  1.8    12    10     486    (-,-) 
  pp_fir_2_1_1_sum3_4_re_1_reg[17]/D -       -     R     DFFRPQ_X3M_A9PP140ZTL_C30       1    -     -     0     486    (-,-) 
#----------------------------------------------------------------------------------------------------------------------------



Path 29: MET (77 ps) Setup Check with Pin pp_fir_2_1_1_sum3_2_im_1_reg[0]/CK->D
           View: view_wcl_fast
          Group: clk
     Startpoint: (R) enb_1_8_0
          Clock: (R) clk
       Endpoint: (R) pp_fir_2_1_1_sum3_2_im_1_reg[0]/D
          Clock: (R) clk

                     Capture       Launch     
        Clock Edge:+     500            0     
        Drv Adjust:+       0            2     
       Src Latency:+       0            0     
       Net Latency:+     180 (I)      180 (I) 
           Arrival:=     680          182     
                                              
             Setup:-       4                  
       Uncertainty:-     112                  
     Required Time:=     563                  
      Launch Clock:-     182                  
       Input Delay:-     250                  
         Data Path:-      54                  
             Slack:=      77                  

Exceptions/Constraints:
  input_delay             250             topPPFilter_struct_f_line_18_545_1 

#---------------------------------------------------------------------------------------------------------------------------
#           Timing Point            Flags   Arc   Edge            Cell             Fanout Load Trans Delay Arrival Instance 
#                                                                                         (fF)  (ps)  (ps)   (ps)  Location 
#---------------------------------------------------------------------------------------------------------------------------
  enb_1_8_0                         -       -     R     (arrival)                       1  4.1     7     0     432    (-,-) 
  g89/Y                             -       A->Y  R     BUF_X13M_A9PP140ZTL_C30        12 42.6    13    14     446    (-,-) 
  pp_fir_2_1_1_g64869/Y             -       A->Y  R     BUF_X13M_A9PP140ZTL_C30         8 34.3    11    14     460    (-,-) 
  pp_fir_2_1_1_g64865/Y             -       A->Y  R     BUF_X16M_A9PP140ZTL_C30        32 61.5    14    16     476    (-,-) 
  pp_fir_2_1_1_g59831/Y             -       S0->Y R     MXIT2_X1P4M_A9PP140ZTL_C30      1  1.8    12    10     486    (-,-) 
  pp_fir_2_1_1_sum3_2_im_1_reg[0]/D -       -     R     DFFRPQ_X3M_A9PP140ZTL_C30       1    -     -     0     486    (-,-) 
#---------------------------------------------------------------------------------------------------------------------------



Path 30: MET (77 ps) Setup Check with Pin pp_fir_2_1_1_sum3_1_re_1_reg[27]/CK->D
           View: view_wcl_fast
          Group: clk
     Startpoint: (R) enb_1_8_0
          Clock: (R) clk
       Endpoint: (R) pp_fir_2_1_1_sum3_1_re_1_reg[27]/D
          Clock: (R) clk

                     Capture       Launch     
        Clock Edge:+     500            0     
        Drv Adjust:+       0            2     
       Src Latency:+       0            0     
       Net Latency:+     180 (I)      180 (I) 
           Arrival:=     680          182     
                                              
             Setup:-       4                  
       Uncertainty:-     112                  
     Required Time:=     563                  
      Launch Clock:-     182                  
       Input Delay:-     250                  
         Data Path:-      54                  
             Slack:=      77                  

Exceptions/Constraints:
  input_delay             250             topPPFilter_struct_f_line_18_545_1 

#----------------------------------------------------------------------------------------------------------------------------
#           Timing Point             Flags   Arc   Edge            Cell             Fanout Load Trans Delay Arrival Instance 
#                                                                                          (fF)  (ps)  (ps)   (ps)  Location 
#----------------------------------------------------------------------------------------------------------------------------
  enb_1_8_0                          -       -     R     (arrival)                       1  4.1     7     0     432    (-,-) 
  g89/Y                              -       A->Y  R     BUF_X13M_A9PP140ZTL_C30        12 42.6    13    14     446    (-,-) 
  pp_fir_2_1_1_g64799/Y              -       A->Y  R     BUF_X13M_A9PP140ZTL_C30         8 34.3    11    14     460    (-,-) 
  pp_fir_2_1_1_g64791/Y              -       A->Y  R     BUF_X16M_A9PP140ZTL_C30        32 61.5    14    16     476    (-,-) 
  pp_fir_2_1_1_g59829/Y              -       S0->Y R     MXIT2_X1P4M_A9PP140ZTL_C30      1  1.8    12    10     486    (-,-) 
  pp_fir_2_1_1_sum3_1_re_1_reg[27]/D -       -     R     DFFRPQ_X3M_A9PP140ZTL_C30       1    -     -     0     486    (-,-) 
#----------------------------------------------------------------------------------------------------------------------------



Path 31: MET (77 ps) Setup Check with Pin pp_fir_2_1_1_sum3_1_re_1_reg[26]/CK->D
           View: view_wcl_fast
          Group: clk
     Startpoint: (R) enb_1_8_0
          Clock: (R) clk
       Endpoint: (R) pp_fir_2_1_1_sum3_1_re_1_reg[26]/D
          Clock: (R) clk

                     Capture       Launch     
        Clock Edge:+     500            0     
        Drv Adjust:+       0            2     
       Src Latency:+       0            0     
       Net Latency:+     180 (I)      180 (I) 
           Arrival:=     680          182     
                                              
             Setup:-       4                  
       Uncertainty:-     112                  
     Required Time:=     563                  
      Launch Clock:-     182                  
       Input Delay:-     250                  
         Data Path:-      54                  
             Slack:=      77                  

Exceptions/Constraints:
  input_delay             250             topPPFilter_struct_f_line_18_545_1 

#----------------------------------------------------------------------------------------------------------------------------
#           Timing Point             Flags   Arc   Edge            Cell             Fanout Load Trans Delay Arrival Instance 
#                                                                                          (fF)  (ps)  (ps)   (ps)  Location 
#----------------------------------------------------------------------------------------------------------------------------
  enb_1_8_0                          -       -     R     (arrival)                       1  4.1     7     0     432    (-,-) 
  g89/Y                              -       A->Y  R     BUF_X13M_A9PP140ZTL_C30        12 42.6    13    14     446    (-,-) 
  pp_fir_2_1_1_g64799/Y              -       A->Y  R     BUF_X13M_A9PP140ZTL_C30         8 34.3    11    14     460    (-,-) 
  pp_fir_2_1_1_g64795/Y              -       A->Y  R     BUF_X16M_A9PP140ZTL_C30        32 61.5    14    16     476    (-,-) 
  pp_fir_2_1_1_g59827/Y              -       S0->Y R     MXIT2_X1P4M_A9PP140ZTL_C30      1  1.8    12    10     486    (-,-) 
  pp_fir_2_1_1_sum3_1_re_1_reg[26]/D -       -     R     DFFRPQ_X3M_A9PP140ZTL_C30       1    -     -     0     486    (-,-) 
#----------------------------------------------------------------------------------------------------------------------------



Path 32: MET (77 ps) Setup Check with Pin pp_fir_2_1_1_sum2_4_im_1_reg[10]/CK->D
           View: view_wcl_fast
          Group: clk
     Startpoint: (R) enb_1_8_0
          Clock: (R) clk
       Endpoint: (R) pp_fir_2_1_1_sum2_4_im_1_reg[10]/D
          Clock: (R) clk

                     Capture       Launch     
        Clock Edge:+     500            0     
        Drv Adjust:+       0            2     
       Src Latency:+       0            0     
       Net Latency:+     180 (I)      180 (I) 
           Arrival:=     680          182     
                                              
             Setup:-       4                  
       Uncertainty:-     112                  
     Required Time:=     563                  
      Launch Clock:-     182                  
       Input Delay:-     250                  
         Data Path:-      54                  
             Slack:=      77                  

Exceptions/Constraints:
  input_delay             250             topPPFilter_struct_f_line_18_545_1 

#----------------------------------------------------------------------------------------------------------------------------
#           Timing Point             Flags   Arc   Edge            Cell             Fanout Load Trans Delay Arrival Instance 
#                                                                                          (fF)  (ps)  (ps)   (ps)  Location 
#----------------------------------------------------------------------------------------------------------------------------
  enb_1_8_0                          -       -     R     (arrival)                       1  4.1     7     0     432    (-,-) 
  g89/Y                              -       A->Y  R     BUF_X13M_A9PP140ZTL_C30        12 42.6    13    14     446    (-,-) 
  pp_fir_2_1_1_g64860/Y              -       A->Y  R     BUF_X13M_A9PP140ZTL_C30         8 34.3    11    14     460    (-,-) 
  pp_fir_2_1_1_g64857/Y              -       A->Y  R     BUF_X16M_A9PP140ZTL_C30        32 61.5    14    16     476    (-,-) 
  pp_fir_2_1_1_g59344/Y              -       S0->Y R     MXIT2_X1P4M_A9PP140ZTL_C30      1  1.8    12    10     486    (-,-) 
  pp_fir_2_1_1_sum2_4_im_1_reg[10]/D -       -     R     DFFRPQ_X3M_A9PP140ZTL_C30       1    -     -     0     486    (-,-) 
#----------------------------------------------------------------------------------------------------------------------------



Path 33: MET (77 ps) Setup Check with Pin pp_fir_2_1_1_sum2_4_im_1_reg[9]/CK->D
           View: view_wcl_fast
          Group: clk
     Startpoint: (R) enb_1_8_0
          Clock: (R) clk
       Endpoint: (R) pp_fir_2_1_1_sum2_4_im_1_reg[9]/D
          Clock: (R) clk

                     Capture       Launch     
        Clock Edge:+     500            0     
        Drv Adjust:+       0            2     
       Src Latency:+       0            0     
       Net Latency:+     180 (I)      180 (I) 
           Arrival:=     680          182     
                                              
             Setup:-       4                  
       Uncertainty:-     112                  
     Required Time:=     563                  
      Launch Clock:-     182                  
       Input Delay:-     250                  
         Data Path:-      54                  
             Slack:=      77                  

Exceptions/Constraints:
  input_delay             250             topPPFilter_struct_f_line_18_545_1 

#---------------------------------------------------------------------------------------------------------------------------
#           Timing Point            Flags   Arc   Edge            Cell             Fanout Load Trans Delay Arrival Instance 
#                                                                                         (fF)  (ps)  (ps)   (ps)  Location 
#---------------------------------------------------------------------------------------------------------------------------
  enb_1_8_0                         -       -     R     (arrival)                       1  4.1     7     0     432    (-,-) 
  g89/Y                             -       A->Y  R     BUF_X13M_A9PP140ZTL_C30        12 42.6    13    14     446    (-,-) 
  pp_fir_2_1_1_g64808/Y             -       A->Y  R     BUF_X13M_A9PP140ZTL_C30         8 34.3    11    14     460    (-,-) 
  pp_fir_2_1_1_g64801/Y             -       A->Y  R     BUF_X16M_A9PP140ZTL_C30        32 61.5    14    16     476    (-,-) 
  pp_fir_2_1_1_g59342/Y             -       S0->Y R     MXIT2_X1P4M_A9PP140ZTL_C30      1  1.8    12    10     486    (-,-) 
  pp_fir_2_1_1_sum2_4_im_1_reg[9]/D -       -     R     DFFRPQ_X3M_A9PP140ZTL_C30       1    -     -     0     486    (-,-) 
#---------------------------------------------------------------------------------------------------------------------------



Path 34: MET (77 ps) Setup Check with Pin pp_fir_2_1_1_sum2_4_im_1_reg[8]/CK->D
           View: view_wcl_fast
          Group: clk
     Startpoint: (R) enb_1_8_0
          Clock: (R) clk
       Endpoint: (R) pp_fir_2_1_1_sum2_4_im_1_reg[8]/D
          Clock: (R) clk

                     Capture       Launch     
        Clock Edge:+     500            0     
        Drv Adjust:+       0            2     
       Src Latency:+       0            0     
       Net Latency:+     180 (I)      180 (I) 
           Arrival:=     680          182     
                                              
             Setup:-       4                  
       Uncertainty:-     112                  
     Required Time:=     563                  
      Launch Clock:-     182                  
       Input Delay:-     250                  
         Data Path:-      54                  
             Slack:=      77                  

Exceptions/Constraints:
  input_delay             250             topPPFilter_struct_f_line_18_545_1 

#---------------------------------------------------------------------------------------------------------------------------
#           Timing Point            Flags   Arc   Edge            Cell             Fanout Load Trans Delay Arrival Instance 
#                                                                                         (fF)  (ps)  (ps)   (ps)  Location 
#---------------------------------------------------------------------------------------------------------------------------
  enb_1_8_0                         -       -     R     (arrival)                       1  4.1     7     0     432    (-,-) 
  g89/Y                             -       A->Y  R     BUF_X13M_A9PP140ZTL_C30        12 42.6    13    14     446    (-,-) 
  pp_fir_2_1_1_g64817/Y             -       A->Y  R     BUF_X13M_A9PP140ZTL_C30         8 34.3    11    14     460    (-,-) 
  pp_fir_2_1_1_g64816/Y             -       A->Y  R     BUF_X16M_A9PP140ZTL_C30        32 61.5    14    16     476    (-,-) 
  pp_fir_2_1_1_g59341/Y             -       S0->Y R     MXIT2_X1P4M_A9PP140ZTL_C30      1  1.8    12    10     486    (-,-) 
  pp_fir_2_1_1_sum2_4_im_1_reg[8]/D -       -     R     DFFRPQ_X3M_A9PP140ZTL_C30       1    -     -     0     486    (-,-) 
#---------------------------------------------------------------------------------------------------------------------------



Path 35: MET (77 ps) Setup Check with Pin pp_fir_2_1_1_sum2_4_im_1_reg[7]/CK->D
           View: view_wcl_fast
          Group: clk
     Startpoint: (R) enb_1_8_0
          Clock: (R) clk
       Endpoint: (R) pp_fir_2_1_1_sum2_4_im_1_reg[7]/D
          Clock: (R) clk

                     Capture       Launch     
        Clock Edge:+     500            0     
        Drv Adjust:+       0            2     
       Src Latency:+       0            0     
       Net Latency:+     180 (I)      180 (I) 
           Arrival:=     680          182     
                                              
             Setup:-       4                  
       Uncertainty:-     112                  
     Required Time:=     563                  
      Launch Clock:-     182                  
       Input Delay:-     250                  
         Data Path:-      54                  
             Slack:=      77                  

Exceptions/Constraints:
  input_delay             250             topPPFilter_struct_f_line_18_545_1 

#---------------------------------------------------------------------------------------------------------------------------
#           Timing Point            Flags   Arc   Edge            Cell             Fanout Load Trans Delay Arrival Instance 
#                                                                                         (fF)  (ps)  (ps)   (ps)  Location 
#---------------------------------------------------------------------------------------------------------------------------
  enb_1_8_0                         -       -     R     (arrival)                       1  4.1     7     0     432    (-,-) 
  g89/Y                             -       A->Y  R     BUF_X13M_A9PP140ZTL_C30        12 42.6    13    14     446    (-,-) 
  pp_fir_2_1_1_g64790/Y             -       A->Y  R     BUF_X13M_A9PP140ZTL_C30         8 34.3    11    14     460    (-,-) 
  pp_fir_2_1_1_g64788/Y             -       A->Y  R     BUF_X16M_A9PP140ZTL_C30        32 61.5    14    16     476    (-,-) 
  pp_fir_2_1_1_g59340/Y             -       S0->Y R     MXIT2_X1P4M_A9PP140ZTL_C30      1  1.8    12    10     486    (-,-) 
  pp_fir_2_1_1_sum2_4_im_1_reg[7]/D -       -     R     DFFRPQ_X3M_A9PP140ZTL_C30       1    -     -     0     486    (-,-) 
#---------------------------------------------------------------------------------------------------------------------------



Path 36: MET (77 ps) Setup Check with Pin pp_fir_2_1_1_sum2_4_im_1_reg[6]/CK->D
           View: view_wcl_fast
          Group: clk
     Startpoint: (R) enb_1_8_0
          Clock: (R) clk
       Endpoint: (R) pp_fir_2_1_1_sum2_4_im_1_reg[6]/D
          Clock: (R) clk

                     Capture       Launch     
        Clock Edge:+     500            0     
        Drv Adjust:+       0            2     
       Src Latency:+       0            0     
       Net Latency:+     180 (I)      180 (I) 
           Arrival:=     680          182     
                                              
             Setup:-       4                  
       Uncertainty:-     112                  
     Required Time:=     563                  
      Launch Clock:-     182                  
       Input Delay:-     250                  
         Data Path:-      54                  
             Slack:=      77                  

Exceptions/Constraints:
  input_delay             250             topPPFilter_struct_f_line_18_545_1 

#---------------------------------------------------------------------------------------------------------------------------
#           Timing Point            Flags   Arc   Edge            Cell             Fanout Load Trans Delay Arrival Instance 
#                                                                                         (fF)  (ps)  (ps)   (ps)  Location 
#---------------------------------------------------------------------------------------------------------------------------
  enb_1_8_0                         -       -     R     (arrival)                       1  4.1     7     0     432    (-,-) 
  g89/Y                             -       A->Y  R     BUF_X13M_A9PP140ZTL_C30        12 42.6    13    14     446    (-,-) 
  pp_fir_2_1_1_g64799/Y             -       A->Y  R     BUF_X13M_A9PP140ZTL_C30         8 34.3    11    14     460    (-,-) 
  pp_fir_2_1_1_g64797/Y             -       A->Y  R     BUF_X16M_A9PP140ZTL_C30        32 61.5    14    16     476    (-,-) 
  pp_fir_2_1_1_g59338/Y             -       S0->Y R     MXIT2_X1P4M_A9PP140ZTL_C30      1  1.8    12    10     486    (-,-) 
  pp_fir_2_1_1_sum2_4_im_1_reg[6]/D -       -     R     DFFRPQ_X3M_A9PP140ZTL_C30       1    -     -     0     486    (-,-) 
#---------------------------------------------------------------------------------------------------------------------------



Path 37: MET (77 ps) Setup Check with Pin pp_fir_2_1_1_sum2_4_im_1_reg[5]/CK->D
           View: view_wcl_fast
          Group: clk
     Startpoint: (R) enb_1_8_0
          Clock: (R) clk
       Endpoint: (R) pp_fir_2_1_1_sum2_4_im_1_reg[5]/D
          Clock: (R) clk

                     Capture       Launch     
        Clock Edge:+     500            0     
        Drv Adjust:+       0            2     
       Src Latency:+       0            0     
       Net Latency:+     180 (I)      180 (I) 
           Arrival:=     680          182     
                                              
             Setup:-       4                  
       Uncertainty:-     112                  
     Required Time:=     563                  
      Launch Clock:-     182                  
       Input Delay:-     250                  
         Data Path:-      54                  
             Slack:=      77                  

Exceptions/Constraints:
  input_delay             250             topPPFilter_struct_f_line_18_545_1 

#---------------------------------------------------------------------------------------------------------------------------
#           Timing Point            Flags   Arc   Edge            Cell             Fanout Load Trans Delay Arrival Instance 
#                                                                                         (fF)  (ps)  (ps)   (ps)  Location 
#---------------------------------------------------------------------------------------------------------------------------
  enb_1_8_0                         -       -     R     (arrival)                       1  4.1     7     0     432    (-,-) 
  g89/Y                             -       A->Y  R     BUF_X13M_A9PP140ZTL_C30        12 42.6    13    14     446    (-,-) 
  pp_fir_2_1_1_g64790/Y             -       A->Y  R     BUF_X13M_A9PP140ZTL_C30         8 34.3    11    14     460    (-,-) 
  pp_fir_2_1_1_g64782/Y             -       A->Y  R     BUF_X16M_A9PP140ZTL_C30        32 61.5    14    16     476    (-,-) 
  pp_fir_2_1_1_g59336/Y             -       S0->Y R     MXIT2_X1P4M_A9PP140ZTL_C30      1  1.8    12    10     486    (-,-) 
  pp_fir_2_1_1_sum2_4_im_1_reg[5]/D -       -     R     DFFRPQ_X3M_A9PP140ZTL_C30       1    -     -     0     486    (-,-) 
#---------------------------------------------------------------------------------------------------------------------------



Path 38: MET (77 ps) Setup Check with Pin pp_fir_2_1_1_sum2_4_im_1_reg[3]/CK->D
           View: view_wcl_fast
          Group: clk
     Startpoint: (R) enb_1_8_0
          Clock: (R) clk
       Endpoint: (R) pp_fir_2_1_1_sum2_4_im_1_reg[3]/D
          Clock: (R) clk

                     Capture       Launch     
        Clock Edge:+     500            0     
        Drv Adjust:+       0            2     
       Src Latency:+       0            0     
       Net Latency:+     180 (I)      180 (I) 
           Arrival:=     680          182     
                                              
             Setup:-       4                  
       Uncertainty:-     112                  
     Required Time:=     563                  
      Launch Clock:-     182                  
       Input Delay:-     250                  
         Data Path:-      54                  
             Slack:=      77                  

Exceptions/Constraints:
  input_delay             250             topPPFilter_struct_f_line_18_545_1 

#---------------------------------------------------------------------------------------------------------------------------
#           Timing Point            Flags   Arc   Edge            Cell             Fanout Load Trans Delay Arrival Instance 
#                                                                                         (fF)  (ps)  (ps)   (ps)  Location 
#---------------------------------------------------------------------------------------------------------------------------
  enb_1_8_0                         -       -     R     (arrival)                       1  4.1     7     0     432    (-,-) 
  g89/Y                             -       A->Y  R     BUF_X13M_A9PP140ZTL_C30        12 42.6    13    14     446    (-,-) 
  pp_fir_2_1_1_g64869/Y             -       A->Y  R     BUF_X13M_A9PP140ZTL_C30         8 34.3    11    14     460    (-,-) 
  pp_fir_2_1_1_g64867/Y             -       A->Y  R     BUF_X16M_A9PP140ZTL_C30        32 61.5    14    16     476    (-,-) 
  pp_fir_2_1_1_g59332/Y             -       S0->Y R     MXIT2_X1P4M_A9PP140ZTL_C30      1  1.8    12    10     486    (-,-) 
  pp_fir_2_1_1_sum2_4_im_1_reg[3]/D -       -     R     DFFRPQ_X3M_A9PP140ZTL_C30       1    -     -     0     486    (-,-) 
#---------------------------------------------------------------------------------------------------------------------------



Path 39: MET (77 ps) Setup Check with Pin pp_fir_2_1_1_sum1_7_im_1_reg[14]/CK->D
           View: view_wcl_fast
          Group: clk
     Startpoint: (R) enb_1_8_0
          Clock: (R) clk
       Endpoint: (R) pp_fir_2_1_1_sum1_7_im_1_reg[14]/D
          Clock: (R) clk

                     Capture       Launch     
        Clock Edge:+     500            0     
        Drv Adjust:+       0            2     
       Src Latency:+       0            0     
       Net Latency:+     180 (I)      180 (I) 
           Arrival:=     680          182     
                                              
             Setup:-       4                  
       Uncertainty:-     112                  
     Required Time:=     563                  
      Launch Clock:-     182                  
       Input Delay:-     250                  
         Data Path:-      54                  
             Slack:=      77                  

Exceptions/Constraints:
  input_delay             250             topPPFilter_struct_f_line_18_545_1 

#----------------------------------------------------------------------------------------------------------------------------
#           Timing Point             Flags   Arc   Edge            Cell             Fanout Load Trans Delay Arrival Instance 
#                                                                                          (fF)  (ps)  (ps)   (ps)  Location 
#----------------------------------------------------------------------------------------------------------------------------
  enb_1_8_0                          -       -     R     (arrival)                       1  4.1     7     0     432    (-,-) 
  g89/Y                              -       A->Y  R     BUF_X13M_A9PP140ZTL_C30        12 42.6    13    14     446    (-,-) 
  pp_fir_2_1_1_g64799/Y              -       A->Y  R     BUF_X13M_A9PP140ZTL_C30         8 34.3    11    14     460    (-,-) 
  pp_fir_2_1_1_g64791/Y              -       A->Y  R     BUF_X16M_A9PP140ZTL_C30        32 61.5    14    16     476    (-,-) 
  pp_fir_2_1_1_g58285/Y              -       S0->Y R     MXIT2_X1P4M_A9PP140ZTL_C30      1  1.8    12    10     486    (-,-) 
  pp_fir_2_1_1_sum1_7_im_1_reg[14]/D -       -     R     DFFRPQ_X3M_A9PP140ZTL_C30       1    -     -     0     486    (-,-) 
#----------------------------------------------------------------------------------------------------------------------------



Path 40: MET (77 ps) Setup Check with Pin pp_fir_2_1_1_sum1_7_im_1_reg[13]/CK->D
           View: view_wcl_fast
          Group: clk
     Startpoint: (R) enb_1_8_0
          Clock: (R) clk
       Endpoint: (R) pp_fir_2_1_1_sum1_7_im_1_reg[13]/D
          Clock: (R) clk

                     Capture       Launch     
        Clock Edge:+     500            0     
        Drv Adjust:+       0            2     
       Src Latency:+       0            0     
       Net Latency:+     180 (I)      180 (I) 
           Arrival:=     680          182     
                                              
             Setup:-       4                  
       Uncertainty:-     112                  
     Required Time:=     563                  
      Launch Clock:-     182                  
       Input Delay:-     250                  
         Data Path:-      54                  
             Slack:=      77                  

Exceptions/Constraints:
  input_delay             250             topPPFilter_struct_f_line_18_545_1 

#----------------------------------------------------------------------------------------------------------------------------
#           Timing Point             Flags   Arc   Edge            Cell             Fanout Load Trans Delay Arrival Instance 
#                                                                                          (fF)  (ps)  (ps)   (ps)  Location 
#----------------------------------------------------------------------------------------------------------------------------
  enb_1_8_0                          -       -     R     (arrival)                       1  4.1     7     0     432    (-,-) 
  g89/Y                              -       A->Y  R     BUF_X13M_A9PP140ZTL_C30        12 42.6    13    14     446    (-,-) 
  pp_fir_2_1_1_g64799/Y              -       A->Y  R     BUF_X13M_A9PP140ZTL_C30         8 34.3    11    14     460    (-,-) 
  pp_fir_2_1_1_g64791/Y              -       A->Y  R     BUF_X16M_A9PP140ZTL_C30        32 61.5    14    16     476    (-,-) 
  pp_fir_2_1_1_g58283/Y              -       S0->Y R     MXIT2_X1P4M_A9PP140ZTL_C30      1  1.8    12    10     486    (-,-) 
  pp_fir_2_1_1_sum1_7_im_1_reg[13]/D -       -     R     DFFRPQ_X3M_A9PP140ZTL_C30       1    -     -     0     486    (-,-) 
#----------------------------------------------------------------------------------------------------------------------------



Path 41: MET (77 ps) Setup Check with Pin pp_fir_2_1_1_sum1_7_im_1_reg[12]/CK->D
           View: view_wcl_fast
          Group: clk
     Startpoint: (R) enb_1_8_0
          Clock: (R) clk
       Endpoint: (R) pp_fir_2_1_1_sum1_7_im_1_reg[12]/D
          Clock: (R) clk

                     Capture       Launch     
        Clock Edge:+     500            0     
        Drv Adjust:+       0            2     
       Src Latency:+       0            0     
       Net Latency:+     180 (I)      180 (I) 
           Arrival:=     680          182     
                                              
             Setup:-       4                  
       Uncertainty:-     112                  
     Required Time:=     563                  
      Launch Clock:-     182                  
       Input Delay:-     250                  
         Data Path:-      54                  
             Slack:=      77                  

Exceptions/Constraints:
  input_delay             250             topPPFilter_struct_f_line_18_545_1 

#----------------------------------------------------------------------------------------------------------------------------
#           Timing Point             Flags   Arc   Edge            Cell             Fanout Load Trans Delay Arrival Instance 
#                                                                                          (fF)  (ps)  (ps)   (ps)  Location 
#----------------------------------------------------------------------------------------------------------------------------
  enb_1_8_0                          -       -     R     (arrival)                       1  4.1     7     0     432    (-,-) 
  g89/Y                              -       A->Y  R     BUF_X13M_A9PP140ZTL_C30        12 42.6    13    14     446    (-,-) 
  pp_fir_2_1_1_g64799/Y              -       A->Y  R     BUF_X13M_A9PP140ZTL_C30         8 34.3    11    14     460    (-,-) 
  pp_fir_2_1_1_g64798/Y              -       A->Y  R     BUF_X16M_A9PP140ZTL_C30        32 61.5    14    16     476    (-,-) 
  pp_fir_2_1_1_g58282/Y              -       S0->Y R     MXIT2_X1P4M_A9PP140ZTL_C30      1  1.8    12    10     486    (-,-) 
  pp_fir_2_1_1_sum1_7_im_1_reg[12]/D -       -     R     DFFRPQ_X3M_A9PP140ZTL_C30       1    -     -     0     486    (-,-) 
#----------------------------------------------------------------------------------------------------------------------------



Path 42: MET (77 ps) Setup Check with Pin pp_fir_2_1_1_sum1_7_im_1_reg[10]/CK->D
           View: view_wcl_fast
          Group: clk
     Startpoint: (R) enb_1_8_0
          Clock: (R) clk
       Endpoint: (R) pp_fir_2_1_1_sum1_7_im_1_reg[10]/D
          Clock: (R) clk

                     Capture       Launch     
        Clock Edge:+     500            0     
        Drv Adjust:+       0            2     
       Src Latency:+       0            0     
       Net Latency:+     180 (I)      180 (I) 
           Arrival:=     680          182     
                                              
             Setup:-       4                  
       Uncertainty:-     112                  
     Required Time:=     563                  
      Launch Clock:-     182                  
       Input Delay:-     250                  
         Data Path:-      54                  
             Slack:=      77                  

Exceptions/Constraints:
  input_delay             250             topPPFilter_struct_f_line_18_545_1 

#----------------------------------------------------------------------------------------------------------------------------
#           Timing Point             Flags   Arc   Edge            Cell             Fanout Load Trans Delay Arrival Instance 
#                                                                                          (fF)  (ps)  (ps)   (ps)  Location 
#----------------------------------------------------------------------------------------------------------------------------
  enb_1_8_0                          -       -     R     (arrival)                       1  4.1     7     0     432    (-,-) 
  g89/Y                              -       A->Y  R     BUF_X13M_A9PP140ZTL_C30        12 42.6    13    14     446    (-,-) 
  pp_fir_2_1_1_g64790/Y              -       A->Y  R     BUF_X13M_A9PP140ZTL_C30         8 34.3    11    14     460    (-,-) 
  pp_fir_2_1_1_g64789/Y              -       A->Y  R     BUF_X16M_A9PP140ZTL_C30        32 61.5    14    16     476    (-,-) 
  pp_fir_2_1_1_g58279/Y              -       S0->Y R     MXIT2_X1P4M_A9PP140ZTL_C30      1  1.8    12    10     486    (-,-) 
  pp_fir_2_1_1_sum1_7_im_1_reg[10]/D -       -     R     DFFRPQ_X3M_A9PP140ZTL_C30       1    -     -     0     486    (-,-) 
#----------------------------------------------------------------------------------------------------------------------------



Path 43: MET (77 ps) Setup Check with Pin pp_fir_2_1_1_sum1_7_im_1_reg[9]/CK->D
           View: view_wcl_fast
          Group: clk
     Startpoint: (R) enb_1_8_0
          Clock: (R) clk
       Endpoint: (R) pp_fir_2_1_1_sum1_7_im_1_reg[9]/D
          Clock: (R) clk

                     Capture       Launch     
        Clock Edge:+     500            0     
        Drv Adjust:+       0            2     
       Src Latency:+       0            0     
       Net Latency:+     180 (I)      180 (I) 
           Arrival:=     680          182     
                                              
             Setup:-       4                  
       Uncertainty:-     112                  
     Required Time:=     563                  
      Launch Clock:-     182                  
       Input Delay:-     250                  
         Data Path:-      54                  
             Slack:=      77                  

Exceptions/Constraints:
  input_delay             250             topPPFilter_struct_f_line_18_545_1 

#---------------------------------------------------------------------------------------------------------------------------
#           Timing Point            Flags   Arc   Edge            Cell             Fanout Load Trans Delay Arrival Instance 
#                                                                                         (fF)  (ps)  (ps)   (ps)  Location 
#---------------------------------------------------------------------------------------------------------------------------
  enb_1_8_0                         -       -     R     (arrival)                       1  4.1     7     0     432    (-,-) 
  g89/Y                             -       A->Y  R     BUF_X13M_A9PP140ZTL_C30        12 42.6    13    14     446    (-,-) 
  pp_fir_2_1_1_g64817/Y             -       A->Y  R     BUF_X13M_A9PP140ZTL_C30         8 34.3    11    14     460    (-,-) 
  pp_fir_2_1_1_g64816/Y             -       A->Y  R     BUF_X16M_A9PP140ZTL_C30        32 61.5    14    16     476    (-,-) 
  pp_fir_2_1_1_g58278/Y             -       S0->Y R     MXIT2_X1P4M_A9PP140ZTL_C30      1  1.8    12    10     486    (-,-) 
  pp_fir_2_1_1_sum1_7_im_1_reg[9]/D -       -     R     DFFRPQ_X3M_A9PP140ZTL_C30       1    -     -     0     486    (-,-) 
#---------------------------------------------------------------------------------------------------------------------------



Path 44: MET (77 ps) Setup Check with Pin pp_fir_2_1_1_sum1_7_im_1_reg[8]/CK->D
           View: view_wcl_fast
          Group: clk
     Startpoint: (R) enb_1_8_0
          Clock: (R) clk
       Endpoint: (R) pp_fir_2_1_1_sum1_7_im_1_reg[8]/D
          Clock: (R) clk

                     Capture       Launch     
        Clock Edge:+     500            0     
        Drv Adjust:+       0            2     
       Src Latency:+       0            0     
       Net Latency:+     180 (I)      180 (I) 
           Arrival:=     680          182     
                                              
             Setup:-       4                  
       Uncertainty:-     112                  
     Required Time:=     563                  
      Launch Clock:-     182                  
       Input Delay:-     250                  
         Data Path:-      54                  
             Slack:=      77                  

Exceptions/Constraints:
  input_delay             250             topPPFilter_struct_f_line_18_545_1 

#---------------------------------------------------------------------------------------------------------------------------
#           Timing Point            Flags   Arc   Edge            Cell             Fanout Load Trans Delay Arrival Instance 
#                                                                                         (fF)  (ps)  (ps)   (ps)  Location 
#---------------------------------------------------------------------------------------------------------------------------
  enb_1_8_0                         -       -     R     (arrival)                       1  4.1     7     0     432    (-,-) 
  g89/Y                             -       A->Y  R     BUF_X13M_A9PP140ZTL_C30        12 42.6    13    14     446    (-,-) 
  pp_fir_2_1_1_g64817/Y             -       A->Y  R     BUF_X13M_A9PP140ZTL_C30         8 34.3    11    14     460    (-,-) 
  pp_fir_2_1_1_g64816/Y             -       A->Y  R     BUF_X16M_A9PP140ZTL_C30        32 61.5    14    16     476    (-,-) 
  pp_fir_2_1_1_g58276/Y             -       S0->Y R     MXIT2_X1P4M_A9PP140ZTL_C30      1  1.8    12    10     486    (-,-) 
  pp_fir_2_1_1_sum1_7_im_1_reg[8]/D -       -     R     DFFRPQ_X3M_A9PP140ZTL_C30       1    -     -     0     486    (-,-) 
#---------------------------------------------------------------------------------------------------------------------------



Path 45: MET (77 ps) Setup Check with Pin pp_fir_2_1_1_sum1_7_im_1_reg[7]/CK->D
           View: view_wcl_fast
          Group: clk
     Startpoint: (R) enb_1_8_0
          Clock: (R) clk
       Endpoint: (R) pp_fir_2_1_1_sum1_7_im_1_reg[7]/D
          Clock: (R) clk

                     Capture       Launch     
        Clock Edge:+     500            0     
        Drv Adjust:+       0            2     
       Src Latency:+       0            0     
       Net Latency:+     180 (I)      180 (I) 
           Arrival:=     680          182     
                                              
             Setup:-       4                  
       Uncertainty:-     112                  
     Required Time:=     563                  
      Launch Clock:-     182                  
       Input Delay:-     250                  
         Data Path:-      54                  
             Slack:=      77                  

Exceptions/Constraints:
  input_delay             250             topPPFilter_struct_f_line_18_545_1 

#---------------------------------------------------------------------------------------------------------------------------
#           Timing Point            Flags   Arc   Edge            Cell             Fanout Load Trans Delay Arrival Instance 
#                                                                                         (fF)  (ps)  (ps)   (ps)  Location 
#---------------------------------------------------------------------------------------------------------------------------
  enb_1_8_0                         -       -     R     (arrival)                       1  4.1     7     0     432    (-,-) 
  g89/Y                             -       A->Y  R     BUF_X13M_A9PP140ZTL_C30        12 42.6    13    14     446    (-,-) 
  pp_fir_2_1_1_g64808/Y             -       A->Y  R     BUF_X13M_A9PP140ZTL_C30         8 34.3    11    14     460    (-,-) 
  pp_fir_2_1_1_g64802/Y             -       A->Y  R     BUF_X16M_A9PP140ZTL_C30        32 61.5    14    16     476    (-,-) 
  pp_fir_2_1_1_g58275/Y             -       S0->Y R     MXIT2_X1P4M_A9PP140ZTL_C30      1  1.8    12    10     486    (-,-) 
  pp_fir_2_1_1_sum1_7_im_1_reg[7]/D -       -     R     DFFRPQ_X3M_A9PP140ZTL_C30       1    -     -     0     486    (-,-) 
#---------------------------------------------------------------------------------------------------------------------------



Path 46: MET (77 ps) Setup Check with Pin pp_fir_2_1_1_sum1_7_im_1_reg[6]/CK->D
           View: view_wcl_fast
          Group: clk
     Startpoint: (R) enb_1_8_0
          Clock: (R) clk
       Endpoint: (R) pp_fir_2_1_1_sum1_7_im_1_reg[6]/D
          Clock: (R) clk

                     Capture       Launch     
        Clock Edge:+     500            0     
        Drv Adjust:+       0            2     
       Src Latency:+       0            0     
       Net Latency:+     180 (I)      180 (I) 
           Arrival:=     680          182     
                                              
             Setup:-       4                  
       Uncertainty:-     112                  
     Required Time:=     563                  
      Launch Clock:-     182                  
       Input Delay:-     250                  
         Data Path:-      54                  
             Slack:=      77                  

Exceptions/Constraints:
  input_delay             250             topPPFilter_struct_f_line_18_545_1 

#---------------------------------------------------------------------------------------------------------------------------
#           Timing Point            Flags   Arc   Edge            Cell             Fanout Load Trans Delay Arrival Instance 
#                                                                                         (fF)  (ps)  (ps)   (ps)  Location 
#---------------------------------------------------------------------------------------------------------------------------
  enb_1_8_0                         -       -     R     (arrival)                       1  4.1     7     0     432    (-,-) 
  g89/Y                             -       A->Y  R     BUF_X13M_A9PP140ZTL_C30        12 42.6    13    14     446    (-,-) 
  pp_fir_2_1_1_g64799/Y             -       A->Y  R     BUF_X13M_A9PP140ZTL_C30         8 34.3    11    14     460    (-,-) 
  pp_fir_2_1_1_g64796/Y             -       A->Y  R     BUF_X16M_A9PP140ZTL_C30        32 61.5    14    16     476    (-,-) 
  pp_fir_2_1_1_g58273/Y             -       S0->Y R     MXIT2_X1P4M_A9PP140ZTL_C30      1  1.8    12    10     486    (-,-) 
  pp_fir_2_1_1_sum1_7_im_1_reg[6]/D -       -     R     DFFRPQ_X3M_A9PP140ZTL_C30       1    -     -     0     486    (-,-) 
#---------------------------------------------------------------------------------------------------------------------------



Path 47: MET (77 ps) Setup Check with Pin pp_fir_2_1_1_sum1_7_im_1_reg[5]/CK->D
           View: view_wcl_fast
          Group: clk
     Startpoint: (R) enb_1_8_0
          Clock: (R) clk
       Endpoint: (R) pp_fir_2_1_1_sum1_7_im_1_reg[5]/D
          Clock: (R) clk

                     Capture       Launch     
        Clock Edge:+     500            0     
        Drv Adjust:+       0            2     
       Src Latency:+       0            0     
       Net Latency:+     180 (I)      180 (I) 
           Arrival:=     680          182     
                                              
             Setup:-       4                  
       Uncertainty:-     112                  
     Required Time:=     563                  
      Launch Clock:-     182                  
       Input Delay:-     250                  
         Data Path:-      54                  
             Slack:=      77                  

Exceptions/Constraints:
  input_delay             250             topPPFilter_struct_f_line_18_545_1 

#---------------------------------------------------------------------------------------------------------------------------
#           Timing Point            Flags   Arc   Edge            Cell             Fanout Load Trans Delay Arrival Instance 
#                                                                                         (fF)  (ps)  (ps)   (ps)  Location 
#---------------------------------------------------------------------------------------------------------------------------
  enb_1_8_0                         -       -     R     (arrival)                       1  4.1     7     0     432    (-,-) 
  g89/Y                             -       A->Y  R     BUF_X13M_A9PP140ZTL_C30        12 42.6    13    14     446    (-,-) 
  pp_fir_2_1_1_g64799/Y             -       A->Y  R     BUF_X13M_A9PP140ZTL_C30         8 34.3    11    14     460    (-,-) 
  pp_fir_2_1_1_g64796/Y             -       A->Y  R     BUF_X16M_A9PP140ZTL_C30        32 61.5    14    16     476    (-,-) 
  pp_fir_2_1_1_g58272/Y             -       S0->Y R     MXIT2_X1P4M_A9PP140ZTL_C30      1  1.8    12    10     486    (-,-) 
  pp_fir_2_1_1_sum1_7_im_1_reg[5]/D -       -     R     DFFRPQ_X3M_A9PP140ZTL_C30       1    -     -     0     486    (-,-) 
#---------------------------------------------------------------------------------------------------------------------------



Path 48: MET (77 ps) Setup Check with Pin pp_fir_2_1_1_sum1_7_im_1_reg[4]/CK->D
           View: view_wcl_fast
          Group: clk
     Startpoint: (R) enb_1_8_0
          Clock: (R) clk
       Endpoint: (R) pp_fir_2_1_1_sum1_7_im_1_reg[4]/D
          Clock: (R) clk

                     Capture       Launch     
        Clock Edge:+     500            0     
        Drv Adjust:+       0            2     
       Src Latency:+       0            0     
       Net Latency:+     180 (I)      180 (I) 
           Arrival:=     680          182     
                                              
             Setup:-       4                  
       Uncertainty:-     112                  
     Required Time:=     563                  
      Launch Clock:-     182                  
       Input Delay:-     250                  
         Data Path:-      54                  
             Slack:=      77                  

Exceptions/Constraints:
  input_delay             250             topPPFilter_struct_f_line_18_545_1 

#---------------------------------------------------------------------------------------------------------------------------
#           Timing Point            Flags   Arc   Edge            Cell             Fanout Load Trans Delay Arrival Instance 
#                                                                                         (fF)  (ps)  (ps)   (ps)  Location 
#---------------------------------------------------------------------------------------------------------------------------
  enb_1_8_0                         -       -     R     (arrival)                       1  4.1     7     0     432    (-,-) 
  g89/Y                             -       A->Y  R     BUF_X13M_A9PP140ZTL_C30        12 42.6    13    14     446    (-,-) 
  pp_fir_2_1_1_g64790/Y             -       A->Y  R     BUF_X13M_A9PP140ZTL_C30         8 34.3    11    14     460    (-,-) 
  pp_fir_2_1_1_g64788/Y             -       A->Y  R     BUF_X16M_A9PP140ZTL_C30        32 61.5    14    16     476    (-,-) 
  pp_fir_2_1_1_g58271/Y             -       S0->Y R     MXIT2_X1P4M_A9PP140ZTL_C30      1  1.8    12    10     486    (-,-) 
  pp_fir_2_1_1_sum1_7_im_1_reg[4]/D -       -     R     DFFRPQ_X3M_A9PP140ZTL_C30       1    -     -     0     486    (-,-) 
#---------------------------------------------------------------------------------------------------------------------------



Path 49: MET (77 ps) Setup Check with Pin pp_fir_2_1_1_sum1_7_im_1_reg[3]/CK->D
           View: view_wcl_fast
          Group: clk
     Startpoint: (R) enb_1_8_0
          Clock: (R) clk
       Endpoint: (R) pp_fir_2_1_1_sum1_7_im_1_reg[3]/D
          Clock: (R) clk

                     Capture       Launch     
        Clock Edge:+     500            0     
        Drv Adjust:+       0            2     
       Src Latency:+       0            0     
       Net Latency:+     180 (I)      180 (I) 
           Arrival:=     680          182     
                                              
             Setup:-       4                  
       Uncertainty:-     112                  
     Required Time:=     563                  
      Launch Clock:-     182                  
       Input Delay:-     250                  
         Data Path:-      54                  
             Slack:=      77                  

Exceptions/Constraints:
  input_delay             250             topPPFilter_struct_f_line_18_545_1 

#---------------------------------------------------------------------------------------------------------------------------
#           Timing Point            Flags   Arc   Edge            Cell             Fanout Load Trans Delay Arrival Instance 
#                                                                                         (fF)  (ps)  (ps)   (ps)  Location 
#---------------------------------------------------------------------------------------------------------------------------
  enb_1_8_0                         -       -     R     (arrival)                       1  4.1     7     0     432    (-,-) 
  g89/Y                             -       A->Y  R     BUF_X13M_A9PP140ZTL_C30        12 42.6    13    14     446    (-,-) 
  pp_fir_2_1_1_g64799/Y             -       A->Y  R     BUF_X13M_A9PP140ZTL_C30         8 34.3    11    14     460    (-,-) 
  pp_fir_2_1_1_g64791/Y             -       A->Y  R     BUF_X16M_A9PP140ZTL_C30        32 61.5    14    16     476    (-,-) 
  pp_fir_2_1_1_g58269/Y             -       S0->Y R     MXIT2_X1P4M_A9PP140ZTL_C30      1  1.8    12    10     486    (-,-) 
  pp_fir_2_1_1_sum1_7_im_1_reg[3]/D -       -     R     DFFRPQ_X3M_A9PP140ZTL_C30       1    -     -     0     486    (-,-) 
#---------------------------------------------------------------------------------------------------------------------------



Path 50: MET (77 ps) Setup Check with Pin pp_fir_2_1_1_sum1_7_im_1_reg[2]/CK->D
           View: view_wcl_fast
          Group: clk
     Startpoint: (R) enb_1_8_0
          Clock: (R) clk
       Endpoint: (R) pp_fir_2_1_1_sum1_7_im_1_reg[2]/D
          Clock: (R) clk

                     Capture       Launch     
        Clock Edge:+     500            0     
        Drv Adjust:+       0            2     
       Src Latency:+       0            0     
       Net Latency:+     180 (I)      180 (I) 
           Arrival:=     680          182     
                                              
             Setup:-       4                  
       Uncertainty:-     112                  
     Required Time:=     563                  
      Launch Clock:-     182                  
       Input Delay:-     250                  
         Data Path:-      54                  
             Slack:=      77                  

Exceptions/Constraints:
  input_delay             250             topPPFilter_struct_f_line_18_545_1 

#---------------------------------------------------------------------------------------------------------------------------
#           Timing Point            Flags   Arc   Edge            Cell             Fanout Load Trans Delay Arrival Instance 
#                                                                                         (fF)  (ps)  (ps)   (ps)  Location 
#---------------------------------------------------------------------------------------------------------------------------
  enb_1_8_0                         -       -     R     (arrival)                       1  4.1     7     0     432    (-,-) 
  g89/Y                             -       A->Y  R     BUF_X13M_A9PP140ZTL_C30        12 42.6    13    14     446    (-,-) 
  pp_fir_2_1_1_g64817/Y             -       A->Y  R     BUF_X13M_A9PP140ZTL_C30         8 34.3    11    14     460    (-,-) 
  pp_fir_2_1_1_g64813/Y             -       A->Y  R     BUF_X16M_A9PP140ZTL_C30        32 61.5    14    16     476    (-,-) 
  pp_fir_2_1_1_g58267/Y             -       S0->Y R     MXIT2_X1P4M_A9PP140ZTL_C30      1  1.8    12    10     486    (-,-) 
  pp_fir_2_1_1_sum1_7_im_1_reg[2]/D -       -     R     DFFRPQ_X3M_A9PP140ZTL_C30       1    -     -     0     486    (-,-) 
#---------------------------------------------------------------------------------------------------------------------------

