============================================================
  Generated by:           Genus(TM) Synthesis Solution 23.10-p004_1
  Generated on:           Feb 17 2025  01:35:34 pm
  Module:                 pp_fir_u_1
  Operating conditions:   ssg_cworstt_max_0p81v_125c 
  Operating conditions:   ffg_cbestt_min_0p99v_m40c 
  Operating conditions:   tt_ctypical_max_0p90v_25c 
  Interconnect mode:      placement
  Area mode:              physical library
============================================================


Path 1: VIOLATED (-24 ps) Setup Check with Pin pp_fir_1_1_1/Delay_Pipeline_reg_im_reg[10][5]/CK->D
           View: view_wcl_typical
          Group: clk
     Startpoint: (R) enb_1_8_0
          Clock: (R) clk
       Endpoint: (F) pp_fir_1_1_1/Delay_Pipeline_reg_im_reg[10][5]/D
          Clock: (R) clk

                     Capture       Launch     
        Clock Edge:+     500            0     
        Drv Adjust:+       0            0     
       Src Latency:+       0            0     
       Net Latency:+     200 (I)      200 (I) 
           Arrival:=     700          200     
                                              
             Setup:-      28                  
       Uncertainty:-     125                  
     Required Time:=     547                  
      Launch Clock:-     200                  
       Input Delay:-     300                  
         Data Path:-      71                  
             Slack:=     -24                  

Exceptions/Constraints:
  input_delay             300             functional_wcl_typic_2_line_1078 

#------------------------------------------------------------------------------------------------------------------------------------------------------
#                  Timing Point                   Flags   Arc   Edge            Cell             Fanout  Load Trans Delay Arrival       Instance       
#                                                                                                        (fF)  (ps)  (ps)   (ps)        Location       
#------------------------------------------------------------------------------------------------------------------------------------------------------
  enb_1_8_0                                       (@)     -     R     (arrival)                      20 110.5     4     0     500                (-,-) 
  pp_fir_1_1_1/FE_OFC3_enb_1_8_0/Y                (@)     A->Y  F     INV_X16M_A9PP140ZTL_C30         7  66.4    20    17     517   (105.3000,62.9000) 
  pp_fir_1_1_1/FE_OFC791_enb_1_8_0/Y              (@)     A->Y  R     INV_X16M_A9PP140ZTL_C30        11  36.8    17    16     534  (105.5800,110.6000) 
  pp_fir_1_1_1/FE_RC_857_0/Y                      (#)     A->Y  R     BUFH_X16M_A9PP140ZTL_C30       23  34.7    11    19     552  (114.1200,125.9000) 
  pp_fir_1_1_1/g14465__5526/Y                     (@)     S0->Y F     MXT2_X1B_A9PP140ZTL_C30         1   0.6     8    19     571  (127.5600,136.7000) 
  pp_fir_1_1_1/Delay_Pipeline_reg_im_reg[10][5]/D -       -     F     DFFRPQA_X1M_A9PP140ZTL_C30      1     -     -     0     571  (126.0200,135.8000) 
#------------------------------------------------------------------------------------------------------------------------------------------------------

(#) : Net either has Non-default Routes or has been promoted to higher metal layers.
(@) : Annotated capacitance.



Path 2: VIOLATED (-24 ps) Setup Check with Pin pp_fir_1_1_1/Delay_Pipeline_reg_im_reg[9][6]/CK->D
           View: view_wcl_typical
          Group: clk
     Startpoint: (R) enb_1_8_0
          Clock: (R) clk
       Endpoint: (F) pp_fir_1_1_1/Delay_Pipeline_reg_im_reg[9][6]/D
          Clock: (R) clk

                     Capture       Launch     
        Clock Edge:+     500            0     
        Drv Adjust:+       0            0     
       Src Latency:+       0            0     
       Net Latency:+     200 (I)      200 (I) 
           Arrival:=     700          200     
                                              
             Setup:-      28                  
       Uncertainty:-     125                  
     Required Time:=     547                  
      Launch Clock:-     200                  
       Input Delay:-     300                  
         Data Path:-      71                  
             Slack:=     -24                  

Exceptions/Constraints:
  input_delay             300             functional_wcl_typic_2_line_1078 

#-----------------------------------------------------------------------------------------------------------------------------------------------------
#                 Timing Point                   Flags   Arc   Edge            Cell             Fanout  Load Trans Delay Arrival       Instance       
#                                                                                                       (fF)  (ps)  (ps)   (ps)        Location       
#-----------------------------------------------------------------------------------------------------------------------------------------------------
  enb_1_8_0                                      (@)     -     R     (arrival)                      20 110.5     4     0     500                (-,-) 
  pp_fir_1_1_1/FE_OFC3_enb_1_8_0/Y               (@)     A->Y  F     INV_X16M_A9PP140ZTL_C30         7  66.4    20    17     517   (105.3000,62.9000) 
  pp_fir_1_1_1/FE_OFC791_enb_1_8_0/Y             (@)     A->Y  R     INV_X16M_A9PP140ZTL_C30        11  36.8    17    16     534  (105.5800,110.6000) 
  pp_fir_1_1_1/FE_RC_857_0/Y                     (#)     A->Y  R     BUFH_X16M_A9PP140ZTL_C30       23  34.7    11    19     552  (114.1200,125.9000) 
  pp_fir_1_1_1/g14412__1617/Y                    (@)     S0->Y F     MXT2_X2B_A9PP140ZTL_C30         1   0.7     7    19     571  (123.7800,140.3000) 
  pp_fir_1_1_1/Delay_Pipeline_reg_im_reg[9][6]/D -       -     F     DFFRPQA_X1M_A9PP140ZTL_C30      1     -     -     0     571  (123.2200,139.4000) 
#-----------------------------------------------------------------------------------------------------------------------------------------------------

(#) : Net either has Non-default Routes or has been promoted to higher metal layers.
(@) : Annotated capacitance.



Path 3: VIOLATED (-24 ps) Setup Check with Pin pp_fir_1_1_1/Delay_Pipeline_reg_im_reg[9][1]/CK->D
           View: view_wcl_typical
          Group: clk
     Startpoint: (R) enb_1_8_0
          Clock: (R) clk
       Endpoint: (F) pp_fir_1_1_1/Delay_Pipeline_reg_im_reg[9][1]/D
          Clock: (R) clk

                     Capture       Launch     
        Clock Edge:+     500            0     
        Drv Adjust:+       0            0     
       Src Latency:+       0            0     
       Net Latency:+     200 (I)      200 (I) 
           Arrival:=     700          200     
                                              
             Setup:-      28                  
       Uncertainty:-     125                  
     Required Time:=     547                  
      Launch Clock:-     200                  
       Input Delay:-     300                  
         Data Path:-      71                  
             Slack:=     -24                  

Exceptions/Constraints:
  input_delay             300             functional_wcl_typic_2_line_1078 

#-----------------------------------------------------------------------------------------------------------------------------------------------------
#                 Timing Point                   Flags   Arc   Edge            Cell             Fanout  Load Trans Delay Arrival       Instance       
#                                                                                                       (fF)  (ps)  (ps)   (ps)        Location       
#-----------------------------------------------------------------------------------------------------------------------------------------------------
  enb_1_8_0                                      (@)     -     R     (arrival)                      20 110.5     4     0     500                (-,-) 
  pp_fir_1_1_1/FE_OFC3_enb_1_8_0/Y               (@)     A->Y  F     INV_X16M_A9PP140ZTL_C30         7  66.4    20    17     517   (105.3000,62.9000) 
  pp_fir_1_1_1/FE_OFC791_enb_1_8_0/Y             (@)     A->Y  R     INV_X16M_A9PP140ZTL_C30        11  36.8    17    16     534  (105.5800,110.6000) 
  pp_fir_1_1_1/FE_RC_857_0/Y                     (#)     A->Y  R     BUFH_X16M_A9PP140ZTL_C30       23  34.7    11    19     552  (114.1200,125.9000) 
  pp_fir_1_1_1/g14397__9945/Y                    (@)     S0->Y F     MXT2_X2B_A9PP140ZTL_C30         1   0.7     7    18     571  (122.2400,131.3000) 
  pp_fir_1_1_1/Delay_Pipeline_reg_im_reg[9][1]/D -       -     F     DFFRPQA_X1M_A9PP140ZTL_C30      1     -     -     0     571  (122.3800,130.4000) 
#-----------------------------------------------------------------------------------------------------------------------------------------------------

(#) : Net either has Non-default Routes or has been promoted to higher metal layers.
(@) : Annotated capacitance.



Path 4: VIOLATED (-24 ps) Setup Check with Pin pp_fir_1_1_1/Delay_Pipeline_reg_im_reg[9][3]/CK->D
           View: view_wcl_typical
          Group: clk
     Startpoint: (R) enb_1_8_0
          Clock: (R) clk
       Endpoint: (F) pp_fir_1_1_1/Delay_Pipeline_reg_im_reg[9][3]/D
          Clock: (R) clk

                     Capture       Launch     
        Clock Edge:+     500            0     
        Drv Adjust:+       0            0     
       Src Latency:+       0            0     
       Net Latency:+     200 (I)      200 (I) 
           Arrival:=     700          200     
                                              
             Setup:-      28                  
       Uncertainty:-     125                  
     Required Time:=     547                  
      Launch Clock:-     200                  
       Input Delay:-     300                  
         Data Path:-      71                  
             Slack:=     -24                  

Exceptions/Constraints:
  input_delay             300             functional_wcl_typic_2_line_1078 

#-----------------------------------------------------------------------------------------------------------------------------------------------------
#                 Timing Point                   Flags   Arc   Edge            Cell             Fanout  Load Trans Delay Arrival       Instance       
#                                                                                                       (fF)  (ps)  (ps)   (ps)        Location       
#-----------------------------------------------------------------------------------------------------------------------------------------------------
  enb_1_8_0                                      (@)     -     R     (arrival)                      20 110.5     4     0     500                (-,-) 
  pp_fir_1_1_1/FE_OFC3_enb_1_8_0/Y               (@)     A->Y  F     INV_X16M_A9PP140ZTL_C30         7  66.4    20    17     517   (105.3000,62.9000) 
  pp_fir_1_1_1/FE_OFC791_enb_1_8_0/Y             (@)     A->Y  R     INV_X16M_A9PP140ZTL_C30        11  36.8    17    16     534  (105.5800,110.6000) 
  pp_fir_1_1_1/FE_RC_857_0/Y                     (#)     A->Y  R     BUFH_X16M_A9PP140ZTL_C30       23  34.7    11    19     552  (114.1200,125.9000) 
  pp_fir_1_1_1/g36177/Y                          (@)     S0->Y F     MXT2_X1B_A9PP140ZTL_C30         1   0.5     8    18     571  (122.8000,135.8000) 
  pp_fir_1_1_1/Delay_Pipeline_reg_im_reg[9][3]/D -       -     F     DFFRPQA_X1M_A9PP140ZTL_C30      1     -     -     0     571  (123.6400,134.9000) 
#-----------------------------------------------------------------------------------------------------------------------------------------------------

(#) : Net either has Non-default Routes or has been promoted to higher metal layers.
(@) : Annotated capacitance.



Path 5: VIOLATED (-24 ps) Setup Check with Pin pp_fir_1_1_1/Delay_Pipeline_reg_im_reg[9][4]/CK->D
           View: view_wcl_typical
          Group: clk
     Startpoint: (R) enb_1_8_0
          Clock: (R) clk
       Endpoint: (F) pp_fir_1_1_1/Delay_Pipeline_reg_im_reg[9][4]/D
          Clock: (R) clk

                     Capture       Launch     
        Clock Edge:+     500            0     
        Drv Adjust:+       0            0     
       Src Latency:+       0            0     
       Net Latency:+     200 (I)      200 (I) 
           Arrival:=     700          200     
                                              
             Setup:-      28                  
       Uncertainty:-     125                  
     Required Time:=     547                  
      Launch Clock:-     200                  
       Input Delay:-     300                  
         Data Path:-      71                  
             Slack:=     -24                  

Exceptions/Constraints:
  input_delay             300             functional_wcl_typic_2_line_1078 

#-----------------------------------------------------------------------------------------------------------------------------------------------------
#                 Timing Point                   Flags   Arc   Edge            Cell             Fanout  Load Trans Delay Arrival       Instance       
#                                                                                                       (fF)  (ps)  (ps)   (ps)        Location       
#-----------------------------------------------------------------------------------------------------------------------------------------------------
  enb_1_8_0                                      (@)     -     R     (arrival)                      20 110.5     4     0     500                (-,-) 
  pp_fir_1_1_1/FE_OFC3_enb_1_8_0/Y               (@)     A->Y  F     INV_X16M_A9PP140ZTL_C30         7  66.4    20    17     517   (105.3000,62.9000) 
  pp_fir_1_1_1/FE_OFC791_enb_1_8_0/Y             (@)     A->Y  R     INV_X16M_A9PP140ZTL_C30        11  36.8    17    16     534  (105.5800,110.6000) 
  pp_fir_1_1_1/FE_RC_857_0/Y                     (#)     A->Y  R     BUFH_X16M_A9PP140ZTL_C30       23  34.7    11    19     552  (114.1200,125.9000) 
  pp_fir_1_1_1/g14415__5122/Y                    (@)     S0->Y F     MXT2_X1B_A9PP140ZTL_C30         1   0.5     8    18     571  (122.6600,136.7000) 
  pp_fir_1_1_1/Delay_Pipeline_reg_im_reg[9][4]/D -       -     F     DFFRPQA_X1M_A9PP140ZTL_C30      1     -     -     0     571  (123.9200,136.7000) 
#-----------------------------------------------------------------------------------------------------------------------------------------------------

(#) : Net either has Non-default Routes or has been promoted to higher metal layers.
(@) : Annotated capacitance.



Path 6: VIOLATED (-23 ps) Setup Check with Pin pp_fir_1_1_1/Delay_Pipeline_reg_im_reg[9][7]/CK->D
           View: view_wcl_typical
          Group: clk
     Startpoint: (R) enb_1_8_0
          Clock: (R) clk
       Endpoint: (F) pp_fir_1_1_1/Delay_Pipeline_reg_im_reg[9][7]/D
          Clock: (R) clk

                     Capture       Launch     
        Clock Edge:+     500            0     
        Drv Adjust:+       0            0     
       Src Latency:+       0            0     
       Net Latency:+     200 (I)      200 (I) 
           Arrival:=     700          200     
                                              
             Setup:-      28                  
       Uncertainty:-     125                  
     Required Time:=     548                  
      Launch Clock:-     200                  
       Input Delay:-     300                  
         Data Path:-      71                  
             Slack:=     -23                  

Exceptions/Constraints:
  input_delay             300             functional_wcl_typic_2_line_1078 

#-----------------------------------------------------------------------------------------------------------------------------------------------------
#                 Timing Point                   Flags   Arc   Edge            Cell             Fanout  Load Trans Delay Arrival       Instance       
#                                                                                                       (fF)  (ps)  (ps)   (ps)        Location       
#-----------------------------------------------------------------------------------------------------------------------------------------------------
  enb_1_8_0                                      (@)     -     R     (arrival)                      20 110.5     4     0     500                (-,-) 
  pp_fir_1_1_1/FE_OFC3_enb_1_8_0/Y               (@)     A->Y  F     INV_X16M_A9PP140ZTL_C30         7  66.4    20    17     517   (105.3000,62.9000) 
  pp_fir_1_1_1/FE_OFC791_enb_1_8_0/Y             (@)     A->Y  R     INV_X16M_A9PP140ZTL_C30        11  36.8    17    16     534  (105.5800,110.6000) 
  pp_fir_1_1_1/FE_RC_857_0/Y                     (#)     A->Y  R     BUFH_X16M_A9PP140ZTL_C30       23  34.7    11    19     552  (114.1200,125.9000) 
  pp_fir_1_1_1/g14416__8246/Y                    (@)     S0->Y F     MXT2_X2B_A9PP140ZTL_C30         1   0.5     6    18     571  (123.2200,143.9000) 
  pp_fir_1_1_1/Delay_Pipeline_reg_im_reg[9][7]/D -       -     F     DFFRPQA_X1M_A9PP140ZTL_C30      1     -     -     0     571  (122.5200,143.0000) 
#-----------------------------------------------------------------------------------------------------------------------------------------------------

(#) : Net either has Non-default Routes or has been promoted to higher metal layers.
(@) : Annotated capacitance.



Path 7: VIOLATED (-22 ps) Setup Check with Pin pp_fir_1_1_1/Delay_Pipeline_reg_im_reg[9][9]/CK->D
           View: view_wcl_typical
          Group: clk
     Startpoint: (R) enb_1_8_0
          Clock: (R) clk
       Endpoint: (F) pp_fir_1_1_1/Delay_Pipeline_reg_im_reg[9][9]/D
          Clock: (R) clk

                     Capture       Launch     
        Clock Edge:+     500            0     
        Drv Adjust:+       0            0     
       Src Latency:+       0            0     
       Net Latency:+     200 (I)      200 (I) 
           Arrival:=     700          200     
                                              
             Setup:-      27                  
       Uncertainty:-     125                  
     Required Time:=     548                  
      Launch Clock:-     200                  
       Input Delay:-     300                  
         Data Path:-      69                  
             Slack:=     -22                  

Exceptions/Constraints:
  input_delay             300             functional_wcl_typic_2_line_1078 

#-----------------------------------------------------------------------------------------------------------------------------------------------------
#                 Timing Point                   Flags   Arc   Edge            Cell             Fanout  Load Trans Delay Arrival       Instance       
#                                                                                                       (fF)  (ps)  (ps)   (ps)        Location       
#-----------------------------------------------------------------------------------------------------------------------------------------------------
  enb_1_8_0                                      (@)     -     R     (arrival)                      20 110.5     4     0     500                (-,-) 
  pp_fir_1_1_1/FE_OFC3_enb_1_8_0/Y               (@)     A->Y  F     INV_X16M_A9PP140ZTL_C30         7  66.4    20    17     517   (105.3000,62.9000) 
  pp_fir_1_1_1/FE_OFC791_enb_1_8_0/Y             (@)     A->Y  R     INV_X16M_A9PP140ZTL_C30        11  36.8    17    16     534  (105.5800,110.6000) 
  pp_fir_1_1_1/FE_RC_857_0/Y                     (#)     A->Y  R     BUFH_X16M_A9PP140ZTL_C30       23  34.7    11    19     552  (114.1200,125.9000) 
  pp_fir_1_1_1/g14422__19848/Y                   (@)     S0->Y F     MXT2_X3M_A9PP140ZTL_C30         1   0.6     6    17     569  (128.1200,148.4000) 
  pp_fir_1_1_1/Delay_Pipeline_reg_im_reg[9][9]/D -       -     F     DFFRPQA_X1M_A9PP140ZTL_C30      1     -     -     0     569  (127.2800,147.5000) 
#-----------------------------------------------------------------------------------------------------------------------------------------------------

(#) : Net either has Non-default Routes or has been promoted to higher metal layers.
(@) : Annotated capacitance.



Path 8: VIOLATED (-20 ps) Setup Check with Pin pp_fir_1_1_1/Delay_Pipeline_reg_im_reg[10][7]/CK->D
           View: view_wcl_typical
          Group: clk
     Startpoint: (F) enb_1_8_0
          Clock: (R) clk
       Endpoint: (F) pp_fir_1_1_1/Delay_Pipeline_reg_im_reg[10][7]/D
          Clock: (R) clk

                     Capture       Launch     
        Clock Edge:+     500            0     
        Drv Adjust:+       0            0     
       Src Latency:+       0            0     
       Net Latency:+     200 (I)      200 (I) 
           Arrival:=     700          200     
                                              
             Setup:-      29                  
       Uncertainty:-     125                  
     Required Time:=     546                  
      Launch Clock:-     200                  
       Input Delay:-     300                  
         Data Path:-      66                  
             Slack:=     -20                  

Exceptions/Constraints:
  input_delay             300             functional_wcl_typic_2_line_1078 

#------------------------------------------------------------------------------------------------------------------------------------------------------
#                  Timing Point                   Flags   Arc   Edge            Cell             Fanout  Load Trans Delay Arrival       Instance       
#                                                                                                        (fF)  (ps)  (ps)   (ps)        Location       
#------------------------------------------------------------------------------------------------------------------------------------------------------
  enb_1_8_0                                       (@)     -     F     (arrival)                      20 109.7     4     0     500                (-,-) 
  pp_fir_1_1_1/FE_OFC3_enb_1_8_0/Y                (@)     A->Y  R     INV_X16M_A9PP140ZTL_C30         7  66.7    20    19     519   (105.3000,62.9000) 
  pp_fir_1_1_1/FE_OFC791_enb_1_8_0/Y              (@)     A->Y  F     INV_X16M_A9PP140ZTL_C30        11  36.2    17    15     533  (105.5800,110.6000) 
  pp_fir_1_1_1/FE_RC_857_0/Y                      (#)     A->Y  F     BUFH_X16M_A9PP140ZTL_C30       23  34.0    10    20     553  (114.1200,125.9000) 
  pp_fir_1_1_1/FE_RC_1229_0/Y                     (@)     S0->Y F     MXIT2_X1P4M_A9PP140ZTL_C30      1   0.6    13    13     566  (129.1000,140.3000) 
  pp_fir_1_1_1/Delay_Pipeline_reg_im_reg[10][7]/D -       -     F     DFFRPQA_X1M_A9PP140ZTL_C30      1     -     -     0     566  (128.5400,139.4000) 
#------------------------------------------------------------------------------------------------------------------------------------------------------

(#) : Net either has Non-default Routes or has been promoted to higher metal layers.
(@) : Annotated capacitance.



Path 9: VIOLATED (-20 ps) Setup Check with Pin pp_fir_1_1_1/Delay_Pipeline_reg_im_reg[9][5]/CK->D
           View: view_wcl_typical
          Group: clk
     Startpoint: (F) enb_1_8_0
          Clock: (R) clk
       Endpoint: (F) pp_fir_1_1_1/Delay_Pipeline_reg_im_reg[9][5]/D
          Clock: (R) clk

                     Capture       Launch     
        Clock Edge:+     500            0     
        Drv Adjust:+       0            0     
       Src Latency:+       0            0     
       Net Latency:+     200 (I)      200 (I) 
           Arrival:=     700          200     
                                              
             Setup:-      29                  
       Uncertainty:-     125                  
     Required Time:=     546                  
      Launch Clock:-     200                  
       Input Delay:-     300                  
         Data Path:-      66                  
             Slack:=     -20                  

Exceptions/Constraints:
  input_delay             300             functional_wcl_typic_2_line_1078 

#-----------------------------------------------------------------------------------------------------------------------------------------------------
#                 Timing Point                   Flags   Arc   Edge            Cell             Fanout  Load Trans Delay Arrival       Instance       
#                                                                                                       (fF)  (ps)  (ps)   (ps)        Location       
#-----------------------------------------------------------------------------------------------------------------------------------------------------
  enb_1_8_0                                      (@)     -     F     (arrival)                      20 109.7     4     0     500                (-,-) 
  pp_fir_1_1_1/FE_OFC3_enb_1_8_0/Y               (@)     A->Y  R     INV_X16M_A9PP140ZTL_C30         7  66.7    20    19     519   (105.3000,62.9000) 
  pp_fir_1_1_1/FE_OFC791_enb_1_8_0/Y             (@)     A->Y  F     INV_X16M_A9PP140ZTL_C30        11  36.2    17    15     533  (105.5800,110.6000) 
  pp_fir_1_1_1/FE_RC_857_0/Y                     (#)     A->Y  F     BUFH_X16M_A9PP140ZTL_C30       23  34.0    10    20     553  (114.1200,125.9000) 
  pp_fir_1_1_1/FE_RC_2953_0/Y                    (@)     S0->Y F     MXIT2_X1P4M_A9PP140ZTL_C30      1   0.6    12    13     566  (123.5000,138.5000) 
  pp_fir_1_1_1/Delay_Pipeline_reg_im_reg[9][5]/D -       -     F     DFFRPQA_X1M_A9PP140ZTL_C30      1     -     -     0     566  (122.9400,137.6000) 
#-----------------------------------------------------------------------------------------------------------------------------------------------------

(#) : Net either has Non-default Routes or has been promoted to higher metal layers.
(@) : Annotated capacitance.



Path 10: VIOLATED (-20 ps) Setup Check with Pin pp_fir_1_1_1/Delay_Pipeline_reg_im_reg[9][13]/CK->D
           View: view_wcl_typical
          Group: clk
     Startpoint: (F) enb_1_8_0
          Clock: (R) clk
       Endpoint: (F) pp_fir_1_1_1/Delay_Pipeline_reg_im_reg[9][13]/D
          Clock: (R) clk

                     Capture       Launch     
        Clock Edge:+     500            0     
        Drv Adjust:+       0            0     
       Src Latency:+       0            0     
       Net Latency:+     200 (I)      200 (I) 
           Arrival:=     700          200     
                                              
             Setup:-      28                  
       Uncertainty:-     125                  
     Required Time:=     546                  
      Launch Clock:-     200                  
       Input Delay:-     300                  
         Data Path:-      66                  
             Slack:=     -20                  

Exceptions/Constraints:
  input_delay             300             functional_wcl_typic_2_line_1078 

#------------------------------------------------------------------------------------------------------------------------------------------------------
#                  Timing Point                   Flags   Arc   Edge            Cell             Fanout  Load Trans Delay Arrival       Instance       
#                                                                                                        (fF)  (ps)  (ps)   (ps)        Location       
#------------------------------------------------------------------------------------------------------------------------------------------------------
  enb_1_8_0                                       (@)     -     F     (arrival)                      20 109.7     4     0     500                (-,-) 
  pp_fir_1_1_1/FE_OFC3_enb_1_8_0/Y                (@)     A->Y  R     INV_X16M_A9PP140ZTL_C30         7  66.7    20    19     519   (105.3000,62.9000) 
  pp_fir_1_1_1/FE_OFC791_enb_1_8_0/Y              (@)     A->Y  F     INV_X16M_A9PP140ZTL_C30        11  36.2    17    15     533  (105.5800,110.6000) 
  pp_fir_1_1_1/FE_RC_857_0/Y                      (#)     A->Y  F     BUFH_X16M_A9PP140ZTL_C30       23  34.0    10    20     553  (114.1200,125.9000) 
  pp_fir_1_1_1/FE_RC_1187_0/Y                     (@)     S0->Y F     MXIT2_X1P4M_A9PP140ZTL_C30      1   0.7    12    13     566  (130.7800,147.5000) 
  pp_fir_1_1_1/Delay_Pipeline_reg_im_reg[9][13]/D -       -     F     DFFRPQA_X1M_A9PP140ZTL_C30      1     -     -     0     566  (131.0600,145.7000) 
#------------------------------------------------------------------------------------------------------------------------------------------------------

(#) : Net either has Non-default Routes or has been promoted to higher metal layers.
(@) : Annotated capacitance.



Path 11: VIOLATED (-19 ps) Setup Check with Pin pp_fir_1_1_1/Delay_Pipeline_reg_im_reg[9][8]/CK->D
           View: view_wcl_typical
          Group: clk
     Startpoint: (F) enb_1_8_0
          Clock: (R) clk
       Endpoint: (F) pp_fir_1_1_1/Delay_Pipeline_reg_im_reg[9][8]/D
          Clock: (R) clk

                     Capture       Launch     
        Clock Edge:+     500            0     
        Drv Adjust:+       0            0     
       Src Latency:+       0            0     
       Net Latency:+     200 (I)      200 (I) 
           Arrival:=     700          200     
                                              
             Setup:-      29                  
       Uncertainty:-     125                  
     Required Time:=     546                  
      Launch Clock:-     200                  
       Input Delay:-     300                  
         Data Path:-      66                  
             Slack:=     -19                  

Exceptions/Constraints:
  input_delay             300             functional_wcl_typic_2_line_1078 

#-----------------------------------------------------------------------------------------------------------------------------------------------------
#                 Timing Point                   Flags   Arc   Edge            Cell             Fanout  Load Trans Delay Arrival       Instance       
#                                                                                                       (fF)  (ps)  (ps)   (ps)        Location       
#-----------------------------------------------------------------------------------------------------------------------------------------------------
  enb_1_8_0                                      (@)     -     F     (arrival)                      20 109.7     4     0     500                (-,-) 
  pp_fir_1_1_1/FE_OFC3_enb_1_8_0/Y               (@)     A->Y  R     INV_X16M_A9PP140ZTL_C30         7  66.7    20    19     519   (105.3000,62.9000) 
  pp_fir_1_1_1/FE_OFC791_enb_1_8_0/Y             (@)     A->Y  F     INV_X16M_A9PP140ZTL_C30        11  36.2    17    15     533  (105.5800,110.6000) 
  pp_fir_1_1_1/FE_RC_857_0_dup/Y                 (@)     A->Y  F     BUFH_X16M_A9PP140ZTL_C30       15  34.9    10    17     551  (114.1200,125.9000) 
  pp_fir_1_1_1/FE_RC_2975_0/Y                    (@)     S0->Y F     MXIT2_X4M_A9PP140ZTL_C30        1   0.9    12    15     566  (118.1800,149.3000) 
  pp_fir_1_1_1/Delay_Pipeline_reg_im_reg[9][8]/D -       -     F     DFFRPQA_X1M_A9PP140ZTL_C30      1     -     -     0     566  (117.0600,151.1000) 
#-----------------------------------------------------------------------------------------------------------------------------------------------------

(@) : Annotated capacitance.



Path 12: VIOLATED (-18 ps) Setup Check with Pin pp_fir_1_1_1/Delay_Pipeline_reg_im_reg[7][2]/CK->D
           View: view_wcl_typical
          Group: clk
     Startpoint: (F) enb_1_8_0
          Clock: (R) clk
       Endpoint: (F) pp_fir_1_1_1/Delay_Pipeline_reg_im_reg[7][2]/D
          Clock: (R) clk

                     Capture       Launch     
        Clock Edge:+     500            0     
        Drv Adjust:+       0            0     
       Src Latency:+       0            0     
       Net Latency:+     200 (I)      200 (I) 
           Arrival:=     700          200     
                                              
             Setup:-      31                  
       Uncertainty:-     125                  
     Required Time:=     544                  
      Launch Clock:-     200                  
       Input Delay:-     300                  
         Data Path:-      62                  
             Slack:=     -18                  

Exceptions/Constraints:
  input_delay             300             functional_wcl_typic_2_line_1078 

#------------------------------------------------------------------------------------------------------------------------------------------------------
#                 Timing Point                   Flags   Arc   Edge            Cell              Fanout  Load Trans Delay Arrival       Instance       
#                                                                                                        (fF)  (ps)  (ps)   (ps)        Location       
#------------------------------------------------------------------------------------------------------------------------------------------------------
  enb_1_8_0                                      (@)     -     F     (arrival)                       20 109.7     4     0     500                (-,-) 
  pp_fir_1_1_1/FE_OFC3_enb_1_8_0/Y               (@)     A->Y  R     INV_X16M_A9PP140ZTL_C30          7  66.7    20    19     519   (105.3000,62.9000) 
  pp_fir_1_1_1/FE_OFC791_enb_1_8_0/Y             (@)     A->Y  F     INV_X16M_A9PP140ZTL_C30         11  36.2    17    15     533  (105.5800,110.6000) 
  pp_fir_1_1_1/FE_OCPC1540_FE_OFN26_enb_1_8_0/Y  (@)     A->Y  F     BUFH_X2M_A9PP140ZTL_C30          1   1.6     6    18     552  (114.4000,136.7000) 
  pp_fir_1_1_1/FE_RC_854_0/Y                     (@)     S0->Y F     MXIT2_X1P4M_A9PP140ZTL_C30       1   1.0    13    11     562  (112.3000,136.7000) 
  pp_fir_1_1_1/Delay_Pipeline_reg_im_reg[7][2]/D -       -     F     DFFRPQNA_X1M_A9PP140ZTL_C30      1     -     -     0     562  (110.9000,140.3000) 
#------------------------------------------------------------------------------------------------------------------------------------------------------

(@) : Annotated capacitance.



Path 13: VIOLATED (-18 ps) Setup Check with Pin pp_fir_1_1_1/Delay_Pipeline_reg_im_reg[21][12]/CK->D
           View: view_wcl_typical
          Group: clk
     Startpoint: (F) enb_1_8_0
          Clock: (R) clk
       Endpoint: (F) pp_fir_1_1_1/Delay_Pipeline_reg_im_reg[21][12]/D
          Clock: (R) clk

                     Capture       Launch     
        Clock Edge:+     500            0     
        Drv Adjust:+       0            0     
       Src Latency:+       0            0     
       Net Latency:+     200 (I)      200 (I) 
           Arrival:=     700          200     
                                              
             Setup:-      28                  
       Uncertainty:-     125                  
     Required Time:=     547                  
      Launch Clock:-     200                  
       Input Delay:-     300                  
         Data Path:-      64                  
             Slack:=     -18                  

Exceptions/Constraints:
  input_delay             300             functional_wcl_typic_2_line_1078 

#------------------------------------------------------------------------------------------------------------------------------------------------------
#                  Timing Point                    Flags   Arc   Edge            Cell             Fanout  Load Trans Delay Arrival       Instance      
#                                                                                                         (fF)  (ps)  (ps)   (ps)        Location      
#------------------------------------------------------------------------------------------------------------------------------------------------------
  enb_1_8_0                                        (@)     -     F     (arrival)                      20 109.7     4     0     500               (-,-) 
  pp_fir_1_1_1/FE_OFC3_enb_1_8_0/Y                 (@)     A->Y  R     INV_X16M_A9PP140ZTL_C30         7  66.7    20    19     519  (105.3000,62.9000) 
  pp_fir_1_1_1/FE_OFC786_enb_1_8_0/Y               (#)     A->Y  F     INV_X16M_A9PP140ZTL_C30         5  32.4    13    12     531  (128.6800,62.9000) 
  pp_fir_1_1_1/FE_OFC347_enb_1_8_0/Y               (#)     A->Y  F     BUF_X16M_A9PP140ZTL_C30        19  42.5    13    20     551  (168.4400,66.5000) 
  pp_fir_1_1_1/FE_RC_2962_0/Y                      (@)     S0->Y F     MXIT2_X4M_A9PP140ZTL_C30        1   0.7    11    14     564  (201.9000,64.7000) 
  pp_fir_1_1_1/Delay_Pipeline_reg_im_reg[21][12]/D -       -     F     DFFRPQA_X1M_A9PP140ZTL_C30      1     -     -     0     564  (200.7800,65.6000) 
#------------------------------------------------------------------------------------------------------------------------------------------------------

(#) : Net either has Non-default Routes or has been promoted to higher metal layers.
(@) : Annotated capacitance.



Path 14: VIOLATED (-17 ps) Setup Check with Pin pp_fir_1_1_1/Delay_Pipeline_reg_im_reg[7][12]/CK->D
           View: view_wcl_typical
          Group: clk
     Startpoint: (F) enb_1_8_0
          Clock: (R) clk
       Endpoint: (R) pp_fir_1_1_1/Delay_Pipeline_reg_im_reg[7][12]/D
          Clock: (R) clk

                     Capture       Launch     
        Clock Edge:+     500            0     
        Drv Adjust:+       0            0     
       Src Latency:+       0            0     
       Net Latency:+     200 (I)      200 (I) 
           Arrival:=     700          200     
                                              
             Setup:-       6                  
       Uncertainty:-     125                  
     Required Time:=     569                  
      Launch Clock:-     200                  
       Input Delay:-     300                  
         Data Path:-      86                  
             Slack:=     -17                  

Exceptions/Constraints:
  input_delay             300             functional_wcl_typic_2_line_1078 

#-----------------------------------------------------------------------------------------------------------------------------------------------------
#                  Timing Point                   Flags   Arc   Edge           Cell             Fanout  Load Trans Delay Arrival       Instance       
#                                                                                                       (fF)  (ps)  (ps)   (ps)        Location       
#-----------------------------------------------------------------------------------------------------------------------------------------------------
  enb_1_8_0                                       (@)     -     F     (arrival)                     20 109.7     4     0     500                (-,-) 
  pp_fir_1_1_1/FE_OFC3_enb_1_8_0/Y                (@)     A->Y  R     INV_X16M_A9PP140ZTL_C30        7  66.7    20    19     519   (105.3000,62.9000) 
  pp_fir_1_1_1/FE_OFC791_enb_1_8_0/Y              (@)     A->Y  F     INV_X16M_A9PP140ZTL_C30       11  36.2    17    15     533  (105.5800,110.6000) 
  pp_fir_1_1_1/FE_RC_857_0_dup/Y                  (@)     A->Y  F     BUFH_X16M_A9PP140ZTL_C30      15  34.9    10    17     551  (114.1200,125.9000) 
  pp_fir_1_1_1/FE_OCPC1461_FE_OFN201_n/Y          (@)     A->Y  F     BUFH_X16M_A9PP140ZTL_C30      14  25.2     8    15     566  (111.8800,142.1000) 
  pp_fir_1_1_1/g14332__7098/Y                     (@)     S0->Y R     MXT2_X3M_A9PP140ZTL_C30        1   0.7     6    20     586  (104.6000,152.9000) 
  pp_fir_1_1_1/Delay_Pipeline_reg_im_reg[7][12]/D -       -     R     DFFRPQ_X4M_A9PP140ZTL_C30      1     -     -     0     586  (105.8600,152.9000) 
#-----------------------------------------------------------------------------------------------------------------------------------------------------

(@) : Annotated capacitance.



Path 15: VIOLATED (-17 ps) Setup Check with Pin pp_fir_1_1_1/Delay_Pipeline_reg_im_reg[7][11]/CK->D
           View: view_wcl_typical
          Group: clk
     Startpoint: (F) enb_1_8_0
          Clock: (R) clk
       Endpoint: (R) pp_fir_1_1_1/Delay_Pipeline_reg_im_reg[7][11]/D
          Clock: (R) clk

                     Capture       Launch     
        Clock Edge:+     500            0     
        Drv Adjust:+       0            0     
       Src Latency:+       0            0     
       Net Latency:+     200 (I)      200 (I) 
           Arrival:=     700          200     
                                              
             Setup:-       6                  
       Uncertainty:-     125                  
     Required Time:=     569                  
      Launch Clock:-     200                  
       Input Delay:-     300                  
         Data Path:-      86                  
             Slack:=     -17                  

Exceptions/Constraints:
  input_delay             300             functional_wcl_typic_2_line_1078 

#-----------------------------------------------------------------------------------------------------------------------------------------------------
#                  Timing Point                   Flags   Arc   Edge           Cell             Fanout  Load Trans Delay Arrival       Instance       
#                                                                                                       (fF)  (ps)  (ps)   (ps)        Location       
#-----------------------------------------------------------------------------------------------------------------------------------------------------
  enb_1_8_0                                       (@)     -     F     (arrival)                     20 109.7     4     0     500                (-,-) 
  pp_fir_1_1_1/FE_OFC3_enb_1_8_0/Y                (@)     A->Y  R     INV_X16M_A9PP140ZTL_C30        7  66.7    20    19     519   (105.3000,62.9000) 
  pp_fir_1_1_1/FE_OFC791_enb_1_8_0/Y              (@)     A->Y  F     INV_X16M_A9PP140ZTL_C30       11  36.2    17    15     533  (105.5800,110.6000) 
  pp_fir_1_1_1/FE_RC_857_0_dup/Y                  (@)     A->Y  F     BUFH_X16M_A9PP140ZTL_C30      15  34.9    10    17     551  (114.1200,125.9000) 
  pp_fir_1_1_1/FE_OCPC1461_FE_OFN201_n/Y          (@)     A->Y  F     BUFH_X16M_A9PP140ZTL_C30      14  25.2     8    15     566  (111.8800,142.1000) 
  pp_fir_1_1_1/g14328__61838/Y                    (@)     S0->Y R     MXT2_X3M_A9PP140ZTL_C30        1   0.8     6    20     586  (105.1600,151.1000) 
  pp_fir_1_1_1/Delay_Pipeline_reg_im_reg[7][11]/D -       -     R     DFFRPQ_X4M_A9PP140ZTL_C30      1     -     -     0     586  (105.4400,152.0000) 
#-----------------------------------------------------------------------------------------------------------------------------------------------------

(@) : Annotated capacitance.



Path 16: VIOLATED (-17 ps) Setup Check with Pin pp_fir_1_1_1/Delay_Pipeline_reg_im_reg[6][0]/CK->D
           View: view_wcl_typical
          Group: clk
     Startpoint: (R) enb_1_8_0
          Clock: (R) clk
       Endpoint: (F) pp_fir_1_1_1/Delay_Pipeline_reg_im_reg[6][0]/D
          Clock: (R) clk

                     Capture       Launch     
        Clock Edge:+     500            0     
        Drv Adjust:+       0            0     
       Src Latency:+       0            0     
       Net Latency:+     200 (I)      200 (I) 
           Arrival:=     700          200     
                                              
             Setup:-      28                  
       Uncertainty:-     125                  
     Required Time:=     548                  
      Launch Clock:-     200                  
       Input Delay:-     300                  
         Data Path:-      64                  
             Slack:=     -17                  

Exceptions/Constraints:
  input_delay             300             functional_wcl_typic_2_line_1078 

#-----------------------------------------------------------------------------------------------------------------------------------------------------
#                 Timing Point                   Flags   Arc   Edge            Cell             Fanout  Load Trans Delay Arrival       Instance       
#                                                                                                       (fF)  (ps)  (ps)   (ps)        Location       
#-----------------------------------------------------------------------------------------------------------------------------------------------------
  enb_1_8_0                                      (@)     -     R     (arrival)                      20 110.5     4     0     500                (-,-) 
  pp_fir_1_1_1/FE_OFC3_enb_1_8_0/Y               (@)     A->Y  F     INV_X16M_A9PP140ZTL_C30         7  66.4    20    17     517   (105.3000,62.9000) 
  pp_fir_1_1_1/FE_OFC791_enb_1_8_0/Y             (@)     A->Y  R     INV_X16M_A9PP140ZTL_C30        11  36.8    17    16     534  (105.5800,110.6000) 
  pp_fir_1_1_1/FE_OCPC1509_FE_OFN26_enb_1_8_0/Y  (@)     A->Y  R     BUFH_X3M_A9PP140ZTL_C30         2   2.8     7    15     548  (110.9000,121.4000) 
  pp_fir_1_1_1/g14245__19830/Y                   (@)     S0->Y F     MXT2_X2B_A9PP140ZTL_C30         1   0.7     7    16     564  (109.0800,121.4000) 
  pp_fir_1_1_1/Delay_Pipeline_reg_im_reg[6][0]/D -       -     F     DFFRPQA_X1M_A9PP140ZTL_C30      1     -     -     0     564  (107.9600,122.3000) 
#-----------------------------------------------------------------------------------------------------------------------------------------------------

(@) : Annotated capacitance.



Path 17: VIOLATED (-16 ps) Setup Check with Pin pp_fir_1_1_1/Delay_Pipeline_reg_im_reg[7][10]/CK->D
           View: view_wcl_typical
          Group: clk
     Startpoint: (F) enb_1_8_0
          Clock: (R) clk
       Endpoint: (R) pp_fir_1_1_1/Delay_Pipeline_reg_im_reg[7][10]/D
          Clock: (R) clk

                     Capture       Launch     
        Clock Edge:+     500            0     
        Drv Adjust:+       0            0     
       Src Latency:+       0            0     
       Net Latency:+     200 (I)      200 (I) 
           Arrival:=     700          200     
                                              
             Setup:-       6                  
       Uncertainty:-     125                  
     Required Time:=     569                  
      Launch Clock:-     200                  
       Input Delay:-     300                  
         Data Path:-      86                  
             Slack:=     -16                  

Exceptions/Constraints:
  input_delay             300             functional_wcl_typic_2_line_1078 

#-----------------------------------------------------------------------------------------------------------------------------------------------------
#                  Timing Point                   Flags   Arc   Edge           Cell             Fanout  Load Trans Delay Arrival       Instance       
#                                                                                                       (fF)  (ps)  (ps)   (ps)        Location       
#-----------------------------------------------------------------------------------------------------------------------------------------------------
  enb_1_8_0                                       (@)     -     F     (arrival)                     20 109.7     4     0     500                (-,-) 
  pp_fir_1_1_1/FE_OFC3_enb_1_8_0/Y                (@)     A->Y  R     INV_X16M_A9PP140ZTL_C30        7  66.7    20    19     519   (105.3000,62.9000) 
  pp_fir_1_1_1/FE_OFC791_enb_1_8_0/Y              (@)     A->Y  F     INV_X16M_A9PP140ZTL_C30       11  36.2    17    15     533  (105.5800,110.6000) 
  pp_fir_1_1_1/FE_RC_857_0_dup/Y                  (@)     A->Y  F     BUFH_X16M_A9PP140ZTL_C30      15  34.9    10    17     551  (114.1200,125.9000) 
  pp_fir_1_1_1/FE_OCPC1461_FE_OFN201_n/Y          (@)     A->Y  F     BUFH_X16M_A9PP140ZTL_C30      14  25.2     8    15     566  (111.8800,142.1000) 
  pp_fir_1_1_1/g14325__6783/Y                     (@)     S0->Y R     MXT2_X3M_A9PP140ZTL_C30        1   0.7     6    20     586  (105.4400,150.2000) 
  pp_fir_1_1_1/Delay_Pipeline_reg_im_reg[7][10]/D -       -     R     DFFRPQ_X4M_A9PP140ZTL_C30      1     -     -     0     586  (107.5400,150.2000) 
#-----------------------------------------------------------------------------------------------------------------------------------------------------

(@) : Annotated capacitance.



Path 18: VIOLATED (-16 ps) Setup Check with Pin pp_fir_1_1_1/Delay_Pipeline_reg_im_reg[7][9]/CK->D
           View: view_wcl_typical
          Group: clk
     Startpoint: (F) enb_1_8_0
          Clock: (R) clk
       Endpoint: (R) pp_fir_1_1_1/Delay_Pipeline_reg_im_reg[7][9]/D
          Clock: (R) clk

                     Capture       Launch     
        Clock Edge:+     500            0     
        Drv Adjust:+       0            0     
       Src Latency:+       0            0     
       Net Latency:+     200 (I)      200 (I) 
           Arrival:=     700          200     
                                              
             Setup:-       6                  
       Uncertainty:-     125                  
     Required Time:=     569                  
      Launch Clock:-     200                  
       Input Delay:-     300                  
         Data Path:-      86                  
             Slack:=     -16                  

Exceptions/Constraints:
  input_delay             300             functional_wcl_typic_2_line_1078 

#----------------------------------------------------------------------------------------------------------------------------------------------------
#                 Timing Point                   Flags   Arc   Edge           Cell             Fanout  Load Trans Delay Arrival       Instance       
#                                                                                                      (fF)  (ps)  (ps)   (ps)        Location       
#----------------------------------------------------------------------------------------------------------------------------------------------------
  enb_1_8_0                                      (@)     -     F     (arrival)                     20 109.7     4     0     500                (-,-) 
  pp_fir_1_1_1/FE_OFC3_enb_1_8_0/Y               (@)     A->Y  R     INV_X16M_A9PP140ZTL_C30        7  66.7    20    19     519   (105.3000,62.9000) 
  pp_fir_1_1_1/FE_OFC791_enb_1_8_0/Y             (@)     A->Y  F     INV_X16M_A9PP140ZTL_C30       11  36.2    17    15     533  (105.5800,110.6000) 
  pp_fir_1_1_1/FE_RC_857_0_dup/Y                 (@)     A->Y  F     BUFH_X16M_A9PP140ZTL_C30      15  34.9    10    17     551  (114.1200,125.9000) 
  pp_fir_1_1_1/FE_OCPC1461_FE_OFN201_n/Y         (@)     A->Y  F     BUFH_X16M_A9PP140ZTL_C30      14  25.2     8    15     566  (111.8800,142.1000) 
  pp_fir_1_1_1/g14321__60085/Y                   (@)     S0->Y R     MXT2_X3M_A9PP140ZTL_C30        1   0.8     6    20     586  (106.8400,149.3000) 
  pp_fir_1_1_1/Delay_Pipeline_reg_im_reg[7][9]/D -       -     R     DFFRPQ_X4M_A9PP140ZTL_C30      1     -     -     0     586  (108.1000,149.3000) 
#----------------------------------------------------------------------------------------------------------------------------------------------------

(@) : Annotated capacitance.



Path 19: VIOLATED (-16 ps) Setup Check with Pin pp_fir_1_1_1/Delay_Pipeline_reg_im_reg[12][2]/CK->D
           View: view_wcl_typical
          Group: clk
     Startpoint: (F) enb_1_8_0
          Clock: (R) clk
       Endpoint: (F) pp_fir_1_1_1/Delay_Pipeline_reg_im_reg[12][2]/D
          Clock: (R) clk

                     Capture       Launch     
        Clock Edge:+     500            0     
        Drv Adjust:+       0            0     
       Src Latency:+       0            0     
       Net Latency:+     200 (I)      200 (I) 
           Arrival:=     700          200     
                                              
             Setup:-      29                  
       Uncertainty:-     125                  
     Required Time:=     546                  
      Launch Clock:-     200                  
       Input Delay:-     300                  
         Data Path:-      63                  
             Slack:=     -16                  

Exceptions/Constraints:
  input_delay             300             functional_wcl_typic_2_line_1078 

#-----------------------------------------------------------------------------------------------------------------------------------------------------
#                  Timing Point                   Flags   Arc   Edge            Cell             Fanout  Load Trans Delay Arrival       Instance      
#                                                                                                        (fF)  (ps)  (ps)   (ps)        Location      
#-----------------------------------------------------------------------------------------------------------------------------------------------------
  enb_1_8_0                                       (@)     -     F     (arrival)                      20 109.7     4     0     500               (-,-) 
  pp_fir_1_1_1/FE_OFC3_enb_1_8_0/Y                (@)     A->Y  R     INV_X16M_A9PP140ZTL_C30         7  66.7    20    19     519  (105.3000,62.9000) 
  pp_fir_1_1_1/FE_OFC785_enb_1_8_0/Y              (@)     A->Y  F     INV_X9M_A9PP140ZTL_C30          1   9.8    10     8     527  (105.5800,62.9000) 
  pp_fir_1_1_1/FE_OFC893_enb_1_8_0/Y              (#)     A->Y  R     INV_X16M_A9PP140ZTL_C30         5  53.8    17    10     537  (105.8600,62.9000) 
  pp_fir_1_1_1/FE_OFC898_enb_1_8_0/Y              (@)     A->Y  F     INV_X16M_A9PP140ZTL_C30        20  38.5    16    12     549  (125.6000,94.4000) 
  pp_fir_1_1_1/FE_RC_1211_0/Y                     (@)     S0->Y F     MXIT2_X4M_A9PP140ZTL_C30        1   1.0    12    14     563  (132.3200,96.2000) 
  pp_fir_1_1_1/Delay_Pipeline_reg_im_reg[12][2]/D -       -     F     DFFRPQA_X1M_A9PP140ZTL_C30      1     -     -     0     563  (131.3400,94.4000) 
#-----------------------------------------------------------------------------------------------------------------------------------------------------

(#) : Net either has Non-default Routes or has been promoted to higher metal layers.
(@) : Annotated capacitance.



Path 20: VIOLATED (-16 ps) Setup Check with Pin pp_fir_1_1_1/sum1_11_im_1_reg[13]/CK->D
           View: view_wcl_typical
          Group: clk
     Startpoint: (F) enb_1_8_0
          Clock: (R) clk
       Endpoint: (R) pp_fir_1_1_1/sum1_11_im_1_reg[13]/D
          Clock: (R) clk

                     Capture       Launch     
        Clock Edge:+     500            0     
        Drv Adjust:+       0            0     
       Src Latency:+       0            0     
       Net Latency:+     200 (I)      200 (I) 
           Arrival:=     700          200     
                                              
             Setup:-       6                  
       Uncertainty:-     125                  
     Required Time:=     569                  
      Launch Clock:-     200                  
       Input Delay:-     300                  
         Data Path:-      85                  
             Slack:=     -16                  

Exceptions/Constraints:
  input_delay             300             functional_wcl_typic_2_line_1078 

#--------------------------------------------------------------------------------------------------------------------------------------------
#             Timing Point               Flags   Arc   Edge           Cell             Fanout  Load Trans Delay Arrival       Instance       
#                                                                                              (fF)  (ps)  (ps)   (ps)        Location       
#--------------------------------------------------------------------------------------------------------------------------------------------
  enb_1_8_0                              (@)     -     F     (arrival)                     20 109.7     4     0     500                (-,-) 
  pp_fir_1_1_1/FE_OFC3_enb_1_8_0/Y       (@)     A->Y  R     INV_X16M_A9PP140ZTL_C30        7  66.7    20    19     519   (105.3000,62.9000) 
  pp_fir_1_1_1/FE_OFC791_enb_1_8_0/Y     (@)     A->Y  F     INV_X16M_A9PP140ZTL_C30       11  36.2    17    15     533  (105.5800,110.6000) 
  pp_fir_1_1_1/FE_RC_857_0/Y             (#)     A->Y  F     BUFH_X16M_A9PP140ZTL_C30      23  34.0    10    20     553  (114.1200,125.9000) 
  pp_fir_1_1_1/FE_OCPC1550_FE_OFN201_n/Y (@)     A->Y  F     BUFH_X3M_A9PP140ZTL_C30        3   5.2     9    14     567  (128.5400,135.8000) 
  pp_fir_1_1_1/g14731__66614/Y           (@)     S0->Y R     MXT2_X3M_A9PP140ZTL_C30        1   1.1     7    18     585  (128.1200,134.0000) 
  pp_fir_1_1_1/sum1_11_im_1_reg[13]/D    -       -     R     DFFRPQ_X3M_A9PP140ZTL_C30      1     -     -     0     585  (127.0000,134.9000) 
#--------------------------------------------------------------------------------------------------------------------------------------------

(#) : Net either has Non-default Routes or has been promoted to higher metal layers.
(@) : Annotated capacitance.



Path 21: VIOLATED (-16 ps) Setup Check with Pin pp_fir_1_1_1/Delay_Pipeline_reg_im_reg[7][8]/CK->D
           View: view_wcl_typical
          Group: clk
     Startpoint: (F) enb_1_8_0
          Clock: (R) clk
       Endpoint: (R) pp_fir_1_1_1/Delay_Pipeline_reg_im_reg[7][8]/D
          Clock: (R) clk

                     Capture       Launch     
        Clock Edge:+     500            0     
        Drv Adjust:+       0            0     
       Src Latency:+       0            0     
       Net Latency:+     200 (I)      200 (I) 
           Arrival:=     700          200     
                                              
             Setup:-       6                  
       Uncertainty:-     125                  
     Required Time:=     569                  
      Launch Clock:-     200                  
       Input Delay:-     300                  
         Data Path:-      86                  
             Slack:=     -16                  

Exceptions/Constraints:
  input_delay             300             functional_wcl_typic_2_line_1078 

#----------------------------------------------------------------------------------------------------------------------------------------------------
#                 Timing Point                   Flags   Arc   Edge           Cell             Fanout  Load Trans Delay Arrival       Instance       
#                                                                                                      (fF)  (ps)  (ps)   (ps)        Location       
#----------------------------------------------------------------------------------------------------------------------------------------------------
  enb_1_8_0                                      (@)     -     F     (arrival)                     20 109.7     4     0     500                (-,-) 
  pp_fir_1_1_1/FE_OFC3_enb_1_8_0/Y               (@)     A->Y  R     INV_X16M_A9PP140ZTL_C30        7  66.7    20    19     519   (105.3000,62.9000) 
  pp_fir_1_1_1/FE_OFC791_enb_1_8_0/Y             (@)     A->Y  F     INV_X16M_A9PP140ZTL_C30       11  36.2    17    15     533  (105.5800,110.6000) 
  pp_fir_1_1_1/FE_RC_857_0_dup/Y                 (@)     A->Y  F     BUFH_X16M_A9PP140ZTL_C30      15  34.9    10    17     551  (114.1200,125.9000) 
  pp_fir_1_1_1/FE_OCPC1461_FE_OFN201_n/Y         (@)     A->Y  F     BUFH_X16M_A9PP140ZTL_C30      14  25.2     8    15     566  (111.8800,142.1000) 
  pp_fir_1_1_1/g14320__5107/Y                    (@)     S0->Y R     MXT2_X3M_A9PP140ZTL_C30        1   0.7     6    20     586  (106.0000,148.4000) 
  pp_fir_1_1_1/Delay_Pipeline_reg_im_reg[7][8]/D -       -     R     DFFRPQ_X4M_A9PP140ZTL_C30      1     -     -     0     586  (107.5400,148.4000) 
#----------------------------------------------------------------------------------------------------------------------------------------------------

(@) : Annotated capacitance.



Path 22: VIOLATED (-16 ps) Setup Check with Pin pp_fir_1_1_1/Delay_Pipeline_reg_im_reg[7][7]/CK->D
           View: view_wcl_typical
          Group: clk
     Startpoint: (F) enb_1_8_0
          Clock: (R) clk
       Endpoint: (R) pp_fir_1_1_1/Delay_Pipeline_reg_im_reg[7][7]/D
          Clock: (R) clk

                     Capture       Launch     
        Clock Edge:+     500            0     
        Drv Adjust:+       0            0     
       Src Latency:+       0            0     
       Net Latency:+     200 (I)      200 (I) 
           Arrival:=     700          200     
                                              
             Setup:-       6                  
       Uncertainty:-     125                  
     Required Time:=     569                  
      Launch Clock:-     200                  
       Input Delay:-     300                  
         Data Path:-      86                  
             Slack:=     -16                  

Exceptions/Constraints:
  input_delay             300             functional_wcl_typic_2_line_1078 

#----------------------------------------------------------------------------------------------------------------------------------------------------
#                 Timing Point                   Flags   Arc   Edge           Cell             Fanout  Load Trans Delay Arrival       Instance       
#                                                                                                      (fF)  (ps)  (ps)   (ps)        Location       
#----------------------------------------------------------------------------------------------------------------------------------------------------
  enb_1_8_0                                      (@)     -     F     (arrival)                     20 109.7     4     0     500                (-,-) 
  pp_fir_1_1_1/FE_OFC3_enb_1_8_0/Y               (@)     A->Y  R     INV_X16M_A9PP140ZTL_C30        7  66.7    20    19     519   (105.3000,62.9000) 
  pp_fir_1_1_1/FE_OFC791_enb_1_8_0/Y             (@)     A->Y  F     INV_X16M_A9PP140ZTL_C30       11  36.2    17    15     533  (105.5800,110.6000) 
  pp_fir_1_1_1/FE_RC_857_0_dup/Y                 (@)     A->Y  F     BUFH_X16M_A9PP140ZTL_C30      15  34.9    10    17     551  (114.1200,125.9000) 
  pp_fir_1_1_1/FE_OCPC1461_FE_OFN201_n/Y         (@)     A->Y  F     BUFH_X16M_A9PP140ZTL_C30      14  25.2     8    15     566  (111.8800,142.1000) 
  pp_fir_1_1_1/g14315__1666/Y                    (@)     S0->Y R     MXT2_X3M_A9PP140ZTL_C30        1   0.8     6    20     585  (106.7000,146.6000) 
  pp_fir_1_1_1/Delay_Pipeline_reg_im_reg[7][7]/D -       -     R     DFFRPQ_X4M_A9PP140ZTL_C30      1     -     -     0     586  (107.5400,147.5000) 
#----------------------------------------------------------------------------------------------------------------------------------------------------

(@) : Annotated capacitance.



Path 23: VIOLATED (-16 ps) Setup Check with Pin pp_fir_1_1_1/Delay_Pipeline_reg_im_reg[8][9]/CK->D
           View: view_wcl_typical
          Group: clk
     Startpoint: (F) enb_1_8_0
          Clock: (R) clk
       Endpoint: (R) pp_fir_1_1_1/Delay_Pipeline_reg_im_reg[8][9]/D
          Clock: (R) clk

                     Capture       Launch     
        Clock Edge:+     500            0     
        Drv Adjust:+       0            0     
       Src Latency:+       0            0     
       Net Latency:+     200 (I)      200 (I) 
           Arrival:=     700          200     
                                              
             Setup:-       6                  
       Uncertainty:-     125                  
     Required Time:=     569                  
      Launch Clock:-     200                  
       Input Delay:-     300                  
         Data Path:-      85                  
             Slack:=     -16                  

Exceptions/Constraints:
  input_delay             300             functional_wcl_typic_2_line_1078 

#----------------------------------------------------------------------------------------------------------------------------------------------------
#                 Timing Point                   Flags   Arc   Edge           Cell             Fanout  Load Trans Delay Arrival       Instance       
#                                                                                                      (fF)  (ps)  (ps)   (ps)        Location       
#----------------------------------------------------------------------------------------------------------------------------------------------------
  enb_1_8_0                                      (@)     -     F     (arrival)                     20 109.7     4     0     500                (-,-) 
  pp_fir_1_1_1/FE_OFC3_enb_1_8_0/Y               (@)     A->Y  R     INV_X16M_A9PP140ZTL_C30        7  66.7    20    19     519   (105.3000,62.9000) 
  pp_fir_1_1_1/FE_OFC791_enb_1_8_0/Y             (@)     A->Y  F     INV_X16M_A9PP140ZTL_C30       11  36.2    17    15     533  (105.5800,110.6000) 
  pp_fir_1_1_1/FE_RC_857_0_dup/Y                 (@)     A->Y  F     BUFH_X16M_A9PP140ZTL_C30      15  34.9    10    17     551  (114.1200,125.9000) 
  pp_fir_1_1_1/FE_OCPC1461_FE_OFN201_n/Y         (@)     A->Y  F     BUFH_X16M_A9PP140ZTL_C30      14  25.2     8    15     566  (111.8800,142.1000) 
  pp_fir_1_1_1/g14371__1666/Y                    (@)     S0->Y R     MXT2_X3M_A9PP140ZTL_C30        1   0.9     7    19     585  (112.5800,148.4000) 
  pp_fir_1_1_1/Delay_Pipeline_reg_im_reg[8][9]/D -       -     R     DFFRPQ_X3M_A9PP140ZTL_C30      1     -     -     0     585  (111.1800,149.3000) 
#----------------------------------------------------------------------------------------------------------------------------------------------------

(@) : Annotated capacitance.



Path 24: VIOLATED (-16 ps) Setup Check with Pin pp_fir_1_1_1/Delay_Pipeline_reg_im_reg[8][7]/CK->D
           View: view_wcl_typical
          Group: clk
     Startpoint: (F) enb_1_8_0
          Clock: (R) clk
       Endpoint: (R) pp_fir_1_1_1/Delay_Pipeline_reg_im_reg[8][7]/D
          Clock: (R) clk

                     Capture       Launch     
        Clock Edge:+     500            0     
        Drv Adjust:+       0            0     
       Src Latency:+       0            0     
       Net Latency:+     200 (I)      200 (I) 
           Arrival:=     700          200     
                                              
             Setup:-       6                  
       Uncertainty:-     125                  
     Required Time:=     569                  
      Launch Clock:-     200                  
       Input Delay:-     300                  
         Data Path:-      85                  
             Slack:=     -16                  

Exceptions/Constraints:
  input_delay             300             functional_wcl_typic_2_line_1078 

#----------------------------------------------------------------------------------------------------------------------------------------------------
#                 Timing Point                   Flags   Arc   Edge           Cell             Fanout  Load Trans Delay Arrival       Instance       
#                                                                                                      (fF)  (ps)  (ps)   (ps)        Location       
#----------------------------------------------------------------------------------------------------------------------------------------------------
  enb_1_8_0                                      (@)     -     F     (arrival)                     20 109.7     4     0     500                (-,-) 
  pp_fir_1_1_1/FE_OFC3_enb_1_8_0/Y               (@)     A->Y  R     INV_X16M_A9PP140ZTL_C30        7  66.7    20    19     519   (105.3000,62.9000) 
  pp_fir_1_1_1/FE_OFC791_enb_1_8_0/Y             (@)     A->Y  F     INV_X16M_A9PP140ZTL_C30       11  36.2    17    15     533  (105.5800,110.6000) 
  pp_fir_1_1_1/FE_RC_857_0_dup/Y                 (@)     A->Y  F     BUFH_X16M_A9PP140ZTL_C30      15  34.9    10    17     551  (114.1200,125.9000) 
  pp_fir_1_1_1/FE_OCPC1461_FE_OFN201_n/Y         (@)     A->Y  F     BUFH_X16M_A9PP140ZTL_C30      14  25.2     8    15     566  (111.8800,142.1000) 
  pp_fir_1_1_1/g14364__7482/Y                    (@)     S0->Y R     MXT2_X3M_A9PP140ZTL_C30        1   0.8     6    19     585  (111.3200,148.4000) 
  pp_fir_1_1_1/Delay_Pipeline_reg_im_reg[8][7]/D -       -     R     DFFRPQ_X3M_A9PP140ZTL_C30      1     -     -     0     585  (111.3200,147.5000) 
#----------------------------------------------------------------------------------------------------------------------------------------------------

(@) : Annotated capacitance.



Path 25: VIOLATED (-16 ps) Setup Check with Pin pp_fir_1_1_1/Delay_Pipeline_reg_im_reg[10][4]/CK->D
           View: view_wcl_typical
          Group: clk
     Startpoint: (F) enb_1_8_0
          Clock: (R) clk
       Endpoint: (R) pp_fir_1_1_1/Delay_Pipeline_reg_im_reg[10][4]/D
          Clock: (R) clk

                     Capture       Launch     
        Clock Edge:+     500            0     
        Drv Adjust:+       0            0     
       Src Latency:+       0            0     
       Net Latency:+     200 (I)      200 (I) 
           Arrival:=     700          200     
                                              
             Setup:-       6                  
       Uncertainty:-     125                  
     Required Time:=     569                  
      Launch Clock:-     200                  
       Input Delay:-     300                  
         Data Path:-      85                  
             Slack:=     -16                  

Exceptions/Constraints:
  input_delay             300             functional_wcl_typic_2_line_1078 

#-----------------------------------------------------------------------------------------------------------------------------------------------------
#                  Timing Point                   Flags   Arc   Edge           Cell             Fanout  Load Trans Delay Arrival       Instance       
#                                                                                                       (fF)  (ps)  (ps)   (ps)        Location       
#-----------------------------------------------------------------------------------------------------------------------------------------------------
  enb_1_8_0                                       (@)     -     F     (arrival)                     20 109.7     4     0     500                (-,-) 
  pp_fir_1_1_1/FE_OFC3_enb_1_8_0/Y                (@)     A->Y  R     INV_X16M_A9PP140ZTL_C30        7  66.7    20    19     519   (105.3000,62.9000) 
  pp_fir_1_1_1/FE_OFC791_enb_1_8_0/Y              (@)     A->Y  F     INV_X16M_A9PP140ZTL_C30       11  36.2    17    15     533  (105.5800,110.6000) 
  pp_fir_1_1_1/FE_RC_857_0/Y                      (#)     A->Y  F     BUFH_X16M_A9PP140ZTL_C30      23  34.0    10    20     553  (114.1200,125.9000) 
  pp_fir_1_1_1/FE_OCPC1550_FE_OFN201_n/Y          (@)     A->Y  F     BUFH_X3M_A9PP140ZTL_C30        3   5.2     9    14     567  (128.5400,135.8000) 
  pp_fir_1_1_1/g14463__4319/Y                     (@)     S0->Y R     MXT2_X3M_A9PP140ZTL_C30        1   0.8     6    18     584  (126.4400,132.2000) 
  pp_fir_1_1_1/Delay_Pipeline_reg_im_reg[10][4]/D -       -     R     DFFRPQ_X3M_A9PP140ZTL_C30      1     -     -     0     585  (124.9000,131.3000) 
#-----------------------------------------------------------------------------------------------------------------------------------------------------

(#) : Net either has Non-default Routes or has been promoted to higher metal layers.
(@) : Annotated capacitance.



Path 26: VIOLATED (-16 ps) Setup Check with Pin pp_fir_1_1_1/sum1_12_im_1_reg[12]/CK->D
           View: view_wcl_typical
          Group: clk
     Startpoint: (F) enb_1_8_0
          Clock: (R) clk
       Endpoint: (R) pp_fir_1_1_1/sum1_12_im_1_reg[12]/D
          Clock: (R) clk

                     Capture       Launch     
        Clock Edge:+     500            0     
        Drv Adjust:+       0            0     
       Src Latency:+       0            0     
       Net Latency:+     200 (I)      200 (I) 
           Arrival:=     700          200     
                                              
             Setup:-       6                  
       Uncertainty:-     125                  
     Required Time:=     569                  
      Launch Clock:-     200                  
       Input Delay:-     300                  
         Data Path:-      84                  
             Slack:=     -16                  

Exceptions/Constraints:
  input_delay             300             functional_wcl_typic_2_line_1078 

#--------------------------------------------------------------------------------------------------------------------------------------------
#             Timing Point               Flags   Arc   Edge           Cell             Fanout  Load Trans Delay Arrival       Instance       
#                                                                                              (fF)  (ps)  (ps)   (ps)        Location       
#--------------------------------------------------------------------------------------------------------------------------------------------
  enb_1_8_0                              (@)     -     F     (arrival)                     20 109.7     4     0     500                (-,-) 
  pp_fir_1_1_1/FE_OFC3_enb_1_8_0/Y       (@)     A->Y  R     INV_X16M_A9PP140ZTL_C30        7  66.7    20    19     519   (105.3000,62.9000) 
  pp_fir_1_1_1/FE_OFC791_enb_1_8_0/Y     (@)     A->Y  F     INV_X16M_A9PP140ZTL_C30       11  36.2    17    15     533  (105.5800,110.6000) 
  pp_fir_1_1_1/FE_RC_857_0/Y             (#)     A->Y  F     BUFH_X16M_A9PP140ZTL_C30      23  34.0    10    20     553  (114.1200,125.9000) 
  pp_fir_1_1_1/FE_OCPC1550_FE_OFN201_n/Y (@)     A->Y  F     BUFH_X3M_A9PP140ZTL_C30        3   5.2     9    14     567  (128.5400,135.8000) 
  pp_fir_1_1_1/g14809__5122/Y            (@)     S0->Y R     MXT2_X3M_A9PP140ZTL_C30        1   0.8     7    18     584  (126.8600,134.0000) 
  pp_fir_1_1_1/sum1_12_im_1_reg[12]/D    -       -     R     DFFRPQ_X3M_A9PP140ZTL_C30      1     -     -     0     584  (125.4600,133.1000) 
#--------------------------------------------------------------------------------------------------------------------------------------------

(#) : Net either has Non-default Routes or has been promoted to higher metal layers.
(@) : Annotated capacitance.



Path 27: VIOLATED (-16 ps) Setup Check with Pin pp_fir_1_1_1/Delay_Pipeline_reg_im_reg[13][10]/CK->D
           View: view_wcl_typical
          Group: clk
     Startpoint: (R) enb_1_8_0
          Clock: (R) clk
       Endpoint: (F) pp_fir_1_1_1/Delay_Pipeline_reg_im_reg[13][10]/D
          Clock: (R) clk

                     Capture       Launch     
        Clock Edge:+     500            0     
        Drv Adjust:+       0            0     
       Src Latency:+       0            0     
       Net Latency:+     200 (I)      200 (I) 
           Arrival:=     700          200     
                                              
             Setup:-      28                  
       Uncertainty:-     125                  
     Required Time:=     547                  
      Launch Clock:-     200                  
       Input Delay:-     300                  
         Data Path:-      63                  
             Slack:=     -16                  

Exceptions/Constraints:
  input_delay             300             functional_wcl_typic_2_line_1078 

#------------------------------------------------------------------------------------------------------------------------------------------------------
#                  Timing Point                    Flags   Arc   Edge            Cell             Fanout  Load Trans Delay Arrival       Instance      
#                                                                                                         (fF)  (ps)  (ps)   (ps)        Location      
#------------------------------------------------------------------------------------------------------------------------------------------------------
  enb_1_8_0                                        (@)     -     R     (arrival)                      20 110.5     4     0     500               (-,-) 
  pp_fir_1_1_1/FE_OFC3_enb_1_8_0/Y                 (@)     A->Y  F     INV_X16M_A9PP140ZTL_C30         7  66.4    20    17     517  (105.3000,62.9000) 
  pp_fir_1_1_1/FE_OFC784_enb_1_8_0/Y               (@)     A->Y  R     INV_X11M_A9PP140ZTL_C30         3   9.7     9     9     526  (105.5800,62.9000) 
  pp_fir_1_1_1/FE_OCPC1533_FE_OFN200_n/Y           (@)     A->Y  F     INV_X7P5M_A9PP140ZTL_C30        5  20.1    12     9     536  (121.6800,62.9000) 
  pp_fir_1_1_1/FE_OCPC1535_FE_OFN200_n/Y           (@)     A->Y  R     INV_X3M_A9PP140ZTL_C30          1   5.4    11    10     545  (121.6800,62.9000) 
  pp_fir_1_1_1/g14626__6417/Y                      (@)     S0->Y F     MXT2_X2B_A9PP140ZTL_C30         1   0.8     7    18     563  (142.2600,74.6000) 
  pp_fir_1_1_1/Delay_Pipeline_reg_im_reg[13][10]/D -       -     F     DFFRPQA_X1M_A9PP140ZTL_C30      1     -     -     0     563  (141.5600,72.8000) 
#------------------------------------------------------------------------------------------------------------------------------------------------------

(@) : Annotated capacitance.



Path 28: VIOLATED (-16 ps) Setup Check with Pin pp_fir_1_1_1/Delay_Pipeline_reg_im_reg[8][14]/CK->D
           View: view_wcl_typical
          Group: clk
     Startpoint: (F) enb_1_8_0
          Clock: (R) clk
       Endpoint: (R) pp_fir_1_1_1/Delay_Pipeline_reg_im_reg[8][14]/D
          Clock: (R) clk

                     Capture       Launch     
        Clock Edge:+     500            0     
        Drv Adjust:+       0            0     
       Src Latency:+       0            0     
       Net Latency:+     200 (I)      200 (I) 
           Arrival:=     700          200     
                                              
             Setup:-       6                  
       Uncertainty:-     125                  
     Required Time:=     569                  
      Launch Clock:-     200                  
       Input Delay:-     300                  
         Data Path:-      84                  
             Slack:=     -16                  

Exceptions/Constraints:
  input_delay             300             functional_wcl_typic_2_line_1078 

#-----------------------------------------------------------------------------------------------------------------------------------------------------
#                  Timing Point                   Flags   Arc   Edge           Cell             Fanout  Load Trans Delay Arrival       Instance       
#                                                                                                       (fF)  (ps)  (ps)   (ps)        Location       
#-----------------------------------------------------------------------------------------------------------------------------------------------------
  enb_1_8_0                                       (@)     -     F     (arrival)                     20 109.7     4     0     500                (-,-) 
  pp_fir_1_1_1/FE_OFC3_enb_1_8_0/Y                (@)     A->Y  R     INV_X16M_A9PP140ZTL_C30        7  66.7    20    19     519   (105.3000,62.9000) 
  pp_fir_1_1_1/FE_OFC791_enb_1_8_0/Y              (@)     A->Y  F     INV_X16M_A9PP140ZTL_C30       11  36.2    17    15     533  (105.5800,110.6000) 
  pp_fir_1_1_1/FE_RC_857_0_dup/Y                  (@)     A->Y  F     BUFH_X16M_A9PP140ZTL_C30      15  34.9    10    17     551  (114.1200,125.9000) 
  pp_fir_1_1_1/FE_OCPC1471_FE_OFN201_n/Y          (@)     A->Y  F     BUF_X16M_A9PP140ZTL_C30        5   9.9     6    17     567  (115.6600,150.2000) 
  pp_fir_1_1_1/g14388__8246/Y                     (@)     S0->Y R     MXT2_X3M_A9PP140ZTL_C30        1   0.9     7    17     584  (111.8800,152.9000) 
  pp_fir_1_1_1/Delay_Pipeline_reg_im_reg[8][14]/D -       -     R     DFFRPQ_X3M_A9PP140ZTL_C30      1     -     -     0     584  (111.3200,153.8000) 
#-----------------------------------------------------------------------------------------------------------------------------------------------------

(@) : Annotated capacitance.



Path 29: VIOLATED (-16 ps) Setup Check with Pin pp_fir_1_1_1/Delay_Pipeline_reg_im_reg[8][6]/CK->D
           View: view_wcl_typical
          Group: clk
     Startpoint: (F) enb_1_8_0
          Clock: (R) clk
       Endpoint: (R) pp_fir_1_1_1/Delay_Pipeline_reg_im_reg[8][6]/D
          Clock: (R) clk

                     Capture       Launch     
        Clock Edge:+     500            0     
        Drv Adjust:+       0            0     
       Src Latency:+       0            0     
       Net Latency:+     200 (I)      200 (I) 
           Arrival:=     700          200     
                                              
             Setup:-       6                  
       Uncertainty:-     125                  
     Required Time:=     569                  
      Launch Clock:-     200                  
       Input Delay:-     300                  
         Data Path:-      85                  
             Slack:=     -16                  

Exceptions/Constraints:
  input_delay             300             functional_wcl_typic_2_line_1078 

#----------------------------------------------------------------------------------------------------------------------------------------------------
#                 Timing Point                   Flags   Arc   Edge           Cell             Fanout  Load Trans Delay Arrival       Instance       
#                                                                                                      (fF)  (ps)  (ps)   (ps)        Location       
#----------------------------------------------------------------------------------------------------------------------------------------------------
  enb_1_8_0                                      (@)     -     F     (arrival)                     20 109.7     4     0     500                (-,-) 
  pp_fir_1_1_1/FE_OFC3_enb_1_8_0/Y               (@)     A->Y  R     INV_X16M_A9PP140ZTL_C30        7  66.7    20    19     519   (105.3000,62.9000) 
  pp_fir_1_1_1/FE_OFC791_enb_1_8_0/Y             (@)     A->Y  F     INV_X16M_A9PP140ZTL_C30       11  36.2    17    15     533  (105.5800,110.6000) 
  pp_fir_1_1_1/FE_RC_857_0_dup/Y                 (@)     A->Y  F     BUFH_X16M_A9PP140ZTL_C30      15  34.9    10    17     551  (114.1200,125.9000) 
  pp_fir_1_1_1/FE_OCPC1461_FE_OFN201_n/Y         (@)     A->Y  F     BUFH_X16M_A9PP140ZTL_C30      14  25.2     8    15     566  (111.8800,142.1000) 
  pp_fir_1_1_1/g14362__1881/Y                    (@)     S0->Y R     MXT2_X3M_A9PP140ZTL_C30        1   0.9     7    19     585  (112.0200,145.7000) 
  pp_fir_1_1_1/Delay_Pipeline_reg_im_reg[8][6]/D -       -     R     DFFRPQ_X4M_A9PP140ZTL_C30      1     -     -     0     585  (111.1800,146.6000) 
#----------------------------------------------------------------------------------------------------------------------------------------------------

(@) : Annotated capacitance.



Path 30: VIOLATED (-16 ps) Setup Check with Pin pp_fir_1_1_1/Delay_Pipeline_reg_im_reg[8][10]/CK->D
           View: view_wcl_typical
          Group: clk
     Startpoint: (F) enb_1_8_0
          Clock: (R) clk
       Endpoint: (R) pp_fir_1_1_1/Delay_Pipeline_reg_im_reg[8][10]/D
          Clock: (R) clk

                     Capture       Launch     
        Clock Edge:+     500            0     
        Drv Adjust:+       0            0     
       Src Latency:+       0            0     
       Net Latency:+     200 (I)      200 (I) 
           Arrival:=     700          200     
                                              
             Setup:-       6                  
       Uncertainty:-     125                  
     Required Time:=     569                  
      Launch Clock:-     200                  
       Input Delay:-     300                  
         Data Path:-      84                  
             Slack:=     -16                  

Exceptions/Constraints:
  input_delay             300             functional_wcl_typic_2_line_1078 

#-----------------------------------------------------------------------------------------------------------------------------------------------------
#                  Timing Point                   Flags   Arc   Edge           Cell             Fanout  Load Trans Delay Arrival       Instance       
#                                                                                                       (fF)  (ps)  (ps)   (ps)        Location       
#-----------------------------------------------------------------------------------------------------------------------------------------------------
  enb_1_8_0                                       (@)     -     F     (arrival)                     20 109.7     4     0     500                (-,-) 
  pp_fir_1_1_1/FE_OFC3_enb_1_8_0/Y                (@)     A->Y  R     INV_X16M_A9PP140ZTL_C30        7  66.7    20    19     519   (105.3000,62.9000) 
  pp_fir_1_1_1/FE_OFC791_enb_1_8_0/Y              (@)     A->Y  F     INV_X16M_A9PP140ZTL_C30       11  36.2    17    15     533  (105.5800,110.6000) 
  pp_fir_1_1_1/FE_RC_857_0_dup/Y                  (@)     A->Y  F     BUFH_X16M_A9PP140ZTL_C30      15  34.9    10    17     551  (114.1200,125.9000) 
  pp_fir_1_1_1/FE_OCPC1471_FE_OFN201_n/Y          (@)     A->Y  F     BUF_X16M_A9PP140ZTL_C30        5   9.9     6    17     567  (115.6600,150.2000) 
  pp_fir_1_1_1/g14375__5477/Y                     (@)     S0->Y R     MXT2_X3M_A9PP140ZTL_C30        1   0.8     6    17     584  (114.4000,151.1000) 
  pp_fir_1_1_1/Delay_Pipeline_reg_im_reg[8][10]/D -       -     R     DFFRPQ_X3M_A9PP140ZTL_C30      1     -     -     0     584  (114.2600,152.9000) 
#-----------------------------------------------------------------------------------------------------------------------------------------------------

(@) : Annotated capacitance.



Path 31: VIOLATED (-16 ps) Setup Check with Pin pp_fir_1_1_1/Delay_Pipeline_reg_im_reg[7][6]/CK->D
           View: view_wcl_typical
          Group: clk
     Startpoint: (F) enb_1_8_0
          Clock: (R) clk
       Endpoint: (R) pp_fir_1_1_1/Delay_Pipeline_reg_im_reg[7][6]/D
          Clock: (R) clk

                     Capture       Launch     
        Clock Edge:+     500            0     
        Drv Adjust:+       0            0     
       Src Latency:+       0            0     
       Net Latency:+     200 (I)      200 (I) 
           Arrival:=     700          200     
                                              
             Setup:-       6                  
       Uncertainty:-     125                  
     Required Time:=     569                  
      Launch Clock:-     200                  
       Input Delay:-     300                  
         Data Path:-      85                  
             Slack:=     -16                  

Exceptions/Constraints:
  input_delay             300             functional_wcl_typic_2_line_1078 

#----------------------------------------------------------------------------------------------------------------------------------------------------
#                 Timing Point                   Flags   Arc   Edge           Cell             Fanout  Load Trans Delay Arrival       Instance       
#                                                                                                      (fF)  (ps)  (ps)   (ps)        Location       
#----------------------------------------------------------------------------------------------------------------------------------------------------
  enb_1_8_0                                      (@)     -     F     (arrival)                     20 109.7     4     0     500                (-,-) 
  pp_fir_1_1_1/FE_OFC3_enb_1_8_0/Y               (@)     A->Y  R     INV_X16M_A9PP140ZTL_C30        7  66.7    20    19     519   (105.3000,62.9000) 
  pp_fir_1_1_1/FE_OFC791_enb_1_8_0/Y             (@)     A->Y  F     INV_X16M_A9PP140ZTL_C30       11  36.2    17    15     533  (105.5800,110.6000) 
  pp_fir_1_1_1/FE_RC_857_0_dup/Y                 (@)     A->Y  F     BUFH_X16M_A9PP140ZTL_C30      15  34.9    10    17     551  (114.1200,125.9000) 
  pp_fir_1_1_1/FE_OCPC1461_FE_OFN201_n/Y         (@)     A->Y  F     BUFH_X16M_A9PP140ZTL_C30      14  25.2     8    15     566  (111.8800,142.1000) 
  pp_fir_1_1_1/g14311__9315/Y                    (@)     S0->Y R     MXT2_X3M_A9PP140ZTL_C30        1   0.8     6    19     585  (109.0800,145.7000) 
  pp_fir_1_1_1/Delay_Pipeline_reg_im_reg[7][6]/D -       -     R     DFFRPQ_X4M_A9PP140ZTL_C30      1     -     -     0     585  (108.1000,146.6000) 
#----------------------------------------------------------------------------------------------------------------------------------------------------

(@) : Annotated capacitance.



Path 32: VIOLATED (-16 ps) Setup Check with Pin pp_fir_1_1_1/Delay_Pipeline_reg_im_reg[8][15]/CK->D
           View: view_wcl_typical
          Group: clk
     Startpoint: (F) enb_1_8_0
          Clock: (R) clk
       Endpoint: (R) pp_fir_1_1_1/Delay_Pipeline_reg_im_reg[8][15]/D
          Clock: (R) clk

                     Capture       Launch     
        Clock Edge:+     500            0     
        Drv Adjust:+       0            0     
       Src Latency:+       0            0     
       Net Latency:+     200 (I)      200 (I) 
           Arrival:=     700          200     
                                              
             Setup:-       6                  
       Uncertainty:-     125                  
     Required Time:=     569                  
      Launch Clock:-     200                  
       Input Delay:-     300                  
         Data Path:-      84                  
             Slack:=     -16                  

Exceptions/Constraints:
  input_delay             300             functional_wcl_typic_2_line_1078 

#-----------------------------------------------------------------------------------------------------------------------------------------------------
#                  Timing Point                   Flags   Arc   Edge           Cell             Fanout  Load Trans Delay Arrival       Instance       
#                                                                                                       (fF)  (ps)  (ps)   (ps)        Location       
#-----------------------------------------------------------------------------------------------------------------------------------------------------
  enb_1_8_0                                       (@)     -     F     (arrival)                     20 109.7     4     0     500                (-,-) 
  pp_fir_1_1_1/FE_OFC3_enb_1_8_0/Y                (@)     A->Y  R     INV_X16M_A9PP140ZTL_C30        7  66.7    20    19     519   (105.3000,62.9000) 
  pp_fir_1_1_1/FE_OFC791_enb_1_8_0/Y              (@)     A->Y  F     INV_X16M_A9PP140ZTL_C30       11  36.2    17    15     533  (105.5800,110.6000) 
  pp_fir_1_1_1/FE_RC_857_0_dup/Y                  (@)     A->Y  F     BUFH_X16M_A9PP140ZTL_C30      15  34.9    10    17     551  (114.1200,125.9000) 
  pp_fir_1_1_1/FE_OCPC1471_FE_OFN201_n/Y          (@)     A->Y  F     BUF_X16M_A9PP140ZTL_C30        5   9.9     6    17     567  (115.6600,150.2000) 
  pp_fir_1_1_1/g14391__49117/Y                    (@)     S0->Y R     MXT2_X3M_A9PP140ZTL_C30        1   0.8     6    17     584  (109.0800,152.9000) 
  pp_fir_1_1_1/Delay_Pipeline_reg_im_reg[8][15]/D -       -     R     DFFRPQ_X3M_A9PP140ZTL_C30      1     -     -     0     584  (108.5200,152.0000) 
#-----------------------------------------------------------------------------------------------------------------------------------------------------

(@) : Annotated capacitance.



Path 33: VIOLATED (-16 ps) Setup Check with Pin pp_fir_1_1_1/Delay_Pipeline_reg_im_reg[7][5]/CK->D
           View: view_wcl_typical
          Group: clk
     Startpoint: (F) enb_1_8_0
          Clock: (R) clk
       Endpoint: (R) pp_fir_1_1_1/Delay_Pipeline_reg_im_reg[7][5]/D
          Clock: (R) clk

                     Capture       Launch     
        Clock Edge:+     500            0     
        Drv Adjust:+       0            0     
       Src Latency:+       0            0     
       Net Latency:+     200 (I)      200 (I) 
           Arrival:=     700          200     
                                              
             Setup:-       6                  
       Uncertainty:-     125                  
     Required Time:=     569                  
      Launch Clock:-     200                  
       Input Delay:-     300                  
         Data Path:-      85                  
             Slack:=     -16                  

Exceptions/Constraints:
  input_delay             300             functional_wcl_typic_2_line_1078 

#----------------------------------------------------------------------------------------------------------------------------------------------------
#                 Timing Point                   Flags   Arc   Edge           Cell             Fanout  Load Trans Delay Arrival       Instance       
#                                                                                                      (fF)  (ps)  (ps)   (ps)        Location       
#----------------------------------------------------------------------------------------------------------------------------------------------------
  enb_1_8_0                                      (@)     -     F     (arrival)                     20 109.7     4     0     500                (-,-) 
  pp_fir_1_1_1/FE_OFC3_enb_1_8_0/Y               (@)     A->Y  R     INV_X16M_A9PP140ZTL_C30        7  66.7    20    19     519   (105.3000,62.9000) 
  pp_fir_1_1_1/FE_OFC791_enb_1_8_0/Y             (@)     A->Y  F     INV_X16M_A9PP140ZTL_C30       11  36.2    17    15     533  (105.5800,110.6000) 
  pp_fir_1_1_1/FE_RC_857_0_dup/Y                 (@)     A->Y  F     BUFH_X16M_A9PP140ZTL_C30      15  34.9    10    17     551  (114.1200,125.9000) 
  pp_fir_1_1_1/FE_OCPC1461_FE_OFN201_n/Y         (@)     A->Y  F     BUFH_X16M_A9PP140ZTL_C30      14  25.2     8    15     566  (111.8800,142.1000) 
  pp_fir_1_1_1/g14307__5115/Y                    (@)     S0->Y R     MXT2_X3M_A9PP140ZTL_C30        1   0.7     6    19     585  (109.3600,143.9000) 
  pp_fir_1_1_1/Delay_Pipeline_reg_im_reg[7][5]/D -       -     R     DFFRPQ_X4M_A9PP140ZTL_C30      1     -     -     0     585  (108.9400,144.8000) 
#----------------------------------------------------------------------------------------------------------------------------------------------------

(@) : Annotated capacitance.



Path 34: VIOLATED (-16 ps) Setup Check with Pin pp_fir_1_1_1/Delay_Pipeline_reg_im_reg[3][6]/CK->D
           View: view_wcl_typical
          Group: clk
     Startpoint: (F) enb_1_8_0
          Clock: (R) clk
       Endpoint: (F) pp_fir_1_1_1/Delay_Pipeline_reg_im_reg[3][6]/D
          Clock: (R) clk

                     Capture       Launch     
        Clock Edge:+     500            0     
        Drv Adjust:+       0            0     
       Src Latency:+       0            0     
       Net Latency:+     200 (I)      200 (I) 
           Arrival:=     700          200     
                                              
             Setup:-      29                  
       Uncertainty:-     125                  
     Required Time:=     546                  
      Launch Clock:-     200                  
       Input Delay:-     300                  
         Data Path:-      62                  
             Slack:=     -16                  

Exceptions/Constraints:
  input_delay             300             functional_wcl_typic_2_line_1078 

#----------------------------------------------------------------------------------------------------------------------------------------------------
#                 Timing Point                   Flags   Arc   Edge            Cell             Fanout  Load Trans Delay Arrival       Instance      
#                                                                                                       (fF)  (ps)  (ps)   (ps)        Location      
#----------------------------------------------------------------------------------------------------------------------------------------------------
  enb_1_8_0                                      (@)     -     F     (arrival)                      20 109.7     4     0     500               (-,-) 
  pp_fir_1_1_1/FE_OFC3_enb_1_8_0/Y               (@)     A->Y  R     INV_X16M_A9PP140ZTL_C30         7  66.7    20    19     519  (105.3000,62.9000) 
  pp_fir_1_1_1/FE_OFC785_enb_1_8_0/Y             (@)     A->Y  F     INV_X9M_A9PP140ZTL_C30          1   9.8    10     8     527  (105.5800,62.9000) 
  pp_fir_1_1_1/FE_OFC893_enb_1_8_0/Y             (#)     A->Y  R     INV_X16M_A9PP140ZTL_C30         5  53.8    17    10     537  (105.8600,62.9000) 
  pp_fir_1_1_1/FE_OFC896_enb_1_8_0/Y             (@)     A->Y  F     INV_X16M_A9PP140ZTL_C30        19  33.2    13    13     550  (105.8600,86.3000) 
  pp_fir_1_1_1/g14111__29569/Y                   (@)     S0->Y F     MXIT2_X4M_A9PP140ZTL_C30        1   0.8    14    12     561  (100.2600,86.3000) 
  pp_fir_1_1_1/Delay_Pipeline_reg_im_reg[3][6]/D -       -     F     DFFRPQA_X1M_A9PP140ZTL_C30      1     -     -     0     562   (99.5600,88.1000) 
#----------------------------------------------------------------------------------------------------------------------------------------------------

(#) : Net either has Non-default Routes or has been promoted to higher metal layers.
(@) : Annotated capacitance.



Path 35: VIOLATED (-16 ps) Setup Check with Pin pp_fir_1_1_1/sum1_12_im_1_reg[15]/CK->D
           View: view_wcl_typical
          Group: clk
     Startpoint: (F) enb_1_8_0
          Clock: (R) clk
       Endpoint: (R) pp_fir_1_1_1/sum1_12_im_1_reg[15]/D
          Clock: (R) clk

                     Capture       Launch     
        Clock Edge:+     500            0     
        Drv Adjust:+       0            0     
       Src Latency:+       0            0     
       Net Latency:+     200 (I)      200 (I) 
           Arrival:=     700          200     
                                              
             Setup:-       6                  
       Uncertainty:-     125                  
     Required Time:=     569                  
      Launch Clock:-     200                  
       Input Delay:-     300                  
         Data Path:-      84                  
             Slack:=     -16                  

Exceptions/Constraints:
  input_delay             300             functional_wcl_typic_2_line_1078 

#--------------------------------------------------------------------------------------------------------------------------------------------
#             Timing Point               Flags   Arc   Edge           Cell             Fanout  Load Trans Delay Arrival       Instance       
#                                                                                              (fF)  (ps)  (ps)   (ps)        Location       
#--------------------------------------------------------------------------------------------------------------------------------------------
  enb_1_8_0                              (@)     -     F     (arrival)                     20 109.7     4     0     500                (-,-) 
  pp_fir_1_1_1/FE_OFC3_enb_1_8_0/Y       (@)     A->Y  R     INV_X16M_A9PP140ZTL_C30        7  66.7    20    19     519   (105.3000,62.9000) 
  pp_fir_1_1_1/FE_OFC791_enb_1_8_0/Y     (@)     A->Y  F     INV_X16M_A9PP140ZTL_C30       11  36.2    17    15     533  (105.5800,110.6000) 
  pp_fir_1_1_1/FE_RC_857_0/Y             (#)     A->Y  F     BUFH_X16M_A9PP140ZTL_C30      23  34.0    10    20     553  (114.1200,125.9000) 
  pp_fir_1_1_1/FE_OCPC1450_FE_OFN201_n/Y (@)     A->Y  F     BUF_X11M_A9PP140ZTL_C30        5   7.8     6    14     567  (133.0200,143.0000) 
  pp_fir_1_1_1/g14813__1881/Y            (@)     S0->Y R     MXT2_X3M_A9PP140ZTL_C30        1   0.7     6    17     584  (132.0400,141.2000) 
  pp_fir_1_1_1/sum1_12_im_1_reg[15]/D    -       -     R     DFFRPQ_X3M_A9PP140ZTL_C30      1     -     -     0     584  (131.2000,140.3000) 
#--------------------------------------------------------------------------------------------------------------------------------------------

(#) : Net either has Non-default Routes or has been promoted to higher metal layers.
(@) : Annotated capacitance.



Path 36: VIOLATED (-16 ps) Setup Check with Pin pp_fir_1_1_1/Delay_Pipeline_reg_im_reg[8][12]/CK->D
           View: view_wcl_typical
          Group: clk
     Startpoint: (F) enb_1_8_0
          Clock: (R) clk
       Endpoint: (R) pp_fir_1_1_1/Delay_Pipeline_reg_im_reg[8][12]/D
          Clock: (R) clk

                     Capture       Launch     
        Clock Edge:+     500            0     
        Drv Adjust:+       0            0     
       Src Latency:+       0            0     
       Net Latency:+     200 (I)      200 (I) 
           Arrival:=     700          200     
                                              
             Setup:-       6                  
       Uncertainty:-     125                  
     Required Time:=     569                  
      Launch Clock:-     200                  
       Input Delay:-     300                  
         Data Path:-      84                  
             Slack:=     -16                  

Exceptions/Constraints:
  input_delay             300             functional_wcl_typic_2_line_1078 

#-----------------------------------------------------------------------------------------------------------------------------------------------------
#                  Timing Point                   Flags   Arc   Edge           Cell             Fanout  Load Trans Delay Arrival       Instance       
#                                                                                                       (fF)  (ps)  (ps)   (ps)        Location       
#-----------------------------------------------------------------------------------------------------------------------------------------------------
  enb_1_8_0                                       (@)     -     F     (arrival)                     20 109.7     4     0     500                (-,-) 
  pp_fir_1_1_1/FE_OFC3_enb_1_8_0/Y                (@)     A->Y  R     INV_X16M_A9PP140ZTL_C30        7  66.7    20    19     519   (105.3000,62.9000) 
  pp_fir_1_1_1/FE_OFC791_enb_1_8_0/Y              (@)     A->Y  F     INV_X16M_A9PP140ZTL_C30       11  36.2    17    15     533  (105.5800,110.6000) 
  pp_fir_1_1_1/FE_RC_857_0_dup/Y                  (@)     A->Y  F     BUFH_X16M_A9PP140ZTL_C30      15  34.9    10    17     551  (114.1200,125.9000) 
  pp_fir_1_1_1/FE_OCPC1471_FE_OFN201_n/Y          (@)     A->Y  F     BUF_X16M_A9PP140ZTL_C30        5   9.9     6    17     567  (115.6600,150.2000) 
  pp_fir_1_1_1/g14382__6783/Y                     (@)     S0->Y R     MXT2_X3M_A9PP140ZTL_C30        1   0.7     6    17     584  (112.1600,151.1000) 
  pp_fir_1_1_1/Delay_Pipeline_reg_im_reg[8][12]/D -       -     R     DFFRPQ_X3M_A9PP140ZTL_C30      1     -     -     0     584  (111.6000,152.0000) 
#-----------------------------------------------------------------------------------------------------------------------------------------------------

(@) : Annotated capacitance.



Path 37: VIOLATED (-15 ps) Setup Check with Pin pp_fir_1_1_1/Delay_Pipeline_reg_im_reg[10][12]/CK->D
           View: view_wcl_typical
          Group: clk
     Startpoint: (F) enb_1_8_0
          Clock: (R) clk
       Endpoint: (R) pp_fir_1_1_1/Delay_Pipeline_reg_im_reg[10][12]/D
          Clock: (R) clk

                     Capture       Launch     
        Clock Edge:+     500            0     
        Drv Adjust:+       0            0     
       Src Latency:+       0            0     
       Net Latency:+     200 (I)      200 (I) 
           Arrival:=     700          200     
                                              
             Setup:-       6                  
       Uncertainty:-     125                  
     Required Time:=     569                  
      Launch Clock:-     200                  
       Input Delay:-     300                  
         Data Path:-      84                  
             Slack:=     -15                  

Exceptions/Constraints:
  input_delay             300             functional_wcl_typic_2_line_1078 

#------------------------------------------------------------------------------------------------------------------------------------------------------
#                  Timing Point                    Flags   Arc   Edge           Cell             Fanout  Load Trans Delay Arrival       Instance       
#                                                                                                        (fF)  (ps)  (ps)   (ps)        Location       
#------------------------------------------------------------------------------------------------------------------------------------------------------
  enb_1_8_0                                        (@)     -     F     (arrival)                     20 109.7     4     0     500                (-,-) 
  pp_fir_1_1_1/FE_OFC3_enb_1_8_0/Y                 (@)     A->Y  R     INV_X16M_A9PP140ZTL_C30        7  66.7    20    19     519   (105.3000,62.9000) 
  pp_fir_1_1_1/FE_OFC791_enb_1_8_0/Y               (@)     A->Y  F     INV_X16M_A9PP140ZTL_C30       11  36.2    17    15     533  (105.5800,110.6000) 
  pp_fir_1_1_1/FE_RC_857_0/Y                       (#)     A->Y  F     BUFH_X16M_A9PP140ZTL_C30      23  34.0    10    20     553  (114.1200,125.9000) 
  pp_fir_1_1_1/FE_OCPC1450_FE_OFN201_n/Y           (@)     A->Y  F     BUF_X11M_A9PP140ZTL_C30        5   7.8     6    14     567  (133.0200,143.0000) 
  pp_fir_1_1_1/g14483__2346/Y                      (@)     S0->Y R     MXT2_X3M_A9PP140ZTL_C30        1   0.8     6    17     584  (133.4400,142.1000) 
  pp_fir_1_1_1/Delay_Pipeline_reg_im_reg[10][12]/D -       -     R     DFFRPQ_X3M_A9PP140ZTL_C30      1     -     -     0     584  (134.7000,142.1000) 
#------------------------------------------------------------------------------------------------------------------------------------------------------

(#) : Net either has Non-default Routes or has been promoted to higher metal layers.
(@) : Annotated capacitance.



Path 38: VIOLATED (-15 ps) Setup Check with Pin pp_fir_1_1_1/Delay_Pipeline_reg_re_reg[2][2]/CK->D
           View: view_wcl_typical
          Group: clk
     Startpoint: (R) enb_1_8_0
          Clock: (R) clk
       Endpoint: (F) pp_fir_1_1_1/Delay_Pipeline_reg_re_reg[2][2]/D
          Clock: (R) clk

                     Capture       Launch     
        Clock Edge:+     500            0     
        Drv Adjust:+       0            0     
       Src Latency:+       0            0     
       Net Latency:+     200 (I)      200 (I) 
           Arrival:=     700          200     
                                              
             Setup:-      28                  
       Uncertainty:-     125                  
     Required Time:=     547                  
      Launch Clock:-     200                  
       Input Delay:-     300                  
         Data Path:-      63                  
             Slack:=     -15                  

Exceptions/Constraints:
  input_delay             300             functional_wcl_typic_2_line_1078 

#----------------------------------------------------------------------------------------------------------------------------------------------------
#                 Timing Point                   Flags   Arc   Edge            Cell             Fanout  Load Trans Delay Arrival       Instance      
#                                                                                                       (fF)  (ps)  (ps)   (ps)        Location      
#----------------------------------------------------------------------------------------------------------------------------------------------------
  enb_1_8_0                                      (@)     -     R     (arrival)                      20 110.5     4     0     500               (-,-) 
  pp_fir_1_1_1/FE_RC_2981_0/Y                    (#)     A->Y  F     INV_X16M_A9PP140ZTL_C30         2  23.0     7     8     508  (109.6400,10.7000) 
  pp_fir_1_1_1/FE_OCPC1399_FE_OFN2_enb_1_8_0/Y   (@)     A->Y  R     INV_X16M_A9PP140ZTL_C30         4  32.8    11     8     516  (105.5800,24.2000) 
  pp_fir_1_1_1/FE_OCPC1401_FE_OFN2_enb_1_8_0/Y   (@)     A->Y  F     INV_X16M_A9PP140ZTL_C30         9  48.8    15    15     531  (105.5800,65.6000) 
  pp_fir_1_1_1/FE_OCPC2175_FE_OFN2_enb_1_8_0/Y   (@)     A->Y  R     INV_X6M_A9PP140ZTL_C30          6  14.1    13    13     543  (105.8600,67.4000) 
  pp_fir_1_1_1/g15575__5107/Y                    (@)     S0->Y F     MXT2_X2M_A9PP140ZTL_C30         1   0.8     8    19     562   (86.2600,67.4000) 
  pp_fir_1_1_1/Delay_Pipeline_reg_re_reg[2][2]/D -       -     F     DFFRPQA_X1M_A9PP140ZTL_C30      1     -     -     0     563   (85.4200,69.2000) 
#----------------------------------------------------------------------------------------------------------------------------------------------------

(#) : Net either has Non-default Routes or has been promoted to higher metal layers.
(@) : Annotated capacitance.



Path 39: VIOLATED (-15 ps) Setup Check with Pin pp_fir_1_1_1/sum3_3_im_1_reg[16]/CK->D
           View: view_wcl_typical
          Group: clk
     Startpoint: (F) enb_1_8_0
          Clock: (R) clk
       Endpoint: (R) pp_fir_1_1_1/sum3_3_im_1_reg[16]/D
          Clock: (R) clk

                     Capture       Launch     
        Clock Edge:+     500            0     
        Drv Adjust:+       0            0     
       Src Latency:+       0            0     
       Net Latency:+     200 (I)      200 (I) 
           Arrival:=     700          200     
                                              
             Setup:-       6                  
       Uncertainty:-     125                  
     Required Time:=     569                  
      Launch Clock:-     200                  
       Input Delay:-     300                  
         Data Path:-      84                  
             Slack:=     -15                  

Exceptions/Constraints:
  input_delay             300             functional_wcl_typic_2_line_1078 

#----------------------------------------------------------------------------------------------------------------------------------------------
#              Timing Point                Flags   Arc   Edge           Cell             Fanout  Load Trans Delay Arrival       Instance       
#                                                                                                (fF)  (ps)  (ps)   (ps)        Location       
#----------------------------------------------------------------------------------------------------------------------------------------------
  enb_1_8_0                                (@)     -     F     (arrival)                     20 109.7     4     0     500                (-,-) 
  pp_fir_1_1_1/FE_OFC3_enb_1_8_0/Y         (@)     A->Y  R     INV_X16M_A9PP140ZTL_C30        7  66.7    20    19     519   (105.3000,62.9000) 
  pp_fir_1_1_1/FE_OFC785_enb_1_8_0/Y       (@)     A->Y  F     INV_X9M_A9PP140ZTL_C30         1   9.8    10     8     527   (105.5800,62.9000) 
  pp_fir_1_1_1/FE_OFC893_enb_1_8_0/Y       (#)     A->Y  R     INV_X16M_A9PP140ZTL_C30        5  53.8    17    10     537   (105.8600,62.9000) 
  pp_fir_1_1_1/FE_OFC898_enb_1_8_0/Y       (@)     A->Y  F     INV_X16M_A9PP140ZTL_C30       20  38.5    16    12     549   (125.6000,94.4000) 
  pp_fir_1_1_1/FE_OCPC1485_FE_OFN10070_n/Y (@)     A->Y  F     BUFH_X16M_A9PP140ZTL_C30      13  22.8     8    17     566  (131.9000,110.6000) 
  pp_fir_1_1_1/g60071/Y                    (@)     S0->Y R     MXT2_X3M_A9PP140ZTL_C30        1   0.9     7    18     584  (141.2800,107.0000) 
  pp_fir_1_1_1/sum3_3_im_1_reg[16]/D       -       -     R     DFFRPQ_X3M_A9PP140ZTL_C30      1     -     -     0     584  (140.4400,108.8000) 
#----------------------------------------------------------------------------------------------------------------------------------------------

(#) : Net either has Non-default Routes or has been promoted to higher metal layers.
(@) : Annotated capacitance.



Path 40: VIOLATED (-15 ps) Setup Check with Pin pp_fir_1_1_1/Delay_Pipeline_reg_im_reg[22][12]/CK->D
           View: view_wcl_typical
          Group: clk
     Startpoint: (F) enb_1_8_0
          Clock: (R) clk
       Endpoint: (R) pp_fir_1_1_1/Delay_Pipeline_reg_im_reg[22][12]/D
          Clock: (R) clk

                     Capture       Launch     
        Clock Edge:+     500            0     
        Drv Adjust:+       0            0     
       Src Latency:+       0            0     
       Net Latency:+     200 (I)      200 (I) 
           Arrival:=     700          200     
                                              
             Setup:-       6                  
       Uncertainty:-     125                  
     Required Time:=     569                  
      Launch Clock:-     200                  
       Input Delay:-     300                  
         Data Path:-      84                  
             Slack:=     -15                  

Exceptions/Constraints:
  input_delay             300             functional_wcl_typic_2_line_1078 

#-----------------------------------------------------------------------------------------------------------------------------------------------------
#                  Timing Point                    Flags   Arc   Edge           Cell             Fanout  Load Trans Delay Arrival       Instance      
#                                                                                                        (fF)  (ps)  (ps)   (ps)        Location      
#-----------------------------------------------------------------------------------------------------------------------------------------------------
  enb_1_8_0                                        (@)     -     F     (arrival)                     20 109.7     4     0     500               (-,-) 
  pp_fir_1_1_1/FE_OFC3_enb_1_8_0/Y                 (@)     A->Y  R     INV_X16M_A9PP140ZTL_C30        7  66.7    20    19     519  (105.3000,62.9000) 
  pp_fir_1_1_1/FE_OFC786_enb_1_8_0/Y               (#)     A->Y  F     INV_X16M_A9PP140ZTL_C30        5  32.4    13    12     531  (128.6800,62.9000) 
  pp_fir_1_1_1/FE_OFC347_enb_1_8_0/Y               (#)     A->Y  F     BUF_X16M_A9PP140ZTL_C30       19  42.5    13    20     551  (168.4400,66.5000) 
  pp_fir_1_1_1/FE_OCPC1506_FE_OFN198_n/Y           (@)     A->Y  F     BUFH_X16M_A9PP140ZTL_C30      11  21.7     8    14     565  (192.9400,74.6000) 
  pp_fir_1_1_1/g15084__2883/Y                      (@)     S0->Y R     MXT2_X3M_A9PP140ZTL_C30        1   0.8     6    19     584  (200.2200,77.3000) 
  pp_fir_1_1_1/Delay_Pipeline_reg_im_reg[22][12]/D -       -     R     DFFRPQ_X3M_A9PP140ZTL_C30      1     -     -     0     584  (199.5200,79.1000) 
#-----------------------------------------------------------------------------------------------------------------------------------------------------

(#) : Net either has Non-default Routes or has been promoted to higher metal layers.
(@) : Annotated capacitance.



Path 41: VIOLATED (-15 ps) Setup Check with Pin pp_fir_1_1_1/Delay_Pipeline_reg_im_reg[21][15]/CK->D
           View: view_wcl_typical
          Group: clk
     Startpoint: (F) enb_1_8_0
          Clock: (R) clk
       Endpoint: (R) pp_fir_1_1_1/Delay_Pipeline_reg_im_reg[21][15]/D
          Clock: (R) clk

                     Capture       Launch     
        Clock Edge:+     500            0     
        Drv Adjust:+       0            0     
       Src Latency:+       0            0     
       Net Latency:+     200 (I)      200 (I) 
           Arrival:=     700          200     
                                              
             Setup:-       6                  
       Uncertainty:-     125                  
     Required Time:=     569                  
      Launch Clock:-     200                  
       Input Delay:-     300                  
         Data Path:-      84                  
             Slack:=     -15                  

Exceptions/Constraints:
  input_delay             300             functional_wcl_typic_2_line_1078 

#-----------------------------------------------------------------------------------------------------------------------------------------------------
#                  Timing Point                    Flags   Arc   Edge           Cell             Fanout  Load Trans Delay Arrival       Instance      
#                                                                                                        (fF)  (ps)  (ps)   (ps)        Location      
#-----------------------------------------------------------------------------------------------------------------------------------------------------
  enb_1_8_0                                        (@)     -     F     (arrival)                     20 109.7     4     0     500               (-,-) 
  pp_fir_1_1_1/FE_OFC3_enb_1_8_0/Y                 (@)     A->Y  R     INV_X16M_A9PP140ZTL_C30        7  66.7    20    19     519  (105.3000,62.9000) 
  pp_fir_1_1_1/FE_OFC786_enb_1_8_0/Y               (#)     A->Y  F     INV_X16M_A9PP140ZTL_C30        5  32.4    13    12     531  (128.6800,62.9000) 
  pp_fir_1_1_1/FE_OFC347_enb_1_8_0/Y               (#)     A->Y  F     BUF_X16M_A9PP140ZTL_C30       19  42.5    13    20     551  (168.4400,66.5000) 
  pp_fir_1_1_1/FE_OCPC1506_FE_OFN198_n/Y           (@)     A->Y  F     BUFH_X16M_A9PP140ZTL_C30      11  21.7     8    14     565  (192.9400,74.6000) 
  pp_fir_1_1_1/g61972/Y                            (@)     S0->Y R     MXT2_X3M_A9PP140ZTL_C30        1   1.1     7    19     584  (200.9200,72.8000) 
  pp_fir_1_1_1/Delay_Pipeline_reg_im_reg[21][15]/D -       -     R     DFFRPQ_X4M_A9PP140ZTL_C30      1     -     -     0     584  (200.9200,75.5000) 
#-----------------------------------------------------------------------------------------------------------------------------------------------------

(#) : Net either has Non-default Routes or has been promoted to higher metal layers.
(@) : Annotated capacitance.



Path 42: VIOLATED (-15 ps) Setup Check with Pin pp_fir_1_1_1/Delay_Pipeline_reg_im_reg[2][11]/CK->D
           View: view_wcl_typical
          Group: clk
     Startpoint: (R) enb_1_8_0
          Clock: (R) clk
       Endpoint: (F) pp_fir_1_1_1/Delay_Pipeline_reg_im_reg[2][11]/D
          Clock: (R) clk

                     Capture       Launch     
        Clock Edge:+     500            0     
        Drv Adjust:+       0            0     
       Src Latency:+       0            0     
       Net Latency:+     200 (I)      200 (I) 
           Arrival:=     700          200     
                                              
             Setup:-      28                  
       Uncertainty:-     125                  
     Required Time:=     548                  
      Launch Clock:-     200                  
       Input Delay:-     300                  
         Data Path:-      63                  
             Slack:=     -15                  

Exceptions/Constraints:
  input_delay             300             functional_wcl_typic_2_line_1078 

#-----------------------------------------------------------------------------------------------------------------------------------------------------
#                  Timing Point                   Flags   Arc   Edge            Cell             Fanout  Load Trans Delay Arrival       Instance      
#                                                                                                        (fF)  (ps)  (ps)   (ps)        Location      
#-----------------------------------------------------------------------------------------------------------------------------------------------------
  enb_1_8_0                                       (@)     -     R     (arrival)                      20 110.5     4     0     500               (-,-) 
  pp_fir_1_1_1/FE_RC_2981_0/Y                     (#)     A->Y  F     INV_X16M_A9PP140ZTL_C30         2  23.0     7     8     508  (109.6400,10.7000) 
  pp_fir_1_1_1/FE_OCPC1399_FE_OFN2_enb_1_8_0/Y    (@)     A->Y  R     INV_X16M_A9PP140ZTL_C30         4  32.8    11     8     516  (105.5800,24.2000) 
  pp_fir_1_1_1/FE_OCPC1401_FE_OFN2_enb_1_8_0/Y    (@)     A->Y  F     INV_X16M_A9PP140ZTL_C30         9  48.8    15    15     531  (105.5800,65.6000) 
  pp_fir_1_1_1/FE_OCPC2175_FE_OFN2_enb_1_8_0/Y    (@)     A->Y  R     INV_X6M_A9PP140ZTL_C30          6  14.1    13    13     543  (105.8600,67.4000) 
  pp_fir_1_1_1/g14078__61976/Y                    (@)     S0->Y F     MXT2_X2M_A9PP140ZTL_C30         1   0.7     7    19     563   (87.5200,74.6000) 
  pp_fir_1_1_1/Delay_Pipeline_reg_im_reg[2][11]/D -       -     F     DFFRPQA_X1M_A9PP140ZTL_C30      1     -     -     0     563   (86.5400,75.5000) 
#-----------------------------------------------------------------------------------------------------------------------------------------------------

(#) : Net either has Non-default Routes or has been promoted to higher metal layers.
(@) : Annotated capacitance.



Path 43: VIOLATED (-15 ps) Setup Check with Pin pp_fir_1_1_1/sum2_6_im_1_reg[15]/CK->D
           View: view_wcl_typical
          Group: clk
     Startpoint: (F) enb_1_8_0
          Clock: (R) clk
       Endpoint: (R) pp_fir_1_1_1/sum2_6_im_1_reg[15]/D
          Clock: (R) clk

                     Capture       Launch     
        Clock Edge:+     500            0     
        Drv Adjust:+       0            0     
       Src Latency:+       0            0     
       Net Latency:+     200 (I)      200 (I) 
           Arrival:=     700          200     
                                              
             Setup:-       6                  
       Uncertainty:-     125                  
     Required Time:=     569                  
      Launch Clock:-     200                  
       Input Delay:-     300                  
         Data Path:-      84                  
             Slack:=     -15                  

Exceptions/Constraints:
  input_delay             300             functional_wcl_typic_2_line_1078 

#----------------------------------------------------------------------------------------------------------------------------------------------
#              Timing Point                Flags   Arc   Edge           Cell             Fanout  Load Trans Delay Arrival       Instance       
#                                                                                                (fF)  (ps)  (ps)   (ps)        Location       
#----------------------------------------------------------------------------------------------------------------------------------------------
  enb_1_8_0                                (@)     -     F     (arrival)                     20 109.7     4     0     500                (-,-) 
  pp_fir_1_1_1/FE_OFC3_enb_1_8_0/Y         (@)     A->Y  R     INV_X16M_A9PP140ZTL_C30        7  66.7    20    19     519   (105.3000,62.9000) 
  pp_fir_1_1_1/FE_OFC785_enb_1_8_0/Y       (@)     A->Y  F     INV_X9M_A9PP140ZTL_C30         1   9.8    10     8     527   (105.5800,62.9000) 
  pp_fir_1_1_1/FE_OFC893_enb_1_8_0/Y       (#)     A->Y  R     INV_X16M_A9PP140ZTL_C30        5  53.8    17    10     537   (105.8600,62.9000) 
  pp_fir_1_1_1/FE_OFC898_enb_1_8_0/Y       (@)     A->Y  F     INV_X16M_A9PP140ZTL_C30       20  38.5    16    12     549   (125.6000,94.4000) 
  pp_fir_1_1_1/FE_OCPC1485_FE_OFN10070_n/Y (@)     A->Y  F     BUFH_X16M_A9PP140ZTL_C30      13  22.8     8    17     566  (131.9000,110.6000) 
  pp_fir_1_1_1/g38872/Y                    (@)     S0->Y R     MXT2_X3M_A9PP140ZTL_C30        1   0.8     8    18     584  (135.5400,113.3000) 
  pp_fir_1_1_1/sum2_6_im_1_reg[15]/D       -       -     R     DFFRPQ_X3M_A9PP140ZTL_C30      1     -     -     0     584  (136.1000,112.4000) 
#----------------------------------------------------------------------------------------------------------------------------------------------

(#) : Net either has Non-default Routes or has been promoted to higher metal layers.
(@) : Annotated capacitance.



Path 44: VIOLATED (-15 ps) Setup Check with Pin pp_fir_1_1_1/Delay_Pipeline_reg_im_reg[11][4]/CK->D
           View: view_wcl_typical
          Group: clk
     Startpoint: (F) enb_1_8_0
          Clock: (R) clk
       Endpoint: (R) pp_fir_1_1_1/Delay_Pipeline_reg_im_reg[11][4]/D
          Clock: (R) clk

                     Capture       Launch     
        Clock Edge:+     500            0     
        Drv Adjust:+       0            0     
       Src Latency:+       0            0     
       Net Latency:+     200 (I)      200 (I) 
           Arrival:=     700          200     
                                              
             Setup:-       6                  
       Uncertainty:-     125                  
     Required Time:=     569                  
      Launch Clock:-     200                  
       Input Delay:-     300                  
         Data Path:-      84                  
             Slack:=     -15                  

Exceptions/Constraints:
  input_delay             300             functional_wcl_typic_2_line_1078 

#-----------------------------------------------------------------------------------------------------------------------------------------------------
#                  Timing Point                   Flags   Arc   Edge           Cell             Fanout  Load Trans Delay Arrival       Instance       
#                                                                                                       (fF)  (ps)  (ps)   (ps)        Location       
#-----------------------------------------------------------------------------------------------------------------------------------------------------
  enb_1_8_0                                       (@)     -     F     (arrival)                     20 109.7     4     0     500                (-,-) 
  pp_fir_1_1_1/FE_OFC3_enb_1_8_0/Y                (@)     A->Y  R     INV_X16M_A9PP140ZTL_C30        7  66.7    20    19     519   (105.3000,62.9000) 
  pp_fir_1_1_1/FE_OFC785_enb_1_8_0/Y              (@)     A->Y  F     INV_X9M_A9PP140ZTL_C30         1   9.8    10     8     527   (105.5800,62.9000) 
  pp_fir_1_1_1/FE_OFC893_enb_1_8_0/Y              (#)     A->Y  R     INV_X16M_A9PP140ZTL_C30        5  53.8    17    10     537   (105.8600,62.9000) 
  pp_fir_1_1_1/FE_OFC898_enb_1_8_0/Y              (@)     A->Y  F     INV_X16M_A9PP140ZTL_C30       20  38.5    16    12     549   (125.6000,94.4000) 
  pp_fir_1_1_1/FE_OCPC1485_FE_OFN10070_n/Y        (@)     A->Y  F     BUFH_X16M_A9PP140ZTL_C30      13  22.8     8    17     566  (131.9000,110.6000) 
  pp_fir_1_1_1/g14515__5477/Y                     (@)     S0->Y R     MXT2_X3M_A9PP140ZTL_C30        1   0.9     7    18     584  (133.8600,115.1000) 
  pp_fir_1_1_1/Delay_Pipeline_reg_im_reg[11][4]/D -       -     R     DFFRPQ_X3M_A9PP140ZTL_C30      1     -     -     0     584  (134.0000,114.2000) 
#-----------------------------------------------------------------------------------------------------------------------------------------------------

(#) : Net either has Non-default Routes or has been promoted to higher metal layers.
(@) : Annotated capacitance.



Path 45: VIOLATED (-15 ps) Setup Check with Pin pp_fir_1_1_1/sum1_5_im_1_reg[23]/CK->D
           View: view_wcl_typical
          Group: clk
     Startpoint: (F) enb_1_8_0
          Clock: (R) clk
       Endpoint: (R) pp_fir_1_1_1/sum1_5_im_1_reg[23]/D
          Clock: (R) clk

                     Capture       Launch     
        Clock Edge:+     500            0     
        Drv Adjust:+       0            0     
       Src Latency:+       0            0     
       Net Latency:+     200 (I)      200 (I) 
           Arrival:=     700          200     
                                              
             Setup:-       6                  
       Uncertainty:-     125                  
     Required Time:=     569                  
      Launch Clock:-     200                  
       Input Delay:-     300                  
         Data Path:-      84                  
             Slack:=     -15                  

Exceptions/Constraints:
  input_delay             300             functional_wcl_typic_2_line_1078 

#------------------------------------------------------------------------------------------------------------------------------------------------
#                Timing Point                 Flags   Arc   Edge           Cell             Fanout  Load Trans Delay Arrival       Instance      
#                                                                                                   (fF)  (ps)  (ps)   (ps)        Location      
#------------------------------------------------------------------------------------------------------------------------------------------------
  enb_1_8_0                                   (@)     -     F     (arrival)                     20 109.7     4     0     500               (-,-) 
  pp_fir_1_1_1/FE_OFC3_enb_1_8_0/Y            (@)     A->Y  R     INV_X16M_A9PP140ZTL_C30        7  66.7    20    19     519  (105.3000,62.9000) 
  pp_fir_1_1_1/FE_OFC786_enb_1_8_0/Y          (#)     A->Y  F     INV_X16M_A9PP140ZTL_C30        5  32.4    13    12     531  (128.6800,62.9000) 
  pp_fir_1_1_1/FE_OFC351_enb_1_8_0/Y          (@)     A->Y  F     BUFH_X16M_A9PP140ZTL_C30       6  29.1     8    13     544  (171.3800,79.1000) 
  pp_fir_1_1_1/FE_OCPC1467_FE_OFN202_n_dup1/Y (#)     A->Y  F     BUFH_X16M_A9PP140ZTL_C30      27  47.8    13    18     562  (181.8800,92.6000) 
  pp_fir_1_1_1/g14223__29628/Y                (@)     S0->Y R     MXT2_X3M_A9PP140ZTL_C30        1   1.0     7    22     584  (187.6200,90.8000) 
  pp_fir_1_1_1/sum1_5_im_1_reg[23]/D          -       -     R     DFFRPQ_X3M_A9PP140ZTL_C30      1     -     -     0     584  (186.7800,91.7000) 
#------------------------------------------------------------------------------------------------------------------------------------------------

(#) : Net either has Non-default Routes or has been promoted to higher metal layers.
(@) : Annotated capacitance.



Path 46: VIOLATED (-15 ps) Setup Check with Pin pp_fir_1_1_1/Delay_Pipeline_reg_im_reg[24][11]/CK->D
           View: view_wcl_typical
          Group: clk
     Startpoint: (F) enb_1_8_0
          Clock: (R) clk
       Endpoint: (R) pp_fir_1_1_1/Delay_Pipeline_reg_im_reg[24][11]/D
          Clock: (R) clk

                     Capture       Launch     
        Clock Edge:+     500            0     
        Drv Adjust:+       0            0     
       Src Latency:+       0            0     
       Net Latency:+     200 (I)      200 (I) 
           Arrival:=     700          200     
                                              
             Setup:-       6                  
       Uncertainty:-     125                  
     Required Time:=     569                  
      Launch Clock:-     200                  
       Input Delay:-     300                  
         Data Path:-      84                  
             Slack:=     -15                  

Exceptions/Constraints:
  input_delay             300             functional_wcl_typic_2_line_1078 

#-----------------------------------------------------------------------------------------------------------------------------------------------------
#                  Timing Point                    Flags   Arc   Edge           Cell             Fanout  Load Trans Delay Arrival       Instance      
#                                                                                                        (fF)  (ps)  (ps)   (ps)        Location      
#-----------------------------------------------------------------------------------------------------------------------------------------------------
  enb_1_8_0                                        (@)     -     F     (arrival)                     20 109.7     4     0     500               (-,-) 
  pp_fir_1_1_1/FE_OFC3_enb_1_8_0/Y                 (@)     A->Y  R     INV_X16M_A9PP140ZTL_C30        7  66.7    20    19     519  (105.3000,62.9000) 
  pp_fir_1_1_1/FE_OFC786_enb_1_8_0/Y               (#)     A->Y  F     INV_X16M_A9PP140ZTL_C30        5  32.4    13    12     531  (128.6800,62.9000) 
  pp_fir_1_1_1/FE_OFC351_enb_1_8_0/Y               (@)     A->Y  F     BUFH_X16M_A9PP140ZTL_C30       6  29.1     8    13     544  (171.3800,79.1000) 
  pp_fir_1_1_1/FE_OCPC1467_FE_OFN202_n_dup1/Y      (#)     A->Y  F     BUFH_X16M_A9PP140ZTL_C30      27  47.8    13    18     562  (181.8800,92.6000) 
  pp_fir_1_1_1/g15128__4733/Y                      (@)     S0->Y R     MXT2_X3M_A9PP140ZTL_C30        1   0.9     7    22     584  (200.9200,93.5000) 
  pp_fir_1_1_1/Delay_Pipeline_reg_im_reg[24][11]/D -       -     R     DFFRPQ_X3M_A9PP140ZTL_C30      1     -     -     0     584  (199.6600,95.3000) 
#-----------------------------------------------------------------------------------------------------------------------------------------------------

(#) : Net either has Non-default Routes or has been promoted to higher metal layers.
(@) : Annotated capacitance.



Path 47: VIOLATED (-15 ps) Setup Check with Pin pp_fir_1_1_1/Delay_Pipeline_reg_im_reg[24][5]/CK->D
           View: view_wcl_typical
          Group: clk
     Startpoint: (F) enb_1_8_0
          Clock: (R) clk
       Endpoint: (R) pp_fir_1_1_1/Delay_Pipeline_reg_im_reg[24][5]/D
          Clock: (R) clk

                     Capture       Launch     
        Clock Edge:+     500            0     
        Drv Adjust:+       0            0     
       Src Latency:+       0            0     
       Net Latency:+     200 (I)      200 (I) 
           Arrival:=     700          200     
                                              
             Setup:-       6                  
       Uncertainty:-     125                  
     Required Time:=     569                  
      Launch Clock:-     200                  
       Input Delay:-     300                  
         Data Path:-      84                  
             Slack:=     -15                  

Exceptions/Constraints:
  input_delay             300             functional_wcl_typic_2_line_1078 

#----------------------------------------------------------------------------------------------------------------------------------------------------
#                  Timing Point                   Flags   Arc   Edge           Cell             Fanout  Load Trans Delay Arrival       Instance      
#                                                                                                       (fF)  (ps)  (ps)   (ps)        Location      
#----------------------------------------------------------------------------------------------------------------------------------------------------
  enb_1_8_0                                       (@)     -     F     (arrival)                     20 109.7     4     0     500               (-,-) 
  pp_fir_1_1_1/FE_OFC3_enb_1_8_0/Y                (@)     A->Y  R     INV_X16M_A9PP140ZTL_C30        7  66.7    20    19     519  (105.3000,62.9000) 
  pp_fir_1_1_1/FE_OFC786_enb_1_8_0/Y              (#)     A->Y  F     INV_X16M_A9PP140ZTL_C30        5  32.4    13    12     531  (128.6800,62.9000) 
  pp_fir_1_1_1/FE_OFC351_enb_1_8_0/Y              (@)     A->Y  F     BUFH_X16M_A9PP140ZTL_C30       6  29.1     8    13     544  (171.3800,79.1000) 
  pp_fir_1_1_1/FE_OCPC1467_FE_OFN202_n_dup1/Y     (#)     A->Y  F     BUFH_X16M_A9PP140ZTL_C30      27  47.8    13    18     562  (181.8800,92.6000) 
  pp_fir_1_1_1/g15119__8246/Y                     (@)     S0->Y R     MXT2_X3M_A9PP140ZTL_C30        1   0.9     7    22     584  (188.3200,92.6000) 
  pp_fir_1_1_1/Delay_Pipeline_reg_im_reg[24][5]/D -       -     R     DFFRPQ_X3M_A9PP140ZTL_C30      1     -     -     0     584  (187.0600,93.5000) 
#----------------------------------------------------------------------------------------------------------------------------------------------------

(#) : Net either has Non-default Routes or has been promoted to higher metal layers.
(@) : Annotated capacitance.



Path 48: VIOLATED (-15 ps) Setup Check with Pin pp_fir_1_1_1/Delay_Pipeline_reg_im_reg[21][14]/CK->D
           View: view_wcl_typical
          Group: clk
     Startpoint: (F) enb_1_8_0
          Clock: (R) clk
       Endpoint: (R) pp_fir_1_1_1/Delay_Pipeline_reg_im_reg[21][14]/D
          Clock: (R) clk

                     Capture       Launch     
        Clock Edge:+     500            0     
        Drv Adjust:+       0            0     
       Src Latency:+       0            0     
       Net Latency:+     200 (I)      200 (I) 
           Arrival:=     700          200     
                                              
             Setup:-       6                  
       Uncertainty:-     125                  
     Required Time:=     569                  
      Launch Clock:-     200                  
       Input Delay:-     300                  
         Data Path:-      84                  
             Slack:=     -15                  

Exceptions/Constraints:
  input_delay             300             functional_wcl_typic_2_line_1078 

#-----------------------------------------------------------------------------------------------------------------------------------------------------
#                  Timing Point                    Flags   Arc   Edge           Cell             Fanout  Load Trans Delay Arrival       Instance      
#                                                                                                        (fF)  (ps)  (ps)   (ps)        Location      
#-----------------------------------------------------------------------------------------------------------------------------------------------------
  enb_1_8_0                                        (@)     -     F     (arrival)                     20 109.7     4     0     500               (-,-) 
  pp_fir_1_1_1/FE_OFC3_enb_1_8_0/Y                 (@)     A->Y  R     INV_X16M_A9PP140ZTL_C30        7  66.7    20    19     519  (105.3000,62.9000) 
  pp_fir_1_1_1/FE_OFC786_enb_1_8_0/Y               (#)     A->Y  F     INV_X16M_A9PP140ZTL_C30        5  32.4    13    12     531  (128.6800,62.9000) 
  pp_fir_1_1_1/FE_OFC347_enb_1_8_0/Y               (#)     A->Y  F     BUF_X16M_A9PP140ZTL_C30       19  42.5    13    20     551  (168.4400,66.5000) 
  pp_fir_1_1_1/FE_OCPC1506_FE_OFN198_n/Y           (@)     A->Y  F     BUFH_X16M_A9PP140ZTL_C30      11  21.7     8    14     565  (192.9400,74.6000) 
  pp_fir_1_1_1/g15041__6260/Y                      (@)     S0->Y R     MXT2_X3M_A9PP140ZTL_C30        1   0.8     7    19     584  (203.5800,72.8000) 
  pp_fir_1_1_1/Delay_Pipeline_reg_im_reg[21][14]/D -       -     R     DFFRPQ_X4M_A9PP140ZTL_C30      1     -     -     0     584  (202.6000,74.6000) 
#-----------------------------------------------------------------------------------------------------------------------------------------------------

(#) : Net either has Non-default Routes or has been promoted to higher metal layers.
(@) : Annotated capacitance.



Path 49: VIOLATED (-15 ps) Setup Check with Pin pp_fir_1_1_1/Delay_Pipeline_reg_im_reg[17][15]/CK->D
           View: view_wcl_typical
          Group: clk
     Startpoint: (F) enb_1_8_0
          Clock: (R) clk
       Endpoint: (F) pp_fir_1_1_1/Delay_Pipeline_reg_im_reg[17][15]/D
          Clock: (R) clk

                     Capture       Launch     
        Clock Edge:+     500            0     
        Drv Adjust:+       0            0     
       Src Latency:+       0            0     
       Net Latency:+     200 (I)      200 (I) 
           Arrival:=     700          200     
                                              
             Setup:-      30                  
       Uncertainty:-     125                  
     Required Time:=     544                  
      Launch Clock:-     200                  
       Input Delay:-     300                  
         Data Path:-      60                  
             Slack:=     -15                  

Exceptions/Constraints:
  input_delay             300             functional_wcl_typic_2_line_1078 

#-------------------------------------------------------------------------------------------------------------------------------------------------------
#                  Timing Point                    Flags   Arc   Edge            Cell              Fanout  Load Trans Delay Arrival       Instance      
#                                                                                                          (fF)  (ps)  (ps)   (ps)        Location      
#-------------------------------------------------------------------------------------------------------------------------------------------------------
  enb_1_8_0                                        (@)     -     F     (arrival)                       20 109.7     4     0     500               (-,-) 
  pp_fir_1_1_1/FE_RC_2981_0/Y                      (#)     A->Y  R     INV_X16M_A9PP140ZTL_C30          2  23.0     8     8     508  (109.6400,10.7000) 
  pp_fir_1_1_1/FE_OFC13_enb_1_8_0/Y                (@)     A->Y  F     INV_X16M_A9PP140ZTL_C30          6  22.0     8     8     516  (122.3800,24.2000) 
  pp_fir_1_1_1/FE_OCPC1439_FE_OFN13_enb_1_8_0/Y    (@)     A->Y  F     BUFH_X3P5M_A9PP140ZTL_C30        2   4.7     7    14     530  (134.4200,39.5000) 
  pp_fir_1_1_1/FE_OFC333_enb_1_8_0/Y               (@)     A->Y  F     BUF_X11M_A9PP140ZTL_C30         17  28.3    13    16     546  (140.8600,39.5000) 
  pp_fir_1_1_1/FE_RC_1410_0/Y                      (@)     S0->Y F     MXIT2_X4M_A9PP140ZTL_C30         1   0.6    11    14     560  (157.5200,32.3000) 
  pp_fir_1_1_1/Delay_Pipeline_reg_im_reg[17][15]/D -       -     F     DFFRPQNA_X1M_A9PP140ZTL_C30      1     -     -     0     560  (158.3600,33.2000) 
#-------------------------------------------------------------------------------------------------------------------------------------------------------

(#) : Net either has Non-default Routes or has been promoted to higher metal layers.
(@) : Annotated capacitance.



Path 50: VIOLATED (-15 ps) Setup Check with Pin pp_fir_1_1_1/sum2_6_im_1_reg[13]/CK->D
           View: view_wcl_typical
          Group: clk
     Startpoint: (F) enb_1_8_0
          Clock: (R) clk
       Endpoint: (R) pp_fir_1_1_1/sum2_6_im_1_reg[13]/D
          Clock: (R) clk

                     Capture       Launch     
        Clock Edge:+     500            0     
        Drv Adjust:+       0            0     
       Src Latency:+       0            0     
       Net Latency:+     200 (I)      200 (I) 
           Arrival:=     700          200     
                                              
             Setup:-       6                  
       Uncertainty:-     125                  
     Required Time:=     569                  
      Launch Clock:-     200                  
       Input Delay:-     300                  
         Data Path:-      84                  
             Slack:=     -15                  

Exceptions/Constraints:
  input_delay             300             functional_wcl_typic_2_line_1078 

#----------------------------------------------------------------------------------------------------------------------------------------------
#              Timing Point                Flags   Arc   Edge           Cell             Fanout  Load Trans Delay Arrival       Instance       
#                                                                                                (fF)  (ps)  (ps)   (ps)        Location       
#----------------------------------------------------------------------------------------------------------------------------------------------
  enb_1_8_0                                (@)     -     F     (arrival)                     20 109.7     4     0     500                (-,-) 
  pp_fir_1_1_1/FE_OFC3_enb_1_8_0/Y         (@)     A->Y  R     INV_X16M_A9PP140ZTL_C30        7  66.7    20    19     519   (105.3000,62.9000) 
  pp_fir_1_1_1/FE_OFC785_enb_1_8_0/Y       (@)     A->Y  F     INV_X9M_A9PP140ZTL_C30         1   9.8    10     8     527   (105.5800,62.9000) 
  pp_fir_1_1_1/FE_OFC893_enb_1_8_0/Y       (#)     A->Y  R     INV_X16M_A9PP140ZTL_C30        5  53.8    17    10     537   (105.8600,62.9000) 
  pp_fir_1_1_1/FE_OFC898_enb_1_8_0/Y       (@)     A->Y  F     INV_X16M_A9PP140ZTL_C30       20  38.5    16    12     549   (125.6000,94.4000) 
  pp_fir_1_1_1/FE_OCPC1485_FE_OFN10070_n/Y (@)     A->Y  F     BUFH_X16M_A9PP140ZTL_C30      13  22.8     8    17     566  (131.9000,110.6000) 
  pp_fir_1_1_1/g15576__6260/Y              (@)     S0->Y R     MXT2_X3M_A9PP140ZTL_C30        1   0.8     8    18     583  (133.3000,108.8000) 
  pp_fir_1_1_1/sum2_6_im_1_reg[13]/D       -       -     R     DFFRPQ_X3M_A9PP140ZTL_C30      1     -     -     0     584  (131.7600,107.9000) 
#----------------------------------------------------------------------------------------------------------------------------------------------

(#) : Net either has Non-default Routes or has been promoted to higher metal layers.
(@) : Annotated capacitance.

