============================================================
  Generated by:           Genus(TM) Synthesis Solution 22.10-p001_1
  Generated on:           Jan 21 2025  04:02:43 pm
  Module:                 pp_fir_u_6
  Operating conditions:   ssg_cworstt_max_0p81v_125c 
  Operating conditions:   ffg_cbestt_min_0p99v_m40c 
  Operating conditions:   tt_ctypical_max_0p90v_25c 
  Interconnect mode:      spatial
  Area mode:              physical library
============================================================


Path 1: MET (40 ps) Setup Check with Pin signed_mag_6_sign_re_stage1_reg/CK->SE
           View: view_wcl_fast
          Group: clk
     Startpoint: (R) rst_n
          Clock: (R) clk
       Endpoint: (R) signed_mag_6_sign_re_stage1_reg/SE
          Clock: (R) clk

                     Capture       Launch     
        Clock Edge:+     500            0     
        Drv Adjust:+       0            0     
       Src Latency:+       0            0     
       Net Latency:+     200 (I)      200 (I) 
           Arrival:=     700          200     
                                              
             Setup:-      35                  
       Uncertainty:-     125                  
     Required Time:=     540                  
      Launch Clock:-     200                  
       Input Delay:-     300                  
         Data Path:-       0                  
             Slack:=      40                  

Exceptions/Constraints:
  input_delay             300             tmp_sdc_view_wcl_slo_6_line_533 

#-------------------------------------------------------------------------------------------------------------------------------------
#           Timing Point             Flags   Arc   Edge           Cell             Fanout Load Trans Delay Arrival      Instance      
#                                                                                         (fF)  (ps)  (ps)   (ps)       Location      
#-------------------------------------------------------------------------------------------------------------------------------------
  rst_n                              (a)     -     R     (arrival)                      3  1.5     0     0     500              (-,-) 
  signed_mag_6_sign_re_stage1_reg/SE -       -     R     SDFFQA_X1M_A9PP140ZTL_C30      3    -     -     0     500  (0.0320,101.7665) 
#-------------------------------------------------------------------------------------------------------------------------------------

(a) : Net has asynchronous load pins which are being considered ideal.



Path 2: MET (51 ps) Setup Check with Pin pp_fir_6_1_1_Delay_Pipeline_reg_re_reg[0][15]/CK->D
           View: view_wcl_fast
          Group: clk
     Startpoint: (F) In1_re[15]
          Clock: (R) clk
       Endpoint: (F) pp_fir_6_1_1_Delay_Pipeline_reg_re_reg[0][15]/D
          Clock: (R) clk

                     Capture       Launch     
        Clock Edge:+     500            0     
        Drv Adjust:+       0            0     
       Src Latency:+       0            0     
       Net Latency:+     200 (I)      200 (I) 
           Arrival:=     700          200     
                                              
             Setup:-      24                  
       Uncertainty:-     125                  
     Required Time:=     551                  
      Launch Clock:-     200                  
       Input Delay:-     300                  
         Data Path:-       0                  
             Slack:=      51                  

Exceptions/Constraints:
  input_delay             300             tmp_sdc_view_wcl_slo_6_line_535 

#---------------------------------------------------------------------------------------------------------------------------------------------------
#                  Timing Point                   Flags   Arc   Edge            Cell              Fanout Load Trans Delay Arrival      Instance     
#                                                                                                        (fF)  (ps)  (ps)   (ps)       Location     
#---------------------------------------------------------------------------------------------------------------------------------------------------
  In1_re[15]                                      -       -     F     (arrival)                        1  0.9     0     0     500             (-,-) 
  pp_fir_6_1_1_Delay_Pipeline_reg_re_reg[0][15]/D -       -     F     SDFFRPQA_X1M_A9PP140ZTL_C30      1    -     -     0     500  (14.1370,0.6040) 
#---------------------------------------------------------------------------------------------------------------------------------------------------



Path 3: MET (51 ps) Setup Check with Pin pp_fir_6_1_1_Delay_Pipeline_reg_re_reg[0][14]/CK->D
           View: view_wcl_fast
          Group: clk
     Startpoint: (F) In1_re[14]
          Clock: (R) clk
       Endpoint: (F) pp_fir_6_1_1_Delay_Pipeline_reg_re_reg[0][14]/D
          Clock: (R) clk

                     Capture       Launch     
        Clock Edge:+     500            0     
        Drv Adjust:+       0            0     
       Src Latency:+       0            0     
       Net Latency:+     200 (I)      200 (I) 
           Arrival:=     700          200     
                                              
             Setup:-      24                  
       Uncertainty:-     125                  
     Required Time:=     551                  
      Launch Clock:-     200                  
       Input Delay:-     300                  
         Data Path:-       0                  
             Slack:=      51                  

Exceptions/Constraints:
  input_delay             300             tmp_sdc_view_wcl_slo_6_line_536 

#---------------------------------------------------------------------------------------------------------------------------------------------------
#                  Timing Point                   Flags   Arc   Edge            Cell              Fanout Load Trans Delay Arrival      Instance     
#                                                                                                        (fF)  (ps)  (ps)   (ps)       Location     
#---------------------------------------------------------------------------------------------------------------------------------------------------
  In1_re[14]                                      -       -     F     (arrival)                        1  0.9     0     0     500             (-,-) 
  pp_fir_6_1_1_Delay_Pipeline_reg_re_reg[0][14]/D -       -     F     SDFFRPQA_X1M_A9PP140ZTL_C30      1    -     -     0     500  (47.2645,0.1010) 
#---------------------------------------------------------------------------------------------------------------------------------------------------



Path 4: MET (51 ps) Setup Check with Pin pp_fir_6_1_1_Delay_Pipeline_reg_re_reg[0][13]/CK->D
           View: view_wcl_fast
          Group: clk
     Startpoint: (F) In1_re[13]
          Clock: (R) clk
       Endpoint: (F) pp_fir_6_1_1_Delay_Pipeline_reg_re_reg[0][13]/D
          Clock: (R) clk

                     Capture       Launch     
        Clock Edge:+     500            0     
        Drv Adjust:+       0            0     
       Src Latency:+       0            0     
       Net Latency:+     200 (I)      200 (I) 
           Arrival:=     700          200     
                                              
             Setup:-      24                  
       Uncertainty:-     125                  
     Required Time:=     551                  
      Launch Clock:-     200                  
       Input Delay:-     300                  
         Data Path:-       0                  
             Slack:=      51                  

Exceptions/Constraints:
  input_delay             300             tmp_sdc_view_wcl_slo_6_line_537 

#---------------------------------------------------------------------------------------------------------------------------------------------------
#                  Timing Point                   Flags   Arc   Edge            Cell              Fanout Load Trans Delay Arrival      Instance     
#                                                                                                        (fF)  (ps)  (ps)   (ps)       Location     
#---------------------------------------------------------------------------------------------------------------------------------------------------
  In1_re[13]                                      -       -     F     (arrival)                        1  0.9     0     0     500             (-,-) 
  pp_fir_6_1_1_Delay_Pipeline_reg_re_reg[0][13]/D -       -     F     SDFFRPQA_X1M_A9PP140ZTL_C30      1    -     -     0     500  (43.9050,0.0380) 
#---------------------------------------------------------------------------------------------------------------------------------------------------



Path 5: MET (51 ps) Setup Check with Pin pp_fir_6_1_1_Delay_Pipeline_reg_re_reg[0][12]/CK->D
           View: view_wcl_fast
          Group: clk
     Startpoint: (F) In1_re[12]
          Clock: (R) clk
       Endpoint: (F) pp_fir_6_1_1_Delay_Pipeline_reg_re_reg[0][12]/D
          Clock: (R) clk

                     Capture       Launch     
        Clock Edge:+     500            0     
        Drv Adjust:+       0            0     
       Src Latency:+       0            0     
       Net Latency:+     200 (I)      200 (I) 
           Arrival:=     700          200     
                                              
             Setup:-      24                  
       Uncertainty:-     125                  
     Required Time:=     551                  
      Launch Clock:-     200                  
       Input Delay:-     300                  
         Data Path:-       0                  
             Slack:=      51                  

Exceptions/Constraints:
  input_delay             300             tmp_sdc_view_wcl_slo_6_line_538 

#---------------------------------------------------------------------------------------------------------------------------------------------------
#                  Timing Point                   Flags   Arc   Edge            Cell              Fanout Load Trans Delay Arrival      Instance     
#                                                                                                        (fF)  (ps)  (ps)   (ps)       Location     
#---------------------------------------------------------------------------------------------------------------------------------------------------
  In1_re[12]                                      -       -     F     (arrival)                        1  0.9     0     0     500             (-,-) 
  pp_fir_6_1_1_Delay_Pipeline_reg_re_reg[0][12]/D -       -     F     SDFFRPQA_X1M_A9PP140ZTL_C30      1    -     -     0     500  (50.9155,0.0385) 
#---------------------------------------------------------------------------------------------------------------------------------------------------



Path 6: MET (51 ps) Setup Check with Pin pp_fir_6_1_1_Delay_Pipeline_reg_re_reg[0][11]/CK->D
           View: view_wcl_fast
          Group: clk
     Startpoint: (F) In1_re[11]
          Clock: (R) clk
       Endpoint: (F) pp_fir_6_1_1_Delay_Pipeline_reg_re_reg[0][11]/D
          Clock: (R) clk

                     Capture       Launch     
        Clock Edge:+     500            0     
        Drv Adjust:+       0            0     
       Src Latency:+       0            0     
       Net Latency:+     200 (I)      200 (I) 
           Arrival:=     700          200     
                                              
             Setup:-      24                  
       Uncertainty:-     125                  
     Required Time:=     551                  
      Launch Clock:-     200                  
       Input Delay:-     300                  
         Data Path:-       0                  
             Slack:=      51                  

Exceptions/Constraints:
  input_delay             300             tmp_sdc_view_wcl_slo_6_line_539 

#---------------------------------------------------------------------------------------------------------------------------------------------------
#                  Timing Point                   Flags   Arc   Edge            Cell              Fanout Load Trans Delay Arrival      Instance     
#                                                                                                        (fF)  (ps)  (ps)   (ps)       Location     
#---------------------------------------------------------------------------------------------------------------------------------------------------
  In1_re[11]                                      -       -     F     (arrival)                        1  0.9     0     0     500             (-,-) 
  pp_fir_6_1_1_Delay_Pipeline_reg_re_reg[0][11]/D -       -     F     SDFFRPQA_X1M_A9PP140ZTL_C30      1    -     -     0     500  (57.4130,0.0950) 
#---------------------------------------------------------------------------------------------------------------------------------------------------



Path 7: MET (51 ps) Setup Check with Pin pp_fir_6_1_1_Delay_Pipeline_reg_re_reg[0][10]/CK->D
           View: view_wcl_fast
          Group: clk
     Startpoint: (F) In1_re[10]
          Clock: (R) clk
       Endpoint: (F) pp_fir_6_1_1_Delay_Pipeline_reg_re_reg[0][10]/D
          Clock: (R) clk

                     Capture       Launch     
        Clock Edge:+     500            0     
        Drv Adjust:+       0            0     
       Src Latency:+       0            0     
       Net Latency:+     200 (I)      200 (I) 
           Arrival:=     700          200     
                                              
             Setup:-      24                  
       Uncertainty:-     125                  
     Required Time:=     551                  
      Launch Clock:-     200                  
       Input Delay:-     300                  
         Data Path:-       0                  
             Slack:=      51                  

Exceptions/Constraints:
  input_delay             300             tmp_sdc_view_wcl_slo_6_line_540 

#---------------------------------------------------------------------------------------------------------------------------------------------------
#                  Timing Point                   Flags   Arc   Edge            Cell              Fanout Load Trans Delay Arrival      Instance     
#                                                                                                        (fF)  (ps)  (ps)   (ps)       Location     
#---------------------------------------------------------------------------------------------------------------------------------------------------
  In1_re[10]                                      -       -     F     (arrival)                        1  0.9     0     0     500             (-,-) 
  pp_fir_6_1_1_Delay_Pipeline_reg_re_reg[0][10]/D -       -     F     SDFFRPQA_X1M_A9PP140ZTL_C30      1    -     -     0     500  (67.1895,0.0915) 
#---------------------------------------------------------------------------------------------------------------------------------------------------



Path 8: MET (51 ps) Setup Check with Pin pp_fir_6_1_1_Delay_Pipeline_reg_re_reg[0][9]/CK->D
           View: view_wcl_fast
          Group: clk
     Startpoint: (F) In1_re[9]
          Clock: (R) clk
       Endpoint: (F) pp_fir_6_1_1_Delay_Pipeline_reg_re_reg[0][9]/D
          Clock: (R) clk

                     Capture       Launch     
        Clock Edge:+     500            0     
        Drv Adjust:+       0            0     
       Src Latency:+       0            0     
       Net Latency:+     200 (I)      200 (I) 
           Arrival:=     700          200     
                                              
             Setup:-      24                  
       Uncertainty:-     125                  
     Required Time:=     551                  
      Launch Clock:-     200                  
       Input Delay:-     300                  
         Data Path:-       0                  
             Slack:=      51                  

Exceptions/Constraints:
  input_delay             300             tmp_sdc_view_wcl_slo_6_line_541 

#--------------------------------------------------------------------------------------------------------------------------------------------------
#                 Timing Point                   Flags   Arc   Edge            Cell              Fanout Load Trans Delay Arrival      Instance     
#                                                                                                       (fF)  (ps)  (ps)   (ps)       Location     
#--------------------------------------------------------------------------------------------------------------------------------------------------
  In1_re[9]                                      -       -     F     (arrival)                        1  0.9     0     0     500             (-,-) 
  pp_fir_6_1_1_Delay_Pipeline_reg_re_reg[0][9]/D -       -     F     SDFFRPQA_X1M_A9PP140ZTL_C30      1    -     -     0     500  (83.4280,0.0650) 
#--------------------------------------------------------------------------------------------------------------------------------------------------



Path 9: MET (51 ps) Setup Check with Pin pp_fir_6_1_1_Delay_Pipeline_reg_re_reg[0][8]/CK->D
           View: view_wcl_fast
          Group: clk
     Startpoint: (F) In1_re[8]
          Clock: (R) clk
       Endpoint: (F) pp_fir_6_1_1_Delay_Pipeline_reg_re_reg[0][8]/D
          Clock: (R) clk

                     Capture       Launch     
        Clock Edge:+     500            0     
        Drv Adjust:+       0            0     
       Src Latency:+       0            0     
       Net Latency:+     200 (I)      200 (I) 
           Arrival:=     700          200     
                                              
             Setup:-      24                  
       Uncertainty:-     125                  
     Required Time:=     551                  
      Launch Clock:-     200                  
       Input Delay:-     300                  
         Data Path:-       0                  
             Slack:=      51                  

Exceptions/Constraints:
  input_delay             300             tmp_sdc_view_wcl_slo_6_line_542 

#--------------------------------------------------------------------------------------------------------------------------------------------------
#                 Timing Point                   Flags   Arc   Edge            Cell              Fanout Load Trans Delay Arrival      Instance     
#                                                                                                       (fF)  (ps)  (ps)   (ps)       Location     
#--------------------------------------------------------------------------------------------------------------------------------------------------
  In1_re[8]                                      -       -     F     (arrival)                        1  0.9     0     0     500             (-,-) 
  pp_fir_6_1_1_Delay_Pipeline_reg_re_reg[0][8]/D -       -     F     SDFFRPQA_X1M_A9PP140ZTL_C30      1    -     -     0     500  (91.4550,1.3560) 
#--------------------------------------------------------------------------------------------------------------------------------------------------



Path 10: MET (51 ps) Setup Check with Pin pp_fir_6_1_1_Delay_Pipeline_reg_re_reg[0][7]/CK->D
           View: view_wcl_fast
          Group: clk
     Startpoint: (F) In1_re[7]
          Clock: (R) clk
       Endpoint: (F) pp_fir_6_1_1_Delay_Pipeline_reg_re_reg[0][7]/D
          Clock: (R) clk

                     Capture       Launch     
        Clock Edge:+     500            0     
        Drv Adjust:+       0            0     
       Src Latency:+       0            0     
       Net Latency:+     200 (I)      200 (I) 
           Arrival:=     700          200     
                                              
             Setup:-      24                  
       Uncertainty:-     125                  
     Required Time:=     551                  
      Launch Clock:-     200                  
       Input Delay:-     300                  
         Data Path:-       0                  
             Slack:=      51                  

Exceptions/Constraints:
  input_delay             300             tmp_sdc_view_wcl_slo_6_line_543 

#--------------------------------------------------------------------------------------------------------------------------------------------------
#                 Timing Point                   Flags   Arc   Edge            Cell              Fanout Load Trans Delay Arrival      Instance     
#                                                                                                       (fF)  (ps)  (ps)   (ps)       Location     
#--------------------------------------------------------------------------------------------------------------------------------------------------
  In1_re[7]                                      -       -     F     (arrival)                        1  0.9     0     0     500             (-,-) 
  pp_fir_6_1_1_Delay_Pipeline_reg_re_reg[0][7]/D -       -     F     SDFFRPQA_X1M_A9PP140ZTL_C30      1    -     -     0     500  (97.9820,0.1005) 
#--------------------------------------------------------------------------------------------------------------------------------------------------



Path 11: MET (51 ps) Setup Check with Pin pp_fir_6_1_1_Delay_Pipeline_reg_re_reg[0][6]/CK->D
           View: view_wcl_fast
          Group: clk
     Startpoint: (F) In1_re[6]
          Clock: (R) clk
       Endpoint: (F) pp_fir_6_1_1_Delay_Pipeline_reg_re_reg[0][6]/D
          Clock: (R) clk

                     Capture       Launch     
        Clock Edge:+     500            0     
        Drv Adjust:+       0            0     
       Src Latency:+       0            0     
       Net Latency:+     200 (I)      200 (I) 
           Arrival:=     700          200     
                                              
             Setup:-      24                  
       Uncertainty:-     125                  
     Required Time:=     551                  
      Launch Clock:-     200                  
       Input Delay:-     300                  
         Data Path:-       0                  
             Slack:=      51                  

Exceptions/Constraints:
  input_delay             300             tmp_sdc_view_wcl_slo_6_line_544 

#---------------------------------------------------------------------------------------------------------------------------------------------------
#                 Timing Point                   Flags   Arc   Edge            Cell              Fanout Load Trans Delay Arrival      Instance      
#                                                                                                       (fF)  (ps)  (ps)   (ps)       Location      
#---------------------------------------------------------------------------------------------------------------------------------------------------
  In1_re[6]                                      -       -     F     (arrival)                        1  0.9     0     0     500              (-,-) 
  pp_fir_6_1_1_Delay_Pipeline_reg_re_reg[0][6]/D -       -     F     SDFFRPQA_X1M_A9PP140ZTL_C30      1    -     -     0     500  (102.1020,1.9630) 
#---------------------------------------------------------------------------------------------------------------------------------------------------



Path 12: MET (51 ps) Setup Check with Pin pp_fir_6_1_1_Delay_Pipeline_reg_re_reg[0][5]/CK->D
           View: view_wcl_fast
          Group: clk
     Startpoint: (F) In1_re[5]
          Clock: (R) clk
       Endpoint: (F) pp_fir_6_1_1_Delay_Pipeline_reg_re_reg[0][5]/D
          Clock: (R) clk

                     Capture       Launch     
        Clock Edge:+     500            0     
        Drv Adjust:+       0            0     
       Src Latency:+       0            0     
       Net Latency:+     200 (I)      200 (I) 
           Arrival:=     700          200     
                                              
             Setup:-      24                  
       Uncertainty:-     125                  
     Required Time:=     551                  
      Launch Clock:-     200                  
       Input Delay:-     300                  
         Data Path:-       0                  
             Slack:=      51                  

Exceptions/Constraints:
  input_delay             300             tmp_sdc_view_wcl_slo_6_line_545 

#---------------------------------------------------------------------------------------------------------------------------------------------------
#                 Timing Point                   Flags   Arc   Edge            Cell              Fanout Load Trans Delay Arrival      Instance      
#                                                                                                       (fF)  (ps)  (ps)   (ps)       Location      
#---------------------------------------------------------------------------------------------------------------------------------------------------
  In1_re[5]                                      -       -     F     (arrival)                        1  0.9     0     0     500              (-,-) 
  pp_fir_6_1_1_Delay_Pipeline_reg_re_reg[0][5]/D -       -     F     SDFFRPQA_X1M_A9PP140ZTL_C30      1    -     -     0     500  (104.8210,0.9435) 
#---------------------------------------------------------------------------------------------------------------------------------------------------



Path 13: MET (51 ps) Setup Check with Pin pp_fir_6_1_1_Delay_Pipeline_reg_re_reg[0][4]/CK->D
           View: view_wcl_fast
          Group: clk
     Startpoint: (F) In1_re[4]
          Clock: (R) clk
       Endpoint: (F) pp_fir_6_1_1_Delay_Pipeline_reg_re_reg[0][4]/D
          Clock: (R) clk

                     Capture       Launch     
        Clock Edge:+     500            0     
        Drv Adjust:+       0            0     
       Src Latency:+       0            0     
       Net Latency:+     200 (I)      200 (I) 
           Arrival:=     700          200     
                                              
             Setup:-      24                  
       Uncertainty:-     125                  
     Required Time:=     551                  
      Launch Clock:-     200                  
       Input Delay:-     300                  
         Data Path:-       0                  
             Slack:=      51                  

Exceptions/Constraints:
  input_delay             300             tmp_sdc_view_wcl_slo_6_line_546 

#---------------------------------------------------------------------------------------------------------------------------------------------------
#                 Timing Point                   Flags   Arc   Edge            Cell              Fanout Load Trans Delay Arrival      Instance      
#                                                                                                       (fF)  (ps)  (ps)   (ps)       Location      
#---------------------------------------------------------------------------------------------------------------------------------------------------
  In1_re[4]                                      -       -     F     (arrival)                        1  0.9     0     0     500              (-,-) 
  pp_fir_6_1_1_Delay_Pipeline_reg_re_reg[0][4]/D -       -     F     SDFFRPQA_X1M_A9PP140ZTL_C30      1    -     -     0     500  (108.2785,2.8470) 
#---------------------------------------------------------------------------------------------------------------------------------------------------



Path 14: MET (51 ps) Setup Check with Pin pp_fir_6_1_1_Delay_Pipeline_reg_re_reg[0][3]/CK->D
           View: view_wcl_fast
          Group: clk
     Startpoint: (F) In1_re[3]
          Clock: (R) clk
       Endpoint: (F) pp_fir_6_1_1_Delay_Pipeline_reg_re_reg[0][3]/D
          Clock: (R) clk

                     Capture       Launch     
        Clock Edge:+     500            0     
        Drv Adjust:+       0            0     
       Src Latency:+       0            0     
       Net Latency:+     200 (I)      200 (I) 
           Arrival:=     700          200     
                                              
             Setup:-      24                  
       Uncertainty:-     125                  
     Required Time:=     551                  
      Launch Clock:-     200                  
       Input Delay:-     300                  
         Data Path:-       0                  
             Slack:=      51                  

Exceptions/Constraints:
  input_delay             300             tmp_sdc_view_wcl_slo_6_line_547 

#---------------------------------------------------------------------------------------------------------------------------------------------------
#                 Timing Point                   Flags   Arc   Edge            Cell              Fanout Load Trans Delay Arrival      Instance      
#                                                                                                       (fF)  (ps)  (ps)   (ps)       Location      
#---------------------------------------------------------------------------------------------------------------------------------------------------
  In1_re[3]                                      -       -     F     (arrival)                        1  0.9     0     0     500              (-,-) 
  pp_fir_6_1_1_Delay_Pipeline_reg_re_reg[0][3]/D -       -     F     SDFFRPQA_X1M_A9PP140ZTL_C30      1    -     -     0     500  (106.3355,1.9135) 
#---------------------------------------------------------------------------------------------------------------------------------------------------



Path 15: MET (51 ps) Setup Check with Pin pp_fir_6_1_1_Delay_Pipeline_reg_re_reg[0][2]/CK->D
           View: view_wcl_fast
          Group: clk
     Startpoint: (F) In1_re[2]
          Clock: (R) clk
       Endpoint: (F) pp_fir_6_1_1_Delay_Pipeline_reg_re_reg[0][2]/D
          Clock: (R) clk

                     Capture       Launch     
        Clock Edge:+     500            0     
        Drv Adjust:+       0            0     
       Src Latency:+       0            0     
       Net Latency:+     200 (I)      200 (I) 
           Arrival:=     700          200     
                                              
             Setup:-      24                  
       Uncertainty:-     125                  
     Required Time:=     551                  
      Launch Clock:-     200                  
       Input Delay:-     300                  
         Data Path:-       0                  
             Slack:=      51                  

Exceptions/Constraints:
  input_delay             300             tmp_sdc_view_wcl_slo_6_line_548 

#---------------------------------------------------------------------------------------------------------------------------------------------------
#                 Timing Point                   Flags   Arc   Edge            Cell              Fanout Load Trans Delay Arrival      Instance      
#                                                                                                       (fF)  (ps)  (ps)   (ps)       Location      
#---------------------------------------------------------------------------------------------------------------------------------------------------
  In1_re[2]                                      -       -     F     (arrival)                        1  0.9     0     0     500              (-,-) 
  pp_fir_6_1_1_Delay_Pipeline_reg_re_reg[0][2]/D -       -     F     SDFFRPQA_X1M_A9PP140ZTL_C30      1    -     -     0     500  (106.8245,0.0705) 
#---------------------------------------------------------------------------------------------------------------------------------------------------



Path 16: MET (51 ps) Setup Check with Pin pp_fir_6_1_1_Delay_Pipeline_reg_re_reg[0][1]/CK->D
           View: view_wcl_fast
          Group: clk
     Startpoint: (F) In1_re[1]
          Clock: (R) clk
       Endpoint: (F) pp_fir_6_1_1_Delay_Pipeline_reg_re_reg[0][1]/D
          Clock: (R) clk

                     Capture       Launch     
        Clock Edge:+     500            0     
        Drv Adjust:+       0            0     
       Src Latency:+       0            0     
       Net Latency:+     200 (I)      200 (I) 
           Arrival:=     700          200     
                                              
             Setup:-      24                  
       Uncertainty:-     125                  
     Required Time:=     551                  
      Launch Clock:-     200                  
       Input Delay:-     300                  
         Data Path:-       0                  
             Slack:=      51                  

Exceptions/Constraints:
  input_delay             300             tmp_sdc_view_wcl_slo_6_line_549 

#---------------------------------------------------------------------------------------------------------------------------------------------------
#                 Timing Point                   Flags   Arc   Edge            Cell              Fanout Load Trans Delay Arrival      Instance      
#                                                                                                       (fF)  (ps)  (ps)   (ps)       Location      
#---------------------------------------------------------------------------------------------------------------------------------------------------
  In1_re[1]                                      -       -     F     (arrival)                        1  0.9     0     0     500              (-,-) 
  pp_fir_6_1_1_Delay_Pipeline_reg_re_reg[0][1]/D -       -     F     SDFFRPQA_X1M_A9PP140ZTL_C30      1    -     -     0     500  (110.1870,0.0920) 
#---------------------------------------------------------------------------------------------------------------------------------------------------



Path 17: MET (51 ps) Setup Check with Pin pp_fir_6_1_1_Delay_Pipeline_reg_re_reg[0][0]/CK->D
           View: view_wcl_fast
          Group: clk
     Startpoint: (F) In1_re[0]
          Clock: (R) clk
       Endpoint: (F) pp_fir_6_1_1_Delay_Pipeline_reg_re_reg[0][0]/D
          Clock: (R) clk

                     Capture       Launch     
        Clock Edge:+     500            0     
        Drv Adjust:+       0            0     
       Src Latency:+       0            0     
       Net Latency:+     200 (I)      200 (I) 
           Arrival:=     700          200     
                                              
             Setup:-      24                  
       Uncertainty:-     125                  
     Required Time:=     551                  
      Launch Clock:-     200                  
       Input Delay:-     300                  
         Data Path:-       0                  
             Slack:=      51                  

Exceptions/Constraints:
  input_delay             300             tmp_sdc_view_wcl_slo_6_line_550 

#---------------------------------------------------------------------------------------------------------------------------------------------------
#                 Timing Point                   Flags   Arc   Edge            Cell              Fanout Load Trans Delay Arrival      Instance      
#                                                                                                       (fF)  (ps)  (ps)   (ps)       Location      
#---------------------------------------------------------------------------------------------------------------------------------------------------
  In1_re[0]                                      -       -     F     (arrival)                        1  0.9     0     0     500              (-,-) 
  pp_fir_6_1_1_Delay_Pipeline_reg_re_reg[0][0]/D -       -     F     SDFFRPQA_X1M_A9PP140ZTL_C30      1    -     -     0     500  (170.7455,0.0535) 
#---------------------------------------------------------------------------------------------------------------------------------------------------



Path 18: MET (51 ps) Setup Check with Pin pp_fir_6_1_1_Delay_Pipeline_reg_im_reg[0][15]/CK->D
           View: view_wcl_fast
          Group: clk
     Startpoint: (F) In1_im[15]
          Clock: (R) clk
       Endpoint: (F) pp_fir_6_1_1_Delay_Pipeline_reg_im_reg[0][15]/D
          Clock: (R) clk

                     Capture       Launch     
        Clock Edge:+     500            0     
        Drv Adjust:+       0            0     
       Src Latency:+       0            0     
       Net Latency:+     200 (I)      200 (I) 
           Arrival:=     700          200     
                                              
             Setup:-      24                  
       Uncertainty:-     125                  
     Required Time:=     551                  
      Launch Clock:-     200                  
       Input Delay:-     300                  
         Data Path:-       0                  
             Slack:=      51                  

Exceptions/Constraints:
  input_delay             300             tmp_sdc_view_wcl_slo_6_line_551 

#---------------------------------------------------------------------------------------------------------------------------------------------------
#                  Timing Point                   Flags   Arc   Edge            Cell              Fanout Load Trans Delay Arrival      Instance     
#                                                                                                        (fF)  (ps)  (ps)   (ps)       Location     
#---------------------------------------------------------------------------------------------------------------------------------------------------
  In1_im[15]                                      -       -     F     (arrival)                        1  0.9     0     0     500             (-,-) 
  pp_fir_6_1_1_Delay_Pipeline_reg_im_reg[0][15]/D -       -     F     SDFFRPQA_X1M_A9PP140ZTL_C30      1    -     -     0     500  (18.7805,0.0660) 
#---------------------------------------------------------------------------------------------------------------------------------------------------



Path 19: MET (51 ps) Setup Check with Pin pp_fir_6_1_1_Delay_Pipeline_reg_im_reg[0][14]/CK->D
           View: view_wcl_fast
          Group: clk
     Startpoint: (F) In1_im[14]
          Clock: (R) clk
       Endpoint: (F) pp_fir_6_1_1_Delay_Pipeline_reg_im_reg[0][14]/D
          Clock: (R) clk

                     Capture       Launch     
        Clock Edge:+     500            0     
        Drv Adjust:+       0            0     
       Src Latency:+       0            0     
       Net Latency:+     200 (I)      200 (I) 
           Arrival:=     700          200     
                                              
             Setup:-      24                  
       Uncertainty:-     125                  
     Required Time:=     551                  
      Launch Clock:-     200                  
       Input Delay:-     300                  
         Data Path:-       0                  
             Slack:=      51                  

Exceptions/Constraints:
  input_delay             300             tmp_sdc_view_wcl_slo_6_line_552 

#---------------------------------------------------------------------------------------------------------------------------------------------------
#                  Timing Point                   Flags   Arc   Edge            Cell              Fanout Load Trans Delay Arrival      Instance     
#                                                                                                        (fF)  (ps)  (ps)   (ps)       Location     
#---------------------------------------------------------------------------------------------------------------------------------------------------
  In1_im[14]                                      -       -     F     (arrival)                        1  0.9     0     0     500             (-,-) 
  pp_fir_6_1_1_Delay_Pipeline_reg_im_reg[0][14]/D -       -     F     SDFFRPQA_X1M_A9PP140ZTL_C30      1    -     -     0     500  (52.2800,1.0700) 
#---------------------------------------------------------------------------------------------------------------------------------------------------



Path 20: MET (51 ps) Setup Check with Pin pp_fir_6_1_1_Delay_Pipeline_reg_im_reg[0][13]/CK->D
           View: view_wcl_fast
          Group: clk
     Startpoint: (F) In1_im[13]
          Clock: (R) clk
       Endpoint: (F) pp_fir_6_1_1_Delay_Pipeline_reg_im_reg[0][13]/D
          Clock: (R) clk

                     Capture       Launch     
        Clock Edge:+     500            0     
        Drv Adjust:+       0            0     
       Src Latency:+       0            0     
       Net Latency:+     200 (I)      200 (I) 
           Arrival:=     700          200     
                                              
             Setup:-      24                  
       Uncertainty:-     125                  
     Required Time:=     551                  
      Launch Clock:-     200                  
       Input Delay:-     300                  
         Data Path:-       0                  
             Slack:=      51                  

Exceptions/Constraints:
  input_delay             300             tmp_sdc_view_wcl_slo_6_line_553 

#---------------------------------------------------------------------------------------------------------------------------------------------------
#                  Timing Point                   Flags   Arc   Edge            Cell              Fanout Load Trans Delay Arrival      Instance     
#                                                                                                        (fF)  (ps)  (ps)   (ps)       Location     
#---------------------------------------------------------------------------------------------------------------------------------------------------
  In1_im[13]                                      -       -     F     (arrival)                        1  0.9     0     0     500             (-,-) 
  pp_fir_6_1_1_Delay_Pipeline_reg_im_reg[0][13]/D -       -     F     SDFFRPQA_X1M_A9PP140ZTL_C30      1    -     -     0     500  (54.4100,0.1180) 
#---------------------------------------------------------------------------------------------------------------------------------------------------



Path 21: MET (51 ps) Setup Check with Pin pp_fir_6_1_1_Delay_Pipeline_reg_im_reg[0][12]/CK->D
           View: view_wcl_fast
          Group: clk
     Startpoint: (F) In1_im[12]
          Clock: (R) clk
       Endpoint: (F) pp_fir_6_1_1_Delay_Pipeline_reg_im_reg[0][12]/D
          Clock: (R) clk

                     Capture       Launch     
        Clock Edge:+     500            0     
        Drv Adjust:+       0            0     
       Src Latency:+       0            0     
       Net Latency:+     200 (I)      200 (I) 
           Arrival:=     700          200     
                                              
             Setup:-      24                  
       Uncertainty:-     125                  
     Required Time:=     551                  
      Launch Clock:-     200                  
       Input Delay:-     300                  
         Data Path:-       0                  
             Slack:=      51                  

Exceptions/Constraints:
  input_delay             300             tmp_sdc_view_wcl_slo_6_line_554 

#---------------------------------------------------------------------------------------------------------------------------------------------------
#                  Timing Point                   Flags   Arc   Edge            Cell              Fanout Load Trans Delay Arrival      Instance     
#                                                                                                        (fF)  (ps)  (ps)   (ps)       Location     
#---------------------------------------------------------------------------------------------------------------------------------------------------
  In1_im[12]                                      -       -     F     (arrival)                        1  0.9     0     0     500             (-,-) 
  pp_fir_6_1_1_Delay_Pipeline_reg_im_reg[0][12]/D -       -     F     SDFFRPQA_X1M_A9PP140ZTL_C30      1    -     -     0     500  (91.2800,0.1065) 
#---------------------------------------------------------------------------------------------------------------------------------------------------



Path 22: MET (51 ps) Setup Check with Pin pp_fir_6_1_1_Delay_Pipeline_reg_im_reg[0][11]/CK->D
           View: view_wcl_fast
          Group: clk
     Startpoint: (F) In1_im[11]
          Clock: (R) clk
       Endpoint: (F) pp_fir_6_1_1_Delay_Pipeline_reg_im_reg[0][11]/D
          Clock: (R) clk

                     Capture       Launch     
        Clock Edge:+     500            0     
        Drv Adjust:+       0            0     
       Src Latency:+       0            0     
       Net Latency:+     200 (I)      200 (I) 
           Arrival:=     700          200     
                                              
             Setup:-      24                  
       Uncertainty:-     125                  
     Required Time:=     551                  
      Launch Clock:-     200                  
       Input Delay:-     300                  
         Data Path:-       0                  
             Slack:=      51                  

Exceptions/Constraints:
  input_delay             300             tmp_sdc_view_wcl_slo_6_line_555 

#---------------------------------------------------------------------------------------------------------------------------------------------------
#                  Timing Point                   Flags   Arc   Edge            Cell              Fanout Load Trans Delay Arrival      Instance     
#                                                                                                        (fF)  (ps)  (ps)   (ps)       Location     
#---------------------------------------------------------------------------------------------------------------------------------------------------
  In1_im[11]                                      -       -     F     (arrival)                        1  0.9     0     0     500             (-,-) 
  pp_fir_6_1_1_Delay_Pipeline_reg_im_reg[0][11]/D -       -     F     SDFFRPQA_X1M_A9PP140ZTL_C30      1    -     -     0     500  (94.5210,1.1890) 
#---------------------------------------------------------------------------------------------------------------------------------------------------



Path 23: MET (51 ps) Setup Check with Pin pp_fir_6_1_1_Delay_Pipeline_reg_im_reg[0][10]/CK->D
           View: view_wcl_fast
          Group: clk
     Startpoint: (F) In1_im[10]
          Clock: (R) clk
       Endpoint: (F) pp_fir_6_1_1_Delay_Pipeline_reg_im_reg[0][10]/D
          Clock: (R) clk

                     Capture       Launch     
        Clock Edge:+     500            0     
        Drv Adjust:+       0            0     
       Src Latency:+       0            0     
       Net Latency:+     200 (I)      200 (I) 
           Arrival:=     700          200     
                                              
             Setup:-      24                  
       Uncertainty:-     125                  
     Required Time:=     551                  
      Launch Clock:-     200                  
       Input Delay:-     300                  
         Data Path:-       0                  
             Slack:=      51                  

Exceptions/Constraints:
  input_delay             300             tmp_sdc_view_wcl_slo_6_line_556 

#---------------------------------------------------------------------------------------------------------------------------------------------------
#                  Timing Point                   Flags   Arc   Edge            Cell              Fanout Load Trans Delay Arrival      Instance     
#                                                                                                        (fF)  (ps)  (ps)   (ps)       Location     
#---------------------------------------------------------------------------------------------------------------------------------------------------
  In1_im[10]                                      -       -     F     (arrival)                        1  0.9     0     0     500             (-,-) 
  pp_fir_6_1_1_Delay_Pipeline_reg_im_reg[0][10]/D -       -     F     SDFFRPQA_X1M_A9PP140ZTL_C30      1    -     -     0     500  (96.2420,3.4490) 
#---------------------------------------------------------------------------------------------------------------------------------------------------



Path 24: MET (51 ps) Setup Check with Pin pp_fir_6_1_1_Delay_Pipeline_reg_im_reg[0][9]/CK->D
           View: view_wcl_fast
          Group: clk
     Startpoint: (F) In1_im[9]
          Clock: (R) clk
       Endpoint: (F) pp_fir_6_1_1_Delay_Pipeline_reg_im_reg[0][9]/D
          Clock: (R) clk

                     Capture       Launch     
        Clock Edge:+     500            0     
        Drv Adjust:+       0            0     
       Src Latency:+       0            0     
       Net Latency:+     200 (I)      200 (I) 
           Arrival:=     700          200     
                                              
             Setup:-      24                  
       Uncertainty:-     125                  
     Required Time:=     551                  
      Launch Clock:-     200                  
       Input Delay:-     300                  
         Data Path:-       0                  
             Slack:=      51                  

Exceptions/Constraints:
  input_delay             300             tmp_sdc_view_wcl_slo_6_line_557 

#--------------------------------------------------------------------------------------------------------------------------------------------------
#                 Timing Point                   Flags   Arc   Edge            Cell              Fanout Load Trans Delay Arrival      Instance     
#                                                                                                       (fF)  (ps)  (ps)   (ps)       Location     
#--------------------------------------------------------------------------------------------------------------------------------------------------
  In1_im[9]                                      -       -     F     (arrival)                        1  0.9     0     0     500             (-,-) 
  pp_fir_6_1_1_Delay_Pipeline_reg_im_reg[0][9]/D -       -     F     SDFFRPQA_X1M_A9PP140ZTL_C30      1    -     -     0     500  (93.9775,2.3620) 
#--------------------------------------------------------------------------------------------------------------------------------------------------



Path 25: MET (51 ps) Setup Check with Pin pp_fir_6_1_1_Delay_Pipeline_reg_im_reg[0][8]/CK->D
           View: view_wcl_fast
          Group: clk
     Startpoint: (F) In1_im[8]
          Clock: (R) clk
       Endpoint: (F) pp_fir_6_1_1_Delay_Pipeline_reg_im_reg[0][8]/D
          Clock: (R) clk

                     Capture       Launch     
        Clock Edge:+     500            0     
        Drv Adjust:+       0            0     
       Src Latency:+       0            0     
       Net Latency:+     200 (I)      200 (I) 
           Arrival:=     700          200     
                                              
             Setup:-      24                  
       Uncertainty:-     125                  
     Required Time:=     551                  
      Launch Clock:-     200                  
       Input Delay:-     300                  
         Data Path:-       0                  
             Slack:=      51                  

Exceptions/Constraints:
  input_delay             300             tmp_sdc_view_wcl_slo_6_line_558 

#---------------------------------------------------------------------------------------------------------------------------------------------------
#                 Timing Point                   Flags   Arc   Edge            Cell              Fanout Load Trans Delay Arrival      Instance      
#                                                                                                       (fF)  (ps)  (ps)   (ps)       Location      
#---------------------------------------------------------------------------------------------------------------------------------------------------
  In1_im[8]                                      -       -     F     (arrival)                        1  0.9     0     0     500              (-,-) 
  pp_fir_6_1_1_Delay_Pipeline_reg_im_reg[0][8]/D -       -     F     SDFFRPQA_X1M_A9PP140ZTL_C30      1    -     -     0     500  (100.1915,2.8690) 
#---------------------------------------------------------------------------------------------------------------------------------------------------



Path 26: MET (51 ps) Setup Check with Pin pp_fir_6_1_1_Delay_Pipeline_reg_im_reg[0][7]/CK->D
           View: view_wcl_fast
          Group: clk
     Startpoint: (F) In1_im[7]
          Clock: (R) clk
       Endpoint: (F) pp_fir_6_1_1_Delay_Pipeline_reg_im_reg[0][7]/D
          Clock: (R) clk

                     Capture       Launch     
        Clock Edge:+     500            0     
        Drv Adjust:+       0            0     
       Src Latency:+       0            0     
       Net Latency:+     200 (I)      200 (I) 
           Arrival:=     700          200     
                                              
             Setup:-      24                  
       Uncertainty:-     125                  
     Required Time:=     551                  
      Launch Clock:-     200                  
       Input Delay:-     300                  
         Data Path:-       0                  
             Slack:=      51                  

Exceptions/Constraints:
  input_delay             300             tmp_sdc_view_wcl_slo_6_line_559 

#---------------------------------------------------------------------------------------------------------------------------------------------------
#                 Timing Point                   Flags   Arc   Edge            Cell              Fanout Load Trans Delay Arrival      Instance      
#                                                                                                       (fF)  (ps)  (ps)   (ps)       Location      
#---------------------------------------------------------------------------------------------------------------------------------------------------
  In1_im[7]                                      -       -     F     (arrival)                        1  0.9     0     0     500              (-,-) 
  pp_fir_6_1_1_Delay_Pipeline_reg_im_reg[0][7]/D -       -     F     SDFFRPQA_X1M_A9PP140ZTL_C30      1    -     -     0     500  (109.1985,1.1640) 
#---------------------------------------------------------------------------------------------------------------------------------------------------



Path 27: MET (51 ps) Setup Check with Pin pp_fir_6_1_1_Delay_Pipeline_reg_im_reg[0][6]/CK->D
           View: view_wcl_fast
          Group: clk
     Startpoint: (F) In1_im[6]
          Clock: (R) clk
       Endpoint: (F) pp_fir_6_1_1_Delay_Pipeline_reg_im_reg[0][6]/D
          Clock: (R) clk

                     Capture       Launch     
        Clock Edge:+     500            0     
        Drv Adjust:+       0            0     
       Src Latency:+       0            0     
       Net Latency:+     200 (I)      200 (I) 
           Arrival:=     700          200     
                                              
             Setup:-      24                  
       Uncertainty:-     125                  
     Required Time:=     551                  
      Launch Clock:-     200                  
       Input Delay:-     300                  
         Data Path:-       0                  
             Slack:=      51                  

Exceptions/Constraints:
  input_delay             300             tmp_sdc_view_wcl_slo_6_line_560 

#---------------------------------------------------------------------------------------------------------------------------------------------------
#                 Timing Point                   Flags   Arc   Edge            Cell              Fanout Load Trans Delay Arrival      Instance      
#                                                                                                       (fF)  (ps)  (ps)   (ps)       Location      
#---------------------------------------------------------------------------------------------------------------------------------------------------
  In1_im[6]                                      -       -     F     (arrival)                        1  0.9     0     0     500              (-,-) 
  pp_fir_6_1_1_Delay_Pipeline_reg_im_reg[0][6]/D -       -     F     SDFFRPQA_X1M_A9PP140ZTL_C30      1    -     -     0     500  (111.0465,2.2005) 
#---------------------------------------------------------------------------------------------------------------------------------------------------



Path 28: MET (51 ps) Setup Check with Pin pp_fir_6_1_1_Delay_Pipeline_reg_im_reg[0][5]/CK->D
           View: view_wcl_fast
          Group: clk
     Startpoint: (F) In1_im[5]
          Clock: (R) clk
       Endpoint: (F) pp_fir_6_1_1_Delay_Pipeline_reg_im_reg[0][5]/D
          Clock: (R) clk

                     Capture       Launch     
        Clock Edge:+     500            0     
        Drv Adjust:+       0            0     
       Src Latency:+       0            0     
       Net Latency:+     200 (I)      200 (I) 
           Arrival:=     700          200     
                                              
             Setup:-      24                  
       Uncertainty:-     125                  
     Required Time:=     551                  
      Launch Clock:-     200                  
       Input Delay:-     300                  
         Data Path:-       0                  
             Slack:=      51                  

Exceptions/Constraints:
  input_delay             300             tmp_sdc_view_wcl_slo_6_line_561 

#---------------------------------------------------------------------------------------------------------------------------------------------------
#                 Timing Point                   Flags   Arc   Edge            Cell              Fanout Load Trans Delay Arrival      Instance      
#                                                                                                       (fF)  (ps)  (ps)   (ps)       Location      
#---------------------------------------------------------------------------------------------------------------------------------------------------
  In1_im[5]                                      -       -     F     (arrival)                        1  0.9     0     0     500              (-,-) 
  pp_fir_6_1_1_Delay_Pipeline_reg_im_reg[0][5]/D -       -     F     SDFFRPQA_X1M_A9PP140ZTL_C30      1    -     -     0     500  (124.5095,0.0685) 
#---------------------------------------------------------------------------------------------------------------------------------------------------



Path 29: MET (51 ps) Setup Check with Pin pp_fir_6_1_1_Delay_Pipeline_reg_im_reg[0][4]/CK->D
           View: view_wcl_fast
          Group: clk
     Startpoint: (F) In1_im[4]
          Clock: (R) clk
       Endpoint: (F) pp_fir_6_1_1_Delay_Pipeline_reg_im_reg[0][4]/D
          Clock: (R) clk

                     Capture       Launch     
        Clock Edge:+     500            0     
        Drv Adjust:+       0            0     
       Src Latency:+       0            0     
       Net Latency:+     200 (I)      200 (I) 
           Arrival:=     700          200     
                                              
             Setup:-      24                  
       Uncertainty:-     125                  
     Required Time:=     551                  
      Launch Clock:-     200                  
       Input Delay:-     300                  
         Data Path:-       0                  
             Slack:=      51                  

Exceptions/Constraints:
  input_delay             300             tmp_sdc_view_wcl_slo_6_line_562 

#---------------------------------------------------------------------------------------------------------------------------------------------------
#                 Timing Point                   Flags   Arc   Edge            Cell              Fanout Load Trans Delay Arrival      Instance      
#                                                                                                       (fF)  (ps)  (ps)   (ps)       Location      
#---------------------------------------------------------------------------------------------------------------------------------------------------
  In1_im[4]                                      -       -     F     (arrival)                        1  0.9     0     0     500              (-,-) 
  pp_fir_6_1_1_Delay_Pipeline_reg_im_reg[0][4]/D -       -     F     SDFFRPQA_X1M_A9PP140ZTL_C30      1    -     -     0     500  (127.6960,0.0995) 
#---------------------------------------------------------------------------------------------------------------------------------------------------



Path 30: MET (51 ps) Setup Check with Pin pp_fir_6_1_1_Delay_Pipeline_reg_im_reg[0][3]/CK->D
           View: view_wcl_fast
          Group: clk
     Startpoint: (F) In1_im[3]
          Clock: (R) clk
       Endpoint: (F) pp_fir_6_1_1_Delay_Pipeline_reg_im_reg[0][3]/D
          Clock: (R) clk

                     Capture       Launch     
        Clock Edge:+     500            0     
        Drv Adjust:+       0            0     
       Src Latency:+       0            0     
       Net Latency:+     200 (I)      200 (I) 
           Arrival:=     700          200     
                                              
             Setup:-      24                  
       Uncertainty:-     125                  
     Required Time:=     551                  
      Launch Clock:-     200                  
       Input Delay:-     300                  
         Data Path:-       0                  
             Slack:=      51                  

Exceptions/Constraints:
  input_delay             300             tmp_sdc_view_wcl_slo_6_line_563 

#---------------------------------------------------------------------------------------------------------------------------------------------------
#                 Timing Point                   Flags   Arc   Edge            Cell              Fanout Load Trans Delay Arrival      Instance      
#                                                                                                       (fF)  (ps)  (ps)   (ps)       Location      
#---------------------------------------------------------------------------------------------------------------------------------------------------
  In1_im[3]                                      -       -     F     (arrival)                        1  0.9     0     0     500              (-,-) 
  pp_fir_6_1_1_Delay_Pipeline_reg_im_reg[0][3]/D -       -     F     SDFFRPQA_X1M_A9PP140ZTL_C30      1    -     -     0     500  (130.9895,0.0765) 
#---------------------------------------------------------------------------------------------------------------------------------------------------



Path 31: MET (51 ps) Setup Check with Pin pp_fir_6_1_1_Delay_Pipeline_reg_im_reg[0][2]/CK->D
           View: view_wcl_fast
          Group: clk
     Startpoint: (F) In1_im[2]
          Clock: (R) clk
       Endpoint: (F) pp_fir_6_1_1_Delay_Pipeline_reg_im_reg[0][2]/D
          Clock: (R) clk

                     Capture       Launch     
        Clock Edge:+     500            0     
        Drv Adjust:+       0            0     
       Src Latency:+       0            0     
       Net Latency:+     200 (I)      200 (I) 
           Arrival:=     700          200     
                                              
             Setup:-      24                  
       Uncertainty:-     125                  
     Required Time:=     551                  
      Launch Clock:-     200                  
       Input Delay:-     300                  
         Data Path:-       0                  
             Slack:=      51                  

Exceptions/Constraints:
  input_delay             300             tmp_sdc_view_wcl_slo_6_line_564 

#---------------------------------------------------------------------------------------------------------------------------------------------------
#                 Timing Point                   Flags   Arc   Edge            Cell              Fanout Load Trans Delay Arrival      Instance      
#                                                                                                       (fF)  (ps)  (ps)   (ps)       Location      
#---------------------------------------------------------------------------------------------------------------------------------------------------
  In1_im[2]                                      -       -     F     (arrival)                        1  0.9     0     0     500              (-,-) 
  pp_fir_6_1_1_Delay_Pipeline_reg_im_reg[0][2]/D -       -     F     SDFFRPQA_X1M_A9PP140ZTL_C30      1    -     -     0     500  (163.8750,0.0885) 
#---------------------------------------------------------------------------------------------------------------------------------------------------



Path 32: MET (51 ps) Setup Check with Pin pp_fir_6_1_1_Delay_Pipeline_reg_im_reg[0][1]/CK->D
           View: view_wcl_fast
          Group: clk
     Startpoint: (F) In1_im[1]
          Clock: (R) clk
       Endpoint: (F) pp_fir_6_1_1_Delay_Pipeline_reg_im_reg[0][1]/D
          Clock: (R) clk

                     Capture       Launch     
        Clock Edge:+     500            0     
        Drv Adjust:+       0            0     
       Src Latency:+       0            0     
       Net Latency:+     200 (I)      200 (I) 
           Arrival:=     700          200     
                                              
             Setup:-      24                  
       Uncertainty:-     125                  
     Required Time:=     551                  
      Launch Clock:-     200                  
       Input Delay:-     300                  
         Data Path:-       0                  
             Slack:=      51                  

Exceptions/Constraints:
  input_delay             300             tmp_sdc_view_wcl_slo_6_line_565 

#---------------------------------------------------------------------------------------------------------------------------------------------------
#                 Timing Point                   Flags   Arc   Edge            Cell              Fanout Load Trans Delay Arrival      Instance      
#                                                                                                       (fF)  (ps)  (ps)   (ps)       Location      
#---------------------------------------------------------------------------------------------------------------------------------------------------
  In1_im[1]                                      -       -     F     (arrival)                        1  0.9     0     0     500              (-,-) 
  pp_fir_6_1_1_Delay_Pipeline_reg_im_reg[0][1]/D -       -     F     SDFFRPQA_X1M_A9PP140ZTL_C30      1    -     -     0     500  (167.1910,0.0550) 
#---------------------------------------------------------------------------------------------------------------------------------------------------



Path 33: MET (51 ps) Setup Check with Pin pp_fir_6_1_1_Delay_Pipeline_reg_im_reg[0][0]/CK->D
           View: view_wcl_fast
          Group: clk
     Startpoint: (F) In1_im[0]
          Clock: (R) clk
       Endpoint: (F) pp_fir_6_1_1_Delay_Pipeline_reg_im_reg[0][0]/D
          Clock: (R) clk

                     Capture       Launch     
        Clock Edge:+     500            0     
        Drv Adjust:+       0            0     
       Src Latency:+       0            0     
       Net Latency:+     200 (I)      200 (I) 
           Arrival:=     700          200     
                                              
             Setup:-      24                  
       Uncertainty:-     125                  
     Required Time:=     551                  
      Launch Clock:-     200                  
       Input Delay:-     300                  
         Data Path:-       0                  
             Slack:=      51                  

Exceptions/Constraints:
  input_delay             300             tmp_sdc_view_wcl_slo_6_line_566 

#---------------------------------------------------------------------------------------------------------------------------------------------------
#                 Timing Point                   Flags   Arc   Edge            Cell              Fanout Load Trans Delay Arrival      Instance      
#                                                                                                       (fF)  (ps)  (ps)   (ps)       Location      
#---------------------------------------------------------------------------------------------------------------------------------------------------
  In1_im[0]                                      -       -     F     (arrival)                        1  0.9     0     0     500              (-,-) 
  pp_fir_6_1_1_Delay_Pipeline_reg_im_reg[0][0]/D -       -     F     SDFFRPQA_X1M_A9PP140ZTL_C30      1    -     -     0     500  (168.7600,1.0245) 
#---------------------------------------------------------------------------------------------------------------------------------------------------



Path 34: MET (155 ps) Setup Check with Pin pp_fir_6_1_1_sum1_6_re_1_reg[26]/CK->D
           View: view_wcl_fast
          Group: clk
     Startpoint: (R) pp_fir_6_1_1_Delay_Pipeline_reg_re_reg[20][12]/CK
          Clock: (R) clk
       Endpoint: (R) pp_fir_6_1_1_sum1_6_re_1_reg[26]/D
          Clock: (R) clk

                     Capture       Launch     
        Clock Edge:+     500            0     
       Src Latency:+       0            0     
       Net Latency:+     200 (I)      200 (I) 
           Arrival:=     700          200     
                                              
             Setup:-      10                  
       Uncertainty:-     125                  
     Required Time:=     566                  
      Launch Clock:-     200                  
         Data Path:-     210                  
             Slack:=     155                  

#-------------------------------------------------------------------------------------------------------------------------------------------------------------
#                     Timing Point                      Flags    Arc    Edge            Cell              Fanout Load Trans Delay Arrival       Instance      
#                                                                                                                (fF)  (ps)  (ps)   (ps)        Location      
#-------------------------------------------------------------------------------------------------------------------------------------------------------------
  pp_fir_6_1_1_Delay_Pipeline_reg_re_reg[20][12]/CK     -       -       R     (arrival)                     3598    -    25     0     200               (-,-) 
  pp_fir_6_1_1_Delay_Pipeline_reg_re_reg[20][12]/Q      -       CK->Q   R     SDFFRPQA_X1M_A9PP140ZTL_C30      7 11.1    35    38     238  (18.1350,143.2525) 
  pp_fir_6_1_1_csa_tree_ADD_TC_OP_groupi3969_g10914/Y   -       A->Y    F     INV_X4M_A9PP140ZTL_C30           7  9.5    14     8     246               (-,-) 
  pp_fir_6_1_1_csa_tree_ADD_TC_OP_groupi3969_g10674/CON -       CI->CON R     CGENI_X1M_A9PP140ZTL_C30         2  3.5    25    18     264               (-,-) 
  pp_fir_6_1_1_csa_tree_ADD_TC_OP_groupi3969_g10995/CO  -       A->CO   R     CGEN_X1M_A9PP140ZTL_C30          2  5.5    20    23     287               (-,-) 
  pp_fir_6_1_1_csa_tree_ADD_TC_OP_groupi3969_g10557/Y   -       A->Y    R     XOR2_X3M_A9PP140ZTL_C30          2  3.6    16    12     299               (-,-) 
  pp_fir_6_1_1_csa_tree_ADD_TC_OP_groupi3969_g10536/Y   -       A->Y    F     INV_X1M_A9PP140ZTL_C30           1  2.6    11     8     307               (-,-) 
  pp_fir_6_1_1_csa_tree_ADD_TC_OP_groupi3969_g10522/Y   -       A->Y    R     MXIT2_X3M_A9PP140ZTL_C30         2  3.3    14     9     316               (-,-) 
  pp_fir_6_1_1_csa_tree_ADD_TC_OP_groupi3969_g10440/Y   -       A->Y    F     XNOR3_X3M_A9PP140ZTL_C30         2  4.5    11    16     332               (-,-) 
  pp_fir_6_1_1_csa_tree_ADD_TC_OP_groupi3969_g10425/Y   -       A->Y    R     INV_X3M_A9PP140ZTL_C30           1  1.7     5     4     336               (-,-) 
  pp_fir_6_1_1_csa_tree_ADD_TC_OP_groupi3969_g10404/Y   -       A->Y    F     NAND2_X2A_A9PP140ZTL_C30         3  4.7    13     8     345               (-,-) 
  pp_fir_6_1_1_csa_tree_ADD_TC_OP_groupi3969_g10392/Y   -       C->Y    R     NAND3BB_X3M_A9PP140ZTL_C30       2  3.4    11     9     354               (-,-) 
  pp_fir_6_1_1_csa_tree_ADD_TC_OP_groupi3969_g10376/Y   -       A->Y    F     NOR2_X2A_A9PP140ZTL_C30          2  2.3    10     6     359               (-,-) 
  pp_fir_6_1_1_csa_tree_ADD_TC_OP_groupi3969_g10318/Y   -       BN->Y   F     NOR2XB_X2M_A9PP140ZTL_C30        1  1.8     8    13     373               (-,-) 
  pp_fir_6_1_1_csa_tree_ADD_TC_OP_groupi3969_g10294/Y   -       B1->Y   F     AO1B2_X3M_A9PP140ZTL_C30         1  2.3     7    12     384               (-,-) 
  pp_fir_6_1_1_csa_tree_ADD_TC_OP_groupi3969_g10280/CO  -       CI->CO  F     ADDF_X1P4M_A9PP140ZTL_C30        2  2.8    10    17     401               (-,-) 
  pp_fir_6_1_1_csa_tree_ADD_TC_OP_groupi3969_g10275/Y   -       A0->Y   R     AOI2XB1_X1M_A9PP140ZTL_C30       1  1.0    12     9     410               (-,-) 
  pp_fir_6_1_1_sum1_6_re_1_reg[26]/D                    -       -       R     SDFFRPQ_X2M_A9PP140ZTL_C30       1    -     -     0     410  (28.3960,140.0400) 
#-------------------------------------------------------------------------------------------------------------------------------------------------------------



Path 35: MET (155 ps) Setup Check with Pin pp_fir_6_1_1_sum1_6_im_1_reg[26]/CK->D
           View: view_wcl_fast
          Group: clk
     Startpoint: (R) pp_fir_6_1_1_Delay_Pipeline_reg_im_reg[20][12]/CK
          Clock: (R) clk
       Endpoint: (R) pp_fir_6_1_1_sum1_6_im_1_reg[26]/D
          Clock: (R) clk

                     Capture       Launch     
        Clock Edge:+     500            0     
       Src Latency:+       0            0     
       Net Latency:+     200 (I)      200 (I) 
           Arrival:=     700          200     
                                              
             Setup:-      10                  
       Uncertainty:-     125                  
     Required Time:=     566                  
      Launch Clock:-     200                  
         Data Path:-     210                  
             Slack:=     155                  

#--------------------------------------------------------------------------------------------------------------------------------------------------------------
#                     Timing Point                      Flags    Arc    Edge            Cell              Fanout Load Trans Delay Arrival       Instance       
#                                                                                                                (fF)  (ps)  (ps)   (ps)        Location       
#--------------------------------------------------------------------------------------------------------------------------------------------------------------
  pp_fir_6_1_1_Delay_Pipeline_reg_im_reg[20][12]/CK     -       -       R     (arrival)                     3598    -    25     0     200                (-,-) 
  pp_fir_6_1_1_Delay_Pipeline_reg_im_reg[20][12]/Q      -       CK->Q   R     SDFFRPQA_X1M_A9PP140ZTL_C30      7 11.1    35    38     238  (116.0690,136.4620) 
  pp_fir_6_1_1_csa_tree_ADD_TC_OP_groupi3968_g10914/Y   -       A->Y    F     INV_X4M_A9PP140ZTL_C30           7  9.5    14     8     246                (-,-) 
  pp_fir_6_1_1_csa_tree_ADD_TC_OP_groupi3968_g10674/CON -       CI->CON R     CGENI_X1M_A9PP140ZTL_C30         2  3.5    25    18     264                (-,-) 
  pp_fir_6_1_1_csa_tree_ADD_TC_OP_groupi3968_g10995/CO  -       A->CO   R     CGEN_X1M_A9PP140ZTL_C30          2  5.5    20    23     287                (-,-) 
  pp_fir_6_1_1_csa_tree_ADD_TC_OP_groupi3968_g10557/Y   -       A->Y    R     XOR2_X3M_A9PP140ZTL_C30          2  3.6    16    12     299                (-,-) 
  pp_fir_6_1_1_csa_tree_ADD_TC_OP_groupi3968_g10536/Y   -       A->Y    F     INV_X1M_A9PP140ZTL_C30           1  2.6    11     8     307                (-,-) 
  pp_fir_6_1_1_csa_tree_ADD_TC_OP_groupi3968_g10522/Y   -       A->Y    R     MXIT2_X3M_A9PP140ZTL_C30         2  3.3    14     9     316                (-,-) 
  pp_fir_6_1_1_csa_tree_ADD_TC_OP_groupi3968_g10440/Y   -       A->Y    F     XNOR3_X3M_A9PP140ZTL_C30         2  4.5    11    16     332                (-,-) 
  pp_fir_6_1_1_csa_tree_ADD_TC_OP_groupi3968_g10425/Y   -       A->Y    R     INV_X3M_A9PP140ZTL_C30           1  1.7     5     4     336                (-,-) 
  pp_fir_6_1_1_csa_tree_ADD_TC_OP_groupi3968_g10404/Y   -       A->Y    F     NAND2_X2A_A9PP140ZTL_C30         3  4.7    13     8     345                (-,-) 
  pp_fir_6_1_1_csa_tree_ADD_TC_OP_groupi3968_g10392/Y   -       C->Y    R     NAND3BB_X3M_A9PP140ZTL_C30       2  3.4    11     9     354                (-,-) 
  pp_fir_6_1_1_csa_tree_ADD_TC_OP_groupi3968_g10376/Y   -       A->Y    F     NOR2_X2A_A9PP140ZTL_C30          2  2.3    10     6     359                (-,-) 
  pp_fir_6_1_1_csa_tree_ADD_TC_OP_groupi3968_g10318/Y   -       BN->Y   F     NOR2XB_X2M_A9PP140ZTL_C30        1  1.8     8    13     373                (-,-) 
  pp_fir_6_1_1_csa_tree_ADD_TC_OP_groupi3968_g10294/Y   -       B1->Y   F     AO1B2_X3M_A9PP140ZTL_C30         1  2.3     7    12     384                (-,-) 
  pp_fir_6_1_1_csa_tree_ADD_TC_OP_groupi3968_g10280/CO  -       CI->CO  F     ADDF_X1P4M_A9PP140ZTL_C30        2  2.8    10    17     401                (-,-) 
  pp_fir_6_1_1_csa_tree_ADD_TC_OP_groupi3968_g10275/Y   -       A0->Y   R     AOI2XB1_X1M_A9PP140ZTL_C30       1  1.0    12     9     410                (-,-) 
  pp_fir_6_1_1_sum1_6_im_1_reg[26]/D                    -       -       R     SDFFRPQ_X2M_A9PP140ZTL_C30       1    -     -     0     410  (110.4040,127.6675) 
#--------------------------------------------------------------------------------------------------------------------------------------------------------------



Path 36: MET (156 ps) Setup Check with Pin pp_fir_6_1_1_sum1_6_re_1_reg[21]/CK->D
           View: view_wcl_fast
          Group: clk
     Startpoint: (R) pp_fir_6_1_1_Delay_Pipeline_reg_re_reg[20][6]/CK
          Clock: (R) clk
       Endpoint: (R) pp_fir_6_1_1_sum1_6_re_1_reg[21]/D
          Clock: (R) clk

                     Capture       Launch     
        Clock Edge:+     500            0     
       Src Latency:+       0            0     
       Net Latency:+     200 (I)      200 (I) 
           Arrival:=     700          200     
                                              
             Setup:-      10                  
       Uncertainty:-     125                  
     Required Time:=     566                  
      Launch Clock:-     200                  
         Data Path:-     210                  
             Slack:=     156                  

#-------------------------------------------------------------------------------------------------------------------------------------------------------------
#                     Timing Point                      Flags    Arc    Edge            Cell              Fanout Load Trans Delay Arrival       Instance      
#                                                                                                                (fF)  (ps)  (ps)   (ps)        Location      
#-------------------------------------------------------------------------------------------------------------------------------------------------------------
  pp_fir_6_1_1_Delay_Pipeline_reg_re_reg[20][6]/CK      -       -       R     (arrival)                     3598    -    25     0     200               (-,-) 
  pp_fir_6_1_1_Delay_Pipeline_reg_re_reg[20][6]/Q       -       CK->Q   R     SDFFRPQA_X1M_A9PP140ZTL_C30      5  6.9    23    31     231   (3.7910,134.6510) 
  pp_fir_6_1_1_csa_tree_ADD_TC_OP_groupi3969_g10902/Y   -       A->Y    F     INV_X1P7M_A9PP140ZTL_C30         7 10.6    20    14     245               (-,-) 
  pp_fir_6_1_1_csa_tree_ADD_TC_OP_groupi3969_g10899/Y   -       A->Y    R     INV_X1M_A9PP140ZTL_C30           1  1.9    12    10     254               (-,-) 
  pp_fir_6_1_1_csa_tree_ADD_TC_OP_groupi3969_g10678/Y   -       B1->Y   R     OA1B2_X3M_A9PP140ZTL_C30         2  4.7    12    13     267               (-,-) 
  pp_fir_6_1_1_csa_tree_ADD_TC_OP_groupi3969_g10616/CON -       B->CON  F     CGENI_X2M_A9PP140ZTL_C30         1  3.0    17    11     278               (-,-) 
  pp_fir_6_1_1_csa_tree_ADD_TC_OP_groupi3969_g10513/CO  -       B->CO   F     ADDF_X1P4M_A9PP140ZTL_C30        2  2.6     9    20     298               (-,-) 
  pp_fir_6_1_1_csa_tree_ADD_TC_OP_groupi3969_g10508/Y   -       A->Y    R     INV_X0P8M_A9PP140ZTL_C30         1  1.2     8     6     304               (-,-) 
  pp_fir_6_1_1_csa_tree_ADD_TC_OP_groupi3969_g10482/CO  -       CI->CO  R     CGEN_X1M_A9PP140ZTL_C30          2  2.7    12    16     320               (-,-) 
  pp_fir_6_1_1_csa_tree_ADD_TC_OP_groupi3969_g10412/CON -       CI->CON F     CGENI_X1M_A9PP140ZTL_C30         2  3.1    23    15     334               (-,-) 
  pp_fir_6_1_1_csa_tree_ADD_TC_OP_groupi3969_g10382/Y   -       A->Y    R     INV_X0P8M_A9PP140ZTL_C30         1  1.2    11     9     343               (-,-) 
  pp_fir_6_1_1_csa_tree_ADD_TC_OP_groupi3969_g10367/Y   -       A->Y    F     NOR2_X1A_A9PP140ZTL_C30          2  2.5    13     9     352               (-,-) 
  pp_fir_6_1_1_csa_tree_ADD_TC_OP_groupi3969_g10340/Y   -       B0->Y   R     AOI21_X2M_A9PP140ZTL_C30         1  2.1    12     9     361               (-,-) 
  pp_fir_6_1_1_csa_tree_ADD_TC_OP_groupi3969_g10314/Y   -       B0->Y   F     OAI21_X3M_A9PP140ZTL_C30         2  4.5    13     9     370               (-,-) 
  pp_fir_6_1_1_csa_tree_ADD_TC_OP_groupi3969_g10313/Y   -       A->Y    R     INV_X1P4M_A9PP140ZTL_C30         1  1.5     7     6     376               (-,-) 
  pp_fir_6_1_1_csa_tree_ADD_TC_OP_groupi3969_g10293/Y   -       B0->Y   F     OAI2XB1_X2M_A9PP140ZTL_C30       2  3.2    13     9     384               (-,-) 
  pp_fir_6_1_1_csa_tree_ADD_TC_OP_groupi3969_g10289/Y   -       A->Y    R     NAND2_X2A_A9PP140ZTL_C30         2  3.3    11     8     392               (-,-) 
  pp_fir_6_1_1_csa_tree_ADD_TC_OP_groupi3969_g10288/Y   -       A->Y    F     INV_X1P4M_A9PP140ZTL_C30         1  1.6     6     4     396               (-,-) 
  pp_fir_6_1_1_csa_tree_ADD_TC_OP_groupi3969_g10282/Y   -       A->Y    R     NOR2_X2A_A9PP140ZTL_C30          1  1.8     8     6     402               (-,-) 
  pp_fir_6_1_1_csa_tree_ADD_TC_OP_groupi3969_g10278/Y   -       S0->Y   R     MXIT2_X1P4M_A9PP140ZTL_C30       1  1.0    10     8     410               (-,-) 
  pp_fir_6_1_1_sum1_6_re_1_reg[21]/D                    -       -       R     SDFFRPQ_X2M_A9PP140ZTL_C30       1    -     -     0     410  (27.9940,159.8635) 
#-------------------------------------------------------------------------------------------------------------------------------------------------------------



Path 37: MET (156 ps) Setup Check with Pin pp_fir_6_1_1_sum1_6_im_1_reg[21]/CK->D
           View: view_wcl_fast
          Group: clk
     Startpoint: (R) pp_fir_6_1_1_Delay_Pipeline_reg_im_reg[20][6]/CK
          Clock: (R) clk
       Endpoint: (R) pp_fir_6_1_1_sum1_6_im_1_reg[21]/D
          Clock: (R) clk

                     Capture       Launch     
        Clock Edge:+     500            0     
       Src Latency:+       0            0     
       Net Latency:+     200 (I)      200 (I) 
           Arrival:=     700          200     
                                              
             Setup:-      10                  
       Uncertainty:-     125                  
     Required Time:=     566                  
      Launch Clock:-     200                  
         Data Path:-     210                  
             Slack:=     156                  

#--------------------------------------------------------------------------------------------------------------------------------------------------------------
#                     Timing Point                      Flags    Arc    Edge            Cell              Fanout Load Trans Delay Arrival       Instance       
#                                                                                                                (fF)  (ps)  (ps)   (ps)        Location       
#--------------------------------------------------------------------------------------------------------------------------------------------------------------
  pp_fir_6_1_1_Delay_Pipeline_reg_im_reg[20][6]/CK      -       -       R     (arrival)                     3598    -    25     0     200                (-,-) 
  pp_fir_6_1_1_Delay_Pipeline_reg_im_reg[20][6]/Q       -       CK->Q   R     SDFFRPQA_X1M_A9PP140ZTL_C30      5  6.9    23    31     231  (121.3120,125.3760) 
  pp_fir_6_1_1_csa_tree_ADD_TC_OP_groupi3968_g10902/Y   -       A->Y    F     INV_X1P7M_A9PP140ZTL_C30         7 10.6    20    14     245                (-,-) 
  pp_fir_6_1_1_csa_tree_ADD_TC_OP_groupi3968_g10899/Y   -       A->Y    R     INV_X1M_A9PP140ZTL_C30           1  1.9    12    10     254                (-,-) 
  pp_fir_6_1_1_csa_tree_ADD_TC_OP_groupi3968_g10678/Y   -       B1->Y   R     OA1B2_X3M_A9PP140ZTL_C30         2  4.7    12    13     267                (-,-) 
  pp_fir_6_1_1_csa_tree_ADD_TC_OP_groupi3968_g10616/CON -       B->CON  F     CGENI_X2M_A9PP140ZTL_C30         1  3.0    17    11     278                (-,-) 
  pp_fir_6_1_1_csa_tree_ADD_TC_OP_groupi3968_g10513/CO  -       B->CO   F     ADDF_X1P4M_A9PP140ZTL_C30        2  2.6     9    20     298                (-,-) 
  pp_fir_6_1_1_csa_tree_ADD_TC_OP_groupi3968_g10508/Y   -       A->Y    R     INV_X0P8M_A9PP140ZTL_C30         1  1.2     8     6     304                (-,-) 
  pp_fir_6_1_1_csa_tree_ADD_TC_OP_groupi3968_g10482/CO  -       CI->CO  R     CGEN_X1M_A9PP140ZTL_C30          2  2.7    12    16     320                (-,-) 
  pp_fir_6_1_1_csa_tree_ADD_TC_OP_groupi3968_g10412/CON -       CI->CON F     CGENI_X1M_A9PP140ZTL_C30         2  3.1    23    15     334                (-,-) 
  pp_fir_6_1_1_csa_tree_ADD_TC_OP_groupi3968_g10382/Y   -       A->Y    R     INV_X0P8M_A9PP140ZTL_C30         1  1.2    11     9     343                (-,-) 
  pp_fir_6_1_1_csa_tree_ADD_TC_OP_groupi3968_g10367/Y   -       A->Y    F     NOR2_X1A_A9PP140ZTL_C30          2  2.5    13     9     352                (-,-) 
  pp_fir_6_1_1_csa_tree_ADD_TC_OP_groupi3968_g10340/Y   -       B0->Y   R     AOI21_X2M_A9PP140ZTL_C30         1  2.1    12     9     361                (-,-) 
  pp_fir_6_1_1_csa_tree_ADD_TC_OP_groupi3968_g10314/Y   -       B0->Y   F     OAI21_X3M_A9PP140ZTL_C30         2  4.5    13     9     370                (-,-) 
  pp_fir_6_1_1_csa_tree_ADD_TC_OP_groupi3968_g10313/Y   -       A->Y    R     INV_X1P4M_A9PP140ZTL_C30         1  1.5     7     6     376                (-,-) 
  pp_fir_6_1_1_csa_tree_ADD_TC_OP_groupi3968_g10293/Y   -       B0->Y   F     OAI2XB1_X2M_A9PP140ZTL_C30       2  3.2    13     9     384                (-,-) 
  pp_fir_6_1_1_csa_tree_ADD_TC_OP_groupi3968_g10289/Y   -       A->Y    R     NAND2_X2A_A9PP140ZTL_C30         2  3.3    11     8     392                (-,-) 
  pp_fir_6_1_1_csa_tree_ADD_TC_OP_groupi3968_g10288/Y   -       A->Y    F     INV_X1P4M_A9PP140ZTL_C30         1  1.6     6     4     396                (-,-) 
  pp_fir_6_1_1_csa_tree_ADD_TC_OP_groupi3968_g10282/Y   -       A->Y    R     NOR2_X2A_A9PP140ZTL_C30          1  1.8     8     6     402                (-,-) 
  pp_fir_6_1_1_csa_tree_ADD_TC_OP_groupi3968_g10278/Y   -       S0->Y   R     MXIT2_X1P4M_A9PP140ZTL_C30       1  1.0    10     8     410                (-,-) 
  pp_fir_6_1_1_sum1_6_im_1_reg[21]/D                    -       -       R     SDFFRPQ_X2M_A9PP140ZTL_C30       1    -     -     0     410  (107.5855,133.8945) 
#--------------------------------------------------------------------------------------------------------------------------------------------------------------



Path 38: MET (156 ps) Setup Check with Pin pp_fir_6_1_1_sum1_8_im_1_reg[23]/CK->D
           View: view_wcl_fast
          Group: clk
     Startpoint: (R) pp_fir_6_1_1_Delay_Pipeline_reg_im_reg[16][0]/CK
          Clock: (R) clk
       Endpoint: (R) pp_fir_6_1_1_sum1_8_im_1_reg[23]/D
          Clock: (R) clk

                     Capture       Launch     
        Clock Edge:+     500            0     
       Src Latency:+       0            0     
       Net Latency:+     200 (I)      200 (I) 
           Arrival:=     700          200     
                                              
             Setup:-      10                  
       Uncertainty:-     125                  
     Required Time:=     566                  
      Launch Clock:-     200                  
         Data Path:-     209                  
             Slack:=     156                  

#-----------------------------------------------------------------------------------------------------------------------------------------------------------
#                    Timing Point                      Flags    Arc   Edge            Cell              Fanout Load Trans Delay Arrival       Instance      
#                                                                                                              (fF)  (ps)  (ps)   (ps)        Location      
#-----------------------------------------------------------------------------------------------------------------------------------------------------------
  pp_fir_6_1_1_Delay_Pipeline_reg_im_reg[16][0]/CK     -       -      R     (arrival)                     3598    -    25     0     200               (-,-) 
  pp_fir_6_1_1_Delay_Pipeline_reg_im_reg[16][0]/Q      -       CK->Q  R     SDFFRPQA_X1M_A9PP140ZTL_C30      8  9.4    30    35     235  (156.4655,81.0800) 
  pp_fir_6_1_1_csa_tree_ADD_TC_OP_groupi3964_g11213/Y  -       A->Y   F     INV_X1M_A9PP140ZTL_C30           3  3.8    17    11     246               (-,-) 
  pp_fir_6_1_1_csa_tree_ADD_TC_OP_groupi3964_g11212/Y  -       A->Y   R     INV_X1M_A9PP140ZTL_C30           2  2.7    13    10     257               (-,-) 
  pp_fir_6_1_1_csa_tree_ADD_TC_OP_groupi3964_g11168/Y  -       A->Y   F     NOR2_X1A_A9PP140ZTL_C30          1  1.9    11     8     265               (-,-) 
  pp_fir_6_1_1_csa_tree_ADD_TC_OP_groupi3964_g11379/Y  -       A1->Y  R     OAI22BB_X2M_A9PP140ZTL_C30       2  2.1    16    10     274               (-,-) 
  pp_fir_6_1_1_csa_tree_ADD_TC_OP_groupi3964_g11016/Y  -       A->Y   F     INV_X1M_A9PP140ZTL_C30           1  1.9     9     6     281               (-,-) 
  pp_fir_6_1_1_csa_tree_ADD_TC_OP_groupi3964_g10960/Y  -       B->Y   R     NAND2_X2B_A9PP140ZTL_C30         2  2.7     8     7     288               (-,-) 
  pp_fir_6_1_1_csa_tree_ADD_TC_OP_groupi3964_g10911/Y  -       A1->Y  F     AOI21_X2M_A9PP140ZTL_C30         2  2.7    12     9     296               (-,-) 
  pp_fir_6_1_1_csa_tree_ADD_TC_OP_groupi3964_g10876/Y  -       A0->Y  R     OAI21_X2M_A9PP140ZTL_C30         1  2.3    13    10     306               (-,-) 
  pp_fir_6_1_1_csa_tree_ADD_TC_OP_groupi3964_g10817/CO -       CI->CO R     ADDF_X2M_A9PP140ZTL_C30          1  2.3     9    18     324               (-,-) 
  pp_fir_6_1_1_csa_tree_ADD_TC_OP_groupi3964_g10781/CO -       CI->CO R     ADDF_X2M_A9PP140ZTL_C30          4  5.5    14    20     344               (-,-) 
  pp_fir_6_1_1_csa_tree_ADD_TC_OP_groupi3964_g10762/Y  -       A1->Y  F     AOI31_X3M_A9PP140ZTL_C30         1  3.0    16    12     356               (-,-) 
  pp_fir_6_1_1_csa_tree_ADD_TC_OP_groupi3964_g10759/Y  -       B0N->Y R     AO21B_X4M_A9PP140ZTL_C30         2  4.1     8     7     363               (-,-) 
  pp_fir_6_1_1_csa_tree_ADD_TC_OP_groupi3964_g10716/Y  -       A0->Y  F     AOI21_X4M_A9PP140ZTL_C30         5  6.7    14    10     373               (-,-) 
  pp_fir_6_1_1_csa_tree_ADD_TC_OP_groupi3964_g10701/Y  -       A0->Y  R     OAI21_X2M_A9PP140ZTL_C30         2  2.6    14    11     384               (-,-) 
  pp_fir_6_1_1_csa_tree_ADD_TC_OP_groupi3964_g10700/Y  -       A->Y   F     INV_X1M_A9PP140ZTL_C30           2  3.1    12     8     392               (-,-) 
  pp_fir_6_1_1_csa_tree_ADD_TC_OP_groupi3964_g10691/Y  -       A0->Y  R     OAI21_X2M_A9PP140ZTL_C30         1  1.8    11     9     401               (-,-) 
  pp_fir_6_1_1_csa_tree_ADD_TC_OP_groupi3964_g10685/Y  -       S0->Y  R     MXIT2_X1P4M_A9PP140ZTL_C30       1  1.0    10     8     409               (-,-) 
  pp_fir_6_1_1_sum1_8_im_1_reg[23]/D                   -       -      R     SDFFRPQ_X2M_A9PP140ZTL_C30       1    -     -     0     409  (105.5920,89.7815) 
#-----------------------------------------------------------------------------------------------------------------------------------------------------------



Path 39: MET (156 ps) Setup Check with Pin pp_fir_6_1_1_sum1_8_im_1_reg[21]/CK->D
           View: view_wcl_fast
          Group: clk
     Startpoint: (R) pp_fir_6_1_1_Delay_Pipeline_reg_im_reg[16][0]/CK
          Clock: (R) clk
       Endpoint: (R) pp_fir_6_1_1_sum1_8_im_1_reg[21]/D
          Clock: (R) clk

                     Capture       Launch     
        Clock Edge:+     500            0     
       Src Latency:+       0            0     
       Net Latency:+     200 (I)      200 (I) 
           Arrival:=     700          200     
                                              
             Setup:-      10                  
       Uncertainty:-     125                  
     Required Time:=     566                  
      Launch Clock:-     200                  
         Data Path:-     209                  
             Slack:=     156                  

#-----------------------------------------------------------------------------------------------------------------------------------------------------------
#                    Timing Point                      Flags    Arc   Edge            Cell              Fanout Load Trans Delay Arrival       Instance      
#                                                                                                              (fF)  (ps)  (ps)   (ps)        Location      
#-----------------------------------------------------------------------------------------------------------------------------------------------------------
  pp_fir_6_1_1_Delay_Pipeline_reg_im_reg[16][0]/CK     -       -      R     (arrival)                     3598    -    25     0     200               (-,-) 
  pp_fir_6_1_1_Delay_Pipeline_reg_im_reg[16][0]/Q      -       CK->Q  R     SDFFRPQA_X1M_A9PP140ZTL_C30      8  9.4    30    35     235  (156.4655,81.0800) 
  pp_fir_6_1_1_csa_tree_ADD_TC_OP_groupi3964_g11213/Y  -       A->Y   F     INV_X1M_A9PP140ZTL_C30           3  3.8    17    11     246               (-,-) 
  pp_fir_6_1_1_csa_tree_ADD_TC_OP_groupi3964_g11212/Y  -       A->Y   R     INV_X1M_A9PP140ZTL_C30           2  2.7    13    10     257               (-,-) 
  pp_fir_6_1_1_csa_tree_ADD_TC_OP_groupi3964_g11168/Y  -       A->Y   F     NOR2_X1A_A9PP140ZTL_C30          1  1.9    11     8     265               (-,-) 
  pp_fir_6_1_1_csa_tree_ADD_TC_OP_groupi3964_g11379/Y  -       A1->Y  R     OAI22BB_X2M_A9PP140ZTL_C30       2  2.1    16    10     274               (-,-) 
  pp_fir_6_1_1_csa_tree_ADD_TC_OP_groupi3964_g11016/Y  -       A->Y   F     INV_X1M_A9PP140ZTL_C30           1  1.9     9     6     281               (-,-) 
  pp_fir_6_1_1_csa_tree_ADD_TC_OP_groupi3964_g10960/Y  -       B->Y   R     NAND2_X2B_A9PP140ZTL_C30         2  2.7     8     7     288               (-,-) 
  pp_fir_6_1_1_csa_tree_ADD_TC_OP_groupi3964_g10911/Y  -       A1->Y  F     AOI21_X2M_A9PP140ZTL_C30         2  2.7    12     9     296               (-,-) 
  pp_fir_6_1_1_csa_tree_ADD_TC_OP_groupi3964_g10876/Y  -       A0->Y  R     OAI21_X2M_A9PP140ZTL_C30         1  2.3    13    10     306               (-,-) 
  pp_fir_6_1_1_csa_tree_ADD_TC_OP_groupi3964_g10817/CO -       CI->CO R     ADDF_X2M_A9PP140ZTL_C30          1  2.3     9    18     324               (-,-) 
  pp_fir_6_1_1_csa_tree_ADD_TC_OP_groupi3964_g10781/CO -       CI->CO R     ADDF_X2M_A9PP140ZTL_C30          4  5.5    14    20     344               (-,-) 
  pp_fir_6_1_1_csa_tree_ADD_TC_OP_groupi3964_g10762/Y  -       A1->Y  F     AOI31_X3M_A9PP140ZTL_C30         1  3.0    16    12     356               (-,-) 
  pp_fir_6_1_1_csa_tree_ADD_TC_OP_groupi3964_g10759/Y  -       B0N->Y R     AO21B_X4M_A9PP140ZTL_C30         2  4.1     8     7     363               (-,-) 
  pp_fir_6_1_1_csa_tree_ADD_TC_OP_groupi3964_g10716/Y  -       A0->Y  F     AOI21_X4M_A9PP140ZTL_C30         5  6.7    14    10     373               (-,-) 
  pp_fir_6_1_1_csa_tree_ADD_TC_OP_groupi3964_g10701/Y  -       A0->Y  R     OAI21_X2M_A9PP140ZTL_C30         2  2.6    14    11     384               (-,-) 
  pp_fir_6_1_1_csa_tree_ADD_TC_OP_groupi3964_g10695/Y  -       A->Y   F     NAND2_X2M_A9PP140ZTL_C30         2  2.7    10     7     390               (-,-) 
  pp_fir_6_1_1_csa_tree_ADD_TC_OP_groupi3964_g10690/Y  -       A->Y   R     NAND2XB_X1M_A9PP140ZTL_C30       1  1.6    12     9     400               (-,-) 
  pp_fir_6_1_1_csa_tree_ADD_TC_OP_groupi3964_g10687/Y  -       S0->Y  R     MXIT2_X1M_A9PP140ZTL_C30         1  1.0    13    10     409               (-,-) 
  pp_fir_6_1_1_sum1_8_im_1_reg[21]/D                   -       -      R     SDFFRPQ_X2M_A9PP140ZTL_C30       1    -     -     0     409  (100.9325,85.8510) 
#-----------------------------------------------------------------------------------------------------------------------------------------------------------



Path 40: MET (156 ps) Setup Check with Pin pp_fir_6_1_1_sum1_11_re_1_reg[25]/CK->D
           View: view_wcl_fast
          Group: clk
     Startpoint: (R) pp_fir_6_1_1_Delay_Pipeline_reg_re_reg[11][14]/CK
          Clock: (R) clk
       Endpoint: (R) pp_fir_6_1_1_sum1_11_re_1_reg[25]/D
          Clock: (R) clk

                     Capture       Launch     
        Clock Edge:+     500            0     
       Src Latency:+       0            0     
       Net Latency:+     200 (I)      200 (I) 
           Arrival:=     700          200     
                                              
             Setup:-      10                  
       Uncertainty:-     125                  
     Required Time:=     566                  
      Launch Clock:-     200                  
         Data Path:-     209                  
             Slack:=     156                  

#--------------------------------------------------------------------------------------------------------------------------------------------------------
#                   Timing Point                     Flags    Arc   Edge            Cell              Fanout Load Trans Delay Arrival      Instance      
#                                                                                                            (fF)  (ps)  (ps)   (ps)       Location      
#--------------------------------------------------------------------------------------------------------------------------------------------------------
  pp_fir_6_1_1_Delay_Pipeline_reg_re_reg[11][14]/CK  -       -      R     (arrival)                     3598    -    25     0     200              (-,-) 
  pp_fir_6_1_1_Delay_Pipeline_reg_re_reg[11][14]/Q   -       CK->Q  R     DFFRPQA_X1M_A9PP140ZTL_C30       7 10.3    33    36     236  (97.9310,77.9910) 
  pp_fir_6_1_1_csa_tree_ADD_TC_OP_groupi3959_g9833/Y -       B->Y   F     NOR2_X2M_A9PP140ZTL_C30          3  4.2    20    14     250              (-,-) 
  pp_fir_6_1_1_csa_tree_ADD_TC_OP_groupi3959_g2/Y    -       A0N->Y R     OA1B2_X1M_A9PP140ZTL_C30         2  3.1    21    16     266              (-,-) 
  pp_fir_6_1_1_csa_tree_ADD_TC_OP_groupi3959_g9782/Y -       A->Y   F     NOR2XB_X2M_A9PP140ZTL_C30        3  4.9    16    10     277              (-,-) 
  pp_fir_6_1_1_csa_tree_ADD_TC_OP_groupi3959_g9977/Y -       B0->Y  R     AOI21_X2M_A9PP140ZTL_C30         2  5.1    20    14     291              (-,-) 
  pp_fir_6_1_1_csa_tree_ADD_TC_OP_groupi3959_g9644/Y -       B->Y   R     XNOR3_X3M_A9PP140ZTL_C30         1  2.3    10    23     314              (-,-) 
  pp_fir_6_1_1_csa_tree_ADD_TC_OP_groupi3959_g9559/S -       CI->S  F     ADDF_X1M_A9PP140ZTL_C30          2  2.6    14    25     340              (-,-) 
  pp_fir_6_1_1_csa_tree_ADD_TC_OP_groupi3959_g9538/Y -       A->Y   F     OR2_X3M_A9PP140ZTL_C30           3  4.9     8    12     352              (-,-) 
  pp_fir_6_1_1_csa_tree_ADD_TC_OP_groupi3959_g9981/Y -       BN->Y  F     NOR3BB_X1P4M_A9PP140ZTL_C30      2  2.8    12    15     367              (-,-) 
  pp_fir_6_1_1_csa_tree_ADD_TC_OP_groupi3959_g9470/Y -       B->Y   R     NAND2_X2M_A9PP140ZTL_C30         2  3.2    13    10     377              (-,-) 
  pp_fir_6_1_1_csa_tree_ADD_TC_OP_groupi3959_g9469/Y -       A->Y   F     INV_X1P7M_A9PP140ZTL_C30         1  1.8     6     4     381              (-,-) 
  pp_fir_6_1_1_csa_tree_ADD_TC_OP_groupi3959_g9463/Y -       A->Y   R     NAND2_X2A_A9PP140ZTL_C30         1  1.9     8     5     386              (-,-) 
  pp_fir_6_1_1_csa_tree_ADD_TC_OP_groupi3959_g9454/Y -       A0->Y  F     OAI21_X2M_A9PP140ZTL_C30         1  1.6    11     6     393              (-,-) 
  pp_fir_6_1_1_csa_tree_ADD_TC_OP_groupi3959_g9435/Y -       B0->Y  R     AOI21_X2M_A9PP140ZTL_C30         1  1.8    11     8     401              (-,-) 
  pp_fir_6_1_1_csa_tree_ADD_TC_OP_groupi3959_g9429/Y -       S0->Y  R     MXIT2_X1P4M_A9PP140ZTL_C30       1  1.0    10     8     409              (-,-) 
  pp_fir_6_1_1_sum1_11_re_1_reg[25]/D                -       -      R     SDFFRPQ_X1M_A9PP140ZTL_C30       1    -     -     0     409  (93.3065,85.3275) 
#--------------------------------------------------------------------------------------------------------------------------------------------------------



Path 41: MET (156 ps) Setup Check with Pin pp_fir_6_1_1_sum1_9_im_1_reg[29]/CK->D
           View: view_wcl_fast
          Group: clk
     Startpoint: (R) pp_fir_6_1_1_Delay_Pipeline_reg_im_reg[15][9]/CK
          Clock: (R) clk
       Endpoint: (R) pp_fir_6_1_1_sum1_9_im_1_reg[29]/D
          Clock: (R) clk

                     Capture       Launch     
        Clock Edge:+     500            0     
       Src Latency:+       0            0     
       Net Latency:+     200 (I)      200 (I) 
           Arrival:=     700          200     
                                              
             Setup:-      10                  
       Uncertainty:-     125                  
     Required Time:=     566                  
      Launch Clock:-     200                  
         Data Path:-     209                  
             Slack:=     156                  

#-----------------------------------------------------------------------------------------------------------------------------------------------------------
#                    Timing Point                      Flags    Arc    Edge            Cell             Fanout Load Trans Delay Arrival       Instance      
#                                                                                                              (fF)  (ps)  (ps)   (ps)        Location      
#-----------------------------------------------------------------------------------------------------------------------------------------------------------
  pp_fir_6_1_1_Delay_Pipeline_reg_im_reg[15][9]/CK     -       -       R     (arrival)                    3598    -    25     0     200               (-,-) 
  pp_fir_6_1_1_Delay_Pipeline_reg_im_reg[15][9]/Q      -       CK->Q   F     DFFRPQ_X4M_A9PP140ZTL_C30       6  8.5     8    33     233  (165.3305,86.7690) 
  pp_fir_6_1_1_csa_tree_ADD_TC_OP_groupi3962_g5320/Y   -       A->Y    F     BUF_X5M_A9PP140ZTL_C30          5  7.3     7    11     244               (-,-) 
  pp_fir_6_1_1_csa_tree_ADD_TC_OP_groupi3962_g5315/Y   -       A->Y    R     INV_X0P8M_A9PP140ZTL_C30        1  1.7     9     7     251               (-,-) 
  pp_fir_6_1_1_csa_tree_ADD_TC_OP_groupi3962_g4981/CON -       CI->CON F     CGENI_X2M_A9PP140ZTL_C30        2  3.7    17    11     262               (-,-) 
  pp_fir_6_1_1_csa_tree_ADD_TC_OP_groupi3962_g4862/Y   -       C->Y    R     XNOR3_X3M_A9PP140ZTL_C30        1  2.3    10    27     289               (-,-) 
  pp_fir_6_1_1_csa_tree_ADD_TC_OP_groupi3962_g4778/CO  -       CI->CO  R     ADDF_X1P4M_A9PP140ZTL_C30       2  3.3    12    19     308               (-,-) 
  pp_fir_6_1_1_csa_tree_ADD_TC_OP_groupi3962_g4715/Y   -       B->Y    F     XOR3_X4M_A9PP140ZTL_C30         3  4.4     8    26     334               (-,-) 
  pp_fir_6_1_1_csa_tree_ADD_TC_OP_groupi3962_g4683/Y   -       A->Y    R     NOR2_X2A_A9PP140ZTL_C30         2  3.7    13     9     343               (-,-) 
  pp_fir_6_1_1_csa_tree_ADD_TC_OP_groupi3962_g4651/Y   -       A->Y    F     NOR2_X2A_A9PP140ZTL_C30         2  2.7     9     6     349               (-,-) 
  pp_fir_6_1_1_csa_tree_ADD_TC_OP_groupi3962_g4627/Y   -       B->Y    R     NAND2_X2M_A9PP140ZTL_C30        1  3.3    12    10     359               (-,-) 
  pp_fir_6_1_1_csa_tree_ADD_TC_OP_groupi3962_g4602/Y   -       A0->Y   F     OAI21_X4M_A9PP140ZTL_C30        2  4.6    11     8     367               (-,-) 
  pp_fir_6_1_1_csa_tree_ADD_TC_OP_groupi3962_g4563/Y   -       A1->Y   F     AO21B_X4M_A9PP140ZTL_C30        3  4.5     9    14     380               (-,-) 
  pp_fir_6_1_1_csa_tree_ADD_TC_OP_groupi3962_g4556/Y   -       B0->Y   F     AO1B2_X4M_A9PP140ZTL_C30        3  4.6    11    12     392               (-,-) 
  pp_fir_6_1_1_csa_tree_ADD_TC_OP_groupi3962_g4548/Y   -       A0->Y   R     AOI21_X2M_A9PP140ZTL_C30        1  1.8    11     9     401               (-,-) 
  pp_fir_6_1_1_csa_tree_ADD_TC_OP_groupi3962_g4544/Y   -       S0->Y   R     MXIT2_X1P4M_A9PP140ZTL_C30      1  1.0    10     8     409               (-,-) 
  pp_fir_6_1_1_sum1_9_im_1_reg[29]/D                   -       -       R     SDFFRPQ_X2M_A9PP140ZTL_C30      1    -     -     0     409  (161.3805,60.3975) 
#-----------------------------------------------------------------------------------------------------------------------------------------------------------



Path 42: MET (156 ps) Setup Check with Pin pp_fir_6_1_1_sum1_8_re_1_reg[23]/CK->D
           View: view_wcl_fast
          Group: clk
     Startpoint: (R) pp_fir_6_1_1_Delay_Pipeline_reg_re_reg[16][0]/CK
          Clock: (R) clk
       Endpoint: (R) pp_fir_6_1_1_sum1_8_re_1_reg[23]/D
          Clock: (R) clk

                     Capture       Launch     
        Clock Edge:+     500            0     
       Src Latency:+       0            0     
       Net Latency:+     200 (I)      200 (I) 
           Arrival:=     700          200     
                                              
             Setup:-      10                  
       Uncertainty:-     125                  
     Required Time:=     566                  
      Launch Clock:-     200                  
         Data Path:-     209                  
             Slack:=     156                  

#-----------------------------------------------------------------------------------------------------------------------------------------------------------
#                    Timing Point                      Flags    Arc   Edge            Cell              Fanout Load Trans Delay Arrival       Instance      
#                                                                                                              (fF)  (ps)  (ps)   (ps)        Location      
#-----------------------------------------------------------------------------------------------------------------------------------------------------------
  pp_fir_6_1_1_Delay_Pipeline_reg_re_reg[16][0]/CK     -       -      R     (arrival)                     3598    -    25     0     200               (-,-) 
  pp_fir_6_1_1_Delay_Pipeline_reg_re_reg[16][0]/Q      -       CK->Q  R     SDFFRPQA_X1M_A9PP140ZTL_C30      8  9.4    30    35     235    (2.3335,69.7925) 
  pp_fir_6_1_1_csa_tree_ADD_TC_OP_groupi3965_g11213/Y  -       A->Y   F     INV_X1M_A9PP140ZTL_C30           3  3.8    17    11     246               (-,-) 
  pp_fir_6_1_1_csa_tree_ADD_TC_OP_groupi3965_g11212/Y  -       A->Y   R     INV_X1M_A9PP140ZTL_C30           2  2.7    13    10     257               (-,-) 
  pp_fir_6_1_1_csa_tree_ADD_TC_OP_groupi3965_g11168/Y  -       A->Y   F     NOR2_X1A_A9PP140ZTL_C30          1  1.9    11     8     265               (-,-) 
  pp_fir_6_1_1_csa_tree_ADD_TC_OP_groupi3965_g11379/Y  -       A1->Y  R     OAI22BB_X2M_A9PP140ZTL_C30       2  2.1    16    10     274               (-,-) 
  pp_fir_6_1_1_csa_tree_ADD_TC_OP_groupi3965_g11016/Y  -       A->Y   F     INV_X1M_A9PP140ZTL_C30           1  1.9     9     6     281               (-,-) 
  pp_fir_6_1_1_csa_tree_ADD_TC_OP_groupi3965_g10960/Y  -       B->Y   R     NAND2_X2B_A9PP140ZTL_C30         2  2.7     8     7     288               (-,-) 
  pp_fir_6_1_1_csa_tree_ADD_TC_OP_groupi3965_g10911/Y  -       A1->Y  F     AOI21_X2M_A9PP140ZTL_C30         2  2.7    12     9     296               (-,-) 
  pp_fir_6_1_1_csa_tree_ADD_TC_OP_groupi3965_g10876/Y  -       A0->Y  R     OAI21_X2M_A9PP140ZTL_C30         1  2.3    13    10     306               (-,-) 
  pp_fir_6_1_1_csa_tree_ADD_TC_OP_groupi3965_g10817/CO -       CI->CO R     ADDF_X2M_A9PP140ZTL_C30          1  2.3     9    18     324               (-,-) 
  pp_fir_6_1_1_csa_tree_ADD_TC_OP_groupi3965_g10781/CO -       CI->CO R     ADDF_X2M_A9PP140ZTL_C30          4  5.5    14    20     344               (-,-) 
  pp_fir_6_1_1_csa_tree_ADD_TC_OP_groupi3965_g10762/Y  -       A1->Y  F     AOI31_X3M_A9PP140ZTL_C30         1  3.0    16    12     356               (-,-) 
  pp_fir_6_1_1_csa_tree_ADD_TC_OP_groupi3965_g10759/Y  -       B0N->Y R     AO21B_X4M_A9PP140ZTL_C30         2  4.1     8     7     363               (-,-) 
  pp_fir_6_1_1_csa_tree_ADD_TC_OP_groupi3965_g10716/Y  -       A0->Y  F     AOI21_X4M_A9PP140ZTL_C30         5  6.7    14    10     373               (-,-) 
  pp_fir_6_1_1_csa_tree_ADD_TC_OP_groupi3965_g10701/Y  -       A0->Y  R     OAI21_X2M_A9PP140ZTL_C30         2  2.6    14    11     384               (-,-) 
  pp_fir_6_1_1_csa_tree_ADD_TC_OP_groupi3965_g10700/Y  -       A->Y   F     INV_X1M_A9PP140ZTL_C30           2  3.1    12     8     392               (-,-) 
  pp_fir_6_1_1_csa_tree_ADD_TC_OP_groupi3965_g10691/Y  -       A0->Y  R     OAI21_X2M_A9PP140ZTL_C30         1  1.8    11     9     401               (-,-) 
  pp_fir_6_1_1_csa_tree_ADD_TC_OP_groupi3965_g10685/Y  -       S0->Y  R     MXIT2_X1P4M_A9PP140ZTL_C30       1  1.0    10     8     409               (-,-) 
  pp_fir_6_1_1_sum1_8_re_1_reg[23]/D                   -       -      R     SDFFRPQ_X2M_A9PP140ZTL_C30       1    -     -     0     409  (34.5375,102.1865) 
#-----------------------------------------------------------------------------------------------------------------------------------------------------------



Path 43: MET (156 ps) Setup Check with Pin pp_fir_6_1_1_sum1_8_im_1_reg[25]/CK->D
           View: view_wcl_fast
          Group: clk
     Startpoint: (R) pp_fir_6_1_1_Delay_Pipeline_reg_im_reg[17][6]/CK
          Clock: (R) clk
       Endpoint: (R) pp_fir_6_1_1_sum1_8_im_1_reg[25]/D
          Clock: (R) clk

                     Capture       Launch     
        Clock Edge:+     500            0     
       Src Latency:+       0            0     
       Net Latency:+     200 (I)      200 (I) 
           Arrival:=     700          200     
                                              
             Setup:-      10                  
       Uncertainty:-     125                  
     Required Time:=     566                  
      Launch Clock:-     200                  
         Data Path:-     209                  
             Slack:=     156                  

#-------------------------------------------------------------------------------------------------------------------------------------------------------------
#                     Timing Point                      Flags    Arc    Edge            Cell              Fanout Load Trans Delay Arrival       Instance      
#                                                                                                                (fF)  (ps)  (ps)   (ps)        Location      
#-------------------------------------------------------------------------------------------------------------------------------------------------------------
  pp_fir_6_1_1_Delay_Pipeline_reg_im_reg[17][6]/CK      -       -       R     (arrival)                     3598    -    25     0     200               (-,-) 
  pp_fir_6_1_1_Delay_Pipeline_reg_im_reg[17][6]/Q       -       CK->Q   R     SDFFRPQA_X1M_A9PP140ZTL_C30      6  9.8    31    36     236  (138.8885,82.4305) 
  pp_fir_6_1_1_csa_tree_ADD_TC_OP_groupi3964_g11253/Y   -       A->Y    F     INV_X2M_A9PP140ZTL_C30           5  5.6    14     9     245               (-,-) 
  pp_fir_6_1_1_csa_tree_ADD_TC_OP_groupi3964_g11089/Y   -       C->Y    R     XOR3_X2M_A9PP140ZTL_C30          2  2.7    11    28     272               (-,-) 
  pp_fir_6_1_1_csa_tree_ADD_TC_OP_groupi3964_g10990/CON -       CI->CON F     CGENI_X1M_A9PP140ZTL_C30         2  2.5    20    13     285               (-,-) 
  pp_fir_6_1_1_csa_tree_ADD_TC_OP_groupi3964_g10972/Y   -       A->Y    R     INV_X1M_A9PP140ZTL_C30           2  2.2    12    10     295               (-,-) 
  pp_fir_6_1_1_csa_tree_ADD_TC_OP_groupi3964_g10957/Y   -       A->Y    F     NAND2_X1B_A9PP140ZTL_C30         1  1.9    13     9     304               (-,-) 
  pp_fir_6_1_1_csa_tree_ADD_TC_OP_groupi3964_g10860/Y   -       A1->Y   R     AOI22BB_X2M_A9PP140ZTL_C30       2  3.3    14    13     317               (-,-) 
  pp_fir_6_1_1_csa_tree_ADD_TC_OP_groupi3964_g10841/Y   -       A->Y    F     INV_X1P7M_A9PP140ZTL_C30         1  1.9     7     4     321               (-,-) 
  pp_fir_6_1_1_csa_tree_ADD_TC_OP_groupi3964_g10823/Y   -       A0->Y   R     AOI22BB_X2M_A9PP140ZTL_C30       2  2.6    13    10     331               (-,-) 
  pp_fir_6_1_1_csa_tree_ADD_TC_OP_groupi3964_g10802/Y   -       A->Y    F     NAND2_X2M_A9PP140ZTL_C30         2  4.5    14     9     339               (-,-) 
  pp_fir_6_1_1_csa_tree_ADD_TC_OP_groupi3964_g10796/Y   -       A->Y    R     INV_X3P5M_A9PP140ZTL_C30         3  4.3     8     6     346               (-,-) 
  pp_fir_6_1_1_csa_tree_ADD_TC_OP_groupi3964_g10755/Y   -       AN->Y   R     NAND3BB_X4M_A9PP140ZTL_C30       2  3.3    10    11     357               (-,-) 
  pp_fir_6_1_1_csa_tree_ADD_TC_OP_groupi3964_g10736/Y   -       A->Y    F     NOR2XB_X2M_A9PP140ZTL_C30        2  3.2    11     7     364               (-,-) 
  pp_fir_6_1_1_csa_tree_ADD_TC_OP_groupi3964_g10732/Y   -       A->Y    R     INV_X1P7M_A9PP140ZTL_C30         1  1.9     7     6     370               (-,-) 
  pp_fir_6_1_1_csa_tree_ADD_TC_OP_groupi3964_g10697/Y   -       A1->Y   F     OAI21_X2M_A9PP140ZTL_C30         1  3.0    12     9     379               (-,-) 
  pp_fir_6_1_1_csa_tree_ADD_TC_OP_groupi3964_g10693/Y   -       B0N->Y  R     OA21B_X4M_A9PP140ZTL_C30         4  7.7    14    10     389               (-,-) 
  pp_fir_6_1_1_csa_tree_ADD_TC_OP_groupi3964_g10692/Y   -       A->Y    F     INV_X3P5M_A9PP140ZTL_C30         2  2.8     6     4     393               (-,-) 
  pp_fir_6_1_1_csa_tree_ADD_TC_OP_groupi3964_g10683/Y   -       A0->Y   R     AOI21_X2M_A9PP140ZTL_C30         1  1.8    13     8     401               (-,-) 
  pp_fir_6_1_1_csa_tree_ADD_TC_OP_groupi3964_g10679/Y   -       S0->Y   R     MXIT2_X1P4M_A9PP140ZTL_C30       1  1.0    10     8     409               (-,-) 
  pp_fir_6_1_1_sum1_8_im_1_reg[25]/D                    -       -       R     SDFFRPQ_X1M_A9PP140ZTL_C30       1    -     -     0     409  (107.1335,93.2435) 
#-------------------------------------------------------------------------------------------------------------------------------------------------------------



Path 44: MET (156 ps) Setup Check with Pin pp_fir_6_1_1_sum1_9_im_1_reg[30]/CK->D
           View: view_wcl_fast
          Group: clk
     Startpoint: (R) pp_fir_6_1_1_Delay_Pipeline_reg_im_reg[15][9]/CK
          Clock: (R) clk
       Endpoint: (R) pp_fir_6_1_1_sum1_9_im_1_reg[30]/D
          Clock: (R) clk

                     Capture       Launch     
        Clock Edge:+     500            0     
       Src Latency:+       0            0     
       Net Latency:+     200 (I)      200 (I) 
           Arrival:=     700          200     
                                              
             Setup:-      10                  
       Uncertainty:-     125                  
     Required Time:=     566                  
      Launch Clock:-     200                  
         Data Path:-     209                  
             Slack:=     156                  

#-----------------------------------------------------------------------------------------------------------------------------------------------------------
#                    Timing Point                      Flags    Arc    Edge            Cell             Fanout Load Trans Delay Arrival       Instance      
#                                                                                                              (fF)  (ps)  (ps)   (ps)        Location      
#-----------------------------------------------------------------------------------------------------------------------------------------------------------
  pp_fir_6_1_1_Delay_Pipeline_reg_im_reg[15][9]/CK     -       -       R     (arrival)                    3598    -    25     0     200               (-,-) 
  pp_fir_6_1_1_Delay_Pipeline_reg_im_reg[15][9]/Q      -       CK->Q   F     DFFRPQ_X4M_A9PP140ZTL_C30       6  8.5     8    33     233  (165.3305,86.7690) 
  pp_fir_6_1_1_csa_tree_ADD_TC_OP_groupi3962_g5320/Y   -       A->Y    F     BUF_X5M_A9PP140ZTL_C30          5  7.3     7    11     244               (-,-) 
  pp_fir_6_1_1_csa_tree_ADD_TC_OP_groupi3962_g5315/Y   -       A->Y    R     INV_X0P8M_A9PP140ZTL_C30        1  1.7     9     7     251               (-,-) 
  pp_fir_6_1_1_csa_tree_ADD_TC_OP_groupi3962_g4981/CON -       CI->CON F     CGENI_X2M_A9PP140ZTL_C30        2  3.7    17    11     262               (-,-) 
  pp_fir_6_1_1_csa_tree_ADD_TC_OP_groupi3962_g4862/Y   -       C->Y    R     XNOR3_X3M_A9PP140ZTL_C30        1  2.3    10    27     289               (-,-) 
  pp_fir_6_1_1_csa_tree_ADD_TC_OP_groupi3962_g4778/CO  -       CI->CO  R     ADDF_X1P4M_A9PP140ZTL_C30       2  3.3    12    19     308               (-,-) 
  pp_fir_6_1_1_csa_tree_ADD_TC_OP_groupi3962_g4715/Y   -       B->Y    F     XOR3_X4M_A9PP140ZTL_C30         3  4.4     8    26     334               (-,-) 
  pp_fir_6_1_1_csa_tree_ADD_TC_OP_groupi3962_g4683/Y   -       A->Y    R     NOR2_X2A_A9PP140ZTL_C30         2  3.7    13     9     343               (-,-) 
  pp_fir_6_1_1_csa_tree_ADD_TC_OP_groupi3962_g4651/Y   -       A->Y    F     NOR2_X2A_A9PP140ZTL_C30         2  2.7     9     6     349               (-,-) 
  pp_fir_6_1_1_csa_tree_ADD_TC_OP_groupi3962_g4627/Y   -       B->Y    R     NAND2_X2M_A9PP140ZTL_C30        1  3.3    12    10     359               (-,-) 
  pp_fir_6_1_1_csa_tree_ADD_TC_OP_groupi3962_g4602/Y   -       A0->Y   F     OAI21_X4M_A9PP140ZTL_C30        2  4.6    11     8     367               (-,-) 
  pp_fir_6_1_1_csa_tree_ADD_TC_OP_groupi3962_g4563/Y   -       A1->Y   F     AO21B_X4M_A9PP140ZTL_C30        3  4.5     9    14     380               (-,-) 
  pp_fir_6_1_1_csa_tree_ADD_TC_OP_groupi3962_g4556/Y   -       B0->Y   F     AO1B2_X4M_A9PP140ZTL_C30        3  4.6    11    12     392               (-,-) 
  pp_fir_6_1_1_csa_tree_ADD_TC_OP_groupi3962_g4549/Y   -       A0->Y   R     AOI21_X2M_A9PP140ZTL_C30        1  1.8    11     9     401               (-,-) 
  pp_fir_6_1_1_csa_tree_ADD_TC_OP_groupi3962_g4546/Y   -       S0->Y   R     MXIT2_X1P4M_A9PP140ZTL_C30      1  1.0    12     8     409               (-,-) 
  pp_fir_6_1_1_sum1_9_im_1_reg[30]/D                   -       -       R     SDFFRPQ_X2M_A9PP140ZTL_C30      1    -     -     0     409  (160.1915,61.5065) 
#-----------------------------------------------------------------------------------------------------------------------------------------------------------



Path 45: MET (156 ps) Setup Check with Pin pp_fir_6_1_1_sum1_8_re_1_reg[25]/CK->D
           View: view_wcl_fast
          Group: clk
     Startpoint: (R) pp_fir_6_1_1_Delay_Pipeline_reg_re_reg[17][6]/CK
          Clock: (R) clk
       Endpoint: (R) pp_fir_6_1_1_sum1_8_re_1_reg[25]/D
          Clock: (R) clk

                     Capture       Launch     
        Clock Edge:+     500            0     
       Src Latency:+       0            0     
       Net Latency:+     200 (I)      200 (I) 
           Arrival:=     700          200     
                                              
             Setup:-      10                  
       Uncertainty:-     125                  
     Required Time:=     566                  
      Launch Clock:-     200                  
         Data Path:-     209                  
             Slack:=     156                  

#------------------------------------------------------------------------------------------------------------------------------------------------------------
#                     Timing Point                      Flags    Arc    Edge            Cell              Fanout Load Trans Delay Arrival      Instance      
#                                                                                                                (fF)  (ps)  (ps)   (ps)       Location      
#------------------------------------------------------------------------------------------------------------------------------------------------------------
  pp_fir_6_1_1_Delay_Pipeline_reg_re_reg[17][6]/CK      -       -       R     (arrival)                     3598    -    25     0     200              (-,-) 
  pp_fir_6_1_1_Delay_Pipeline_reg_re_reg[17][6]/Q       -       CK->Q   R     SDFFRPQA_X1M_A9PP140ZTL_C30      6 10.2    32    36     236  (17.3720,77.2635) 
  pp_fir_6_1_1_csa_tree_ADD_TC_OP_groupi3965_g11253/Y   -       A->Y    F     INV_X2P5M_A9PP140ZTL_C30         5  5.6    13     7     244              (-,-) 
  pp_fir_6_1_1_csa_tree_ADD_TC_OP_groupi3965_g11089/Y   -       C->Y    R     XOR3_X2M_A9PP140ZTL_C30          2  2.7    11    27     271              (-,-) 
  pp_fir_6_1_1_csa_tree_ADD_TC_OP_groupi3965_g10990/CON -       CI->CON F     CGENI_X1M_A9PP140ZTL_C30         2  2.5    20    13     284              (-,-) 
  pp_fir_6_1_1_csa_tree_ADD_TC_OP_groupi3965_g10972/Y   -       A->Y    R     INV_X1M_A9PP140ZTL_C30           2  2.2    12    10     294              (-,-) 
  pp_fir_6_1_1_csa_tree_ADD_TC_OP_groupi3965_g10957/Y   -       A->Y    F     NAND2_X1B_A9PP140ZTL_C30         1  1.9    13     9     303              (-,-) 
  pp_fir_6_1_1_csa_tree_ADD_TC_OP_groupi3965_g10860/Y   -       A1->Y   R     AOI22BB_X2M_A9PP140ZTL_C30       2  2.8    13    12     315              (-,-) 
  pp_fir_6_1_1_csa_tree_ADD_TC_OP_groupi3965_g10841/Y   -       A->Y    F     INV_X1M_A9PP140ZTL_C30           1  1.9     9     6     321              (-,-) 
  pp_fir_6_1_1_csa_tree_ADD_TC_OP_groupi3965_g10823/Y   -       A0->Y   R     AOI22BB_X2M_A9PP140ZTL_C30       2  3.2    14    11     332              (-,-) 
  pp_fir_6_1_1_csa_tree_ADD_TC_OP_groupi3965_g10802/Y   -       A->Y    F     NAND2_X3M_A9PP140ZTL_C30         2  4.1    11     7     339              (-,-) 
  pp_fir_6_1_1_csa_tree_ADD_TC_OP_groupi3965_g10796/Y   -       A->Y    R     INV_X3M_A9PP140ZTL_C30           3  4.2     8     6     345              (-,-) 
  pp_fir_6_1_1_csa_tree_ADD_TC_OP_groupi3965_g10755/Y   -       AN->Y   R     NAND3BB_X3M_A9PP140ZTL_C30       2  3.3    10    12     357              (-,-) 
  pp_fir_6_1_1_csa_tree_ADD_TC_OP_groupi3965_g10736/Y   -       A->Y    F     NOR2XB_X2M_A9PP140ZTL_C30        2  3.2    11     7     364              (-,-) 
  pp_fir_6_1_1_csa_tree_ADD_TC_OP_groupi3965_g10732/Y   -       A->Y    R     INV_X1P7M_A9PP140ZTL_C30         1  1.9     7     6     370              (-,-) 
  pp_fir_6_1_1_csa_tree_ADD_TC_OP_groupi3965_g10697/Y   -       A1->Y   F     OAI21_X2M_A9PP140ZTL_C30         1  3.0    12     9     379              (-,-) 
  pp_fir_6_1_1_csa_tree_ADD_TC_OP_groupi3965_g10693/Y   -       B0N->Y  R     OA21B_X4M_A9PP140ZTL_C30         4  7.7    14    10     389              (-,-) 
  pp_fir_6_1_1_csa_tree_ADD_TC_OP_groupi3965_g10692/Y   -       A->Y    F     INV_X3P5M_A9PP140ZTL_C30         2  2.8     6     4     393              (-,-) 
  pp_fir_6_1_1_csa_tree_ADD_TC_OP_groupi3965_g10683/Y   -       A0->Y   R     AOI21_X2M_A9PP140ZTL_C30         1  1.8    13     8     401              (-,-) 
  pp_fir_6_1_1_csa_tree_ADD_TC_OP_groupi3965_g10679/Y   -       S0->Y   R     MXIT2_X1P4M_A9PP140ZTL_C30       1  1.0    10     8     409              (-,-) 
  pp_fir_6_1_1_sum1_8_re_1_reg[25]/D                    -       -       R     SDFFRPQ_X1M_A9PP140ZTL_C30       1    -     -     0     409  (39.9630,99.1520) 
#------------------------------------------------------------------------------------------------------------------------------------------------------------



Path 46: MET (156 ps) Setup Check with Pin pp_fir_6_1_1_sum1_8_re_1_reg[21]/CK->D
           View: view_wcl_fast
          Group: clk
     Startpoint: (R) pp_fir_6_1_1_Delay_Pipeline_reg_re_reg[16][0]/CK
          Clock: (R) clk
       Endpoint: (R) pp_fir_6_1_1_sum1_8_re_1_reg[21]/D
          Clock: (R) clk

                     Capture       Launch     
        Clock Edge:+     500            0     
       Src Latency:+       0            0     
       Net Latency:+     200 (I)      200 (I) 
           Arrival:=     700          200     
                                              
             Setup:-      10                  
       Uncertainty:-     125                  
     Required Time:=     566                  
      Launch Clock:-     200                  
         Data Path:-     209                  
             Slack:=     156                  

#-----------------------------------------------------------------------------------------------------------------------------------------------------------
#                    Timing Point                      Flags    Arc   Edge            Cell              Fanout Load Trans Delay Arrival       Instance      
#                                                                                                              (fF)  (ps)  (ps)   (ps)        Location      
#-----------------------------------------------------------------------------------------------------------------------------------------------------------
  pp_fir_6_1_1_Delay_Pipeline_reg_re_reg[16][0]/CK     -       -      R     (arrival)                     3598    -    25     0     200               (-,-) 
  pp_fir_6_1_1_Delay_Pipeline_reg_re_reg[16][0]/Q      -       CK->Q  R     SDFFRPQA_X1M_A9PP140ZTL_C30      8  9.4    30    35     235    (2.3335,69.7925) 
  pp_fir_6_1_1_csa_tree_ADD_TC_OP_groupi3965_g11213/Y  -       A->Y   F     INV_X1M_A9PP140ZTL_C30           3  3.8    17    11     246               (-,-) 
  pp_fir_6_1_1_csa_tree_ADD_TC_OP_groupi3965_g11212/Y  -       A->Y   R     INV_X1M_A9PP140ZTL_C30           2  2.7    13    10     257               (-,-) 
  pp_fir_6_1_1_csa_tree_ADD_TC_OP_groupi3965_g11168/Y  -       A->Y   F     NOR2_X1A_A9PP140ZTL_C30          1  1.9    11     8     265               (-,-) 
  pp_fir_6_1_1_csa_tree_ADD_TC_OP_groupi3965_g11379/Y  -       A1->Y  R     OAI22BB_X2M_A9PP140ZTL_C30       2  2.1    16    10     274               (-,-) 
  pp_fir_6_1_1_csa_tree_ADD_TC_OP_groupi3965_g11016/Y  -       A->Y   F     INV_X1M_A9PP140ZTL_C30           1  1.9     9     6     281               (-,-) 
  pp_fir_6_1_1_csa_tree_ADD_TC_OP_groupi3965_g10960/Y  -       B->Y   R     NAND2_X2B_A9PP140ZTL_C30         2  2.7     8     7     288               (-,-) 
  pp_fir_6_1_1_csa_tree_ADD_TC_OP_groupi3965_g10911/Y  -       A1->Y  F     AOI21_X2M_A9PP140ZTL_C30         2  2.7    12     9     296               (-,-) 
  pp_fir_6_1_1_csa_tree_ADD_TC_OP_groupi3965_g10876/Y  -       A0->Y  R     OAI21_X2M_A9PP140ZTL_C30         1  2.3    13    10     306               (-,-) 
  pp_fir_6_1_1_csa_tree_ADD_TC_OP_groupi3965_g10817/CO -       CI->CO R     ADDF_X2M_A9PP140ZTL_C30          1  2.3     9    18     324               (-,-) 
  pp_fir_6_1_1_csa_tree_ADD_TC_OP_groupi3965_g10781/CO -       CI->CO R     ADDF_X2M_A9PP140ZTL_C30          4  5.5    14    20     344               (-,-) 
  pp_fir_6_1_1_csa_tree_ADD_TC_OP_groupi3965_g10762/Y  -       A1->Y  F     AOI31_X3M_A9PP140ZTL_C30         1  3.0    16    12     356               (-,-) 
  pp_fir_6_1_1_csa_tree_ADD_TC_OP_groupi3965_g10759/Y  -       B0N->Y R     AO21B_X4M_A9PP140ZTL_C30         2  4.1     8     7     363               (-,-) 
  pp_fir_6_1_1_csa_tree_ADD_TC_OP_groupi3965_g10716/Y  -       A0->Y  F     AOI21_X4M_A9PP140ZTL_C30         5  6.7    14    10     373               (-,-) 
  pp_fir_6_1_1_csa_tree_ADD_TC_OP_groupi3965_g10701/Y  -       A0->Y  R     OAI21_X2M_A9PP140ZTL_C30         2  2.6    14    11     384               (-,-) 
  pp_fir_6_1_1_csa_tree_ADD_TC_OP_groupi3965_g10695/Y  -       A->Y   F     NAND2_X2M_A9PP140ZTL_C30         2  2.7    10     7     390               (-,-) 
  pp_fir_6_1_1_csa_tree_ADD_TC_OP_groupi3965_g10690/Y  -       A->Y   R     NAND2XB_X1M_A9PP140ZTL_C30       1  1.6    12     9     400               (-,-) 
  pp_fir_6_1_1_csa_tree_ADD_TC_OP_groupi3965_g10687/Y  -       S0->Y  R     MXIT2_X1M_A9PP140ZTL_C30         1  1.0    13    10     409               (-,-) 
  pp_fir_6_1_1_sum1_8_re_1_reg[21]/D                   -       -      R     SDFFRPQ_X2M_A9PP140ZTL_C30       1    -     -     0     409  (38.2375,100.6825) 
#-----------------------------------------------------------------------------------------------------------------------------------------------------------



Path 47: MET (156 ps) Setup Check with Pin pp_fir_6_1_1_sum1_13_re_1_reg[25]/CK->D
           View: view_wcl_fast
          Group: clk
     Startpoint: (R) pp_fir_6_1_1_Delay_Pipeline_reg_re_reg[7][12]/CK
          Clock: (R) clk
       Endpoint: (R) pp_fir_6_1_1_sum1_13_re_1_reg[25]/D
          Clock: (R) clk

                     Capture       Launch     
        Clock Edge:+     500            0     
       Src Latency:+       0            0     
       Net Latency:+     200 (I)      200 (I) 
           Arrival:=     700          200     
                                              
             Setup:-      10                  
       Uncertainty:-     125                  
     Required Time:=     566                  
      Launch Clock:-     200                  
         Data Path:-     209                  
             Slack:=     156                  

#--------------------------------------------------------------------------------------------------------------------------------------------------------
#                   Timing Point                     Flags    Arc   Edge            Cell              Fanout Load Trans Delay Arrival      Instance      
#                                                                                                            (fF)  (ps)  (ps)   (ps)       Location      
#--------------------------------------------------------------------------------------------------------------------------------------------------------
  pp_fir_6_1_1_Delay_Pipeline_reg_re_reg[7][12]/CK   -       -      R     (arrival)                     3598    -    25     0     200              (-,-) 
  pp_fir_6_1_1_Delay_Pipeline_reg_re_reg[7][12]/Q    -       CK->Q  R     SDFFRPQA_X1M_A9PP140ZTL_C30      6 11.4    36    38     238  (17.3225,40.0955) 
  pp_fir_6_1_1_csa_tree_ADD_TC_OP_groupi3955_g9805/Y -       A->Y   F     INV_X1P7M_A9PP140ZTL_C30         3  3.1    12     6     245              (-,-) 
  pp_fir_6_1_1_csa_tree_ADD_TC_OP_groupi3955_g9803/Y -       A->Y   R     INV_X1M_A9PP140ZTL_C30           2  2.5    12     9     254              (-,-) 
  pp_fir_6_1_1_csa_tree_ADD_TC_OP_groupi3955_g9644/Y -       A->Y   R     MXT2_X0P5B_A9PP140ZTL_C30        3  4.7    22    24     278              (-,-) 
  pp_fir_6_1_1_csa_tree_ADD_TC_OP_groupi3955_g9520/Y -       B->Y   F     NOR2_X2A_A9PP140ZTL_C30          2  2.7    12     8     286              (-,-) 
  pp_fir_6_1_1_csa_tree_ADD_TC_OP_groupi3955_g9510/Y -       B0N->Y R     OA21B_X2M_A9PP140ZTL_C30         2  3.2    12     9     295              (-,-) 
  pp_fir_6_1_1_csa_tree_ADD_TC_OP_groupi3955_g9499/Y -       A->Y   F     INV_X1P7M_A9PP140ZTL_C30         1  1.7     6     4     299              (-,-) 
  pp_fir_6_1_1_csa_tree_ADD_TC_OP_groupi3955_g9485/Y -       A->Y   R     XNOR3_X3M_A9PP140ZTL_C30         1  3.0    11    15     314              (-,-) 
  pp_fir_6_1_1_csa_tree_ADD_TC_OP_groupi3955_g9390/S -       B->S   F     ADDF_X1M_A9PP140ZTL_C30          2  2.7    14    26     340              (-,-) 
  pp_fir_6_1_1_csa_tree_ADD_TC_OP_groupi3955_g9347/Y -       B->Y   F     OR2_X3M_A9PP140ZTL_C30           3  5.0     8    13     353              (-,-) 
  pp_fir_6_1_1_csa_tree_ADD_TC_OP_groupi3955_g9314/Y -       B->Y   R     NAND2_X1M_A9PP140ZTL_C30         1  1.7    13    10     362              (-,-) 
  pp_fir_6_1_1_csa_tree_ADD_TC_OP_groupi3955_g9304/Y -       B->Y   F     NOR2_X2A_A9PP140ZTL_C30          2  2.6    10     7     370              (-,-) 
  pp_fir_6_1_1_csa_tree_ADD_TC_OP_groupi3955_g9303/Y -       A->Y   R     INV_X1P7M_A9PP140ZTL_C30         2  2.4     7     6     376              (-,-) 
  pp_fir_6_1_1_csa_tree_ADD_TC_OP_groupi3955_g9298/Y -       C->Y   F     NOR3BB_X1M_A9PP140ZTL_C30        1  1.8    15    10     386              (-,-) 
  pp_fir_6_1_1_csa_tree_ADD_TC_OP_groupi3955_g9291/Y -       B->Y   R     NAND2_X2A_A9PP140ZTL_C30         2  3.3    12     9     395              (-,-) 
  pp_fir_6_1_1_csa_tree_ADD_TC_OP_groupi3955_g9283/Y -       A->Y   F     NAND2_X2M_A9PP140ZTL_C30         1  1.2     7     4     399              (-,-) 
  pp_fir_6_1_1_csa_tree_ADD_TC_OP_groupi3955_g9262/Y -       A1->Y  R     OAI21B_X1M_A9PP140ZTL_C30        1  1.0    13    10     409              (-,-) 
  pp_fir_6_1_1_sum1_13_re_1_reg[25]/D                -       -      R     SDFFRPQ_X1M_A9PP140ZTL_C30       1    -     -     0     409  (32.7890,44.5190) 
#--------------------------------------------------------------------------------------------------------------------------------------------------------



Path 48: MET (156 ps) Setup Check with Pin pp_fir_6_1_1_sum1_6_re_1_reg[24]/CK->D
           View: view_wcl_fast
          Group: clk
     Startpoint: (R) pp_fir_6_1_1_Delay_Pipeline_reg_re_reg[20][12]/CK
          Clock: (R) clk
       Endpoint: (R) pp_fir_6_1_1_sum1_6_re_1_reg[24]/D
          Clock: (R) clk

                     Capture       Launch     
        Clock Edge:+     500            0     
       Src Latency:+       0            0     
       Net Latency:+     200 (I)      200 (I) 
           Arrival:=     700          200     
                                              
             Setup:-      10                  
       Uncertainty:-     125                  
     Required Time:=     566                  
      Launch Clock:-     200                  
         Data Path:-     209                  
             Slack:=     156                  

#-------------------------------------------------------------------------------------------------------------------------------------------------------------
#                     Timing Point                      Flags    Arc    Edge            Cell              Fanout Load Trans Delay Arrival       Instance      
#                                                                                                                (fF)  (ps)  (ps)   (ps)        Location      
#-------------------------------------------------------------------------------------------------------------------------------------------------------------
  pp_fir_6_1_1_Delay_Pipeline_reg_re_reg[20][12]/CK     -       -       R     (arrival)                     3598    -    25     0     200               (-,-) 
  pp_fir_6_1_1_Delay_Pipeline_reg_re_reg[20][12]/Q      -       CK->Q   R     SDFFRPQA_X1M_A9PP140ZTL_C30      7 11.1    35    38     238  (18.1350,143.2525) 
  pp_fir_6_1_1_csa_tree_ADD_TC_OP_groupi3969_g10914/Y   -       A->Y    F     INV_X4M_A9PP140ZTL_C30           7  9.5    14     8     246               (-,-) 
  pp_fir_6_1_1_csa_tree_ADD_TC_OP_groupi3969_g10674/CON -       CI->CON R     CGENI_X1M_A9PP140ZTL_C30         2  3.5    25    18     264               (-,-) 
  pp_fir_6_1_1_csa_tree_ADD_TC_OP_groupi3969_g10995/CO  -       A->CO   R     CGEN_X1M_A9PP140ZTL_C30          2  5.5    20    23     287               (-,-) 
  pp_fir_6_1_1_csa_tree_ADD_TC_OP_groupi3969_g10557/Y   -       A->Y    R     XOR2_X3M_A9PP140ZTL_C30          2  3.6    16    12     299               (-,-) 
  pp_fir_6_1_1_csa_tree_ADD_TC_OP_groupi3969_g10536/Y   -       A->Y    F     INV_X1M_A9PP140ZTL_C30           1  2.6    11     8     307               (-,-) 
  pp_fir_6_1_1_csa_tree_ADD_TC_OP_groupi3969_g10522/Y   -       A->Y    R     MXIT2_X3M_A9PP140ZTL_C30         2  3.3    14     9     316               (-,-) 
  pp_fir_6_1_1_csa_tree_ADD_TC_OP_groupi3969_g10440/Y   -       A->Y    F     XNOR3_X3M_A9PP140ZTL_C30         2  4.5    11    16     332               (-,-) 
  pp_fir_6_1_1_csa_tree_ADD_TC_OP_groupi3969_g10425/Y   -       A->Y    R     INV_X3M_A9PP140ZTL_C30           1  1.7     5     4     336               (-,-) 
  pp_fir_6_1_1_csa_tree_ADD_TC_OP_groupi3969_g10404/Y   -       A->Y    F     NAND2_X2A_A9PP140ZTL_C30         3  4.7    13     8     345               (-,-) 
  pp_fir_6_1_1_csa_tree_ADD_TC_OP_groupi3969_g10392/Y   -       C->Y    R     NAND3BB_X3M_A9PP140ZTL_C30       2  3.4    11     9     354               (-,-) 
  pp_fir_6_1_1_csa_tree_ADD_TC_OP_groupi3969_g10376/Y   -       A->Y    F     NOR2_X2A_A9PP140ZTL_C30          2  2.3    10     6     359               (-,-) 
  pp_fir_6_1_1_csa_tree_ADD_TC_OP_groupi3969_g10318/Y   -       BN->Y   F     NOR2XB_X2M_A9PP140ZTL_C30        1  1.8     8    13     373               (-,-) 
  pp_fir_6_1_1_csa_tree_ADD_TC_OP_groupi3969_g10294/Y   -       B1->Y   F     AO1B2_X3M_A9PP140ZTL_C30         1  2.3     7    12     384               (-,-) 
  pp_fir_6_1_1_csa_tree_ADD_TC_OP_groupi3969_g10280/S   -       CI->S   R     ADDF_X1P4M_A9PP140ZTL_C30        1  1.0     9    25     409               (-,-) 
  pp_fir_6_1_1_sum1_6_re_1_reg[24]/D                    -       -       R     SDFFRPQ_X1M_A9PP140ZTL_C30       1    -     -     0     409  (27.6745,142.8650) 
#-------------------------------------------------------------------------------------------------------------------------------------------------------------



Path 49: MET (156 ps) Setup Check with Pin pp_fir_6_1_1_sum1_6_im_1_reg[24]/CK->D
           View: view_wcl_fast
          Group: clk
     Startpoint: (R) pp_fir_6_1_1_Delay_Pipeline_reg_im_reg[20][12]/CK
          Clock: (R) clk
       Endpoint: (R) pp_fir_6_1_1_sum1_6_im_1_reg[24]/D
          Clock: (R) clk

                     Capture       Launch     
        Clock Edge:+     500            0     
       Src Latency:+       0            0     
       Net Latency:+     200 (I)      200 (I) 
           Arrival:=     700          200     
                                              
             Setup:-      10                  
       Uncertainty:-     125                  
     Required Time:=     566                  
      Launch Clock:-     200                  
         Data Path:-     209                  
             Slack:=     156                  

#--------------------------------------------------------------------------------------------------------------------------------------------------------------
#                     Timing Point                      Flags    Arc    Edge            Cell              Fanout Load Trans Delay Arrival       Instance       
#                                                                                                                (fF)  (ps)  (ps)   (ps)        Location       
#--------------------------------------------------------------------------------------------------------------------------------------------------------------
  pp_fir_6_1_1_Delay_Pipeline_reg_im_reg[20][12]/CK     -       -       R     (arrival)                     3598    -    25     0     200                (-,-) 
  pp_fir_6_1_1_Delay_Pipeline_reg_im_reg[20][12]/Q      -       CK->Q   R     SDFFRPQA_X1M_A9PP140ZTL_C30      7 11.1    35    38     238  (116.0690,136.4620) 
  pp_fir_6_1_1_csa_tree_ADD_TC_OP_groupi3968_g10914/Y   -       A->Y    F     INV_X4M_A9PP140ZTL_C30           7  9.5    14     8     246                (-,-) 
  pp_fir_6_1_1_csa_tree_ADD_TC_OP_groupi3968_g10674/CON -       CI->CON R     CGENI_X1M_A9PP140ZTL_C30         2  3.5    25    18     264                (-,-) 
  pp_fir_6_1_1_csa_tree_ADD_TC_OP_groupi3968_g10995/CO  -       A->CO   R     CGEN_X1M_A9PP140ZTL_C30          2  5.5    20    23     287                (-,-) 
  pp_fir_6_1_1_csa_tree_ADD_TC_OP_groupi3968_g10557/Y   -       A->Y    R     XOR2_X3M_A9PP140ZTL_C30          2  3.6    16    12     299                (-,-) 
  pp_fir_6_1_1_csa_tree_ADD_TC_OP_groupi3968_g10536/Y   -       A->Y    F     INV_X1M_A9PP140ZTL_C30           1  2.6    11     8     307                (-,-) 
  pp_fir_6_1_1_csa_tree_ADD_TC_OP_groupi3968_g10522/Y   -       A->Y    R     MXIT2_X3M_A9PP140ZTL_C30         2  3.3    14     9     316                (-,-) 
  pp_fir_6_1_1_csa_tree_ADD_TC_OP_groupi3968_g10440/Y   -       A->Y    F     XNOR3_X3M_A9PP140ZTL_C30         2  4.5    11    16     332                (-,-) 
  pp_fir_6_1_1_csa_tree_ADD_TC_OP_groupi3968_g10425/Y   -       A->Y    R     INV_X3M_A9PP140ZTL_C30           1  1.7     5     4     336                (-,-) 
  pp_fir_6_1_1_csa_tree_ADD_TC_OP_groupi3968_g10404/Y   -       A->Y    F     NAND2_X2A_A9PP140ZTL_C30         3  4.7    13     8     345                (-,-) 
  pp_fir_6_1_1_csa_tree_ADD_TC_OP_groupi3968_g10392/Y   -       C->Y    R     NAND3BB_X3M_A9PP140ZTL_C30       2  3.4    11     9     354                (-,-) 
  pp_fir_6_1_1_csa_tree_ADD_TC_OP_groupi3968_g10376/Y   -       A->Y    F     NOR2_X2A_A9PP140ZTL_C30          2  2.3    10     6     359                (-,-) 
  pp_fir_6_1_1_csa_tree_ADD_TC_OP_groupi3968_g10318/Y   -       BN->Y   F     NOR2XB_X2M_A9PP140ZTL_C30        1  1.8     8    13     373                (-,-) 
  pp_fir_6_1_1_csa_tree_ADD_TC_OP_groupi3968_g10294/Y   -       B1->Y   F     AO1B2_X3M_A9PP140ZTL_C30         1  2.3     7    12     384                (-,-) 
  pp_fir_6_1_1_csa_tree_ADD_TC_OP_groupi3968_g10280/S   -       CI->S   R     ADDF_X1P4M_A9PP140ZTL_C30        1  1.0     9    25     409                (-,-) 
  pp_fir_6_1_1_sum1_6_im_1_reg[24]/D                    -       -       R     SDFFRPQ_X1M_A9PP140ZTL_C30       1    -     -     0     409  (115.0555,129.4845) 
#--------------------------------------------------------------------------------------------------------------------------------------------------------------



Path 50: MET (157 ps) Setup Check with Pin pp_fir_6_1_1_sum1_11_im_1_reg[27]/CK->D
           View: view_wcl_fast
          Group: clk
     Startpoint: (R) pp_fir_6_1_1_Delay_Pipeline_reg_im_reg[10][6]/CK
          Clock: (R) clk
       Endpoint: (R) pp_fir_6_1_1_sum1_11_im_1_reg[27]/D
          Clock: (R) clk

                     Capture       Launch     
        Clock Edge:+     500            0     
       Src Latency:+       0            0     
       Net Latency:+     200 (I)      200 (I) 
           Arrival:=     700          200     
                                              
             Setup:-      10                  
       Uncertainty:-     125                  
     Required Time:=     566                  
      Launch Clock:-     200                  
         Data Path:-     209                  
             Slack:=     157                  

#----------------------------------------------------------------------------------------------------------------------------------------------------------
#                    Timing Point                     Flags    Arc   Edge            Cell              Fanout Load Trans Delay Arrival       Instance      
#                                                                                                             (fF)  (ps)  (ps)   (ps)        Location      
#----------------------------------------------------------------------------------------------------------------------------------------------------------
  pp_fir_6_1_1_Delay_Pipeline_reg_im_reg[10][6]/CK    -       -      R     (arrival)                     3598    -    25     0     200               (-,-) 
  pp_fir_6_1_1_Delay_Pipeline_reg_im_reg[10][6]/Q     -       CK->Q  R     SDFFRPQA_X1M_A9PP140ZTL_C30      7 14.0    44    42     242  (188.7825,13.1925) 
  pp_fir_6_1_1_csa_tree_ADD_TC_OP_groupi3958_g9735/CO -       B->CO  R     ADDF_X1M_A9PP140ZTL_C30          1  3.0    14    23     265               (-,-) 
  pp_fir_6_1_1_csa_tree_ADD_TC_OP_groupi3958_g9662/S  -       B->S   F     ADDF_X1M_A9PP140ZTL_C30          2  2.7    14    26     292               (-,-) 
  pp_fir_6_1_1_csa_tree_ADD_TC_OP_groupi3958_g9627/CO -       CI->CO F     CGEN_X1P4M_A9PP140ZTL_C30        2  2.1     8    15     306               (-,-) 
  pp_fir_6_1_1_csa_tree_ADD_TC_OP_groupi3958_g9588/Y  -       BN->Y  F     NAND2XB_X3M_A9PP140ZTL_C30       3  4.0    10    14     320               (-,-) 
  pp_fir_6_1_1_csa_tree_ADD_TC_OP_groupi3958_g9584/Y  -       A->Y   R     INV_X1P4M_A9PP140ZTL_C30         1  1.7     7     6     326               (-,-) 
  pp_fir_6_1_1_csa_tree_ADD_TC_OP_groupi3958_g9571/Y  -       A->Y   F     NOR2_X2A_A9PP140ZTL_C30          2  2.1     9     5     331               (-,-) 
  pp_fir_6_1_1_csa_tree_ADD_TC_OP_groupi3958_g9980/Y  -       AN->Y  F     NOR3BB_X1P4M_A9PP140ZTL_C30      1  1.7     9    13     344               (-,-) 
  pp_fir_6_1_1_csa_tree_ADD_TC_OP_groupi3958_g9495/Y  -       A0->Y  F     AO21B_X3M_A9PP140ZTL_C30         2  4.3    11    13     358               (-,-) 
  pp_fir_6_1_1_csa_tree_ADD_TC_OP_groupi3958_g9480/Y  -       C->Y   R     NAND3BB_X4M_A9PP140ZTL_C30       2  5.7    11     9     367               (-,-) 
  pp_fir_6_1_1_csa_tree_ADD_TC_OP_groupi3958_g9466/Y  -       A0->Y  F     OAI21_X6M_A9PP140ZTL_C30         4 10.9    15    10     376               (-,-) 
  pp_fir_6_1_1_csa_tree_ADD_TC_OP_groupi3958_g9465/Y  -       A->Y   R     INV_X7P5M_A9PP140ZTL_C30         3  4.6     6     5     381               (-,-) 
  pp_fir_6_1_1_csa_tree_ADD_TC_OP_groupi3958_g9459/Y  -       A->Y   F     NOR2_X2A_A9PP140ZTL_C30          2  3.3    11     6     388               (-,-) 
  pp_fir_6_1_1_csa_tree_ADD_TC_OP_groupi3958_g9458/Y  -       A->Y   R     INV_X1P7M_A9PP140ZTL_C30         1  1.9     7     6     393               (-,-) 
  pp_fir_6_1_1_csa_tree_ADD_TC_OP_groupi3958_g9438/Y  -       B->Y   F     NAND2_X2A_A9PP140ZTL_C30         2  2.5     9     6     400               (-,-) 
  pp_fir_6_1_1_csa_tree_ADD_TC_OP_groupi3958_g9430/Y  -       A0->Y  R     AOI31_X1M_A9PP140ZTL_C30         1  1.0    13     9     409               (-,-) 
  pp_fir_6_1_1_sum1_11_im_1_reg[27]/D                 -       -      R     SDFFRPQ_X1M_A9PP140ZTL_C30       1    -     -     0     409  (172.8835,44.2755) 
#----------------------------------------------------------------------------------------------------------------------------------------------------------

