============================================================
  Generated by:           Genus(TM) Synthesis Solution 23.10-p004_1
  Generated on:           Feb 17 2025  07:41:51 pm
  Module:                 pp_fir_u_5
  Operating conditions:   ssg_cworstt_max_0p81v_125c 
  Operating conditions:   ffg_cbestt_min_0p99v_m40c 
  Operating conditions:   tt_ctypical_max_0p90v_25c 
  Interconnect mode:      placement
  Area mode:              physical library
============================================================


Path 1: VIOLATED (-17 ps) Setup Check with Pin pp_fir_5_1_1_Delay_Pipeline_reg_re_reg[20][0]/CK->D
           View: view_wcl_typical
          Group: clk
     Startpoint: (F) enb_1_8_0
          Clock: (R) clk
       Endpoint: (F) pp_fir_5_1_1_Delay_Pipeline_reg_re_reg[20][0]/D
          Clock: (R) clk

                     Capture       Launch     
        Clock Edge:+     500            0     
        Drv Adjust:+       0            0     
       Src Latency:+       0            0     
       Net Latency:+     200 (I)      200 (I) 
           Arrival:=     700          200     
                                              
             Setup:-      28                  
       Uncertainty:-     125                  
     Required Time:=     547                  
      Launch Clock:-     200                  
       Input Delay:-     300                  
         Data Path:-      63                  
             Slack:=     -17                  

Exceptions/Constraints:
  input_delay             300             functional_wcl_typic_2_line_1078 

#-----------------------------------------------------------------------------------------------------------------------------------------------------
#                  Timing Point                   Flags   Arc   Edge            Cell             Fanout  Load Trans Delay Arrival       Instance      
#                                                                                                        (fF)  (ps)  (ps)   (ps)        Location      
#-----------------------------------------------------------------------------------------------------------------------------------------------------
  enb_1_8_0                                       (@)     -     F     (arrival)                      22 112.2     4     0     500               (-,-) 
  FE_OCPC1497_enb_1_8_0/Y                         (#)     A->Y  F     BUFH_X16M_A9PP140ZTL_C30        5  51.5    13    15     515    (88.9200,0.8000) 
  FE_OCPC1785_enb_1_8_0/Y                         (@)     A->Y  F     BUFH_X16M_A9PP140ZTL_C30        3  26.7     9    16     530   (89.7600,96.2000) 
  FE_OCPC1509_enb_1_8_0/Y                         (#)     A->Y  R     INV_X13M_A9PP140ZTL_C30         3  31.8    12    12     542  (74.3600,107.0000) 
  FE_OFC50_enb_1_8_0_dup/Y                        (#)     A->Y  F     INV_X16M_A9PP140ZTL_C30        15  25.1    10     9     552  (43.5600,126.8000) 
  FE_RC_3875_0/Y                                  (@)     S0->Y F     MXIT2_X4M_A9PP140ZTL_C30        1   0.8    11    12     563  (26.3400,152.0000) 
  pp_fir_5_1_1_Delay_Pipeline_reg_re_reg[20][0]/D -       -     F     DFFRPQA_X1M_A9PP140ZTL_C30      1     -     -     0     563  (25.2200,153.8000) 
#-----------------------------------------------------------------------------------------------------------------------------------------------------

(#) : Net either has Non-default Routes or has been promoted to higher metal layers.
(@) : Annotated capacitance.



Path 2: VIOLATED (-15 ps) Setup Check with Pin pp_fir_5_1_1_Delay_Pipeline_reg_re_reg[17][11]/CK->D
           View: view_wcl_typical
          Group: clk
     Startpoint: (F) enb_1_8_0
          Clock: (R) clk
       Endpoint: (F) pp_fir_5_1_1_Delay_Pipeline_reg_re_reg[17][11]/D
          Clock: (R) clk

                     Capture       Launch     
        Clock Edge:+     500            0     
        Drv Adjust:+       0            0     
       Src Latency:+       0            0     
       Net Latency:+     200 (I)      200 (I) 
           Arrival:=     700          200     
                                              
             Setup:-      31                  
       Uncertainty:-     125                  
     Required Time:=     544                  
      Launch Clock:-     200                  
       Input Delay:-     300                  
         Data Path:-      59                  
             Slack:=     -15                  

Exceptions/Constraints:
  input_delay             300             functional_wcl_typic_2_line_1078 

#-------------------------------------------------------------------------------------------------------------------------------------------------------
#                  Timing Point                    Flags   Arc   Edge            Cell              Fanout  Load Trans Delay Arrival       Instance      
#                                                                                                          (fF)  (ps)  (ps)   (ps)        Location      
#-------------------------------------------------------------------------------------------------------------------------------------------------------
  enb_1_8_0                                        (@)     -     F     (arrival)                       22 112.2     4     0     500               (-,-) 
  FE_OCPC1497_enb_1_8_0/Y                          (#)     A->Y  F     BUFH_X16M_A9PP140ZTL_C30         5  51.5    13    15     515    (88.9200,0.8000) 
  FE_OCPC1785_enb_1_8_0/Y                          (@)     A->Y  F     BUFH_X16M_A9PP140ZTL_C30         3  26.7     9    16     530   (89.7600,96.2000) 
  FE_RC_2216_0/Y                                   (#)     A->Y  F     BUFH_X16M_A9PP140ZTL_C30        18  46.2    13    15     545   (89.0600,96.2000) 
  FE_RC_1831_0/Y                                   (@)     S0->Y F     MXIT2_X4M_A9PP140ZTL_C30         1   0.7    11    14     559  (12.4800,111.5000) 
  pp_fir_5_1_1_Delay_Pipeline_reg_re_reg[17][11]/D -       -     F     DFFRPQNA_X1M_A9PP140ZTL_C30      1     -     -     0     559  (12.0600,112.4000) 
#-------------------------------------------------------------------------------------------------------------------------------------------------------

(#) : Net either has Non-default Routes or has been promoted to higher metal layers.
(@) : Annotated capacitance.



Path 3: VIOLATED (-15 ps) Setup Check with Pin pp_fir_5_1_1_sum1_11_re_1_reg[26]/CK->D
           View: view_wcl_typical
          Group: clk
     Startpoint: (R) enb_1_8_0
          Clock: (R) clk
       Endpoint: (R) pp_fir_5_1_1_sum1_11_re_1_reg[26]/D
          Clock: (R) clk

                     Capture       Launch     
        Clock Edge:+     500            0     
        Drv Adjust:+       0            0     
       Src Latency:+       0            0     
       Net Latency:+     200 (I)      200 (I) 
           Arrival:=     700          200     
                                              
             Setup:-       6                  
       Uncertainty:-     125                  
     Required Time:=     569                  
      Launch Clock:-     200                  
       Input Delay:-     300                  
         Data Path:-      83                  
             Slack:=     -15                  

Exceptions/Constraints:
  input_delay             300             functional_wcl_typic_2_line_1078 

#---------------------------------------------------------------------------------------------------------------------------------------
#            Timing Point             Flags   Arc   Edge           Cell             Fanout  Load Trans Delay Arrival      Instance      
#                                                                                           (fF)  (ps)  (ps)   (ps)       Location      
#---------------------------------------------------------------------------------------------------------------------------------------
  enb_1_8_0                           (@)     -     R     (arrival)                     22 113.1     4     0     500              (-,-) 
  FE_OCPC1497_enb_1_8_0/Y             (#)     A->Y  R     BUFH_X16M_A9PP140ZTL_C30       5  52.0    15    15     515   (88.9200,0.8000) 
  FE_OCPC1508_enb_1_8_0/Y             (@)     A->Y  F     INV_X13M_A9PP140ZTL_C30        3  30.9    13    13     528  (68.9000,77.3000) 
  FE_OFC44_enb_1_8_0_dup/Y            (@)     A->Y  R     INV_X16M_A9PP140ZTL_C30       10  48.4    17    11     539  (65.8200,85.4000) 
  FE_OFC547_enb_1_8_0/Y               (@)     A->Y  F     INV_X11M_A9PP140ZTL_C30       23  37.7    18    16     554  (47.6200,85.4000) 
  FE_RC_32_0/Y                        (@)     A->Y  R     INV_X3M_A9PP140ZTL_C30         1   9.3    17    15     569  (47.9000,85.4000) 
  FE_RC_31_0/Y                        (@)     B->Y  F     NAND2_X3M_A9PP140ZTL_C30       1   1.4     9     9     578  (37.9600,38.6000) 
  FE_RC_30_0/Y                        (@)     A->Y  R     NAND2_X2B_A9PP140ZTL_C30       1   0.9     7     5     583  (37.9600,38.6000) 
  pp_fir_5_1_1_sum1_11_re_1_reg[26]/D -       -     R     DFFRPQ_X3M_A9PP140ZTL_C30      1     -     -     0     583  (38.2400,39.5000) 
#---------------------------------------------------------------------------------------------------------------------------------------

(#) : Net either has Non-default Routes or has been promoted to higher metal layers.
(@) : Annotated capacitance.



Path 4: VIOLATED (-14 ps) Setup Check with Pin pp_fir_5_1_1_Delay_Pipeline_reg_re_reg[18][4]/CK->D
           View: view_wcl_typical
          Group: clk
     Startpoint: (F) enb_1_8_0
          Clock: (R) clk
       Endpoint: (R) pp_fir_5_1_1_Delay_Pipeline_reg_re_reg[18][4]/D
          Clock: (R) clk

                     Capture       Launch     
        Clock Edge:+     500            0     
        Drv Adjust:+       0            0     
       Src Latency:+       0            0     
       Net Latency:+     200 (I)      200 (I) 
           Arrival:=     700          200     
                                              
             Setup:-       6                  
       Uncertainty:-     125                  
     Required Time:=     569                  
      Launch Clock:-     200                  
       Input Delay:-     300                  
         Data Path:-      83                  
             Slack:=     -14                  

Exceptions/Constraints:
  input_delay             300             functional_wcl_typic_2_line_1078 

#----------------------------------------------------------------------------------------------------------------------------------------------------
#                  Timing Point                   Flags   Arc   Edge           Cell             Fanout  Load Trans Delay Arrival       Instance      
#                                                                                                       (fF)  (ps)  (ps)   (ps)        Location      
#----------------------------------------------------------------------------------------------------------------------------------------------------
  enb_1_8_0                                       (@)     -     F     (arrival)                     22 112.2     4     0     500               (-,-) 
  FE_OCPC1497_enb_1_8_0/Y                         (#)     A->Y  F     BUFH_X16M_A9PP140ZTL_C30       5  51.5    13    15     515    (88.9200,0.8000) 
  FE_OCPC1785_enb_1_8_0/Y                         (@)     A->Y  F     BUFH_X16M_A9PP140ZTL_C30       3  26.7     9    16     530   (89.7600,96.2000) 
  FE_RC_2216_0/Y                                  (#)     A->Y  F     BUFH_X16M_A9PP140ZTL_C30      18  46.2    13    15     545   (89.0600,96.2000) 
  FE_OCPC1528_FE_OFN48_enb_1_8_0/Y                (#)     A->Y  F     BUFH_X16M_A9PP140ZTL_C30      22  37.5    11    17     562  (18.7800,130.4000) 
  g14261/Y                                        (@)     S0->Y R     MXT2_X3M_A9PP140ZTL_C30        1   1.0     7    21     583  (12.0600,141.2000) 
  pp_fir_5_1_1_Delay_Pipeline_reg_re_reg[18][4]/D -       -     R     DFFRPQ_X3M_A9PP140ZTL_C30      1     -     -     0     583  (11.6400,142.1000) 
#----------------------------------------------------------------------------------------------------------------------------------------------------

(#) : Net either has Non-default Routes or has been promoted to higher metal layers.
(@) : Annotated capacitance.



Path 5: VIOLATED (-14 ps) Setup Check with Pin pp_fir_5_1_1_Delay_Pipeline_reg_re_reg[18][3]/CK->D
           View: view_wcl_typical
          Group: clk
     Startpoint: (F) enb_1_8_0
          Clock: (R) clk
       Endpoint: (R) pp_fir_5_1_1_Delay_Pipeline_reg_re_reg[18][3]/D
          Clock: (R) clk

                     Capture       Launch     
        Clock Edge:+     500            0     
        Drv Adjust:+       0            0     
       Src Latency:+       0            0     
       Net Latency:+     200 (I)      200 (I) 
           Arrival:=     700          200     
                                              
             Setup:-       6                  
       Uncertainty:-     125                  
     Required Time:=     569                  
      Launch Clock:-     200                  
       Input Delay:-     300                  
         Data Path:-      83                  
             Slack:=     -14                  

Exceptions/Constraints:
  input_delay             300             functional_wcl_typic_2_line_1078 

#----------------------------------------------------------------------------------------------------------------------------------------------------
#                  Timing Point                   Flags   Arc   Edge           Cell             Fanout  Load Trans Delay Arrival       Instance      
#                                                                                                       (fF)  (ps)  (ps)   (ps)        Location      
#----------------------------------------------------------------------------------------------------------------------------------------------------
  enb_1_8_0                                       (@)     -     F     (arrival)                     22 112.2     4     0     500               (-,-) 
  FE_OCPC1497_enb_1_8_0/Y                         (#)     A->Y  F     BUFH_X16M_A9PP140ZTL_C30       5  51.5    13    15     515    (88.9200,0.8000) 
  FE_OCPC1785_enb_1_8_0/Y                         (@)     A->Y  F     BUFH_X16M_A9PP140ZTL_C30       3  26.7     9    16     530   (89.7600,96.2000) 
  FE_RC_2216_0/Y                                  (#)     A->Y  F     BUFH_X16M_A9PP140ZTL_C30      18  46.2    13    15     545   (89.0600,96.2000) 
  FE_OCPC1528_FE_OFN48_enb_1_8_0/Y                (#)     A->Y  F     BUFH_X16M_A9PP140ZTL_C30      22  37.5    11    17     562  (18.7800,130.4000) 
  g14257/Y                                        (@)     S0->Y R     MXT2_X3M_A9PP140ZTL_C30        1   1.1     7    21     583  (15.5600,137.6000) 
  pp_fir_5_1_1_Delay_Pipeline_reg_re_reg[18][3]/D -       -     R     DFFRPQ_X3M_A9PP140ZTL_C30      1     -     -     0     583  (14.7200,138.5000) 
#----------------------------------------------------------------------------------------------------------------------------------------------------

(#) : Net either has Non-default Routes or has been promoted to higher metal layers.
(@) : Annotated capacitance.



Path 6: VIOLATED (-14 ps) Setup Check with Pin pp_fir_5_1_1_sum1_8_re_1_reg[1]/CK->D
           View: view_wcl_typical
          Group: clk
     Startpoint: (F) enb_1_8_0
          Clock: (R) clk
       Endpoint: (R) pp_fir_5_1_1_sum1_8_re_1_reg[1]/D
          Clock: (R) clk

                     Capture       Launch     
        Clock Edge:+     500            0     
        Drv Adjust:+       0            0     
       Src Latency:+       0            0     
       Net Latency:+     200 (I)      200 (I) 
           Arrival:=     700          200     
                                              
             Setup:-       6                  
       Uncertainty:-     125                  
     Required Time:=     569                  
      Launch Clock:-     200                  
       Input Delay:-     300                  
         Data Path:-      83                  
             Slack:=     -14                  

Exceptions/Constraints:
  input_delay             300             functional_wcl_typic_2_line_1078 

#--------------------------------------------------------------------------------------------------------------------------------------
#           Timing Point            Flags   Arc   Edge           Cell             Fanout  Load Trans Delay Arrival       Instance      
#                                                                                         (fF)  (ps)  (ps)   (ps)        Location      
#--------------------------------------------------------------------------------------------------------------------------------------
  enb_1_8_0                         (@)     -     F     (arrival)                     22 112.2     4     0     500               (-,-) 
  FE_OCPC1497_enb_1_8_0/Y           (#)     A->Y  F     BUFH_X16M_A9PP140ZTL_C30       5  51.5    13    15     515    (88.9200,0.8000) 
  FE_OCPC1785_enb_1_8_0/Y           (@)     A->Y  F     BUFH_X16M_A9PP140ZTL_C30       3  26.7     9    16     530   (89.7600,96.2000) 
  FE_RC_2216_0/Y                    (#)     A->Y  F     BUFH_X16M_A9PP140ZTL_C30      18  46.2    13    15     545   (89.0600,96.2000) 
  FE_OCPC1528_FE_OFN48_enb_1_8_0/Y  (#)     A->Y  F     BUFH_X16M_A9PP140ZTL_C30      22  37.5    11    17     562  (18.7800,130.4000) 
  g38474/Y                          (@)     S0->Y R     MXT2_X3M_A9PP140ZTL_C30        1   0.9     7    21     583   (8.8400,143.0000) 
  pp_fir_5_1_1_sum1_8_re_1_reg[1]/D -       -     R     DFFRPQ_X3M_A9PP140ZTL_C30      1     -     -     0     583   (7.7200,143.9000) 
#--------------------------------------------------------------------------------------------------------------------------------------

(#) : Net either has Non-default Routes or has been promoted to higher metal layers.
(@) : Annotated capacitance.



Path 7: VIOLATED (-14 ps) Setup Check with Pin pp_fir_5_1_1_Delay_Pipeline_reg_re_reg[18][7]/CK->D
           View: view_wcl_typical
          Group: clk
     Startpoint: (F) enb_1_8_0
          Clock: (R) clk
       Endpoint: (R) pp_fir_5_1_1_Delay_Pipeline_reg_re_reg[18][7]/D
          Clock: (R) clk

                     Capture       Launch     
        Clock Edge:+     500            0     
        Drv Adjust:+       0            0     
       Src Latency:+       0            0     
       Net Latency:+     200 (I)      200 (I) 
           Arrival:=     700          200     
                                              
             Setup:-       6                  
       Uncertainty:-     125                  
     Required Time:=     569                  
      Launch Clock:-     200                  
       Input Delay:-     300                  
         Data Path:-      83                  
             Slack:=     -14                  

Exceptions/Constraints:
  input_delay             300             functional_wcl_typic_2_line_1078 

#----------------------------------------------------------------------------------------------------------------------------------------------------
#                  Timing Point                   Flags   Arc   Edge           Cell             Fanout  Load Trans Delay Arrival       Instance      
#                                                                                                       (fF)  (ps)  (ps)   (ps)        Location      
#----------------------------------------------------------------------------------------------------------------------------------------------------
  enb_1_8_0                                       (@)     -     F     (arrival)                     22 112.2     4     0     500               (-,-) 
  FE_OCPC1497_enb_1_8_0/Y                         (#)     A->Y  F     BUFH_X16M_A9PP140ZTL_C30       5  51.5    13    15     515    (88.9200,0.8000) 
  FE_OCPC1785_enb_1_8_0/Y                         (@)     A->Y  F     BUFH_X16M_A9PP140ZTL_C30       3  26.7     9    16     530   (89.7600,96.2000) 
  FE_RC_2216_0/Y                                  (#)     A->Y  F     BUFH_X16M_A9PP140ZTL_C30      18  46.2    13    15     545   (89.0600,96.2000) 
  FE_OCPC1528_FE_OFN48_enb_1_8_0/Y                (#)     A->Y  F     BUFH_X16M_A9PP140ZTL_C30      22  37.5    11    17     562  (18.7800,130.4000) 
  g14271/Y                                        (@)     S0->Y R     MXT2_X3M_A9PP140ZTL_C30        1   1.0     7    21     583  (15.9800,133.1000) 
  pp_fir_5_1_1_Delay_Pipeline_reg_re_reg[18][7]/D -       -     R     DFFRPQ_X3M_A9PP140ZTL_C30      1     -     -     0     583  (14.7200,134.0000) 
#----------------------------------------------------------------------------------------------------------------------------------------------------

(#) : Net either has Non-default Routes or has been promoted to higher metal layers.
(@) : Annotated capacitance.



Path 8: VIOLATED (-14 ps) Setup Check with Pin pp_fir_5_1_1_Delay_Pipeline_reg_re_reg[18][5]/CK->D
           View: view_wcl_typical
          Group: clk
     Startpoint: (F) enb_1_8_0
          Clock: (R) clk
       Endpoint: (R) pp_fir_5_1_1_Delay_Pipeline_reg_re_reg[18][5]/D
          Clock: (R) clk

                     Capture       Launch     
        Clock Edge:+     500            0     
        Drv Adjust:+       0            0     
       Src Latency:+       0            0     
       Net Latency:+     200 (I)      200 (I) 
           Arrival:=     700          200     
                                              
             Setup:-       6                  
       Uncertainty:-     125                  
     Required Time:=     569                  
      Launch Clock:-     200                  
       Input Delay:-     300                  
         Data Path:-      83                  
             Slack:=     -14                  

Exceptions/Constraints:
  input_delay             300             functional_wcl_typic_2_line_1078 

#----------------------------------------------------------------------------------------------------------------------------------------------------
#                  Timing Point                   Flags   Arc   Edge           Cell             Fanout  Load Trans Delay Arrival       Instance      
#                                                                                                       (fF)  (ps)  (ps)   (ps)        Location      
#----------------------------------------------------------------------------------------------------------------------------------------------------
  enb_1_8_0                                       (@)     -     F     (arrival)                     22 112.2     4     0     500               (-,-) 
  FE_OCPC1497_enb_1_8_0/Y                         (#)     A->Y  F     BUFH_X16M_A9PP140ZTL_C30       5  51.5    13    15     515    (88.9200,0.8000) 
  FE_OCPC1785_enb_1_8_0/Y                         (@)     A->Y  F     BUFH_X16M_A9PP140ZTL_C30       3  26.7     9    16     530   (89.7600,96.2000) 
  FE_RC_2216_0/Y                                  (#)     A->Y  F     BUFH_X16M_A9PP140ZTL_C30      18  46.2    13    15     545   (89.0600,96.2000) 
  FE_OCPC1528_FE_OFN48_enb_1_8_0/Y                (#)     A->Y  F     BUFH_X16M_A9PP140ZTL_C30      22  37.5    11    17     562  (18.7800,130.4000) 
  g14266/Y                                        (@)     S0->Y R     MXT2_X3M_A9PP140ZTL_C30        1   1.0     7    21     583  (15.7000,134.9000) 
  pp_fir_5_1_1_Delay_Pipeline_reg_re_reg[18][5]/D -       -     R     DFFRPQ_X3M_A9PP140ZTL_C30      1     -     -     0     583  (14.8600,135.8000) 
#----------------------------------------------------------------------------------------------------------------------------------------------------

(#) : Net either has Non-default Routes or has been promoted to higher metal layers.
(@) : Annotated capacitance.



Path 9: VIOLATED (-14 ps) Setup Check with Pin pp_fir_5_1_1_sum1_8_re_1_reg[7]/CK->D
           View: view_wcl_typical
          Group: clk
     Startpoint: (F) enb_1_8_0
          Clock: (R) clk
       Endpoint: (R) pp_fir_5_1_1_sum1_8_re_1_reg[7]/D
          Clock: (R) clk

                     Capture       Launch     
        Clock Edge:+     500            0     
        Drv Adjust:+       0            0     
       Src Latency:+       0            0     
       Net Latency:+     200 (I)      200 (I) 
           Arrival:=     700          200     
                                              
             Setup:-       6                  
       Uncertainty:-     125                  
     Required Time:=     569                  
      Launch Clock:-     200                  
       Input Delay:-     300                  
         Data Path:-      83                  
             Slack:=     -14                  

Exceptions/Constraints:
  input_delay             300             functional_wcl_typic_2_line_1078 

#--------------------------------------------------------------------------------------------------------------------------------------
#           Timing Point            Flags   Arc   Edge           Cell             Fanout  Load Trans Delay Arrival       Instance      
#                                                                                         (fF)  (ps)  (ps)   (ps)        Location      
#--------------------------------------------------------------------------------------------------------------------------------------
  enb_1_8_0                         (@)     -     F     (arrival)                     22 112.2     4     0     500               (-,-) 
  FE_OCPC1497_enb_1_8_0/Y           (#)     A->Y  F     BUFH_X16M_A9PP140ZTL_C30       5  51.5    13    15     515    (88.9200,0.8000) 
  FE_OCPC1785_enb_1_8_0/Y           (@)     A->Y  F     BUFH_X16M_A9PP140ZTL_C30       3  26.7     9    16     530   (89.7600,96.2000) 
  FE_RC_2216_0/Y                    (#)     A->Y  F     BUFH_X16M_A9PP140ZTL_C30      18  46.2    13    15     545   (89.0600,96.2000) 
  FE_OCPC1528_FE_OFN48_enb_1_8_0/Y  (#)     A->Y  F     BUFH_X16M_A9PP140ZTL_C30      22  37.5    11    17     562  (18.7800,130.4000) 
  g12401__8428/Y                    (@)     S0->Y R     MXT2_X3M_A9PP140ZTL_C30        1   0.8     6    21     583  (10.5200,140.3000) 
  pp_fir_5_1_1_sum1_8_re_1_reg[7]/D -       -     R     DFFRPQ_X3M_A9PP140ZTL_C30      1     -     -     0     583   (9.8200,139.4000) 
#--------------------------------------------------------------------------------------------------------------------------------------

(#) : Net either has Non-default Routes or has been promoted to higher metal layers.
(@) : Annotated capacitance.



Path 10: VIOLATED (-14 ps) Setup Check with Pin pp_fir_5_1_1_sum1_8_re_1_reg[2]/CK->D
           View: view_wcl_typical
          Group: clk
     Startpoint: (F) enb_1_8_0
          Clock: (R) clk
       Endpoint: (R) pp_fir_5_1_1_sum1_8_re_1_reg[2]/D
          Clock: (R) clk

                     Capture       Launch     
        Clock Edge:+     500            0     
        Drv Adjust:+       0            0     
       Src Latency:+       0            0     
       Net Latency:+     200 (I)      200 (I) 
           Arrival:=     700          200     
                                              
             Setup:-       6                  
       Uncertainty:-     125                  
     Required Time:=     569                  
      Launch Clock:-     200                  
       Input Delay:-     300                  
         Data Path:-      83                  
             Slack:=     -14                  

Exceptions/Constraints:
  input_delay             300             functional_wcl_typic_2_line_1078 

#--------------------------------------------------------------------------------------------------------------------------------------
#           Timing Point            Flags   Arc   Edge           Cell             Fanout  Load Trans Delay Arrival       Instance      
#                                                                                         (fF)  (ps)  (ps)   (ps)        Location      
#--------------------------------------------------------------------------------------------------------------------------------------
  enb_1_8_0                         (@)     -     F     (arrival)                     22 112.2     4     0     500               (-,-) 
  FE_OCPC1497_enb_1_8_0/Y           (#)     A->Y  F     BUFH_X16M_A9PP140ZTL_C30       5  51.5    13    15     515    (88.9200,0.8000) 
  FE_OCPC1785_enb_1_8_0/Y           (@)     A->Y  F     BUFH_X16M_A9PP140ZTL_C30       3  26.7     9    16     530   (89.7600,96.2000) 
  FE_RC_2216_0/Y                    (#)     A->Y  F     BUFH_X16M_A9PP140ZTL_C30      18  46.2    13    15     545   (89.0600,96.2000) 
  FE_OCPC1528_FE_OFN48_enb_1_8_0/Y  (#)     A->Y  F     BUFH_X16M_A9PP140ZTL_C30      22  37.5    11    17     562  (18.7800,130.4000) 
  g12392__6417/Y                    (@)     S0->Y R     MXT2_X3M_A9PP140ZTL_C30        1   0.8     7    21     583   (7.7200,144.8000) 
  pp_fir_5_1_1_sum1_8_re_1_reg[2]/D -       -     R     DFFRPQ_X3M_A9PP140ZTL_C30      1     -     -     0     583   (7.0200,145.7000) 
#--------------------------------------------------------------------------------------------------------------------------------------

(#) : Net either has Non-default Routes or has been promoted to higher metal layers.
(@) : Annotated capacitance.



Path 11: VIOLATED (-14 ps) Setup Check with Pin pp_fir_5_1_1_Delay_Pipeline_reg_re_reg[18][6]/CK->D
           View: view_wcl_typical
          Group: clk
     Startpoint: (F) enb_1_8_0
          Clock: (R) clk
       Endpoint: (R) pp_fir_5_1_1_Delay_Pipeline_reg_re_reg[18][6]/D
          Clock: (R) clk

                     Capture       Launch     
        Clock Edge:+     500            0     
        Drv Adjust:+       0            0     
       Src Latency:+       0            0     
       Net Latency:+     200 (I)      200 (I) 
           Arrival:=     700          200     
                                              
             Setup:-       6                  
       Uncertainty:-     125                  
     Required Time:=     569                  
      Launch Clock:-     200                  
       Input Delay:-     300                  
         Data Path:-      83                  
             Slack:=     -14                  

Exceptions/Constraints:
  input_delay             300             functional_wcl_typic_2_line_1078 

#----------------------------------------------------------------------------------------------------------------------------------------------------
#                  Timing Point                   Flags   Arc   Edge           Cell             Fanout  Load Trans Delay Arrival       Instance      
#                                                                                                       (fF)  (ps)  (ps)   (ps)        Location      
#----------------------------------------------------------------------------------------------------------------------------------------------------
  enb_1_8_0                                       (@)     -     F     (arrival)                     22 112.2     4     0     500               (-,-) 
  FE_OCPC1497_enb_1_8_0/Y                         (#)     A->Y  F     BUFH_X16M_A9PP140ZTL_C30       5  51.5    13    15     515    (88.9200,0.8000) 
  FE_OCPC1785_enb_1_8_0/Y                         (@)     A->Y  F     BUFH_X16M_A9PP140ZTL_C30       3  26.7     9    16     530   (89.7600,96.2000) 
  FE_RC_2216_0/Y                                  (#)     A->Y  F     BUFH_X16M_A9PP140ZTL_C30      18  46.2    13    15     545   (89.0600,96.2000) 
  FE_OCPC1528_FE_OFN48_enb_1_8_0/Y                (#)     A->Y  F     BUFH_X16M_A9PP140ZTL_C30      22  37.5    11    17     562  (18.7800,130.4000) 
  g14269/Y                                        (@)     S0->Y R     MXT2_X3M_A9PP140ZTL_C30        1   0.9     6    21     583  (18.2200,133.1000) 
  pp_fir_5_1_1_Delay_Pipeline_reg_re_reg[18][6]/D -       -     R     DFFRPQ_X3M_A9PP140ZTL_C30      1     -     -     0     583  (17.8000,134.0000) 
#----------------------------------------------------------------------------------------------------------------------------------------------------

(#) : Net either has Non-default Routes or has been promoted to higher metal layers.
(@) : Annotated capacitance.



Path 12: VIOLATED (-14 ps) Setup Check with Pin pp_fir_5_1_1_sum1_9_re_1_reg[25]/CK->D
           View: view_wcl_typical
          Group: clk
     Startpoint: (F) enb_1_8_0
          Clock: (R) clk
       Endpoint: (R) pp_fir_5_1_1_sum1_9_re_1_reg[25]/D
          Clock: (R) clk

                     Capture       Launch     
        Clock Edge:+     500            0     
        Drv Adjust:+       0            0     
       Src Latency:+       0            0     
       Net Latency:+     200 (I)      200 (I) 
           Arrival:=     700          200     
                                              
             Setup:-       6                  
       Uncertainty:-     125                  
     Required Time:=     569                  
      Launch Clock:-     200                  
       Input Delay:-     300                  
         Data Path:-      83                  
             Slack:=     -14                  

Exceptions/Constraints:
  input_delay             300             functional_wcl_typic_2_line_1078 

#----------------------------------------------------------------------------------------------------------------------------------------
#           Timing Point             Flags    Arc   Edge            Cell             Fanout  Load Trans Delay Arrival      Instance      
#                                                                                            (fF)  (ps)  (ps)   (ps)       Location      
#----------------------------------------------------------------------------------------------------------------------------------------
  enb_1_8_0                          (@)     -      F     (arrival)                      22 112.2     4     0     500              (-,-) 
  FE_OCPC1497_enb_1_8_0/Y            (#)     A->Y   F     BUFH_X16M_A9PP140ZTL_C30        5  51.5    13    15     515   (88.9200,0.8000) 
  FE_OCPC1508_enb_1_8_0/Y            (@)     A->Y   R     INV_X13M_A9PP140ZTL_C30         3  31.0    13    14     529  (68.9000,77.3000) 
  FE_OFC44_enb_1_8_0_dup/Y           (@)     A->Y   F     INV_X16M_A9PP140ZTL_C30        10  47.9    16    10     539  (65.8200,85.4000) 
  FE_RC_1343_0_dup/Y                 (@)     A->Y   R     INV_X16M_A9PP140ZTL_C30         9  11.1     8    10     548  (55.4600,83.6000) 
  g12521_dup44970/Y                  (@)     B0N->Y R     OAI22BB_X2M_A9PP140ZTL_C30      1   1.4    17    20     568  (44.6800,84.5000) 
  FE_RC_28_0/Y                       (@)     A->Y   F     INV_X2M_A9PP140ZTL_C30          1   1.7     8     6     574  (45.5200,84.5000) 
  FE_RC_26_0/Y                       (@)     B->Y   R     MXIT2_X1P4M_A9PP140ZTL_C30      1   1.1    12     9     583  (43.2800,82.7000) 
  pp_fir_5_1_1_sum1_9_re_1_reg[25]/D -       -      R     DFFRPQ_X3M_A9PP140ZTL_C30       1     -     -     0     583  (45.3800,82.7000) 
#----------------------------------------------------------------------------------------------------------------------------------------

(#) : Net either has Non-default Routes or has been promoted to higher metal layers.
(@) : Annotated capacitance.



Path 13: VIOLATED (-14 ps) Setup Check with Pin pp_fir_5_1_1_sum1_8_re_1_reg[6]/CK->D
           View: view_wcl_typical
          Group: clk
     Startpoint: (F) enb_1_8_0
          Clock: (R) clk
       Endpoint: (R) pp_fir_5_1_1_sum1_8_re_1_reg[6]/D
          Clock: (R) clk

                     Capture       Launch     
        Clock Edge:+     500            0     
        Drv Adjust:+       0            0     
       Src Latency:+       0            0     
       Net Latency:+     200 (I)      200 (I) 
           Arrival:=     700          200     
                                              
             Setup:-       6                  
       Uncertainty:-     125                  
     Required Time:=     569                  
      Launch Clock:-     200                  
       Input Delay:-     300                  
         Data Path:-      83                  
             Slack:=     -14                  

Exceptions/Constraints:
  input_delay             300             functional_wcl_typic_2_line_1078 

#--------------------------------------------------------------------------------------------------------------------------------------
#           Timing Point            Flags   Arc   Edge           Cell             Fanout  Load Trans Delay Arrival       Instance      
#                                                                                         (fF)  (ps)  (ps)   (ps)        Location      
#--------------------------------------------------------------------------------------------------------------------------------------
  enb_1_8_0                         (@)     -     F     (arrival)                     22 112.2     4     0     500               (-,-) 
  FE_OCPC1497_enb_1_8_0/Y           (#)     A->Y  F     BUFH_X16M_A9PP140ZTL_C30       5  51.5    13    15     515    (88.9200,0.8000) 
  FE_OCPC1785_enb_1_8_0/Y           (@)     A->Y  F     BUFH_X16M_A9PP140ZTL_C30       3  26.7     9    16     530   (89.7600,96.2000) 
  FE_RC_2216_0/Y                    (#)     A->Y  F     BUFH_X16M_A9PP140ZTL_C30      18  46.2    13    15     545   (89.0600,96.2000) 
  FE_OCPC1528_FE_OFN48_enb_1_8_0/Y  (#)     A->Y  F     BUFH_X16M_A9PP140ZTL_C30      22  37.5    11    17     562  (18.7800,130.4000) 
  g57967/Y                          (@)     S0->Y R     MXT2_X3M_A9PP140ZTL_C30        1   0.7     7    21     583   (3.6600,144.8000) 
  pp_fir_5_1_1_sum1_8_re_1_reg[6]/D -       -     R     DFFRPQ_X3M_A9PP140ZTL_C30      1     -     -     0     583   (3.3800,145.7000) 
#--------------------------------------------------------------------------------------------------------------------------------------

(#) : Net either has Non-default Routes or has been promoted to higher metal layers.
(@) : Annotated capacitance.



Path 14: VIOLATED (-14 ps) Setup Check with Pin pp_fir_5_1_1_sum1_8_re_1_reg[5]/CK->D
           View: view_wcl_typical
          Group: clk
     Startpoint: (F) enb_1_8_0
          Clock: (R) clk
       Endpoint: (R) pp_fir_5_1_1_sum1_8_re_1_reg[5]/D
          Clock: (R) clk

                     Capture       Launch     
        Clock Edge:+     500            0     
        Drv Adjust:+       0            0     
       Src Latency:+       0            0     
       Net Latency:+     200 (I)      200 (I) 
           Arrival:=     700          200     
                                              
             Setup:-       6                  
       Uncertainty:-     125                  
     Required Time:=     569                  
      Launch Clock:-     200                  
       Input Delay:-     300                  
         Data Path:-      83                  
             Slack:=     -14                  

Exceptions/Constraints:
  input_delay             300             functional_wcl_typic_2_line_1078 

#--------------------------------------------------------------------------------------------------------------------------------------
#           Timing Point            Flags   Arc   Edge           Cell             Fanout  Load Trans Delay Arrival       Instance      
#                                                                                         (fF)  (ps)  (ps)   (ps)        Location      
#--------------------------------------------------------------------------------------------------------------------------------------
  enb_1_8_0                         (@)     -     F     (arrival)                     22 112.2     4     0     500               (-,-) 
  FE_OCPC1497_enb_1_8_0/Y           (#)     A->Y  F     BUFH_X16M_A9PP140ZTL_C30       5  51.5    13    15     515    (88.9200,0.8000) 
  FE_OCPC1785_enb_1_8_0/Y           (@)     A->Y  F     BUFH_X16M_A9PP140ZTL_C30       3  26.7     9    16     530   (89.7600,96.2000) 
  FE_RC_2216_0/Y                    (#)     A->Y  F     BUFH_X16M_A9PP140ZTL_C30      18  46.2    13    15     545   (89.0600,96.2000) 
  FE_OCPC1528_FE_OFN48_enb_1_8_0/Y  (#)     A->Y  F     BUFH_X16M_A9PP140ZTL_C30      22  37.5    11    17     562  (18.7800,130.4000) 
  g54964/Y                          (@)     S0->Y R     MXT2_X3M_A9PP140ZTL_C30        1   0.7     6    20     583   (5.9000,144.8000) 
  pp_fir_5_1_1_sum1_8_re_1_reg[5]/D -       -     R     DFFRPQ_X3M_A9PP140ZTL_C30      1     -     -     0     583   (4.6400,143.9000) 
#--------------------------------------------------------------------------------------------------------------------------------------

(#) : Net either has Non-default Routes or has been promoted to higher metal layers.
(@) : Annotated capacitance.



Path 15: VIOLATED (-14 ps) Setup Check with Pin pp_fir_5_1_1_sum1_8_re_1_reg[4]/CK->D
           View: view_wcl_typical
          Group: clk
     Startpoint: (F) enb_1_8_0
          Clock: (R) clk
       Endpoint: (R) pp_fir_5_1_1_sum1_8_re_1_reg[4]/D
          Clock: (R) clk

                     Capture       Launch     
        Clock Edge:+     500            0     
        Drv Adjust:+       0            0     
       Src Latency:+       0            0     
       Net Latency:+     200 (I)      200 (I) 
           Arrival:=     700          200     
                                              
             Setup:-       6                  
       Uncertainty:-     125                  
     Required Time:=     569                  
      Launch Clock:-     200                  
       Input Delay:-     300                  
         Data Path:-      83                  
             Slack:=     -14                  

Exceptions/Constraints:
  input_delay             300             functional_wcl_typic_2_line_1078 

#--------------------------------------------------------------------------------------------------------------------------------------
#           Timing Point            Flags   Arc   Edge           Cell             Fanout  Load Trans Delay Arrival       Instance      
#                                                                                         (fF)  (ps)  (ps)   (ps)        Location      
#--------------------------------------------------------------------------------------------------------------------------------------
  enb_1_8_0                         (@)     -     F     (arrival)                     22 112.2     4     0     500               (-,-) 
  FE_OCPC1497_enb_1_8_0/Y           (#)     A->Y  F     BUFH_X16M_A9PP140ZTL_C30       5  51.5    13    15     515    (88.9200,0.8000) 
  FE_OCPC1785_enb_1_8_0/Y           (@)     A->Y  F     BUFH_X16M_A9PP140ZTL_C30       3  26.7     9    16     530   (89.7600,96.2000) 
  FE_RC_2216_0/Y                    (#)     A->Y  F     BUFH_X16M_A9PP140ZTL_C30      18  46.2    13    15     545   (89.0600,96.2000) 
  FE_OCPC1528_FE_OFN48_enb_1_8_0/Y  (#)     A->Y  F     BUFH_X16M_A9PP140ZTL_C30      22  37.5    11    17     562  (18.7800,130.4000) 
  g41228/Y                          (@)     S0->Y R     MXT2_X3M_A9PP140ZTL_C30        1   0.7     6    20     583   (4.2200,147.5000) 
  pp_fir_5_1_1_sum1_8_re_1_reg[4]/D -       -     R     DFFRPQ_X3M_A9PP140ZTL_C30      1     -     -     0     583   (3.3800,148.4000) 
#--------------------------------------------------------------------------------------------------------------------------------------

(#) : Net either has Non-default Routes or has been promoted to higher metal layers.
(@) : Annotated capacitance.



Path 16: VIOLATED (-14 ps) Setup Check with Pin pp_fir_5_1_1_sum1_8_re_1_reg[3]/CK->D
           View: view_wcl_typical
          Group: clk
     Startpoint: (F) enb_1_8_0
          Clock: (R) clk
       Endpoint: (R) pp_fir_5_1_1_sum1_8_re_1_reg[3]/D
          Clock: (R) clk

                     Capture       Launch     
        Clock Edge:+     500            0     
        Drv Adjust:+       0            0     
       Src Latency:+       0            0     
       Net Latency:+     200 (I)      200 (I) 
           Arrival:=     700          200     
                                              
             Setup:-       6                  
       Uncertainty:-     125                  
     Required Time:=     569                  
      Launch Clock:-     200                  
       Input Delay:-     300                  
         Data Path:-      83                  
             Slack:=     -14                  

Exceptions/Constraints:
  input_delay             300             functional_wcl_typic_2_line_1078 

#--------------------------------------------------------------------------------------------------------------------------------------
#           Timing Point            Flags   Arc   Edge           Cell             Fanout  Load Trans Delay Arrival       Instance      
#                                                                                         (fF)  (ps)  (ps)   (ps)        Location      
#--------------------------------------------------------------------------------------------------------------------------------------
  enb_1_8_0                         (@)     -     F     (arrival)                     22 112.2     4     0     500               (-,-) 
  FE_OCPC1497_enb_1_8_0/Y           (#)     A->Y  F     BUFH_X16M_A9PP140ZTL_C30       5  51.5    13    15     515    (88.9200,0.8000) 
  FE_OCPC1785_enb_1_8_0/Y           (@)     A->Y  F     BUFH_X16M_A9PP140ZTL_C30       3  26.7     9    16     530   (89.7600,96.2000) 
  FE_RC_2216_0/Y                    (#)     A->Y  F     BUFH_X16M_A9PP140ZTL_C30      18  46.2    13    15     545   (89.0600,96.2000) 
  FE_OCPC1528_FE_OFN48_enb_1_8_0/Y  (#)     A->Y  F     BUFH_X16M_A9PP140ZTL_C30      22  37.5    11    17     562  (18.7800,130.4000) 
  g12394__2398/Y                    (@)     S0->Y R     MXT2_X4M_A9PP140ZTL_C30        1   0.9     7    21     583   (6.4600,146.6000) 
  pp_fir_5_1_1_sum1_8_re_1_reg[3]/D -       -     R     DFFRPQ_X3M_A9PP140ZTL_C30      1     -     -     0     583   (3.3800,146.6000) 
#--------------------------------------------------------------------------------------------------------------------------------------

(#) : Net either has Non-default Routes or has been promoted to higher metal layers.
(@) : Annotated capacitance.



Path 17: VIOLATED (-14 ps) Setup Check with Pin pp_fir_5_1_1_sum1_11_re_1_reg[25]/CK->D
           View: view_wcl_typical
          Group: clk
     Startpoint: (R) enb_1_8_0
          Clock: (R) clk
       Endpoint: (R) pp_fir_5_1_1_sum1_11_re_1_reg[25]/D
          Clock: (R) clk

                     Capture       Launch     
        Clock Edge:+     500            0     
        Drv Adjust:+       0            0     
       Src Latency:+       0            0     
       Net Latency:+     200 (I)      200 (I) 
           Arrival:=     700          200     
                                              
             Setup:-       6                  
       Uncertainty:-     125                  
     Required Time:=     569                  
      Launch Clock:-     200                  
       Input Delay:-     300                  
         Data Path:-      83                  
             Slack:=     -14                  

Exceptions/Constraints:
  input_delay             300             functional_wcl_typic_2_line_1078 

#----------------------------------------------------------------------------------------------------------------------------------------
#            Timing Point             Flags   Arc   Edge            Cell             Fanout  Load Trans Delay Arrival      Instance      
#                                                                                            (fF)  (ps)  (ps)   (ps)       Location      
#----------------------------------------------------------------------------------------------------------------------------------------
  enb_1_8_0                           (@)     -     R     (arrival)                      22 113.1     4     0     500              (-,-) 
  FE_OCPC1497_enb_1_8_0/Y             (#)     A->Y  R     BUFH_X16M_A9PP140ZTL_C30        5  52.0    15    15     515   (88.9200,0.8000) 
  FE_OCPC1508_enb_1_8_0/Y             (@)     A->Y  F     INV_X13M_A9PP140ZTL_C30         3  30.9    13    13     528  (68.9000,77.3000) 
  FE_OFC44_enb_1_8_0_dup/Y            (@)     A->Y  R     INV_X16M_A9PP140ZTL_C30        10  48.4    17    11     539  (65.8200,85.4000) 
  FE_OFC547_enb_1_8_0/Y               (@)     A->Y  F     INV_X11M_A9PP140ZTL_C30        23  37.7    18    16     554  (47.6200,85.4000) 
  FE_RC_1084_0/Y                      (@)     A->Y  R     INV_X4M_A9PP140ZTL_C30          1   9.4    14    12     567  (47.9000,85.4000) 
  FE_RC_1111_0/Y                      (@)     B->Y  F     NAND2_X2A_A9PP140ZTL_C30        1   1.0     9     9     576  (32.3600,39.5000) 
  FE_RC_1110_0/Y                      (@)     A->Y  R     NAND2_X1P4A_A9PP140ZTL_C30      1   0.7     9     6     582  (32.3600,39.5000) 
  pp_fir_5_1_1_sum1_11_re_1_reg[25]/D -       -     R     DFFRPQ_X3M_A9PP140ZTL_C30       1     -     -     0     583  (32.0800,40.4000) 
#----------------------------------------------------------------------------------------------------------------------------------------

(#) : Net either has Non-default Routes or has been promoted to higher metal layers.
(@) : Annotated capacitance.



Path 18: VIOLATED (-14 ps) Setup Check with Pin pp_fir_5_1_1_sum1_8_re_1_reg[28]/CK->D
           View: view_wcl_typical
          Group: clk
     Startpoint: (F) enb_1_8_0
          Clock: (R) clk
       Endpoint: (R) pp_fir_5_1_1_sum1_8_re_1_reg[28]/D
          Clock: (R) clk

                     Capture       Launch     
        Clock Edge:+     500            0     
        Drv Adjust:+       0            0     
       Src Latency:+       0            0     
       Net Latency:+     200 (I)      200 (I) 
           Arrival:=     700          200     
                                              
             Setup:-       6                  
       Uncertainty:-     125                  
     Required Time:=     569                  
      Launch Clock:-     200                  
       Input Delay:-     300                  
         Data Path:-      83                  
             Slack:=     -14                  

Exceptions/Constraints:
  input_delay             300             functional_wcl_typic_2_line_1078 

#----------------------------------------------------------------------------------------------------------------------------------------
#           Timing Point             Flags   Arc   Edge            Cell             Fanout  Load Trans Delay Arrival       Instance      
#                                                                                           (fF)  (ps)  (ps)   (ps)        Location      
#----------------------------------------------------------------------------------------------------------------------------------------
  enb_1_8_0                          (@)     -     F     (arrival)                      22 112.2     4     0     500               (-,-) 
  FE_OCPC1497_enb_1_8_0/Y            (#)     A->Y  F     BUFH_X16M_A9PP140ZTL_C30        5  51.5    13    15     515    (88.9200,0.8000) 
  FE_OCPC1508_enb_1_8_0/Y            (@)     A->Y  R     INV_X13M_A9PP140ZTL_C30         3  31.0    13    14     529   (68.9000,77.3000) 
  FE_OFC44_enb_1_8_0_dup/Y           (@)     A->Y  F     INV_X16M_A9PP140ZTL_C30        10  47.9    16    10     539   (65.8200,85.4000) 
  FE_OFC547_enb_1_8_0/Y              (@)     A->Y  R     INV_X11M_A9PP140ZTL_C30        23  37.5    19    17     556   (47.6200,85.4000) 
  FE_RC_1221_0/Y                     (@)     A->Y  R     AND2_X3M_A9PP140ZTL_C30         1   0.7     5    13     569   (35.7200,99.8000) 
  FE_RC_1219_0/Y                     (@)     BN->Y R     NAND2XB_X2M_A9PP140ZTL_C30      1   0.9     9    14     582   (35.7200,99.8000) 
  pp_fir_5_1_1_sum1_8_re_1_reg[28]/D -       -     R     DFFRPQ_X3M_A9PP140ZTL_C30       1     -     -     0     583  (34.3200,100.7000) 
#----------------------------------------------------------------------------------------------------------------------------------------

(#) : Net either has Non-default Routes or has been promoted to higher metal layers.
(@) : Annotated capacitance.



Path 19: VIOLATED (-14 ps) Setup Check with Pin pp_fir_5_1_1_sum1_8_re_1_reg[8]/CK->D
           View: view_wcl_typical
          Group: clk
     Startpoint: (F) enb_1_8_0
          Clock: (R) clk
       Endpoint: (R) pp_fir_5_1_1_sum1_8_re_1_reg[8]/D
          Clock: (R) clk

                     Capture       Launch     
        Clock Edge:+     500            0     
        Drv Adjust:+       0            0     
       Src Latency:+       0            0     
       Net Latency:+     200 (I)      200 (I) 
           Arrival:=     700          200     
                                              
             Setup:-       6                  
       Uncertainty:-     125                  
     Required Time:=     569                  
      Launch Clock:-     200                  
       Input Delay:-     300                  
         Data Path:-      83                  
             Slack:=     -14                  

Exceptions/Constraints:
  input_delay             300             functional_wcl_typic_2_line_1078 

#--------------------------------------------------------------------------------------------------------------------------------------
#           Timing Point            Flags   Arc   Edge           Cell             Fanout  Load Trans Delay Arrival       Instance      
#                                                                                         (fF)  (ps)  (ps)   (ps)        Location      
#--------------------------------------------------------------------------------------------------------------------------------------
  enb_1_8_0                         (@)     -     F     (arrival)                     22 112.2     4     0     500               (-,-) 
  FE_OCPC1497_enb_1_8_0/Y           (#)     A->Y  F     BUFH_X16M_A9PP140ZTL_C30       5  51.5    13    15     515    (88.9200,0.8000) 
  FE_OCPC1785_enb_1_8_0/Y           (@)     A->Y  F     BUFH_X16M_A9PP140ZTL_C30       3  26.7     9    16     530   (89.7600,96.2000) 
  FE_RC_2216_0/Y                    (#)     A->Y  F     BUFH_X16M_A9PP140ZTL_C30      18  46.2    13    15     545   (89.0600,96.2000) 
  FE_OCPC1528_FE_OFN48_enb_1_8_0/Y  (#)     A->Y  F     BUFH_X16M_A9PP140ZTL_C30      22  37.5    11    17     562  (18.7800,130.4000) 
  g12402__5526/Y                    (@)     S0->Y R     MXT2_X3M_A9PP140ZTL_C30        1   0.7     6    20     582  (12.9000,136.7000) 
  pp_fir_5_1_1_sum1_8_re_1_reg[8]/D -       -     R     DFFRPQ_X3M_A9PP140ZTL_C30      1     -     -     0     583  (12.4800,137.6000) 
#--------------------------------------------------------------------------------------------------------------------------------------

(#) : Net either has Non-default Routes or has been promoted to higher metal layers.
(@) : Annotated capacitance.



Path 20: VIOLATED (-14 ps) Setup Check with Pin pp_fir_5_1_1_Delay_Pipeline_reg_re_reg[19][10]/CK->D
           View: view_wcl_typical
          Group: clk
     Startpoint: (F) enb_1_8_0
          Clock: (R) clk
       Endpoint: (R) pp_fir_5_1_1_Delay_Pipeline_reg_re_reg[19][10]/D
          Clock: (R) clk

                     Capture       Launch     
        Clock Edge:+     500            0     
        Drv Adjust:+       0            0     
       Src Latency:+       0            0     
       Net Latency:+     200 (I)      200 (I) 
           Arrival:=     700          200     
                                              
             Setup:-       6                  
       Uncertainty:-     125                  
     Required Time:=     569                  
      Launch Clock:-     200                  
       Input Delay:-     300                  
         Data Path:-      83                  
             Slack:=     -14                  

Exceptions/Constraints:
  input_delay             300             functional_wcl_typic_2_line_1078 

#-----------------------------------------------------------------------------------------------------------------------------------------------------
#                  Timing Point                    Flags   Arc   Edge           Cell             Fanout  Load Trans Delay Arrival       Instance      
#                                                                                                        (fF)  (ps)  (ps)   (ps)        Location      
#-----------------------------------------------------------------------------------------------------------------------------------------------------
  enb_1_8_0                                        (@)     -     F     (arrival)                     22 112.2     4     0     500               (-,-) 
  FE_OCPC1497_enb_1_8_0/Y                          (#)     A->Y  F     BUFH_X16M_A9PP140ZTL_C30       5  51.5    13    15     515    (88.9200,0.8000) 
  FE_OCPC1785_enb_1_8_0/Y                          (@)     A->Y  F     BUFH_X16M_A9PP140ZTL_C30       3  26.7     9    16     530   (89.7600,96.2000) 
  FE_RC_2216_0/Y                                   (#)     A->Y  F     BUFH_X16M_A9PP140ZTL_C30      18  46.2    13    15     545   (89.0600,96.2000) 
  FE_OCPC1528_FE_OFN48_enb_1_8_0/Y                 (#)     A->Y  F     BUFH_X16M_A9PP140ZTL_C30      22  37.5    11    17     562  (18.7800,130.4000) 
  g14294/Y                                         (@)     S0->Y R     MXT2_X3M_A9PP140ZTL_C30        1   0.8     6    20     583  (18.7800,134.9000) 
  pp_fir_5_1_1_Delay_Pipeline_reg_re_reg[19][10]/D -       -     R     DFFRPQ_X3M_A9PP140ZTL_C30      1     -     -     0     583  (17.9400,135.8000) 
#-----------------------------------------------------------------------------------------------------------------------------------------------------

(#) : Net either has Non-default Routes or has been promoted to higher metal layers.
(@) : Annotated capacitance.



Path 21: VIOLATED (-14 ps) Setup Check with Pin pp_fir_5_1_1_sum1_5_re_1_reg[22]/CK->D
           View: view_wcl_typical
          Group: clk
     Startpoint: (F) enb_1_8_0
          Clock: (R) clk
       Endpoint: (R) pp_fir_5_1_1_sum1_5_re_1_reg[22]/D
          Clock: (R) clk

                     Capture       Launch     
        Clock Edge:+     500            0     
        Drv Adjust:+       0            0     
       Src Latency:+       0            0     
       Net Latency:+     200 (I)      200 (I) 
           Arrival:=     700          200     
                                              
             Setup:-       6                  
       Uncertainty:-     125                  
     Required Time:=     569                  
      Launch Clock:-     200                  
       Input Delay:-     300                  
         Data Path:-      82                  
             Slack:=     -14                  

Exceptions/Constraints:
  input_delay             300             functional_wcl_typic_2_line_1078 

#---------------------------------------------------------------------------------------------------------------------------------------
#           Timing Point             Flags   Arc   Edge           Cell             Fanout  Load Trans Delay Arrival       Instance      
#                                                                                          (fF)  (ps)  (ps)   (ps)        Location      
#---------------------------------------------------------------------------------------------------------------------------------------
  enb_1_8_0                          (@)     -     F     (arrival)                     22 112.2     4     0     500               (-,-) 
  FE_OCPC1497_enb_1_8_0/Y            (#)     A->Y  F     BUFH_X16M_A9PP140ZTL_C30       5  51.5    13    15     515    (88.9200,0.8000) 
  FE_OCPC1785_enb_1_8_0/Y            (@)     A->Y  F     BUFH_X16M_A9PP140ZTL_C30       3  26.7     9    16     530   (89.7600,96.2000) 
  FE_OCPC1514_enb_1_8_0/Y            (@)     A->Y  R     INV_X13M_A9PP140ZTL_C30        3  36.3    15     9     540   (89.0600,96.2000) 
  FE_RC_3860_0/Y                     (@)     A->Y  F     INV_X16M_A9PP140ZTL_C30        2  16.8     8     9     548  (80.6600,105.2000) 
  FE_OFC329_enb_1_8_0/Y              (@)     A->Y  F     BUFH_X16M_A9PP140ZTL_C30      15  27.6     8    11     560  (72.1200,114.2000) 
  FE_RC_1041_0/Y                     (@)     A->Y  R     INV_X4M_A9PP140ZTL_C30         1   2.5     6     6     565  (72.6800,114.2000) 
  FE_RC_1040_0/Y                     (@)     A0->Y R     AO22_X1M_A9PP140ZTL_C30        1   0.7     9    17     582  (60.2200,113.3000) 
  pp_fir_5_1_1_sum1_5_re_1_reg[22]/D -       -     R     DFFRPQ_X3M_A9PP140ZTL_C30      1     -     -     0     582  (57.1400,113.3000) 
#---------------------------------------------------------------------------------------------------------------------------------------

(#) : Net either has Non-default Routes or has been promoted to higher metal layers.
(@) : Annotated capacitance.



Path 22: VIOLATED (-14 ps) Setup Check with Pin pp_fir_5_1_1_Delay_Pipeline_reg_re_reg[18][1]/CK->D
           View: view_wcl_typical
          Group: clk
     Startpoint: (F) enb_1_8_0
          Clock: (R) clk
       Endpoint: (R) pp_fir_5_1_1_Delay_Pipeline_reg_re_reg[18][1]/D
          Clock: (R) clk

                     Capture       Launch     
        Clock Edge:+     500            0     
        Drv Adjust:+       0            0     
       Src Latency:+       0            0     
       Net Latency:+     200 (I)      200 (I) 
           Arrival:=     700          200     
                                              
             Setup:-       6                  
       Uncertainty:-     125                  
     Required Time:=     569                  
      Launch Clock:-     200                  
       Input Delay:-     300                  
         Data Path:-      83                  
             Slack:=     -14                  

Exceptions/Constraints:
  input_delay             300             functional_wcl_typic_2_line_1078 

#----------------------------------------------------------------------------------------------------------------------------------------------------
#                  Timing Point                   Flags   Arc   Edge           Cell             Fanout  Load Trans Delay Arrival       Instance      
#                                                                                                       (fF)  (ps)  (ps)   (ps)        Location      
#----------------------------------------------------------------------------------------------------------------------------------------------------
  enb_1_8_0                                       (@)     -     F     (arrival)                     22 112.2     4     0     500               (-,-) 
  FE_OCPC1497_enb_1_8_0/Y                         (#)     A->Y  F     BUFH_X16M_A9PP140ZTL_C30       5  51.5    13    15     515    (88.9200,0.8000) 
  FE_OCPC1785_enb_1_8_0/Y                         (@)     A->Y  F     BUFH_X16M_A9PP140ZTL_C30       3  26.7     9    16     530   (89.7600,96.2000) 
  FE_RC_2216_0/Y                                  (#)     A->Y  F     BUFH_X16M_A9PP140ZTL_C30      18  46.2    13    15     545   (89.0600,96.2000) 
  FE_OCPC1528_FE_OFN48_enb_1_8_0/Y                (#)     A->Y  F     BUFH_X16M_A9PP140ZTL_C30      22  37.5    11    17     562  (18.7800,130.4000) 
  g56468/Y                                        (@)     S0->Y R     MXT2_X3M_A9PP140ZTL_C30        1   0.9     6    21     583   (9.6800,141.2000) 
  pp_fir_5_1_1_Delay_Pipeline_reg_re_reg[18][1]/D -       -     R     DFFRPQ_X4M_A9PP140ZTL_C30      1     -     -     0     583   (8.5600,142.1000) 
#----------------------------------------------------------------------------------------------------------------------------------------------------

(#) : Net either has Non-default Routes or has been promoted to higher metal layers.
(@) : Annotated capacitance.



Path 23: VIOLATED (-14 ps) Setup Check with Pin pp_fir_5_1_1_Delay_Pipeline_reg_re_reg[17][4]/CK->D
           View: view_wcl_typical
          Group: clk
     Startpoint: (F) enb_1_8_0
          Clock: (R) clk
       Endpoint: (R) pp_fir_5_1_1_Delay_Pipeline_reg_re_reg[17][4]/D
          Clock: (R) clk

                     Capture       Launch     
        Clock Edge:+     500            0     
        Drv Adjust:+       0            0     
       Src Latency:+       0            0     
       Net Latency:+     200 (I)      200 (I) 
           Arrival:=     700          200     
                                              
             Setup:-       6                  
       Uncertainty:-     125                  
     Required Time:=     569                  
      Launch Clock:-     200                  
       Input Delay:-     300                  
         Data Path:-      83                  
             Slack:=     -14                  

Exceptions/Constraints:
  input_delay             300             functional_wcl_typic_2_line_1078 

#----------------------------------------------------------------------------------------------------------------------------------------------------
#                  Timing Point                   Flags   Arc   Edge           Cell             Fanout  Load Trans Delay Arrival       Instance      
#                                                                                                       (fF)  (ps)  (ps)   (ps)        Location      
#----------------------------------------------------------------------------------------------------------------------------------------------------
  enb_1_8_0                                       (@)     -     F     (arrival)                     22 112.2     4     0     500               (-,-) 
  FE_OCPC1497_enb_1_8_0/Y                         (#)     A->Y  F     BUFH_X16M_A9PP140ZTL_C30       5  51.5    13    15     515    (88.9200,0.8000) 
  FE_OCPC1785_enb_1_8_0/Y                         (@)     A->Y  F     BUFH_X16M_A9PP140ZTL_C30       3  26.7     9    16     530   (89.7600,96.2000) 
  FE_RC_2216_0/Y                                  (#)     A->Y  F     BUFH_X16M_A9PP140ZTL_C30      18  46.2    13    15     545   (89.0600,96.2000) 
  FE_OCPC1528_FE_OFN48_enb_1_8_0/Y                (#)     A->Y  F     BUFH_X16M_A9PP140ZTL_C30      22  37.5    11    17     562  (18.7800,130.4000) 
  g14218/Y                                        (@)     S0->Y R     MXT2_X3M_A9PP140ZTL_C30        1   0.8     6    21     583   (5.6200,137.6000) 
  pp_fir_5_1_1_Delay_Pipeline_reg_re_reg[17][4]/D -       -     R     DFFRPQ_X4M_A9PP140ZTL_C30      1     -     -     0     583   (4.7800,138.5000) 
#----------------------------------------------------------------------------------------------------------------------------------------------------

(#) : Net either has Non-default Routes or has been promoted to higher metal layers.
(@) : Annotated capacitance.



Path 24: VIOLATED (-14 ps) Setup Check with Pin pp_fir_5_1_1_Delay_Pipeline_reg_re_reg[17][1]/CK->D
           View: view_wcl_typical
          Group: clk
     Startpoint: (F) enb_1_8_0
          Clock: (R) clk
       Endpoint: (R) pp_fir_5_1_1_Delay_Pipeline_reg_re_reg[17][1]/D
          Clock: (R) clk

                     Capture       Launch     
        Clock Edge:+     500            0     
        Drv Adjust:+       0            0     
       Src Latency:+       0            0     
       Net Latency:+     200 (I)      200 (I) 
           Arrival:=     700          200     
                                              
             Setup:-       6                  
       Uncertainty:-     125                  
     Required Time:=     569                  
      Launch Clock:-     200                  
       Input Delay:-     300                  
         Data Path:-      83                  
             Slack:=     -14                  

Exceptions/Constraints:
  input_delay             300             functional_wcl_typic_2_line_1078 

#----------------------------------------------------------------------------------------------------------------------------------------------------
#                  Timing Point                   Flags   Arc   Edge           Cell             Fanout  Load Trans Delay Arrival       Instance      
#                                                                                                       (fF)  (ps)  (ps)   (ps)        Location      
#----------------------------------------------------------------------------------------------------------------------------------------------------
  enb_1_8_0                                       (@)     -     F     (arrival)                     22 112.2     4     0     500               (-,-) 
  FE_OCPC1497_enb_1_8_0/Y                         (#)     A->Y  F     BUFH_X16M_A9PP140ZTL_C30       5  51.5    13    15     515    (88.9200,0.8000) 
  FE_OCPC1785_enb_1_8_0/Y                         (@)     A->Y  F     BUFH_X16M_A9PP140ZTL_C30       3  26.7     9    16     530   (89.7600,96.2000) 
  FE_RC_2216_0/Y                                  (#)     A->Y  F     BUFH_X16M_A9PP140ZTL_C30      18  46.2    13    15     545   (89.0600,96.2000) 
  FE_OCPC1528_FE_OFN48_enb_1_8_0/Y                (#)     A->Y  F     BUFH_X16M_A9PP140ZTL_C30      22  37.5    11    17     562  (18.7800,130.4000) 
  g14213/Y                                        (@)     S0->Y R     MXT2_X4M_A9PP140ZTL_C30        1   0.9     7    21     583   (6.8800,137.6000) 
  pp_fir_5_1_1_Delay_Pipeline_reg_re_reg[17][1]/D -       -     R     DFFRPQ_X4M_A9PP140ZTL_C30      1     -     -     0     583   (5.7600,139.4000) 
#----------------------------------------------------------------------------------------------------------------------------------------------------

(#) : Net either has Non-default Routes or has been promoted to higher metal layers.
(@) : Annotated capacitance.



Path 25: VIOLATED (-14 ps) Setup Check with Pin pp_fir_5_1_1_Delay_Pipeline_reg_re_reg[19][7]/CK->D
           View: view_wcl_typical
          Group: clk
     Startpoint: (F) enb_1_8_0
          Clock: (R) clk
       Endpoint: (R) pp_fir_5_1_1_Delay_Pipeline_reg_re_reg[19][7]/D
          Clock: (R) clk

                     Capture       Launch     
        Clock Edge:+     500            0     
        Drv Adjust:+       0            0     
       Src Latency:+       0            0     
       Net Latency:+     200 (I)      200 (I) 
           Arrival:=     700          200     
                                              
             Setup:-       6                  
       Uncertainty:-     125                  
     Required Time:=     569                  
      Launch Clock:-     200                  
       Input Delay:-     300                  
         Data Path:-      83                  
             Slack:=     -14                  

Exceptions/Constraints:
  input_delay             300             functional_wcl_typic_2_line_1078 

#----------------------------------------------------------------------------------------------------------------------------------------------------
#                  Timing Point                   Flags   Arc   Edge           Cell             Fanout  Load Trans Delay Arrival       Instance      
#                                                                                                       (fF)  (ps)  (ps)   (ps)        Location      
#----------------------------------------------------------------------------------------------------------------------------------------------------
  enb_1_8_0                                       (@)     -     F     (arrival)                     22 112.2     4     0     500               (-,-) 
  FE_OCPC1497_enb_1_8_0/Y                         (#)     A->Y  F     BUFH_X16M_A9PP140ZTL_C30       5  51.5    13    15     515    (88.9200,0.8000) 
  FE_OCPC1785_enb_1_8_0/Y                         (@)     A->Y  F     BUFH_X16M_A9PP140ZTL_C30       3  26.7     9    16     530   (89.7600,96.2000) 
  FE_RC_2216_0/Y                                  (#)     A->Y  F     BUFH_X16M_A9PP140ZTL_C30      18  46.2    13    15     545   (89.0600,96.2000) 
  FE_OCPC1528_FE_OFN48_enb_1_8_0/Y                (#)     A->Y  F     BUFH_X16M_A9PP140ZTL_C30      22  37.5    11    17     562  (18.7800,130.4000) 
  g14291/Y                                        (@)     S0->Y R     MXT2_X3M_A9PP140ZTL_C30        1   0.8     6    21     583  (18.7800,136.7000) 
  pp_fir_5_1_1_Delay_Pipeline_reg_re_reg[19][7]/D -       -     R     DFFRPQ_X4M_A9PP140ZTL_C30      1     -     -     0     583  (17.2400,137.6000) 
#----------------------------------------------------------------------------------------------------------------------------------------------------

(#) : Net either has Non-default Routes or has been promoted to higher metal layers.
(@) : Annotated capacitance.



Path 26: VIOLATED (-14 ps) Setup Check with Pin pp_fir_5_1_1_Delay_Pipeline_reg_re_reg[18][2]/CK->D
           View: view_wcl_typical
          Group: clk
     Startpoint: (F) enb_1_8_0
          Clock: (R) clk
       Endpoint: (R) pp_fir_5_1_1_Delay_Pipeline_reg_re_reg[18][2]/D
          Clock: (R) clk

                     Capture       Launch     
        Clock Edge:+     500            0     
        Drv Adjust:+       0            0     
       Src Latency:+       0            0     
       Net Latency:+     200 (I)      200 (I) 
           Arrival:=     700          200     
                                              
             Setup:-       6                  
       Uncertainty:-     125                  
     Required Time:=     569                  
      Launch Clock:-     200                  
       Input Delay:-     300                  
         Data Path:-      83                  
             Slack:=     -14                  

Exceptions/Constraints:
  input_delay             300             functional_wcl_typic_2_line_1078 

#----------------------------------------------------------------------------------------------------------------------------------------------------
#                  Timing Point                   Flags   Arc   Edge           Cell             Fanout  Load Trans Delay Arrival       Instance      
#                                                                                                       (fF)  (ps)  (ps)   (ps)        Location      
#----------------------------------------------------------------------------------------------------------------------------------------------------
  enb_1_8_0                                       (@)     -     F     (arrival)                     22 112.2     4     0     500               (-,-) 
  FE_OCPC1497_enb_1_8_0/Y                         (#)     A->Y  F     BUFH_X16M_A9PP140ZTL_C30       5  51.5    13    15     515    (88.9200,0.8000) 
  FE_OCPC1785_enb_1_8_0/Y                         (@)     A->Y  F     BUFH_X16M_A9PP140ZTL_C30       3  26.7     9    16     530   (89.7600,96.2000) 
  FE_RC_2216_0/Y                                  (#)     A->Y  F     BUFH_X16M_A9PP140ZTL_C30      18  46.2    13    15     545   (89.0600,96.2000) 
  FE_OCPC1528_FE_OFN48_enb_1_8_0/Y                (#)     A->Y  F     BUFH_X16M_A9PP140ZTL_C30      22  37.5    11    17     562  (18.7800,130.4000) 
  g25444/Y                                        (@)     S0->Y R     MXT2_X3M_A9PP140ZTL_C30        1   0.8     6    20     583  (14.1600,136.7000) 
  pp_fir_5_1_1_Delay_Pipeline_reg_re_reg[18][2]/D -       -     R     DFFRPQ_X4M_A9PP140ZTL_C30      1     -     -     0     583  (15.4200,136.7000) 
#----------------------------------------------------------------------------------------------------------------------------------------------------

(#) : Net either has Non-default Routes or has been promoted to higher metal layers.
(@) : Annotated capacitance.



Path 27: VIOLATED (-13 ps) Setup Check with Pin pp_fir_5_1_1_sum1_11_im_1_reg[24]/CK->D
           View: view_wcl_typical
          Group: clk
     Startpoint: (F) enb_1_8_0
          Clock: (R) clk
       Endpoint: (R) pp_fir_5_1_1_sum1_11_im_1_reg[24]/D
          Clock: (R) clk

                     Capture       Launch     
        Clock Edge:+     500            0     
        Drv Adjust:+       0            0     
       Src Latency:+       0            0     
       Net Latency:+     200 (I)      200 (I) 
           Arrival:=     700          200     
                                              
             Setup:-       6                  
       Uncertainty:-     125                  
     Required Time:=     569                  
      Launch Clock:-     200                  
       Input Delay:-     300                  
         Data Path:-      82                  
             Slack:=     -13                  

Exceptions/Constraints:
  input_delay             300             functional_wcl_typic_2_line_1078 

#-----------------------------------------------------------------------------------------------------------------------------------------
#            Timing Point             Flags   Arc   Edge            Cell             Fanout  Load Trans Delay Arrival       Instance      
#                                                                                            (fF)  (ps)  (ps)   (ps)        Location      
#-----------------------------------------------------------------------------------------------------------------------------------------
  enb_1_8_0                           (@)     -     F     (arrival)                      22 112.2     4     0     500               (-,-) 
  FE_OCPC1497_enb_1_8_0/Y             (#)     A->Y  F     BUFH_X16M_A9PP140ZTL_C30        5  51.5    13    15     515    (88.9200,0.8000) 
  FE_OCPC1508_enb_1_8_0/Y             (@)     A->Y  R     INV_X13M_A9PP140ZTL_C30         3  31.0    13    14     529   (68.9000,77.3000) 
  FE_RC_3926_0/Y                      (@)     A->Y  R     BUFH_X16M_A9PP140ZTL_C30        6  28.2     9    13     541   (90.6000,80.9000) 
  FE_OCPC1709_FE_OFN132_n_dup/Y       (@)     A->Y  R     BUFH_X16M_A9PP140ZTL_C30        6  21.8     7    14     555  (121.8200,78.2000) 
  FE_RC_3429_0/Y                      (@)     A->Y  R     AND2_X3M_A9PP140ZTL_C30         1   0.6     5    12     568  (122.1000,49.4000) 
  FE_RC_3427_0/Y                      (@)     BN->Y R     NAND2XB_X1M_A9PP140ZTL_C30      1   0.9    11    14     582  (122.1000,49.4000) 
  pp_fir_5_1_1_sum1_11_im_1_reg[24]/D -       -     R     DFFRPQ_X3M_A9PP140ZTL_C30       1     -     -     0     582  (120.7000,50.3000) 
#-----------------------------------------------------------------------------------------------------------------------------------------

(#) : Net either has Non-default Routes or has been promoted to higher metal layers.
(@) : Annotated capacitance.



Path 28: VIOLATED (-13 ps) Setup Check with Pin pp_fir_5_1_1_Delay_Pipeline_reg_re_reg[28][5]/CK->D
           View: view_wcl_typical
          Group: clk
     Startpoint: (F) enb_1_8_0
          Clock: (R) clk
       Endpoint: (F) pp_fir_5_1_1_Delay_Pipeline_reg_re_reg[28][5]/D
          Clock: (R) clk

                     Capture       Launch     
        Clock Edge:+     500            0     
        Drv Adjust:+       0            0     
       Src Latency:+       0            0     
       Net Latency:+     200 (I)      200 (I) 
           Arrival:=     700          200     
                                              
             Setup:-      28                  
       Uncertainty:-     125                  
     Required Time:=     547                  
      Launch Clock:-     200                  
       Input Delay:-     300                  
         Data Path:-      60                  
             Slack:=     -13                  

Exceptions/Constraints:
  input_delay             300             functional_wcl_typic_2_line_1078 

#------------------------------------------------------------------------------------------------------------------------------------------------------
#                  Timing Point                   Flags   Arc   Edge            Cell             Fanout  Load Trans Delay Arrival       Instance       
#                                                                                                        (fF)  (ps)  (ps)   (ps)        Location       
#------------------------------------------------------------------------------------------------------------------------------------------------------
  enb_1_8_0                                       (@)     -     F     (arrival)                      22 112.2     4     0     500                (-,-) 
  FE_RC_1823_0/Y                                  (#)     A->Y  F     BUFH_X16M_A9PP140ZTL_C30        3  29.0     9    17     517   (115.9400,44.0000) 
  FE_OFC671_enb_1_8_0/Y                           (@)     A->Y  R     INV_X16M_A9PP140ZTL_C30        15  64.4    19    12     528  (110.9000,108.8000) 
  FE_OCPC1678_FE_OFN3107_n/Y                      (@)     A->Y  F     INV_X6M_A9PP140ZTL_C30         14  21.0    18    17     546  (111.1800,116.0000) 
  FE_RC_4311_0/Y                                  (@)     S0->Y F     MXIT2_X4M_A9PP140ZTL_C30        1   0.7    11    14     560  (103.7600,122.3000) 
  pp_fir_5_1_1_Delay_Pipeline_reg_re_reg[28][5]/D -       -     F     DFFRPQA_X1M_A9PP140ZTL_C30      1     -     -     0     560  (102.7800,121.4000) 
#------------------------------------------------------------------------------------------------------------------------------------------------------

(#) : Net either has Non-default Routes or has been promoted to higher metal layers.
(@) : Annotated capacitance.



Path 29: VIOLATED (-13 ps) Setup Check with Pin pp_fir_5_1_1_sum1_8_im_1_reg[27]/CK->D
           View: view_wcl_typical
          Group: clk
     Startpoint: (F) enb_1_8_0
          Clock: (R) clk
       Endpoint: (R) pp_fir_5_1_1_sum1_8_im_1_reg[27]/D
          Clock: (R) clk

                     Capture       Launch     
        Clock Edge:+     500            0     
        Drv Adjust:+       0            0     
       Src Latency:+       0            0     
       Net Latency:+     200 (I)      200 (I) 
           Arrival:=     700          200     
                                              
             Setup:-       6                  
       Uncertainty:-     125                  
     Required Time:=     569                  
      Launch Clock:-     200                  
       Input Delay:-     300                  
         Data Path:-      82                  
             Slack:=     -13                  

Exceptions/Constraints:
  input_delay             300             functional_wcl_typic_2_line_1078 

#-----------------------------------------------------------------------------------------------------------------------------------------
#           Timing Point             Flags   Arc   Edge            Cell             Fanout  Load Trans Delay Arrival       Instance       
#                                                                                           (fF)  (ps)  (ps)   (ps)        Location       
#-----------------------------------------------------------------------------------------------------------------------------------------
  enb_1_8_0                          (@)     -     F     (arrival)                      22 112.2     4     0     500                (-,-) 
  FE_OCPC1497_enb_1_8_0/Y            (#)     A->Y  F     BUFH_X16M_A9PP140ZTL_C30        5  51.5    13    15     515     (88.9200,0.8000) 
  FE_OCPC1508_enb_1_8_0/Y            (@)     A->Y  R     INV_X13M_A9PP140ZTL_C30         3  31.0    13    14     529    (68.9000,77.3000) 
  FE_RC_3926_0/Y                     (@)     A->Y  R     BUFH_X16M_A9PP140ZTL_C30        6  28.2     9    13     541    (90.6000,80.9000) 
  FE_OCPC1789_FE_OFN132_n/Y          (@)     A->Y  R     BUFH_X16M_A9PP140ZTL_C30        7  18.1     6    13     554  (105.8600,111.5000) 
  FE_RC_1210_0/Y                     (@)     A->Y  R     AND2_X6M_A9PP140ZTL_C30         1   1.4     5    14     568  (129.9400,147.5000) 
  FE_RC_1208_0/Y                     (@)     BN->Y R     NAND2XB_X2M_A9PP140ZTL_C30      1   0.7     8    13     582  (127.4200,143.9000) 
  pp_fir_5_1_1_sum1_8_im_1_reg[27]/D -       -     R     DFFRPQ_X3M_A9PP140ZTL_C30       1     -     -     0     582  (127.4200,143.9000) 
#-----------------------------------------------------------------------------------------------------------------------------------------

(#) : Net either has Non-default Routes or has been promoted to higher metal layers.
(@) : Annotated capacitance.



Path 30: VIOLATED (-12 ps) Setup Check with Pin pp_fir_5_1_1_sum1_9_re_1_reg[26]/CK->D
           View: view_wcl_typical
          Group: clk
     Startpoint: (R) enb_1_8_0
          Clock: (R) clk
       Endpoint: (R) pp_fir_5_1_1_sum1_9_re_1_reg[26]/D
          Clock: (R) clk

                     Capture       Launch     
        Clock Edge:+     500            0     
        Drv Adjust:+       0            0     
       Src Latency:+       0            0     
       Net Latency:+     200 (I)      200 (I) 
           Arrival:=     700          200     
                                              
             Setup:-       6                  
       Uncertainty:-     125                  
     Required Time:=     569                  
      Launch Clock:-     200                  
       Input Delay:-     300                  
         Data Path:-      81                  
             Slack:=     -12                  

Exceptions/Constraints:
  input_delay             300             functional_wcl_typic_2_line_1078 

#---------------------------------------------------------------------------------------------------------------------------------------
#           Timing Point             Flags   Arc   Edge            Cell             Fanout  Load Trans Delay Arrival      Instance      
#                                                                                           (fF)  (ps)  (ps)   (ps)       Location      
#---------------------------------------------------------------------------------------------------------------------------------------
  enb_1_8_0                          (@)     -     R     (arrival)                      22 113.1     4     0     500              (-,-) 
  FE_OCPC1497_enb_1_8_0/Y            (#)     A->Y  R     BUFH_X16M_A9PP140ZTL_C30        5  52.0    15    15     515   (88.9200,0.8000) 
  FE_OCPC1508_enb_1_8_0/Y            (@)     A->Y  F     INV_X13M_A9PP140ZTL_C30         3  30.9    13    13     528  (68.9000,77.3000) 
  FE_OFC44_enb_1_8_0_dup/Y           (@)     A->Y  R     INV_X16M_A9PP140ZTL_C30        10  48.4    17    11     539  (65.8200,85.4000) 
  FE_RC_1343_0_dup/Y                 (@)     A->Y  F     INV_X16M_A9PP140ZTL_C30         9  11.0     8     8     547  (55.4600,83.6000) 
  g16126/Y                           (@)     AN->Y F     NAND2B_X6M_A9PP140ZTL_C30       1   1.3    10    12     560  (46.6400,85.4000) 
  FE_RC_1353_0/Y                     (@)     BN->Y F     NAND2XB_X6M_A9PP140ZTL_C30      1   2.4     8    14     574  (46.3600,85.4000) 
  FE_RC_1352_0/Y                     (@)     C0->Y R     OAI211_X4M_A9PP140ZTL_C30       1   1.2    15     7     581  (46.3600,84.5000) 
  pp_fir_5_1_1_sum1_9_re_1_reg[26]/D -       -     R     DFFRPQ_X3M_A9PP140ZTL_C30       1     -     -     0     581  (46.0800,80.0000) 
#---------------------------------------------------------------------------------------------------------------------------------------

(#) : Net either has Non-default Routes or has been promoted to higher metal layers.
(@) : Annotated capacitance.



Path 31: VIOLATED (-12 ps) Setup Check with Pin pp_fir_5_1_1_sum1_9_re_1_reg[22]/CK->D
           View: view_wcl_typical
          Group: clk
     Startpoint: (F) enb_1_8_0
          Clock: (R) clk
       Endpoint: (R) pp_fir_5_1_1_sum1_9_re_1_reg[22]/D
          Clock: (R) clk

                     Capture       Launch     
        Clock Edge:+     500            0     
        Drv Adjust:+       0            0     
       Src Latency:+       0            0     
       Net Latency:+     200 (I)      200 (I) 
           Arrival:=     700          200     
                                              
             Setup:-       6                  
       Uncertainty:-     125                  
     Required Time:=     569                  
      Launch Clock:-     200                  
       Input Delay:-     300                  
         Data Path:-      81                  
             Slack:=     -12                  

Exceptions/Constraints:
  input_delay             300             functional_wcl_typic_2_line_1078 

#--------------------------------------------------------------------------------------------------------------------------------------
#           Timing Point             Flags   Arc   Edge           Cell             Fanout  Load Trans Delay Arrival      Instance      
#                                                                                          (fF)  (ps)  (ps)   (ps)       Location      
#--------------------------------------------------------------------------------------------------------------------------------------
  enb_1_8_0                          (@)     -     F     (arrival)                     22 112.2     4     0     500              (-,-) 
  FE_OCPC1497_enb_1_8_0/Y            (#)     A->Y  F     BUFH_X16M_A9PP140ZTL_C30       5  51.5    13    15     515   (88.9200,0.8000) 
  FE_OCPC1508_enb_1_8_0/Y            (@)     A->Y  R     INV_X13M_A9PP140ZTL_C30        3  31.0    13    14     529  (68.9000,77.3000) 
  FE_OFC44_enb_1_8_0_dup/Y           (@)     A->Y  F     INV_X16M_A9PP140ZTL_C30       10  47.9    16    10     539  (65.8200,85.4000) 
  FE_OFC547_enb_1_8_0/Y              (@)     A->Y  R     INV_X11M_A9PP140ZTL_C30       23  37.5    19    17     556  (47.6200,85.4000) 
  FE_RC_6_0/Y                        (@)     A->Y  F     INV_X1M_A9PP140ZTL_C30         1   2.7    14    12     567  (47.9000,85.4000) 
  FE_RC_5_0/Y                        (@)     A0->Y R     OAI22_X1M_A9PP140ZTL_C30       1   0.8    18    14     581  (42.8600,74.6000) 
  pp_fir_5_1_1_sum1_9_re_1_reg[22]/D -       -     R     DFFRPQ_X3M_A9PP140ZTL_C30      1     -     -     0     581  (42.3000,73.7000) 
#--------------------------------------------------------------------------------------------------------------------------------------

(#) : Net either has Non-default Routes or has been promoted to higher metal layers.
(@) : Annotated capacitance.



Path 32: VIOLATED (-12 ps) Setup Check with Pin pp_fir_5_1_1_sum1_9_re_1_reg[27]/CK->D
           View: view_wcl_typical
          Group: clk
     Startpoint: (F) enb_1_8_0
          Clock: (R) clk
       Endpoint: (R) pp_fir_5_1_1_sum1_9_re_1_reg[27]/D
          Clock: (R) clk

                     Capture       Launch     
        Clock Edge:+     500            0     
        Drv Adjust:+       0            0     
       Src Latency:+       0            0     
       Net Latency:+     200 (I)      200 (I) 
           Arrival:=     700          200     
                                              
             Setup:-       6                  
       Uncertainty:-     125                  
     Required Time:=     569                  
      Launch Clock:-     200                  
       Input Delay:-     300                  
         Data Path:-      81                  
             Slack:=     -12                  

Exceptions/Constraints:
  input_delay             300             functional_wcl_typic_2_line_1078 

#----------------------------------------------------------------------------------------------------------------------------------------
#           Timing Point             Flags    Arc   Edge            Cell             Fanout  Load Trans Delay Arrival      Instance      
#                                                                                            (fF)  (ps)  (ps)   (ps)       Location      
#----------------------------------------------------------------------------------------------------------------------------------------
  enb_1_8_0                          (@)     -      F     (arrival)                      22 112.2     4     0     500              (-,-) 
  FE_OCPC1497_enb_1_8_0/Y            (#)     A->Y   F     BUFH_X16M_A9PP140ZTL_C30        5  51.5    13    15     515   (88.9200,0.8000) 
  FE_OCPC1508_enb_1_8_0/Y            (@)     A->Y   R     INV_X13M_A9PP140ZTL_C30         3  31.0    13    14     529  (68.9000,77.3000) 
  FE_OFC44_enb_1_8_0_dup/Y           (@)     A->Y   F     INV_X16M_A9PP140ZTL_C30        10  47.9    16    10     539  (65.8200,85.4000) 
  FE_RC_1343_0_dup/Y                 (@)     A->Y   R     INV_X16M_A9PP140ZTL_C30         9  11.1     8    10     548  (55.4600,83.6000) 
  g15863/Y                           (@)     B0N->Y R     OAI22BB_X2M_A9PP140ZTL_C30      1   1.3    16    20     568  (45.6600,86.3000) 
  g21299/Y                           (@)     A->Y   F     INV_X1P7M_A9PP140ZTL_C30        1   1.5     8     5     573  (46.7800,86.3000) 
  g21298/Y                           (@)     A->Y   R     MXIT2_X1P4M_A9PP140ZTL_C30      1   0.8    11     8     581  (47.0600,86.3000) 
  pp_fir_5_1_1_sum1_9_re_1_reg[27]/D -       -      R     DFFRPQ_X3M_A9PP140ZTL_C30       1     -     -     0     581  (48.4600,86.3000) 
#----------------------------------------------------------------------------------------------------------------------------------------

(#) : Net either has Non-default Routes or has been promoted to higher metal layers.
(@) : Annotated capacitance.



Path 33: VIOLATED (-12 ps) Setup Check with Pin pp_fir_5_1_1_sum2_3_re_1_reg[16]/CK->D
           View: view_wcl_typical
          Group: clk
     Startpoint: (F) enb_1_8_0
          Clock: (R) clk
       Endpoint: (R) pp_fir_5_1_1_sum2_3_re_1_reg[16]/D
          Clock: (R) clk

                     Capture       Launch     
        Clock Edge:+     500            0     
        Drv Adjust:+       0            0     
       Src Latency:+       0            0     
       Net Latency:+     200 (I)      200 (I) 
           Arrival:=     700          200     
                                              
             Setup:-       6                  
       Uncertainty:-     125                  
     Required Time:=     569                  
      Launch Clock:-     200                  
       Input Delay:-     300                  
         Data Path:-      81                  
             Slack:=     -12                  

Exceptions/Constraints:
  input_delay             300             functional_wcl_typic_2_line_1078 

#---------------------------------------------------------------------------------------------------------------------------------------
#           Timing Point             Flags   Arc   Edge           Cell             Fanout  Load Trans Delay Arrival       Instance      
#                                                                                          (fF)  (ps)  (ps)   (ps)        Location      
#---------------------------------------------------------------------------------------------------------------------------------------
  enb_1_8_0                          (@)     -     F     (arrival)                     22 112.2     4     0     500               (-,-) 
  FE_OCPC1497_enb_1_8_0/Y            (#)     A->Y  F     BUFH_X16M_A9PP140ZTL_C30       5  51.5    13    15     515    (88.9200,0.8000) 
  FE_OCPC1785_enb_1_8_0/Y            (@)     A->Y  F     BUFH_X16M_A9PP140ZTL_C30       3  26.7     9    16     530   (89.7600,96.2000) 
  FE_OCPC1514_enb_1_8_0/Y            (@)     A->Y  R     INV_X13M_A9PP140ZTL_C30        3  36.3    15     9     540   (89.0600,96.2000) 
  FE_RC_3860_0/Y                     (@)     A->Y  F     INV_X16M_A9PP140ZTL_C30        2  16.8     8     9     548  (80.6600,105.2000) 
  FE_OFC329_enb_1_8_0/Y              (@)     A->Y  F     BUFH_X16M_A9PP140ZTL_C30      15  27.6     8    11     560  (72.1200,114.2000) 
  g13293/Y                           (@)     S0->Y R     MXT2_X3M_A9PP140ZTL_C30        1   1.0     7    21     581  (57.8400,110.6000) 
  pp_fir_5_1_1_sum2_3_re_1_reg[16]/D -       -     R     DFFRPQ_X3M_A9PP140ZTL_C30      1     -     -     0     581  (58.4000,111.5000) 
#---------------------------------------------------------------------------------------------------------------------------------------

(#) : Net either has Non-default Routes or has been promoted to higher metal layers.
(@) : Annotated capacitance.



Path 34: VIOLATED (-12 ps) Setup Check with Pin pp_fir_5_1_1_Delay_Pipeline_reg_re_reg[24][15]/CK->D
           View: view_wcl_typical
          Group: clk
     Startpoint: (F) enb_1_8_0
          Clock: (R) clk
       Endpoint: (R) pp_fir_5_1_1_Delay_Pipeline_reg_re_reg[24][15]/D
          Clock: (R) clk

                     Capture       Launch     
        Clock Edge:+     500            0     
        Drv Adjust:+       0            0     
       Src Latency:+       0            0     
       Net Latency:+     200 (I)      200 (I) 
           Arrival:=     700          200     
                                              
             Setup:-       6                  
       Uncertainty:-     125                  
     Required Time:=     569                  
      Launch Clock:-     200                  
       Input Delay:-     300                  
         Data Path:-      81                  
             Slack:=     -12                  

Exceptions/Constraints:
  input_delay             300             functional_wcl_typic_2_line_1078 

#-----------------------------------------------------------------------------------------------------------------------------------------------------
#                  Timing Point                    Flags   Arc   Edge           Cell             Fanout  Load Trans Delay Arrival       Instance      
#                                                                                                        (fF)  (ps)  (ps)   (ps)        Location      
#-----------------------------------------------------------------------------------------------------------------------------------------------------
  enb_1_8_0                                        (@)     -     F     (arrival)                     22 112.2     4     0     500               (-,-) 
  FE_OCPC1497_enb_1_8_0/Y                          (#)     A->Y  F     BUFH_X16M_A9PP140ZTL_C30       5  51.5    13    15     515    (88.9200,0.8000) 
  FE_OCPC1785_enb_1_8_0/Y                          (@)     A->Y  F     BUFH_X16M_A9PP140ZTL_C30       3  26.7     9    16     530   (89.7600,96.2000) 
  FE_OCPC1514_enb_1_8_0/Y                          (@)     A->Y  R     INV_X13M_A9PP140ZTL_C30        3  36.3    15     9     540   (89.0600,96.2000) 
  FE_OFC46_enb_1_8_0/Y                             (#)     A->Y  F     INV_X16M_A9PP140ZTL_C30       42  56.4    19    14     553  (87.9400,130.4000) 
  g32791/Y                                         (@)     S0->Y R     MXT2_X2M_A9PP140ZTL_C30        1   1.0     8    27     581  (73.1000,139.4000) 
  pp_fir_5_1_1_Delay_Pipeline_reg_re_reg[24][15]/D -       -     R     DFFRPQ_X3M_A9PP140ZTL_C30      1     -     -     0     581  (72.2600,140.3000) 
#-----------------------------------------------------------------------------------------------------------------------------------------------------

(#) : Net either has Non-default Routes or has been promoted to higher metal layers.
(@) : Annotated capacitance.



Path 35: VIOLATED (-12 ps) Setup Check with Pin pp_fir_5_1_1_Delay_Pipeline_reg_re_reg[23][1]/CK->D
           View: view_wcl_typical
          Group: clk
     Startpoint: (F) enb_1_8_0
          Clock: (R) clk
       Endpoint: (R) pp_fir_5_1_1_Delay_Pipeline_reg_re_reg[23][1]/D
          Clock: (R) clk

                     Capture       Launch     
        Clock Edge:+     500            0     
        Drv Adjust:+       0            0     
       Src Latency:+       0            0     
       Net Latency:+     200 (I)      200 (I) 
           Arrival:=     700          200     
                                              
             Setup:-       6                  
       Uncertainty:-     125                  
     Required Time:=     569                  
      Launch Clock:-     200                  
       Input Delay:-     300                  
         Data Path:-      81                  
             Slack:=     -12                  

Exceptions/Constraints:
  input_delay             300             functional_wcl_typic_2_line_1078 

#----------------------------------------------------------------------------------------------------------------------------------------------------
#                  Timing Point                   Flags   Arc   Edge           Cell             Fanout  Load Trans Delay Arrival       Instance      
#                                                                                                       (fF)  (ps)  (ps)   (ps)        Location      
#----------------------------------------------------------------------------------------------------------------------------------------------------
  enb_1_8_0                                       (@)     -     F     (arrival)                     22 112.2     4     0     500               (-,-) 
  FE_OCPC1497_enb_1_8_0/Y                         (#)     A->Y  F     BUFH_X16M_A9PP140ZTL_C30       5  51.5    13    15     515    (88.9200,0.8000) 
  FE_OCPC1785_enb_1_8_0/Y                         (@)     A->Y  F     BUFH_X16M_A9PP140ZTL_C30       3  26.7     9    16     530   (89.7600,96.2000) 
  FE_OCPC1514_enb_1_8_0/Y                         (@)     A->Y  R     INV_X13M_A9PP140ZTL_C30        3  36.3    15     9     540   (89.0600,96.2000) 
  FE_OFC46_enb_1_8_0/Y                            (#)     A->Y  F     INV_X16M_A9PP140ZTL_C30       42  56.4    19    14     553  (87.9400,130.4000) 
  g14349/Y                                        (@)     S0->Y R     MXT2_X2M_A9PP140ZTL_C30        1   1.1     8    27     581  (64.2800,152.0000) 
  pp_fir_5_1_1_Delay_Pipeline_reg_re_reg[23][1]/D -       -     R     DFFRPQ_X3M_A9PP140ZTL_C30      1     -     -     0     581  (64.4200,154.7000) 
#----------------------------------------------------------------------------------------------------------------------------------------------------

(#) : Net either has Non-default Routes or has been promoted to higher metal layers.
(@) : Annotated capacitance.



Path 36: VIOLATED (-12 ps) Setup Check with Pin pp_fir_5_1_1_sum3_2_re_1_reg[10]/CK->D
           View: view_wcl_typical
          Group: clk
     Startpoint: (F) enb_1_8_0
          Clock: (R) clk
       Endpoint: (R) pp_fir_5_1_1_sum3_2_re_1_reg[10]/D
          Clock: (R) clk

                     Capture       Launch     
        Clock Edge:+     500            0     
        Drv Adjust:+       0            0     
       Src Latency:+       0            0     
       Net Latency:+     200 (I)      200 (I) 
           Arrival:=     700          200     
                                              
             Setup:-       6                  
       Uncertainty:-     125                  
     Required Time:=     569                  
      Launch Clock:-     200                  
       Input Delay:-     300                  
         Data Path:-      81                  
             Slack:=     -12                  

Exceptions/Constraints:
  input_delay             300             functional_wcl_typic_2_line_1078 

#---------------------------------------------------------------------------------------------------------------------------------------
#           Timing Point             Flags   Arc   Edge           Cell             Fanout  Load Trans Delay Arrival       Instance      
#                                                                                          (fF)  (ps)  (ps)   (ps)        Location      
#---------------------------------------------------------------------------------------------------------------------------------------
  enb_1_8_0                          (@)     -     F     (arrival)                     22 112.2     4     0     500               (-,-) 
  FE_OCPC1497_enb_1_8_0/Y            (#)     A->Y  F     BUFH_X16M_A9PP140ZTL_C30       5  51.5    13    15     515    (88.9200,0.8000) 
  FE_OCPC1785_enb_1_8_0/Y            (@)     A->Y  F     BUFH_X16M_A9PP140ZTL_C30       3  26.7     9    16     530   (89.7600,96.2000) 
  FE_OCPC1514_enb_1_8_0/Y            (@)     A->Y  R     INV_X13M_A9PP140ZTL_C30        3  36.3    15     9     540   (89.0600,96.2000) 
  FE_RC_3860_0/Y                     (@)     A->Y  F     INV_X16M_A9PP140ZTL_C30        2  16.8     8     9     548  (80.6600,105.2000) 
  FE_OFC329_enb_1_8_0/Y              (@)     A->Y  F     BUFH_X16M_A9PP140ZTL_C30      15  27.6     8    11     560  (72.1200,114.2000) 
  g39487/Y                           (@)     S0->Y R     MXT2_X3M_A9PP140ZTL_C30        1   0.9     8    21     581  (62.6000,108.8000) 
  pp_fir_5_1_1_sum3_2_re_1_reg[10]/D -       -     R     DFFRPQ_X3M_A9PP140ZTL_C30      1     -     -     0     581  (62.1800,107.9000) 
#---------------------------------------------------------------------------------------------------------------------------------------

(#) : Net either has Non-default Routes or has been promoted to higher metal layers.
(@) : Annotated capacitance.



Path 37: VIOLATED (-12 ps) Setup Check with Pin pp_fir_5_1_1_sum3_2_re_1_reg[9]/CK->D
           View: view_wcl_typical
          Group: clk
     Startpoint: (F) enb_1_8_0
          Clock: (R) clk
       Endpoint: (R) pp_fir_5_1_1_sum3_2_re_1_reg[9]/D
          Clock: (R) clk

                     Capture       Launch     
        Clock Edge:+     500            0     
        Drv Adjust:+       0            0     
       Src Latency:+       0            0     
       Net Latency:+     200 (I)      200 (I) 
           Arrival:=     700          200     
                                              
             Setup:-       6                  
       Uncertainty:-     125                  
     Required Time:=     569                  
      Launch Clock:-     200                  
       Input Delay:-     300                  
         Data Path:-      81                  
             Slack:=     -12                  

Exceptions/Constraints:
  input_delay             300             functional_wcl_typic_2_line_1078 

#--------------------------------------------------------------------------------------------------------------------------------------
#           Timing Point            Flags   Arc   Edge           Cell             Fanout  Load Trans Delay Arrival       Instance      
#                                                                                         (fF)  (ps)  (ps)   (ps)        Location      
#--------------------------------------------------------------------------------------------------------------------------------------
  enb_1_8_0                         (@)     -     F     (arrival)                     22 112.2     4     0     500               (-,-) 
  FE_OCPC1497_enb_1_8_0/Y           (#)     A->Y  F     BUFH_X16M_A9PP140ZTL_C30       5  51.5    13    15     515    (88.9200,0.8000) 
  FE_OCPC1785_enb_1_8_0/Y           (@)     A->Y  F     BUFH_X16M_A9PP140ZTL_C30       3  26.7     9    16     530   (89.7600,96.2000) 
  FE_OCPC1514_enb_1_8_0/Y           (@)     A->Y  R     INV_X13M_A9PP140ZTL_C30        3  36.3    15     9     540   (89.0600,96.2000) 
  FE_RC_3860_0/Y                    (@)     A->Y  F     INV_X16M_A9PP140ZTL_C30        2  16.8     8     9     548  (80.6600,105.2000) 
  FE_OFC329_enb_1_8_0/Y             (@)     A->Y  F     BUFH_X16M_A9PP140ZTL_C30      15  27.6     8    11     560  (72.1200,114.2000) 
  g13877/Y                          (@)     S0->Y R     MXT2_X3M_A9PP140ZTL_C30        1   1.0     8    21     580  (63.1600,110.6000) 
  pp_fir_5_1_1_sum3_2_re_1_reg[9]/D -       -     R     DFFRPQ_X3M_A9PP140ZTL_C30      1     -     -     0     581  (61.9000,109.7000) 
#--------------------------------------------------------------------------------------------------------------------------------------

(#) : Net either has Non-default Routes or has been promoted to higher metal layers.
(@) : Annotated capacitance.



Path 38: VIOLATED (-12 ps) Setup Check with Pin pp_fir_5_1_1_sum3_2_re_1_reg[8]/CK->D
           View: view_wcl_typical
          Group: clk
     Startpoint: (F) enb_1_8_0
          Clock: (R) clk
       Endpoint: (R) pp_fir_5_1_1_sum3_2_re_1_reg[8]/D
          Clock: (R) clk

                     Capture       Launch     
        Clock Edge:+     500            0     
        Drv Adjust:+       0            0     
       Src Latency:+       0            0     
       Net Latency:+     200 (I)      200 (I) 
           Arrival:=     700          200     
                                              
             Setup:-       6                  
       Uncertainty:-     125                  
     Required Time:=     569                  
      Launch Clock:-     200                  
       Input Delay:-     300                  
         Data Path:-      81                  
             Slack:=     -12                  

Exceptions/Constraints:
  input_delay             300             functional_wcl_typic_2_line_1078 

#--------------------------------------------------------------------------------------------------------------------------------------
#           Timing Point            Flags   Arc   Edge           Cell             Fanout  Load Trans Delay Arrival       Instance      
#                                                                                         (fF)  (ps)  (ps)   (ps)        Location      
#--------------------------------------------------------------------------------------------------------------------------------------
  enb_1_8_0                         (@)     -     F     (arrival)                     22 112.2     4     0     500               (-,-) 
  FE_OCPC1497_enb_1_8_0/Y           (#)     A->Y  F     BUFH_X16M_A9PP140ZTL_C30       5  51.5    13    15     515    (88.9200,0.8000) 
  FE_OCPC1785_enb_1_8_0/Y           (@)     A->Y  F     BUFH_X16M_A9PP140ZTL_C30       3  26.7     9    16     530   (89.7600,96.2000) 
  FE_OCPC1514_enb_1_8_0/Y           (@)     A->Y  R     INV_X13M_A9PP140ZTL_C30        3  36.3    15     9     540   (89.0600,96.2000) 
  FE_RC_3860_0/Y                    (@)     A->Y  F     INV_X16M_A9PP140ZTL_C30        2  16.8     8     9     548  (80.6600,105.2000) 
  FE_OFC329_enb_1_8_0/Y             (@)     A->Y  F     BUFH_X16M_A9PP140ZTL_C30      15  27.6     8    11     560  (72.1200,114.2000) 
  g13876/Y                          (@)     S0->Y R     MXT2_X3M_A9PP140ZTL_C30        1   1.0     7    21     580  (61.9000,110.6000) 
  pp_fir_5_1_1_sum3_2_re_1_reg[8]/D -       -     R     DFFRPQ_X3M_A9PP140ZTL_C30      1     -     -     0     581  (61.6200,111.5000) 
#--------------------------------------------------------------------------------------------------------------------------------------

(#) : Net either has Non-default Routes or has been promoted to higher metal layers.
(@) : Annotated capacitance.



Path 39: VIOLATED (-12 ps) Setup Check with Pin pp_fir_5_1_1_sum2_3_re_1_reg[11]/CK->D
           View: view_wcl_typical
          Group: clk
     Startpoint: (F) enb_1_8_0
          Clock: (R) clk
       Endpoint: (R) pp_fir_5_1_1_sum2_3_re_1_reg[11]/D
          Clock: (R) clk

                     Capture       Launch     
        Clock Edge:+     500            0     
        Drv Adjust:+       0            0     
       Src Latency:+       0            0     
       Net Latency:+     200 (I)      200 (I) 
           Arrival:=     700          200     
                                              
             Setup:-       6                  
       Uncertainty:-     125                  
     Required Time:=     569                  
      Launch Clock:-     200                  
       Input Delay:-     300                  
         Data Path:-      81                  
             Slack:=     -12                  

Exceptions/Constraints:
  input_delay             300             functional_wcl_typic_2_line_1078 

#---------------------------------------------------------------------------------------------------------------------------------------
#           Timing Point             Flags   Arc   Edge           Cell             Fanout  Load Trans Delay Arrival       Instance      
#                                                                                          (fF)  (ps)  (ps)   (ps)        Location      
#---------------------------------------------------------------------------------------------------------------------------------------
  enb_1_8_0                          (@)     -     F     (arrival)                     22 112.2     4     0     500               (-,-) 
  FE_OCPC1497_enb_1_8_0/Y            (#)     A->Y  F     BUFH_X16M_A9PP140ZTL_C30       5  51.5    13    15     515    (88.9200,0.8000) 
  FE_OCPC1785_enb_1_8_0/Y            (@)     A->Y  F     BUFH_X16M_A9PP140ZTL_C30       3  26.7     9    16     530   (89.7600,96.2000) 
  FE_OCPC1514_enb_1_8_0/Y            (@)     A->Y  R     INV_X13M_A9PP140ZTL_C30        3  36.3    15     9     540   (89.0600,96.2000) 
  FE_RC_3859_0/Y                     (@)     A->Y  F     INV_X16M_A9PP140ZTL_C30       25  42.2    16    11     550  (73.3800,107.9000) 
  g13286/Y                           (@)     S0->Y R     MXT2_X2M_A9PP140ZTL_C30        1   0.9     8    30     580  (51.9600,126.8000) 
  pp_fir_5_1_1_sum2_3_re_1_reg[11]/D -       -     R     DFFRPQ_X3M_A9PP140ZTL_C30      1     -     -     0     581  (50.4200,127.7000) 
#---------------------------------------------------------------------------------------------------------------------------------------

(#) : Net either has Non-default Routes or has been promoted to higher metal layers.
(@) : Annotated capacitance.



Path 40: VIOLATED (-12 ps) Setup Check with Pin pp_fir_5_1_1_sum1_6_re_1_reg[21]/CK->D
           View: view_wcl_typical
          Group: clk
     Startpoint: (F) enb_1_8_0
          Clock: (R) clk
       Endpoint: (R) pp_fir_5_1_1_sum1_6_re_1_reg[21]/D
          Clock: (R) clk

                     Capture       Launch     
        Clock Edge:+     500            0     
        Drv Adjust:+       0            0     
       Src Latency:+       0            0     
       Net Latency:+     200 (I)      200 (I) 
           Arrival:=     700          200     
                                              
             Setup:-       6                  
       Uncertainty:-     125                  
     Required Time:=     569                  
      Launch Clock:-     200                  
       Input Delay:-     300                  
         Data Path:-      81                  
             Slack:=     -12                  

Exceptions/Constraints:
  input_delay             300             functional_wcl_typic_2_line_1078 

#---------------------------------------------------------------------------------------------------------------------------------------
#           Timing Point             Flags   Arc   Edge           Cell             Fanout  Load Trans Delay Arrival       Instance      
#                                                                                          (fF)  (ps)  (ps)   (ps)        Location      
#---------------------------------------------------------------------------------------------------------------------------------------
  enb_1_8_0                          (@)     -     F     (arrival)                     22 112.2     4     0     500               (-,-) 
  FE_OCPC1497_enb_1_8_0/Y            (#)     A->Y  F     BUFH_X16M_A9PP140ZTL_C30       5  51.5    13    15     515    (88.9200,0.8000) 
  FE_OCPC1785_enb_1_8_0/Y            (@)     A->Y  F     BUFH_X16M_A9PP140ZTL_C30       3  26.7     9    16     530   (89.7600,96.2000) 
  FE_OCPC1514_enb_1_8_0/Y            (@)     A->Y  R     INV_X13M_A9PP140ZTL_C30        3  36.3    15     9     540   (89.0600,96.2000) 
  FE_RC_3859_0/Y                     (@)     A->Y  F     INV_X16M_A9PP140ZTL_C30       25  42.2    16    11     550  (73.3800,107.9000) 
  g12246__9945/Y                     (@)     S0->Y R     MXT2_X2M_A9PP140ZTL_C30        1   0.8     8    30     581  (50.7000,115.1000) 
  pp_fir_5_1_1_sum1_6_re_1_reg[21]/D -       -     R     DFFRPQ_X3M_A9PP140ZTL_C30      1     -     -     0     581  (49.7200,114.2000) 
#---------------------------------------------------------------------------------------------------------------------------------------

(#) : Net either has Non-default Routes or has been promoted to higher metal layers.
(@) : Annotated capacitance.



Path 41: VIOLATED (-12 ps) Setup Check with Pin pp_fir_5_1_1_Delay_Pipeline_reg_re_reg[24][11]/CK->D
           View: view_wcl_typical
          Group: clk
     Startpoint: (F) enb_1_8_0
          Clock: (R) clk
       Endpoint: (R) pp_fir_5_1_1_Delay_Pipeline_reg_re_reg[24][11]/D
          Clock: (R) clk

                     Capture       Launch     
        Clock Edge:+     500            0     
        Drv Adjust:+       0            0     
       Src Latency:+       0            0     
       Net Latency:+     200 (I)      200 (I) 
           Arrival:=     700          200     
                                              
             Setup:-       6                  
       Uncertainty:-     125                  
     Required Time:=     569                  
      Launch Clock:-     200                  
       Input Delay:-     300                  
         Data Path:-      81                  
             Slack:=     -12                  

Exceptions/Constraints:
  input_delay             300             functional_wcl_typic_2_line_1078 

#-----------------------------------------------------------------------------------------------------------------------------------------------------
#                  Timing Point                    Flags   Arc   Edge           Cell             Fanout  Load Trans Delay Arrival       Instance      
#                                                                                                        (fF)  (ps)  (ps)   (ps)        Location      
#-----------------------------------------------------------------------------------------------------------------------------------------------------
  enb_1_8_0                                        (@)     -     F     (arrival)                     22 112.2     4     0     500               (-,-) 
  FE_OCPC1497_enb_1_8_0/Y                          (#)     A->Y  F     BUFH_X16M_A9PP140ZTL_C30       5  51.5    13    15     515    (88.9200,0.8000) 
  FE_OCPC1785_enb_1_8_0/Y                          (@)     A->Y  F     BUFH_X16M_A9PP140ZTL_C30       3  26.7     9    16     530   (89.7600,96.2000) 
  FE_OCPC1514_enb_1_8_0/Y                          (@)     A->Y  R     INV_X13M_A9PP140ZTL_C30        3  36.3    15     9     540   (89.0600,96.2000) 
  FE_OFC46_enb_1_8_0/Y                             (#)     A->Y  F     INV_X16M_A9PP140ZTL_C30       42  56.4    19    14     553  (87.9400,130.4000) 
  g14375/Y                                         (@)     S0->Y R     MXT2_X2M_A9PP140ZTL_C30        1   0.9     8    27     580  (78.0000,148.4000) 
  pp_fir_5_1_1_Delay_Pipeline_reg_re_reg[24][11]/D -       -     R     DFFRPQ_X3M_A9PP140ZTL_C30      1     -     -     0     581  (76.8800,150.2000) 
#-----------------------------------------------------------------------------------------------------------------------------------------------------

(#) : Net either has Non-default Routes or has been promoted to higher metal layers.
(@) : Annotated capacitance.



Path 42: VIOLATED (-12 ps) Setup Check with Pin pp_fir_5_1_1_Delay_Pipeline_reg_re_reg[24][7]/CK->D
           View: view_wcl_typical
          Group: clk
     Startpoint: (F) enb_1_8_0
          Clock: (R) clk
       Endpoint: (R) pp_fir_5_1_1_Delay_Pipeline_reg_re_reg[24][7]/D
          Clock: (R) clk

                     Capture       Launch     
        Clock Edge:+     500            0     
        Drv Adjust:+       0            0     
       Src Latency:+       0            0     
       Net Latency:+     200 (I)      200 (I) 
           Arrival:=     700          200     
                                              
             Setup:-       6                  
       Uncertainty:-     125                  
     Required Time:=     569                  
      Launch Clock:-     200                  
       Input Delay:-     300                  
         Data Path:-      81                  
             Slack:=     -12                  

Exceptions/Constraints:
  input_delay             300             functional_wcl_typic_2_line_1078 

#----------------------------------------------------------------------------------------------------------------------------------------------------
#                  Timing Point                   Flags   Arc   Edge           Cell             Fanout  Load Trans Delay Arrival       Instance      
#                                                                                                       (fF)  (ps)  (ps)   (ps)        Location      
#----------------------------------------------------------------------------------------------------------------------------------------------------
  enb_1_8_0                                       (@)     -     F     (arrival)                     22 112.2     4     0     500               (-,-) 
  FE_OCPC1497_enb_1_8_0/Y                         (#)     A->Y  F     BUFH_X16M_A9PP140ZTL_C30       5  51.5    13    15     515    (88.9200,0.8000) 
  FE_OCPC1785_enb_1_8_0/Y                         (@)     A->Y  F     BUFH_X16M_A9PP140ZTL_C30       3  26.7     9    16     530   (89.7600,96.2000) 
  FE_OCPC1514_enb_1_8_0/Y                         (@)     A->Y  R     INV_X13M_A9PP140ZTL_C30        3  36.3    15     9     540   (89.0600,96.2000) 
  FE_OFC46_enb_1_8_0/Y                            (#)     A->Y  F     INV_X16M_A9PP140ZTL_C30       42  56.4    19    14     553  (87.9400,130.4000) 
  g14371/Y                                        (@)     S0->Y R     MXT2_X2M_A9PP140ZTL_C30        1   0.9     8    27     580  (72.2600,146.6000) 
  pp_fir_5_1_1_Delay_Pipeline_reg_re_reg[24][7]/D -       -     R     DFFRPQ_X3M_A9PP140ZTL_C30      1     -     -     0     581  (72.6800,148.4000) 
#----------------------------------------------------------------------------------------------------------------------------------------------------

(#) : Net either has Non-default Routes or has been promoted to higher metal layers.
(@) : Annotated capacitance.



Path 43: VIOLATED (-12 ps) Setup Check with Pin pp_fir_5_1_1_Delay_Pipeline_reg_re_reg[24][0]/CK->D
           View: view_wcl_typical
          Group: clk
     Startpoint: (F) enb_1_8_0
          Clock: (R) clk
       Endpoint: (R) pp_fir_5_1_1_Delay_Pipeline_reg_re_reg[24][0]/D
          Clock: (R) clk

                     Capture       Launch     
        Clock Edge:+     500            0     
        Drv Adjust:+       0            0     
       Src Latency:+       0            0     
       Net Latency:+     200 (I)      200 (I) 
           Arrival:=     700          200     
                                              
             Setup:-       6                  
       Uncertainty:-     125                  
     Required Time:=     569                  
      Launch Clock:-     200                  
       Input Delay:-     300                  
         Data Path:-      81                  
             Slack:=     -12                  

Exceptions/Constraints:
  input_delay             300             functional_wcl_typic_2_line_1078 

#----------------------------------------------------------------------------------------------------------------------------------------------------
#                  Timing Point                   Flags   Arc   Edge           Cell             Fanout  Load Trans Delay Arrival       Instance      
#                                                                                                       (fF)  (ps)  (ps)   (ps)        Location      
#----------------------------------------------------------------------------------------------------------------------------------------------------
  enb_1_8_0                                       (@)     -     F     (arrival)                     22 112.2     4     0     500               (-,-) 
  FE_OCPC1497_enb_1_8_0/Y                         (#)     A->Y  F     BUFH_X16M_A9PP140ZTL_C30       5  51.5    13    15     515    (88.9200,0.8000) 
  FE_OCPC1785_enb_1_8_0/Y                         (@)     A->Y  F     BUFH_X16M_A9PP140ZTL_C30       3  26.7     9    16     530   (89.7600,96.2000) 
  FE_OCPC1514_enb_1_8_0/Y                         (@)     A->Y  R     INV_X13M_A9PP140ZTL_C30        3  36.3    15     9     540   (89.0600,96.2000) 
  FE_OFC46_enb_1_8_0/Y                            (#)     A->Y  F     INV_X16M_A9PP140ZTL_C30       42  56.4    19    14     553  (87.9400,130.4000) 
  g14364/Y                                        (@)     S0->Y R     MXT2_X2M_A9PP140ZTL_C30        1   1.0     8    27     580  (71.1400,143.9000) 
  pp_fir_5_1_1_Delay_Pipeline_reg_re_reg[24][0]/D -       -     R     DFFRPQ_X3M_A9PP140ZTL_C30      1     -     -     0     581  (70.3000,143.0000) 
#----------------------------------------------------------------------------------------------------------------------------------------------------

(#) : Net either has Non-default Routes or has been promoted to higher metal layers.
(@) : Annotated capacitance.



Path 44: VIOLATED (-12 ps) Setup Check with Pin pp_fir_5_1_1_Delay_Pipeline_reg_re_reg[23][5]/CK->D
           View: view_wcl_typical
          Group: clk
     Startpoint: (F) enb_1_8_0
          Clock: (R) clk
       Endpoint: (R) pp_fir_5_1_1_Delay_Pipeline_reg_re_reg[23][5]/D
          Clock: (R) clk

                     Capture       Launch     
        Clock Edge:+     500            0     
        Drv Adjust:+       0            0     
       Src Latency:+       0            0     
       Net Latency:+     200 (I)      200 (I) 
           Arrival:=     700          200     
                                              
             Setup:-       6                  
       Uncertainty:-     125                  
     Required Time:=     569                  
      Launch Clock:-     200                  
       Input Delay:-     300                  
         Data Path:-      81                  
             Slack:=     -12                  

Exceptions/Constraints:
  input_delay             300             functional_wcl_typic_2_line_1078 

#----------------------------------------------------------------------------------------------------------------------------------------------------
#                  Timing Point                   Flags   Arc   Edge           Cell             Fanout  Load Trans Delay Arrival       Instance      
#                                                                                                       (fF)  (ps)  (ps)   (ps)        Location      
#----------------------------------------------------------------------------------------------------------------------------------------------------
  enb_1_8_0                                       (@)     -     F     (arrival)                     22 112.2     4     0     500               (-,-) 
  FE_OCPC1497_enb_1_8_0/Y                         (#)     A->Y  F     BUFH_X16M_A9PP140ZTL_C30       5  51.5    13    15     515    (88.9200,0.8000) 
  FE_OCPC1785_enb_1_8_0/Y                         (@)     A->Y  F     BUFH_X16M_A9PP140ZTL_C30       3  26.7     9    16     530   (89.7600,96.2000) 
  FE_OCPC1514_enb_1_8_0/Y                         (@)     A->Y  R     INV_X13M_A9PP140ZTL_C30        3  36.3    15     9     540   (89.0600,96.2000) 
  FE_OFC46_enb_1_8_0/Y                            (#)     A->Y  F     INV_X16M_A9PP140ZTL_C30       42  56.4    19    14     553  (87.9400,130.4000) 
  g14353/Y                                        (@)     S0->Y R     MXT2_X2M_A9PP140ZTL_C30        1   0.9     8    27     580  (67.7800,148.4000) 
  pp_fir_5_1_1_Delay_Pipeline_reg_re_reg[23][5]/D -       -     R     DFFRPQ_X3M_A9PP140ZTL_C30      1     -     -     0     581  (66.9400,149.3000) 
#----------------------------------------------------------------------------------------------------------------------------------------------------

(#) : Net either has Non-default Routes or has been promoted to higher metal layers.
(@) : Annotated capacitance.



Path 45: VIOLATED (-12 ps) Setup Check with Pin pp_fir_5_1_1_sum3_2_re_1_reg[1]/CK->D
           View: view_wcl_typical
          Group: clk
     Startpoint: (F) enb_1_8_0
          Clock: (R) clk
       Endpoint: (R) pp_fir_5_1_1_sum3_2_re_1_reg[1]/D
          Clock: (R) clk

                     Capture       Launch     
        Clock Edge:+     500            0     
        Drv Adjust:+       0            0     
       Src Latency:+       0            0     
       Net Latency:+     200 (I)      200 (I) 
           Arrival:=     700          200     
                                              
             Setup:-       6                  
       Uncertainty:-     125                  
     Required Time:=     569                  
      Launch Clock:-     200                  
       Input Delay:-     300                  
         Data Path:-      80                  
             Slack:=     -12                  

Exceptions/Constraints:
  input_delay             300             functional_wcl_typic_2_line_1078 

#--------------------------------------------------------------------------------------------------------------------------------------
#           Timing Point            Flags   Arc   Edge           Cell             Fanout  Load Trans Delay Arrival       Instance      
#                                                                                         (fF)  (ps)  (ps)   (ps)        Location      
#--------------------------------------------------------------------------------------------------------------------------------------
  enb_1_8_0                         (@)     -     F     (arrival)                     22 112.2     4     0     500               (-,-) 
  FE_OCPC1497_enb_1_8_0/Y           (#)     A->Y  F     BUFH_X16M_A9PP140ZTL_C30       5  51.5    13    15     515    (88.9200,0.8000) 
  FE_OCPC1785_enb_1_8_0/Y           (@)     A->Y  F     BUFH_X16M_A9PP140ZTL_C30       3  26.7     9    16     530   (89.7600,96.2000) 
  FE_OCPC1514_enb_1_8_0/Y           (@)     A->Y  R     INV_X13M_A9PP140ZTL_C30        3  36.3    15     9     540   (89.0600,96.2000) 
  FE_RC_3860_0/Y                    (@)     A->Y  F     INV_X16M_A9PP140ZTL_C30        2  16.8     8     9     548  (80.6600,105.2000) 
  FE_OFC330_enb_1_8_0/Y             (@)     A->Y  F     BUFH_X16M_A9PP140ZTL_C30      13  22.7     8    12     560  (72.1200,114.2000) 
  g13867/Y                          (@)     S0->Y R     MXT2_X4B_A9PP140ZTL_C30        1   0.8     8    20     580  (66.2400,119.6000) 
  pp_fir_5_1_1_sum3_2_re_1_reg[1]/D -       -     R     DFFRPQ_X3M_A9PP140ZTL_C30      1     -     -     0     580  (66.1000,118.7000) 
#--------------------------------------------------------------------------------------------------------------------------------------

(#) : Net either has Non-default Routes or has been promoted to higher metal layers.
(@) : Annotated capacitance.



Path 46: VIOLATED (-12 ps) Setup Check with Pin pp_fir_5_1_1_sum2_3_re_1_reg[18]/CK->D
           View: view_wcl_typical
          Group: clk
     Startpoint: (F) enb_1_8_0
          Clock: (R) clk
       Endpoint: (R) pp_fir_5_1_1_sum2_3_re_1_reg[18]/D
          Clock: (R) clk

                     Capture       Launch     
        Clock Edge:+     500            0     
        Drv Adjust:+       0            0     
       Src Latency:+       0            0     
       Net Latency:+     200 (I)      200 (I) 
           Arrival:=     700          200     
                                              
             Setup:-       6                  
       Uncertainty:-     125                  
     Required Time:=     569                  
      Launch Clock:-     200                  
       Input Delay:-     300                  
         Data Path:-      80                  
             Slack:=     -12                  

Exceptions/Constraints:
  input_delay             300             functional_wcl_typic_2_line_1078 

#---------------------------------------------------------------------------------------------------------------------------------------
#           Timing Point             Flags   Arc   Edge           Cell             Fanout  Load Trans Delay Arrival       Instance      
#                                                                                          (fF)  (ps)  (ps)   (ps)        Location      
#---------------------------------------------------------------------------------------------------------------------------------------
  enb_1_8_0                          (@)     -     F     (arrival)                     22 112.2     4     0     500               (-,-) 
  FE_OCPC1497_enb_1_8_0/Y            (#)     A->Y  F     BUFH_X16M_A9PP140ZTL_C30       5  51.5    13    15     515    (88.9200,0.8000) 
  FE_OCPC1785_enb_1_8_0/Y            (@)     A->Y  F     BUFH_X16M_A9PP140ZTL_C30       3  26.7     9    16     530   (89.7600,96.2000) 
  FE_OCPC1514_enb_1_8_0/Y            (@)     A->Y  R     INV_X13M_A9PP140ZTL_C30        3  36.3    15     9     540   (89.0600,96.2000) 
  FE_RC_3860_0/Y                     (@)     A->Y  F     INV_X16M_A9PP140ZTL_C30        2  16.8     8     9     548  (80.6600,105.2000) 
  FE_OFC329_enb_1_8_0/Y              (@)     A->Y  F     BUFH_X16M_A9PP140ZTL_C30      15  27.6     8    11     560  (72.1200,114.2000) 
  g13295/Y                           (@)     S0->Y R     MXT2_X3M_A9PP140ZTL_C30        1   0.8     7    21     580  (57.5600,108.8000) 
  pp_fir_5_1_1_sum2_3_re_1_reg[18]/D -       -     R     DFFRPQ_X3M_A9PP140ZTL_C30      1     -     -     0     580  (56.0200,107.9000) 
#---------------------------------------------------------------------------------------------------------------------------------------

(#) : Net either has Non-default Routes or has been promoted to higher metal layers.
(@) : Annotated capacitance.



Path 47: VIOLATED (-12 ps) Setup Check with Pin pp_fir_5_1_1_sum1_11_re_1_reg[24]/CK->D
           View: view_wcl_typical
          Group: clk
     Startpoint: (F) enb_1_8_0
          Clock: (R) clk
       Endpoint: (R) pp_fir_5_1_1_sum1_11_re_1_reg[24]/D
          Clock: (R) clk

                     Capture       Launch     
        Clock Edge:+     500            0     
        Drv Adjust:+       0            0     
       Src Latency:+       0            0     
       Net Latency:+     200 (I)      200 (I) 
           Arrival:=     700          200     
                                              
             Setup:-       6                  
       Uncertainty:-     125                  
     Required Time:=     569                  
      Launch Clock:-     200                  
       Input Delay:-     300                  
         Data Path:-      80                  
             Slack:=     -12                  

Exceptions/Constraints:
  input_delay             300             functional_wcl_typic_2_line_1078 

#---------------------------------------------------------------------------------------------------------------------------------------
#            Timing Point             Flags   Arc   Edge           Cell             Fanout  Load Trans Delay Arrival      Instance      
#                                                                                           (fF)  (ps)  (ps)   (ps)       Location      
#---------------------------------------------------------------------------------------------------------------------------------------
  enb_1_8_0                           (@)     -     F     (arrival)                     22 112.2     4     0     500              (-,-) 
  FE_OCPC1497_enb_1_8_0/Y             (#)     A->Y  F     BUFH_X16M_A9PP140ZTL_C30       5  51.5    13    15     515   (88.9200,0.8000) 
  FE_OCPC1508_enb_1_8_0/Y             (@)     A->Y  R     INV_X13M_A9PP140ZTL_C30        3  31.0    13    14     529  (68.9000,77.3000) 
  FE_OFC44_enb_1_8_0_dup/Y            (@)     A->Y  F     INV_X16M_A9PP140ZTL_C30       10  47.9    16    10     539  (65.8200,85.4000) 
  FE_OFC547_enb_1_8_0/Y               (@)     A->Y  R     INV_X11M_A9PP140ZTL_C30       23  37.5    19    17     556  (47.6200,85.4000) 
  FE_RC_168_0/Y                       (@)     A0->Y R     AO22_X1M_A9PP140ZTL_C30        1   0.9    10    25     580  (35.1600,40.4000) 
  pp_fir_5_1_1_sum1_11_re_1_reg[24]/D -       -     R     DFFRPQ_X3M_A9PP140ZTL_C30      1     -     -     0     580  (33.7600,41.3000) 
#---------------------------------------------------------------------------------------------------------------------------------------

(#) : Net either has Non-default Routes or has been promoted to higher metal layers.
(@) : Annotated capacitance.



Path 48: VIOLATED (-12 ps) Setup Check with Pin pp_fir_5_1_1_sum1_5_re_1_reg[25]/CK->D
           View: view_wcl_typical
          Group: clk
     Startpoint: (F) enb_1_8_0
          Clock: (R) clk
       Endpoint: (R) pp_fir_5_1_1_sum1_5_re_1_reg[25]/D
          Clock: (R) clk

                     Capture       Launch     
        Clock Edge:+     500            0     
        Drv Adjust:+       0            0     
       Src Latency:+       0            0     
       Net Latency:+     200 (I)      200 (I) 
           Arrival:=     700          200     
                                              
             Setup:-       6                  
       Uncertainty:-     125                  
     Required Time:=     569                  
      Launch Clock:-     200                  
       Input Delay:-     300                  
         Data Path:-      80                  
             Slack:=     -12                  

Exceptions/Constraints:
  input_delay             300             functional_wcl_typic_2_line_1078 

#----------------------------------------------------------------------------------------------------------------------------------------
#           Timing Point             Flags   Arc   Edge            Cell             Fanout  Load Trans Delay Arrival       Instance      
#                                                                                           (fF)  (ps)  (ps)   (ps)        Location      
#----------------------------------------------------------------------------------------------------------------------------------------
  enb_1_8_0                          (@)     -     F     (arrival)                      22 112.2     4     0     500               (-,-) 
  FE_OCPC1497_enb_1_8_0/Y            (#)     A->Y  F     BUFH_X16M_A9PP140ZTL_C30        5  51.5    13    15     515    (88.9200,0.8000) 
  FE_OCPC1785_enb_1_8_0/Y            (@)     A->Y  F     BUFH_X16M_A9PP140ZTL_C30        3  26.7     9    16     530   (89.7600,96.2000) 
  FE_OCPC1514_enb_1_8_0/Y            (@)     A->Y  R     INV_X13M_A9PP140ZTL_C30         3  36.3    15     9     540   (89.0600,96.2000) 
  FE_RC_3859_0/Y                     (@)     A->Y  F     INV_X16M_A9PP140ZTL_C30        25  42.2    16    11     550  (73.3800,107.9000) 
  FE_RC_2581_0/Y                     (@)     BN->Y F     NAND2XB_X2M_A9PP140ZTL_C30      1   0.7     7    23     574  (53.5000,111.5000) 
  FE_RC_2578_0/Y                     (@)     B->Y  R     NAND2_X1B_A9PP140ZTL_C30        1   0.8     8     7     580  (53.5000,111.5000) 
  pp_fir_5_1_1_sum1_5_re_1_reg[25]/D -       -     R     DFFRPQ_X3M_A9PP140ZTL_C30       1     -     -     0     580  (50.4200,111.5000) 
#----------------------------------------------------------------------------------------------------------------------------------------

(#) : Net either has Non-default Routes or has been promoted to higher metal layers.
(@) : Annotated capacitance.



Path 49: VIOLATED (-12 ps) Setup Check with Pin pp_fir_5_1_1_sum1_6_re_1_reg[20]/CK->D
           View: view_wcl_typical
          Group: clk
     Startpoint: (F) enb_1_8_0
          Clock: (R) clk
       Endpoint: (R) pp_fir_5_1_1_sum1_6_re_1_reg[20]/D
          Clock: (R) clk

                     Capture       Launch     
        Clock Edge:+     500            0     
        Drv Adjust:+       0            0     
       Src Latency:+       0            0     
       Net Latency:+     200 (I)      200 (I) 
           Arrival:=     700          200     
                                              
             Setup:-       6                  
       Uncertainty:-     125                  
     Required Time:=     569                  
      Launch Clock:-     200                  
       Input Delay:-     300                  
         Data Path:-      80                  
             Slack:=     -12                  

Exceptions/Constraints:
  input_delay             300             functional_wcl_typic_2_line_1078 

#---------------------------------------------------------------------------------------------------------------------------------------
#           Timing Point             Flags   Arc   Edge           Cell             Fanout  Load Trans Delay Arrival       Instance      
#                                                                                          (fF)  (ps)  (ps)   (ps)        Location      
#---------------------------------------------------------------------------------------------------------------------------------------
  enb_1_8_0                          (@)     -     F     (arrival)                     22 112.2     4     0     500               (-,-) 
  FE_OCPC1497_enb_1_8_0/Y            (#)     A->Y  F     BUFH_X16M_A9PP140ZTL_C30       5  51.5    13    15     515    (88.9200,0.8000) 
  FE_OCPC1785_enb_1_8_0/Y            (@)     A->Y  F     BUFH_X16M_A9PP140ZTL_C30       3  26.7     9    16     530   (89.7600,96.2000) 
  FE_OCPC1514_enb_1_8_0/Y            (@)     A->Y  R     INV_X13M_A9PP140ZTL_C30        3  36.3    15     9     540   (89.0600,96.2000) 
  FE_RC_3859_0/Y                     (@)     A->Y  F     INV_X16M_A9PP140ZTL_C30       25  42.2    16    11     550  (73.3800,107.9000) 
  g12244__6161/Y                     (@)     S0->Y R     MXT2_X1P4M_A9PP140ZTL_C30      1   0.8     8    30     580  (51.2600,118.7000) 
  pp_fir_5_1_1_sum1_6_re_1_reg[20]/D -       -     R     DFFRPQ_X3M_A9PP140ZTL_C30      1     -     -     0     580  (50.8400,117.8000) 
#---------------------------------------------------------------------------------------------------------------------------------------

(#) : Net either has Non-default Routes or has been promoted to higher metal layers.
(@) : Annotated capacitance.



Path 50: VIOLATED (-12 ps) Setup Check with Pin pp_fir_5_1_1_sum1_6_re_1_reg[19]/CK->D
           View: view_wcl_typical
          Group: clk
     Startpoint: (F) enb_1_8_0
          Clock: (R) clk
       Endpoint: (R) pp_fir_5_1_1_sum1_6_re_1_reg[19]/D
          Clock: (R) clk

                     Capture       Launch     
        Clock Edge:+     500            0     
        Drv Adjust:+       0            0     
       Src Latency:+       0            0     
       Net Latency:+     200 (I)      200 (I) 
           Arrival:=     700          200     
                                              
             Setup:-       6                  
       Uncertainty:-     125                  
     Required Time:=     569                  
      Launch Clock:-     200                  
       Input Delay:-     300                  
         Data Path:-      80                  
             Slack:=     -12                  

Exceptions/Constraints:
  input_delay             300             functional_wcl_typic_2_line_1078 

#---------------------------------------------------------------------------------------------------------------------------------------
#           Timing Point             Flags   Arc   Edge           Cell             Fanout  Load Trans Delay Arrival       Instance      
#                                                                                          (fF)  (ps)  (ps)   (ps)        Location      
#---------------------------------------------------------------------------------------------------------------------------------------
  enb_1_8_0                          (@)     -     F     (arrival)                     22 112.2     4     0     500               (-,-) 
  FE_OCPC1497_enb_1_8_0/Y            (#)     A->Y  F     BUFH_X16M_A9PP140ZTL_C30       5  51.5    13    15     515    (88.9200,0.8000) 
  FE_OCPC1785_enb_1_8_0/Y            (@)     A->Y  F     BUFH_X16M_A9PP140ZTL_C30       3  26.7     9    16     530   (89.7600,96.2000) 
  FE_OCPC1514_enb_1_8_0/Y            (@)     A->Y  R     INV_X13M_A9PP140ZTL_C30        3  36.3    15     9     540   (89.0600,96.2000) 
  FE_RC_3859_0/Y                     (@)     A->Y  F     INV_X16M_A9PP140ZTL_C30       25  42.2    16    11     550  (73.3800,107.9000) 
  g12242__7482/Y                     (@)     S0->Y R     MXT2_X2M_A9PP140ZTL_C30        1   0.9     8    30     580  (53.5000,119.6000) 
  pp_fir_5_1_1_sum1_6_re_1_reg[19]/D -       -     R     DFFRPQ_X3M_A9PP140ZTL_C30      1     -     -     0     580  (52.5200,118.7000) 
#---------------------------------------------------------------------------------------------------------------------------------------

(#) : Net either has Non-default Routes or has been promoted to higher metal layers.
(@) : Annotated capacitance.

