********************************************************************************
Product   : Virtuoso(R) XStream Out
Program   : @(#)$CDS: strmout version ICADVM20.1-64b 10/11/2023 09:18 (sjfhw316) $
          : sub-version  ICADVM20.1-64b.500.34 
Started at: 03-Mar-2025  14:16:57
User Name : jswalling
Host Name : tc044
Directory : /projects/eddie_pritchard/RFIC/projects/28HPC_summer2024/jswalling
CADENCE Design Systems, Inc.
********************************************************************************
Info: Cellview Rev Num:99,  Tech Rev Num:59

WARNING (XSTRM-20): Output Stream file '/projects/eddie_pritchard/RFIC/projects/28HPC_summer2024/jswalling/synthesis/cadence/pp_fir_u_7_work/drc/pp_fir_u_7.gds.gz' already exists. It will be overwritten.
INFO (XSTRM-217): Reading the layer map file, /projects/eddie_pritchard/RFIC/PDK/tsmc/28nm/v1.8_2p3a_10M/tsmcN28/tsmcN28.layermap
WARNING (XSTRM-333): The '-enableColoring' option will be ignored during XStream Out. This is because there is no color entry in the layer map and the object map file.
INFO (XSTRM-280): The output file will be a compressed file because the file name has extension .gz
INFO (XSTRM-162): You have not used the '-viaMap' option. If the OpenAccess design has native oaVia instances, use the '-viaMap' option for preserving oaVia instances in a XStream Out - XStream In round trip. Using the '-viaMap' option improves performance and VM usage of applications using the Streamed-In design.

Summary of Options :
library                                 jswalling_dsp
strmFile                                /projects/eddie_pritchard/RFIC/projects/28HPC_summer2024/jswalling/synthesis/cadence/pp_fir_u_7_work/drc/pp_fir_u_7.gds.gz
topCell                                 pp_fir_u_7
view                                    layout
runDir                                  /projects/eddie_pritchard/RFIC/projects/28HPC_summer2024/jswalling/synthesis/cadence/pp_fir_u_7_work/drc
logFile                                 /projects/eddie_pritchard/RFIC/projects/28HPC_summer2024/jswalling/synthesis/cadence/pp_fir_u_7_work/drc/PIPO1.LOG
techLib                                 tsmcN28
hierDepth                               32
maxVertices                             2048
layerMap                                /projects/eddie_pritchard/RFIC/PDK/tsmc/28nm/v1.8_2p3a_10M/tsmcN28/tsmcN28.layermap
userSkillFile                           /projects/eddie_pritchard/RFIC/projects/28HPC_summer2024/jswalling/synthesis/cadence/pp_fir_u_7_work/drc/strmout.il
labelDepth                              32
case                                    Preserve
convertDot                              node

INFO (XSTRM-223): 1. Translating stdVia tsmcN28/M3_M2/layout as STRUCTURE M3_M2_CDNS_741029417210.
INFO (XSTRM-223): 2. Translating stdVia tsmcN28/M4_M3/layout as STRUCTURE M4_M3_CDNS_741029417211.
INFO (XSTRM-223): 3. Translating stdVia tsmcN28/M2_M1/layout as STRUCTURE M2_M1_CDNS_741029417212.
INFO (XSTRM-223): 4. Translating stdVia tsmcN28/M4_M3/layout as STRUCTURE M4_M3_CDNS_741029417213.
INFO (XSTRM-223): 5. Translating stdVia tsmcN28/M3_M2/layout as STRUCTURE M3_M2_CDNS_741029417214.
INFO (XSTRM-223): 6. Translating stdVia tsmcN28/M2_M1/layout as STRUCTURE M2_M1_CDNS_741029417215.
INFO (XSTRM-223): 7. Translating stdVia tsmcN28/M2_M1/layout as STRUCTURE M2_M1_CDNS_741029417216.
INFO (XSTRM-223): 8. Translating stdVia tsmcN28/M2_M1/layout as STRUCTURE M2_M1_CDNS_741029417217.
INFO (XSTRM-223): 9. Translating stdVia tsmcN28/M4_M3/layout as STRUCTURE M4_M3_CDNS_741029417218.
INFO (XSTRM-223): 10. Translating stdVia tsmcN28/M2_M1/layout as STRUCTURE M2_M1_CDNS_741029417219.
INFO (XSTRM-223): 11. Translating stdVia tsmcN28/M5_M4/layout as STRUCTURE M5_M4_CDNS_7410294172110.
INFO (XSTRM-223): 12. Translating stdVia tsmcN28/M5_M4/layout as STRUCTURE M5_M4_CDNS_7410294172111.
INFO (XSTRM-223): 13. Translating stdVia tsmcN28/M4_M3/layout as STRUCTURE M4_M3_CDNS_7410294172112.
INFO (XSTRM-223): 14. Translating stdVia tsmcN28/M3_M2/layout as STRUCTURE M3_M2_CDNS_7410294172113.
INFO (XSTRM-223): 15. Translating stdVia tsmcN28/M5_M4/layout as STRUCTURE M5_M4_CDNS_7410294172114.
INFO (XSTRM-223): 16. Translating stdVia tsmcN28/M2_M1/layout as STRUCTURE M2_M1_CDNS_7410294172115.
INFO (XSTRM-223): 17. Translating stdVia tsmcN28/M3_M2/layout as STRUCTURE M3_M2_CDNS_7410294172116.
INFO (XSTRM-223): 18. Translating stdVia tsmcN28/M2_M1/layout as STRUCTURE M2_M1_CDNS_7410294172117.
INFO (XSTRM-223): 19. Translating stdVia tsmcN28/M3_M2/layout as STRUCTURE M3_M2_CDNS_7410294172118.
INFO (XSTRM-223): 20. Translating stdVia tsmcN28/M3_M2/layout as STRUCTURE M3_M2_CDNS_7410294172119.
INFO (XSTRM-223): 21. Translating stdVia tsmcN28/M4_M3/layout as STRUCTURE M4_M3_CDNS_7410294172120.
INFO (XSTRM-223): 22. Translating stdVia tsmcN28/M4_M3/layout as STRUCTURE M4_M3_CDNS_7410294172121.
INFO (XSTRM-223): 23. Translating stdVia tsmcN28/M3_M2/layout as STRUCTURE M3_M2_CDNS_7410294172122.
INFO (XSTRM-223): 24. Translating stdVia tsmcN28/M6_M5/layout as STRUCTURE M6_M5_CDNS_7410294172123.
INFO (XSTRM-223): 25. Translating stdVia tsmcN28/M2_M1/layout as STRUCTURE M2_M1_CDNS_7410294172124.
INFO (XSTRM-223): 26. Translating stdVia tsmcN28/M2_M1/layout as STRUCTURE M2_M1_CDNS_7410294172125.
INFO (XSTRM-223): 27. Translating stdVia tsmcN28/M2_M1/layout as STRUCTURE M2_M1_CDNS_7410294172126.
INFO (XSTRM-223): 28. Translating stdVia tsmcN28/M6_M5/layout as STRUCTURE M6_M5_CDNS_7410294172127.
INFO (XSTRM-223): 29. Translating stdVia tsmcN28/M6_M5/layout as STRUCTURE M6_M5_CDNS_7410294172128.
INFO (XSTRM-223): 30. Translating stdVia tsmcN28/M2_M1/layout as STRUCTURE M2_M1_CDNS_7410294172129.
INFO (XSTRM-223): 31. Translating stdVia tsmcN28/M5_M4/layout as STRUCTURE M5_M4_CDNS_7410294172130.
INFO (XSTRM-223): 32. Translating stdVia tsmcN28/M2_M1/layout as STRUCTURE M2_M1_CDNS_7410294172131.
INFO (XSTRM-223): 33. Translating stdVia tsmcN28/M5_M4/layout as STRUCTURE M5_M4_CDNS_7410294172132.
INFO (XSTRM-223): 34. Translating stdVia tsmcN28/M3_M2/layout as STRUCTURE M3_M2_CDNS_7410294172133.
INFO (XSTRM-223): 35. Translating stdVia tsmcN28/M3_M2/layout as STRUCTURE M3_M2_CDNS_7410294172134.
INFO (XSTRM-223): 36. Translating stdVia tsmcN28/M2_M1/layout as STRUCTURE M2_M1_CDNS_7410294172135.
INFO (XSTRM-223): 37. Translating stdVia tsmcN28/M3_M2/layout as STRUCTURE M3_M2_CDNS_7410294172136.
INFO (XSTRM-223): 38. Translating stdVia tsmcN28/M2_M1/layout as STRUCTURE M2_M1_CDNS_7410294172137.
INFO (XSTRM-223): 39. Translating stdVia tsmcN28/M4_M3/layout as STRUCTURE M4_M3_CDNS_7410294172138.
INFO (XSTRM-223): 40. Translating stdVia tsmcN28/M3_M2/layout as STRUCTURE M3_M2_CDNS_7410294172139.
INFO (XSTRM-223): 41. Translating stdVia tsmcN28/M2_M1/layout as STRUCTURE M2_M1_CDNS_7410294172140.
INFO (XSTRM-223): 42. Translating stdVia tsmcN28/M2_M1/layout as STRUCTURE M2_M1_CDNS_7410294172141.
INFO (XSTRM-223): 43. Translating stdVia tsmcN28/M3_M2/layout as STRUCTURE M3_M2_CDNS_7410294172142.
INFO (XSTRM-223): 44. Translating stdVia tsmcN28/M2_M1/layout as STRUCTURE M2_M1_CDNS_7410294172143.
INFO (XSTRM-223): 45. Translating stdVia tsmcN28/M4_M3/layout as STRUCTURE M4_M3_CDNS_7410294172144.
INFO (XSTRM-223): 46. Translating stdVia tsmcN28/M4_M3/layout as STRUCTURE M4_M3_CDNS_7410294172145.
INFO (XSTRM-223): 47. Translating stdVia tsmcN28/M2_M1/layout as STRUCTURE M2_M1_CDNS_7410294172146.
INFO (XSTRM-223): 48. Translating stdVia tsmcN28/M2_M1/layout as STRUCTURE M2_M1_CDNS_7410294172147.
INFO (XSTRM-223): 49. Translating stdVia tsmcN28/M4_M3/layout as STRUCTURE M4_M3_CDNS_7410294172148.
INFO (XSTRM-223): 50. Translating stdVia tsmcN28/M2_M1/layout as STRUCTURE M2_M1_CDNS_7410294172149.
INFO (XSTRM-223): 51. Translating stdVia tsmcN28/M3_M2/layout as STRUCTURE M3_M2_CDNS_7410294172150.
INFO (XSTRM-223): 52. Translating stdVia tsmcN28/M4_M3/layout as STRUCTURE M4_M3_CDNS_7410294172151.
INFO (XSTRM-223): 53. Translating stdVia tsmcN28/M3_M2/layout as STRUCTURE M3_M2_CDNS_7410294172152.
INFO (XSTRM-223): 54. Translating stdVia tsmcN28/M5_M4/layout as STRUCTURE M5_M4_CDNS_7410294172153.
INFO (XSTRM-223): 55. Translating stdVia tsmcN28/M5_M4/layout as STRUCTURE M5_M4_CDNS_7410294172154.
INFO (XSTRM-223): 56. Translating stdVia tsmcN28/M5_M4/layout as STRUCTURE M5_M4_CDNS_7410294172155.
INFO (XSTRM-223): 57. Translating stdVia tsmcN28/M2_M1/layout as STRUCTURE M2_M1_CDNS_7410294172156.
INFO (XSTRM-223): 58. Translating stdVia tsmcN28/M6_M5/layout as STRUCTURE M6_M5_CDNS_7410294172157.
INFO (XSTRM-223): 59. Translating stdVia tsmcN28/M4_M3/layout as STRUCTURE M4_M3_CDNS_7410294172158.
INFO (XSTRM-223): 60. Translating stdVia tsmcN28/M3_M2/layout as STRUCTURE M3_M2_CDNS_7410294172159.
INFO (XSTRM-223): 61. Translating stdVia tsmcN28/M2_M1/layout as STRUCTURE M2_M1_CDNS_7410294172160.
INFO (XSTRM-223): 62. Translating stdVia tsmcN28/M5_M4/layout as STRUCTURE M5_M4_CDNS_7410294172161.
INFO (XSTRM-223): 63. Translating stdVia tsmcN28/M3_M2/layout as STRUCTURE M3_M2_CDNS_7410294172162.
INFO (XSTRM-223): 64. Translating stdVia tsmcN28/M4_M3/layout as STRUCTURE M4_M3_CDNS_7410294172163.
INFO (XSTRM-223): 65. Translating stdVia tsmcN28/M2_M1/layout as STRUCTURE M2_M1_CDNS_7410294172164.
INFO (XSTRM-223): 66. Translating stdVia tsmcN28/M2_M1/layout as STRUCTURE M2_M1_CDNS_7410294172165.
INFO (XSTRM-223): 67. Translating stdVia tsmcN28/M2_M1/layout as STRUCTURE M2_M1_CDNS_7410294172166.
INFO (XSTRM-223): 68. Translating stdVia tsmcN28/M3_M2/layout as STRUCTURE M3_M2_CDNS_7410294172167.
INFO (XSTRM-223): 69. Translating stdVia tsmcN28/M2_M1/layout as STRUCTURE M2_M1_CDNS_7410294172168.
INFO (XSTRM-223): 70. Translating stdVia tsmcN28/M6_M5/layout as STRUCTURE M6_M5_CDNS_7410294172169.
INFO (XSTRM-223): 71. Translating stdVia tsmcN28/M4_M3/layout as STRUCTURE M4_M3_CDNS_7410294172170.
INFO (XSTRM-223): 72. Translating stdVia tsmcN28/M5_M4/layout as STRUCTURE M5_M4_CDNS_7410294172171.
INFO (XSTRM-223): 73. Translating stdVia tsmcN28/M2_M1/layout as STRUCTURE M2_M1_CDNS_7410294172172.
INFO (XSTRM-223): 74. Translating stdVia tsmcN28/M4_M3/layout as STRUCTURE M4_M3_CDNS_7410294172173.
INFO (XSTRM-223): 75. Translating stdVia tsmcN28/M3_M2/layout as STRUCTURE M3_M2_CDNS_7410294172174.
INFO (XSTRM-223): 76. Translating stdVia tsmcN28/M2_M1/layout as STRUCTURE M2_M1_CDNS_7410294172175.
INFO (XSTRM-223): 77. Translating stdVia tsmcN28/M2_M1/layout as STRUCTURE M2_M1_CDNS_7410294172176.
INFO (XSTRM-223): 78. Translating stdVia tsmcN28/M2_M1/layout as STRUCTURE M2_M1_CDNS_7410294172177.
INFO (XSTRM-223): 79. Translating stdVia tsmcN28/M2_M1/layout as STRUCTURE M2_M1_CDNS_7410294172178.
INFO (XSTRM-223): 80. Translating stdVia tsmcN28/M5_M4/layout as STRUCTURE M5_M4_CDNS_7410294172179.
INFO (XSTRM-223): 81. Translating stdVia tsmcN28/M3_M2/layout as STRUCTURE M3_M2_CDNS_7410294172180.
INFO (XSTRM-223): 82. Translating stdVia tsmcN28/M3_M2/layout as STRUCTURE M3_M2_CDNS_7410294172181.
INFO (XSTRM-223): 83. Translating stdVia tsmcN28/M4_M3/layout as STRUCTURE M4_M3_CDNS_7410294172182.
INFO (XSTRM-223): 84. Translating stdVia tsmcN28/M3_M2/layout as STRUCTURE M3_M2_CDNS_7410294172183.
INFO (XSTRM-223): 85. Translating stdVia tsmcN28/M5_M4/layout as STRUCTURE M5_M4_CDNS_7410294172184.
INFO (XSTRM-223): 86. Translating stdVia tsmcN28/M2_M1/layout as STRUCTURE M2_M1_CDNS_7410294172185.
INFO (XSTRM-223): 87. Translating stdVia tsmcN28/M2_M1/layout as STRUCTURE M2_M1_CDNS_7410294172186.
INFO (XSTRM-223): 88. Translating stdVia tsmcN28/M2_M1/layout as STRUCTURE M2_M1_CDNS_7410294172187.
INFO (XSTRM-223): 89. Translating stdVia tsmcN28/M2_M1/layout as STRUCTURE M2_M1_CDNS_7410294172188.
INFO (XSTRM-223): 90. Translating stdVia tsmcN28/M3_M2/layout as STRUCTURE M3_M2_CDNS_7410294172189.
INFO (XSTRM-223): 91. Translating stdVia tsmcN28/M2_M1/layout as STRUCTURE M2_M1_CDNS_7410294172190.
INFO (XSTRM-223): 92. Translating stdVia tsmcN28/M2_M1/layout as STRUCTURE M2_M1_CDNS_7410294172191.
INFO (XSTRM-223): 93. Translating stdVia tsmcN28/M3_M2/layout as STRUCTURE M3_M2_CDNS_7410294172192.
INFO (XSTRM-223): 94. Translating stdVia tsmcN28/M3_M2/layout as STRUCTURE M3_M2_CDNS_7410294172193.
INFO (XSTRM-223): 95. Translating stdVia tsmcN28/M4_M3/layout as STRUCTURE M4_M3_CDNS_7410294172194.
INFO (XSTRM-223): 96. Translating stdVia tsmcN28/M2_M1/layout as STRUCTURE M2_M1_CDNS_7410294172195.
INFO (XSTRM-223): 97. Translating stdVia tsmcN28/M4_M3/layout as STRUCTURE M4_M3_CDNS_7410294172196.
INFO (XSTRM-223): 98. Translating stdVia tsmcN28/M3_M2/layout as STRUCTURE M3_M2_CDNS_7410294172197.
INFO (XSTRM-223): 99. Translating stdVia tsmcN28/M2_M1/layout as STRUCTURE M2_M1_CDNS_7410294172198.
INFO (XSTRM-223): 100. Translating stdVia tsmcN28/M2_M1/layout as STRUCTURE M2_M1_CDNS_7410294172199.
INFO (XSTRM-223): 101. Translating stdVia tsmcN28/M2_M1/layout as STRUCTURE M2_M1_CDNS_74102941721100.
INFO (XSTRM-223): 102. Translating stdVia tsmcN28/M2_M1/layout as STRUCTURE M2_M1_CDNS_74102941721101.
INFO (XSTRM-223): 103. Translating stdVia tsmcN28/M2_M1/layout as STRUCTURE M2_M1_CDNS_74102941721102.
INFO (XSTRM-223): 104. Translating stdVia tsmcN28/M3_M2/layout as STRUCTURE M3_M2_CDNS_74102941721103.
INFO (XSTRM-223): 105. Translating stdVia tsmcN28/M3_M2/layout as STRUCTURE M3_M2_CDNS_74102941721104.
INFO (XSTRM-223): 106. Translating stdVia tsmcN28/M3_M2/layout as STRUCTURE M3_M2_CDNS_74102941721105.
INFO (XSTRM-223): 107. Translating stdVia tsmcN28/M3_M2/layout as STRUCTURE M3_M2_CDNS_74102941721106.
INFO (XSTRM-223): 108. Translating stdVia tsmcN28/M2_M1/layout as STRUCTURE M2_M1_CDNS_74102941721107.
INFO (XSTRM-223): 109. Translating stdVia tsmcN28/M2_M1/layout as STRUCTURE M2_M1_CDNS_74102941721108.
INFO (XSTRM-223): 110. Translating stdVia tsmcN28/M3_M2/layout as STRUCTURE M3_M2_CDNS_74102941721109.
INFO (XSTRM-223): 111. Translating stdVia tsmcN28/M2_M1/layout as STRUCTURE M2_M1_CDNS_74102941721110.
INFO (XSTRM-223): 112. Translating stdVia tsmcN28/M4_M3/layout as STRUCTURE M4_M3_CDNS_74102941721111.
INFO (XSTRM-223): 113. Translating stdVia tsmcN28/M3_M2/layout as STRUCTURE M3_M2_CDNS_74102941721112.
INFO (XSTRM-223): 114. Translating stdVia tsmcN28/M5_M4/layout as STRUCTURE M5_M4_CDNS_74102941721113.
INFO (XSTRM-223): 115. Translating stdVia tsmcN28/M3_M2/layout as STRUCTURE M3_M2_CDNS_74102941721114.
INFO (XSTRM-223): 116. Translating stdVia tsmcN28/M2_M1/layout as STRUCTURE M2_M1_CDNS_74102941721115.
INFO (XSTRM-223): 117. Translating stdVia tsmcN28/M2_M1/layout as STRUCTURE M2_M1_CDNS_74102941721116.
INFO (XSTRM-223): 118. Translating stdVia tsmcN28/M2_M1/layout as STRUCTURE M2_M1_CDNS_74102941721117.
INFO (XSTRM-223): 119. Translating stdVia tsmcN28/M2_M1/layout as STRUCTURE M2_M1_CDNS_74102941721118.
INFO (XSTRM-223): 120. Translating stdVia tsmcN28/M3_M2/layout as STRUCTURE M3_M2_CDNS_74102941721119.
INFO (XSTRM-223): 121. Translating stdVia tsmcN28/M3_M2/layout as STRUCTURE M3_M2_CDNS_74102941721120.
INFO (XSTRM-223): 122. Translating stdVia tsmcN28/M5_M4/layout as STRUCTURE M5_M4_CDNS_74102941721121.
INFO (XSTRM-223): 123. Translating stdVia tsmcN28/M2_M1/layout as STRUCTURE M2_M1_CDNS_74102941721122.
INFO (XSTRM-223): 124. Translating stdVia tsmcN28/M2_M1/layout as STRUCTURE M2_M1_CDNS_74102941721123.
INFO (XSTRM-223): 125. Translating stdVia tsmcN28/M3_M2/layout as STRUCTURE M3_M2_CDNS_74102941721124.
INFO (XSTRM-223): 126. Translating stdVia tsmcN28/M2_M1/layout as STRUCTURE M2_M1_CDNS_74102941721125.
INFO (XSTRM-223): 127. Translating stdVia tsmcN28/M3_M2/layout as STRUCTURE M3_M2_CDNS_74102941721126.
INFO (XSTRM-223): 128. Translating stdVia tsmcN28/M3_M2/layout as STRUCTURE M3_M2_CDNS_74102941721127.
INFO (XSTRM-223): 129. Translating stdVia tsmcN28/M2_M1/layout as STRUCTURE M2_M1_CDNS_74102941721128.
INFO (XSTRM-223): 130. Translating stdVia tsmcN28/M2_M1/layout as STRUCTURE M2_M1_CDNS_74102941721129.
INFO (XSTRM-223): 131. Translating stdVia tsmcN28/M5_M4/layout as STRUCTURE M5_M4_CDNS_74102941721130.
INFO (XSTRM-223): 132. Translating stdVia tsmcN28/M5_M4/layout as STRUCTURE M5_M4_CDNS_74102941721131.
INFO (XSTRM-223): 133. Translating stdVia tsmcN28/M6_M5/layout as STRUCTURE M6_M5_CDNS_74102941721132.
INFO (XSTRM-223): 134. Translating stdVia tsmcN28/M6_M5/layout as STRUCTURE M6_M5_CDNS_74102941721133.
INFO (XSTRM-223): 135. Translating stdVia tsmcN28/M6_M5/layout as STRUCTURE M6_M5_CDNS_74102941721134.
INFO (XSTRM-223): 136. Translating stdVia tsmcN28/M6_M5/layout as STRUCTURE M6_M5_CDNS_74102941721135.
INFO (XSTRM-223): 137. Translating stdVia tsmcN28/M6_M5/layout as STRUCTURE M6_M5_CDNS_74102941721136.
INFO (XSTRM-223): 138. Translating stdVia tsmcN28/M3_M2/layout as STRUCTURE M3_M2_CDNS_74102941721137.
INFO (XSTRM-223): 139. Translating stdVia tsmcN28/M3_M2/layout as STRUCTURE M3_M2_CDNS_74102941721138.
INFO (XSTRM-223): 140. Translating stdVia tsmcN28/M4_M3/layout as STRUCTURE M4_M3_CDNS_74102941721139.
INFO (XSTRM-223): 141. Translating stdVia tsmcN28/M4_M3/layout as STRUCTURE M4_M3_CDNS_74102941721140.
INFO (XSTRM-223): 142. Translating stdVia tsmcN28/M4_M3/layout as STRUCTURE M4_M3_CDNS_74102941721141.
INFO (XSTRM-223): 143. Translating stdVia tsmcN28/M2_M1/layout as STRUCTURE M2_M1_CDNS_74102941721142.
INFO (XSTRM-223): 144. Translating stdVia tsmcN28/M2_M1/layout as STRUCTURE M2_M1_CDNS_74102941721143.
INFO (XSTRM-223): 145. Translating stdVia tsmcN28/M3_M2/layout as STRUCTURE M3_M2_CDNS_74102941721144.
INFO (XSTRM-223): 146. Translating stdVia tsmcN28/M2_M1/layout as STRUCTURE M2_M1_CDNS_74102941721145.
INFO (XSTRM-223): 147. Translating stdVia tsmcN28/M4_M3/layout as STRUCTURE M4_M3_CDNS_74102941721146.
INFO (XSTRM-223): 148. Translating stdVia tsmcN28/M2_M1/layout as STRUCTURE M2_M1_CDNS_74102941721147.
INFO (XSTRM-223): 149. Translating stdVia tsmcN28/M2_M1/layout as STRUCTURE M2_M1_CDNS_74102941721148.
INFO (XSTRM-223): 150. Translating stdVia tsmcN28/M3_M2/layout as STRUCTURE M3_M2_CDNS_74102941721149.
INFO (XSTRM-223): 151. Translating stdVia tsmcN28/M3_M2/layout as STRUCTURE M3_M2_CDNS_74102941721150.
INFO (XSTRM-223): 152. Translating stdVia tsmcN28/M2_M1/layout as STRUCTURE M2_M1_CDNS_74102941721151.
INFO (XSTRM-223): 153. Translating stdVia tsmcN28/M5_M4/layout as STRUCTURE M5_M4_CDNS_74102941721152.
INFO (XSTRM-223): 154. Translating stdVia tsmcN28/M6_M5/layout as STRUCTURE M6_M5_CDNS_74102941721153.
INFO (XSTRM-223): 155. Translating stdVia tsmcN28/M2_M1/layout as STRUCTURE M2_M1_CDNS_74102941721154.
INFO (XSTRM-223): 156. Translating stdVia tsmcN28/M3_M2/layout as STRUCTURE M3_M2_CDNS_74102941721155.
INFO (XSTRM-223): 157. Translating stdVia tsmcN28/M3_M2/layout as STRUCTURE M3_M2_CDNS_74102941721156.
INFO (XSTRM-223): 158. Translating stdVia tsmcN28/M3_M2/layout as STRUCTURE M3_M2_CDNS_74102941721157.
INFO (XSTRM-223): 159. Translating stdVia tsmcN28/M3_M2/layout as STRUCTURE M3_M2_CDNS_74102941721158.
INFO (XSTRM-223): 160. Translating stdVia tsmcN28/M2_M1/layout as STRUCTURE M2_M1_CDNS_74102941721159.
INFO (XSTRM-223): 161. Translating stdVia tsmcN28/M3_M2/layout as STRUCTURE M3_M2_CDNS_74102941721160.
INFO (XSTRM-223): 162. Translating stdVia tsmcN28/M2_M1/layout as STRUCTURE M2_M1_CDNS_74102941721161.
INFO (XSTRM-223): 163. Translating stdVia tsmcN28/M2_M1/layout as STRUCTURE M2_M1_CDNS_74102941721162.
INFO (XSTRM-223): 164. Translating stdVia tsmcN28/M6_M5/layout as STRUCTURE M6_M5_CDNS_74102941721163.
INFO (XSTRM-223): 165. Translating stdVia tsmcN28/M3_M2/layout as STRUCTURE M3_M2_CDNS_74102941721164.
INFO (XSTRM-223): 166. Translating stdVia tsmcN28/M3_M2/layout as STRUCTURE M3_M2_CDNS_74102941721165.
INFO (XSTRM-223): 167. Translating stdVia tsmcN28/M3_M2/layout as STRUCTURE M3_M2_CDNS_74102941721166.
INFO (XSTRM-223): 168. Translating stdVia tsmcN28/M2_M1/layout as STRUCTURE M2_M1_CDNS_74102941721167.
INFO (XSTRM-223): 169. Translating stdVia tsmcN28/M3_M2/layout as STRUCTURE M3_M2_CDNS_74102941721168.
INFO (XSTRM-223): 170. Translating stdVia tsmcN28/M5_M4/layout as STRUCTURE M5_M4_CDNS_74102941721169.
INFO (XSTRM-223): 171. Translating stdVia tsmcN28/M6_M5/layout as STRUCTURE M6_M5_CDNS_74102941721170.
INFO (XSTRM-223): 172. Translating stdVia tsmcN28/M2_M1/layout as STRUCTURE M2_M1_CDNS_74102941721171.
INFO (XSTRM-223): 173. Translating stdVia tsmcN28/M3_M2/layout as STRUCTURE M3_M2_CDNS_74102941721172.
INFO (XSTRM-223): 174. Translating stdVia tsmcN28/M2_M1/layout as STRUCTURE M2_M1_CDNS_74102941721173.
INFO (XSTRM-223): 175. Translating stdVia tsmcN28/M3_M2/layout as STRUCTURE M3_M2_CDNS_74102941721174.
INFO (XSTRM-223): 176. Translating stdVia tsmcN28/M2_M1/layout as STRUCTURE M2_M1_CDNS_74102941721175.
INFO (XSTRM-223): 177. Translating stdVia tsmcN28/M2_M1/layout as STRUCTURE M2_M1_CDNS_74102941721176.
INFO (XSTRM-223): 178. Translating stdVia tsmcN28/M2_M1/layout as STRUCTURE M2_M1_CDNS_74102941721177.
INFO (XSTRM-223): 179. Translating stdVia tsmcN28/M2_M1/layout as STRUCTURE M2_M1_CDNS_74102941721178.
INFO (XSTRM-223): 180. Translating stdVia tsmcN28/M4_M3/layout as STRUCTURE M4_M3_CDNS_74102941721179.
INFO (XSTRM-223): 181. Translating stdVia tsmcN28/M3_M2/layout as STRUCTURE M3_M2_CDNS_74102941721180.
INFO (XSTRM-223): 182. Translating stdVia tsmcN28/M4_M3/layout as STRUCTURE M4_M3_CDNS_74102941721181.
INFO (XSTRM-223): 183. Translating stdVia tsmcN28/M4_M3/layout as STRUCTURE M4_M3_CDNS_74102941721182.
INFO (XSTRM-223): 184. Translating stdVia tsmcN28/M3_M2/layout as STRUCTURE M3_M2_CDNS_74102941721183.
INFO (XSTRM-223): 185. Translating stdVia tsmcN28/M2_M1/layout as STRUCTURE M2_M1_CDNS_74102941721184.
INFO (XSTRM-223): 186. Translating stdVia tsmcN28/M3_M2/layout as STRUCTURE M3_M2_CDNS_74102941721185.
INFO (XSTRM-223): 187. Translating stdVia tsmcN28/M3_M2/layout as STRUCTURE M3_M2_CDNS_74102941721186.
INFO (XSTRM-223): 188. Translating stdVia tsmcN28/M2_M1/layout as STRUCTURE M2_M1_CDNS_74102941721187.
INFO (XSTRM-223): 189. Translating stdVia tsmcN28/M2_M1/layout as STRUCTURE M2_M1_CDNS_74102941721188.
INFO (XSTRM-223): 190. Translating stdVia tsmcN28/M2_M1/layout as STRUCTURE M2_M1_CDNS_74102941721189.
INFO (XSTRM-223): 191. Translating stdVia tsmcN28/M2_M1/layout as STRUCTURE M2_M1_CDNS_74102941721190.
INFO (XSTRM-223): 192. Translating stdVia tsmcN28/M2_M1/layout as STRUCTURE M2_M1_CDNS_74102941721191.
INFO (XSTRM-223): 193. Translating stdVia tsmcN28/M4_M3/layout as STRUCTURE M4_M3_CDNS_74102941721192.
INFO (XSTRM-223): 194. Translating stdVia tsmcN28/M2_M1/layout as STRUCTURE M2_M1_CDNS_74102941721193.
INFO (XSTRM-223): 195. Translating stdVia tsmcN28/M2_M1/layout as STRUCTURE M2_M1_CDNS_74102941721194.
INFO (XSTRM-223): 196. Translating stdVia tsmcN28/M2_M1/layout as STRUCTURE M2_M1_CDNS_74102941721195.
INFO (XSTRM-223): 197. Translating stdVia tsmcN28/M5_M4/layout as STRUCTURE M5_M4_CDNS_74102941721196.
INFO (XSTRM-223): 198. Translating stdVia tsmcN28/M3_M2/layout as STRUCTURE M3_M2_CDNS_74102941721197.
INFO (XSTRM-223): 199. Translating stdVia tsmcN28/M2_M1/layout as STRUCTURE M2_M1_CDNS_74102941721198.
INFO (XSTRM-223): 200. Translating stdVia tsmcN28/M2_M1/layout as STRUCTURE M2_M1_CDNS_74102941721199.
INFO (XSTRM-223): 201. Translating stdVia tsmcN28/M2_M1/layout as STRUCTURE M2_M1_CDNS_74102941721200.
INFO (XSTRM-223): 202. Translating stdVia tsmcN28/M2_M1/layout as STRUCTURE M2_M1_CDNS_74102941721201.
INFO (XSTRM-223): 203. Translating cellView sc9mcpp140z_cln28ht_base_lvt_c30/BtwY_Uo0_IalWyRrOfF_W6T/layout as STRUCTURE BtwY_Uo0_IalWyRrOfF_W6T.
INFO (XSTRM-223): 204. Translating cellView sc9mcpp140z_cln28ht_base_lvt_c30/BUFH_X1M_A9PP140ZTL_C30/layout as STRUCTURE BUFH_X1M_A9PP140ZTL_C30.
INFO (XSTRM-223): 205. Translating cellView sc9mcpp140z_cln28ht_base_lvt_c30/Btw_sSkg7_hAWn6qw8ur_nO9/layout as STRUCTURE Btw_sSkg7_hAWn6qw8ur_nO9.
INFO (XSTRM-223): 206. Translating cellView sc9mcpp140z_cln28ht_base_lvt_c30/BUF_X0P5B_A9PP140ZTL_C30/layout as STRUCTURE BUF_X0P5B_A9PP140ZTL_C30.
INFO (XSTRM-223): 207. Translating cellView sc9mcpp140z_cln28ht_base_lvt_c30/DPjn_U3jYY_eRniObBEmw_i8G/layout as STRUCTURE DPjn_U3jYY_eRniObBEmw_i8G.
INFO (XSTRM-223): 208. Translating cellView sc9mcpp140z_cln28ht_base_lvt_c30/DLY2_X0P5M_A9PP140ZTL_C30/layout as STRUCTURE DLY2_X0P5M_A9PP140ZTL_C30.
INFO (XSTRM-223): 209. Translating cellView sc9mcpp140z_cln28ht_base_lvt_c30/Btw_sSkgg_hAWn6qw8ur_nO9/layout as STRUCTURE Btw_sSkgg_hAWn6qw8ur_nO9.
INFO (XSTRM-223): 210. Translating cellView sc9mcpp140z_cln28ht_base_lvt_c30/BUF_X0P5M_A9PP140ZTL_C30/layout as STRUCTURE BUF_X0P5M_A9PP140ZTL_C30.
INFO (XSTRM-223): 211. Translating cellView sc9mcpp140z_cln28ht_base_lvt_c30/Btw_sKH_Jv2l7AF6x1_ly4/layout as STRUCTURE Btw_sKH_Jv2l7AF6x1_ly4.
INFO (XSTRM-223): 212. Translating cellView sc9mcpp140z_cln28ht_base_lvt_c30/BUF_X1M_A9PP140ZTL_C30/layout as STRUCTURE BUF_X1M_A9PP140ZTL_C30.
INFO (XSTRM-223): 213. Translating cellView sc9mcpp140z_cln28ht_base_lvt_c30/Btw_sSkv7_hAWn6qw8ur_nO9/layout as STRUCTURE Btw_sSkv7_hAWn6qw8ur_nO9.
INFO (XSTRM-223): 214. Translating cellView sc9mcpp140z_cln28ht_base_lvt_c30/BUF_X0P7B_A9PP140ZTL_C30/layout as STRUCTURE BUF_X0P7B_A9PP140ZTL_C30.
INFO (XSTRM-223): 215. Translating cellView sc9mcpp140z_cln28ht_base_lvt_c30/Btw_sSkqg_hAWn6qw8ur_nO9/layout as STRUCTURE Btw_sSkqg_hAWn6qw8ur_nO9.
INFO (XSTRM-223): 216. Translating cellView sc9mcpp140z_cln28ht_base_lvt_c30/BUF_X0P8M_A9PP140ZTL_C30/layout as STRUCTURE BUF_X0P8M_A9PP140ZTL_C30.
INFO (XSTRM-223): 217. Translating cellView sc9mcpp140z_cln28ht_base_lvt_c30/Btw_sSkq7_hAWn6qw8ur_nO9/layout as STRUCTURE Btw_sSkq7_hAWn6qw8ur_nO9.
INFO (XSTRM-223): 218. Translating cellView sc9mcpp140z_cln28ht_base_lvt_c30/BUF_X0P8B_A9PP140ZTL_C30/layout as STRUCTURE BUF_X0P8B_A9PP140ZTL_C30.
INFO (XSTRM-223): 219. Translating cellView sc9mcpp140z_cln28ht_base_lvt_c30/Btw_sK9_Jv2l7AF6x1_ly4/layout as STRUCTURE Btw_sK9_Jv2l7AF6x1_ly4.
INFO (XSTRM-223): 220. Translating cellView sc9mcpp140z_cln28ht_base_lvt_c30/BUF_X1B_A9PP140ZTL_C30/layout as STRUCTURE BUF_X1B_A9PP140ZTL_C30.
INFO (XSTRM-223): 221. Translating cellView sc9mcpp140z_cln28ht_base_lvt_c30/DPjG_U60_IalWyRrOfF_W6T/layout as STRUCTURE DPjG_U60_IalWyRrOfF_W6T.
INFO (XSTRM-223): 222. Translating cellView sc9mcpp140z_cln28ht_base_lvt_c30/DLY4_X4M_A9PP140ZTL_C30/layout as STRUCTURE DLY4_X4M_A9PP140ZTL_C30.
INFO (XSTRM-223): 223. Translating cellView sc9mcpp140z_cln28ht_base_lvt_c30/DPjn_Uo0_IalWyRrOfF_W6T/layout as STRUCTURE DPjn_Uo0_IalWyRrOfF_W6T.
INFO (XSTRM-223): 224. Translating cellView sc9mcpp140z_cln28ht_base_lvt_c30/DLY2_X1M_A9PP140ZTL_C30/layout as STRUCTURE DLY2_X1M_A9PP140ZTL_C30.
INFO (XSTRM-223): 225. Translating cellView sc9mcpp140z_cln28ht_base_lvt_c30/Btw_sZ9_Jv2l7AF6x1_ly4/layout as STRUCTURE Btw_sZ9_Jv2l7AF6x1_ly4.
INFO (XSTRM-223): 226. Translating cellView sc9mcpp140z_cln28ht_base_lvt_c30/BUF_X2B_A9PP140ZTL_C30/layout as STRUCTURE BUF_X2B_A9PP140ZTL_C30.
INFO (XSTRM-223): 227. Translating cellView sc9mcpp140z_cln28ht_base_lvt_c30/DPjG_U3jYY_eRniObBEmw_i8G/layout as STRUCTURE DPjG_U3jYY_eRniObBEmw_i8G.
INFO (XSTRM-223): 228. Translating cellView sc9mcpp140z_cln28ht_base_lvt_c30/DLY4_X0P5M_A9PP140ZTL_C30/layout as STRUCTURE DLY4_X0P5M_A9PP140ZTL_C30.
INFO (XSTRM-223): 229. Translating cellView sc9mcpp140z_cln28ht_base_lvt_c30/BtwY_U10_IalWyRrOfF_W6T/layout as STRUCTURE BtwY_U10_IalWyRrOfF_W6T.
INFO (XSTRM-223): 230. Translating cellView sc9mcpp140z_cln28ht_base_lvt_c30/BUFH_X2M_A9PP140ZTL_C30/layout as STRUCTURE BUFH_X2M_A9PP140ZTL_C30.
INFO (XSTRM-223): 231. Translating cellView sc9mcpp140z_cln28ht_base_lvt_c30/Btw_sKkF7_hAWn6qw8ur_nO9/layout as STRUCTURE Btw_sKkF7_hAWn6qw8ur_nO9.
INFO (XSTRM-223): 232. Translating cellView sc9mcpp140z_cln28ht_base_lvt_c30/BUF_X1P2B_A9PP140ZTL_C30/layout as STRUCTURE BUF_X1P2B_A9PP140ZTL_C30.
INFO (XSTRM-223): 233. Translating cellView sc9mcpp140z_cln28ht_base_lvt_c30/DPjG_U10_IalWyRrOfF_W6T/layout as STRUCTURE DPjG_U10_IalWyRrOfF_W6T.
INFO (XSTRM-223): 234. Translating cellView sc9mcpp140z_cln28ht_base_lvt_c30/DLY4_X2M_A9PP140ZTL_C30/layout as STRUCTURE DLY4_X2M_A9PP140ZTL_C30.
INFO (XSTRM-223): 235. Translating cellView sc9mcpp140z_cln28ht_base_lvt_c30/Btw_syH_Jv2l7AF6x1_ly4/layout as STRUCTURE Btw_syH_Jv2l7AF6x1_ly4.
INFO (XSTRM-223): 236. Translating cellView sc9mcpp140z_cln28ht_base_lvt_c30/BUF_X4M_A9PP140ZTL_C30/layout as STRUCTURE BUF_X4M_A9PP140ZTL_C30.
INFO (XSTRM-223): 237. Translating cellView sc9mcpp140z_cln28ht_base_lvt_c30/BtwY_Ua0_IalWyRrOfF_W6T/layout as STRUCTURE BtwY_Ua0_IalWyRrOfF_W6T.
INFO (XSTRM-223): 238. Translating cellView sc9mcpp140z_cln28ht_base_lvt_c30/BUFH_X6M_A9PP140ZTL_C30/layout as STRUCTURE BUFH_X6M_A9PP140ZTL_C30.
INFO (XSTRM-223): 239. Translating cellView sc9mcpp140z_cln28ht_base_lvt_c30/BtwY_UZ0_IalWyRrOfF_W6T/layout as STRUCTURE BtwY_UZ0_IalWyRrOfF_W6T.
INFO (XSTRM-223): 240. Translating cellView sc9mcpp140z_cln28ht_base_lvt_c30/BUFH_X3M_A9PP140ZTL_C30/layout as STRUCTURE BUFH_X3M_A9PP140ZTL_C30.
INFO (XSTRM-223): 241. Translating cellView sc9mcpp140z_cln28ht_base_lvt_c30/Btw_sKoG_IalWyRrOfF_W6T/layout as STRUCTURE Btw_sKoG_IalWyRrOfF_W6T.
INFO (XSTRM-223): 242. Translating cellView sc9mcpp140z_cln28ht_base_lvt_c30/BUF_X11B_A9PP140ZTL_C30/layout as STRUCTURE BUF_X11B_A9PP140ZTL_C30.
INFO (XSTRM-223): 243. Translating cellView sc9mcpp140z_cln28ht_base_lvt_c30/BtwY_Uoj8Y_eRniObBEmw_i8G/layout as STRUCTURE BtwY_Uoj8Y_eRniObBEmw_i8G.
INFO (XSTRM-223): 244. Translating cellView sc9mcpp140z_cln28ht_base_lvt_c30/BUFH_X1P4M_A9PP140ZTL_C30/layout as STRUCTURE BUFH_X1P4M_A9PP140ZTL_C30.
INFO (XSTRM-223): 245. Translating cellView sc9mcpp140z_cln28ht_base_lvt_c30/DPjt09RZb_LG8_Xx1FDuzaho_Fv6/layout as STRUCTURE DPjt09RZb_LG8_Xx1FDuzaho_Fv6.
INFO (XSTRM-223): 246. Translating cellView sc9mcpp140z_cln28ht_base_lvt_c30/DLYCLK8S8_X1B_A9PP140ZTL_C30/layout as STRUCTURE DLYCLK8S8_X1B_A9PP140ZTL_C30.
INFO (XSTRM-223): 247. Translating cellView sc9mcpp140z_cln28ht_base_lvt_c30/BtwY_UojaY_eRniObBEmw_i8G/layout as STRUCTURE BtwY_UojaY_eRniObBEmw_i8G.
INFO (XSTRM-223): 248. Translating cellView sc9mcpp140z_cln28ht_base_lvt_c30/BUFH_X1P7M_A9PP140ZTL_C30/layout as STRUCTURE BUFH_X1P7M_A9PP140ZTL_C30.
INFO (XSTRM-223): 249. Translating cellView sc9mcpp140z_cln28ht_base_lvt_c30/Btw_sZH_Jv2l7AF6x1_ly4/layout as STRUCTURE Btw_sZH_Jv2l7AF6x1_ly4.
INFO (XSTRM-223): 250. Translating cellView sc9mcpp140z_cln28ht_base_lvt_c30/BUF_X2M_A9PP140ZTL_C30/layout as STRUCTURE BUF_X2M_A9PP140ZTL_C30.
INFO (XSTRM-223): 251. Translating cellView sc9mcpp140z_cln28ht_base_lvt_c30/Btw_sKkvg_hAWn6qw8ur_nO9/layout as STRUCTURE Btw_sKkvg_hAWn6qw8ur_nO9.
INFO (XSTRM-223): 252. Translating cellView sc9mcpp140z_cln28ht_base_lvt_c30/BUF_X1P7M_A9PP140ZTL_C30/layout as STRUCTURE BUF_X1P7M_A9PP140ZTL_C30.
INFO (XSTRM-223): 253. Translating cellView sc9mcpp140z_cln28ht_base_lvt_c30/Btw_sKkv7_hAWn6qw8ur_nO9/layout as STRUCTURE Btw_sKkv7_hAWn6qw8ur_nO9.
INFO (XSTRM-223): 254. Translating cellView sc9mcpp140z_cln28ht_base_lvt_c30/BUF_X1P7B_A9PP140ZTL_C30/layout as STRUCTURE BUF_X1P7B_A9PP140ZTL_C30.
INFO (XSTRM-223): 255. Translating cellView sc9mcpp140z_cln28ht_base_lvt_c30/DPjn_U60_IalWyRrOfF_W6T/layout as STRUCTURE DPjn_U60_IalWyRrOfF_W6T.
INFO (XSTRM-223): 256. Translating cellView sc9mcpp140z_cln28ht_base_lvt_c30/DLY2_X4M_A9PP140ZTL_C30/layout as STRUCTURE DLY2_X4M_A9PP140ZTL_C30.
INFO (XSTRM-223): 257. Translating cellView sc9mcpp140z_cln28ht_base_lvt_c30/DPjn_U10_IalWyRrOfF_W6T/layout as STRUCTURE DPjn_U10_IalWyRrOfF_W6T.
INFO (XSTRM-223): 258. Translating cellView sc9mcpp140z_cln28ht_base_lvt_c30/DLY2_X2M_A9PP140ZTL_C30/layout as STRUCTURE DLY2_X2M_A9PP140ZTL_C30.
INFO (XSTRM-223): 259. Translating cellView sc9mcpp140z_cln28ht_base_lvt_c30/DPjE_U3jYY_eRniObBEmw_i8G/layout as STRUCTURE DPjE_U3jYY_eRniObBEmw_i8G.
INFO (XSTRM-223): 260. Translating cellView sc9mcpp140z_cln28ht_base_lvt_c30/DLY6_X0P5M_A9PP140ZTL_C30/layout as STRUCTURE DLY6_X0P5M_A9PP140ZTL_C30.
INFO (XSTRM-223): 261. Translating cellView sc9mcpp140z_cln28ht_base_lvt_c30/BtwY_U00_IalWyRrOfF_W6T/layout as STRUCTURE BtwY_U00_IalWyRrOfF_W6T.
INFO (XSTRM-223): 262. Translating cellView sc9mcpp140z_cln28ht_base_lvt_c30/BUFH_X5M_A9PP140ZTL_C30/layout as STRUCTURE BUFH_X5M_A9PP140ZTL_C30.
INFO (XSTRM-223): 263. Translating cellView sc9mcpp140z_cln28ht_base_lvt_c30/Btw_svH_Jv2l7AF6x1_ly4/layout as STRUCTURE Btw_svH_Jv2l7AF6x1_ly4.
INFO (XSTRM-223): 264. Translating cellView sc9mcpp140z_cln28ht_base_lvt_c30/BUF_X6M_A9PP140ZTL_C30/layout as STRUCTURE BUF_X6M_A9PP140ZTL_C30.
INFO (XSTRM-223): 265. Translating cellView sc9mcpp140z_cln28ht_base_lvt_c30/Btw_sZkgg_hAWn6qw8ur_nO9/layout as STRUCTURE Btw_sZkgg_hAWn6qw8ur_nO9.
INFO (XSTRM-223): 266. Translating cellView sc9mcpp140z_cln28ht_base_lvt_c30/BUF_X2P5M_A9PP140ZTL_C30/layout as STRUCTURE BUF_X2P5M_A9PP140ZTL_C30.
INFO (XSTRM-223): 267. Translating cellView sc9mcpp140z_cln28ht_base_lvt_c30/BtwY_U1jYY_eRniObBEmw_i8G/layout as STRUCTURE BtwY_U1jYY_eRniObBEmw_i8G.
INFO (XSTRM-223): 268. Translating cellView sc9mcpp140z_cln28ht_base_lvt_c30/BUFH_X2P5M_A9PP140ZTL_C30/layout as STRUCTURE BUFH_X2P5M_A9PP140ZTL_C30.
INFO (XSTRM-223): 269. Translating cellView sc9mcpp140z_cln28ht_base_lvt_c30/Btw_sH9_Jv2l7AF6x1_ly4/layout as STRUCTURE Btw_sH9_Jv2l7AF6x1_ly4.
INFO (XSTRM-223): 270. Translating cellView sc9mcpp140z_cln28ht_base_lvt_c30/BUF_X5B_A9PP140ZTL_C30/layout as STRUCTURE BUF_X5B_A9PP140ZTL_C30.
INFO (XSTRM-223): 271. Translating cellView sc9mcpp140z_cln28ht_base_lvt_c30/Btw_sKZG_IalWyRrOfF_W6T/layout as STRUCTURE Btw_sKZG_IalWyRrOfF_W6T.
INFO (XSTRM-223): 272. Translating cellView sc9mcpp140z_cln28ht_base_lvt_c30/BUF_X13B_A9PP140ZTL_C30/layout as STRUCTURE BUF_X13B_A9PP140ZTL_C30.
INFO (XSTRM-223): 273. Translating cellView sc9mcpp140z_cln28ht_base_lvt_c30/BtwY_UZjYY_eRniObBEmw_i8G/layout as STRUCTURE BtwY_UZjYY_eRniObBEmw_i8G.
INFO (XSTRM-223): 274. Translating cellView sc9mcpp140z_cln28ht_base_lvt_c30/BUFH_X3P5M_A9PP140ZTL_C30/layout as STRUCTURE BUFH_X3P5M_A9PP140ZTL_C30.
INFO (XSTRM-223): 275. Translating cellView sc9mcpp140z_cln28ht_base_lvt_c30/BtwY_Uo1g_hAWn6qw8ur_nO9/layout as STRUCTURE BtwY_Uo1g_hAWn6qw8ur_nO9.
INFO (XSTRM-223): 276. Translating cellView sc9mcpp140z_cln28ht_base_lvt_c30/BUFH_X13M_A9PP140ZTL_C30/layout as STRUCTURE BUFH_X13M_A9PP140ZTL_C30.
INFO (XSTRM-223): 277. Translating cellView sc9mcpp140z_cln28ht_base_lvt_c30/Btw_sKo0_IalWyRrOfF_W6T/layout as STRUCTURE Btw_sKo0_IalWyRrOfF_W6T.
INFO (XSTRM-223): 278. Translating cellView sc9mcpp140z_cln28ht_base_lvt_c30/BUF_X11M_A9PP140ZTL_C30/layout as STRUCTURE BUF_X11M_A9PP140ZTL_C30.
INFO (XSTRM-223): 279. Translating cellView sc9mcpp140z_cln28ht_base_lvt_c30/Btw_sv9_Jv2l7AF6x1_ly4_WXFcGM/layout as STRUCTURE Btw_sv9_Jv2l7AF6x1_ly4_WXFcGM.
INFO (XSTRM-223): 280. Translating cellView sc9mcpp140z_cln28ht_base_lvt_c30/BUF_X6B_A9PP140ZTL_C30_XGCAP6/layout as STRUCTURE BUF_X6B_A9PP140ZTL_C30_XGCAP6.
INFO (XSTRM-223): 281. Translating cellView sc9mcpp140z_cln28ht_base_lvt_c30/DPjt09RZR_LG8_Xx1FDuzaho_Fv6/layout as STRUCTURE DPjt09RZR_LG8_Xx1FDuzaho_Fv6.
INFO (XSTRM-223): 282. Translating cellView sc9mcpp140z_cln28ht_base_lvt_c30/DLYCLK8S6_X1B_A9PP140ZTL_C30/layout as STRUCTURE DLYCLK8S6_X1B_A9PP140ZTL_C30.
INFO (XSTRM-223): 283. Translating cellView sc9mcpp140z_cln28ht_base_lvt_c30/Btw_sSkvg_hAWn6qw8ur_nO9/layout as STRUCTURE Btw_sSkvg_hAWn6qw8ur_nO9.
INFO (XSTRM-223): 284. Translating cellView sc9mcpp140z_cln28ht_base_lvt_c30/BUF_X0P7M_A9PP140ZTL_C30/layout as STRUCTURE BUF_X0P7M_A9PP140ZTL_C30.
INFO (XSTRM-223): 285. Translating cellView sc9mcpp140z_cln28ht_base_lvt_c30/DPjG_Uo0_IalWyRrOfF_W6T/layout as STRUCTURE DPjG_Uo0_IalWyRrOfF_W6T.
INFO (XSTRM-223): 286. Translating cellView sc9mcpp140z_cln28ht_base_lvt_c30/DLY4_X1M_A9PP140ZTL_C30/layout as STRUCTURE DLY4_X1M_A9PP140ZTL_C30.
INFO (XSTRM-223): 287. Translating cellView sc9mcpp140z_cln28ht_base_lvt_c30/DPjv_U3jYY_eRniObBEmw_i8G/layout as STRUCTURE DPjv_U3jYY_eRniObBEmw_i8G.
INFO (XSTRM-223): 288. Translating cellView sc9mcpp140z_cln28ht_base_lvt_c30/DLY8_X0P5M_A9PP140ZTL_C30/layout as STRUCTURE DLY8_X0P5M_A9PP140ZTL_C30.
INFO (XSTRM-223): 289. Translating cellView sc9mcpp140z_cln28ht_base_lvt_c30/DPjE_U60_IalWyRrOfF_W6T/layout as STRUCTURE DPjE_U60_IalWyRrOfF_W6T.
INFO (XSTRM-223): 290. Translating cellView sc9mcpp140z_cln28ht_base_lvt_c30/DLY6_X4M_A9PP140ZTL_C30/layout as STRUCTURE DLY6_X4M_A9PP140ZTL_C30.
INFO (XSTRM-223): 291. Translating cellView sc9mcpp140z_cln28ht_base_lvt_c30/BtwY_UDjYY_eRniObBEmw_i8G/layout as STRUCTURE BtwY_UDjYY_eRniObBEmw_i8G.
INFO (XSTRM-223): 292. Translating cellView sc9mcpp140z_cln28ht_base_lvt_c30/BUFH_X7P5M_A9PP140ZTL_C30/layout as STRUCTURE BUFH_X7P5M_A9PP140ZTL_C30.
INFO (XSTRM-223): 293. Translating cellView sc9mcpp140z_cln28ht_base_lvt_c30/BtwY_UoAg_hAWn6qw8ur_nO9/layout as STRUCTURE BtwY_UoAg_hAWn6qw8ur_nO9.
INFO (XSTRM-223): 294. Translating cellView sc9mcpp140z_cln28ht_base_lvt_c30/BUFH_X16M_A9PP140ZTL_C30/layout as STRUCTURE BUFH_X16M_A9PP140ZTL_C30.
INFO (XSTRM-223): 295. Translating cellView sc9mcpp140z_cln28ht_base_lvt_c30/BtwY_U80_IalWyRrOfF_W6T/layout as STRUCTURE BtwY_U80_IalWyRrOfF_W6T.
INFO (XSTRM-223): 296. Translating cellView sc9mcpp140z_cln28ht_base_lvt_c30/BUFH_X9M_A9PP140ZTL_C30/layout as STRUCTURE BUFH_X9M_A9PP140ZTL_C30.
INFO (XSTRM-223): 297. Translating cellView sc9mcpp140z_cln28ht_base_lvt_c30/Btw_siH_Jv2l7AF6x1_ly4/layout as STRUCTURE Btw_siH_Jv2l7AF6x1_ly4.
INFO (XSTRM-223): 298. Translating cellView sc9mcpp140z_cln28ht_base_lvt_c30/BUF_X3M_A9PP140ZTL_C30/layout as STRUCTURE BUF_X3M_A9PP140ZTL_C30.
INFO (XSTRM-223): 299. Translating cellView sc9mcpp140z_cln28ht_base_lvt_c30/BtwY_U60_IalWyRrOfF_W6T/layout as STRUCTURE BtwY_U60_IalWyRrOfF_W6T.
INFO (XSTRM-223): 300. Translating cellView sc9mcpp140z_cln28ht_base_lvt_c30/BUFH_X4M_A9PP140ZTL_C30/layout as STRUCTURE BUFH_X4M_A9PP140ZTL_C30.
INFO (XSTRM-223): 301. Translating cellView sc9mcpp140z_cln28ht_base_lvt_c30/ILX_sEkg7_hAWn6qw8ur_nO9/layout as STRUCTURE ILX_sEkg7_hAWn6qw8ur_nO9.
INFO (XSTRM-223): 302. Translating cellView sc9mcpp140z_cln28ht_base_lvt_c30/INV_X7P5B_A9PP140ZTL_C30/layout as STRUCTURE INV_X7P5B_A9PP140ZTL_C30.
INFO (XSTRM-223): 303. Translating cellView sc9mcpp140z_cln28ht_base_lvt_c30/ILX_sy9_Jv2l7AF6x1_ly4/layout as STRUCTURE ILX_sy9_Jv2l7AF6x1_ly4.
INFO (XSTRM-223): 304. Translating cellView sc9mcpp140z_cln28ht_base_lvt_c30/INV_X4B_A9PP140ZTL_C30/layout as STRUCTURE INV_X4B_A9PP140ZTL_C30.
INFO (XSTRM-223): 305. Translating cellView sc9mcpp140z_cln28ht_base_lvt_c30/ILX_sKa0_IalWyRrOfF_W6T/layout as STRUCTURE ILX_sKa0_IalWyRrOfF_W6T.
INFO (XSTRM-223): 306. Translating cellView sc9mcpp140z_cln28ht_base_lvt_c30/INV_X16M_A9PP140ZTL_C30/layout as STRUCTURE INV_X16M_A9PP140ZTL_C30.
INFO (XSTRM-223): 307. Translating cellView sc9mcpp140z_cln28ht_base_lvt_c30/NRPAi_tz7_hAWn6qw8ur_nO9/layout as STRUCTURE NRPAi_tz7_hAWn6qw8ur_nO9.
INFO (XSTRM-223): 308. Translating cellView sc9mcpp140z_cln28ht_base_lvt_c30/NAND2_X1B_A9PP140ZTL_C30/layout as STRUCTURE NAND2_X1B_A9PP140ZTL_C30.
INFO (XSTRM-223): 309. Translating cellView sc9mcpp140z_cln28ht_base_lvt_c30/ILX_sKH_Jv2l7AF6x1_ly4/layout as STRUCTURE ILX_sKH_Jv2l7AF6x1_ly4.
INFO (XSTRM-223): 310. Translating cellView sc9mcpp140z_cln28ht_base_lvt_c30/INV_X1M_A9PP140ZTL_C30/layout as STRUCTURE INV_X1M_A9PP140ZTL_C30.
INFO (XSTRM-223): 311. Translating cellView sc9mcpp140z_cln28ht_base_lvt_c30/ORenB_tzg_hAWn6qw8ur_nO9/layout as STRUCTURE ORenB_tzg_hAWn6qw8ur_nO9.
INFO (XSTRM-223): 312. Translating cellView sc9mcpp140z_cln28ht_base_lvt_c30/OAI21_X1M_A9PP140ZTL_C30/layout as STRUCTURE OAI21_X1M_A9PP140ZTL_C30.
INFO (XSTRM-223): 313. Translating cellView sc9mcpp140z_cln28ht_base_lvt_c30/Mpe7i_tzg_hAWn6qw8ur_nO9/layout as STRUCTURE Mpe7i_tzg_hAWn6qw8ur_nO9.
INFO (XSTRM-223): 314. Translating cellView sc9mcpp140z_cln28ht_base_lvt_c30/MXIT2_X1M_A9PP140ZTL_C30/layout as STRUCTURE MXIT2_X1M_A9PP140ZTL_C30.
INFO (XSTRM-223): 315. Translating cellView sc9mcpp140z_cln28ht_base_lvt_c30/ILX_sZH_Jv2l7AF6x1_ly4/layout as STRUCTURE ILX_sZH_Jv2l7AF6x1_ly4.
INFO (XSTRM-223): 316. Translating cellView sc9mcpp140z_cln28ht_base_lvt_c30/INV_X2M_A9PP140ZTL_C30/layout as STRUCTURE INV_X2M_A9PP140ZTL_C30.
INFO (XSTRM-223): 317. Translating cellView sc9mcpp140z_cln28ht_base_lvt_c30/ILX_sK9_Jv2l7AF6x1_ly4/layout as STRUCTURE ILX_sK9_Jv2l7AF6x1_ly4.
INFO (XSTRM-223): 318. Translating cellView sc9mcpp140z_cln28ht_base_lvt_c30/INV_X1B_A9PP140ZTL_C30/layout as STRUCTURE INV_X1B_A9PP140ZTL_C30.
INFO (XSTRM-223): 319. Translating cellView sc9mcpp140z_cln28ht_base_lvt_c30/Btw_sEkgg_hAWn6qw8ur_nO9/layout as STRUCTURE Btw_sEkgg_hAWn6qw8ur_nO9.
INFO (XSTRM-223): 320. Translating cellView sc9mcpp140z_cln28ht_base_lvt_c30/BUF_X7P5M_A9PP140ZTL_C30/layout as STRUCTURE BUF_X7P5M_A9PP140ZTL_C30.
INFO (XSTRM-223): 321. Translating cellView sc9mcpp140z_cln28ht_base_lvt_c30/A8Wn_Uo0_IalWyRrOfF_W6T/layout as STRUCTURE A8Wn_Uo0_IalWyRrOfF_W6T.
INFO (XSTRM-223): 322. Translating cellView sc9mcpp140z_cln28ht_base_lvt_c30/AO22_X1M_A9PP140ZTL_C30/layout as STRUCTURE AO22_X1M_A9PP140ZTL_C30.
INFO (XSTRM-223): 323. Translating cellView sc9mcpp140z_cln28ht_base_lvt_c30/Mpe7i_tzSEk_VqiZ8xKDJB_ZE7/layout as STRUCTURE Mpe7i_tzSEk_VqiZ8xKDJB_ZE7.
INFO (XSTRM-223): 324. Translating cellView sc9mcpp140z_cln28ht_base_lvt_c30/MXIT2_X1P4M_A9PP140ZTL_C30/layout as STRUCTURE MXIT2_X1P4M_A9PP140ZTL_C30.
INFO (XSTRM-223): 325. Translating cellView sc9mcpp140z_cln28ht_base_lvt_c30/NRPAi_tF7_hAWn6qw8ur_nO9/layout as STRUCTURE NRPAi_tF7_hAWn6qw8ur_nO9.
INFO (XSTRM-223): 326. Translating cellView sc9mcpp140z_cln28ht_base_lvt_c30/NAND2_X2B_A9PP140ZTL_C30/layout as STRUCTURE NAND2_X2B_A9PP140ZTL_C30.
INFO (XSTRM-223): 327. Translating cellView sc9mcpp140z_cln28ht_base_lvt_c30/NRPAiU9_5T2vS_Xx1FDuzaho_Fv6/layout as STRUCTURE NRPAiU9_5T2vS_Xx1FDuzaho_Fv6.
INFO (XSTRM-223): 328. Translating cellView sc9mcpp140z_cln28ht_base_lvt_c30/NAND2XB_X1P4M_A9PP140ZTL_C30/layout as STRUCTURE NAND2XB_X1P4M_A9PP140ZTL_C30.
INFO (XSTRM-223): 329. Translating cellView sc9mcpp140z_cln28ht_base_lvt_c30/NRPAi_tzSE6_VqiZ8xKDJB_ZE7/layout as STRUCTURE NRPAi_tzSE6_VqiZ8xKDJB_ZE7.
INFO (XSTRM-223): 330. Translating cellView sc9mcpp140z_cln28ht_base_lvt_c30/NAND2_X1P4B_A9PP140ZTL_C30/layout as STRUCTURE NAND2_X1P4B_A9PP140ZTL_C30.
INFO (XSTRM-223): 331. Translating cellView sc9mcpp140z_cln28ht_base_lvt_c30/NRPAi_tOJ_hAWn6qw8ur_nO9/layout as STRUCTURE NRPAi_tOJ_hAWn6qw8ur_nO9.
INFO (XSTRM-223): 332. Translating cellView sc9mcpp140z_cln28ht_base_lvt_c30/NAND2_X4A_A9PP140ZTL_C30/layout as STRUCTURE NAND2_X4A_A9PP140ZTL_C30.
INFO (XSTRM-223): 333. Translating cellView sc9mcpp140z_cln28ht_base_lvt_c30/NRPAiU9_5rk_VqiZ8xKDJB_ZE7/layout as STRUCTURE NRPAiU9_5rk_VqiZ8xKDJB_ZE7.
INFO (XSTRM-223): 334. Translating cellView sc9mcpp140z_cln28ht_base_lvt_c30/NAND2XB_X3M_A9PP140ZTL_C30/layout as STRUCTURE NAND2XB_X3M_A9PP140ZTL_C30.
INFO (XSTRM-223): 335. Translating cellView sc9mcpp140z_cln28ht_base_lvt_c30/Mpe7i_tOg_hAWn6qw8ur_nO9/layout as STRUCTURE Mpe7i_tOg_hAWn6qw8ur_nO9.
INFO (XSTRM-223): 336. Translating cellView sc9mcpp140z_cln28ht_base_lvt_c30/MXIT2_X4M_A9PP140ZTL_C30/layout as STRUCTURE MXIT2_X4M_A9PP140ZTL_C30.
INFO (XSTRM-223): 337. Translating cellView sc9mcpp140z_cln28ht_base_lvt_c30/ILX_syH_Jv2l7AF6x1_ly4/layout as STRUCTURE ILX_syH_Jv2l7AF6x1_ly4.
INFO (XSTRM-223): 338. Translating cellView sc9mcpp140z_cln28ht_base_lvt_c30/INV_X4M_A9PP140ZTL_C30/layout as STRUCTURE INV_X4M_A9PP140ZTL_C30.
INFO (XSTRM-223): 339. Translating cellView sc9mcpp140z_cln28ht_base_lvt_c30/NRPAi_tzSEh_VqiZ8xKDJB_ZE7/layout as STRUCTURE NRPAi_tzSEh_VqiZ8xKDJB_ZE7.
INFO (XSTRM-223): 340. Translating cellView sc9mcpp140z_cln28ht_base_lvt_c30/NAND2_X1P4A_A9PP140ZTL_C30/layout as STRUCTURE NAND2_X1P4A_A9PP140ZTL_C30.
INFO (XSTRM-223): 341. Translating cellView sc9mcpp140z_cln28ht_base_lvt_c30/Mpe7i_t1g_hAWn6qw8ur_nO9/layout as STRUCTURE Mpe7i_t1g_hAWn6qw8ur_nO9.
INFO (XSTRM-223): 342. Translating cellView sc9mcpp140z_cln28ht_base_lvt_c30/MXIT2_X3M_A9PP140ZTL_C30/layout as STRUCTURE MXIT2_X3M_A9PP140ZTL_C30.
INFO (XSTRM-223): 343. Translating cellView sc9mcpp140z_cln28ht_base_lvt_c30/Mpe7i_tFg_hAWn6qw8ur_nO9/layout as STRUCTURE Mpe7i_tFg_hAWn6qw8ur_nO9.
INFO (XSTRM-223): 344. Translating cellView sc9mcpp140z_cln28ht_base_lvt_c30/MXIT2_X2M_A9PP140ZTL_C30/layout as STRUCTURE MXIT2_X2M_A9PP140ZTL_C30.
INFO (XSTRM-223): 345. Translating cellView sc9mcpp140z_cln28ht_base_lvt_c30/NRPAi_tzg_hAWn6qw8ur_nO9/layout as STRUCTURE NRPAi_tzg_hAWn6qw8ur_nO9.
INFO (XSTRM-223): 346. Translating cellView sc9mcpp140z_cln28ht_base_lvt_c30/NAND2_X1M_A9PP140ZTL_C30/layout as STRUCTURE NAND2_X1M_A9PP140ZTL_C30.
INFO (XSTRM-223): 347. Translating cellView sc9mcpp140z_cln28ht_base_lvt_c30/ORenBK_MrY_eRniObBEmw_i8G/layout as STRUCTURE ORenBK_MrY_eRniObBEmw_i8G.
INFO (XSTRM-223): 348. Translating cellView sc9mcpp140z_cln28ht_base_lvt_c30/OAI211_X2M_A9PP140ZTL_C30/layout as STRUCTURE OAI211_X2M_A9PP140ZTL_C30.
INFO (XSTRM-223): 349. Translating cellView sc9mcpp140z_cln28ht_base_lvt_c30/A8Ww4_tzSEk_VqiZ8xKDJB_ZE7/layout as STRUCTURE A8Ww4_tzSEk_VqiZ8xKDJB_ZE7.
INFO (XSTRM-223): 350. Translating cellView sc9mcpp140z_cln28ht_base_lvt_c30/AO21B_X1P4M_A9PP140ZTL_C30/layout as STRUCTURE AO21B_X1P4M_A9PP140ZTL_C30.
INFO (XSTRM-223): 351. Translating cellView sc9mcpp140z_cln28ht_base_lvt_c30/ILX_siH_Jv2l7AF6x1_ly4/layout as STRUCTURE ILX_siH_Jv2l7AF6x1_ly4.
INFO (XSTRM-223): 352. Translating cellView sc9mcpp140z_cln28ht_base_lvt_c30/INV_X3M_A9PP140ZTL_C30/layout as STRUCTURE INV_X3M_A9PP140ZTL_C30.
INFO (XSTRM-223): 353. Translating cellView sc9mcpp140z_cln28ht_base_lvt_c30/ORensTo_5T2vS_Xx1FDuzaho_Fv6/layout as STRUCTURE ORensTo_5T2vS_Xx1FDuzaho_Fv6.
INFO (XSTRM-223): 354. Translating cellView sc9mcpp140z_cln28ht_base_lvt_c30/OAI2XB1_X1P4M_A9PP140ZTL_C30/layout as STRUCTURE OAI2XB1_X1P4M_A9PP140ZTL_C30.
INFO (XSTRM-223): 355. Translating cellView sc9mcpp140z_cln28ht_base_lvt_c30/ILX_svH_Jv2l7AF6x1_ly4/layout as STRUCTURE ILX_svH_Jv2l7AF6x1_ly4.
INFO (XSTRM-223): 356. Translating cellView sc9mcpp140z_cln28ht_base_lvt_c30/INV_X6M_A9PP140ZTL_C30/layout as STRUCTURE INV_X6M_A9PP140ZTL_C30.
INFO (XSTRM-223): 357. Translating cellView sc9mcpp140z_cln28ht_base_lvt_c30/Btw_sOH_Jv2l7AF6x1_ly4/layout as STRUCTURE Btw_sOH_Jv2l7AF6x1_ly4.
INFO (XSTRM-223): 358. Translating cellView sc9mcpp140z_cln28ht_base_lvt_c30/BUF_X9M_A9PP140ZTL_C30/layout as STRUCTURE BUF_X9M_A9PP140ZTL_C30.
INFO (XSTRM-223): 359. Translating cellView sc9mcpp140z_cln28ht_base_lvt_c30/Btw_sKZ0_IalWyRrOfF_W6T/layout as STRUCTURE Btw_sKZ0_IalWyRrOfF_W6T.
INFO (XSTRM-223): 360. Translating cellView sc9mcpp140z_cln28ht_base_lvt_c30/BUF_X13M_A9PP140ZTL_C30/layout as STRUCTURE BUF_X13M_A9PP140ZTL_C30.
INFO (XSTRM-223): 361. Translating cellView sc9mcpp140z_cln28ht_base_lvt_c30/ILX_sKkvg_hAWn6qw8ur_nO9/layout as STRUCTURE ILX_sKkvg_hAWn6qw8ur_nO9.
INFO (XSTRM-223): 362. Translating cellView sc9mcpp140z_cln28ht_base_lvt_c30/INV_X1P7M_A9PP140ZTL_C30/layout as STRUCTURE INV_X1P7M_A9PP140ZTL_C30.
INFO (XSTRM-223): 363. Translating cellView sc9mcpp140z_cln28ht_base_lvt_c30/C7vc_Uo0_IalWyRrOfF_W6T/layout as STRUCTURE C7vc_Uo0_IalWyRrOfF_W6T.
INFO (XSTRM-223): 364. Translating cellView sc9mcpp140z_cln28ht_base_lvt_c30/CGEN_X1M_A9PP140ZTL_C30/layout as STRUCTURE CGEN_X1M_A9PP140ZTL_C30.
INFO (XSTRM-223): 365. Translating cellView sc9mcpp140z_cln28ht_base_lvt_c30/A8enB_t1g_hAWn6qw8ur_nO9/layout as STRUCTURE A8enB_t1g_hAWn6qw8ur_nO9.
INFO (XSTRM-223): 366. Translating cellView sc9mcpp140z_cln28ht_base_lvt_c30/AOI21_X3M_A9PP140ZTL_C30/layout as STRUCTURE AOI21_X3M_A9PP140ZTL_C30.
INFO (XSTRM-223): 367. Translating cellView sc9mcpp140z_cln28ht_base_lvt_c30/XLExn_t1g_hAWn6qw8ur_nO9/layout as STRUCTURE XLExn_t1g_hAWn6qw8ur_nO9.
INFO (XSTRM-223): 368. Translating cellView sc9mcpp140z_cln28ht_base_lvt_c30/XNOR3_X3M_A9PP140ZTL_C30/layout as STRUCTURE XNOR3_X3M_A9PP140ZTL_C30.
INFO (XSTRM-223): 369. Translating cellView sc9mcpp140z_cln28ht_base_lvt_c30/ORenB_t1g_hAWn6qw8ur_nO9/layout as STRUCTURE ORenB_t1g_hAWn6qw8ur_nO9.
INFO (XSTRM-223): 370. Translating cellView sc9mcpp140z_cln28ht_base_lvt_c30/OAI21_X3M_A9PP140ZTL_C30/layout as STRUCTURE OAI21_X3M_A9PP140ZTL_C30.
INFO (XSTRM-223): 371. Translating cellView sc9mcpp140z_cln28ht_base_lvt_c30/ORenB_tFg_hAWn6qw8ur_nO9/layout as STRUCTURE ORenB_tFg_hAWn6qw8ur_nO9.
INFO (XSTRM-223): 372. Translating cellView sc9mcpp140z_cln28ht_base_lvt_c30/OAI21_X2M_A9PP140ZTL_C30/layout as STRUCTURE OAI21_X2M_A9PP140ZTL_C30.
INFO (XSTRM-223): 373. Translating cellView sc9mcpp140z_cln28ht_base_lvt_c30/X8bn_U10_IalWyRrOfF_W6T/layout as STRUCTURE X8bn_U10_IalWyRrOfF_W6T.
INFO (XSTRM-223): 374. Translating cellView sc9mcpp140z_cln28ht_base_lvt_c30/XOR2_X2M_A9PP140ZTL_C30/layout as STRUCTURE XOR2_X2M_A9PP140ZTL_C30.
INFO (XSTRM-223): 375. Translating cellView sc9mcpp140z_cln28ht_base_lvt_c30/ORWw4_t1g_hAWn6qw8ur_nO9/layout as STRUCTURE ORWw4_t1g_hAWn6qw8ur_nO9.
INFO (XSTRM-223): 376. Translating cellView sc9mcpp140z_cln28ht_base_lvt_c30/OA21B_X3M_A9PP140ZTL_C30/layout as STRUCTURE OA21B_X3M_A9PP140ZTL_C30.
INFO (XSTRM-223): 377. Translating cellView sc9mcpp140z_cln28ht_base_lvt_c30/A8rzi_tFg_hAWn6qw8ur_nO9/layout as STRUCTURE A8rzi_tFg_hAWn6qw8ur_nO9.
INFO (XSTRM-223): 378. Translating cellView sc9mcpp140z_cln28ht_base_lvt_c30/AO1B2_X2M_A9PP140ZTL_C30/layout as STRUCTURE AO1B2_X2M_A9PP140ZTL_C30.
INFO (XSTRM-223): 379. Translating cellView sc9mcpp140z_cln28ht_base_lvt_c30/A8enB_tFg_hAWn6qw8ur_nO9/layout as STRUCTURE A8enB_tFg_hAWn6qw8ur_nO9.
INFO (XSTRM-223): 380. Translating cellView sc9mcpp140z_cln28ht_base_lvt_c30/AOI21_X2M_A9PP140ZTL_C30/layout as STRUCTURE AOI21_X2M_A9PP140ZTL_C30.
INFO (XSTRM-223): 381. Translating cellView sc9mcpp140z_cln28ht_base_lvt_c30/A8eni_tzSEk_VqiZ8xKDJB_ZE7/layout as STRUCTURE A8eni_tzSEk_VqiZ8xKDJB_ZE7.
INFO (XSTRM-223): 382. Translating cellView sc9mcpp140z_cln28ht_base_lvt_c30/AOI22_X1P4M_A9PP140ZTL_C30/layout as STRUCTURE AOI22_X1P4M_A9PP140ZTL_C30.
INFO (XSTRM-223): 383. Translating cellView sc9mcpp140z_cln28ht_base_lvt_c30/ORenB_tOg_hAWn6qw8ur_nO9/layout as STRUCTURE ORenB_tOg_hAWn6qw8ur_nO9.
INFO (XSTRM-223): 384. Translating cellView sc9mcpp140z_cln28ht_base_lvt_c30/OAI21_X4M_A9PP140ZTL_C30/layout as STRUCTURE OAI21_X4M_A9PP140ZTL_C30.
INFO (XSTRM-223): 385. Translating cellView sc9mcpp140z_cln28ht_base_lvt_c30/C7vcd_tzSEk_VqiZ8xKDJB_ZE7/layout as STRUCTURE C7vcd_tzSEk_VqiZ8xKDJB_ZE7.
INFO (XSTRM-223): 386. Translating cellView sc9mcpp140z_cln28ht_base_lvt_c30/CGENI_X1P4M_A9PP140ZTL_C30/layout as STRUCTURE CGENI_X1P4M_A9PP140ZTL_C30.
INFO (XSTRM-223): 387. Translating cellView sc9mcpp140z_cln28ht_base_lvt_c30/X8bn_U60_IalWyRrOfF_W6T/layout as STRUCTURE X8bn_U60_IalWyRrOfF_W6T.
INFO (XSTRM-223): 388. Translating cellView sc9mcpp140z_cln28ht_base_lvt_c30/XOR2_X4M_A9PP140ZTL_C30/layout as STRUCTURE XOR2_X4M_A9PP140ZTL_C30.
INFO (XSTRM-223): 389. Translating cellView sc9mcpp140z_cln28ht_base_lvt_c30/A8enB_tqg_hAWn6qw8ur_nO9/layout as STRUCTURE A8enB_tqg_hAWn6qw8ur_nO9.
INFO (XSTRM-223): 390. Translating cellView sc9mcpp140z_cln28ht_base_lvt_c30/AOI21_X8M_A9PP140ZTL_C30/layout as STRUCTURE AOI21_X8M_A9PP140ZTL_C30.
INFO (XSTRM-223): 391. Translating cellView sc9mcpp140z_cln28ht_base_lvt_c30/OReni_t1g_hAWn6qw8ur_nO9/layout as STRUCTURE OReni_t1g_hAWn6qw8ur_nO9.
INFO (XSTRM-223): 392. Translating cellView sc9mcpp140z_cln28ht_base_lvt_c30/OAI22_X3M_A9PP140ZTL_C30/layout as STRUCTURE OAI22_X3M_A9PP140ZTL_C30.
INFO (XSTRM-223): 393. Translating cellView sc9mcpp140z_cln28ht_base_lvt_c30/NRPAn_tAg_hAWn6qw8ur_nO9/layout as STRUCTURE NRPAn_tAg_hAWn6qw8ur_nO9.
INFO (XSTRM-223): 394. Translating cellView sc9mcpp140z_cln28ht_base_lvt_c30/NAND3_X6M_A9PP140ZTL_C30/layout as STRUCTURE NAND3_X6M_A9PP140ZTL_C30.
INFO (XSTRM-223): 395. Translating cellView sc9mcpp140z_cln28ht_base_lvt_c30/ORensTo_5qk_VqiZ8xKDJB_ZE7/layout as STRUCTURE ORensTo_5qk_VqiZ8xKDJB_ZE7.
INFO (XSTRM-223): 396. Translating cellView sc9mcpp140z_cln28ht_base_lvt_c30/OAI2XB1_X6M_A9PP140ZTL_C30/layout as STRUCTURE OAI2XB1_X6M_A9PP140ZTL_C30.
INFO (XSTRM-223): 397. Translating cellView sc9mcpp140z_cln28ht_base_lvt_c30/ORensTo_5xk_VqiZ8xKDJB_ZE7/layout as STRUCTURE ORensTo_5xk_VqiZ8xKDJB_ZE7.
INFO (XSTRM-223): 398. Translating cellView sc9mcpp140z_cln28ht_base_lvt_c30/OAI2XB1_X8M_A9PP140ZTL_C30/layout as STRUCTURE OAI2XB1_X8M_A9PP140ZTL_C30.
INFO (XSTRM-223): 399. Translating cellView sc9mcpp140z_cln28ht_base_lvt_c30/ORenB_tzSEk_VqiZ8xKDJB_ZE7/layout as STRUCTURE ORenB_tzSEk_VqiZ8xKDJB_ZE7.
INFO (XSTRM-223): 400. Translating cellView sc9mcpp140z_cln28ht_base_lvt_c30/OAI21_X1P4M_A9PP140ZTL_C30/layout as STRUCTURE OAI21_X1P4M_A9PP140ZTL_C30.
INFO (XSTRM-223): 401. Translating cellView sc9mcpp140z_cln28ht_base_lvt_c30/A8eWB_tFg_hAWn6qw8ur_nO9/layout as STRUCTURE A8eWB_tFg_hAWn6qw8ur_nO9.
INFO (XSTRM-223): 402. Translating cellView sc9mcpp140z_cln28ht_base_lvt_c30/AOI31_X2M_A9PP140ZTL_C30/layout as STRUCTURE AOI31_X2M_A9PP140ZTL_C30.
INFO (XSTRM-223): 403. Translating cellView sc9mcpp140z_cln28ht_base_lvt_c30/ORrzi_tOg_hAWn6qw8ur_nO9/layout as STRUCTURE ORrzi_tOg_hAWn6qw8ur_nO9.
INFO (XSTRM-223): 404. Translating cellView sc9mcpp140z_cln28ht_base_lvt_c30/OA1B2_X4M_A9PP140ZTL_C30/layout as STRUCTURE OA1B2_X4M_A9PP140ZTL_C30.
INFO (XSTRM-223): 405. Translating cellView sc9mcpp140z_cln28ht_base_lvt_c30/A8enB_tzSEk_VqiZ8xKDJB_ZE7/layout as STRUCTURE A8enB_tzSEk_VqiZ8xKDJB_ZE7.
INFO (XSTRM-223): 406. Translating cellView sc9mcpp140z_cln28ht_base_lvt_c30/AOI21_X1P4M_A9PP140ZTL_C30/layout as STRUCTURE AOI21_X1P4M_A9PP140ZTL_C30.
INFO (XSTRM-223): 407. Translating cellView sc9mcpp140z_cln28ht_base_lvt_c30/ILX_sSkA7_hAWn6qw8ur_nO9/layout as STRUCTURE ILX_sSkA7_hAWn6qw8ur_nO9.
INFO (XSTRM-223): 408. Translating cellView sc9mcpp140z_cln28ht_base_lvt_c30/INV_X0P6B_A9PP140ZTL_C30/layout as STRUCTURE INV_X0P6B_A9PP140ZTL_C30.
INFO (XSTRM-223): 409. Translating cellView sc9mcpp140z_cln28ht_base_lvt_c30/X8bn_Uo0_IalWyRrOfF_W6T/layout as STRUCTURE X8bn_Uo0_IalWyRrOfF_W6T.
INFO (XSTRM-223): 410. Translating cellView sc9mcpp140z_cln28ht_base_lvt_c30/XOR2_X1M_A9PP140ZTL_C30/layout as STRUCTURE XOR2_X1M_A9PP140ZTL_C30.
INFO (XSTRM-223): 411. Translating cellView sc9mcpp140z_cln28ht_base_lvt_c30/Mpe7i_t2Skk_VqiZ8xKDJB_ZE7/layout as STRUCTURE Mpe7i_t2Skk_VqiZ8xKDJB_ZE7.
INFO (XSTRM-223): 412. Translating cellView sc9mcpp140z_cln28ht_base_lvt_c30/MXIT2_X0P5M_A9PP140ZTL_C30/layout as STRUCTURE MXIT2_X0P5M_A9PP140ZTL_C30.
INFO (XSTRM-223): 413. Translating cellView sc9mcpp140z_cln28ht_base_lvt_c30/ILX_sSkqg_hAWn6qw8ur_nO9/layout as STRUCTURE ILX_sSkqg_hAWn6qw8ur_nO9.
INFO (XSTRM-223): 414. Translating cellView sc9mcpp140z_cln28ht_base_lvt_c30/INV_X0P8M_A9PP140ZTL_C30/layout as STRUCTURE INV_X0P8M_A9PP140ZTL_C30.
INFO (XSTRM-223): 415. Translating cellView sc9mcpp140z_cln28ht_base_lvt_c30/ILX_sSkq7_hAWn6qw8ur_nO9/layout as STRUCTURE ILX_sSkq7_hAWn6qw8ur_nO9.
INFO (XSTRM-223): 416. Translating cellView sc9mcpp140z_cln28ht_base_lvt_c30/INV_X0P8B_A9PP140ZTL_C30/layout as STRUCTURE INV_X0P8B_A9PP140ZTL_C30.
INFO (XSTRM-223): 417. Translating cellView sc9mcpp140z_cln28ht_base_lvt_c30/ILX_sikgg_hAWn6qw8ur_nO9/layout as STRUCTURE ILX_sikgg_hAWn6qw8ur_nO9.
INFO (XSTRM-223): 418. Translating cellView sc9mcpp140z_cln28ht_base_lvt_c30/INV_X3P5M_A9PP140ZTL_C30/layout as STRUCTURE INV_X3P5M_A9PP140ZTL_C30.
INFO (XSTRM-223): 419. Translating cellView sc9mcpp140z_cln28ht_base_lvt_c30/ILX_sH9_Jv2l7AF6x1_ly4/layout as STRUCTURE ILX_sH9_Jv2l7AF6x1_ly4.
INFO (XSTRM-223): 420. Translating cellView sc9mcpp140z_cln28ht_base_lvt_c30/INV_X5B_A9PP140ZTL_C30/layout as STRUCTURE INV_X5B_A9PP140ZTL_C30.
INFO (XSTRM-223): 421. Translating cellView sc9mcpp140z_cln28ht_base_lvt_c30/ILX_sO9_Jv2l7AF6x1_ly4/layout as STRUCTURE ILX_sO9_Jv2l7AF6x1_ly4.
INFO (XSTRM-223): 422. Translating cellView sc9mcpp140z_cln28ht_base_lvt_c30/INV_X9B_A9PP140ZTL_C30/layout as STRUCTURE INV_X9B_A9PP140ZTL_C30.
INFO (XSTRM-223): 423. Translating cellView sc9mcpp140z_cln28ht_base_lvt_c30/ILX_si9_Jv2l7AF6x1_ly4/layout as STRUCTURE ILX_si9_Jv2l7AF6x1_ly4.
INFO (XSTRM-223): 424. Translating cellView sc9mcpp140z_cln28ht_base_lvt_c30/INV_X3B_A9PP140ZTL_C30/layout as STRUCTURE INV_X3B_A9PP140ZTL_C30.
INFO (XSTRM-223): 425. Translating cellView sc9mcpp140z_cln28ht_base_lvt_c30/ILX_sv9_Jv2l7AF6x1_ly4/layout as STRUCTURE ILX_sv9_Jv2l7AF6x1_ly4.
INFO (XSTRM-223): 426. Translating cellView sc9mcpp140z_cln28ht_base_lvt_c30/INV_X6B_A9PP140ZTL_C30/layout as STRUCTURE INV_X6B_A9PP140ZTL_C30.
INFO (XSTRM-223): 427. Translating cellView sc9mcpp140z_cln28ht_base_lvt_c30/ILX_sZkgg_hAWn6qw8ur_nO9/layout as STRUCTURE ILX_sZkgg_hAWn6qw8ur_nO9.
INFO (XSTRM-223): 428. Translating cellView sc9mcpp140z_cln28ht_base_lvt_c30/INV_X2P5M_A9PP140ZTL_C30/layout as STRUCTURE INV_X2P5M_A9PP140ZTL_C30.
INFO (XSTRM-223): 429. Translating cellView sc9mcpp140z_cln28ht_base_lvt_c30/ILX_sHH_Jv2l7AF6x1_ly4/layout as STRUCTURE ILX_sHH_Jv2l7AF6x1_ly4.
INFO (XSTRM-223): 430. Translating cellView sc9mcpp140z_cln28ht_base_lvt_c30/INV_X5M_A9PP140ZTL_C30/layout as STRUCTURE INV_X5M_A9PP140ZTL_C30.
INFO (XSTRM-223): 431. Translating cellView sc9mcpp140z_cln28ht_base_lvt_c30/ILX_sEkgg_hAWn6qw8ur_nO9/layout as STRUCTURE ILX_sEkgg_hAWn6qw8ur_nO9.
INFO (XSTRM-223): 432. Translating cellView sc9mcpp140z_cln28ht_base_lvt_c30/INV_X7P5M_A9PP140ZTL_C30/layout as STRUCTURE INV_X7P5M_A9PP140ZTL_C30.
INFO (XSTRM-223): 433. Translating cellView sc9mcpp140z_cln28ht_base_lvt_c30/ILX_sZkg7_hAWn6qw8ur_nO9/layout as STRUCTURE ILX_sZkg7_hAWn6qw8ur_nO9.
INFO (XSTRM-223): 434. Translating cellView sc9mcpp140z_cln28ht_base_lvt_c30/INV_X2P5B_A9PP140ZTL_C30/layout as STRUCTURE INV_X2P5B_A9PP140ZTL_C30.
INFO (XSTRM-223): 435. Translating cellView sc9mcpp140z_cln28ht_base_lvt_c30/Btw_sHH_Jv2l7AF6x1_ly4/layout as STRUCTURE Btw_sHH_Jv2l7AF6x1_ly4.
INFO (XSTRM-223): 436. Translating cellView sc9mcpp140z_cln28ht_base_lvt_c30/BUF_X5M_A9PP140ZTL_C30/layout as STRUCTURE BUF_X5M_A9PP140ZTL_C30.
INFO (XSTRM-223): 437. Translating cellView sc9mcpp140z_cln28ht_base_lvt_c30/ILX_sKo0_IalWyRrOfF_W6T/layout as STRUCTURE ILX_sKo0_IalWyRrOfF_W6T.
INFO (XSTRM-223): 438. Translating cellView sc9mcpp140z_cln28ht_base_lvt_c30/INV_X11M_A9PP140ZTL_C30/layout as STRUCTURE INV_X11M_A9PP140ZTL_C30.
INFO (XSTRM-223): 439. Translating cellView sc9mcpp140z_cln28ht_base_lvt_c30/ILX_sOH_Jv2l7AF6x1_ly4/layout as STRUCTURE ILX_sOH_Jv2l7AF6x1_ly4.
INFO (XSTRM-223): 440. Translating cellView sc9mcpp140z_cln28ht_base_lvt_c30/INV_X9M_A9PP140ZTL_C30/layout as STRUCTURE INV_X9M_A9PP140ZTL_C30.
INFO (XSTRM-223): 441. Translating cellView sc9mcpp140z_cln28ht_base_lvt_c30/ILX_sZ9_Jv2l7AF6x1_ly4/layout as STRUCTURE ILX_sZ9_Jv2l7AF6x1_ly4.
INFO (XSTRM-223): 442. Translating cellView sc9mcpp140z_cln28ht_base_lvt_c30/INV_X2B_A9PP140ZTL_C30/layout as STRUCTURE INV_X2B_A9PP140ZTL_C30.
INFO (XSTRM-223): 443. Translating cellView sc9mcpp140z_cln28ht_base_lvt_c30/ILX_sKZ0_IalWyRrOfF_W6T/layout as STRUCTURE ILX_sKZ0_IalWyRrOfF_W6T.
INFO (XSTRM-223): 444. Translating cellView sc9mcpp140z_cln28ht_base_lvt_c30/INV_X13M_A9PP140ZTL_C30/layout as STRUCTURE INV_X13M_A9PP140ZTL_C30.
INFO (XSTRM-223): 445. Translating cellView sc9mcpp140z_cln28ht_base_lvt_c30/Btw_sKa0_IalWyRrOfF_W6T/layout as STRUCTURE Btw_sKa0_IalWyRrOfF_W6T.
INFO (XSTRM-223): 446. Translating cellView sc9mcpp140z_cln28ht_base_lvt_c30/BUF_X16M_A9PP140ZTL_C30/layout as STRUCTURE BUF_X16M_A9PP140ZTL_C30.
INFO (XSTRM-223): 447. Translating cellView sc9mcpp140z_cln28ht_base_lvt_c30/NRPAi_tFg_hAWn6qw8ur_nO9/layout as STRUCTURE NRPAi_tFg_hAWn6qw8ur_nO9.
INFO (XSTRM-223): 448. Translating cellView sc9mcpp140z_cln28ht_base_lvt_c30/NAND2_X2M_A9PP140ZTL_C30/layout as STRUCTURE NAND2_X2M_A9PP140ZTL_C30.
INFO (XSTRM-223): 449. Translating cellView sc9mcpp140z_cln28ht_base_lvt_c30/NRPAi_tzJ_hAWn6qw8ur_nO9/layout as STRUCTURE NRPAi_tzJ_hAWn6qw8ur_nO9.
INFO (XSTRM-223): 450. Translating cellView sc9mcpp140z_cln28ht_base_lvt_c30/NAND2_X1A_A9PP140ZTL_C30/layout as STRUCTURE NAND2_X1A_A9PP140ZTL_C30.
INFO (XSTRM-223): 451. Translating cellView sc9mcpp140z_cln28ht_base_lvt_c30/OqW_svH_Jv2l7AF6x1_ly4/layout as STRUCTURE OqW_svH_Jv2l7AF6x1_ly4.
INFO (XSTRM-223): 452. Translating cellView sc9mcpp140z_cln28ht_base_lvt_c30/OR2_X6M_A9PP140ZTL_C30/layout as STRUCTURE OR2_X6M_A9PP140ZTL_C30.
INFO (XSTRM-223): 453. Translating cellView sc9mcpp140z_cln28ht_base_lvt_c30/NRPAi_tOg_hAWn6qw8ur_nO9/layout as STRUCTURE NRPAi_tOg_hAWn6qw8ur_nO9.
INFO (XSTRM-223): 454. Translating cellView sc9mcpp140z_cln28ht_base_lvt_c30/NAND2_X4M_A9PP140ZTL_C30/layout as STRUCTURE NAND2_X4M_A9PP140ZTL_C30.
INFO (XSTRM-223): 455. Translating cellView sc9mcpp140z_cln28ht_base_lvt_c30/OqW_sKkOg_hAWn6qw8ur_nO9/layout as STRUCTURE OqW_sKkOg_hAWn6qw8ur_nO9.
INFO (XSTRM-223): 456. Translating cellView sc9mcpp140z_cln28ht_base_lvt_c30/OR2_X1P4M_A9PP140ZTL_C30/layout as STRUCTURE OR2_X1P4M_A9PP140ZTL_C30.
INFO (XSTRM-223): 457. Translating cellView sc9mcpp140z_cln28ht_base_lvt_c30/NRPAiU9_5Tk_VqiZ8xKDJB_ZE7/layout as STRUCTURE NRPAiU9_5Tk_VqiZ8xKDJB_ZE7.
INFO (XSTRM-223): 458. Translating cellView sc9mcpp140z_cln28ht_base_lvt_c30/NAND2XB_X1M_A9PP140ZTL_C30/layout as STRUCTURE NAND2XB_X1M_A9PP140ZTL_C30.
INFO (XSTRM-223): 459. Translating cellView sc9mcpp140z_cln28ht_base_lvt_c30/A8Ww4_tzg_hAWn6qw8ur_nO9/layout as STRUCTURE A8Ww4_tzg_hAWn6qw8ur_nO9.
INFO (XSTRM-223): 460. Translating cellView sc9mcpp140z_cln28ht_base_lvt_c30/AO21B_X1M_A9PP140ZTL_C30/layout as STRUCTURE AO21B_X1M_A9PP140ZTL_C30.
INFO (XSTRM-223): 461. Translating cellView sc9mcpp140z_cln28ht_base_lvt_c30/XLExn_tFg_hAWn6qw8ur_nO9/layout as STRUCTURE XLExn_tFg_hAWn6qw8ur_nO9.
INFO (XSTRM-223): 462. Translating cellView sc9mcpp140z_cln28ht_base_lvt_c30/XNOR3_X2M_A9PP140ZTL_C30/layout as STRUCTURE XNOR3_X2M_A9PP140ZTL_C30.
INFO (XSTRM-223): 463. Translating cellView sc9mcpp140z_cln28ht_base_lvt_c30/NRPAnT9_5Tk_VqiZ8xKDJB_ZE7/layout as STRUCTURE NRPAnT9_5Tk_VqiZ8xKDJB_ZE7.
INFO (XSTRM-223): 464. Translating cellView sc9mcpp140z_cln28ht_base_lvt_c30/NAND3BB_X1M_A9PP140ZTL_C30/layout as STRUCTURE NAND3BB_X1M_A9PP140ZTL_C30.
INFO (XSTRM-223): 465. Translating cellView sc9mcpp140z_cln28ht_base_lvt_c30/NRPAiU9_5wk_VqiZ8xKDJB_ZE7/layout as STRUCTURE NRPAiU9_5wk_VqiZ8xKDJB_ZE7.
INFO (XSTRM-223): 466. Translating cellView sc9mcpp140z_cln28ht_base_lvt_c30/NAND2XB_X2M_A9PP140ZTL_C30/layout as STRUCTURE NAND2XB_X2M_A9PP140ZTL_C30.
INFO (XSTRM-223): 467. Translating cellView sc9mcpp140z_cln28ht_base_lvt_c30/NRPAnT9_5qk_VqiZ8xKDJB_ZE7/layout as STRUCTURE NRPAnT9_5qk_VqiZ8xKDJB_ZE7.
INFO (XSTRM-223): 468. Translating cellView sc9mcpp140z_cln28ht_base_lvt_c30/NAND3BB_X6M_A9PP140ZTL_C30/layout as STRUCTURE NAND3BB_X6M_A9PP140ZTL_C30.
INFO (XSTRM-223): 469. Translating cellView sc9mcpp140z_cln28ht_base_lvt_c30/X8bn_Uoj8Y_eRniObBEmw_i8G/layout as STRUCTURE X8bn_Uoj8Y_eRniObBEmw_i8G.
INFO (XSTRM-223): 470. Translating cellView sc9mcpp140z_cln28ht_base_lvt_c30/XOR2_X1P4M_A9PP140ZTL_C30/layout as STRUCTURE XOR2_X1P4M_A9PP140ZTL_C30.
INFO (XSTRM-223): 471. Translating cellView sc9mcpp140z_cln28ht_base_lvt_c30/XLExi_tOg_hAWn6qw8ur_nO9/layout as STRUCTURE XLExi_tOg_hAWn6qw8ur_nO9.
INFO (XSTRM-223): 472. Translating cellView sc9mcpp140z_cln28ht_base_lvt_c30/XNOR2_X4M_A9PP140ZTL_C30/layout as STRUCTURE XNOR2_X4M_A9PP140ZTL_C30.
INFO (XSTRM-223): 473. Translating cellView sc9mcpp140z_cln28ht_base_lvt_c30/XLExi_tFg_hAWn6qw8ur_nO9/layout as STRUCTURE XLExi_tFg_hAWn6qw8ur_nO9.
INFO (XSTRM-223): 474. Translating cellView sc9mcpp140z_cln28ht_base_lvt_c30/XNOR2_X2M_A9PP140ZTL_C30/layout as STRUCTURE XNOR2_X2M_A9PP140ZTL_C30.
INFO (XSTRM-223): 475. Translating cellView sc9mcpp140z_cln28ht_base_lvt_c30/X8bn_UZ0_IalWyRrOfF_W6T/layout as STRUCTURE X8bn_UZ0_IalWyRrOfF_W6T.
INFO (XSTRM-223): 476. Translating cellView sc9mcpp140z_cln28ht_base_lvt_c30/XOR2_X3M_A9PP140ZTL_C30/layout as STRUCTURE XOR2_X3M_A9PP140ZTL_C30.
INFO (XSTRM-223): 477. Translating cellView sc9mcpp140z_cln28ht_base_lvt_c30/ORenB_tAg_hAWn6qw8ur_nO9/layout as STRUCTURE ORenB_tAg_hAWn6qw8ur_nO9.
INFO (XSTRM-223): 478. Translating cellView sc9mcpp140z_cln28ht_base_lvt_c30/OAI21_X6M_A9PP140ZTL_C30/layout as STRUCTURE OAI21_X6M_A9PP140ZTL_C30.
INFO (XSTRM-223): 479. Translating cellView sc9mcpp140z_cln28ht_base_lvt_c30/ORensTo_5rk_VqiZ8xKDJB_ZE7/layout as STRUCTURE ORensTo_5rk_VqiZ8xKDJB_ZE7.
INFO (XSTRM-223): 480. Translating cellView sc9mcpp140z_cln28ht_base_lvt_c30/OAI2XB1_X3M_A9PP140ZTL_C30/layout as STRUCTURE OAI2XB1_X3M_A9PP140ZTL_C30.
INFO (XSTRM-223): 481. Translating cellView sc9mcpp140z_cln28ht_base_lvt_c30/N8bn_Uo0_IalWyRrOfF_W6T/layout as STRUCTURE N8bn_Uo0_IalWyRrOfF_W6T.
INFO (XSTRM-223): 482. Translating cellView sc9mcpp140z_cln28ht_base_lvt_c30/NOR2_X1M_A9PP140ZTL_C30/layout as STRUCTURE NOR2_X1M_A9PP140ZTL_C30.
INFO (XSTRM-223): 483. Translating cellView sc9mcpp140z_cln28ht_base_lvt_c30/OReni_tzg_hAWn6qw8ur_nO9/layout as STRUCTURE OReni_tzg_hAWn6qw8ur_nO9.
INFO (XSTRM-223): 484. Translating cellView sc9mcpp140z_cln28ht_base_lvt_c30/OAI22_X1M_A9PP140ZTL_C30/layout as STRUCTURE OAI22_X1M_A9PP140ZTL_C30.
INFO (XSTRM-223): 485. Translating cellView sc9mcpp140z_cln28ht_base_lvt_c30/NRPAi_tFJ_hAWn6qw8ur_nO9/layout as STRUCTURE NRPAi_tFJ_hAWn6qw8ur_nO9.
INFO (XSTRM-223): 486. Translating cellView sc9mcpp140z_cln28ht_base_lvt_c30/NAND2_X2A_A9PP140ZTL_C30/layout as STRUCTURE NAND2_X2A_A9PP140ZTL_C30.
INFO (XSTRM-223): 487. Translating cellView sc9mcpp140z_cln28ht_base_lvt_c30/A8enB_tOg_hAWn6qw8ur_nO9/layout as STRUCTURE A8enB_tOg_hAWn6qw8ur_nO9.
INFO (XSTRM-223): 488. Translating cellView sc9mcpp140z_cln28ht_base_lvt_c30/AOI21_X4M_A9PP140ZTL_C30/layout as STRUCTURE AOI21_X4M_A9PP140ZTL_C30.
INFO (XSTRM-223): 489. Translating cellView sc9mcpp140z_cln28ht_base_lvt_c30/C7vc_U10_IalWyRrOfF_W6T/layout as STRUCTURE C7vc_U10_IalWyRrOfF_W6T.
INFO (XSTRM-223): 490. Translating cellView sc9mcpp140z_cln28ht_base_lvt_c30/CGEN_X2M_A9PP140ZTL_C30/layout as STRUCTURE CGEN_X2M_A9PP140ZTL_C30.
INFO (XSTRM-223): 491. Translating cellView sc9mcpp140z_cln28ht_base_lvt_c30/X8bW_U10_IalWyRrOfF_W6T/layout as STRUCTURE X8bW_U10_IalWyRrOfF_W6T.
INFO (XSTRM-223): 492. Translating cellView sc9mcpp140z_cln28ht_base_lvt_c30/XOR3_X2M_A9PP140ZTL_C30/layout as STRUCTURE XOR3_X2M_A9PP140ZTL_C30.
INFO (XSTRM-223): 493. Translating cellView sc9mcpp140z_cln28ht_base_lvt_c30/C7vc_Uoj8Y_eRniObBEmw_i8G/layout as STRUCTURE C7vc_Uoj8Y_eRniObBEmw_i8G.
INFO (XSTRM-223): 494. Translating cellView sc9mcpp140z_cln28ht_base_lvt_c30/CGEN_X1P4M_A9PP140ZTL_C30/layout as STRUCTURE CGEN_X1P4M_A9PP140ZTL_C30.
INFO (XSTRM-223): 495. Translating cellView sc9mcpp140z_cln28ht_base_lvt_c30/A8eni_tFg_hAWn6qw8ur_nO9/layout as STRUCTURE A8eni_tFg_hAWn6qw8ur_nO9.
INFO (XSTRM-223): 496. Translating cellView sc9mcpp140z_cln28ht_base_lvt_c30/AOI22_X2M_A9PP140ZTL_C30/layout as STRUCTURE AOI22_X2M_A9PP140ZTL_C30.
INFO (XSTRM-223): 497. Translating cellView sc9mcpp140z_cln28ht_base_lvt_c30/A8enB_tzg_hAWn6qw8ur_nO9/layout as STRUCTURE A8enB_tzg_hAWn6qw8ur_nO9.
INFO (XSTRM-223): 498. Translating cellView sc9mcpp140z_cln28ht_base_lvt_c30/AOI21_X1M_A9PP140ZTL_C30/layout as STRUCTURE AOI21_X1M_A9PP140ZTL_C30.
INFO (XSTRM-223): 499. Translating cellView sc9mcpp140z_cln28ht_base_lvt_c30/C7vcd_tzg_hAWn6qw8ur_nO9/layout as STRUCTURE C7vcd_tzg_hAWn6qw8ur_nO9.
INFO (XSTRM-223): 500. Translating cellView sc9mcpp140z_cln28ht_base_lvt_c30/CGENI_X1M_A9PP140ZTL_C30/layout as STRUCTURE CGENI_X1M_A9PP140ZTL_C30.
INFO (XSTRM-223): 501. Translating cellView sc9mcpp140z_cln28ht_base_lvt_c30/XLExi_t2SAk_VqiZ8xKDJB_ZE7/layout as STRUCTURE XLExi_t2SAk_VqiZ8xKDJB_ZE7.
INFO (XSTRM-223): 502. Translating cellView sc9mcpp140z_cln28ht_base_lvt_c30/XNOR2_X0P7M_A9PP140ZTL_C30/layout as STRUCTURE XNOR2_X0P7M_A9PP140ZTL_C30.
INFO (XSTRM-223): 503. Translating cellView sc9mcpp140z_cln28ht_base_lvt_c30/A8Wn_UZ0_IalWyRrOfF_W6T/layout as STRUCTURE A8Wn_UZ0_IalWyRrOfF_W6T.
INFO (XSTRM-223): 504. Translating cellView sc9mcpp140z_cln28ht_base_lvt_c30/AO22_X3M_A9PP140ZTL_C30/layout as STRUCTURE AO22_X3M_A9PP140ZTL_C30.
INFO (XSTRM-223): 505. Translating cellView sc9mcpp140z_cln28ht_base_lvt_c30/OReniT9_5Ek_VqiZ8xKDJB_ZE7/layout as STRUCTURE OReniT9_5Ek_VqiZ8xKDJB_ZE7.
INFO (XSTRM-223): 506. Translating cellView sc9mcpp140z_cln28ht_base_lvt_c30/OAI22BB_X4M_A9PP140ZTL_C30/layout as STRUCTURE OAI22BB_X4M_A9PP140ZTL_C30.
INFO (XSTRM-223): 507. Translating cellView sc9mcpp140z_cln28ht_base_lvt_c30/N8bnsT_MFY_eRniObBEmw_i8G/layout as STRUCTURE N8bnsT_MFY_eRniObBEmw_i8G.
INFO (XSTRM-223): 508. Translating cellView sc9mcpp140z_cln28ht_base_lvt_c30/NOR2XB_X3M_A9PP140ZTL_C30/layout as STRUCTURE NOR2XB_X3M_A9PP140ZTL_C30.
INFO (XSTRM-223): 509. Translating cellView sc9mcpp140z_cln28ht_base_lvt_c30/A8Ww4_tFg_hAWn6qw8ur_nO9/layout as STRUCTURE A8Ww4_tFg_hAWn6qw8ur_nO9.
INFO (XSTRM-223): 510. Translating cellView sc9mcpp140z_cln28ht_base_lvt_c30/AO21B_X2M_A9PP140ZTL_C30/layout as STRUCTURE AO21B_X2M_A9PP140ZTL_C30.
INFO (XSTRM-223): 511. Translating cellView sc9mcpp140z_cln28ht_base_lvt_c30/NRPAiU9_5xk_VqiZ8xKDJB_ZE7/layout as STRUCTURE NRPAiU9_5xk_VqiZ8xKDJB_ZE7.
INFO (XSTRM-223): 512. Translating cellView sc9mcpp140z_cln28ht_base_lvt_c30/NAND2XB_X8M_A9PP140ZTL_C30/layout as STRUCTURE NAND2XB_X8M_A9PP140ZTL_C30.
INFO (XSTRM-223): 513. Translating cellView sc9mcpp140z_cln28ht_base_lvt_c30/NRPAi_t2Skh_VqiZ8xKDJB_ZE7/layout as STRUCTURE NRPAi_t2Skh_VqiZ8xKDJB_ZE7.
INFO (XSTRM-223): 514. Translating cellView sc9mcpp140z_cln28ht_base_lvt_c30/NAND2_X0P5A_A9PP140ZTL_C30/layout as STRUCTURE NAND2_X0P5A_A9PP140ZTL_C30.
INFO (XSTRM-223): 515. Translating cellView sc9mcpp140z_cln28ht_base_lvt_c30/NRPAiT_MrY_eRniObBEmw_i8G/layout as STRUCTURE NRPAiT_MrY_eRniObBEmw_i8G.
INFO (XSTRM-223): 516. Translating cellView sc9mcpp140z_cln28ht_base_lvt_c30/NAND2B_X2M_A9PP140ZTL_C30/layout as STRUCTURE NAND2B_X2M_A9PP140ZTL_C30.
INFO (XSTRM-223): 517. Translating cellView sc9mcpp140z_cln28ht_base_lvt_c30/ORenBK_M4Y_eRniObBEmw_i8G/layout as STRUCTURE ORenBK_M4Y_eRniObBEmw_i8G.
INFO (XSTRM-223): 518. Translating cellView sc9mcpp140z_cln28ht_base_lvt_c30/OAI211_X1M_A9PP140ZTL_C30/layout as STRUCTURE OAI211_X1M_A9PP140ZTL_C30.
INFO (XSTRM-223): 519. Translating cellView sc9mcpp140z_cln28ht_base_lvt_c30/NRPAi_tO7_hAWn6qw8ur_nO9/layout as STRUCTURE NRPAi_tO7_hAWn6qw8ur_nO9.
INFO (XSTRM-223): 520. Translating cellView sc9mcpp140z_cln28ht_base_lvt_c30/NAND2_X4B_A9PP140ZTL_C30/layout as STRUCTURE NAND2_X4B_A9PP140ZTL_C30.
INFO (XSTRM-223): 521. Translating cellView sc9mcpp140z_cln28ht_base_lvt_c30/C7vcd_tFg_hAWn6qw8ur_nO9/layout as STRUCTURE C7vcd_tFg_hAWn6qw8ur_nO9.
INFO (XSTRM-223): 522. Translating cellView sc9mcpp140z_cln28ht_base_lvt_c30/CGENI_X2M_A9PP140ZTL_C30/layout as STRUCTURE CGENI_X2M_A9PP140ZTL_C30.
INFO (XSTRM-223): 523. Translating cellView sc9mcpp140z_cln28ht_base_lvt_c30/NRPAn_tOg_hAWn6qw8ur_nO9/layout as STRUCTURE NRPAn_tOg_hAWn6qw8ur_nO9.
INFO (XSTRM-223): 524. Translating cellView sc9mcpp140z_cln28ht_base_lvt_c30/NAND3_X4M_A9PP140ZTL_C30/layout as STRUCTURE NAND3_X4M_A9PP140ZTL_C30.
INFO (XSTRM-223): 525. Translating cellView sc9mcpp140z_cln28ht_base_lvt_c30/ORrzi_tqg_hAWn6qw8ur_nO9/layout as STRUCTURE ORrzi_tqg_hAWn6qw8ur_nO9.
INFO (XSTRM-223): 526. Translating cellView sc9mcpp140z_cln28ht_base_lvt_c30/OA1B2_X8M_A9PP140ZTL_C30/layout as STRUCTURE OA1B2_X8M_A9PP140ZTL_C30.
INFO (XSTRM-223): 527. Translating cellView sc9mcpp140z_cln28ht_base_lvt_c30/OReni_tFg_hAWn6qw8ur_nO9/layout as STRUCTURE OReni_tFg_hAWn6qw8ur_nO9.
INFO (XSTRM-223): 528. Translating cellView sc9mcpp140z_cln28ht_base_lvt_c30/OAI22_X2M_A9PP140ZTL_C30/layout as STRUCTURE OAI22_X2M_A9PP140ZTL_C30.
INFO (XSTRM-223): 529. Translating cellView sc9mcpp140z_cln28ht_base_lvt_c30/ORenB_tqg_hAWn6qw8ur_nO9/layout as STRUCTURE ORenB_tqg_hAWn6qw8ur_nO9.
INFO (XSTRM-223): 530. Translating cellView sc9mcpp140z_cln28ht_base_lvt_c30/OAI21_X8M_A9PP140ZTL_C30/layout as STRUCTURE OAI21_X8M_A9PP140ZTL_C30.
INFO (XSTRM-223): 531. Translating cellView sc9mcpp140z_cln28ht_base_lvt_c30/ORenBT_M8Y_eRniObBEmw_i8G/layout as STRUCTURE ORenBT_M8Y_eRniObBEmw_i8G.
INFO (XSTRM-223): 532. Translating cellView sc9mcpp140z_cln28ht_base_lvt_c30/OAI21B_X4M_A9PP140ZTL_C30/layout as STRUCTURE OAI21B_X4M_A9PP140ZTL_C30.
INFO (XSTRM-223): 533. Translating cellView sc9mcpp140z_cln28ht_base_lvt_c30/N8bW_U6m_IalWyRrOfF_W6T/layout as STRUCTURE N8bW_U6m_IalWyRrOfF_W6T.
INFO (XSTRM-223): 534. Translating cellView sc9mcpp140z_cln28ht_base_lvt_c30/NOR3_X4A_A9PP140ZTL_C30/layout as STRUCTURE NOR3_X4A_A9PP140ZTL_C30.
INFO (XSTRM-223): 535. Translating cellView sc9mcpp140z_cln28ht_base_lvt_c30/XLExi_t1g_hAWn6qw8ur_nO9/layout as STRUCTURE XLExi_t1g_hAWn6qw8ur_nO9.
INFO (XSTRM-223): 536. Translating cellView sc9mcpp140z_cln28ht_base_lvt_c30/XNOR2_X3M_A9PP140ZTL_C30/layout as STRUCTURE XNOR2_X3M_A9PP140ZTL_C30.
INFO (XSTRM-223): 537. Translating cellView sc9mcpp140z_cln28ht_base_lvt_c30/NRPAi_t17_hAWn6qw8ur_nO9/layout as STRUCTURE NRPAi_t17_hAWn6qw8ur_nO9.
INFO (XSTRM-223): 538. Translating cellView sc9mcpp140z_cln28ht_base_lvt_c30/NAND2_X3B_A9PP140ZTL_C30/layout as STRUCTURE NAND2_X3B_A9PP140ZTL_C30.
INFO (XSTRM-223): 539. Translating cellView sc9mcpp140z_cln28ht_base_lvt_c30/A8eni_tOg_hAWn6qw8ur_nO9/layout as STRUCTURE A8eni_tOg_hAWn6qw8ur_nO9.
INFO (XSTRM-223): 540. Translating cellView sc9mcpp140z_cln28ht_base_lvt_c30/AOI22_X4M_A9PP140ZTL_C30/layout as STRUCTURE AOI22_X4M_A9PP140ZTL_C30.
INFO (XSTRM-223): 541. Translating cellView sc9mcpp140z_cln28ht_base_lvt_c30/ORenBT_MFY_eRniObBEmw_i8G/layout as STRUCTURE ORenBT_MFY_eRniObBEmw_i8G.
INFO (XSTRM-223): 542. Translating cellView sc9mcpp140z_cln28ht_base_lvt_c30/OAI21B_X3M_A9PP140ZTL_C30/layout as STRUCTURE OAI21B_X3M_A9PP140ZTL_C30.
INFO (XSTRM-223): 543. Translating cellView sc9mcpp140z_cln28ht_base_lvt_c30/X8bW_UZ0_IalWyRrOfF_W6T/layout as STRUCTURE X8bW_UZ0_IalWyRrOfF_W6T.
INFO (XSTRM-223): 544. Translating cellView sc9mcpp140z_cln28ht_base_lvt_c30/XOR3_X3M_A9PP140ZTL_C30/layout as STRUCTURE XOR3_X3M_A9PP140ZTL_C30.
INFO (XSTRM-223): 545. Translating cellView sc9mcpp140z_cln28ht_base_lvt_c30/ORensTo_5wk_VqiZ8xKDJB_ZE7/layout as STRUCTURE ORensTo_5wk_VqiZ8xKDJB_ZE7.
INFO (XSTRM-223): 546. Translating cellView sc9mcpp140z_cln28ht_base_lvt_c30/OAI2XB1_X2M_A9PP140ZTL_C30/layout as STRUCTURE OAI2XB1_X2M_A9PP140ZTL_C30.
INFO (XSTRM-223): 547. Translating cellView sc9mcpp140z_cln28ht_base_lvt_c30/A8enB_tAg_hAWn6qw8ur_nO9/layout as STRUCTURE A8enB_tAg_hAWn6qw8ur_nO9.
INFO (XSTRM-223): 548. Translating cellView sc9mcpp140z_cln28ht_base_lvt_c30/AOI21_X6M_A9PP140ZTL_C30/layout as STRUCTURE AOI21_X6M_A9PP140ZTL_C30.
INFO (XSTRM-223): 549. Translating cellView sc9mcpp140z_cln28ht_base_lvt_c30/ORenBT_MrY_eRniObBEmw_i8G/layout as STRUCTURE ORenBT_MrY_eRniObBEmw_i8G.
INFO (XSTRM-223): 550. Translating cellView sc9mcpp140z_cln28ht_base_lvt_c30/OAI21B_X2M_A9PP140ZTL_C30/layout as STRUCTURE OAI21B_X2M_A9PP140ZTL_C30.
INFO (XSTRM-223): 551. Translating cellView sc9mcpp140z_cln28ht_base_lvt_c30/N8bn_U10_IalWyRrOfF_W6T/layout as STRUCTURE N8bn_U10_IalWyRrOfF_W6T.
INFO (XSTRM-223): 552. Translating cellView sc9mcpp140z_cln28ht_base_lvt_c30/NOR2_X2M_A9PP140ZTL_C30/layout as STRUCTURE NOR2_X2M_A9PP140ZTL_C30.
INFO (XSTRM-223): 553. Translating cellView sc9mcpp140z_cln28ht_base_lvt_c30/A8Ww4_tOg_hAWn6qw8ur_nO9/layout as STRUCTURE A8Ww4_tOg_hAWn6qw8ur_nO9.
INFO (XSTRM-223): 554. Translating cellView sc9mcpp140z_cln28ht_base_lvt_c30/AO21B_X4M_A9PP140ZTL_C30/layout as STRUCTURE AO21B_X4M_A9PP140ZTL_C30.
INFO (XSTRM-223): 555. Translating cellView sc9mcpp140z_cln28ht_base_lvt_c30/N8bn_U6m_IalWyRrOfF_W6T/layout as STRUCTURE N8bn_U6m_IalWyRrOfF_W6T.
INFO (XSTRM-223): 556. Translating cellView sc9mcpp140z_cln28ht_base_lvt_c30/NOR2_X4A_A9PP140ZTL_C30/layout as STRUCTURE NOR2_X4A_A9PP140ZTL_C30.
INFO (XSTRM-223): 557. Translating cellView sc9mcpp140z_cln28ht_base_lvt_c30/OqW_siH_Jv2l7AF6x1_ly4/layout as STRUCTURE OqW_siH_Jv2l7AF6x1_ly4.
INFO (XSTRM-223): 558. Translating cellView sc9mcpp140z_cln28ht_base_lvt_c30/OR2_X3M_A9PP140ZTL_C30/layout as STRUCTURE OR2_X3M_A9PP140ZTL_C30.
INFO (XSTRM-223): 559. Translating cellView sc9mcpp140z_cln28ht_base_lvt_c30/NRPAn_tFg_hAWn6qw8ur_nO9/layout as STRUCTURE NRPAn_tFg_hAWn6qw8ur_nO9.
INFO (XSTRM-223): 560. Translating cellView sc9mcpp140z_cln28ht_base_lvt_c30/NAND3_X2M_A9PP140ZTL_C30/layout as STRUCTURE NAND3_X2M_A9PP140ZTL_C30.
INFO (XSTRM-223): 561. Translating cellView sc9mcpp140z_cln28ht_base_lvt_c30/N8bn_U6G_IalWyRrOfF_W6T/layout as STRUCTURE N8bn_U6G_IalWyRrOfF_W6T.
INFO (XSTRM-223): 562. Translating cellView sc9mcpp140z_cln28ht_base_lvt_c30/NOR2_X4B_A9PP140ZTL_C30/layout as STRUCTURE NOR2_X4B_A9PP140ZTL_C30.
INFO (XSTRM-223): 563. Translating cellView sc9mcpp140z_cln28ht_base_lvt_c30/A8enBT_MFY_eRniObBEmw_i8G/layout as STRUCTURE A8enBT_MFY_eRniObBEmw_i8G.
INFO (XSTRM-223): 564. Translating cellView sc9mcpp140z_cln28ht_base_lvt_c30/AOI21B_X3M_A9PP140ZTL_C30/layout as STRUCTURE AOI21B_X3M_A9PP140ZTL_C30.
INFO (XSTRM-223): 565. Translating cellView sc9mcpp140z_cln28ht_base_lvt_c30/ALan_U10_IalWyRrOfF_W6T/layout as STRUCTURE ALan_U10_IalWyRrOfF_W6T.
INFO (XSTRM-223): 566. Translating cellView sc9mcpp140z_cln28ht_base_lvt_c30/AND2_X2M_A9PP140ZTL_C30/layout as STRUCTURE AND2_X2M_A9PP140ZTL_C30.
INFO (XSTRM-223): 567. Translating cellView sc9mcpp140z_cln28ht_base_lvt_c30/NRPAnUtG_NDj_dbZ1EfovIK_1Dy/layout as STRUCTURE NRPAnUtG_NDj_dbZ1EfovIK_1Dy.
INFO (XSTRM-223): 568. Translating cellView sc9mcpp140z_cln28ht_base_lvt_c30/NAND3XXB_X4M_A9PP140ZTL_C30/layout as STRUCTURE NAND3XXB_X4M_A9PP140ZTL_C30.
INFO (XSTRM-223): 569. Translating cellView sc9mcpp140z_cln28ht_base_lvt_c30/A8rzi_tAg_hAWn6qw8ur_nO9/layout as STRUCTURE A8rzi_tAg_hAWn6qw8ur_nO9.
INFO (XSTRM-223): 570. Translating cellView sc9mcpp140z_cln28ht_base_lvt_c30/AO1B2_X6M_A9PP140ZTL_C30/layout as STRUCTURE AO1B2_X6M_A9PP140ZTL_C30.
INFO (XSTRM-223): 571. Translating cellView sc9mcpp140z_cln28ht_base_lvt_c30/N8bn4_tFg_hAWn6qw8ur_nO9/layout as STRUCTURE N8bn4_tFg_hAWn6qw8ur_nO9.
INFO (XSTRM-223): 572. Translating cellView sc9mcpp140z_cln28ht_base_lvt_c30/NOR2B_X2M_A9PP140ZTL_C30/layout as STRUCTURE NOR2B_X2M_A9PP140ZTL_C30.
INFO (XSTRM-223): 573. Translating cellView sc9mcpp140z_cln28ht_base_lvt_c30/A8eni_tzg_hAWn6qw8ur_nO9/layout as STRUCTURE A8eni_tzg_hAWn6qw8ur_nO9.
INFO (XSTRM-223): 574. Translating cellView sc9mcpp140z_cln28ht_base_lvt_c30/AOI22_X1M_A9PP140ZTL_C30/layout as STRUCTURE AOI22_X1M_A9PP140ZTL_C30.
INFO (XSTRM-223): 575. Translating cellView sc9mcpp140z_cln28ht_base_lvt_c30/N8bn_U1m_IalWyRrOfF_W6T/layout as STRUCTURE N8bn_U1m_IalWyRrOfF_W6T.
INFO (XSTRM-223): 576. Translating cellView sc9mcpp140z_cln28ht_base_lvt_c30/NOR2_X2A_A9PP140ZTL_C30/layout as STRUCTURE NOR2_X2A_A9PP140ZTL_C30.
INFO (XSTRM-223): 577. Translating cellView sc9mcpp140z_cln28ht_base_lvt_c30/N8bn_UZm_IalWyRrOfF_W6T/layout as STRUCTURE N8bn_UZm_IalWyRrOfF_W6T.
INFO (XSTRM-223): 578. Translating cellView sc9mcpp140z_cln28ht_base_lvt_c30/NOR2_X3A_A9PP140ZTL_C30/layout as STRUCTURE NOR2_X3A_A9PP140ZTL_C30.
INFO (XSTRM-223): 579. Translating cellView sc9mcpp140z_cln28ht_base_lvt_c30/N8bW_UZ0_IalWyRrOfF_W6T/layout as STRUCTURE N8bW_UZ0_IalWyRrOfF_W6T.
INFO (XSTRM-223): 580. Translating cellView sc9mcpp140z_cln28ht_base_lvt_c30/NOR3_X3M_A9PP140ZTL_C30/layout as STRUCTURE NOR3_X3M_A9PP140ZTL_C30.
INFO (XSTRM-223): 581. Translating cellView sc9mcpp140z_cln28ht_base_lvt_c30/ORrzi_tFg_hAWn6qw8ur_nO9/layout as STRUCTURE ORrzi_tFg_hAWn6qw8ur_nO9.
INFO (XSTRM-223): 582. Translating cellView sc9mcpp140z_cln28ht_base_lvt_c30/OA1B2_X2M_A9PP140ZTL_C30/layout as STRUCTURE OA1B2_X2M_A9PP140ZTL_C30.
INFO (XSTRM-223): 583. Translating cellView sc9mcpp140z_cln28ht_base_lvt_c30/NRPAi_tzSEk_VqiZ8xKDJB_ZE7/layout as STRUCTURE NRPAi_tzSEk_VqiZ8xKDJB_ZE7.
INFO (XSTRM-223): 584. Translating cellView sc9mcpp140z_cln28ht_base_lvt_c30/NAND2_X1P4M_A9PP140ZTL_C30/layout as STRUCTURE NAND2_X1P4M_A9PP140ZTL_C30.
INFO (XSTRM-223): 585. Translating cellView sc9mcpp140z_cln28ht_base_lvt_c30/N8bnsT_MRY_eRniObBEmw_i8G/layout as STRUCTURE N8bnsT_MRY_eRniObBEmw_i8G.
INFO (XSTRM-223): 586. Translating cellView sc9mcpp140z_cln28ht_base_lvt_c30/NOR2XB_X6M_A9PP140ZTL_C30/layout as STRUCTURE NOR2XB_X6M_A9PP140ZTL_C30.
INFO (XSTRM-223): 587. Translating cellView sc9mcpp140z_cln28ht_base_lvt_c30/NRPAiU9_5Ek_VqiZ8xKDJB_ZE7/layout as STRUCTURE NRPAiU9_5Ek_VqiZ8xKDJB_ZE7.
INFO (XSTRM-223): 588. Translating cellView sc9mcpp140z_cln28ht_base_lvt_c30/NAND2XB_X4M_A9PP140ZTL_C30/layout as STRUCTURE NAND2XB_X4M_A9PP140ZTL_C30.
INFO (XSTRM-223): 589. Translating cellView sc9mcpp140z_cln28ht_base_lvt_c30/A8rzi_tOg_hAWn6qw8ur_nO9/layout as STRUCTURE A8rzi_tOg_hAWn6qw8ur_nO9.
INFO (XSTRM-223): 590. Translating cellView sc9mcpp140z_cln28ht_base_lvt_c30/AO1B2_X4M_A9PP140ZTL_C30/layout as STRUCTURE AO1B2_X4M_A9PP140ZTL_C30.
INFO (XSTRM-223): 591. Translating cellView sc9mcpp140z_cln28ht_base_lvt_c30/N8bW_U1m_IalWyRrOfF_W6T/layout as STRUCTURE N8bW_U1m_IalWyRrOfF_W6T.
INFO (XSTRM-223): 592. Translating cellView sc9mcpp140z_cln28ht_base_lvt_c30/NOR3_X2A_A9PP140ZTL_C30/layout as STRUCTURE NOR3_X2A_A9PP140ZTL_C30.
INFO (XSTRM-223): 593. Translating cellView sc9mcpp140z_cln28ht_base_lvt_c30/NRPAnT9_5Ek_VqiZ8xKDJB_ZE7/layout as STRUCTURE NRPAnT9_5Ek_VqiZ8xKDJB_ZE7.
INFO (XSTRM-223): 594. Translating cellView sc9mcpp140z_cln28ht_base_lvt_c30/NAND3BB_X4M_A9PP140ZTL_C30/layout as STRUCTURE NAND3BB_X4M_A9PP140ZTL_C30.
INFO (XSTRM-223): 595. Translating cellView sc9mcpp140z_cln28ht_base_lvt_c30/BtwY_Uozg_hAWn6qw8ur_nO9/layout as STRUCTURE BtwY_Uozg_hAWn6qw8ur_nO9.
INFO (XSTRM-223): 596. Translating cellView sc9mcpp140z_cln28ht_base_lvt_c30/BUFH_X11M_A9PP140ZTL_C30/layout as STRUCTURE BUFH_X11M_A9PP140ZTL_C30.
INFO (XSTRM-223): 597. Translating cellView sc9mcpp140z_cln28ht_base_lvt_c30/ILX_sKoG_IalWyRrOfF_W6T/layout as STRUCTURE ILX_sKoG_IalWyRrOfF_W6T.
INFO (XSTRM-223): 598. Translating cellView sc9mcpp140z_cln28ht_base_lvt_c30/INV_X11B_A9PP140ZTL_C30/layout as STRUCTURE INV_X11B_A9PP140ZTL_C30.
INFO (XSTRM-223): 599. Translating cellView sc9mcpp140z_cln28ht_base_lvt_c30/MpGn_U10_IalWyRrOfF_W6T/layout as STRUCTURE MpGn_U10_IalWyRrOfF_W6T.
INFO (XSTRM-223): 600. Translating cellView sc9mcpp140z_cln28ht_base_lvt_c30/MXT2_X2M_A9PP140ZTL_C30/layout as STRUCTURE MXT2_X2M_A9PP140ZTL_C30.
INFO (XSTRM-223): 601. Translating cellView sc9mcpp140z_cln28ht_base_lvt_c30/ORenBK_M43Dj_dbZ1EfovIK_1Dy/layout as STRUCTURE ORenBK_M43Dj_dbZ1EfovIK_1Dy.
INFO (XSTRM-223): 602. Translating cellView sc9mcpp140z_cln28ht_base_lvt_c30/OAI211_X1P4M_A9PP140ZTL_C30/layout as STRUCTURE OAI211_X1P4M_A9PP140ZTL_C30.
INFO (XSTRM-223): 603. Translating cellView sc9mcpp140z_cln28ht_base_lvt_c30/N8bn_Uoj8I_eRniObBEmw_i8G/layout as STRUCTURE N8bn_Uoj8I_eRniObBEmw_i8G.
INFO (XSTRM-223): 604. Translating cellView sc9mcpp140z_cln28ht_base_lvt_c30/NOR2_X1P4A_A9PP140ZTL_C30/layout as STRUCTURE NOR2_X1P4A_A9PP140ZTL_C30.
INFO (XSTRM-223): 605. Translating cellView sc9mcpp140z_cln28ht_base_lvt_c30/N8bW_Uom_IalWyRrOfF_W6T/layout as STRUCTURE N8bW_Uom_IalWyRrOfF_W6T.
INFO (XSTRM-223): 606. Translating cellView sc9mcpp140z_cln28ht_base_lvt_c30/NOR3_X1A_A9PP140ZTL_C30/layout as STRUCTURE NOR3_X1A_A9PP140ZTL_C30.
INFO (XSTRM-223): 607. Translating cellView sc9mcpp140z_cln28ht_base_lvt_c30/X8bW_U3jYY_eRniObBEmw_i8G/layout as STRUCTURE X8bW_U3jYY_eRniObBEmw_i8G.
INFO (XSTRM-223): 608. Translating cellView sc9mcpp140z_cln28ht_base_lvt_c30/XOR3_X0P5M_A9PP140ZTL_C30/layout as STRUCTURE XOR3_X0P5M_A9PP140ZTL_C30.
INFO (XSTRM-223): 609. Translating cellView sc9mcpp140z_cln28ht_base_lvt_c30/N8bn_Uom_IalWyRrOfF_W6T/layout as STRUCTURE N8bn_Uom_IalWyRrOfF_W6T.
INFO (XSTRM-223): 610. Translating cellView sc9mcpp140z_cln28ht_base_lvt_c30/NOR2_X1A_A9PP140ZTL_C30/layout as STRUCTURE NOR2_X1A_A9PP140ZTL_C30.
INFO (XSTRM-223): 611. Translating cellView sc9mcpp140z_cln28ht_base_lvt_c30/AvaB_U10_IalWyRrOfF_W6T/layout as STRUCTURE AvaB_U10_IalWyRrOfF_W6T.
INFO (XSTRM-223): 612. Translating cellView sc9mcpp140z_cln28ht_base_lvt_c30/ADDF_X2M_A9PP140ZTL_C30/layout as STRUCTURE ADDF_X2M_A9PP140ZTL_C30.
INFO (XSTRM-223): 613. Translating cellView sc9mcpp140z_cln28ht_base_lvt_c30/N8bnsT_M8Y_eRniObBEmw_i8G/layout as STRUCTURE N8bnsT_M8Y_eRniObBEmw_i8G.
INFO (XSTRM-223): 614. Translating cellView sc9mcpp140z_cln28ht_base_lvt_c30/NOR2XB_X4M_A9PP140ZTL_C30/layout as STRUCTURE NOR2XB_X4M_A9PP140ZTL_C30.
INFO (XSTRM-223): 615. Translating cellView sc9mcpp140z_cln28ht_base_lvt_c30/NRPAnUtG_Nwj_dbZ1EfovIK_1Dy/layout as STRUCTURE NRPAnUtG_Nwj_dbZ1EfovIK_1Dy.
INFO (XSTRM-223): 616. Translating cellView sc9mcpp140z_cln28ht_base_lvt_c30/NAND3XXB_X3M_A9PP140ZTL_C30/layout as STRUCTURE NAND3XXB_X3M_A9PP140ZTL_C30.
INFO (XSTRM-223): 617. Translating cellView sc9mcpp140z_cln28ht_base_lvt_c30/NRPAi_t1J_hAWn6qw8ur_nO9/layout as STRUCTURE NRPAi_t1J_hAWn6qw8ur_nO9.
INFO (XSTRM-223): 618. Translating cellView sc9mcpp140z_cln28ht_base_lvt_c30/NAND2_X3A_A9PP140ZTL_C30/layout as STRUCTURE NAND2_X3A_A9PP140ZTL_C30.
INFO (XSTRM-223): 619. Translating cellView sc9mcpp140z_cln28ht_base_lvt_c30/NRPAiT_M4Y_eRniObBEmw_i8G/layout as STRUCTURE NRPAiT_M4Y_eRniObBEmw_i8G.
INFO (XSTRM-223): 620. Translating cellView sc9mcpp140z_cln28ht_base_lvt_c30/NAND2B_X1M_A9PP140ZTL_C30/layout as STRUCTURE NAND2B_X1M_A9PP140ZTL_C30.
INFO (XSTRM-223): 621. Translating cellView sc9mcpp140z_cln28ht_base_lvt_c30/ALan_Uo0_IalWyRrOfF_W6T/layout as STRUCTURE ALan_Uo0_IalWyRrOfF_W6T.
INFO (XSTRM-223): 622. Translating cellView sc9mcpp140z_cln28ht_base_lvt_c30/AND2_X1M_A9PP140ZTL_C30/layout as STRUCTURE AND2_X1M_A9PP140ZTL_C30.
INFO (XSTRM-223): 623. Translating cellView sc9mcpp140z_cln28ht_base_lvt_c30/A8rzi_tzg_hAWn6qw8ur_nO9/layout as STRUCTURE A8rzi_tzg_hAWn6qw8ur_nO9.
INFO (XSTRM-223): 624. Translating cellView sc9mcpp140z_cln28ht_base_lvt_c30/AO1B2_X1M_A9PP140ZTL_C30/layout as STRUCTURE AO1B2_X1M_A9PP140ZTL_C30.
INFO (XSTRM-223): 625. Translating cellView sc9mcpp140z_cln28ht_base_lvt_c30/A8Ww_UZ0_IalWyRrOfF_W6T/layout as STRUCTURE A8Ww_UZ0_IalWyRrOfF_W6T.
INFO (XSTRM-223): 626. Translating cellView sc9mcpp140z_cln28ht_base_lvt_c30/AO21_X3M_A9PP140ZTL_C30/layout as STRUCTURE AO21_X3M_A9PP140ZTL_C30.
INFO (XSTRM-223): 627. Translating cellView sc9mcpp140z_cln28ht_base_lvt_c30/XLExn_tzg_hAWn6qw8ur_nO9/layout as STRUCTURE XLExn_tzg_hAWn6qw8ur_nO9.
INFO (XSTRM-223): 628. Translating cellView sc9mcpp140z_cln28ht_base_lvt_c30/XNOR3_X1M_A9PP140ZTL_C30/layout as STRUCTURE XNOR3_X1M_A9PP140ZTL_C30.
INFO (XSTRM-223): 629. Translating cellView sc9mcpp140z_cln28ht_base_lvt_c30/OqW_si9_Jv2l7AF6x1_ly4/layout as STRUCTURE OqW_si9_Jv2l7AF6x1_ly4.
INFO (XSTRM-223): 630. Translating cellView sc9mcpp140z_cln28ht_base_lvt_c30/OR2_X3B_A9PP140ZTL_C30/layout as STRUCTURE OR2_X3B_A9PP140ZTL_C30.
INFO (XSTRM-223): 631. Translating cellView sc9mcpp140z_cln28ht_base_lvt_c30/N8bn_U60_IalWyRrOfF_W6T/layout as STRUCTURE N8bn_U60_IalWyRrOfF_W6T.
INFO (XSTRM-223): 632. Translating cellView sc9mcpp140z_cln28ht_base_lvt_c30/NOR2_X4M_A9PP140ZTL_C30/layout as STRUCTURE NOR2_X4M_A9PP140ZTL_C30.
INFO (XSTRM-223): 633. Translating cellView sc9mcpp140z_cln28ht_base_lvt_c30/ORrzi_tzSEk_VqiZ8xKDJB_ZE7/layout as STRUCTURE ORrzi_tzSEk_VqiZ8xKDJB_ZE7.
INFO (XSTRM-223): 634. Translating cellView sc9mcpp140z_cln28ht_base_lvt_c30/OA1B2_X1P4M_A9PP140ZTL_C30/layout as STRUCTURE OA1B2_X1P4M_A9PP140ZTL_C30.
INFO (XSTRM-223): 635. Translating cellView sc9mcpp140z_cln28ht_base_lvt_c30/X8bW_Uo0_IalWyRrOfF_W6T/layout as STRUCTURE X8bW_Uo0_IalWyRrOfF_W6T.
INFO (XSTRM-223): 636. Translating cellView sc9mcpp140z_cln28ht_base_lvt_c30/XOR3_X1M_A9PP140ZTL_C30/layout as STRUCTURE XOR3_X1M_A9PP140ZTL_C30.
INFO (XSTRM-223): 637. Translating cellView sc9mcpp140z_cln28ht_base_lvt_c30/ORensTo_5Tk_VqiZ8xKDJB_ZE7/layout as STRUCTURE ORensTo_5Tk_VqiZ8xKDJB_ZE7.
INFO (XSTRM-223): 638. Translating cellView sc9mcpp140z_cln28ht_base_lvt_c30/OAI2XB1_X1M_A9PP140ZTL_C30/layout as STRUCTURE OAI2XB1_X1M_A9PP140ZTL_C30.
INFO (XSTRM-223): 639. Translating cellView sc9mcpp140z_cln28ht_base_lvt_c30/X8bn_U3jaY_eRniObBEmw_i8G/layout as STRUCTURE X8bn_U3jaY_eRniObBEmw_i8G.
INFO (XSTRM-223): 640. Translating cellView sc9mcpp140z_cln28ht_base_lvt_c30/XOR2_X0P7M_A9PP140ZTL_C30/layout as STRUCTURE XOR2_X0P7M_A9PP140ZTL_C30.
INFO (XSTRM-223): 641. Translating cellView sc9mcpp140z_cln28ht_base_lvt_c30/X8bW_Uoj8Y_eRniObBEmw_i8G/layout as STRUCTURE X8bW_Uoj8Y_eRniObBEmw_i8G.
INFO (XSTRM-223): 642. Translating cellView sc9mcpp140z_cln28ht_base_lvt_c30/XOR3_X1P4M_A9PP140ZTL_C30/layout as STRUCTURE XOR3_X1P4M_A9PP140ZTL_C30.
INFO (XSTRM-223): 643. Translating cellView sc9mcpp140z_cln28ht_base_lvt_c30/XLExn_tzSEk_VqiZ8xKDJB_ZE7/layout as STRUCTURE XLExn_tzSEk_VqiZ8xKDJB_ZE7.
INFO (XSTRM-223): 644. Translating cellView sc9mcpp140z_cln28ht_base_lvt_c30/XNOR3_X1P4M_A9PP140ZTL_C30/layout as STRUCTURE XNOR3_X1P4M_A9PP140ZTL_C30.
INFO (XSTRM-223): 645. Translating cellView sc9mcpp140z_cln28ht_base_lvt_c30/ALan_UZG_IalWyRrOfF_W6T/layout as STRUCTURE ALan_UZG_IalWyRrOfF_W6T.
INFO (XSTRM-223): 646. Translating cellView sc9mcpp140z_cln28ht_base_lvt_c30/AND2_X3B_A9PP140ZTL_C30/layout as STRUCTURE AND2_X3B_A9PP140ZTL_C30.
INFO (XSTRM-223): 647. Translating cellView sc9mcpp140z_cln28ht_base_lvt_c30/X8bW_U60_IalWyRrOfF_W6T/layout as STRUCTURE X8bW_U60_IalWyRrOfF_W6T.
INFO (XSTRM-223): 648. Translating cellView sc9mcpp140z_cln28ht_base_lvt_c30/XOR3_X4M_A9PP140ZTL_C30/layout as STRUCTURE XOR3_X4M_A9PP140ZTL_C30.
INFO (XSTRM-223): 649. Translating cellView sc9mcpp140z_cln28ht_base_lvt_c30/ALan_UZ0_IalWyRrOfF_W6T/layout as STRUCTURE ALan_UZ0_IalWyRrOfF_W6T.
INFO (XSTRM-223): 650. Translating cellView sc9mcpp140z_cln28ht_base_lvt_c30/AND2_X3M_A9PP140ZTL_C30/layout as STRUCTURE AND2_X3M_A9PP140ZTL_C30.
INFO (XSTRM-223): 651. Translating cellView sc9mcpp140z_cln28ht_base_lvt_c30/ALan_Uoj8Y_eRniObBEmw_i8G/layout as STRUCTURE ALan_Uoj8Y_eRniObBEmw_i8G.
INFO (XSTRM-223): 652. Translating cellView sc9mcpp140z_cln28ht_base_lvt_c30/AND2_X1P4M_A9PP140ZTL_C30/layout as STRUCTURE AND2_X1P4M_A9PP140ZTL_C30.
INFO (XSTRM-223): 653. Translating cellView sc9mcpp140z_cln28ht_base_lvt_c30/N8bn4_tzg_hAWn6qw8ur_nO9/layout as STRUCTURE N8bn4_tzg_hAWn6qw8ur_nO9.
INFO (XSTRM-223): 654. Translating cellView sc9mcpp140z_cln28ht_base_lvt_c30/NOR2B_X1M_A9PP140ZTL_C30/layout as STRUCTURE NOR2B_X1M_A9PP140ZTL_C30.
INFO (XSTRM-223): 655. Translating cellView sc9mcpp140z_cln28ht_base_lvt_c30/N8bW4T_M4Y_eRniObBEmw_i8G/layout as STRUCTURE N8bW4T_M4Y_eRniObBEmw_i8G.
INFO (XSTRM-223): 656. Translating cellView sc9mcpp140z_cln28ht_base_lvt_c30/NOR3BB_X1M_A9PP140ZTL_C30/layout as STRUCTURE NOR3BB_X1M_A9PP140ZTL_C30.
INFO (XSTRM-223): 657. Translating cellView sc9mcpp140z_cln28ht_base_lvt_c30/NRPAiU9_5qk_VqiZ8xKDJB_ZE7/layout as STRUCTURE NRPAiU9_5qk_VqiZ8xKDJB_ZE7.
INFO (XSTRM-223): 658. Translating cellView sc9mcpp140z_cln28ht_base_lvt_c30/NAND2XB_X6M_A9PP140ZTL_C30/layout as STRUCTURE NAND2XB_X6M_A9PP140ZTL_C30.
INFO (XSTRM-223): 659. Translating cellView sc9mcpp140z_cln28ht_base_lvt_c30/N8bnsT_MrY_eRniObBEmw_i8G/layout as STRUCTURE N8bnsT_MrY_eRniObBEmw_i8G.
INFO (XSTRM-223): 660. Translating cellView sc9mcpp140z_cln28ht_base_lvt_c30/NOR2XB_X2M_A9PP140ZTL_C30/layout as STRUCTURE NOR2XB_X2M_A9PP140ZTL_C30.
INFO (XSTRM-223): 661. Translating cellView sc9mcpp140z_cln28ht_base_lvt_c30/N8bn_UoG_IalWyRrOfF_W6T/layout as STRUCTURE N8bn_UoG_IalWyRrOfF_W6T.
INFO (XSTRM-223): 662. Translating cellView sc9mcpp140z_cln28ht_base_lvt_c30/NOR2_X1B_A9PP140ZTL_C30/layout as STRUCTURE NOR2_X1B_A9PP140ZTL_C30.
INFO (XSTRM-223): 663. Translating cellView sc9mcpp140z_cln28ht_base_lvt_c30/ORWw4_tzg_hAWn6qw8ur_nO9/layout as STRUCTURE ORWw4_tzg_hAWn6qw8ur_nO9.
INFO (XSTRM-223): 664. Translating cellView sc9mcpp140z_cln28ht_base_lvt_c30/OA21B_X1M_A9PP140ZTL_C30/layout as STRUCTURE OA21B_X1M_A9PP140ZTL_C30.
INFO (XSTRM-223): 665. Translating cellView sc9mcpp140z_cln28ht_base_lvt_c30/A8Ww4_t1g_hAWn6qw8ur_nO9/layout as STRUCTURE A8Ww4_t1g_hAWn6qw8ur_nO9.
INFO (XSTRM-223): 666. Translating cellView sc9mcpp140z_cln28ht_base_lvt_c30/AO21B_X3M_A9PP140ZTL_C30/layout as STRUCTURE AO21B_X3M_A9PP140ZTL_C30.
INFO (XSTRM-223): 667. Translating cellView sc9mcpp140z_cln28ht_base_lvt_c30/N8bnsT_M4Y_eRniObBEmw_i8G/layout as STRUCTURE N8bnsT_M4Y_eRniObBEmw_i8G.
INFO (XSTRM-223): 668. Translating cellView sc9mcpp140z_cln28ht_base_lvt_c30/NOR2XB_X1M_A9PP140ZTL_C30/layout as STRUCTURE NOR2XB_X1M_A9PP140ZTL_C30.
INFO (XSTRM-223): 669. Translating cellView sc9mcpp140z_cln28ht_base_lvt_c30/NRPAn_t1J_hAWn6qw8ur_nO9/layout as STRUCTURE NRPAn_t1J_hAWn6qw8ur_nO9.
INFO (XSTRM-223): 670. Translating cellView sc9mcpp140z_cln28ht_base_lvt_c30/NAND3_X3A_A9PP140ZTL_C30/layout as STRUCTURE NAND3_X3A_A9PP140ZTL_C30.
INFO (XSTRM-223): 671. Translating cellView sc9mcpp140z_cln28ht_base_lvt_c30/NRPAnT9_5wk_VqiZ8xKDJB_ZE7/layout as STRUCTURE NRPAnT9_5wk_VqiZ8xKDJB_ZE7.
INFO (XSTRM-223): 672. Translating cellView sc9mcpp140z_cln28ht_base_lvt_c30/NAND3BB_X2M_A9PP140ZTL_C30/layout as STRUCTURE NAND3BB_X2M_A9PP140ZTL_C30.
INFO (XSTRM-223): 673. Translating cellView sc9mcpp140z_cln28ht_base_lvt_c30/AvaB_Uoj8Y_eRniObBEmw_i8G/layout as STRUCTURE AvaB_Uoj8Y_eRniObBEmw_i8G.
INFO (XSTRM-223): 674. Translating cellView sc9mcpp140z_cln28ht_base_lvt_c30/ADDF_X1P4M_A9PP140ZTL_C30/layout as STRUCTURE ADDF_X1P4M_A9PP140ZTL_C30.
INFO (XSTRM-223): 675. Translating cellView sc9mcpp140z_cln28ht_base_lvt_c30/ORrzi_t1g_hAWn6qw8ur_nO9/layout as STRUCTURE ORrzi_t1g_hAWn6qw8ur_nO9.
INFO (XSTRM-223): 676. Translating cellView sc9mcpp140z_cln28ht_base_lvt_c30/OA1B2_X3M_A9PP140ZTL_C30/layout as STRUCTURE OA1B2_X3M_A9PP140ZTL_C30.
INFO (XSTRM-223): 677. Translating cellView sc9mcpp140z_cln28ht_base_lvt_c30/XLExi_tzSEk_VqiZ8xKDJB_ZE7/layout as STRUCTURE XLExi_tzSEk_VqiZ8xKDJB_ZE7.
INFO (XSTRM-223): 678. Translating cellView sc9mcpp140z_cln28ht_base_lvt_c30/XNOR2_X1P4M_A9PP140ZTL_C30/layout as STRUCTURE XNOR2_X1P4M_A9PP140ZTL_C30.
INFO (XSTRM-223): 679. Translating cellView sc9mcpp140z_cln28ht_base_lvt_c30/A8ensTo_5Ek_VqiZ8xKDJB_ZE7/layout as STRUCTURE A8ensTo_5Ek_VqiZ8xKDJB_ZE7.
INFO (XSTRM-223): 680. Translating cellView sc9mcpp140z_cln28ht_base_lvt_c30/AOI2XB1_X4M_A9PP140ZTL_C30/layout as STRUCTURE AOI2XB1_X4M_A9PP140ZTL_C30.
INFO (XSTRM-223): 681. Translating cellView sc9mcpp140z_cln28ht_base_lvt_c30/OqW_sKH_Jv2l7AF6x1_ly4/layout as STRUCTURE OqW_sKH_Jv2l7AF6x1_ly4.
INFO (XSTRM-223): 682. Translating cellView sc9mcpp140z_cln28ht_base_lvt_c30/OR2_X1M_A9PP140ZTL_C30/layout as STRUCTURE OR2_X1M_A9PP140ZTL_C30.
INFO (XSTRM-223): 683. Translating cellView sc9mcpp140z_cln28ht_base_lvt_c30/A8rzi_t1g_hAWn6qw8ur_nO9/layout as STRUCTURE A8rzi_t1g_hAWn6qw8ur_nO9.
INFO (XSTRM-223): 684. Translating cellView sc9mcpp140z_cln28ht_base_lvt_c30/AO1B2_X3M_A9PP140ZTL_C30/layout as STRUCTURE AO1B2_X3M_A9PP140ZTL_C30.
INFO (XSTRM-223): 685. Translating cellView sc9mcpp140z_cln28ht_base_lvt_c30/NRPAnT_MFY_eRniObBEmw_i8G/layout as STRUCTURE NRPAnT_MFY_eRniObBEmw_i8G.
INFO (XSTRM-223): 686. Translating cellView sc9mcpp140z_cln28ht_base_lvt_c30/NAND3B_X3M_A9PP140ZTL_C30/layout as STRUCTURE NAND3B_X3M_A9PP140ZTL_C30.
INFO (XSTRM-223): 687. Translating cellView sc9mcpp140z_cln28ht_base_lvt_c30/N8bn_U1G_IalWyRrOfF_W6T/layout as STRUCTURE N8bn_U1G_IalWyRrOfF_W6T.
INFO (XSTRM-223): 688. Translating cellView sc9mcpp140z_cln28ht_base_lvt_c30/NOR2_X2B_A9PP140ZTL_C30/layout as STRUCTURE NOR2_X2B_A9PP140ZTL_C30.
INFO (XSTRM-223): 689. Translating cellView sc9mcpp140z_cln28ht_base_lvt_c30/OqW_sK9_Jv2l7AF6x1_ly4/layout as STRUCTURE OqW_sK9_Jv2l7AF6x1_ly4.
INFO (XSTRM-223): 690. Translating cellView sc9mcpp140z_cln28ht_base_lvt_c30/OR2_X1B_A9PP140ZTL_C30/layout as STRUCTURE OR2_X1B_A9PP140ZTL_C30.
INFO (XSTRM-223): 691. Translating cellView sc9mcpp140z_cln28ht_base_lvt_c30/ORensTo_5Ek_VqiZ8xKDJB_ZE7/layout as STRUCTURE ORensTo_5Ek_VqiZ8xKDJB_ZE7.
INFO (XSTRM-223): 692. Translating cellView sc9mcpp140z_cln28ht_base_lvt_c30/OAI2XB1_X4M_A9PP140ZTL_C30/layout as STRUCTURE OAI2XB1_X4M_A9PP140ZTL_C30.
INFO (XSTRM-223): 693. Translating cellView sc9mcpp140z_cln28ht_base_lvt_c30/A8ensTo_5Tk_VqiZ8xKDJB_ZE7/layout as STRUCTURE A8ensTo_5Tk_VqiZ8xKDJB_ZE7.
INFO (XSTRM-223): 694. Translating cellView sc9mcpp140z_cln28ht_base_lvt_c30/AOI2XB1_X1M_A9PP140ZTL_C30/layout as STRUCTURE AOI2XB1_X1M_A9PP140ZTL_C30.
INFO (XSTRM-223): 695. Translating cellView sc9mcpp140z_cln28ht_base_lvt_c30/N8bW_UZm_IalWyRrOfF_W6T/layout as STRUCTURE N8bW_UZm_IalWyRrOfF_W6T.
INFO (XSTRM-223): 696. Translating cellView sc9mcpp140z_cln28ht_base_lvt_c30/NOR3_X3A_A9PP140ZTL_C30/layout as STRUCTURE NOR3_X3A_A9PP140ZTL_C30.
INFO (XSTRM-223): 697. Translating cellView sc9mcpp140z_cln28ht_base_lvt_c30/NRPAnT9_5rk_VqiZ8xKDJB_ZE7/layout as STRUCTURE NRPAnT9_5rk_VqiZ8xKDJB_ZE7.
INFO (XSTRM-223): 698. Translating cellView sc9mcpp140z_cln28ht_base_lvt_c30/NAND3BB_X3M_A9PP140ZTL_C30/layout as STRUCTURE NAND3BB_X3M_A9PP140ZTL_C30.
INFO (XSTRM-223): 699. Translating cellView sc9mcpp140z_cln28ht_base_lvt_c30/A8eniT9_5Tk_VqiZ8xKDJB_ZE7/layout as STRUCTURE A8eniT9_5Tk_VqiZ8xKDJB_ZE7.
INFO (XSTRM-223): 700. Translating cellView sc9mcpp140z_cln28ht_base_lvt_c30/AOI22BB_X1M_A9PP140ZTL_C30/layout as STRUCTURE AOI22BB_X1M_A9PP140ZTL_C30.
INFO (XSTRM-223): 701. Translating cellView sc9mcpp140z_cln28ht_base_lvt_c30/N8bW4T_M8Y_eRniObBEmw_i8G/layout as STRUCTURE N8bW4T_M8Y_eRniObBEmw_i8G.
INFO (XSTRM-223): 702. Translating cellView sc9mcpp140z_cln28ht_base_lvt_c30/NOR3BB_X4M_A9PP140ZTL_C30/layout as STRUCTURE NOR3BB_X4M_A9PP140ZTL_C30.
INFO (XSTRM-223): 703. Translating cellView sc9mcpp140z_cln28ht_base_lvt_c30/A8eWB_tzSEk_VqiZ8xKDJB_ZE7/layout as STRUCTURE A8eWB_tzSEk_VqiZ8xKDJB_ZE7.
INFO (XSTRM-223): 704. Translating cellView sc9mcpp140z_cln28ht_base_lvt_c30/AOI31_X1P4M_A9PP140ZTL_C30/layout as STRUCTURE AOI31_X1P4M_A9PP140ZTL_C30.
INFO (XSTRM-223): 705. Translating cellView sc9mcpp140z_cln28ht_base_lvt_c30/NRPAn_tFJ_hAWn6qw8ur_nO9/layout as STRUCTURE NRPAn_tFJ_hAWn6qw8ur_nO9.
INFO (XSTRM-223): 706. Translating cellView sc9mcpp140z_cln28ht_base_lvt_c30/NAND3_X2A_A9PP140ZTL_C30/layout as STRUCTURE NAND3_X2A_A9PP140ZTL_C30.
INFO (XSTRM-223): 707. Translating cellView sc9mcpp140z_cln28ht_base_lvt_c30/X8bn_U3jYY_eRniObBEmw_i8G/layout as STRUCTURE X8bn_U3jYY_eRniObBEmw_i8G.
INFO (XSTRM-223): 708. Translating cellView sc9mcpp140z_cln28ht_base_lvt_c30/XOR2_X0P5M_A9PP140ZTL_C30/layout as STRUCTURE XOR2_X0P5M_A9PP140ZTL_C30.
INFO (XSTRM-223): 709. Translating cellView sc9mcpp140z_cln28ht_base_lvt_c30/NRPAnUtG_N9j_dbZ1EfovIK_1Dy/layout as STRUCTURE NRPAnUtG_N9j_dbZ1EfovIK_1Dy.
INFO (XSTRM-223): 710. Translating cellView sc9mcpp140z_cln28ht_base_lvt_c30/NAND3XXB_X1M_A9PP140ZTL_C30/layout as STRUCTURE NAND3XXB_X1M_A9PP140ZTL_C30.
INFO (XSTRM-223): 711. Translating cellView sc9mcpp140z_cln28ht_base_lvt_c30/A8Ww_Uoj8Y_eRniObBEmw_i8G/layout as STRUCTURE A8Ww_Uoj8Y_eRniObBEmw_i8G.
INFO (XSTRM-223): 712. Translating cellView sc9mcpp140z_cln28ht_base_lvt_c30/AO21_X1P4M_A9PP140ZTL_C30/layout as STRUCTURE AO21_X1P4M_A9PP140ZTL_C30.
INFO (XSTRM-223): 713. Translating cellView sc9mcpp140z_cln28ht_base_lvt_c30/X8bW_U3jaY_eRniObBEmw_i8G/layout as STRUCTURE X8bW_U3jaY_eRniObBEmw_i8G.
INFO (XSTRM-223): 714. Translating cellView sc9mcpp140z_cln28ht_base_lvt_c30/XOR3_X0P7M_A9PP140ZTL_C30/layout as STRUCTURE XOR3_X0P7M_A9PP140ZTL_C30.
INFO (XSTRM-223): 715. Translating cellView sc9mcpp140z_cln28ht_base_lvt_c30/N8bW_U60_IalWyRrOfF_W6T/layout as STRUCTURE N8bW_U60_IalWyRrOfF_W6T.
INFO (XSTRM-223): 716. Translating cellView sc9mcpp140z_cln28ht_base_lvt_c30/NOR3_X4M_A9PP140ZTL_C30/layout as STRUCTURE NOR3_X4M_A9PP140ZTL_C30.
INFO (XSTRM-223): 717. Translating cellView sc9mcpp140z_cln28ht_base_lvt_c30/MpGn_Ua0_IalWyRrOfF_W6T/layout as STRUCTURE MpGn_Ua0_IalWyRrOfF_W6T.
INFO (XSTRM-223): 718. Translating cellView sc9mcpp140z_cln28ht_base_lvt_c30/MXT2_X6M_A9PP140ZTL_C30/layout as STRUCTURE MXT2_X6M_A9PP140ZTL_C30.
INFO (XSTRM-223): 719. Translating cellView sc9mcpp140z_cln28ht_base_lvt_c30/ORrzi_tzg_hAWn6qw8ur_nO9/layout as STRUCTURE ORrzi_tzg_hAWn6qw8ur_nO9.
INFO (XSTRM-223): 720. Translating cellView sc9mcpp140z_cln28ht_base_lvt_c30/OA1B2_X1M_A9PP140ZTL_C30/layout as STRUCTURE OA1B2_X1M_A9PP140ZTL_C30.
INFO (XSTRM-223): 721. Translating cellView sc9mcpp140z_cln28ht_base_lvt_c30/NRPA7T9_5wk_VqiZ8xKDJB_ZE7/layout as STRUCTURE NRPA7T9_5wk_VqiZ8xKDJB_ZE7.
INFO (XSTRM-223): 722. Translating cellView sc9mcpp140z_cln28ht_base_lvt_c30/NAND4BB_X2M_A9PP140ZTL_C30/layout as STRUCTURE NAND4BB_X2M_A9PP140ZTL_C30.
INFO (XSTRM-223): 723. Translating cellView sc9mcpp140z_cln28ht_base_lvt_c30/A8rzi_tzSEk_VqiZ8xKDJB_ZE7/layout as STRUCTURE A8rzi_tzSEk_VqiZ8xKDJB_ZE7.
INFO (XSTRM-223): 724. Translating cellView sc9mcpp140z_cln28ht_base_lvt_c30/AO1B2_X1P4M_A9PP140ZTL_C30/layout as STRUCTURE AO1B2_X1P4M_A9PP140ZTL_C30.
INFO (XSTRM-223): 725. Translating cellView sc9mcpp140z_cln28ht_base_lvt_c30/XLExn_t2SAk_VqiZ8xKDJB_ZE7/layout as STRUCTURE XLExn_t2SAk_VqiZ8xKDJB_ZE7.
INFO (XSTRM-223): 726. Translating cellView sc9mcpp140z_cln28ht_base_lvt_c30/XNOR3_X0P7M_A9PP140ZTL_C30/layout as STRUCTURE XNOR3_X0P7M_A9PP140ZTL_C30.
INFO (XSTRM-223): 727. Translating cellView sc9mcpp140z_cln28ht_base_lvt_c30/ORenBT_MRY_eRniObBEmw_i8G/layout as STRUCTURE ORenBT_MRY_eRniObBEmw_i8G.
INFO (XSTRM-223): 728. Translating cellView sc9mcpp140z_cln28ht_base_lvt_c30/OAI21B_X6M_A9PP140ZTL_C30/layout as STRUCTURE OAI21B_X6M_A9PP140ZTL_C30.
INFO (XSTRM-223): 729. Translating cellView sc9mcpp140z_cln28ht_base_lvt_c30/NRPAi_tq7_hAWn6qw8ur_nO9/layout as STRUCTURE NRPAi_tq7_hAWn6qw8ur_nO9.
INFO (XSTRM-223): 730. Translating cellView sc9mcpp140z_cln28ht_base_lvt_c30/NAND2_X8B_A9PP140ZTL_C30/layout as STRUCTURE NAND2_X8B_A9PP140ZTL_C30.
INFO (XSTRM-223): 731. Translating cellView sc9mcpp140z_cln28ht_base_lvt_c30/N8bn_UZ0_IalWyRrOfF_W6T/layout as STRUCTURE N8bn_UZ0_IalWyRrOfF_W6T.
INFO (XSTRM-223): 732. Translating cellView sc9mcpp140z_cln28ht_base_lvt_c30/NOR2_X3M_A9PP140ZTL_C30/layout as STRUCTURE NOR2_X3M_A9PP140ZTL_C30.
INFO (XSTRM-223): 733. Translating cellView sc9mcpp140z_cln28ht_base_lvt_c30/Oq9_sZH_Jv2l7AF6x1_ly4/layout as STRUCTURE Oq9_sZH_Jv2l7AF6x1_ly4.
INFO (XSTRM-223): 734. Translating cellView sc9mcpp140z_cln28ht_base_lvt_c30/OR4_X2M_A9PP140ZTL_C30/layout as STRUCTURE OR4_X2M_A9PP140ZTL_C30.
INFO (XSTRM-223): 735. Translating cellView sc9mcpp140z_cln28ht_base_lvt_c30/OqW_sZH_Jv2l7AF6x1_ly4/layout as STRUCTURE OqW_sZH_Jv2l7AF6x1_ly4.
INFO (XSTRM-223): 736. Translating cellView sc9mcpp140z_cln28ht_base_lvt_c30/OR2_X2M_A9PP140ZTL_C30/layout as STRUCTURE OR2_X2M_A9PP140ZTL_C30.
INFO (XSTRM-223): 737. Translating cellView sc9mcpp140z_cln28ht_base_lvt_c30/OReWB_t1g_hAWn6qw8ur_nO9/layout as STRUCTURE OReWB_t1g_hAWn6qw8ur_nO9.
INFO (XSTRM-223): 738. Translating cellView sc9mcpp140z_cln28ht_base_lvt_c30/OAI31_X3M_A9PP140ZTL_C30/layout as STRUCTURE OAI31_X3M_A9PP140ZTL_C30.
INFO (XSTRM-223): 739. Translating cellView sc9mcpp140z_cln28ht_base_lvt_c30/NRPAn_t1g_hAWn6qw8ur_nO9/layout as STRUCTURE NRPAn_t1g_hAWn6qw8ur_nO9.
INFO (XSTRM-223): 740. Translating cellView sc9mcpp140z_cln28ht_base_lvt_c30/NAND3_X3M_A9PP140ZTL_C30/layout as STRUCTURE NAND3_X3M_A9PP140ZTL_C30.
INFO (XSTRM-223): 741. Translating cellView sc9mcpp140z_cln28ht_base_lvt_c30/OReniT9_5wk_VqiZ8xKDJB_ZE7/layout as STRUCTURE OReniT9_5wk_VqiZ8xKDJB_ZE7.
INFO (XSTRM-223): 742. Translating cellView sc9mcpp140z_cln28ht_base_lvt_c30/OAI22BB_X2M_A9PP140ZTL_C30/layout as STRUCTURE OAI22BB_X2M_A9PP140ZTL_C30.
INFO (XSTRM-223): 743. Translating cellView sc9mcpp140z_cln28ht_base_lvt_c30/A8eWB_tOg_hAWn6qw8ur_nO9/layout as STRUCTURE A8eWB_tOg_hAWn6qw8ur_nO9.
INFO (XSTRM-223): 744. Translating cellView sc9mcpp140z_cln28ht_base_lvt_c30/AOI31_X4M_A9PP140ZTL_C30/layout as STRUCTURE AOI31_X4M_A9PP140ZTL_C30.
INFO (XSTRM-223): 745. Translating cellView sc9mcpp140z_cln28ht_base_lvt_c30/N8bG4T_MrY_eRniObBEmw_i8G/layout as STRUCTURE N8bG4T_MrY_eRniObBEmw_i8G.
INFO (XSTRM-223): 746. Translating cellView sc9mcpp140z_cln28ht_base_lvt_c30/NOR4BB_X2M_A9PP140ZTL_C30/layout as STRUCTURE NOR4BB_X2M_A9PP140ZTL_C30.
INFO (XSTRM-223): 747. Translating cellView sc9mcpp140z_cln28ht_base_lvt_c30/A8eniT9_5qk_VqiZ8xKDJB_ZE7/layout as STRUCTURE A8eniT9_5qk_VqiZ8xKDJB_ZE7.
INFO (XSTRM-223): 748. Translating cellView sc9mcpp140z_cln28ht_base_lvt_c30/AOI22BB_X6M_A9PP140ZTL_C30/layout as STRUCTURE AOI22BB_X6M_A9PP140ZTL_C30.
INFO (XSTRM-223): 749. Translating cellView sc9mcpp140z_cln28ht_base_lvt_c30/OReWB_tzSEk_VqiZ8xKDJB_ZE7/layout as STRUCTURE OReWB_tzSEk_VqiZ8xKDJB_ZE7.
INFO (XSTRM-223): 750. Translating cellView sc9mcpp140z_cln28ht_base_lvt_c30/OAI31_X1P4M_A9PP140ZTL_C30/layout as STRUCTURE OAI31_X1P4M_A9PP140ZTL_C30.
INFO (XSTRM-223): 751. Translating cellView sc9mcpp140z_cln28ht_base_lvt_c30/A8eni_t1g_hAWn6qw8ur_nO9/layout as STRUCTURE A8eni_t1g_hAWn6qw8ur_nO9.
INFO (XSTRM-223): 752. Translating cellView sc9mcpp140z_cln28ht_base_lvt_c30/AOI22_X3M_A9PP140ZTL_C30/layout as STRUCTURE AOI22_X3M_A9PP140ZTL_C30.
INFO (XSTRM-223): 753. Translating cellView sc9mcpp140z_cln28ht_base_lvt_c30/A8Wn_Uoj8Y_eRniObBEmw_i8G/layout as STRUCTURE A8Wn_Uoj8Y_eRniObBEmw_i8G.
INFO (XSTRM-223): 754. Translating cellView sc9mcpp140z_cln28ht_base_lvt_c30/AO22_X1P4M_A9PP140ZTL_C30/layout as STRUCTURE AO22_X1P4M_A9PP140ZTL_C30.
INFO (XSTRM-223): 755. Translating cellView sc9mcpp140z_cln28ht_base_lvt_c30/N8bG4T_MFY_eRniObBEmw_i8G/layout as STRUCTURE N8bG4T_MFY_eRniObBEmw_i8G.
INFO (XSTRM-223): 756. Translating cellView sc9mcpp140z_cln28ht_base_lvt_c30/NOR4BB_X3M_A9PP140ZTL_C30/layout as STRUCTURE NOR4BB_X3M_A9PP140ZTL_C30.
INFO (XSTRM-223): 757. Translating cellView sc9mcpp140z_cln28ht_base_lvt_c30/A8enBT_M8Y_eRniObBEmw_i8G/layout as STRUCTURE A8enBT_M8Y_eRniObBEmw_i8G.
INFO (XSTRM-223): 758. Translating cellView sc9mcpp140z_cln28ht_base_lvt_c30/AOI21B_X4M_A9PP140ZTL_C30/layout as STRUCTURE AOI21B_X4M_A9PP140ZTL_C30.
INFO (XSTRM-223): 759. Translating cellView sc9mcpp140z_cln28ht_base_lvt_c30/A8eWB_t1g_hAWn6qw8ur_nO9/layout as STRUCTURE A8eWB_t1g_hAWn6qw8ur_nO9.
INFO (XSTRM-223): 760. Translating cellView sc9mcpp140z_cln28ht_base_lvt_c30/AOI31_X3M_A9PP140ZTL_C30/layout as STRUCTURE AOI31_X3M_A9PP140ZTL_C30.
INFO (XSTRM-223): 761. Translating cellView sc9mcpp140z_cln28ht_base_lvt_c30/ORenBT_M4Y_eRniObBEmw_i8G/layout as STRUCTURE ORenBT_M4Y_eRniObBEmw_i8G.
INFO (XSTRM-223): 762. Translating cellView sc9mcpp140z_cln28ht_base_lvt_c30/OAI21B_X1M_A9PP140ZTL_C30/layout as STRUCTURE OAI21B_X1M_A9PP140ZTL_C30.
INFO (XSTRM-223): 763. Translating cellView sc9mcpp140z_cln28ht_base_lvt_c30/N8bW4T_MFY_eRniObBEmw_i8G/layout as STRUCTURE N8bW4T_MFY_eRniObBEmw_i8G.
INFO (XSTRM-223): 764. Translating cellView sc9mcpp140z_cln28ht_base_lvt_c30/NOR3BB_X3M_A9PP140ZTL_C30/layout as STRUCTURE NOR3BB_X3M_A9PP140ZTL_C30.
INFO (XSTRM-223): 765. Translating cellView sc9mcpp140z_cln28ht_base_lvt_c30/NRPAi_t1g_hAWn6qw8ur_nO9/layout as STRUCTURE NRPAi_t1g_hAWn6qw8ur_nO9.
INFO (XSTRM-223): 766. Translating cellView sc9mcpp140z_cln28ht_base_lvt_c30/NAND2_X3M_A9PP140ZTL_C30/layout as STRUCTURE NAND2_X3M_A9PP140ZTL_C30.
INFO (XSTRM-223): 767. Translating cellView sc9mcpp140z_cln28ht_base_lvt_c30/OReniT9_5rk_VqiZ8xKDJB_ZE7/layout as STRUCTURE OReniT9_5rk_VqiZ8xKDJB_ZE7.
INFO (XSTRM-223): 768. Translating cellView sc9mcpp140z_cln28ht_base_lvt_c30/OAI22BB_X3M_A9PP140ZTL_C30/layout as STRUCTURE OAI22BB_X3M_A9PP140ZTL_C30.
INFO (XSTRM-223): 769. Translating cellView sc9mcpp140z_cln28ht_base_lvt_c30/A8ensTo_5rk_VqiZ8xKDJB_ZE7/layout as STRUCTURE A8ensTo_5rk_VqiZ8xKDJB_ZE7.
INFO (XSTRM-223): 770. Translating cellView sc9mcpp140z_cln28ht_base_lvt_c30/AOI2XB1_X3M_A9PP140ZTL_C30/layout as STRUCTURE AOI2XB1_X3M_A9PP140ZTL_C30.
INFO (XSTRM-223): 771. Translating cellView sc9mcpp140z_cln28ht_base_lvt_c30/XLExn_tOg_hAWn6qw8ur_nO9/layout as STRUCTURE XLExn_tOg_hAWn6qw8ur_nO9.
INFO (XSTRM-223): 772. Translating cellView sc9mcpp140z_cln28ht_base_lvt_c30/XNOR3_X4M_A9PP140ZTL_C30/layout as STRUCTURE XNOR3_X4M_A9PP140ZTL_C30.
INFO (XSTRM-223): 773. Translating cellView sc9mcpp140z_cln28ht_base_lvt_c30/XLExi_tzg_hAWn6qw8ur_nO9/layout as STRUCTURE XLExi_tzg_hAWn6qw8ur_nO9.
INFO (XSTRM-223): 774. Translating cellView sc9mcpp140z_cln28ht_base_lvt_c30/XNOR2_X1M_A9PP140ZTL_C30/layout as STRUCTURE XNOR2_X1M_A9PP140ZTL_C30.
INFO (XSTRM-223): 775. Translating cellView sc9mcpp140z_cln28ht_base_lvt_c30/ORWw4_tOg_hAWn6qw8ur_nO9/layout as STRUCTURE ORWw4_tOg_hAWn6qw8ur_nO9.
INFO (XSTRM-223): 776. Translating cellView sc9mcpp140z_cln28ht_base_lvt_c30/OA21B_X4M_A9PP140ZTL_C30/layout as STRUCTURE OA21B_X4M_A9PP140ZTL_C30.
INFO (XSTRM-223): 777. Translating cellView sc9mcpp140z_cln28ht_base_lvt_c30/ILX_sKaG_IalWyRrOfF_W6T/layout as STRUCTURE ILX_sKaG_IalWyRrOfF_W6T.
INFO (XSTRM-223): 778. Translating cellView sc9mcpp140z_cln28ht_base_lvt_c30/INV_X16B_A9PP140ZTL_C30/layout as STRUCTURE INV_X16B_A9PP140ZTL_C30.
INFO (XSTRM-223): 779. Translating cellView sc9mcpp140z_cln28ht_base_lvt_c30/ILX_sKZG_IalWyRrOfF_W6T/layout as STRUCTURE ILX_sKZG_IalWyRrOfF_W6T.
INFO (XSTRM-223): 780. Translating cellView sc9mcpp140z_cln28ht_base_lvt_c30/INV_X13B_A9PP140ZTL_C30/layout as STRUCTURE INV_X13B_A9PP140ZTL_C30.
INFO (XSTRM-223): 781. Translating cellView sc9mcpp140z_cln28ht_base_lvt_c30/ThvHv_tzg_hAWn6qw8ur_nO9/layout as STRUCTURE ThvHv_tzg_hAWn6qw8ur_nO9.
INFO (XSTRM-223): 782. Translating cellView sc9mcpp140z_cln28ht_base_lvt_c30/TIELO_X1M_A9PP140ZTL_C30/layout as STRUCTURE TIELO_X1M_A9PP140ZTL_C30.
INFO (XSTRM-223): 783. Translating cellView sc9mcpp140z_cln28ht_base_lvt_c30/ORenBK_MFY_eRniObBEmw_i8G/layout as STRUCTURE ORenBK_MFY_eRniObBEmw_i8G.
INFO (XSTRM-223): 784. Translating cellView sc9mcpp140z_cln28ht_base_lvt_c30/OAI211_X3M_A9PP140ZTL_C30/layout as STRUCTURE OAI211_X3M_A9PP140ZTL_C30.
INFO (XSTRM-223): 785. Translating cellView sc9mcpp140z_cln28ht_base_lvt_c30/AvaB_Uo0_IalWyRrOfF_W6T/layout as STRUCTURE AvaB_Uo0_IalWyRrOfF_W6T.
INFO (XSTRM-223): 786. Translating cellView sc9mcpp140z_cln28ht_base_lvt_c30/ADDF_X1M_A9PP140ZTL_C30/layout as STRUCTURE ADDF_X1M_A9PP140ZTL_C30.
INFO (XSTRM-223): 787. Translating cellView sc9mcpp140z_cln28ht_base_lvt_c30/N8bW_Uo0_IalWyRrOfF_W6T/layout as STRUCTURE N8bW_Uo0_IalWyRrOfF_W6T.
INFO (XSTRM-223): 788. Translating cellView sc9mcpp140z_cln28ht_base_lvt_c30/NOR3_X1M_A9PP140ZTL_C30/layout as STRUCTURE NOR3_X1M_A9PP140ZTL_C30.
INFO (XSTRM-223): 789. Translating cellView sc9mcpp140z_cln28ht_base_lvt_c30/Oq9_sKH_Jv2l7AF6x1_ly4/layout as STRUCTURE Oq9_sKH_Jv2l7AF6x1_ly4.
INFO (XSTRM-223): 790. Translating cellView sc9mcpp140z_cln28ht_base_lvt_c30/OR4_X1M_A9PP140ZTL_C30/layout as STRUCTURE OR4_X1M_A9PP140ZTL_C30.
INFO (XSTRM-223): 791. Translating cellView sc9mcpp140z_cln28ht_base_lvt_c30/N8bn_UZG_IalWyRrOfF_W6T/layout as STRUCTURE N8bn_UZG_IalWyRrOfF_W6T.
INFO (XSTRM-223): 792. Translating cellView sc9mcpp140z_cln28ht_base_lvt_c30/NOR2_X3B_A9PP140ZTL_C30/layout as STRUCTURE NOR2_X3B_A9PP140ZTL_C30.
INFO (XSTRM-223): 793. Translating cellView sc9mcpp140z_cln28ht_base_lvt_c30/NRPAi_tAJ_hAWn6qw8ur_nO9/layout as STRUCTURE NRPAi_tAJ_hAWn6qw8ur_nO9.
INFO (XSTRM-223): 794. Translating cellView sc9mcpp140z_cln28ht_base_lvt_c30/NAND2_X6A_A9PP140ZTL_C30/layout as STRUCTURE NAND2_X6A_A9PP140ZTL_C30.
INFO (XSTRM-223): 795. Translating cellView sc9mcpp140z_cln28ht_base_lvt_c30/ALan_U6G_IalWyRrOfF_W6T/layout as STRUCTURE ALan_U6G_IalWyRrOfF_W6T.
INFO (XSTRM-223): 796. Translating cellView sc9mcpp140z_cln28ht_base_lvt_c30/AND2_X4B_A9PP140ZTL_C30/layout as STRUCTURE AND2_X4B_A9PP140ZTL_C30.
INFO (XSTRM-223): 797. Translating cellView sc9mcpp140z_cln28ht_base_lvt_c30/N8bn4_t2SAk_VqiZ8xKDJB_ZE7/layout as STRUCTURE N8bn4_t2SAk_VqiZ8xKDJB_ZE7.
INFO (XSTRM-223): 798. Translating cellView sc9mcpp140z_cln28ht_base_lvt_c30/NOR2B_X0P7M_A9PP140ZTL_C30/layout as STRUCTURE NOR2B_X0P7M_A9PP140ZTL_C30.
INFO (XSTRM-223): 799. Translating cellView sc9mcpp140z_cln28ht_base_lvt_c30/A8eniT9_5wk_VqiZ8xKDJB_ZE7/layout as STRUCTURE A8eniT9_5wk_VqiZ8xKDJB_ZE7.
INFO (XSTRM-223): 800. Translating cellView sc9mcpp140z_cln28ht_base_lvt_c30/AOI22BB_X2M_A9PP140ZTL_C30/layout as STRUCTURE AOI22BB_X2M_A9PP140ZTL_C30.
INFO (XSTRM-223): 801. Translating cellView sc9mcpp140z_cln28ht_base_lvt_c30/Oql_siH_Jv2l7AF6x1_ly4/layout as STRUCTURE Oql_siH_Jv2l7AF6x1_ly4.
INFO (XSTRM-223): 802. Translating cellView sc9mcpp140z_cln28ht_base_lvt_c30/OR3_X3M_A9PP140ZTL_C30/layout as STRUCTURE OR3_X3M_A9PP140ZTL_C30.
INFO (XSTRM-223): 803. Translating cellView sc9mcpp140z_cln28ht_base_lvt_c30/OqW_syH_Jv2l7AF6x1_ly4/layout as STRUCTURE OqW_syH_Jv2l7AF6x1_ly4.
INFO (XSTRM-223): 804. Translating cellView sc9mcpp140z_cln28ht_base_lvt_c30/OR2_X4M_A9PP140ZTL_C30/layout as STRUCTURE OR2_X4M_A9PP140ZTL_C30.
INFO (XSTRM-223): 805. Translating cellView sc9mcpp140z_cln28ht_base_lvt_c30/Oql_sKH_Jv2l7AF6x1_ly4/layout as STRUCTURE Oql_sKH_Jv2l7AF6x1_ly4.
INFO (XSTRM-223): 806. Translating cellView sc9mcpp140z_cln28ht_base_lvt_c30/OR3_X1M_A9PP140ZTL_C30/layout as STRUCTURE OR3_X1M_A9PP140ZTL_C30.
INFO (XSTRM-223): 807. Translating cellView sc9mcpp140z_cln28ht_base_lvt_c30/XLExi_t2Skk_VqiZ8xKDJB_ZE7/layout as STRUCTURE XLExi_t2Skk_VqiZ8xKDJB_ZE7.
INFO (XSTRM-223): 808. Translating cellView sc9mcpp140z_cln28ht_base_lvt_c30/XNOR2_X0P5M_A9PP140ZTL_C30/layout as STRUCTURE XNOR2_X0P5M_A9PP140ZTL_C30.
INFO (XSTRM-223): 809. Translating cellView sc9mcpp140z_cln28ht_base_lvt_c30/NRPAnUtG_NBj_dbZ1EfovIK_1Dy/layout as STRUCTURE NRPAnUtG_NBj_dbZ1EfovIK_1Dy.
INFO (XSTRM-223): 810. Translating cellView sc9mcpp140z_cln28ht_base_lvt_c30/NAND3XXB_X2M_A9PP140ZTL_C30/layout as STRUCTURE NAND3XXB_X2M_A9PP140ZTL_C30.
INFO (XSTRM-223): 811. Translating cellView sc9mcpp140z_cln28ht_base_lvt_c30/N8bnsT_Ml3Rj_dbZ1EfovIK_1Dy/layout as STRUCTURE N8bnsT_Ml3Rj_dbZ1EfovIK_1Dy.
INFO (XSTRM-223): 812. Translating cellView sc9mcpp140z_cln28ht_base_lvt_c30/NOR2XB_X0P7M_A9PP140ZTL_C30/layout as STRUCTURE NOR2XB_X0P7M_A9PP140ZTL_C30.
INFO (XSTRM-223): 813. Translating cellView sc9mcpp140z_cln28ht_base_lvt_c30/ORWw4_tzSEk_VqiZ8xKDJB_ZE7/layout as STRUCTURE ORWw4_tzSEk_VqiZ8xKDJB_ZE7.
INFO (XSTRM-223): 814. Translating cellView sc9mcpp140z_cln28ht_base_lvt_c30/OA21B_X1P4M_A9PP140ZTL_C30/layout as STRUCTURE OA21B_X1P4M_A9PP140ZTL_C30.
INFO (XSTRM-223): 815. Translating cellView sc9mcpp140z_cln28ht_base_lvt_c30/OReWB_tAg_hAWn6qw8ur_nO9/layout as STRUCTURE OReWB_tAg_hAWn6qw8ur_nO9.
INFO (XSTRM-223): 816. Translating cellView sc9mcpp140z_cln28ht_base_lvt_c30/OAI31_X6M_A9PP140ZTL_C30/layout as STRUCTURE OAI31_X6M_A9PP140ZTL_C30.
INFO (XSTRM-223): 817. Translating cellView sc9mcpp140z_cln28ht_base_lvt_c30/ORWw_UZ0_IalWyRrOfF_W6T/layout as STRUCTURE ORWw_UZ0_IalWyRrOfF_W6T.
INFO (XSTRM-223): 818. Translating cellView sc9mcpp140z_cln28ht_base_lvt_c30/OA21_X3M_A9PP140ZTL_C30/layout as STRUCTURE OA21_X3M_A9PP140ZTL_C30.
INFO (XSTRM-223): 819. Translating cellView sc9mcpp140z_cln28ht_base_lvt_c30/N8bn_Uam_IalWyRrOfF_W6T/layout as STRUCTURE N8bn_Uam_IalWyRrOfF_W6T.
INFO (XSTRM-223): 820. Translating cellView sc9mcpp140z_cln28ht_base_lvt_c30/NOR2_X6A_A9PP140ZTL_C30/layout as STRUCTURE NOR2_X6A_A9PP140ZTL_C30.
INFO (XSTRM-223): 821. Translating cellView sc9mcpp140z_cln28ht_base_lvt_c30/N8bn4_t1g_hAWn6qw8ur_nO9/layout as STRUCTURE N8bn4_t1g_hAWn6qw8ur_nO9.
INFO (XSTRM-223): 822. Translating cellView sc9mcpp140z_cln28ht_base_lvt_c30/NOR2B_X3M_A9PP140ZTL_C30/layout as STRUCTURE NOR2B_X3M_A9PP140ZTL_C30.
INFO (XSTRM-223): 823. Translating cellView sc9mcpp140z_cln28ht_base_lvt_c30/NRPAi_tAg_hAWn6qw8ur_nO9/layout as STRUCTURE NRPAi_tAg_hAWn6qw8ur_nO9.
INFO (XSTRM-223): 824. Translating cellView sc9mcpp140z_cln28ht_base_lvt_c30/NAND2_X6M_A9PP140ZTL_C30/layout as STRUCTURE NAND2_X6M_A9PP140ZTL_C30.
INFO (XSTRM-223): 825. Translating cellView sc9mcpp140z_cln28ht_base_lvt_c30/NRPAiT_MRY_eRniObBEmw_i8G/layout as STRUCTURE NRPAiT_MRY_eRniObBEmw_i8G.
INFO (XSTRM-223): 826. Translating cellView sc9mcpp140z_cln28ht_base_lvt_c30/NAND2B_X6M_A9PP140ZTL_C30/layout as STRUCTURE NAND2B_X6M_A9PP140ZTL_C30.
INFO (XSTRM-223): 827. Translating cellView sc9mcpp140z_cln28ht_base_lvt_c30/NRPAi_tA7_hAWn6qw8ur_nO9/layout as STRUCTURE NRPAi_tA7_hAWn6qw8ur_nO9.
INFO (XSTRM-223): 828. Translating cellView sc9mcpp140z_cln28ht_base_lvt_c30/NAND2_X6B_A9PP140ZTL_C30/layout as STRUCTURE NAND2_X6B_A9PP140ZTL_C30.
INFO (XSTRM-223): 829. Translating cellView sc9mcpp140z_cln28ht_base_lvt_c30/N8bn4_tOg_hAWn6qw8ur_nO9/layout as STRUCTURE N8bn4_tOg_hAWn6qw8ur_nO9.
INFO (XSTRM-223): 830. Translating cellView sc9mcpp140z_cln28ht_base_lvt_c30/NOR2B_X4M_A9PP140ZTL_C30/layout as STRUCTURE NOR2B_X4M_A9PP140ZTL_C30.
INFO (XSTRM-223): 831. Translating cellView sc9mcpp140z_cln28ht_base_lvt_c30/ORWw4_tFg_hAWn6qw8ur_nO9/layout as STRUCTURE ORWw4_tFg_hAWn6qw8ur_nO9.
INFO (XSTRM-223): 832. Translating cellView sc9mcpp140z_cln28ht_base_lvt_c30/OA21B_X2M_A9PP140ZTL_C30/layout as STRUCTURE OA21B_X2M_A9PP140ZTL_C30.
INFO (XSTRM-223): 833. Translating cellView sc9mcpp140z_cln28ht_base_lvt_c30/NRPA7T9_5Tk_VqiZ8xKDJB_ZE7/layout as STRUCTURE NRPA7T9_5Tk_VqiZ8xKDJB_ZE7.
INFO (XSTRM-223): 834. Translating cellView sc9mcpp140z_cln28ht_base_lvt_c30/NAND4BB_X1M_A9PP140ZTL_C30/layout as STRUCTURE NAND4BB_X1M_A9PP140ZTL_C30.
INFO (XSTRM-223): 835. Translating cellView sc9mcpp140z_cln28ht_base_lvt_c30/NRPA7_tFJ_hAWn6qw8ur_nO9/layout as STRUCTURE NRPA7_tFJ_hAWn6qw8ur_nO9.
INFO (XSTRM-223): 836. Translating cellView sc9mcpp140z_cln28ht_base_lvt_c30/NAND4_X2A_A9PP140ZTL_C30/layout as STRUCTURE NAND4_X2A_A9PP140ZTL_C30.
INFO (XSTRM-223): 837. Translating cellView sc9mcpp140z_cln28ht_base_lvt_c30/NRPAnT9_5xk_VqiZ8xKDJB_ZE7/layout as STRUCTURE NRPAnT9_5xk_VqiZ8xKDJB_ZE7.
INFO (XSTRM-223): 838. Translating cellView sc9mcpp140z_cln28ht_base_lvt_c30/NAND3BB_X8M_A9PP140ZTL_C30/layout as STRUCTURE NAND3BB_X8M_A9PP140ZTL_C30.
INFO (XSTRM-223): 839. Translating cellView sc9mcpp140z_cln28ht_base_lvt_c30/OqW_sAH_Jv2l7AF6x1_ly4/layout as STRUCTURE OqW_sAH_Jv2l7AF6x1_ly4.
INFO (XSTRM-223): 840. Translating cellView sc9mcpp140z_cln28ht_base_lvt_c30/OR2_X8M_A9PP140ZTL_C30/layout as STRUCTURE OR2_X8M_A9PP140ZTL_C30.
INFO (XSTRM-223): 841. Translating cellView sc9mcpp140z_cln28ht_base_lvt_c30/Oq9_svH_Jv2l7AF6x1_ly4/layout as STRUCTURE Oq9_svH_Jv2l7AF6x1_ly4.
INFO (XSTRM-223): 842. Translating cellView sc9mcpp140z_cln28ht_base_lvt_c30/OR4_X6M_A9PP140ZTL_C30/layout as STRUCTURE OR4_X6M_A9PP140ZTL_C30.
INFO (XSTRM-223): 843. Translating cellView sc9mcpp140z_cln28ht_base_lvt_c30/ILX_sKkO7_hAWn6qw8ur_nO9/layout as STRUCTURE ILX_sKkO7_hAWn6qw8ur_nO9.
INFO (XSTRM-223): 844. Translating cellView sc9mcpp140z_cln28ht_base_lvt_c30/INV_X1P4B_A9PP140ZTL_C30/layout as STRUCTURE INV_X1P4B_A9PP140ZTL_C30.
INFO (XSTRM-223): 845. Translating cellView sc9mcpp140z_cln28ht_base_lvt_c30/DrwxgM_M4Y_eRniObBEmw_i8G/layout as STRUCTURE DrwxgM_M4Y_eRniObBEmw_i8G.
INFO (XSTRM-223): 846. Translating cellView sc9mcpp140z_cln28ht_base_lvt_c30/DFFRPQ_X1M_A9PP140ZTL_C30/layout as STRUCTURE DFFRPQ_X1M_A9PP140ZTL_C30.
INFO (XSTRM-223): 847. Translating cellView sc9mcpp140z_cln28ht_base_lvt_c30/DrwxgMg_5Tk_VqiZ8xKDJB_ZE7/layout as STRUCTURE DrwxgMg_5Tk_VqiZ8xKDJB_ZE7.
INFO (XSTRM-223): 848. Translating cellView sc9mcpp140z_cln28ht_base_lvt_c30/DFFRPQN_X1M_A9PP140ZTL_C30/layout as STRUCTURE DFFRPQN_X1M_A9PP140ZTL_C30.
INFO (XSTRM-223): 849. Translating cellView sc9mcpp140z_cln28ht_base_lvt_c30/DrwxgMgm_N9j_dbZ1EfovIK_1Dy/layout as STRUCTURE DrwxgMgm_N9j_dbZ1EfovIK_1Dy.
INFO (XSTRM-223): 850. Translating cellView sc9mcpp140z_cln28ht_base_lvt_c30/DFFRPQNA_X1M_A9PP140ZTL_C30/layout as STRUCTURE DFFRPQNA_X1M_A9PP140ZTL_C30.
INFO (XSTRM-223): 851. Translating cellView sc9mcpp140z_cln28ht_base_lvt_c30/N8bn_U3jay_eRniObBEmw_i8G/layout as STRUCTURE N8bn_U3jay_eRniObBEmw_i8G.
INFO (XSTRM-223): 852. Translating cellView sc9mcpp140z_cln28ht_base_lvt_c30/NOR2_X0P7B_A9PP140ZTL_C30/layout as STRUCTURE NOR2_X0P7B_A9PP140ZTL_C30.
INFO (XSTRM-223): 853. Translating cellView sc9mcpp140z_cln28ht_base_lvt_c30/N8bn_U3jaY_eRniObBEmw_i8G/layout as STRUCTURE N8bn_U3jaY_eRniObBEmw_i8G.
INFO (XSTRM-223): 854. Translating cellView sc9mcpp140z_cln28ht_base_lvt_c30/NOR2_X0P7M_A9PP140ZTL_C30/layout as STRUCTURE NOR2_X0P7M_A9PP140ZTL_C30.
INFO (XSTRM-223): 855. Translating cellView sc9mcpp140z_cln28ht_base_lvt_c30/NRPAi_tqJ_hAWn6qw8ur_nO9/layout as STRUCTURE NRPAi_tqJ_hAWn6qw8ur_nO9.
INFO (XSTRM-223): 856. Translating cellView sc9mcpp140z_cln28ht_base_lvt_c30/NAND2_X8A_A9PP140ZTL_C30/layout as STRUCTURE NAND2_X8A_A9PP140ZTL_C30.
INFO (XSTRM-223): 857. Translating cellView sc9mcpp140z_cln28ht_base_lvt_c30/ALan_UaG_IalWyRrOfF_W6T/layout as STRUCTURE ALan_UaG_IalWyRrOfF_W6T.
INFO (XSTRM-223): 858. Translating cellView sc9mcpp140z_cln28ht_base_lvt_c30/AND2_X6B_A9PP140ZTL_C30/layout as STRUCTURE AND2_X6B_A9PP140ZTL_C30.
INFO (XSTRM-223): 859. Translating cellView sc9mcpp140z_cln28ht_base_lvt_c30/NRPAi_tqg_hAWn6qw8ur_nO9/layout as STRUCTURE NRPAi_tqg_hAWn6qw8ur_nO9.
INFO (XSTRM-223): 860. Translating cellView sc9mcpp140z_cln28ht_base_lvt_c30/NAND2_X8M_A9PP140ZTL_C30/layout as STRUCTURE NAND2_X8M_A9PP140ZTL_C30.
INFO (XSTRM-223): 861. Translating cellView sc9mcpp140z_cln28ht_base_lvt_c30/ALan_U60_IalWyRrOfF_W6T/layout as STRUCTURE ALan_U60_IalWyRrOfF_W6T.
INFO (XSTRM-223): 862. Translating cellView sc9mcpp140z_cln28ht_base_lvt_c30/AND2_X4M_A9PP140ZTL_C30/layout as STRUCTURE AND2_X4M_A9PP140ZTL_C30.
INFO (XSTRM-223): 863. Translating cellView sc9mcpp140z_cln28ht_base_lvt_c30/N8bnsT_MbY_eRniObBEmw_i8G/layout as STRUCTURE N8bnsT_MbY_eRniObBEmw_i8G.
INFO (XSTRM-223): 864. Translating cellView sc9mcpp140z_cln28ht_base_lvt_c30/NOR2XB_X8M_A9PP140ZTL_C30/layout as STRUCTURE NOR2XB_X8M_A9PP140ZTL_C30.
INFO (XSTRM-223): 865. Translating cellView sc9mcpp140z_cln28ht_base_lvt_c30/ALan_Ua0_IalWyRrOfF_W6T/layout as STRUCTURE ALan_Ua0_IalWyRrOfF_W6T.
INFO (XSTRM-223): 866. Translating cellView sc9mcpp140z_cln28ht_base_lvt_c30/AND2_X6M_A9PP140ZTL_C30/layout as STRUCTURE AND2_X6M_A9PP140ZTL_C30.
INFO (XSTRM-223): 867. Translating cellView sc9mcpp140z_cln28ht_base_lvt_c30/N8bn_URm_IalWyRrOfF_W6T/layout as STRUCTURE N8bn_URm_IalWyRrOfF_W6T.
INFO (XSTRM-223): 868. Translating cellView sc9mcpp140z_cln28ht_base_lvt_c30/NOR2_X8A_A9PP140ZTL_C30/layout as STRUCTURE NOR2_X8A_A9PP140ZTL_C30.
INFO (XSTRM-223): 869. Translating cellView sc9mcpp140z_cln28ht_base_lvt_c30/DrwxgMu_5Tk_VqiZ8xKDJB_ZE7/layout as STRUCTURE DrwxgMu_5Tk_VqiZ8xKDJB_ZE7.
INFO (XSTRM-223): 870. Translating cellView sc9mcpp140z_cln28ht_base_lvt_c30/DFFRPQA_X1M_A9PP140ZTL_C30/layout as STRUCTURE DFFRPQA_X1M_A9PP140ZTL_C30.
INFO (XSTRM-223): 871. Translating cellView sc9mcpp140z_cln28ht_base_lvt_c30/OqW_sKo0_IalWyRrOfF_W6T/layout as STRUCTURE OqW_sKo0_IalWyRrOfF_W6T.
INFO (XSTRM-223): 872. Translating cellView sc9mcpp140z_cln28ht_base_lvt_c30/OR2_X11M_A9PP140ZTL_C30/layout as STRUCTURE OR2_X11M_A9PP140ZTL_C30.
INFO (XSTRM-223): 873. Translating cellView sc9mcpp140z_cln28ht_base_lvt_c30/A8eWB_tzg_hAWn6qw8ur_nO9/layout as STRUCTURE A8eWB_tzg_hAWn6qw8ur_nO9.
INFO (XSTRM-223): 874. Translating cellView sc9mcpp140z_cln28ht_base_lvt_c30/AOI31_X1M_A9PP140ZTL_C30/layout as STRUCTURE AOI31_X1M_A9PP140ZTL_C30.
INFO (XSTRM-223): 875. Translating cellView sc9mcpp140z_cln28ht_base_lvt_c30/DrwxgM_MFY_eRniObBEmw_i8G/layout as STRUCTURE DrwxgM_MFY_eRniObBEmw_i8G.
INFO (XSTRM-223): 876. Translating cellView sc9mcpp140z_cln28ht_base_lvt_c30/DFFRPQ_X3M_A9PP140ZTL_C30/layout as STRUCTURE DFFRPQ_X3M_A9PP140ZTL_C30.
INFO (XSTRM-223): 877. Translating cellView sc9mcpp140z_cln28ht_base_lvt_c30/DrwxgMY_5Tk_VqiZ8xKDJB_ZE7/layout as STRUCTURE DrwxgMY_5Tk_VqiZ8xKDJB_ZE7.
INFO (XSTRM-223): 878. Translating cellView sc9mcpp140z_cln28ht_base_lvt_c30/DFFRPQL_X1M_A9PP140ZTL_C30/layout as STRUCTURE DFFRPQL_X1M_A9PP140ZTL_C30.
INFO (XSTRM-223): 879. Translating cellView sc9mcpp140z_cln28ht_base_lvt_c30/DrwxgM_MrY_eRniObBEmw_i8G/layout as STRUCTURE DrwxgM_MrY_eRniObBEmw_i8G.
INFO (XSTRM-223): 880. Translating cellView sc9mcpp140z_cln28ht_base_lvt_c30/DFFRPQ_X2M_A9PP140ZTL_C30/layout as STRUCTURE DFFRPQ_X2M_A9PP140ZTL_C30.
INFO (XSTRM-223): 881. Translating cellView sc9mcpp140z_cln28ht_base_lvt_c30/DrwxgMg_5wk_VqiZ8xKDJB_ZE7/layout as STRUCTURE DrwxgMg_5wk_VqiZ8xKDJB_ZE7.
INFO (XSTRM-223): 882. Translating cellView sc9mcpp140z_cln28ht_base_lvt_c30/DFFRPQN_X2M_A9PP140ZTL_C30/layout as STRUCTURE DFFRPQN_X2M_A9PP140ZTL_C30.
INFO (XSTRM-223): 883. Translating cellView sc9mcpp140z_cln28ht_base_lvt_c30/DrwxgM_M8Y_eRniObBEmw_i8G/layout as STRUCTURE DrwxgM_M8Y_eRniObBEmw_i8G.
INFO (XSTRM-223): 884. Translating cellView sc9mcpp140z_cln28ht_base_lvt_c30/DFFRPQ_X4M_A9PP140ZTL_C30/layout as STRUCTURE DFFRPQ_X4M_A9PP140ZTL_C30.
INFO (XSTRM-223): 885. Translating cellView sc9mcpp140z_cln28ht_base_lvt_c30/DrwxgMg_5rk_VqiZ8xKDJB_ZE7/layout as STRUCTURE DrwxgMg_5rk_VqiZ8xKDJB_ZE7.
INFO (XSTRM-223): 886. Translating cellView sc9mcpp140z_cln28ht_base_lvt_c30/DFFRPQN_X3M_A9PP140ZTL_C30/layout as STRUCTURE DFFRPQN_X3M_A9PP140ZTL_C30.
INFO (XSTRM-223): 887. Translating cellView sc9mcpp140z_cln28ht_base_lvt_c30/DrwU0_tzg_hAWn6qw8ur_nO9/layout as STRUCTURE DrwU0_tzg_hAWn6qw8ur_nO9.
INFO (XSTRM-223): 888. Translating cellView sc9mcpp140z_cln28ht_base_lvt_c30/DFFQL_X1M_A9PP140ZTL_C30/layout as STRUCTURE DFFQL_X1M_A9PP140ZTL_C30.
INFO (XSTRM-223): 889. Translating cellView sc9mcpp140z_cln28ht_base_lvt_c30/MpGn_UZ0_IalWyRrOfF_W6T/layout as STRUCTURE MpGn_UZ0_IalWyRrOfF_W6T.
INFO (XSTRM-223): 890. Translating cellView sc9mcpp140z_cln28ht_base_lvt_c30/MXT2_X3M_A9PP140ZTL_C30/layout as STRUCTURE MXT2_X3M_A9PP140ZTL_C30.
INFO (XSTRM-223): 891. Translating cellView sc9mcpp140z_cln28ht_base_lvt_c30/MpGn_U60_IalWyRrOfF_W6T/layout as STRUCTURE MpGn_U60_IalWyRrOfF_W6T.
INFO (XSTRM-223): 892. Translating cellView sc9mcpp140z_cln28ht_base_lvt_c30/MXT2_X4M_A9PP140ZTL_C30/layout as STRUCTURE MXT2_X4M_A9PP140ZTL_C30.
INFO (XSTRM-223): 893. Translating cellView sc9mcpp140z_cln28ht_base_lvt_c30/MpGn_Uoj8Y_eRniObBEmw_i8G/layout as STRUCTURE MpGn_Uoj8Y_eRniObBEmw_i8G.
INFO (XSTRM-223): 894. Translating cellView sc9mcpp140z_cln28ht_base_lvt_c30/MXT2_X1P4M_A9PP140ZTL_C30/layout as STRUCTURE MXT2_X1P4M_A9PP140ZTL_C30.
INFO (XSTRM-223): 895. Translating cellView sc9mcpp140z_cln28ht_base_lvt_c30/MpGn_Uo0_IalWyRrOfF_W6T/layout as STRUCTURE MpGn_Uo0_IalWyRrOfF_W6T.
INFO (XSTRM-223): 896. Translating cellView sc9mcpp140z_cln28ht_base_lvt_c30/MXT2_X1M_A9PP140ZTL_C30/layout as STRUCTURE MXT2_X1M_A9PP140ZTL_C30.
INFO (XSTRM-223): 897. Translating cellView sc9mcpp140z_cln28ht_base_lvt_c30/MpGn_U3jYY_eRniObBEmw_i8G/layout as STRUCTURE MpGn_U3jYY_eRniObBEmw_i8G.
INFO (XSTRM-223): 898. Translating cellView sc9mcpp140z_cln28ht_base_lvt_c30/MXT2_X0P5M_A9PP140ZTL_C30/layout as STRUCTURE MXT2_X0P5M_A9PP140ZTL_C30.
INFO (XSTRM-223): 899. Translating cellView sc9mcpp140z_cln28ht_base_lvt_c30/MpW_si9_Jv2l7AF6x1_ly4/layout as STRUCTURE MpW_si9_Jv2l7AF6x1_ly4.
INFO (XSTRM-223): 900. Translating cellView sc9mcpp140z_cln28ht_base_lvt_c30/MX2_X3B_A9PP140ZTL_C30/layout as STRUCTURE MX2_X3B_A9PP140ZTL_C30.
INFO (XSTRM-223): 901. Translating cellView sc9mcpp140z_cln28ht_base_lvt_c30/OReniT9_5Tk_VqiZ8xKDJB_ZE7/layout as STRUCTURE OReniT9_5Tk_VqiZ8xKDJB_ZE7.
INFO (XSTRM-223): 902. Translating cellView sc9mcpp140z_cln28ht_base_lvt_c30/OAI22BB_X1M_A9PP140ZTL_C30/layout as STRUCTURE OAI22BB_X1M_A9PP140ZTL_C30.
INFO (XSTRM-223): 903. Translating cellView sc9mcpp140z_cln28ht_base_lvt_c30/MpGn_U6G_IalWyRrOfF_W6T/layout as STRUCTURE MpGn_U6G_IalWyRrOfF_W6T.
INFO (XSTRM-223): 904. Translating cellView sc9mcpp140z_cln28ht_base_lvt_c30/MXT2_X4B_A9PP140ZTL_C30/layout as STRUCTURE MXT2_X4B_A9PP140ZTL_C30.
INFO (XSTRM-223): 905. Translating cellView sc9mcpp140z_cln28ht_base_lvt_c30/MpGn_U3jYy_eRniObBEmw_i8G/layout as STRUCTURE MpGn_U3jYy_eRniObBEmw_i8G.
INFO (XSTRM-223): 906. Translating cellView sc9mcpp140z_cln28ht_base_lvt_c30/MXT2_X0P5B_A9PP140ZTL_C30/layout as STRUCTURE MXT2_X0P5B_A9PP140ZTL_C30.
INFO (XSTRM-223): 907. Translating cellView sc9mcpp140z_cln28ht_base_lvt_c30/ILX_sSkvg_hAWn6qw8ur_nO9/layout as STRUCTURE ILX_sSkvg_hAWn6qw8ur_nO9.
INFO (XSTRM-223): 908. Translating cellView sc9mcpp140z_cln28ht_base_lvt_c30/INV_X0P7M_A9PP140ZTL_C30/layout as STRUCTURE INV_X0P7M_A9PP140ZTL_C30.
INFO (XSTRM-223): 909. Translating cellView sc9mcpp140z_cln28ht_base_lvt_c30/A8Ww_Uo0_IalWyRrOfF_W6T/layout as STRUCTURE A8Ww_Uo0_IalWyRrOfF_W6T.
INFO (XSTRM-223): 910. Translating cellView sc9mcpp140z_cln28ht_base_lvt_c30/AO21_X1M_A9PP140ZTL_C30/layout as STRUCTURE AO21_X1M_A9PP140ZTL_C30.
INFO (XSTRM-223): 911. Translating cellView sc9mcpp140z_cln28ht_base_lvt_c30/A8Ww_U3jaY_eRniObBEmw_i8G/layout as STRUCTURE A8Ww_U3jaY_eRniObBEmw_i8G.
INFO (XSTRM-223): 912. Translating cellView sc9mcpp140z_cln28ht_base_lvt_c30/AO21_X0P7M_A9PP140ZTL_C30/layout as STRUCTURE AO21_X0P7M_A9PP140ZTL_C30.
INFO (XSTRM-223): 913. Translating cellView sc9mcpp140z_cln28ht_base_lvt_c30/A8Ww4_t2Skk_VqiZ8xKDJB_ZE7/layout as STRUCTURE A8Ww4_t2Skk_VqiZ8xKDJB_ZE7.
INFO (XSTRM-223): 914. Translating cellView sc9mcpp140z_cln28ht_base_lvt_c30/AO21B_X0P5M_A9PP140ZTL_C30/layout as STRUCTURE AO21B_X0P5M_A9PP140ZTL_C30.
INFO (XSTRM-223): 915. Translating cellView sc9mcpp140z_cln28ht_base_lvt_c30/ORensTo_5W2SS_Xx1FDuzaho_Fv6/layout as STRUCTURE ORensTo_5W2SS_Xx1FDuzaho_Fv6.
INFO (XSTRM-223): 916. Translating cellView sc9mcpp140z_cln28ht_base_lvt_c30/OAI2XB1_X0P5M_A9PP140ZTL_C30/layout as STRUCTURE OAI2XB1_X0P5M_A9PP140ZTL_C30.
INFO (XSTRM-223): 917. Translating cellView sc9mcpp140z_cln28ht_base_lvt_c30/NRPAiU9_5W2qS_Xx1FDuzaho_Fv6/layout as STRUCTURE NRPAiU9_5W2qS_Xx1FDuzaho_Fv6.
INFO (XSTRM-223): 918. Translating cellView sc9mcpp140z_cln28ht_base_lvt_c30/NAND2XB_X0P7M_A9PP140ZTL_C30/layout as STRUCTURE NAND2XB_X0P7M_A9PP140ZTL_C30.
INFO (XSTRM-223): 919. Translating cellView sc9mcpp140z_cln28ht_base_lvt_c30/N8bn_Ua0_IalWyRrOfF_W6T/layout as STRUCTURE N8bn_Ua0_IalWyRrOfF_W6T.
INFO (XSTRM-223): 920. Translating cellView sc9mcpp140z_cln28ht_base_lvt_c30/NOR2_X6M_A9PP140ZTL_C30/layout as STRUCTURE NOR2_X6M_A9PP140ZTL_C30.
INFO (XSTRM-223): 921. Translating cellView sc9mcpp140z_cln28ht_base_lvt_c30/N8bW4T_MrY_eRniObBEmw_i8G/layout as STRUCTURE N8bW4T_MrY_eRniObBEmw_i8G.
INFO (XSTRM-223): 922. Translating cellView sc9mcpp140z_cln28ht_base_lvt_c30/NOR3BB_X2M_A9PP140ZTL_C30/layout as STRUCTURE NOR3BB_X2M_A9PP140ZTL_C30.
INFO (XSTRM-223): 923. Translating cellView sc9mcpp140z_cln28ht_base_lvt_c30/N8bW4T_M43Dj_dbZ1EfovIK_1Dy/layout as STRUCTURE N8bW4T_M43Dj_dbZ1EfovIK_1Dy.
INFO (XSTRM-223): 924. Translating cellView sc9mcpp140z_cln28ht_base_lvt_c30/NOR3BB_X1P4M_A9PP140ZTL_C30/layout as STRUCTURE NOR3BB_X1P4M_A9PP140ZTL_C30.
INFO (XSTRM-223): 925. Translating cellView sc9mcpp140z_cln28ht_base_lvt_c30/NRPA7T9_5rk_VqiZ8xKDJB_ZE7/layout as STRUCTURE NRPA7T9_5rk_VqiZ8xKDJB_ZE7.
INFO (XSTRM-223): 926. Translating cellView sc9mcpp140z_cln28ht_base_lvt_c30/NAND4BB_X3M_A9PP140ZTL_C30/layout as STRUCTURE NAND4BB_X3M_A9PP140ZTL_C30.
INFO (XSTRM-223): 927. Translating cellView sc9mcpp140z_cln28ht_base_lvt_c30/Oql_sSkvg_hAWn6qw8ur_nO9/layout as STRUCTURE Oql_sSkvg_hAWn6qw8ur_nO9.
INFO (XSTRM-223): 928. Translating cellView sc9mcpp140z_cln28ht_base_lvt_c30/OR3_X0P7M_A9PP140ZTL_C30/layout as STRUCTURE OR3_X0P7M_A9PP140ZTL_C30.
INFO (XSTRM-223): 929. Translating cellView sc9mcpp140z_cln28ht_base_lvt_c30/ORensTo_5W2qS_Xx1FDuzaho_Fv6/layout as STRUCTURE ORensTo_5W2qS_Xx1FDuzaho_Fv6.
INFO (XSTRM-223): 930. Translating cellView sc9mcpp140z_cln28ht_base_lvt_c30/OAI2XB1_X0P7M_A9PP140ZTL_C30/layout as STRUCTURE OAI2XB1_X0P7M_A9PP140ZTL_C30.
INFO (XSTRM-223): 931. Translating cellView sc9mcpp140z_cln28ht_base_lvt_c30/A8Ww4_t2SAk_VqiZ8xKDJB_ZE7/layout as STRUCTURE A8Ww4_t2SAk_VqiZ8xKDJB_ZE7.
INFO (XSTRM-223): 932. Translating cellView sc9mcpp140z_cln28ht_base_lvt_c30/AO21B_X0P7M_A9PP140ZTL_C30/layout as STRUCTURE AO21B_X0P7M_A9PP140ZTL_C30.
INFO (XSTRM-223): 933. Translating cellView sc9mcpp140z_cln28ht_base_lvt_c30/N8bn_Uoj8Y_eRniObBEmw_i8G/layout as STRUCTURE N8bn_Uoj8Y_eRniObBEmw_i8G.
INFO (XSTRM-223): 934. Translating cellView sc9mcpp140z_cln28ht_base_lvt_c30/NOR2_X1P4M_A9PP140ZTL_C30/layout as STRUCTURE NOR2_X1P4M_A9PP140ZTL_C30.
INFO (XSTRM-223): 935. Translating cellView sc9mcpp140z_cln28ht_base_lvt_c30/OqW_sSkvg_hAWn6qw8ur_nO9/layout as STRUCTURE OqW_sSkvg_hAWn6qw8ur_nO9.
INFO (XSTRM-223): 936. Translating cellView sc9mcpp140z_cln28ht_base_lvt_c30/OR2_X0P7M_A9PP140ZTL_C30/layout as STRUCTURE OR2_X0P7M_A9PP140ZTL_C30.
INFO (XSTRM-223): 937. Translating cellView sc9mcpp140z_cln28ht_base_lvt_c30/N8bG4T_M4Y_eRniObBEmw_i8G/layout as STRUCTURE N8bG4T_M4Y_eRniObBEmw_i8G.
INFO (XSTRM-223): 938. Translating cellView sc9mcpp140z_cln28ht_base_lvt_c30/NOR4BB_X1M_A9PP140ZTL_C30/layout as STRUCTURE NOR4BB_X1M_A9PP140ZTL_C30.
INFO (XSTRM-223): 939. Translating cellView sc9mcpp140z_cln28ht_base_lvt_c30/OReWB_tzg_hAWn6qw8ur_nO9/layout as STRUCTURE OReWB_tzg_hAWn6qw8ur_nO9.
INFO (XSTRM-223): 940. Translating cellView sc9mcpp140z_cln28ht_base_lvt_c30/OAI31_X1M_A9PP140ZTL_C30/layout as STRUCTURE OAI31_X1M_A9PP140ZTL_C30.
INFO (XSTRM-223): 941. Translating cellView sc9mcpp140z_cln28ht_base_lvt_c30/A8enBK_M4Y_eRniObBEmw_i8G/layout as STRUCTURE A8enBK_M4Y_eRniObBEmw_i8G.
INFO (XSTRM-223): 942. Translating cellView sc9mcpp140z_cln28ht_base_lvt_c30/AOI211_X1M_A9PP140ZTL_C30/layout as STRUCTURE AOI211_X1M_A9PP140ZTL_C30.
INFO (XSTRM-223): 943. Translating cellView sc9mcpp140z_cln28ht_base_lvt_c30/A8Ww_U10_IalWyRrOfF_W6T/layout as STRUCTURE A8Ww_U10_IalWyRrOfF_W6T.
INFO (XSTRM-223): 944. Translating cellView sc9mcpp140z_cln28ht_base_lvt_c30/AO21_X2M_A9PP140ZTL_C30/layout as STRUCTURE AO21_X2M_A9PP140ZTL_C30.
INFO (XSTRM-223): 945. Translating cellView sc9mcpp140z_cln28ht_base_lvt_c30/AvaY_Uo0_IalWyRrOfF_W6T/layout as STRUCTURE AvaY_Uo0_IalWyRrOfF_W6T.
INFO (XSTRM-223): 946. Translating cellView sc9mcpp140z_cln28ht_base_lvt_c30/ADDH_X1M_A9PP140ZTL_C30/layout as STRUCTURE ADDH_X1M_A9PP140ZTL_C30.
INFO (XSTRM-223): 947. Translating cellView sc9mcpp140z_cln28ht_base_lvt_c30/OqW_sSkg7_hAWn6qw8ur_nO9/layout as STRUCTURE OqW_sSkg7_hAWn6qw8ur_nO9.
INFO (XSTRM-223): 948. Translating cellView sc9mcpp140z_cln28ht_base_lvt_c30/OR2_X0P5B_A9PP140ZTL_C30/layout as STRUCTURE OR2_X0P5B_A9PP140ZTL_C30.
INFO (XSTRM-223): 949. Translating cellView sc9mcpp140z_cln28ht_base_lvt_c30/A8Ww_U60_IalWyRrOfF_W6T/layout as STRUCTURE A8Ww_U60_IalWyRrOfF_W6T.
INFO (XSTRM-223): 950. Translating cellView sc9mcpp140z_cln28ht_base_lvt_c30/AO21_X4M_A9PP140ZTL_C30/layout as STRUCTURE AO21_X4M_A9PP140ZTL_C30.
INFO (XSTRM-223): 951. Translating cellView sc9mcpp140z_cln28ht_base_lvt_c30/A8WwxKuQr_LGS_Xx1FDuzaho_Fv6/layout as STRUCTURE A8WwxKuQr_LGS_Xx1FDuzaho_Fv6.
INFO (XSTRM-223): 952. Translating cellView sc9mcpp140z_cln28ht_base_lvt_c30/AO21A1AI2_X1M_A9PP140ZTL_C30/layout as STRUCTURE AO21A1AI2_X1M_A9PP140ZTL_C30.
INFO (XSTRM-223): 953. Translating cellView sc9mcpp140z_cln28ht_base_lvt_c30/ORWwxKAQr_LGS_Xx1FDuzaho_Fv6/layout as STRUCTURE ORWwxKAQr_LGS_Xx1FDuzaho_Fv6.
INFO (XSTRM-223): 954. Translating cellView sc9mcpp140z_cln28ht_base_lvt_c30/OA21A1OI2_X1M_A9PP140ZTL_C30/layout as STRUCTURE OA21A1OI2_X1M_A9PP140ZTL_C30.
INFO (XSTRM-223): 955. Translating cellView sc9mcpp140z_cln28ht_base_lvt_c30/ORWwB_tzg_hAWn6qw8ur_nO9/layout as STRUCTURE ORWwB_tzg_hAWn6qw8ur_nO9.
INFO (XSTRM-223): 956. Translating cellView sc9mcpp140z_cln28ht_base_lvt_c30/OA211_X1M_A9PP140ZTL_C30/layout as STRUCTURE OA211_X1M_A9PP140ZTL_C30.
INFO (XSTRM-223): 957. Translating cellView sc9mcpp140z_cln28ht_base_lvt_c30/NRPAnT_M4Y_eRniObBEmw_i8G/layout as STRUCTURE NRPAnT_M4Y_eRniObBEmw_i8G.
INFO (XSTRM-223): 958. Translating cellView sc9mcpp140z_cln28ht_base_lvt_c30/NAND3B_X1M_A9PP140ZTL_C30/layout as STRUCTURE NAND3B_X1M_A9PP140ZTL_C30.
INFO (XSTRM-223): 959. Translating cellView sc9mcpp140z_cln28ht_base_lvt_c30/ORWw_Uo0_IalWyRrOfF_W6T/layout as STRUCTURE ORWw_Uo0_IalWyRrOfF_W6T.
INFO (XSTRM-223): 960. Translating cellView sc9mcpp140z_cln28ht_base_lvt_c30/OA21_X1M_A9PP140ZTL_C30/layout as STRUCTURE OA21_X1M_A9PP140ZTL_C30.
INFO (XSTRM-223): 961. Translating cellView sc9mcpp140z_cln28ht_base_lvt_c30/N8bW4T_Ml3Rj_dbZ1EfovIK_1Dy/layout as STRUCTURE N8bW4T_Ml3Rj_dbZ1EfovIK_1Dy.
INFO (XSTRM-223): 962. Translating cellView sc9mcpp140z_cln28ht_base_lvt_c30/NOR3BB_X0P7M_A9PP140ZTL_C30/layout as STRUCTURE NOR3BB_X0P7M_A9PP140ZTL_C30.
INFO (XSTRM-223): 963. Translating cellView sc9mcpp140z_cln28ht_base_lvt_c30/A8enB_t2Skk_VqiZ8xKDJB_ZE7/layout as STRUCTURE A8enB_t2Skk_VqiZ8xKDJB_ZE7.
INFO (XSTRM-223): 964. Translating cellView sc9mcpp140z_cln28ht_base_lvt_c30/AOI21_X0P5M_A9PP140ZTL_C30/layout as STRUCTURE AOI21_X0P5M_A9PP140ZTL_C30.
INFO (XSTRM-223): 965. Translating cellView sc9mcpp140z_cln28ht_base_lvt_c30/NRPAi_t2Skk_VqiZ8xKDJB_ZE7/layout as STRUCTURE NRPAi_t2Skk_VqiZ8xKDJB_ZE7.
INFO (XSTRM-223): 966. Translating cellView sc9mcpp140z_cln28ht_base_lvt_c30/NAND2_X0P5M_A9PP140ZTL_C30/layout as STRUCTURE NAND2_X0P5M_A9PP140ZTL_C30.
INFO (XSTRM-223): 967. Translating cellView sc9mcpp140z_cln28ht_base_lvt_c30/ORWw_U3jaY_eRniObBEmw_i8G/layout as STRUCTURE ORWw_U3jaY_eRniObBEmw_i8G.
INFO (XSTRM-223): 968. Translating cellView sc9mcpp140z_cln28ht_base_lvt_c30/OA21_X0P7M_A9PP140ZTL_C30/layout as STRUCTURE OA21_X0P7M_A9PP140ZTL_C30.
INFO (XSTRM-223): 969. Translating cellView sc9mcpp140z_cln28ht_base_lvt_c30/A8enBT_MrY_eRniObBEmw_i8G/layout as STRUCTURE A8enBT_MrY_eRniObBEmw_i8G.
INFO (XSTRM-223): 970. Translating cellView sc9mcpp140z_cln28ht_base_lvt_c30/AOI21B_X2M_A9PP140ZTL_C30/layout as STRUCTURE AOI21B_X2M_A9PP140ZTL_C30.
INFO (XSTRM-223): 971. Translating cellView sc9mcpp140z_cln28ht_base_lvt_c30/ORWwxKAQr_LBS_Xx1FDuzaho_Fv6/layout as STRUCTURE ORWwxKAQr_LBS_Xx1FDuzaho_Fv6.
INFO (XSTRM-223): 972. Translating cellView sc9mcpp140z_cln28ht_base_lvt_c30/OA21A1OI2_X3M_A9PP140ZTL_C30/layout as STRUCTURE OA21A1OI2_X3M_A9PP140ZTL_C30.
INFO (XSTRM-223): 973. Translating cellView sc9mcpp140z_cln28ht_base_lvt_c30/ORWwxKAQr_LKS_Xx1FDuzaho_Fv6/layout as STRUCTURE ORWwxKAQr_LKS_Xx1FDuzaho_Fv6.
INFO (XSTRM-223): 974. Translating cellView sc9mcpp140z_cln28ht_base_lvt_c30/OA21A1OI2_X2M_A9PP140ZTL_C30/layout as STRUCTURE OA21A1OI2_X2M_A9PP140ZTL_C30.
INFO (XSTRM-223): 975. Translating cellView sc9mcpp140z_cln28ht_base_lvt_c30/OReWB_tFg_hAWn6qw8ur_nO9/layout as STRUCTURE OReWB_tFg_hAWn6qw8ur_nO9.
INFO (XSTRM-223): 976. Translating cellView sc9mcpp140z_cln28ht_base_lvt_c30/OAI31_X2M_A9PP140ZTL_C30/layout as STRUCTURE OAI31_X2M_A9PP140ZTL_C30.
INFO (XSTRM-223): 977. Translating cellView sc9mcpp140z_cln28ht_base_lvt_c30/A8ensTo_5wk_VqiZ8xKDJB_ZE7/layout as STRUCTURE A8ensTo_5wk_VqiZ8xKDJB_ZE7.
INFO (XSTRM-223): 978. Translating cellView sc9mcpp140z_cln28ht_base_lvt_c30/AOI2XB1_X2M_A9PP140ZTL_C30/layout as STRUCTURE AOI2XB1_X2M_A9PP140ZTL_C30.
INFO (XSTRM-223): 979. Translating cellView sc9mcpp140z_cln28ht_base_lvt_c30/Oq9_syH_Jv2l7AF6x1_ly4/layout as STRUCTURE Oq9_syH_Jv2l7AF6x1_ly4.
INFO (XSTRM-223): 980. Translating cellView sc9mcpp140z_cln28ht_base_lvt_c30/OR4_X4M_A9PP140ZTL_C30/layout as STRUCTURE OR4_X4M_A9PP140ZTL_C30.
INFO (XSTRM-223): 981. Translating cellView sc9mcpp140z_cln28ht_base_lvt_c30/ALaW_Uo0_IalWyRrOfF_W6T/layout as STRUCTURE ALaW_Uo0_IalWyRrOfF_W6T.
INFO (XSTRM-223): 982. Translating cellView sc9mcpp140z_cln28ht_base_lvt_c30/AND3_X1M_A9PP140ZTL_C30/layout as STRUCTURE AND3_X1M_A9PP140ZTL_C30.
INFO (XSTRM-223): 983. Translating cellView sc9mcpp140z_cln28ht_base_lvt_c30/ORWw4_t2SAk_VqiZ8xKDJB_ZE7/layout as STRUCTURE ORWw4_t2SAk_VqiZ8xKDJB_ZE7.
INFO (XSTRM-223): 984. Translating cellView sc9mcpp140z_cln28ht_base_lvt_c30/OA21B_X0P7M_A9PP140ZTL_C30/layout as STRUCTURE OA21B_X0P7M_A9PP140ZTL_C30.
INFO (XSTRM-223): 985. Translating cellView sc9mcpp140z_cln28ht_base_lvt_c30/Mpe7i_t2SAk_VqiZ8xKDJB_ZE7/layout as STRUCTURE Mpe7i_t2SAk_VqiZ8xKDJB_ZE7.
INFO (XSTRM-223): 986. Translating cellView sc9mcpp140z_cln28ht_base_lvt_c30/MXIT2_X0P7M_A9PP140ZTL_C30/layout as STRUCTURE MXIT2_X0P7M_A9PP140ZTL_C30.
INFO (XSTRM-223): 987. Translating cellView sc9mcpp140z_cln28ht_base_lvt_c30/A8eniT9_5rk_VqiZ8xKDJB_ZE7/layout as STRUCTURE A8eniT9_5rk_VqiZ8xKDJB_ZE7.
INFO (XSTRM-223): 988. Translating cellView sc9mcpp140z_cln28ht_base_lvt_c30/AOI22BB_X3M_A9PP140ZTL_C30/layout as STRUCTURE AOI22BB_X3M_A9PP140ZTL_C30.
INFO (XSTRM-223): 989. Translating cellView sc9mcpp140z_cln28ht_base_lvt_c30/ORenB_t2SAk_VqiZ8xKDJB_ZE7/layout as STRUCTURE ORenB_t2SAk_VqiZ8xKDJB_ZE7.
INFO (XSTRM-223): 990. Translating cellView sc9mcpp140z_cln28ht_base_lvt_c30/OAI21_X0P7M_A9PP140ZTL_C30/layout as STRUCTURE OAI21_X0P7M_A9PP140ZTL_C30.
INFO (XSTRM-223): 991. Translating cellView sc9mcpp140z_cln28ht_base_lvt_c30/N8bn4_t2Skk_VqiZ8xKDJB_ZE7/layout as STRUCTURE N8bn4_t2Skk_VqiZ8xKDJB_ZE7.
INFO (XSTRM-223): 992. Translating cellView sc9mcpp140z_cln28ht_base_lvt_c30/NOR2B_X0P5M_A9PP140ZTL_C30/layout as STRUCTURE NOR2B_X0P5M_A9PP140ZTL_C30.
INFO (XSTRM-223): 993. Translating cellView sc9mcpp140z_cln28ht_base_lvt_c30/AvaY_U10_IalWyRrOfF_W6T/layout as STRUCTURE AvaY_U10_IalWyRrOfF_W6T.
INFO (XSTRM-223): 994. Translating cellView sc9mcpp140z_cln28ht_base_lvt_c30/ADDH_X2M_A9PP140ZTL_C30/layout as STRUCTURE ADDH_X2M_A9PP140ZTL_C30.
INFO (XSTRM-223): 995. Translating cellView sc9mcpp140z_cln28ht_base_lvt_c30/ORWw_U3jYY_eRniObBEmw_i8G/layout as STRUCTURE ORWw_U3jYY_eRniObBEmw_i8G.
INFO (XSTRM-223): 996. Translating cellView sc9mcpp140z_cln28ht_base_lvt_c30/OA21_X0P5M_A9PP140ZTL_C30/layout as STRUCTURE OA21_X0P5M_A9PP140ZTL_C30.
INFO (XSTRM-223): 997. Translating cellView sc9mcpp140z_cln28ht_base_lvt_c30/NRPAi_t2SAk_VqiZ8xKDJB_ZE7/layout as STRUCTURE NRPAi_t2SAk_VqiZ8xKDJB_ZE7.
INFO (XSTRM-223): 998. Translating cellView sc9mcpp140z_cln28ht_base_lvt_c30/NAND2_X0P7M_A9PP140ZTL_C30/layout as STRUCTURE NAND2_X0P7M_A9PP140ZTL_C30.
INFO (XSTRM-223): 999. Translating cellView sc9mcpp140z_cln28ht_base_lvt_c30/NRPAiT_Ml3Rj_dbZ1EfovIK_1Dy/layout as STRUCTURE NRPAiT_Ml3Rj_dbZ1EfovIK_1Dy.
INFO (XSTRM-223): 1000. Translating cellView sc9mcpp140z_cln28ht_base_lvt_c30/NAND2B_X0P7M_A9PP140ZTL_C30/layout as STRUCTURE NAND2B_X0P7M_A9PP140ZTL_C30.
INFO (XSTRM-223): 1001. Translating cellView sc9mcpp140z_cln28ht_base_lvt_c30/N8bn_UaG_IalWyRrOfF_W6T/layout as STRUCTURE N8bn_UaG_IalWyRrOfF_W6T.
INFO (XSTRM-223): 1002. Translating cellView sc9mcpp140z_cln28ht_base_lvt_c30/NOR2_X6B_A9PP140ZTL_C30/layout as STRUCTURE NOR2_X6B_A9PP140ZTL_C30.
INFO (XSTRM-223): 1003. Translating cellView sc9mcpp140z_cln28ht_base_lvt_c30/ORrzi_tAg_hAWn6qw8ur_nO9/layout as STRUCTURE ORrzi_tAg_hAWn6qw8ur_nO9.
INFO (XSTRM-223): 1004. Translating cellView sc9mcpp140z_cln28ht_base_lvt_c30/OA1B2_X6M_A9PP140ZTL_C30/layout as STRUCTURE OA1B2_X6M_A9PP140ZTL_C30.
INFO (XSTRM-223): 1005. Translating cellView sc9mcpp140z_cln28ht_base_lvt_c30/A8eWB_tAg_hAWn6qw8ur_nO9/layout as STRUCTURE A8eWB_tAg_hAWn6qw8ur_nO9.
INFO (XSTRM-223): 1006. Translating cellView sc9mcpp140z_cln28ht_base_lvt_c30/AOI31_X6M_A9PP140ZTL_C30/layout as STRUCTURE AOI31_X6M_A9PP140ZTL_C30.
INFO (XSTRM-223): 1007. Translating cellView sc9mcpp140z_cln28ht_base_lvt_c30/ORWwxKAQr_LvS_Xx1FDuzaho_Fv6/layout as STRUCTURE ORWwxKAQr_LvS_Xx1FDuzaho_Fv6.
INFO (XSTRM-223): 1008. Translating cellView sc9mcpp140z_cln28ht_base_lvt_c30/OA21A1OI2_X4M_A9PP140ZTL_C30/layout as STRUCTURE OA21A1OI2_X4M_A9PP140ZTL_C30.
INFO (XSTRM-223): 1009. Translating cellView sc9mcpp140z_cln28ht_base_lvt_c30/ORWw4_tqg_hAWn6qw8ur_nO9/layout as STRUCTURE ORWw4_tqg_hAWn6qw8ur_nO9.
INFO (XSTRM-223): 1010. Translating cellView sc9mcpp140z_cln28ht_base_lvt_c30/OA21B_X8M_A9PP140ZTL_C30/layout as STRUCTURE OA21B_X8M_A9PP140ZTL_C30.
INFO (XSTRM-223): 1011. Translating cellView sc9mcpp140z_cln28ht_base_lvt_c30/N8bn_U3jaI_eRniObBEmw_i8G/layout as STRUCTURE N8bn_U3jaI_eRniObBEmw_i8G.
INFO (XSTRM-223): 1012. Translating cellView sc9mcpp140z_cln28ht_base_lvt_c30/NOR2_X0P7A_A9PP140ZTL_C30/layout as STRUCTURE NOR2_X0P7A_A9PP140ZTL_C30.
INFO (XSTRM-223): 1013. Translating cellView sc9mcpp140z_cln28ht_base_lvt_c30/N8bW_U10_IalWyRrOfF_W6T/layout as STRUCTURE N8bW_U10_IalWyRrOfF_W6T.
INFO (XSTRM-223): 1014. Translating cellView sc9mcpp140z_cln28ht_base_lvt_c30/NOR3_X2M_A9PP140ZTL_C30/layout as STRUCTURE NOR3_X2M_A9PP140ZTL_C30.
INFO (XSTRM-223): 1015. Translating cellView sc9mcpp140z_cln28ht_base_lvt_c30/ILX_sKkOg_hAWn6qw8ur_nO9/layout as STRUCTURE ILX_sKkOg_hAWn6qw8ur_nO9.
INFO (XSTRM-223): 1016. Translating cellView sc9mcpp140z_cln28ht_base_lvt_c30/INV_X1P4M_A9PP140ZTL_C30/layout as STRUCTURE INV_X1P4M_A9PP140ZTL_C30.
INFO (XSTRM-223): 1017. Translating cellView sc9mcpp140z_cln28ht_base_lvt_c30/A8enB_t2SAk_VqiZ8xKDJB_ZE7/layout as STRUCTURE A8enB_t2SAk_VqiZ8xKDJB_ZE7.
INFO (XSTRM-223): 1018. Translating cellView sc9mcpp140z_cln28ht_base_lvt_c30/AOI21_X0P7M_A9PP140ZTL_C30/layout as STRUCTURE AOI21_X0P7M_A9PP140ZTL_C30.
INFO (XSTRM-223): 1019. Translating cellView sc9mcpp140z_cln28ht_base_lvt_c30/C7vcMXg_5T2vS_Xx1FDuzaho_Fv6/layout as STRUCTURE C7vcMXg_5T2vS_Xx1FDuzaho_Fv6.
INFO (XSTRM-223): 1020. Translating cellView sc9mcpp140z_cln28ht_base_lvt_c30/CGENCIN_X1P4M_A9PP140ZTL_C30/layout as STRUCTURE CGENCIN_X1P4M_A9PP140ZTL_C30.
INFO (XSTRM-223): 1021. Translating cellView sc9mcpp140z_cln28ht_base_lvt_c30/ORWwxKAQr_LiWx2_QurwaJTRV4_wA8/layout as STRUCTURE ORWwxKAQr_LiWx2_QurwaJTRV4_wA8.
INFO (XSTRM-223): 1022. Translating cellView sc9mcpp140z_cln28ht_base_lvt_c30/OA21A1OI2_X0P7M_A9PP140ZTL_C30/layout as STRUCTURE OA21A1OI2_X0P7M_A9PP140ZTL_C30.
INFO (XSTRM-223): 1023. Translating cellView sc9mcpp140z_cln28ht_base_lvt_c30/OqW_sSkv7_hAWn6qw8ur_nO9/layout as STRUCTURE OqW_sSkv7_hAWn6qw8ur_nO9.
INFO (XSTRM-223): 1024. Translating cellView sc9mcpp140z_cln28ht_base_lvt_c30/OR2_X0P7B_A9PP140ZTL_C30/layout as STRUCTURE OR2_X0P7B_A9PP140ZTL_C30.
INFO (XSTRM-223): 1025. Translating cellView sc9mcpp140z_cln28ht_base_lvt_c30/ALan_U3jYy_eRniObBEmw_i8G/layout as STRUCTURE ALan_U3jYy_eRniObBEmw_i8G.
INFO (XSTRM-223): 1026. Translating cellView sc9mcpp140z_cln28ht_base_lvt_c30/AND2_X0P5B_A9PP140ZTL_C30/layout as STRUCTURE AND2_X0P5B_A9PP140ZTL_C30.
INFO (XSTRM-223): 1027. Translating cellView sc9mcpp140z_cln28ht_base_lvt_c30/A8eniT9_5T2vS_Xx1FDuzaho_Fv6/layout as STRUCTURE A8eniT9_5T2vS_Xx1FDuzaho_Fv6.
INFO (XSTRM-223): 1028. Translating cellView sc9mcpp140z_cln28ht_base_lvt_c30/AOI22BB_X1P4M_A9PP140ZTL_C30/layout as STRUCTURE AOI22BB_X1P4M_A9PP140ZTL_C30.
INFO (XSTRM-223): 1029. Translating cellView sc9mcpp140z_cln28ht_base_lvt_c30/C7vcMXg_5Tk_VqiZ8xKDJB_ZE7/layout as STRUCTURE C7vcMXg_5Tk_VqiZ8xKDJB_ZE7.
INFO (XSTRM-223): 1030. Translating cellView sc9mcpp140z_cln28ht_base_lvt_c30/CGENCIN_X1M_A9PP140ZTL_C30/layout as STRUCTURE CGENCIN_X1M_A9PP140ZTL_C30.
INFO (XSTRM-223): 1031. Translating cellView sc9mcpp140z_cln28ht_base_lvt_c30/MpGn_U1G_IalWyRrOfF_W6T/layout as STRUCTURE MpGn_U1G_IalWyRrOfF_W6T.
INFO (XSTRM-223): 1032. Translating cellView sc9mcpp140z_cln28ht_base_lvt_c30/MXT2_X2B_A9PP140ZTL_C30/layout as STRUCTURE MXT2_X2B_A9PP140ZTL_C30.
INFO (XSTRM-223): 1033. Translating cellView sc9mcpp140z_cln28ht_base_lvt_c30/OReniT9_5W2SS_Xx1FDuzaho_Fv6/layout as STRUCTURE OReniT9_5W2SS_Xx1FDuzaho_Fv6.
INFO (XSTRM-223): 1034. Translating cellView sc9mcpp140z_cln28ht_base_lvt_c30/OAI22BB_X0P5M_A9PP140ZTL_C30/layout as STRUCTURE OAI22BB_X0P5M_A9PP140ZTL_C30.
INFO (XSTRM-223): 1035. Translating cellView sc9mcpp140z_cln28ht_base_lvt_c30/NRPAiT_MFY_eRniObBEmw_i8G/layout as STRUCTURE NRPAiT_MFY_eRniObBEmw_i8G.
INFO (XSTRM-223): 1036. Translating cellView sc9mcpp140z_cln28ht_base_lvt_c30/NAND2B_X3M_A9PP140ZTL_C30/layout as STRUCTURE NAND2B_X3M_A9PP140ZTL_C30.
INFO (XSTRM-223): 1037. Translating cellView sc9mcpp140z_cln28ht_base_lvt_c30/NRPAiT_M8Y_eRniObBEmw_i8G/layout as STRUCTURE NRPAiT_M8Y_eRniObBEmw_i8G.
INFO (XSTRM-223): 1038. Translating cellView sc9mcpp140z_cln28ht_base_lvt_c30/NAND2B_X4M_A9PP140ZTL_C30/layout as STRUCTURE NAND2B_X4M_A9PP140ZTL_C30.
INFO (XSTRM-223): 1039. Translating cellView sc9mcpp140z_cln28ht_base_lvt_c30/N8bn4_tAg_hAWn6qw8ur_nO9/layout as STRUCTURE N8bn4_tAg_hAWn6qw8ur_nO9.
INFO (XSTRM-223): 1040. Translating cellView sc9mcpp140z_cln28ht_base_lvt_c30/NOR2B_X6M_A9PP140ZTL_C30/layout as STRUCTURE NOR2B_X6M_A9PP140ZTL_C30.
INFO (XSTRM-223): 1041. Translating cellView sc9mcpp140z_cln28ht_base_lvt_c30/A8enBT_Ml3jj_dbZ1EfovIK_1Dy/layout as STRUCTURE A8enBT_Ml3jj_dbZ1EfovIK_1Dy.
INFO (XSTRM-223): 1042. Translating cellView sc9mcpp140z_cln28ht_base_lvt_c30/AOI21B_X0P5M_A9PP140ZTL_C30/layout as STRUCTURE AOI21B_X0P5M_A9PP140ZTL_C30.
INFO (XSTRM-223): 1043. Translating cellView sc9mcpp140z_cln28ht_base_lvt_c30/A8enBT_Ml3Rj_dbZ1EfovIK_1Dy/layout as STRUCTURE A8enBT_Ml3Rj_dbZ1EfovIK_1Dy.
INFO (XSTRM-223): 1044. Translating cellView sc9mcpp140z_cln28ht_base_lvt_c30/AOI21B_X0P7M_A9PP140ZTL_C30/layout as STRUCTURE AOI21B_X0P7M_A9PP140ZTL_C30.
INFO (XSTRM-223): 1045. Translating cellView sc9mcpp140z_cln28ht_base_lvt_c30/A8enBT_M4Y_eRniObBEmw_i8G/layout as STRUCTURE A8enBT_M4Y_eRniObBEmw_i8G.
INFO (XSTRM-223): 1046. Translating cellView sc9mcpp140z_cln28ht_base_lvt_c30/AOI21B_X1M_A9PP140ZTL_C30/layout as STRUCTURE AOI21B_X1M_A9PP140ZTL_C30.
INFO (XSTRM-223): 1047. Translating cellView sc9mcpp140z_cln28ht_base_lvt_c30/A8enBT_M43Dj_dbZ1EfovIK_1Dy/layout as STRUCTURE A8enBT_M43Dj_dbZ1EfovIK_1Dy.
INFO (XSTRM-223): 1048. Translating cellView sc9mcpp140z_cln28ht_base_lvt_c30/AOI21B_X1P4M_A9PP140ZTL_C30/layout as STRUCTURE AOI21B_X1P4M_A9PP140ZTL_C30.
INFO (XSTRM-223): 1049. Translating cellView sc9mcpp140z_cln28ht_base_lvt_c30/XLExn_t2Skk_VqiZ8xKDJB_ZE7/layout as STRUCTURE XLExn_t2Skk_VqiZ8xKDJB_ZE7.
INFO (XSTRM-223): 1050. Translating cellView sc9mcpp140z_cln28ht_base_lvt_c30/XNOR3_X0P5M_A9PP140ZTL_C30/layout as STRUCTURE XNOR3_X0P5M_A9PP140ZTL_C30.
INFO (XSTRM-223): 1051. Translating cellView sc9mcpp140z_cln28ht_base_lvt_c30/AvaY_Uoj8Y_eRniObBEmw_i8G/layout as STRUCTURE AvaY_Uoj8Y_eRniObBEmw_i8G.
INFO (XSTRM-223): 1052. Translating cellView sc9mcpp140z_cln28ht_base_lvt_c30/ADDH_X1P4M_A9PP140ZTL_C30/layout as STRUCTURE ADDH_X1P4M_A9PP140ZTL_C30.
INFO (XSTRM-223): 1053. Translating cellView sc9mcpp140z_cln28ht_base_lvt_c30/ELatxYOQxr_eRniObBEmw_i8G/layout as STRUCTURE ELatxYOQxr_eRniObBEmw_i8G.
INFO (XSTRM-223): 1054. Translating cellView sc9mcpp140z_cln28ht_base_lvt_c30/ENDCAPTIE3_A9PP140ZTL_C30/layout as STRUCTURE ENDCAPTIE3_A9PP140ZTL_C30.
INFO (XSTRM-223): 1055. Translating cellView sc9mcpp140z_cln28ht_base_lvt_c30/FhcHyXqg_IalWyRrOfF_W6T/layout as STRUCTURE FhcHyXqg_IalWyRrOfF_W6T.
INFO (XSTRM-223): 1056. Translating cellView sc9mcpp140z_cln28ht_base_lvt_c30/FILLTIE5_A9PP140ZTL_C30/layout as STRUCTURE FILLTIE5_A9PP140ZTL_C30.
INFO (XSTRM-223): 1057. Translating cellView sc9mcpp140z_cln28ht_base_lvt_c30/FhcHW8NmSTb_VqiZ8xKDJB_ZE7/layout as STRUCTURE FhcHW8NmSTb_VqiZ8xKDJB_ZE7.
INFO (XSTRM-223): 1058. Translating cellView sc9mcpp140z_cln28ht_base_lvt_c30/FILLSGCAP16_A9PP140ZTL_C30/layout as STRUCTURE FILLSGCAP16_A9PP140ZTL_C30.
INFO (XSTRM-223): 1059. Translating cellView sc9mcpp140z_cln28ht_base_lvt_c30/FhcHW8NmSx_eRniObBEmw_i8G/layout as STRUCTURE FhcHW8NmSx_eRniObBEmw_i8G.
INFO (XSTRM-223): 1060. Translating cellView sc9mcpp140z_cln28ht_base_lvt_c30/FILLSGCAP8_A9PP140ZTL_C30/layout as STRUCTURE FILLSGCAP8_A9PP140ZTL_C30.
INFO (XSTRM-223): 1061. Translating cellView sc9mcpp140z_cln28ht_base_lvt_c30/FhcHW8NmSw_eRniObBEmw_i8G/layout as STRUCTURE FhcHW8NmSw_eRniObBEmw_i8G.
INFO (XSTRM-223): 1062. Translating cellView sc9mcpp140z_cln28ht_base_lvt_c30/FILLSGCAP2_A9PP140ZTL_C30/layout as STRUCTURE FILLSGCAP2_A9PP140ZTL_C30.
INFO (XSTRM-223): 1063. Translating cellView sc9mcpp140z_cln28ht_base_lvt_c30/FhcHW8NmSE_eRniObBEmw_i8G/layout as STRUCTURE FhcHW8NmSE_eRniObBEmw_i8G.
INFO (XSTRM-223): 1064. Translating cellView sc9mcpp140z_cln28ht_base_lvt_c30/FILLSGCAP4_A9PP140ZTL_C30/layout as STRUCTURE FILLSGCAP4_A9PP140ZTL_C30.
INFO (XSTRM-223): 1065. Translating cellView sc9mcpp140z_cln28ht_base_lvt_c30/FhcHW8NmSr_eRniObBEmw_i8G/layout as STRUCTURE FhcHW8NmSr_eRniObBEmw_i8G.
INFO (XSTRM-223): 1066. Translating cellView sc9mcpp140z_cln28ht_base_lvt_c30/FILLSGCAP3_A9PP140ZTL_C30/layout as STRUCTURE FILLSGCAP3_A9PP140ZTL_C30.
INFO (XSTRM-223): 1067. Translating cellView sc9mcpp140z_cln28ht_base_lvt_c30/FhcHW8NmSrB_VqiZ8xKDJB_ZE7/layout as STRUCTURE FhcHW8NmSrB_VqiZ8xKDJB_ZE7.
INFO (XSTRM-223): 1068. Translating cellView sc9mcpp140z_cln28ht_base_lvt_c30/FILLSGCAP32_A9PP140ZTL_C30/layout as STRUCTURE FILLSGCAP32_A9PP140ZTL_C30.
INFO (XSTRM-223): 1069. Translating cellView sc9mcpp140z_cln28ht_base_lvt_c30/FhcHi_uES39vZ7qi_3Go/layout as STRUCTURE FhcHi_uES39vZ7qi_3Go.
INFO (XSTRM-223): 1070. Translating cellView sc9mcpp140z_cln28ht_base_lvt_c30/FILL2_A9PP140ZTL_C30/layout as STRUCTURE FILL2_A9PP140ZTL_C30.
INFO (XSTRM-223): 1071. Translating cellView jswalling_dsp/pp_fir_u_7_VIA0/layout as STRUCTURE pp_fir_u_7_VIA0.
INFO (XSTRM-223): 1072. Translating cellView sc9mcpp140z_cln28ht_base_lvt_c30/FhcHB_uES39vZ7qi_3Go/layout as STRUCTURE FhcHB_uES39vZ7qi_3Go.
INFO (XSTRM-223): 1073. Translating cellView sc9mcpp140z_cln28ht_base_lvt_c30/FILL1_A9PP140ZTL_C30/layout as STRUCTURE FILL1_A9PP140ZTL_C30.
INFO (XSTRM-223): 1074. Translating cellView jswalling_dsp/pp_fir_u_7/layout as STRUCTURE pp_fir_u_7.
INFO (XSTRM-180): You have not used the '-objectMap' option. The design has instance(s) of at least one of following OpenAccess objects: oaBlockage, oaBoundary, oaRow, and oaMarker. Any information about these objects will not be translated into the generated stream file. Use the '-objectMap' option to translate/preserve these objects using XStream.

Summary of Objects Translated:
	Scalar Instances:                       44532
	Array Instances:                        4
	Polygons:                               3753
	Paths:                                  276299
	Rectangles:                             70418
	Lines:                                  0
	Arcs:                                   0
	Donuts:                                 0
	Dots:                                   0
	Ellipses:                               0
	Boundaries:                             0
	Area Blockages:                         0
	Layer Blockages:                        0
	Area Halos:                             0
	Markers:                                0
	Rows:                                   0
	Stitch:                                 0
	Standard Vias                           233834
	Custom Vias:                            0
	CdsGen Vias:                            0
	Pathsegs:                               0
	Text:                                   32036
	TextDisplay:                            0
	Cells:                                  1074

Elapsed Time: 15.6s   User Time: 0.9s   CPU Time: 0.6s   Peak VM: 588444KB
INFO (XSTRM-234): Translation completed. '0' error(s) and '2' warning(s) found.
