============================================================
  Generated by:           Genus(TM) Synthesis Solution 23.10-p004_1
  Generated on:           Feb 17 2025  07:00:32 pm
  Module:                 pp_fir_u_4
  Operating conditions:   ssg_cworstt_max_0p81v_125c 
  Operating conditions:   ffg_cbestt_min_0p99v_m40c 
  Operating conditions:   tt_ctypical_max_0p90v_25c 
  Interconnect mode:      spatial
  Area mode:              physical library
============================================================


Path 1: MET (54 ps) Setup Check with Pin pp_fir_4_1_1_sum1_13_re_1_reg[25]/clk->d
           View: view_wcl_typical
          Group: clk
     Startpoint: (R) enb_1_8_0
          Clock: (R) clk
       Endpoint: (R) pp_fir_4_1_1_sum1_13_re_1_reg[25]/d
          Clock: (R) clk

                     Capture       Launch     
        Clock Edge:+     500            0     
        Drv Adjust:+       0            0     
       Src Latency:+       0            0     
       Net Latency:+     200 (I)      200 (I) 
           Arrival:=     700          200     
                                              
             Setup:-       7                  
       Uncertainty:-     125                  
     Required Time:=     568                  
      Launch Clock:-     200                  
       Input Delay:-     300                  
         Data Path:-      14                  
             Slack:=      54                  

Exceptions/Constraints:
  input_delay             300             tmp_sdc_view_wcl_slo_1_line_533 

#--------------------------------------------------------------------------------------------------------------------------------
#            Timing Point             Flags    Arc    Edge       Cell         Fanout Load Trans Delay Arrival      Instance      
#                                                                                    (fF)  (ps)  (ps)   (ps)       Location      
#--------------------------------------------------------------------------------------------------------------------------------
  enb_1_8_0                           (u)     -       R     (arrival)           2562  9.9     0     0     500              (-,-) 
  pp_fir_4_1_1_g6228/z                (u)     in_1->z R     unmapped_complex3      1  1.1     0    14     514  (11.8465,65.3155) 
  pp_fir_4_1_1_sum1_13_re_1_reg[25]/d -       -       R     unmapped_d_flop        1    -     -     0     514  (10.3910,66.2670) 
#--------------------------------------------------------------------------------------------------------------------------------

(u) : Net has unmapped pin(s).



Path 2: MET (54 ps) Setup Check with Pin pp_fir_4_1_1_sum1_7_re_1_reg[27]/clk->d
           View: view_wcl_typical
          Group: clk
     Startpoint: (R) enb_1_8_0
          Clock: (R) clk
       Endpoint: (R) pp_fir_4_1_1_sum1_7_re_1_reg[27]/d
          Clock: (R) clk

                     Capture       Launch     
        Clock Edge:+     500            0     
        Drv Adjust:+       0            0     
       Src Latency:+       0            0     
       Net Latency:+     200 (I)      200 (I) 
           Arrival:=     700          200     
                                              
             Setup:-       7                  
       Uncertainty:-     125                  
     Required Time:=     568                  
      Launch Clock:-     200                  
       Input Delay:-     300                  
         Data Path:-      14                  
             Slack:=      54                  

Exceptions/Constraints:
  input_delay             300             tmp_sdc_view_wcl_slo_1_line_533 

#--------------------------------------------------------------------------------------------------------------------------------
#           Timing Point             Flags    Arc    Edge       Cell         Fanout Load Trans Delay Arrival       Instance      
#                                                                                   (fF)  (ps)  (ps)   (ps)        Location      
#--------------------------------------------------------------------------------------------------------------------------------
  enb_1_8_0                          (u)     -       R     (arrival)           2562  9.9     0     0     500               (-,-) 
  pp_fir_4_1_1_g6355/z               (u)     in_0->z R     unmapped_complex3      1  1.1     0    14     514  (26.7935,101.9810) 
  pp_fir_4_1_1_sum1_7_re_1_reg[27]/d -       -       R     unmapped_d_flop        1    -     -     0     514  (26.0005,100.9720) 
#--------------------------------------------------------------------------------------------------------------------------------

(u) : Net has unmapped pin(s).



Path 3: MET (54 ps) Setup Check with Pin pp_fir_4_1_1_sum1_7_re_1_reg[26]/clk->d
           View: view_wcl_typical
          Group: clk
     Startpoint: (R) enb_1_8_0
          Clock: (R) clk
       Endpoint: (R) pp_fir_4_1_1_sum1_7_re_1_reg[26]/d
          Clock: (R) clk

                     Capture       Launch     
        Clock Edge:+     500            0     
        Drv Adjust:+       0            0     
       Src Latency:+       0            0     
       Net Latency:+     200 (I)      200 (I) 
           Arrival:=     700          200     
                                              
             Setup:-       7                  
       Uncertainty:-     125                  
     Required Time:=     568                  
      Launch Clock:-     200                  
       Input Delay:-     300                  
         Data Path:-      14                  
             Slack:=      54                  

Exceptions/Constraints:
  input_delay             300             tmp_sdc_view_wcl_slo_1_line_533 

#-------------------------------------------------------------------------------------------------------------------------------
#           Timing Point             Flags    Arc    Edge       Cell         Fanout Load Trans Delay Arrival      Instance      
#                                                                                   (fF)  (ps)  (ps)   (ps)       Location      
#-------------------------------------------------------------------------------------------------------------------------------
  enb_1_8_0                          (u)     -       R     (arrival)           2562  9.9     0     0     500              (-,-) 
  pp_fir_4_1_1_g6344/z               (u)     in_1->z R     unmapped_complex3      1  1.1     0    14     514  (27.1620,99.9530) 
  pp_fir_4_1_1_sum1_7_re_1_reg[26]/d -       -       R     unmapped_d_flop        1    -     -     0     514  (25.9175,98.9210) 
#-------------------------------------------------------------------------------------------------------------------------------

(u) : Net has unmapped pin(s).



Path 4: MET (54 ps) Setup Check with Pin pp_fir_4_1_1_sum1_7_re_1_reg[25]/clk->d
           View: view_wcl_typical
          Group: clk
     Startpoint: (R) enb_1_8_0
          Clock: (R) clk
       Endpoint: (R) pp_fir_4_1_1_sum1_7_re_1_reg[25]/d
          Clock: (R) clk

                     Capture       Launch     
        Clock Edge:+     500            0     
        Drv Adjust:+       0            0     
       Src Latency:+       0            0     
       Net Latency:+     200 (I)      200 (I) 
           Arrival:=     700          200     
                                              
             Setup:-       7                  
       Uncertainty:-     125                  
     Required Time:=     568                  
      Launch Clock:-     200                  
       Input Delay:-     300                  
         Data Path:-      14                  
             Slack:=      54                  

Exceptions/Constraints:
  input_delay             300             tmp_sdc_view_wcl_slo_1_line_533 

#--------------------------------------------------------------------------------------------------------------------------------
#           Timing Point             Flags    Arc    Edge       Cell         Fanout Load Trans Delay Arrival       Instance      
#                                                                                   (fF)  (ps)  (ps)   (ps)        Location      
#--------------------------------------------------------------------------------------------------------------------------------
  enb_1_8_0                          (u)     -       R     (arrival)           2562  9.9     0     0     500               (-,-) 
  pp_fir_4_1_1_g6325/z               (u)     in_0->z R     unmapped_complex3      1  1.1     0    14     514  (25.8655,104.1860) 
  pp_fir_4_1_1_sum1_7_re_1_reg[25]/d -       -       R     unmapped_d_flop        1    -     -     0     514  (25.0050,103.0735) 
#--------------------------------------------------------------------------------------------------------------------------------

(u) : Net has unmapped pin(s).



Path 5: MET (54 ps) Setup Check with Pin pp_fir_4_1_1_sum1_7_re_1_reg[24]/clk->d
           View: view_wcl_typical
          Group: clk
     Startpoint: (R) enb_1_8_0
          Clock: (R) clk
       Endpoint: (R) pp_fir_4_1_1_sum1_7_re_1_reg[24]/d
          Clock: (R) clk

                     Capture       Launch     
        Clock Edge:+     500            0     
        Drv Adjust:+       0            0     
       Src Latency:+       0            0     
       Net Latency:+     200 (I)      200 (I) 
           Arrival:=     700          200     
                                              
             Setup:-       7                  
       Uncertainty:-     125                  
     Required Time:=     568                  
      Launch Clock:-     200                  
       Input Delay:-     300                  
         Data Path:-      14                  
             Slack:=      54                  

Exceptions/Constraints:
  input_delay             300             tmp_sdc_view_wcl_slo_1_line_533 

#--------------------------------------------------------------------------------------------------------------------------------
#           Timing Point             Flags    Arc    Edge       Cell         Fanout Load Trans Delay Arrival       Instance      
#                                                                                   (fF)  (ps)  (ps)   (ps)        Location      
#--------------------------------------------------------------------------------------------------------------------------------
  enb_1_8_0                          (u)     -       R     (arrival)           2562  9.9     0     0     500               (-,-) 
  pp_fir_4_1_1_g6306/z               (u)     in_0->z R     unmapped_complex3      1  1.1     0    14     514  (28.3580,102.1995) 
  pp_fir_4_1_1_sum1_7_re_1_reg[24]/d -       -       R     unmapped_d_flop        1    -     -     0     514  (28.6530,101.4690) 
#--------------------------------------------------------------------------------------------------------------------------------

(u) : Net has unmapped pin(s).



Path 6: MET (54 ps) Setup Check with Pin pp_fir_4_1_1_sum1_7_re_1_reg[23]/clk->d
           View: view_wcl_typical
          Group: clk
     Startpoint: (R) enb_1_8_0
          Clock: (R) clk
       Endpoint: (R) pp_fir_4_1_1_sum1_7_re_1_reg[23]/d
          Clock: (R) clk

                     Capture       Launch     
        Clock Edge:+     500            0     
        Drv Adjust:+       0            0     
       Src Latency:+       0            0     
       Net Latency:+     200 (I)      200 (I) 
           Arrival:=     700          200     
                                              
             Setup:-       7                  
       Uncertainty:-     125                  
     Required Time:=     568                  
      Launch Clock:-     200                  
       Input Delay:-     300                  
         Data Path:-      14                  
             Slack:=      54                  

Exceptions/Constraints:
  input_delay             300             tmp_sdc_view_wcl_slo_1_line_533 

#-------------------------------------------------------------------------------------------------------------------------------
#           Timing Point             Flags    Arc    Edge       Cell         Fanout Load Trans Delay Arrival      Instance      
#                                                                                   (fF)  (ps)  (ps)   (ps)       Location      
#-------------------------------------------------------------------------------------------------------------------------------
  enb_1_8_0                          (u)     -       R     (arrival)           2562  9.9     0     0     500              (-,-) 
  pp_fir_4_1_1_g6299/z               (u)     in_0->z R     unmapped_complex3      1  1.1     0    14     514  (24.9650,98.6095) 
  pp_fir_4_1_1_sum1_7_re_1_reg[23]/d -       -       R     unmapped_d_flop        1    -     -     0     514  (24.2910,97.6965) 
#-------------------------------------------------------------------------------------------------------------------------------

(u) : Net has unmapped pin(s).



Path 7: MET (54 ps) Setup Check with Pin pp_fir_4_1_1_sum1_7_re_1_reg[22]/clk->d
           View: view_wcl_typical
          Group: clk
     Startpoint: (R) enb_1_8_0
          Clock: (R) clk
       Endpoint: (R) pp_fir_4_1_1_sum1_7_re_1_reg[22]/d
          Clock: (R) clk

                     Capture       Launch     
        Clock Edge:+     500            0     
        Drv Adjust:+       0            0     
       Src Latency:+       0            0     
       Net Latency:+     200 (I)      200 (I) 
           Arrival:=     700          200     
                                              
             Setup:-       7                  
       Uncertainty:-     125                  
     Required Time:=     568                  
      Launch Clock:-     200                  
       Input Delay:-     300                  
         Data Path:-      14                  
             Slack:=      54                  

Exceptions/Constraints:
  input_delay             300             tmp_sdc_view_wcl_slo_1_line_533 

#-------------------------------------------------------------------------------------------------------------------------------
#           Timing Point             Flags    Arc    Edge       Cell         Fanout Load Trans Delay Arrival      Instance      
#                                                                                   (fF)  (ps)  (ps)   (ps)       Location      
#-------------------------------------------------------------------------------------------------------------------------------
  enb_1_8_0                          (u)     -       R     (arrival)           2562  9.9     0     0     500              (-,-) 
  pp_fir_4_1_1_g6284/z               (u)     in_0->z R     unmapped_complex3      1  1.1     0    14     514  (27.9055,96.9050) 
  pp_fir_4_1_1_sum1_7_re_1_reg[22]/d -       -       R     unmapped_d_flop        1    -     -     0     514  (26.7300,97.9750) 
#-------------------------------------------------------------------------------------------------------------------------------

(u) : Net has unmapped pin(s).



Path 8: MET (54 ps) Setup Check with Pin pp_fir_4_1_1_sum1_7_re_1_reg[21]/clk->d
           View: view_wcl_typical
          Group: clk
     Startpoint: (R) enb_1_8_0
          Clock: (R) clk
       Endpoint: (R) pp_fir_4_1_1_sum1_7_re_1_reg[21]/d
          Clock: (R) clk

                     Capture       Launch     
        Clock Edge:+     500            0     
        Drv Adjust:+       0            0     
       Src Latency:+       0            0     
       Net Latency:+     200 (I)      200 (I) 
           Arrival:=     700          200     
                                              
             Setup:-       7                  
       Uncertainty:-     125                  
     Required Time:=     568                  
      Launch Clock:-     200                  
       Input Delay:-     300                  
         Data Path:-      14                  
             Slack:=      54                  

Exceptions/Constraints:
  input_delay             300             tmp_sdc_view_wcl_slo_1_line_533 

#-------------------------------------------------------------------------------------------------------------------------------
#           Timing Point             Flags    Arc    Edge       Cell         Fanout Load Trans Delay Arrival      Instance      
#                                                                                   (fF)  (ps)  (ps)   (ps)       Location      
#-------------------------------------------------------------------------------------------------------------------------------
  enb_1_8_0                          (u)     -       R     (arrival)           2562  9.9     0     0     500              (-,-) 
  pp_fir_4_1_1_g6338/z               (u)     in_1->z R     unmapped_complex3      1  1.1     0    14     514  (24.1885,94.6140) 
  pp_fir_4_1_1_sum1_7_re_1_reg[21]/d -       -       R     unmapped_d_flop        1    -     -     0     514  (25.2395,95.0370) 
#-------------------------------------------------------------------------------------------------------------------------------

(u) : Net has unmapped pin(s).



Path 9: MET (54 ps) Setup Check with Pin pp_fir_4_1_1_sum1_7_re_1_reg[20]/clk->d
           View: view_wcl_typical
          Group: clk
     Startpoint: (R) enb_1_8_0
          Clock: (R) clk
       Endpoint: (R) pp_fir_4_1_1_sum1_7_re_1_reg[20]/d
          Clock: (R) clk

                     Capture       Launch     
        Clock Edge:+     500            0     
        Drv Adjust:+       0            0     
       Src Latency:+       0            0     
       Net Latency:+     200 (I)      200 (I) 
           Arrival:=     700          200     
                                              
             Setup:-       7                  
       Uncertainty:-     125                  
     Required Time:=     568                  
      Launch Clock:-     200                  
       Input Delay:-     300                  
         Data Path:-      14                  
             Slack:=      54                  

Exceptions/Constraints:
  input_delay             300             tmp_sdc_view_wcl_slo_1_line_533 

#-------------------------------------------------------------------------------------------------------------------------------
#           Timing Point             Flags    Arc    Edge       Cell         Fanout Load Trans Delay Arrival      Instance      
#                                                                                   (fF)  (ps)  (ps)   (ps)       Location      
#-------------------------------------------------------------------------------------------------------------------------------
  enb_1_8_0                          (u)     -       R     (arrival)           2562  9.9     0     0     500              (-,-) 
  pp_fir_4_1_1_g6253/z               (u)     in_1->z R     unmapped_complex3      1  1.1     0    14     514  (25.3050,95.9690) 
  pp_fir_4_1_1_sum1_7_re_1_reg[20]/d -       -       R     unmapped_d_flop        1    -     -     0     514  (24.6725,96.8345) 
#-------------------------------------------------------------------------------------------------------------------------------

(u) : Net has unmapped pin(s).



Path 10: MET (54 ps) Setup Check with Pin pp_fir_4_1_1_sum1_7_re_1_reg[19]/clk->d
           View: view_wcl_typical
          Group: clk
     Startpoint: (R) enb_1_8_0
          Clock: (R) clk
       Endpoint: (R) pp_fir_4_1_1_sum1_7_re_1_reg[19]/d
          Clock: (R) clk

                     Capture       Launch     
        Clock Edge:+     500            0     
        Drv Adjust:+       0            0     
       Src Latency:+       0            0     
       Net Latency:+     200 (I)      200 (I) 
           Arrival:=     700          200     
                                              
             Setup:-       7                  
       Uncertainty:-     125                  
     Required Time:=     568                  
      Launch Clock:-     200                  
       Input Delay:-     300                  
         Data Path:-      14                  
             Slack:=      54                  

Exceptions/Constraints:
  input_delay             300             tmp_sdc_view_wcl_slo_1_line_533 

#--------------------------------------------------------------------------------------------------------------------------------
#           Timing Point             Flags    Arc    Edge       Cell         Fanout Load Trans Delay Arrival       Instance      
#                                                                                   (fF)  (ps)  (ps)   (ps)        Location      
#--------------------------------------------------------------------------------------------------------------------------------
  enb_1_8_0                          (u)     -       R     (arrival)           2562  9.9     0     0     500               (-,-) 
  pp_fir_4_1_1_g6530/z               (u)     in_1->z R     unmapped_complex3      1  1.1     0    14     514  (16.0300,103.0955) 
  pp_fir_4_1_1_sum1_7_re_1_reg[19]/d -       -       R     unmapped_d_flop        1    -     -     0     514  (14.7785,104.0545) 
#--------------------------------------------------------------------------------------------------------------------------------

(u) : Net has unmapped pin(s).



Path 11: MET (54 ps) Setup Check with Pin pp_fir_4_1_1_sum1_7_re_1_reg[18]/clk->d
           View: view_wcl_typical
          Group: clk
     Startpoint: (R) enb_1_8_0
          Clock: (R) clk
       Endpoint: (R) pp_fir_4_1_1_sum1_7_re_1_reg[18]/d
          Clock: (R) clk

                     Capture       Launch     
        Clock Edge:+     500            0     
        Drv Adjust:+       0            0     
       Src Latency:+       0            0     
       Net Latency:+     200 (I)      200 (I) 
           Arrival:=     700          200     
                                              
             Setup:-       7                  
       Uncertainty:-     125                  
     Required Time:=     568                  
      Launch Clock:-     200                  
       Input Delay:-     300                  
         Data Path:-      14                  
             Slack:=      54                  

Exceptions/Constraints:
  input_delay             300             tmp_sdc_view_wcl_slo_1_line_533 

#--------------------------------------------------------------------------------------------------------------------------------
#           Timing Point             Flags    Arc    Edge       Cell         Fanout Load Trans Delay Arrival       Instance      
#                                                                                   (fF)  (ps)  (ps)   (ps)        Location      
#--------------------------------------------------------------------------------------------------------------------------------
  enb_1_8_0                          (u)     -       R     (arrival)           2562  9.9     0     0     500               (-,-) 
  pp_fir_4_1_1_g6516/z               (u)     in_0->z R     unmapped_complex3      1  1.1     0    14     514  (22.9145,102.9590) 
  pp_fir_4_1_1_sum1_7_re_1_reg[18]/d -       -       R     unmapped_d_flop        1    -     -     0     514  (22.6325,103.6805) 
#--------------------------------------------------------------------------------------------------------------------------------

(u) : Net has unmapped pin(s).



Path 12: MET (54 ps) Setup Check with Pin pp_fir_4_1_1_sum1_7_re_1_reg[17]/clk->d
           View: view_wcl_typical
          Group: clk
     Startpoint: (R) enb_1_8_0
          Clock: (R) clk
       Endpoint: (R) pp_fir_4_1_1_sum1_7_re_1_reg[17]/d
          Clock: (R) clk

                     Capture       Launch     
        Clock Edge:+     500            0     
        Drv Adjust:+       0            0     
       Src Latency:+       0            0     
       Net Latency:+     200 (I)      200 (I) 
           Arrival:=     700          200     
                                              
             Setup:-       7                  
       Uncertainty:-     125                  
     Required Time:=     568                  
      Launch Clock:-     200                  
       Input Delay:-     300                  
         Data Path:-      14                  
             Slack:=      54                  

Exceptions/Constraints:
  input_delay             300             tmp_sdc_view_wcl_slo_1_line_533 

#--------------------------------------------------------------------------------------------------------------------------------
#           Timing Point             Flags    Arc    Edge       Cell         Fanout Load Trans Delay Arrival       Instance      
#                                                                                   (fF)  (ps)  (ps)   (ps)        Location      
#--------------------------------------------------------------------------------------------------------------------------------
  enb_1_8_0                          (u)     -       R     (arrival)           2562  9.9     0     0     500               (-,-) 
  pp_fir_4_1_1_g6144/z               (u)     in_1->z R     unmapped_complex3      1  1.1     0    14     514  (18.6160,103.1475) 
  pp_fir_4_1_1_sum1_7_re_1_reg[17]/d -       -       R     unmapped_d_flop        1    -     -     0     514  (17.2070,103.9760) 
#--------------------------------------------------------------------------------------------------------------------------------

(u) : Net has unmapped pin(s).



Path 13: MET (54 ps) Setup Check with Pin pp_fir_4_1_1_sum1_7_im_1_reg[27]/clk->d
           View: view_wcl_typical
          Group: clk
     Startpoint: (R) enb_1_8_0
          Clock: (R) clk
       Endpoint: (R) pp_fir_4_1_1_sum1_7_im_1_reg[27]/d
          Clock: (R) clk

                     Capture       Launch     
        Clock Edge:+     500            0     
        Drv Adjust:+       0            0     
       Src Latency:+       0            0     
       Net Latency:+     200 (I)      200 (I) 
           Arrival:=     700          200     
                                              
             Setup:-       7                  
       Uncertainty:-     125                  
     Required Time:=     568                  
      Launch Clock:-     200                  
       Input Delay:-     300                  
         Data Path:-      14                  
             Slack:=      54                  

Exceptions/Constraints:
  input_delay             300             tmp_sdc_view_wcl_slo_1_line_533 

#---------------------------------------------------------------------------------------------------------------------------------
#           Timing Point             Flags    Arc    Edge       Cell         Fanout Load Trans Delay Arrival       Instance       
#                                                                                   (fF)  (ps)  (ps)   (ps)        Location       
#---------------------------------------------------------------------------------------------------------------------------------
  enb_1_8_0                          (u)     -       R     (arrival)           2562  9.9     0     0     500                (-,-) 
  pp_fir_4_1_1_g6492/z               (u)     in_1->z R     unmapped_complex3      1  1.1     0    14     514  (106.2945,124.5595) 
  pp_fir_4_1_1_sum1_7_im_1_reg[27]/d -       -       R     unmapped_d_flop        1    -     -     0     514  (105.0015,123.4305) 
#---------------------------------------------------------------------------------------------------------------------------------

(u) : Net has unmapped pin(s).



Path 14: MET (54 ps) Setup Check with Pin pp_fir_4_1_1_sum1_7_im_1_reg[26]/clk->d
           View: view_wcl_typical
          Group: clk
     Startpoint: (R) enb_1_8_0
          Clock: (R) clk
       Endpoint: (R) pp_fir_4_1_1_sum1_7_im_1_reg[26]/d
          Clock: (R) clk

                     Capture       Launch     
        Clock Edge:+     500            0     
        Drv Adjust:+       0            0     
       Src Latency:+       0            0     
       Net Latency:+     200 (I)      200 (I) 
           Arrival:=     700          200     
                                              
             Setup:-       7                  
       Uncertainty:-     125                  
     Required Time:=     568                  
      Launch Clock:-     200                  
       Input Delay:-     300                  
         Data Path:-      14                  
             Slack:=      54                  

Exceptions/Constraints:
  input_delay             300             tmp_sdc_view_wcl_slo_1_line_533 

#---------------------------------------------------------------------------------------------------------------------------------
#           Timing Point             Flags    Arc    Edge       Cell         Fanout Load Trans Delay Arrival       Instance       
#                                                                                   (fF)  (ps)  (ps)   (ps)        Location       
#---------------------------------------------------------------------------------------------------------------------------------
  enb_1_8_0                          (u)     -       R     (arrival)           2562  9.9     0     0     500                (-,-) 
  pp_fir_4_1_1_g6499/z               (u)     in_0->z R     unmapped_complex3      1  1.1     0    14     514  (104.1700,125.0980) 
  pp_fir_4_1_1_sum1_7_im_1_reg[26]/d -       -       R     unmapped_d_flop        1    -     -     0     514  (103.3715,124.2025) 
#---------------------------------------------------------------------------------------------------------------------------------

(u) : Net has unmapped pin(s).



Path 15: MET (54 ps) Setup Check with Pin pp_fir_4_1_1_sum1_7_im_1_reg[25]/clk->d
           View: view_wcl_typical
          Group: clk
     Startpoint: (R) enb_1_8_0
          Clock: (R) clk
       Endpoint: (R) pp_fir_4_1_1_sum1_7_im_1_reg[25]/d
          Clock: (R) clk

                     Capture       Launch     
        Clock Edge:+     500            0     
        Drv Adjust:+       0            0     
       Src Latency:+       0            0     
       Net Latency:+     200 (I)      200 (I) 
           Arrival:=     700          200     
                                              
             Setup:-       7                  
       Uncertainty:-     125                  
     Required Time:=     568                  
      Launch Clock:-     200                  
       Input Delay:-     300                  
         Data Path:-      14                  
             Slack:=      54                  

Exceptions/Constraints:
  input_delay             300             tmp_sdc_view_wcl_slo_1_line_533 

#---------------------------------------------------------------------------------------------------------------------------------
#           Timing Point             Flags    Arc    Edge       Cell         Fanout Load Trans Delay Arrival       Instance       
#                                                                                   (fF)  (ps)  (ps)   (ps)        Location       
#---------------------------------------------------------------------------------------------------------------------------------
  enb_1_8_0                          (u)     -       R     (arrival)           2562  9.9     0     0     500                (-,-) 
  pp_fir_4_1_1_g6137/z               (u)     in_1->z R     unmapped_complex3      1  1.1     0    14     514  (100.6010,125.3540) 
  pp_fir_4_1_1_sum1_7_im_1_reg[25]/d -       -       R     unmapped_d_flop        1    -     -     0     514   (99.4260,124.4000) 
#---------------------------------------------------------------------------------------------------------------------------------

(u) : Net has unmapped pin(s).



Path 16: MET (54 ps) Setup Check with Pin pp_fir_4_1_1_sum1_7_im_1_reg[24]/clk->d
           View: view_wcl_typical
          Group: clk
     Startpoint: (R) enb_1_8_0
          Clock: (R) clk
       Endpoint: (R) pp_fir_4_1_1_sum1_7_im_1_reg[24]/d
          Clock: (R) clk

                     Capture       Launch     
        Clock Edge:+     500            0     
        Drv Adjust:+       0            0     
       Src Latency:+       0            0     
       Net Latency:+     200 (I)      200 (I) 
           Arrival:=     700          200     
                                              
             Setup:-       7                  
       Uncertainty:-     125                  
     Required Time:=     568                  
      Launch Clock:-     200                  
       Input Delay:-     300                  
         Data Path:-      14                  
             Slack:=      54                  

Exceptions/Constraints:
  input_delay             300             tmp_sdc_view_wcl_slo_1_line_533 

#---------------------------------------------------------------------------------------------------------------------------------
#           Timing Point             Flags    Arc    Edge       Cell         Fanout Load Trans Delay Arrival       Instance       
#                                                                                   (fF)  (ps)  (ps)   (ps)        Location       
#---------------------------------------------------------------------------------------------------------------------------------
  enb_1_8_0                          (u)     -       R     (arrival)           2562  9.9     0     0     500                (-,-) 
  pp_fir_4_1_1_g6208/z               (u)     in_1->z R     unmapped_complex3      1  1.1     0    14     514  (102.3675,124.5105) 
  pp_fir_4_1_1_sum1_7_im_1_reg[24]/d -       -       R     unmapped_d_flop        1    -     -     0     514  (101.5815,123.3820) 
#---------------------------------------------------------------------------------------------------------------------------------

(u) : Net has unmapped pin(s).



Path 17: MET (54 ps) Setup Check with Pin pp_fir_4_1_1_sum1_7_im_1_reg[23]/clk->d
           View: view_wcl_typical
          Group: clk
     Startpoint: (R) enb_1_8_0
          Clock: (R) clk
       Endpoint: (R) pp_fir_4_1_1_sum1_7_im_1_reg[23]/d
          Clock: (R) clk

                     Capture       Launch     
        Clock Edge:+     500            0     
        Drv Adjust:+       0            0     
       Src Latency:+       0            0     
       Net Latency:+     200 (I)      200 (I) 
           Arrival:=     700          200     
                                              
             Setup:-       7                  
       Uncertainty:-     125                  
     Required Time:=     568                  
      Launch Clock:-     200                  
       Input Delay:-     300                  
         Data Path:-      14                  
             Slack:=      54                  

Exceptions/Constraints:
  input_delay             300             tmp_sdc_view_wcl_slo_1_line_533 

#---------------------------------------------------------------------------------------------------------------------------------
#           Timing Point             Flags    Arc    Edge       Cell         Fanout Load Trans Delay Arrival       Instance       
#                                                                                   (fF)  (ps)  (ps)   (ps)        Location       
#---------------------------------------------------------------------------------------------------------------------------------
  enb_1_8_0                          (u)     -       R     (arrival)           2562  9.9     0     0     500                (-,-) 
  pp_fir_4_1_1_g6379/z               (u)     in_1->z R     unmapped_complex3      1  1.1     0    14     514  (100.4470,128.4540) 
  pp_fir_4_1_1_sum1_7_im_1_reg[23]/d -       -       R     unmapped_d_flop        1    -     -     0     514   (99.3000,127.4335) 
#---------------------------------------------------------------------------------------------------------------------------------

(u) : Net has unmapped pin(s).



Path 18: MET (54 ps) Setup Check with Pin pp_fir_4_1_1_sum1_7_im_1_reg[22]/clk->d
           View: view_wcl_typical
          Group: clk
     Startpoint: (R) enb_1_8_0
          Clock: (R) clk
       Endpoint: (R) pp_fir_4_1_1_sum1_7_im_1_reg[22]/d
          Clock: (R) clk

                     Capture       Launch     
        Clock Edge:+     500            0     
        Drv Adjust:+       0            0     
       Src Latency:+       0            0     
       Net Latency:+     200 (I)      200 (I) 
           Arrival:=     700          200     
                                              
             Setup:-       7                  
       Uncertainty:-     125                  
     Required Time:=     568                  
      Launch Clock:-     200                  
       Input Delay:-     300                  
         Data Path:-      14                  
             Slack:=      54                  

Exceptions/Constraints:
  input_delay             300             tmp_sdc_view_wcl_slo_1_line_533 

#---------------------------------------------------------------------------------------------------------------------------------
#           Timing Point             Flags    Arc    Edge       Cell         Fanout Load Trans Delay Arrival       Instance       
#                                                                                   (fF)  (ps)  (ps)   (ps)        Location       
#---------------------------------------------------------------------------------------------------------------------------------
  enb_1_8_0                          (u)     -       R     (arrival)           2562  9.9     0     0     500                (-,-) 
  pp_fir_4_1_1_g6434/z               (u)     in_1->z R     unmapped_complex3      1  1.1     0    14     514  (101.1350,134.4340) 
  pp_fir_4_1_1_sum1_7_im_1_reg[22]/d -       -       R     unmapped_d_flop        1    -     -     0     514  (100.4640,135.4935) 
#---------------------------------------------------------------------------------------------------------------------------------

(u) : Net has unmapped pin(s).



Path 19: MET (54 ps) Setup Check with Pin pp_fir_4_1_1_sum1_7_im_1_reg[21]/clk->d
           View: view_wcl_typical
          Group: clk
     Startpoint: (R) enb_1_8_0
          Clock: (R) clk
       Endpoint: (R) pp_fir_4_1_1_sum1_7_im_1_reg[21]/d
          Clock: (R) clk

                     Capture       Launch     
        Clock Edge:+     500            0     
        Drv Adjust:+       0            0     
       Src Latency:+       0            0     
       Net Latency:+     200 (I)      200 (I) 
           Arrival:=     700          200     
                                              
             Setup:-       7                  
       Uncertainty:-     125                  
     Required Time:=     568                  
      Launch Clock:-     200                  
       Input Delay:-     300                  
         Data Path:-      14                  
             Slack:=      54                  

Exceptions/Constraints:
  input_delay             300             tmp_sdc_view_wcl_slo_1_line_533 

#---------------------------------------------------------------------------------------------------------------------------------
#           Timing Point             Flags    Arc    Edge       Cell         Fanout Load Trans Delay Arrival       Instance       
#                                                                                   (fF)  (ps)  (ps)   (ps)        Location       
#---------------------------------------------------------------------------------------------------------------------------------
  enb_1_8_0                          (u)     -       R     (arrival)           2562  9.9     0     0     500                (-,-) 
  pp_fir_4_1_1_g6411/z               (u)     in_1->z R     unmapped_complex3      1  1.1     0    14     514  (101.2880,136.5230) 
  pp_fir_4_1_1_sum1_7_im_1_reg[21]/d -       -       R     unmapped_d_flop        1    -     -     0     514  (100.3765,137.5925) 
#---------------------------------------------------------------------------------------------------------------------------------

(u) : Net has unmapped pin(s).



Path 20: MET (54 ps) Setup Check with Pin pp_fir_4_1_1_sum1_7_im_1_reg[20]/clk->d
           View: view_wcl_typical
          Group: clk
     Startpoint: (R) enb_1_8_0
          Clock: (R) clk
       Endpoint: (R) pp_fir_4_1_1_sum1_7_im_1_reg[20]/d
          Clock: (R) clk

                     Capture       Launch     
        Clock Edge:+     500            0     
        Drv Adjust:+       0            0     
       Src Latency:+       0            0     
       Net Latency:+     200 (I)      200 (I) 
           Arrival:=     700          200     
                                              
             Setup:-       7                  
       Uncertainty:-     125                  
     Required Time:=     568                  
      Launch Clock:-     200                  
       Input Delay:-     300                  
         Data Path:-      14                  
             Slack:=      54                  

Exceptions/Constraints:
  input_delay             300             tmp_sdc_view_wcl_slo_1_line_533 

#---------------------------------------------------------------------------------------------------------------------------------
#           Timing Point             Flags    Arc    Edge       Cell         Fanout Load Trans Delay Arrival       Instance       
#                                                                                   (fF)  (ps)  (ps)   (ps)        Location       
#---------------------------------------------------------------------------------------------------------------------------------
  enb_1_8_0                          (u)     -       R     (arrival)           2562  9.9     0     0     500                (-,-) 
  pp_fir_4_1_1_g6406/z               (u)     in_0->z R     unmapped_complex3      1  1.1     0    14     514  (100.8450,132.1710) 
  pp_fir_4_1_1_sum1_7_im_1_reg[20]/d -       -       R     unmapped_d_flop        1    -     -     0     514   (99.0620,131.1275) 
#---------------------------------------------------------------------------------------------------------------------------------

(u) : Net has unmapped pin(s).



Path 21: MET (54 ps) Setup Check with Pin pp_fir_4_1_1_sum1_7_im_1_reg[19]/clk->d
           View: view_wcl_typical
          Group: clk
     Startpoint: (R) enb_1_8_0
          Clock: (R) clk
       Endpoint: (R) pp_fir_4_1_1_sum1_7_im_1_reg[19]/d
          Clock: (R) clk

                     Capture       Launch     
        Clock Edge:+     500            0     
        Drv Adjust:+       0            0     
       Src Latency:+       0            0     
       Net Latency:+     200 (I)      200 (I) 
           Arrival:=     700          200     
                                              
             Setup:-       7                  
       Uncertainty:-     125                  
     Required Time:=     568                  
      Launch Clock:-     200                  
       Input Delay:-     300                  
         Data Path:-      14                  
             Slack:=      54                  

Exceptions/Constraints:
  input_delay             300             tmp_sdc_view_wcl_slo_1_line_533 

#---------------------------------------------------------------------------------------------------------------------------------
#           Timing Point             Flags    Arc    Edge       Cell         Fanout Load Trans Delay Arrival       Instance       
#                                                                                   (fF)  (ps)  (ps)   (ps)        Location       
#---------------------------------------------------------------------------------------------------------------------------------
  enb_1_8_0                          (u)     -       R     (arrival)           2562  9.9     0     0     500                (-,-) 
  pp_fir_4_1_1_g6457/z               (u)     in_1->z R     unmapped_complex3      1  1.1     0    14     514  (104.3200,142.5520) 
  pp_fir_4_1_1_sum1_7_im_1_reg[19]/d -       -       R     unmapped_d_flop        1    -     -     0     514  (103.1855,141.4490) 
#---------------------------------------------------------------------------------------------------------------------------------

(u) : Net has unmapped pin(s).



Path 22: MET (54 ps) Setup Check with Pin pp_fir_4_1_1_sum1_7_im_1_reg[18]/clk->d
           View: view_wcl_typical
          Group: clk
     Startpoint: (R) enb_1_8_0
          Clock: (R) clk
       Endpoint: (R) pp_fir_4_1_1_sum1_7_im_1_reg[18]/d
          Clock: (R) clk

                     Capture       Launch     
        Clock Edge:+     500            0     
        Drv Adjust:+       0            0     
       Src Latency:+       0            0     
       Net Latency:+     200 (I)      200 (I) 
           Arrival:=     700          200     
                                              
             Setup:-       7                  
       Uncertainty:-     125                  
     Required Time:=     568                  
      Launch Clock:-     200                  
       Input Delay:-     300                  
         Data Path:-      14                  
             Slack:=      54                  

Exceptions/Constraints:
  input_delay             300             tmp_sdc_view_wcl_slo_1_line_533 

#---------------------------------------------------------------------------------------------------------------------------------
#           Timing Point             Flags    Arc    Edge       Cell         Fanout Load Trans Delay Arrival       Instance       
#                                                                                   (fF)  (ps)  (ps)   (ps)        Location       
#---------------------------------------------------------------------------------------------------------------------------------
  enb_1_8_0                          (u)     -       R     (arrival)           2562  9.9     0     0     500                (-,-) 
  pp_fir_4_1_1_g6156/z               (u)     in_1->z R     unmapped_complex3      1  1.1     0    14     514  (104.0590,140.4725) 
  pp_fir_4_1_1_sum1_7_im_1_reg[18]/d -       -       R     unmapped_d_flop        1    -     -     0     514  (103.6310,139.4365) 
#---------------------------------------------------------------------------------------------------------------------------------

(u) : Net has unmapped pin(s).



Path 23: MET (54 ps) Setup Check with Pin pp_fir_4_1_1_sum1_7_im_1_reg[17]/clk->d
           View: view_wcl_typical
          Group: clk
     Startpoint: (R) enb_1_8_0
          Clock: (R) clk
       Endpoint: (R) pp_fir_4_1_1_sum1_7_im_1_reg[17]/d
          Clock: (R) clk

                     Capture       Launch     
        Clock Edge:+     500            0     
        Drv Adjust:+       0            0     
       Src Latency:+       0            0     
       Net Latency:+     200 (I)      200 (I) 
           Arrival:=     700          200     
                                              
             Setup:-       7                  
       Uncertainty:-     125                  
     Required Time:=     568                  
      Launch Clock:-     200                  
       Input Delay:-     300                  
         Data Path:-      14                  
             Slack:=      54                  

Exceptions/Constraints:
  input_delay             300             tmp_sdc_view_wcl_slo_1_line_533 

#---------------------------------------------------------------------------------------------------------------------------------
#           Timing Point             Flags    Arc    Edge       Cell         Fanout Load Trans Delay Arrival       Instance       
#                                                                                   (fF)  (ps)  (ps)   (ps)        Location       
#---------------------------------------------------------------------------------------------------------------------------------
  enb_1_8_0                          (u)     -       R     (arrival)           2562  9.9     0     0     500                (-,-) 
  pp_fir_4_1_1_g6201/z               (u)     in_1->z R     unmapped_complex3      1  1.1     0    14     514  (107.9495,124.8320) 
  pp_fir_4_1_1_sum1_7_im_1_reg[17]/d -       -       R     unmapped_d_flop        1    -     -     0     514  (107.3130,123.8920) 
#---------------------------------------------------------------------------------------------------------------------------------

(u) : Net has unmapped pin(s).



Path 24: MET (54 ps) Setup Check with Pin pp_fir_4_1_1_sum1_6_re_1_reg[26]/clk->d
           View: view_wcl_typical
          Group: clk
     Startpoint: (R) enb_1_8_0
          Clock: (R) clk
       Endpoint: (R) pp_fir_4_1_1_sum1_6_re_1_reg[26]/d
          Clock: (R) clk

                     Capture       Launch     
        Clock Edge:+     500            0     
        Drv Adjust:+       0            0     
       Src Latency:+       0            0     
       Net Latency:+     200 (I)      200 (I) 
           Arrival:=     700          200     
                                              
             Setup:-       7                  
       Uncertainty:-     125                  
     Required Time:=     568                  
      Launch Clock:-     200                  
       Input Delay:-     300                  
         Data Path:-      14                  
             Slack:=      54                  

Exceptions/Constraints:
  input_delay             300             tmp_sdc_view_wcl_slo_1_line_533 

#--------------------------------------------------------------------------------------------------------------------------------
#           Timing Point             Flags    Arc    Edge       Cell         Fanout Load Trans Delay Arrival       Instance      
#                                                                                   (fF)  (ps)  (ps)   (ps)        Location      
#--------------------------------------------------------------------------------------------------------------------------------
  enb_1_8_0                          (u)     -       R     (arrival)           2562  9.9     0     0     500               (-,-) 
  pp_fir_4_1_1_g6235/z               (u)     in_1->z R     unmapped_complex3      1  1.1     0    14     514  (13.6100,132.4570) 
  pp_fir_4_1_1_sum1_6_re_1_reg[26]/d -       -       R     unmapped_d_flop        1    -     -     0     514  (12.2880,131.3975) 
#--------------------------------------------------------------------------------------------------------------------------------

(u) : Net has unmapped pin(s).



Path 25: MET (54 ps) Setup Check with Pin pp_fir_4_1_1_sum1_6_re_1_reg[25]/clk->d
           View: view_wcl_typical
          Group: clk
     Startpoint: (R) enb_1_8_0
          Clock: (R) clk
       Endpoint: (R) pp_fir_4_1_1_sum1_6_re_1_reg[25]/d
          Clock: (R) clk

                     Capture       Launch     
        Clock Edge:+     500            0     
        Drv Adjust:+       0            0     
       Src Latency:+       0            0     
       Net Latency:+     200 (I)      200 (I) 
           Arrival:=     700          200     
                                              
             Setup:-       7                  
       Uncertainty:-     125                  
     Required Time:=     568                  
      Launch Clock:-     200                  
       Input Delay:-     300                  
         Data Path:-      14                  
             Slack:=      54                  

Exceptions/Constraints:
  input_delay             300             tmp_sdc_view_wcl_slo_1_line_533 

#--------------------------------------------------------------------------------------------------------------------------------
#           Timing Point             Flags    Arc    Edge       Cell         Fanout Load Trans Delay Arrival       Instance      
#                                                                                   (fF)  (ps)  (ps)   (ps)        Location      
#--------------------------------------------------------------------------------------------------------------------------------
  enb_1_8_0                          (u)     -       R     (arrival)           2562  9.9     0     0     500               (-,-) 
  pp_fir_4_1_1_g6342/z               (u)     in_0->z R     unmapped_complex3      1  1.1     0    14     514  (15.1720,132.6890) 
  pp_fir_4_1_1_sum1_6_re_1_reg[25]/d -       -       R     unmapped_d_flop        1    -     -     0     514  (14.5370,131.7005) 
#--------------------------------------------------------------------------------------------------------------------------------

(u) : Net has unmapped pin(s).



Path 26: MET (54 ps) Setup Check with Pin pp_fir_4_1_1_sum1_6_re_1_reg[24]/clk->d
           View: view_wcl_typical
          Group: clk
     Startpoint: (R) enb_1_8_0
          Clock: (R) clk
       Endpoint: (R) pp_fir_4_1_1_sum1_6_re_1_reg[24]/d
          Clock: (R) clk

                     Capture       Launch     
        Clock Edge:+     500            0     
        Drv Adjust:+       0            0     
       Src Latency:+       0            0     
       Net Latency:+     200 (I)      200 (I) 
           Arrival:=     700          200     
                                              
             Setup:-       7                  
       Uncertainty:-     125                  
     Required Time:=     568                  
      Launch Clock:-     200                  
       Input Delay:-     300                  
         Data Path:-      14                  
             Slack:=      54                  

Exceptions/Constraints:
  input_delay             300             tmp_sdc_view_wcl_slo_1_line_533 

#--------------------------------------------------------------------------------------------------------------------------------
#           Timing Point             Flags    Arc    Edge       Cell         Fanout Load Trans Delay Arrival       Instance      
#                                                                                   (fF)  (ps)  (ps)   (ps)        Location      
#--------------------------------------------------------------------------------------------------------------------------------
  enb_1_8_0                          (u)     -       R     (arrival)           2562  9.9     0     0     500               (-,-) 
  pp_fir_4_1_1_g6336/z               (u)     in_0->z R     unmapped_complex3      1  1.1     0    14     514  (13.7030,133.4670) 
  pp_fir_4_1_1_sum1_6_re_1_reg[24]/d -       -       R     unmapped_d_flop        1    -     -     0     514  (12.8855,134.4755) 
#--------------------------------------------------------------------------------------------------------------------------------

(u) : Net has unmapped pin(s).



Path 27: MET (54 ps) Setup Check with Pin pp_fir_4_1_1_sum1_6_re_1_reg[23]/clk->d
           View: view_wcl_typical
          Group: clk
     Startpoint: (R) enb_1_8_0
          Clock: (R) clk
       Endpoint: (R) pp_fir_4_1_1_sum1_6_re_1_reg[23]/d
          Clock: (R) clk

                     Capture       Launch     
        Clock Edge:+     500            0     
        Drv Adjust:+       0            0     
       Src Latency:+       0            0     
       Net Latency:+     200 (I)      200 (I) 
           Arrival:=     700          200     
                                              
             Setup:-       7                  
       Uncertainty:-     125                  
     Required Time:=     568                  
      Launch Clock:-     200                  
       Input Delay:-     300                  
         Data Path:-      14                  
             Slack:=      54                  

Exceptions/Constraints:
  input_delay             300             tmp_sdc_view_wcl_slo_1_line_533 

#--------------------------------------------------------------------------------------------------------------------------------
#           Timing Point             Flags    Arc    Edge       Cell         Fanout Load Trans Delay Arrival       Instance      
#                                                                                   (fF)  (ps)  (ps)   (ps)        Location      
#--------------------------------------------------------------------------------------------------------------------------------
  enb_1_8_0                          (u)     -       R     (arrival)           2562  9.9     0     0     500               (-,-) 
  pp_fir_4_1_1_g6317/z               (u)     in_0->z R     unmapped_complex3      1  1.1     0    14     514  (12.0000,140.3895) 
  pp_fir_4_1_1_sum1_6_re_1_reg[23]/d -       -       R     unmapped_d_flop        1    -     -     0     514  (10.8960,141.3480) 
#--------------------------------------------------------------------------------------------------------------------------------

(u) : Net has unmapped pin(s).



Path 28: MET (54 ps) Setup Check with Pin pp_fir_4_1_1_sum1_6_re_1_reg[22]/clk->d
           View: view_wcl_typical
          Group: clk
     Startpoint: (R) enb_1_8_0
          Clock: (R) clk
       Endpoint: (R) pp_fir_4_1_1_sum1_6_re_1_reg[22]/d
          Clock: (R) clk

                     Capture       Launch     
        Clock Edge:+     500            0     
        Drv Adjust:+       0            0     
       Src Latency:+       0            0     
       Net Latency:+     200 (I)      200 (I) 
           Arrival:=     700          200     
                                              
             Setup:-       7                  
       Uncertainty:-     125                  
     Required Time:=     568                  
      Launch Clock:-     200                  
       Input Delay:-     300                  
         Data Path:-      14                  
             Slack:=      54                  

Exceptions/Constraints:
  input_delay             300             tmp_sdc_view_wcl_slo_1_line_533 

#--------------------------------------------------------------------------------------------------------------------------------
#           Timing Point             Flags    Arc    Edge       Cell         Fanout Load Trans Delay Arrival       Instance      
#                                                                                   (fF)  (ps)  (ps)   (ps)        Location      
#--------------------------------------------------------------------------------------------------------------------------------
  enb_1_8_0                          (u)     -       R     (arrival)           2562  9.9     0     0     500               (-,-) 
  pp_fir_4_1_1_g6293/z               (u)     in_0->z R     unmapped_complex3      1  1.1     0    14     514  (13.8785,140.0970) 
  pp_fir_4_1_1_sum1_6_re_1_reg[22]/d -       -       R     unmapped_d_flop        1    -     -     0     514  (13.5510,141.1050) 
#--------------------------------------------------------------------------------------------------------------------------------

(u) : Net has unmapped pin(s).



Path 29: MET (54 ps) Setup Check with Pin pp_fir_4_1_1_sum1_6_re_1_reg[21]/clk->d
           View: view_wcl_typical
          Group: clk
     Startpoint: (R) enb_1_8_0
          Clock: (R) clk
       Endpoint: (R) pp_fir_4_1_1_sum1_6_re_1_reg[21]/d
          Clock: (R) clk

                     Capture       Launch     
        Clock Edge:+     500            0     
        Drv Adjust:+       0            0     
       Src Latency:+       0            0     
       Net Latency:+     200 (I)      200 (I) 
           Arrival:=     700          200     
                                              
             Setup:-       7                  
       Uncertainty:-     125                  
     Required Time:=     568                  
      Launch Clock:-     200                  
       Input Delay:-     300                  
         Data Path:-      14                  
             Slack:=      54                  

Exceptions/Constraints:
  input_delay             300             tmp_sdc_view_wcl_slo_1_line_533 

#--------------------------------------------------------------------------------------------------------------------------------
#           Timing Point             Flags    Arc    Edge       Cell         Fanout Load Trans Delay Arrival       Instance      
#                                                                                   (fF)  (ps)  (ps)   (ps)        Location      
#--------------------------------------------------------------------------------------------------------------------------------
  enb_1_8_0                          (u)     -       R     (arrival)           2562  9.9     0     0     500               (-,-) 
  pp_fir_4_1_1_g6271/z               (u)     in_0->z R     unmapped_complex3      1  1.1     0    14     514  (13.3790,138.0440) 
  pp_fir_4_1_1_sum1_6_re_1_reg[21]/d -       -       R     unmapped_d_flop        1    -     -     0     514  (13.0905,139.0770) 
#--------------------------------------------------------------------------------------------------------------------------------

(u) : Net has unmapped pin(s).



Path 30: MET (54 ps) Setup Check with Pin pp_fir_4_1_1_sum1_6_re_1_reg[20]/clk->d
           View: view_wcl_typical
          Group: clk
     Startpoint: (R) enb_1_8_0
          Clock: (R) clk
       Endpoint: (R) pp_fir_4_1_1_sum1_6_re_1_reg[20]/d
          Clock: (R) clk

                     Capture       Launch     
        Clock Edge:+     500            0     
        Drv Adjust:+       0            0     
       Src Latency:+       0            0     
       Net Latency:+     200 (I)      200 (I) 
           Arrival:=     700          200     
                                              
             Setup:-       7                  
       Uncertainty:-     125                  
     Required Time:=     568                  
      Launch Clock:-     200                  
       Input Delay:-     300                  
         Data Path:-      14                  
             Slack:=      54                  

Exceptions/Constraints:
  input_delay             300             tmp_sdc_view_wcl_slo_1_line_533 

#--------------------------------------------------------------------------------------------------------------------------------
#           Timing Point             Flags    Arc    Edge       Cell         Fanout Load Trans Delay Arrival       Instance      
#                                                                                   (fF)  (ps)  (ps)   (ps)        Location      
#--------------------------------------------------------------------------------------------------------------------------------
  enb_1_8_0                          (u)     -       R     (arrival)           2562  9.9     0     0     500               (-,-) 
  pp_fir_4_1_1_g6521/z               (u)     in_1->z R     unmapped_complex3      1  1.1     0    14     514  (14.6905,136.1530) 
  pp_fir_4_1_1_sum1_6_re_1_reg[20]/d -       -       R     unmapped_d_flop        1    -     -     0     514  (12.9580,137.0355) 
#--------------------------------------------------------------------------------------------------------------------------------

(u) : Net has unmapped pin(s).



Path 31: MET (54 ps) Setup Check with Pin pp_fir_4_1_1_sum1_6_re_1_reg[19]/clk->d
           View: view_wcl_typical
          Group: clk
     Startpoint: (R) enb_1_8_0
          Clock: (R) clk
       Endpoint: (R) pp_fir_4_1_1_sum1_6_re_1_reg[19]/d
          Clock: (R) clk

                     Capture       Launch     
        Clock Edge:+     500            0     
        Drv Adjust:+       0            0     
       Src Latency:+       0            0     
       Net Latency:+     200 (I)      200 (I) 
           Arrival:=     700          200     
                                              
             Setup:-       7                  
       Uncertainty:-     125                  
     Required Time:=     568                  
      Launch Clock:-     200                  
       Input Delay:-     300                  
         Data Path:-      14                  
             Slack:=      54                  

Exceptions/Constraints:
  input_delay             300             tmp_sdc_view_wcl_slo_1_line_533 

#--------------------------------------------------------------------------------------------------------------------------------
#           Timing Point             Flags    Arc    Edge       Cell         Fanout Load Trans Delay Arrival       Instance      
#                                                                                   (fF)  (ps)  (ps)   (ps)        Location      
#--------------------------------------------------------------------------------------------------------------------------------
  enb_1_8_0                          (u)     -       R     (arrival)           2562  9.9     0     0     500               (-,-) 
  pp_fir_4_1_1_g6511/z               (u)     in_1->z R     unmapped_complex3      1  1.1     0    14     514  (14.2305,130.4470) 
  pp_fir_4_1_1_sum1_6_re_1_reg[19]/d -       -       R     unmapped_d_flop        1    -     -     0     514  (13.1635,129.4485) 
#--------------------------------------------------------------------------------------------------------------------------------

(u) : Net has unmapped pin(s).



Path 32: MET (54 ps) Setup Check with Pin pp_fir_4_1_1_sum1_6_re_1_reg[18]/clk->d
           View: view_wcl_typical
          Group: clk
     Startpoint: (R) enb_1_8_0
          Clock: (R) clk
       Endpoint: (R) pp_fir_4_1_1_sum1_6_re_1_reg[18]/d
          Clock: (R) clk

                     Capture       Launch     
        Clock Edge:+     500            0     
        Drv Adjust:+       0            0     
       Src Latency:+       0            0     
       Net Latency:+     200 (I)      200 (I) 
           Arrival:=     700          200     
                                              
             Setup:-       7                  
       Uncertainty:-     125                  
     Required Time:=     568                  
      Launch Clock:-     200                  
       Input Delay:-     300                  
         Data Path:-      14                  
             Slack:=      54                  

Exceptions/Constraints:
  input_delay             300             tmp_sdc_view_wcl_slo_1_line_533 

#--------------------------------------------------------------------------------------------------------------------------------
#           Timing Point             Flags    Arc    Edge       Cell         Fanout Load Trans Delay Arrival       Instance      
#                                                                                   (fF)  (ps)  (ps)   (ps)        Location      
#--------------------------------------------------------------------------------------------------------------------------------
  enb_1_8_0                          (u)     -       R     (arrival)           2562  9.9     0     0     500               (-,-) 
  pp_fir_4_1_1_g6360/z               (u)     in_1->z R     unmapped_complex3      1  1.1     0    14     514  (14.4815,128.4950) 
  pp_fir_4_1_1_sum1_6_re_1_reg[18]/d -       -       R     unmapped_d_flop        1    -     -     0     514  (13.6465,127.4945) 
#--------------------------------------------------------------------------------------------------------------------------------

(u) : Net has unmapped pin(s).



Path 33: MET (54 ps) Setup Check with Pin pp_fir_4_1_1_sum1_6_re_1_reg[17]/clk->d
           View: view_wcl_typical
          Group: clk
     Startpoint: (R) enb_1_8_0
          Clock: (R) clk
       Endpoint: (R) pp_fir_4_1_1_sum1_6_re_1_reg[17]/d
          Clock: (R) clk

                     Capture       Launch     
        Clock Edge:+     500            0     
        Drv Adjust:+       0            0     
       Src Latency:+       0            0     
       Net Latency:+     200 (I)      200 (I) 
           Arrival:=     700          200     
                                              
             Setup:-       7                  
       Uncertainty:-     125                  
     Required Time:=     568                  
      Launch Clock:-     200                  
       Input Delay:-     300                  
         Data Path:-      14                  
             Slack:=      54                  

Exceptions/Constraints:
  input_delay             300             tmp_sdc_view_wcl_slo_1_line_533 

#--------------------------------------------------------------------------------------------------------------------------------
#           Timing Point             Flags    Arc    Edge       Cell         Fanout Load Trans Delay Arrival       Instance      
#                                                                                   (fF)  (ps)  (ps)   (ps)        Location      
#--------------------------------------------------------------------------------------------------------------------------------
  enb_1_8_0                          (u)     -       R     (arrival)           2562  9.9     0     0     500               (-,-) 
  pp_fir_4_1_1_g6469/z               (u)     in_1->z R     unmapped_complex3      1  1.1     0    14     514  (15.7095,125.6690) 
  pp_fir_4_1_1_sum1_6_re_1_reg[17]/d -       -       R     unmapped_d_flop        1    -     -     0     514  (14.7125,124.6285) 
#--------------------------------------------------------------------------------------------------------------------------------

(u) : Net has unmapped pin(s).



Path 34: MET (54 ps) Setup Check with Pin pp_fir_4_1_1_sum1_6_im_1_reg[26]/clk->d
           View: view_wcl_typical
          Group: clk
     Startpoint: (R) enb_1_8_0
          Clock: (R) clk
       Endpoint: (R) pp_fir_4_1_1_sum1_6_im_1_reg[26]/d
          Clock: (R) clk

                     Capture       Launch     
        Clock Edge:+     500            0     
        Drv Adjust:+       0            0     
       Src Latency:+       0            0     
       Net Latency:+     200 (I)      200 (I) 
           Arrival:=     700          200     
                                              
             Setup:-       7                  
       Uncertainty:-     125                  
     Required Time:=     568                  
      Launch Clock:-     200                  
       Input Delay:-     300                  
         Data Path:-      14                  
             Slack:=      54                  

Exceptions/Constraints:
  input_delay             300             tmp_sdc_view_wcl_slo_1_line_533 

#---------------------------------------------------------------------------------------------------------------------------------
#           Timing Point             Flags    Arc    Edge       Cell         Fanout Load Trans Delay Arrival       Instance       
#                                                                                   (fF)  (ps)  (ps)   (ps)        Location       
#---------------------------------------------------------------------------------------------------------------------------------
  enb_1_8_0                          (u)     -       R     (arrival)           2562  9.9     0     0     500                (-,-) 
  pp_fir_4_1_1_g6193/z               (u)     in_1->z R     unmapped_complex3      1  1.1     0    14     514  (150.5240,140.9420) 
  pp_fir_4_1_1_sum1_6_im_1_reg[26]/d -       -       R     unmapped_d_flop        1    -     -     0     514  (149.0285,139.9920) 
#---------------------------------------------------------------------------------------------------------------------------------

(u) : Net has unmapped pin(s).



Path 35: MET (54 ps) Setup Check with Pin pp_fir_4_1_1_sum1_6_im_1_reg[25]/clk->d
           View: view_wcl_typical
          Group: clk
     Startpoint: (R) enb_1_8_0
          Clock: (R) clk
       Endpoint: (R) pp_fir_4_1_1_sum1_6_im_1_reg[25]/d
          Clock: (R) clk

                     Capture       Launch     
        Clock Edge:+     500            0     
        Drv Adjust:+       0            0     
       Src Latency:+       0            0     
       Net Latency:+     200 (I)      200 (I) 
           Arrival:=     700          200     
                                              
             Setup:-       7                  
       Uncertainty:-     125                  
     Required Time:=     568                  
      Launch Clock:-     200                  
       Input Delay:-     300                  
         Data Path:-      14                  
             Slack:=      54                  

Exceptions/Constraints:
  input_delay             300             tmp_sdc_view_wcl_slo_1_line_533 

#---------------------------------------------------------------------------------------------------------------------------------
#           Timing Point             Flags    Arc    Edge       Cell         Fanout Load Trans Delay Arrival       Instance       
#                                                                                   (fF)  (ps)  (ps)   (ps)        Location       
#---------------------------------------------------------------------------------------------------------------------------------
  enb_1_8_0                          (u)     -       R     (arrival)           2562  9.9     0     0     500                (-,-) 
  pp_fir_4_1_1_g6496/z               (u)     in_1->z R     unmapped_complex3      1  1.1     0    14     514  (146.0515,139.7715) 
  pp_fir_4_1_1_sum1_6_im_1_reg[25]/d -       -       R     unmapped_d_flop        1    -     -     0     514  (144.9400,138.8490) 
#---------------------------------------------------------------------------------------------------------------------------------

(u) : Net has unmapped pin(s).



Path 36: MET (54 ps) Setup Check with Pin pp_fir_4_1_1_sum1_6_im_1_reg[24]/clk->d
           View: view_wcl_typical
          Group: clk
     Startpoint: (R) enb_1_8_0
          Clock: (R) clk
       Endpoint: (R) pp_fir_4_1_1_sum1_6_im_1_reg[24]/d
          Clock: (R) clk

                     Capture       Launch     
        Clock Edge:+     500            0     
        Drv Adjust:+       0            0     
       Src Latency:+       0            0     
       Net Latency:+     200 (I)      200 (I) 
           Arrival:=     700          200     
                                              
             Setup:-       7                  
       Uncertainty:-     125                  
     Required Time:=     568                  
      Launch Clock:-     200                  
       Input Delay:-     300                  
         Data Path:-      14                  
             Slack:=      54                  

Exceptions/Constraints:
  input_delay             300             tmp_sdc_view_wcl_slo_1_line_533 

#---------------------------------------------------------------------------------------------------------------------------------
#           Timing Point             Flags    Arc    Edge       Cell         Fanout Load Trans Delay Arrival       Instance       
#                                                                                   (fF)  (ps)  (ps)   (ps)        Location       
#---------------------------------------------------------------------------------------------------------------------------------
  enb_1_8_0                          (u)     -       R     (arrival)           2562  9.9     0     0     500                (-,-) 
  pp_fir_4_1_1_g6446/z               (u)     in_1->z R     unmapped_complex3      1  1.1     0    14     514  (146.7630,142.1115) 
  pp_fir_4_1_1_sum1_6_im_1_reg[24]/d -       -       R     unmapped_d_flop        1    -     -     0     514  (146.0655,143.0695) 
#---------------------------------------------------------------------------------------------------------------------------------

(u) : Net has unmapped pin(s).



Path 37: MET (54 ps) Setup Check with Pin pp_fir_4_1_1_sum1_6_im_1_reg[23]/clk->d
           View: view_wcl_typical
          Group: clk
     Startpoint: (R) enb_1_8_0
          Clock: (R) clk
       Endpoint: (R) pp_fir_4_1_1_sum1_6_im_1_reg[23]/d
          Clock: (R) clk

                     Capture       Launch     
        Clock Edge:+     500            0     
        Drv Adjust:+       0            0     
       Src Latency:+       0            0     
       Net Latency:+     200 (I)      200 (I) 
           Arrival:=     700          200     
                                              
             Setup:-       7                  
       Uncertainty:-     125                  
     Required Time:=     568                  
      Launch Clock:-     200                  
       Input Delay:-     300                  
         Data Path:-      14                  
             Slack:=      54                  

Exceptions/Constraints:
  input_delay             300             tmp_sdc_view_wcl_slo_1_line_533 

#---------------------------------------------------------------------------------------------------------------------------------
#           Timing Point             Flags    Arc    Edge       Cell         Fanout Load Trans Delay Arrival       Instance       
#                                                                                   (fF)  (ps)  (ps)   (ps)        Location       
#---------------------------------------------------------------------------------------------------------------------------------
  enb_1_8_0                          (u)     -       R     (arrival)           2562  9.9     0     0     500                (-,-) 
  pp_fir_4_1_1_g6390/z               (u)     in_0->z R     unmapped_complex3      1  1.1     0    14     514  (146.7520,147.7785) 
  pp_fir_4_1_1_sum1_6_im_1_reg[23]/d -       -       R     unmapped_d_flop        1    -     -     0     514  (145.2760,146.8090) 
#---------------------------------------------------------------------------------------------------------------------------------

(u) : Net has unmapped pin(s).



Path 38: MET (54 ps) Setup Check with Pin pp_fir_4_1_1_sum1_6_im_1_reg[22]/clk->d
           View: view_wcl_typical
          Group: clk
     Startpoint: (R) enb_1_8_0
          Clock: (R) clk
       Endpoint: (R) pp_fir_4_1_1_sum1_6_im_1_reg[22]/d
          Clock: (R) clk

                     Capture       Launch     
        Clock Edge:+     500            0     
        Drv Adjust:+       0            0     
       Src Latency:+       0            0     
       Net Latency:+     200 (I)      200 (I) 
           Arrival:=     700          200     
                                              
             Setup:-       7                  
       Uncertainty:-     125                  
     Required Time:=     568                  
      Launch Clock:-     200                  
       Input Delay:-     300                  
         Data Path:-      14                  
             Slack:=      54                  

Exceptions/Constraints:
  input_delay             300             tmp_sdc_view_wcl_slo_1_line_533 

#---------------------------------------------------------------------------------------------------------------------------------
#           Timing Point             Flags    Arc    Edge       Cell         Fanout Load Trans Delay Arrival       Instance       
#                                                                                   (fF)  (ps)  (ps)   (ps)        Location       
#---------------------------------------------------------------------------------------------------------------------------------
  enb_1_8_0                          (u)     -       R     (arrival)           2562  9.9     0     0     500                (-,-) 
  pp_fir_4_1_1_g6146/z               (u)     in_1->z R     unmapped_complex3      1  1.1     0    14     514  (143.8855,150.0745) 
  pp_fir_4_1_1_sum1_6_im_1_reg[22]/d -       -       R     unmapped_d_flop        1    -     -     0     514  (142.6085,150.9125) 
#---------------------------------------------------------------------------------------------------------------------------------

(u) : Net has unmapped pin(s).



Path 39: MET (54 ps) Setup Check with Pin pp_fir_4_1_1_sum1_6_im_1_reg[21]/clk->d
           View: view_wcl_typical
          Group: clk
     Startpoint: (R) enb_1_8_0
          Clock: (R) clk
       Endpoint: (R) pp_fir_4_1_1_sum1_6_im_1_reg[21]/d
          Clock: (R) clk

                     Capture       Launch     
        Clock Edge:+     500            0     
        Drv Adjust:+       0            0     
       Src Latency:+       0            0     
       Net Latency:+     200 (I)      200 (I) 
           Arrival:=     700          200     
                                              
             Setup:-       7                  
       Uncertainty:-     125                  
     Required Time:=     568                  
      Launch Clock:-     200                  
       Input Delay:-     300                  
         Data Path:-      14                  
             Slack:=      54                  

Exceptions/Constraints:
  input_delay             300             tmp_sdc_view_wcl_slo_1_line_533 

#---------------------------------------------------------------------------------------------------------------------------------
#           Timing Point             Flags    Arc    Edge       Cell         Fanout Load Trans Delay Arrival       Instance       
#                                                                                   (fF)  (ps)  (ps)   (ps)        Location       
#---------------------------------------------------------------------------------------------------------------------------------
  enb_1_8_0                          (u)     -       R     (arrival)           2562  9.9     0     0     500                (-,-) 
  pp_fir_4_1_1_g6212/z               (u)     in_1->z R     unmapped_complex3      1  1.1     0    14     514  (140.9840,149.8335) 
  pp_fir_4_1_1_sum1_6_im_1_reg[21]/d -       -       R     unmapped_d_flop        1    -     -     0     514  (140.0970,150.6800) 
#---------------------------------------------------------------------------------------------------------------------------------

(u) : Net has unmapped pin(s).



Path 40: MET (54 ps) Setup Check with Pin pp_fir_4_1_1_sum1_6_im_1_reg[20]/clk->d
           View: view_wcl_typical
          Group: clk
     Startpoint: (R) enb_1_8_0
          Clock: (R) clk
       Endpoint: (R) pp_fir_4_1_1_sum1_6_im_1_reg[20]/d
          Clock: (R) clk

                     Capture       Launch     
        Clock Edge:+     500            0     
        Drv Adjust:+       0            0     
       Src Latency:+       0            0     
       Net Latency:+     200 (I)      200 (I) 
           Arrival:=     700          200     
                                              
             Setup:-       7                  
       Uncertainty:-     125                  
     Required Time:=     568                  
      Launch Clock:-     200                  
       Input Delay:-     300                  
         Data Path:-      14                  
             Slack:=      54                  

Exceptions/Constraints:
  input_delay             300             tmp_sdc_view_wcl_slo_1_line_533 

#---------------------------------------------------------------------------------------------------------------------------------
#           Timing Point             Flags    Arc    Edge       Cell         Fanout Load Trans Delay Arrival       Instance       
#                                                                                   (fF)  (ps)  (ps)   (ps)        Location       
#---------------------------------------------------------------------------------------------------------------------------------
  enb_1_8_0                          (u)     -       R     (arrival)           2562  9.9     0     0     500                (-,-) 
  pp_fir_4_1_1_g6265/z               (u)     in_1->z R     unmapped_complex3      1  1.1     0    14     514  (146.1355,149.9500) 
  pp_fir_4_1_1_sum1_6_im_1_reg[20]/d -       -       R     unmapped_d_flop        1    -     -     0     514  (145.1665,150.8845) 
#---------------------------------------------------------------------------------------------------------------------------------

(u) : Net has unmapped pin(s).



Path 41: MET (54 ps) Setup Check with Pin pp_fir_4_1_1_sum1_6_im_1_reg[19]/clk->d
           View: view_wcl_typical
          Group: clk
     Startpoint: (R) enb_1_8_0
          Clock: (R) clk
       Endpoint: (R) pp_fir_4_1_1_sum1_6_im_1_reg[19]/d
          Clock: (R) clk

                     Capture       Launch     
        Clock Edge:+     500            0     
        Drv Adjust:+       0            0     
       Src Latency:+       0            0     
       Net Latency:+     200 (I)      200 (I) 
           Arrival:=     700          200     
                                              
             Setup:-       7                  
       Uncertainty:-     125                  
     Required Time:=     568                  
      Launch Clock:-     200                  
       Input Delay:-     300                  
         Data Path:-      14                  
             Slack:=      54                  

Exceptions/Constraints:
  input_delay             300             tmp_sdc_view_wcl_slo_1_line_533 

#---------------------------------------------------------------------------------------------------------------------------------
#           Timing Point             Flags    Arc    Edge       Cell         Fanout Load Trans Delay Arrival       Instance       
#                                                                                   (fF)  (ps)  (ps)   (ps)        Location       
#---------------------------------------------------------------------------------------------------------------------------------
  enb_1_8_0                          (u)     -       R     (arrival)           2562  9.9     0     0     500                (-,-) 
  pp_fir_4_1_1_g6358/z               (u)     in_0->z R     unmapped_complex3      1  1.1     0    14     514  (137.9155,149.6210) 
  pp_fir_4_1_1_sum1_6_im_1_reg[19]/d -       -       R     unmapped_d_flop        1    -     -     0     514  (136.6685,150.5955) 
#---------------------------------------------------------------------------------------------------------------------------------

(u) : Net has unmapped pin(s).



Path 42: MET (54 ps) Setup Check with Pin pp_fir_4_1_1_sum1_6_im_1_reg[18]/clk->d
           View: view_wcl_typical
          Group: clk
     Startpoint: (R) enb_1_8_0
          Clock: (R) clk
       Endpoint: (R) pp_fir_4_1_1_sum1_6_im_1_reg[18]/d
          Clock: (R) clk

                     Capture       Launch     
        Clock Edge:+     500            0     
        Drv Adjust:+       0            0     
       Src Latency:+       0            0     
       Net Latency:+     200 (I)      200 (I) 
           Arrival:=     700          200     
                                              
             Setup:-       7                  
       Uncertainty:-     125                  
     Required Time:=     568                  
      Launch Clock:-     200                  
       Input Delay:-     300                  
         Data Path:-      14                  
             Slack:=      54                  

Exceptions/Constraints:
  input_delay             300             tmp_sdc_view_wcl_slo_1_line_533 

#---------------------------------------------------------------------------------------------------------------------------------
#           Timing Point             Flags    Arc    Edge       Cell         Fanout Load Trans Delay Arrival       Instance       
#                                                                                   (fF)  (ps)  (ps)   (ps)        Location       
#---------------------------------------------------------------------------------------------------------------------------------
  enb_1_8_0                          (u)     -       R     (arrival)           2562  9.9     0     0     500                (-,-) 
  pp_fir_4_1_1_g6350/z               (u)     in_0->z R     unmapped_complex3      1  1.1     0    14     514  (145.1825,149.6410) 
  pp_fir_4_1_1_sum1_6_im_1_reg[18]/d -       -       R     unmapped_d_flop        1    -     -     0     514  (144.4420,148.7175) 
#---------------------------------------------------------------------------------------------------------------------------------

(u) : Net has unmapped pin(s).



Path 43: MET (54 ps) Setup Check with Pin pp_fir_4_1_1_sum1_6_im_1_reg[17]/clk->d
           View: view_wcl_typical
          Group: clk
     Startpoint: (R) enb_1_8_0
          Clock: (R) clk
       Endpoint: (R) pp_fir_4_1_1_sum1_6_im_1_reg[17]/d
          Clock: (R) clk

                     Capture       Launch     
        Clock Edge:+     500            0     
        Drv Adjust:+       0            0     
       Src Latency:+       0            0     
       Net Latency:+     200 (I)      200 (I) 
           Arrival:=     700          200     
                                              
             Setup:-       7                  
       Uncertainty:-     125                  
     Required Time:=     568                  
      Launch Clock:-     200                  
       Input Delay:-     300                  
         Data Path:-      14                  
             Slack:=      54                  

Exceptions/Constraints:
  input_delay             300             tmp_sdc_view_wcl_slo_1_line_533 

#---------------------------------------------------------------------------------------------------------------------------------
#           Timing Point             Flags    Arc    Edge       Cell         Fanout Load Trans Delay Arrival       Instance       
#                                                                                   (fF)  (ps)  (ps)   (ps)        Location       
#---------------------------------------------------------------------------------------------------------------------------------
  enb_1_8_0                          (u)     -       R     (arrival)           2562  9.9     0     0     500                (-,-) 
  pp_fir_4_1_1_g6438/z               (u)     in_0->z R     unmapped_complex3      1  1.1     0    14     514  (146.5735,145.8765) 
  pp_fir_4_1_1_sum1_6_im_1_reg[17]/d -       -       R     unmapped_d_flop        1    -     -     0     514  (145.3370,144.9985) 
#---------------------------------------------------------------------------------------------------------------------------------

(u) : Net has unmapped pin(s).



Path 44: MET (54 ps) Setup Check with Pin pp_fir_4_1_1_sum1_5_re_1_reg[24]/clk->d
           View: view_wcl_typical
          Group: clk
     Startpoint: (R) enb_1_8_0
          Clock: (R) clk
       Endpoint: (R) pp_fir_4_1_1_sum1_5_re_1_reg[24]/d
          Clock: (R) clk

                     Capture       Launch     
        Clock Edge:+     500            0     
        Drv Adjust:+       0            0     
       Src Latency:+       0            0     
       Net Latency:+     200 (I)      200 (I) 
           Arrival:=     700          200     
                                              
             Setup:-       7                  
       Uncertainty:-     125                  
     Required Time:=     568                  
      Launch Clock:-     200                  
       Input Delay:-     300                  
         Data Path:-      14                  
             Slack:=      54                  

Exceptions/Constraints:
  input_delay             300             tmp_sdc_view_wcl_slo_1_line_533 

#--------------------------------------------------------------------------------------------------------------------------------
#           Timing Point             Flags    Arc    Edge       Cell         Fanout Load Trans Delay Arrival       Instance      
#                                                                                   (fF)  (ps)  (ps)   (ps)        Location      
#--------------------------------------------------------------------------------------------------------------------------------
  enb_1_8_0                          (u)     -       R     (arrival)           2562  9.9     0     0     500               (-,-) 
  pp_fir_4_1_1_g6255/z               (u)     in_1->z R     unmapped_complex3      1  1.1     0    14     514  (12.2930,144.1420) 
  pp_fir_4_1_1_sum1_5_re_1_reg[24]/d -       -       R     unmapped_d_flop        1    -     -     0     514  (11.0025,143.2295) 
#--------------------------------------------------------------------------------------------------------------------------------

(u) : Net has unmapped pin(s).



Path 45: MET (54 ps) Setup Check with Pin pp_fir_4_1_1_sum1_5_re_1_reg[23]/clk->d
           View: view_wcl_typical
          Group: clk
     Startpoint: (R) enb_1_8_0
          Clock: (R) clk
       Endpoint: (R) pp_fir_4_1_1_sum1_5_re_1_reg[23]/d
          Clock: (R) clk

                     Capture       Launch     
        Clock Edge:+     500            0     
        Drv Adjust:+       0            0     
       Src Latency:+       0            0     
       Net Latency:+     200 (I)      200 (I) 
           Arrival:=     700          200     
                                              
             Setup:-       7                  
       Uncertainty:-     125                  
     Required Time:=     568                  
      Launch Clock:-     200                  
       Input Delay:-     300                  
         Data Path:-      14                  
             Slack:=      54                  

Exceptions/Constraints:
  input_delay             300             tmp_sdc_view_wcl_slo_1_line_533 

#-------------------------------------------------------------------------------------------------------------------------------
#           Timing Point             Flags    Arc    Edge       Cell         Fanout Load Trans Delay Arrival      Instance      
#                                                                                   (fF)  (ps)  (ps)   (ps)       Location      
#-------------------------------------------------------------------------------------------------------------------------------
  enb_1_8_0                          (u)     -       R     (arrival)           2562  9.9     0     0     500              (-,-) 
  pp_fir_4_1_1_g6495/z               (u)     in_0->z R     unmapped_complex3      1  1.1     0    14     514  (5.8865,144.7440) 
  pp_fir_4_1_1_sum1_5_re_1_reg[23]/d -       -       R     unmapped_d_flop        1    -     -     0     514  (5.2325,143.7985) 
#-------------------------------------------------------------------------------------------------------------------------------

(u) : Net has unmapped pin(s).



Path 46: MET (54 ps) Setup Check with Pin pp_fir_4_1_1_sum1_5_re_1_reg[22]/clk->d
           View: view_wcl_typical
          Group: clk
     Startpoint: (R) enb_1_8_0
          Clock: (R) clk
       Endpoint: (R) pp_fir_4_1_1_sum1_5_re_1_reg[22]/d
          Clock: (R) clk

                     Capture       Launch     
        Clock Edge:+     500            0     
        Drv Adjust:+       0            0     
       Src Latency:+       0            0     
       Net Latency:+     200 (I)      200 (I) 
           Arrival:=     700          200     
                                              
             Setup:-       7                  
       Uncertainty:-     125                  
     Required Time:=     568                  
      Launch Clock:-     200                  
       Input Delay:-     300                  
         Data Path:-      14                  
             Slack:=      54                  

Exceptions/Constraints:
  input_delay             300             tmp_sdc_view_wcl_slo_1_line_533 

#-------------------------------------------------------------------------------------------------------------------------------
#           Timing Point             Flags    Arc    Edge       Cell         Fanout Load Trans Delay Arrival      Instance      
#                                                                                   (fF)  (ps)  (ps)   (ps)       Location      
#-------------------------------------------------------------------------------------------------------------------------------
  enb_1_8_0                          (u)     -       R     (arrival)           2562  9.9     0     0     500              (-,-) 
  pp_fir_4_1_1_g6161/z               (u)     in_1->z R     unmapped_complex3      1  1.1     0    14     514  (0.7415,143.9530) 
  pp_fir_4_1_1_sum1_5_re_1_reg[22]/d -       -       R     unmapped_d_flop        1    -     -     0     514  (0.2510,143.0210) 
#-------------------------------------------------------------------------------------------------------------------------------

(u) : Net has unmapped pin(s).



Path 47: MET (54 ps) Setup Check with Pin pp_fir_4_1_1_sum1_5_re_1_reg[21]/clk->d
           View: view_wcl_typical
          Group: clk
     Startpoint: (R) enb_1_8_0
          Clock: (R) clk
       Endpoint: (R) pp_fir_4_1_1_sum1_5_re_1_reg[21]/d
          Clock: (R) clk

                     Capture       Launch     
        Clock Edge:+     500            0     
        Drv Adjust:+       0            0     
       Src Latency:+       0            0     
       Net Latency:+     200 (I)      200 (I) 
           Arrival:=     700          200     
                                              
             Setup:-       7                  
       Uncertainty:-     125                  
     Required Time:=     568                  
      Launch Clock:-     200                  
       Input Delay:-     300                  
         Data Path:-      14                  
             Slack:=      54                  

Exceptions/Constraints:
  input_delay             300             tmp_sdc_view_wcl_slo_1_line_533 

#-------------------------------------------------------------------------------------------------------------------------------
#           Timing Point             Flags    Arc    Edge       Cell         Fanout Load Trans Delay Arrival      Instance      
#                                                                                   (fF)  (ps)  (ps)   (ps)       Location      
#-------------------------------------------------------------------------------------------------------------------------------
  enb_1_8_0                          (u)     -       R     (arrival)           2562  9.9     0     0     500              (-,-) 
  pp_fir_4_1_1_g6425/z               (u)     in_0->z R     unmapped_complex3      1  1.1     0    14     514  (1.5160,145.9910) 
  pp_fir_4_1_1_sum1_5_re_1_reg[21]/d -       -       R     unmapped_d_flop        1    -     -     0     514  (0.0275,144.9665) 
#-------------------------------------------------------------------------------------------------------------------------------

(u) : Net has unmapped pin(s).



Path 48: MET (54 ps) Setup Check with Pin pp_fir_4_1_1_sum1_5_re_1_reg[20]/clk->d
           View: view_wcl_typical
          Group: clk
     Startpoint: (R) enb_1_8_0
          Clock: (R) clk
       Endpoint: (R) pp_fir_4_1_1_sum1_5_re_1_reg[20]/d
          Clock: (R) clk

                     Capture       Launch     
        Clock Edge:+     500            0     
        Drv Adjust:+       0            0     
       Src Latency:+       0            0     
       Net Latency:+     200 (I)      200 (I) 
           Arrival:=     700          200     
                                              
             Setup:-       7                  
       Uncertainty:-     125                  
     Required Time:=     568                  
      Launch Clock:-     200                  
       Input Delay:-     300                  
         Data Path:-      14                  
             Slack:=      54                  

Exceptions/Constraints:
  input_delay             300             tmp_sdc_view_wcl_slo_1_line_533 

#-------------------------------------------------------------------------------------------------------------------------------
#           Timing Point             Flags    Arc    Edge       Cell         Fanout Load Trans Delay Arrival      Instance      
#                                                                                   (fF)  (ps)  (ps)   (ps)       Location      
#-------------------------------------------------------------------------------------------------------------------------------
  enb_1_8_0                          (u)     -       R     (arrival)           2562  9.9     0     0     500              (-,-) 
  pp_fir_4_1_1_g6441/z               (u)     in_1->z R     unmapped_complex3      1  1.1     0    14     514  (4.0900,144.8510) 
  pp_fir_4_1_1_sum1_5_re_1_reg[20]/d -       -       R     unmapped_d_flop        1    -     -     0     514  (2.1165,144.1195) 
#-------------------------------------------------------------------------------------------------------------------------------

(u) : Net has unmapped pin(s).



Path 49: MET (54 ps) Setup Check with Pin pp_fir_4_1_1_sum1_5_re_1_reg[19]/clk->d
           View: view_wcl_typical
          Group: clk
     Startpoint: (R) enb_1_8_0
          Clock: (R) clk
       Endpoint: (R) pp_fir_4_1_1_sum1_5_re_1_reg[19]/d
          Clock: (R) clk

                     Capture       Launch     
        Clock Edge:+     500            0     
        Drv Adjust:+       0            0     
       Src Latency:+       0            0     
       Net Latency:+     200 (I)      200 (I) 
           Arrival:=     700          200     
                                              
             Setup:-       7                  
       Uncertainty:-     125                  
     Required Time:=     568                  
      Launch Clock:-     200                  
       Input Delay:-     300                  
         Data Path:-      14                  
             Slack:=      54                  

Exceptions/Constraints:
  input_delay             300             tmp_sdc_view_wcl_slo_1_line_533 

#--------------------------------------------------------------------------------------------------------------------------------
#           Timing Point             Flags    Arc    Edge       Cell         Fanout Load Trans Delay Arrival       Instance      
#                                                                                   (fF)  (ps)  (ps)   (ps)        Location      
#--------------------------------------------------------------------------------------------------------------------------------
  enb_1_8_0                          (u)     -       R     (arrival)           2562  9.9     0     0     500               (-,-) 
  pp_fir_4_1_1_g6177/z               (u)     in_1->z R     unmapped_complex3      1  1.1     0    14     514  (14.6210,144.0235) 
  pp_fir_4_1_1_sum1_5_re_1_reg[19]/d -       -       R     unmapped_d_flop        1    -     -     0     514  (13.6395,143.1280) 
#--------------------------------------------------------------------------------------------------------------------------------

(u) : Net has unmapped pin(s).



Path 50: MET (54 ps) Setup Check with Pin pp_fir_4_1_1_sum1_5_re_1_reg[18]/clk->d
           View: view_wcl_typical
          Group: clk
     Startpoint: (R) enb_1_8_0
          Clock: (R) clk
       Endpoint: (R) pp_fir_4_1_1_sum1_5_re_1_reg[18]/d
          Clock: (R) clk

                     Capture       Launch     
        Clock Edge:+     500            0     
        Drv Adjust:+       0            0     
       Src Latency:+       0            0     
       Net Latency:+     200 (I)      200 (I) 
           Arrival:=     700          200     
                                              
             Setup:-       7                  
       Uncertainty:-     125                  
     Required Time:=     568                  
      Launch Clock:-     200                  
       Input Delay:-     300                  
         Data Path:-      14                  
             Slack:=      54                  

Exceptions/Constraints:
  input_delay             300             tmp_sdc_view_wcl_slo_1_line_533 

#--------------------------------------------------------------------------------------------------------------------------------
#           Timing Point             Flags    Arc    Edge       Cell         Fanout Load Trans Delay Arrival       Instance      
#                                                                                   (fF)  (ps)  (ps)   (ps)        Location      
#--------------------------------------------------------------------------------------------------------------------------------
  enb_1_8_0                          (u)     -       R     (arrival)           2562  9.9     0     0     500               (-,-) 
  pp_fir_4_1_1_g6250/z               (u)     in_1->z R     unmapped_complex3      1  1.1     0    14     514  (15.8360,145.6230) 
  pp_fir_4_1_1_sum1_5_re_1_reg[18]/d -       -       R     unmapped_d_flop        1    -     -     0     514  (15.4520,144.5635) 
#--------------------------------------------------------------------------------------------------------------------------------

(u) : Net has unmapped pin(s).

