============================================================
  Generated by:           Genus(TM) Synthesis Solution 23.14-s090_1
  Generated on:           Jan 15 2026  10:07:26 pm
  Module:                 scpa_dig_ana_ppfir
  Operating conditions:   ssg_cworstt_max_0p81v_125c 
  Operating conditions:   ffg_cbestt_min_0p99v_m40c 
  Operating conditions:   tt_ctypical_max_0p90v_25c 
  Interconnect mode:      global
  Area mode:              physical library
============================================================


Path 1: MET (52 ps) Setup Check with Pin b2u_8to255_quad_2/qOut_pipe_reg[183]/CK->D
           View: fast-fast-minrc
          Group: clk
     Startpoint: (R) im_pipe_1_reg[3]/CK
          Clock: (R) clk
       Endpoint: (R) b2u_8to255_quad_2/qOut_pipe_reg[183]/D
          Clock: (R) clk

                     Capture       Launch     
        Clock Edge:+     278            0     
       Src Latency:+       0            0     
       Net Latency:+     100 (I)      100 (I) 
           Arrival:=     378          100     
                                              
             Setup:-      -2                  
       Uncertainty:-      60                  
     Required Time:=     320                  
      Launch Clock:-     100                  
         Data Path:-     168                  
             Slack:=      52                  

#-------------------------------------------------------------------------------------------------------------------------------------
#              Timing Point               Flags    Arc   Edge             Cell               Fanout Load Trans Delay Arrival Instance 
#                                                                                                   (fF)  (ps)  (ps)   (ps)  Location 
#-------------------------------------------------------------------------------------------------------------------------------------
  im_pipe_1_reg[3]/CK                     -       -      R     (arrival)                       4172    -    25     0     100    (-,-) 
  im_pipe_1_reg[3]/QN                     -       CK->QN F     SDFFXRPQN_X2M_A9PP140ZTUL_C30      1  3.4    10    20     120    (-,-) 
  g212/Y                                  -       A->Y   R     INV_X4B_A9PP140ZTUL_C30            4  9.5    10     7     127    (-,-) 
  b2u_8to255_quad_2/g13151/Y              -       A->Y   R     BUFH_X6M_A9PP140ZTUL_C30           2 10.1     7     9     136    (-,-) 
  b2u_8to255_quad_2/g13097/Y              -       A->Y   F     NAND2_X6A_A9PP140ZTUL_C30          4 16.2    15     9     145    (-,-) 
  b2u_8to255_quad_2/g12996/Y              -       B->Y   F     OR2_X8M_A9PP140ZTUL_C30           16 35.7    14    17     162    (-,-) 
  b2u_8to255_quad_2/g12473/Y              -       B->Y   R     NOR2_X2TA_A9PP140ZTUL_C30          2  4.2    12     9     171    (-,-) 
  b2u_8to255_quad_2/sub_34_52_g14713/Y    -       B->Y   F     NOR2_X3A_A9PP140ZTUL_C30           2  4.9    10     8     178    (-,-) 
  b2u_8to255_quad_2/sub_34_52_g14660/Y    -       C->Y   R     NAND3BB_X4M_A9PP140ZTUL_C30        4  7.8    13    10     188    (-,-) 
  b2u_8to255_quad_2/sub_34_52_g14556/Y    -       A->Y   F     NOR2_X4TA_A9PP140ZTUL_C30          2  6.6    10     7     195    (-,-) 
  b2u_8to255_quad_2/sub_34_52_g14476/Y    -       C->Y   R     NAND3BB_X6M_A9PP140ZTL_C30         1  5.4     9     7     202    (-,-) 
  b2u_8to255_quad_2/sub_34_52_g15042/Y    -       C->Y   F     NOR3BB_X8M_A9PP140ZTUL_C30         2  8.7    12     9     211    (-,-) 
  b2u_8to255_quad_2/sub_34_52_g14384/Y    -       A->Y   R     INV_X5M_A9PP140ZTL_C30             1  4.9     7     6     217    (-,-) 
  b2u_8to255_quad_2/sub_34_52_g14145/Y    -       B->Y   F     NOR2_X6A_A9PP140ZTUL_C30           2 10.5    10     7     224    (-,-) 
  b2u_8to255_quad_2/sub_34_52_fopt15093/Y -       A->Y   R     INV_X6M_A9PP140ZTUL_C30            7 20.7    12     9     233    (-,-) 
  b2u_8to255_quad_2/sub_34_52_fopt15092/Y -       A->Y   F     INV_X6M_A9PP140ZTUL_C30           16 21.6    12     9     242    (-,-) 
  b2u_8to255_quad_2/sub_34_52_g14012/Y    -       A->Y   R     NAND2_X1M_A9PP140ZTUL_C30          2  2.9    17    13     254    (-,-) 
  b2u_8to255_quad_2/sub_34_52_g13692/Y    -       A0->Y  R     AO21B_X1M_A9PP140ZTUL_C30          1  1.7    10    14     268    (-,-) 
  b2u_8to255_quad_2/qOut_pipe_reg[183]/D  -       -      R     SDFFRPQH_X1M_A9PP140ZTL_C30        1    -     -     0     268    (-,-) 
#-------------------------------------------------------------------------------------------------------------------------------------



Path 2: MET (52 ps) Setup Check with Pin b2u_8to255_quad_2/qOut_pipe_reg[175]/CK->D
           View: fast-fast-minrc
          Group: clk
     Startpoint: (R) im_pipe_1_reg[3]/CK
          Clock: (R) clk
       Endpoint: (R) b2u_8to255_quad_2/qOut_pipe_reg[175]/D
          Clock: (R) clk

                     Capture       Launch     
        Clock Edge:+     278            0     
       Src Latency:+       0            0     
       Net Latency:+     100 (I)      100 (I) 
           Arrival:=     378          100     
                                              
             Setup:-      -2                  
       Uncertainty:-      60                  
     Required Time:=     320                  
      Launch Clock:-     100                  
         Data Path:-     168                  
             Slack:=      52                  

#-------------------------------------------------------------------------------------------------------------------------------------
#              Timing Point               Flags    Arc   Edge             Cell               Fanout Load Trans Delay Arrival Instance 
#                                                                                                   (fF)  (ps)  (ps)   (ps)  Location 
#-------------------------------------------------------------------------------------------------------------------------------------
  im_pipe_1_reg[3]/CK                     -       -      R     (arrival)                       4172    -    25     0     100    (-,-) 
  im_pipe_1_reg[3]/QN                     -       CK->QN F     SDFFXRPQN_X2M_A9PP140ZTUL_C30      1  3.4    10    20     120    (-,-) 
  g212/Y                                  -       A->Y   R     INV_X4B_A9PP140ZTUL_C30            4  9.5    10     7     127    (-,-) 
  b2u_8to255_quad_2/g13151/Y              -       A->Y   R     BUFH_X6M_A9PP140ZTUL_C30           2 10.1     7     9     136    (-,-) 
  b2u_8to255_quad_2/g13097/Y              -       A->Y   F     NAND2_X6A_A9PP140ZTUL_C30          4 16.2    15     9     145    (-,-) 
  b2u_8to255_quad_2/g12996/Y              -       B->Y   F     OR2_X8M_A9PP140ZTUL_C30           16 35.7    14    17     162    (-,-) 
  b2u_8to255_quad_2/g12473/Y              -       B->Y   R     NOR2_X2TA_A9PP140ZTUL_C30          2  4.2    12     9     171    (-,-) 
  b2u_8to255_quad_2/sub_34_52_g14713/Y    -       B->Y   F     NOR2_X3A_A9PP140ZTUL_C30           2  4.9    10     8     178    (-,-) 
  b2u_8to255_quad_2/sub_34_52_g14660/Y    -       C->Y   R     NAND3BB_X4M_A9PP140ZTUL_C30        4  7.8    13    10     188    (-,-) 
  b2u_8to255_quad_2/sub_34_52_g14556/Y    -       A->Y   F     NOR2_X4TA_A9PP140ZTUL_C30          2  6.6    10     7     195    (-,-) 
  b2u_8to255_quad_2/sub_34_52_g14476/Y    -       C->Y   R     NAND3BB_X6M_A9PP140ZTL_C30         1  5.4     9     7     202    (-,-) 
  b2u_8to255_quad_2/sub_34_52_g15042/Y    -       C->Y   F     NOR3BB_X8M_A9PP140ZTUL_C30         2  8.7    12     9     211    (-,-) 
  b2u_8to255_quad_2/sub_34_52_g14384/Y    -       A->Y   R     INV_X5M_A9PP140ZTL_C30             1  4.9     7     6     217    (-,-) 
  b2u_8to255_quad_2/sub_34_52_g14145/Y    -       B->Y   F     NOR2_X6A_A9PP140ZTUL_C30           2 10.5    10     7     224    (-,-) 
  b2u_8to255_quad_2/sub_34_52_fopt15093/Y -       A->Y   R     INV_X6M_A9PP140ZTUL_C30            7 20.7    12     9     233    (-,-) 
  b2u_8to255_quad_2/sub_34_52_fopt15092/Y -       A->Y   F     INV_X6M_A9PP140ZTUL_C30           16 21.6    12     9     242    (-,-) 
  b2u_8to255_quad_2/sub_34_52_g14011/Y    -       A->Y   R     NAND2_X1M_A9PP140ZTUL_C30          2  2.9    18    13     254    (-,-) 
  b2u_8to255_quad_2/sub_34_52_g13696/Y    -       A0->Y  R     AO21B_X1M_A9PP140ZTUL_C30          1  1.7    10    14     268    (-,-) 
  b2u_8to255_quad_2/qOut_pipe_reg[175]/D  -       -      R     SDFFRPQH_X1M_A9PP140ZTL_C30        1    -     -     0     268    (-,-) 
#-------------------------------------------------------------------------------------------------------------------------------------



Path 3: MET (52 ps) Setup Check with Pin b2u_8to255_quad_2/qOut_pipe_reg[180]/CK->D
           View: fast-fast-minrc
          Group: clk
     Startpoint: (R) im_pipe_1_reg[3]/CK
          Clock: (R) clk
       Endpoint: (R) b2u_8to255_quad_2/qOut_pipe_reg[180]/D
          Clock: (R) clk

                     Capture       Launch     
        Clock Edge:+     278            0     
       Src Latency:+       0            0     
       Net Latency:+     100 (I)      100 (I) 
           Arrival:=     378          100     
                                              
             Setup:-      -2                  
       Uncertainty:-      60                  
     Required Time:=     320                  
      Launch Clock:-     100                  
         Data Path:-     168                  
             Slack:=      52                  

#-------------------------------------------------------------------------------------------------------------------------------------
#              Timing Point               Flags    Arc   Edge             Cell               Fanout Load Trans Delay Arrival Instance 
#                                                                                                   (fF)  (ps)  (ps)   (ps)  Location 
#-------------------------------------------------------------------------------------------------------------------------------------
  im_pipe_1_reg[3]/CK                     -       -      R     (arrival)                       4172    -    25     0     100    (-,-) 
  im_pipe_1_reg[3]/QN                     -       CK->QN F     SDFFXRPQN_X2M_A9PP140ZTUL_C30      1  3.4    10    20     120    (-,-) 
  g212/Y                                  -       A->Y   R     INV_X4B_A9PP140ZTUL_C30            4  9.5    10     7     127    (-,-) 
  b2u_8to255_quad_2/g13151/Y              -       A->Y   R     BUFH_X6M_A9PP140ZTUL_C30           2 10.1     7     9     136    (-,-) 
  b2u_8to255_quad_2/g13097/Y              -       A->Y   F     NAND2_X6A_A9PP140ZTUL_C30          4 16.2    15     9     145    (-,-) 
  b2u_8to255_quad_2/g12996/Y              -       B->Y   F     OR2_X8M_A9PP140ZTUL_C30           16 35.7    14    17     162    (-,-) 
  b2u_8to255_quad_2/g12473/Y              -       B->Y   R     NOR2_X2TA_A9PP140ZTUL_C30          2  4.2    12     9     171    (-,-) 
  b2u_8to255_quad_2/sub_34_52_g14713/Y    -       B->Y   F     NOR2_X3A_A9PP140ZTUL_C30           2  4.9    10     8     178    (-,-) 
  b2u_8to255_quad_2/sub_34_52_g14660/Y    -       C->Y   R     NAND3BB_X4M_A9PP140ZTUL_C30        4  7.8    13    10     188    (-,-) 
  b2u_8to255_quad_2/sub_34_52_g14556/Y    -       A->Y   F     NOR2_X4TA_A9PP140ZTUL_C30          2  6.6    10     7     195    (-,-) 
  b2u_8to255_quad_2/sub_34_52_g14476/Y    -       C->Y   R     NAND3BB_X6M_A9PP140ZTL_C30         1  5.4     9     7     202    (-,-) 
  b2u_8to255_quad_2/sub_34_52_g15042/Y    -       C->Y   F     NOR3BB_X8M_A9PP140ZTUL_C30         2  8.7    12     9     211    (-,-) 
  b2u_8to255_quad_2/sub_34_52_g14384/Y    -       A->Y   R     INV_X5M_A9PP140ZTL_C30             1  4.9     7     6     217    (-,-) 
  b2u_8to255_quad_2/sub_34_52_g14145/Y    -       B->Y   F     NOR2_X6A_A9PP140ZTUL_C30           2 10.5    10     7     224    (-,-) 
  b2u_8to255_quad_2/sub_34_52_fopt15093/Y -       A->Y   R     INV_X6M_A9PP140ZTUL_C30            7 20.7    12     9     233    (-,-) 
  b2u_8to255_quad_2/sub_34_52_fopt15092/Y -       A->Y   F     INV_X6M_A9PP140ZTUL_C30           16 21.6    12     9     242    (-,-) 
  b2u_8to255_quad_2/sub_34_52_g14076/Y    -       C->Y   R     NAND3BB_X1M_A9PP140ZTUL_C30        2  2.9    17    12     254    (-,-) 
  b2u_8to255_quad_2/sub_34_52_g13695/Y    -       A0->Y  R     AO21B_X1M_A9PP140ZTUL_C30          1  1.7    10    14     268    (-,-) 
  b2u_8to255_quad_2/qOut_pipe_reg[180]/D  -       -      R     SDFFRPQH_X1M_A9PP140ZTL_C30        1    -     -     0     268    (-,-) 
#-------------------------------------------------------------------------------------------------------------------------------------



Path 4: MET (53 ps) Setup Check with Pin b2u_8to255_quad_1/iOut_pipe_reg[115]/CK->D
           View: fast-fast-minrc
          Group: clk
     Startpoint: (R) re_pipe_0_reg[7]/CK
          Clock: (R) clk
       Endpoint: (R) b2u_8to255_quad_1/iOut_pipe_reg[115]/D
          Clock: (R) clk

                     Capture       Launch     
        Clock Edge:+     278            0     
       Src Latency:+       0            0     
       Net Latency:+     100 (I)      100 (I) 
           Arrival:=     378          100     
                                              
             Setup:-      -2                  
       Uncertainty:-      60                  
     Required Time:=     320                  
      Launch Clock:-     100                  
         Data Path:-     167                  
             Slack:=      53                  

#----------------------------------------------------------------------------------------------------------------------------------------
#               Timing Point                 Flags    Arc   Edge             Cell               Fanout Load Trans Delay Arrival Instance 
#                                                                                                      (fF)  (ps)  (ps)   (ps)  Location 
#----------------------------------------------------------------------------------------------------------------------------------------
  re_pipe_0_reg[7]/CK                        -       -      R     (arrival)                       4172    -    25     0     100    (-,-) 
  re_pipe_0_reg[7]/QN                        -       CK->QN R     SDFFXRPQN_X2M_A9PP140ZTUL_C30      1  3.4    10    16     116    (-,-) 
  g164/Y                                     -       A->Y   F     INV_X4B_A9PP140ZTUL_C30            6 19.7    23    15     131    (-,-) 
  b2u_8to255_quad_1/g13145/Y                 -       A->Y   R     INV_X5M_A9PP140ZTL_C30             1  4.6     9     7     138    (-,-) 
  b2u_8to255_quad_1/g13106__2802/Y           -       A->Y   F     NAND2_X6M_A9PP140ZTUL_C30          4 16.8    14    10     147    (-,-) 
  b2u_8to255_quad_1/g13025__1666/Y           -       B->Y   F     OR2_X8M_A9PP140ZTUL_C30           16 31.6    13    16     163    (-,-) 
  b2u_8to255_quad_1/g12890__1705/Y           -       B->Y   R     NOR2_X2A_A9PP140ZTUL_C30           2  4.2    14    11     174    (-,-) 
  b2u_8to255_quad_1/sub_29_39_g14724/Y       -       B->Y   F     NOR2_X3A_A9PP140ZTUL_C30           2  4.8    11     8     182    (-,-) 
  b2u_8to255_quad_1/sub_29_39_g14645/Y       -       C->Y   R     NAND3BB_X4M_A9PP140ZTUL_C30        2  4.5    10     8     189    (-,-) 
  b2u_8to255_quad_1/sub_29_39_g14483/Y       -       D->Y   R     OR4_X4M_A9PP140ZTUL_C30            2  5.1    10    14     204    (-,-) 
  b2u_8to255_quad_1/sub_29_39_g14460/Y       -       A->Y   R     BUFH_X2M_A9PP140ZTUL_C30           1  3.5     7    10     214    (-,-) 
  b2u_8to255_quad_1/sub_29_39_g14362/Y       -       A->Y   F     NOR2_X4TA_A9PP140ZTUL_C30          1  8.0    10     7     220    (-,-) 
  b2u_8to255_quad_1/sub_29_39_g14317/Y       -       A->Y   R     NAND2_X11M_A9PP140ZTUL_C30        23 34.6    18    12     233    (-,-) 
  b2u_8to255_quad_1/sub_29_39_g14231/Y       -       A->Y   F     NOR2_X1P4TA_A9PP140ZTUL_C30        2  3.1    13     8     241    (-,-) 
  b2u_8to255_quad_1/sub_29_39_g14037/Y       -       C->Y   R     NAND3BB_X1M_A9PP140ZTUL_C30        2  2.9    17    13     254    (-,-) 
  b2u_8to255_quad_1/sub_29_39_g13712__5477/Y -       A0->Y  R     AO21B_X1M_A9PP140ZTUL_C30          1  1.7    10    14     267    (-,-) 
  b2u_8to255_quad_1/iOut_pipe_reg[115]/D     -       -      R     SDFFRPQH_X1M_A9PP140ZTL_C30        1    -     -     0     267    (-,-) 
#----------------------------------------------------------------------------------------------------------------------------------------



Path 5: MET (53 ps) Setup Check with Pin b2u_8to255_quad_2/qOut_pipe_reg[177]/CK->D
           View: fast-fast-minrc
          Group: clk
     Startpoint: (R) im_pipe_1_reg[3]/CK
          Clock: (R) clk
       Endpoint: (R) b2u_8to255_quad_2/qOut_pipe_reg[177]/D
          Clock: (R) clk

                     Capture       Launch     
        Clock Edge:+     278            0     
       Src Latency:+       0            0     
       Net Latency:+     100 (I)      100 (I) 
           Arrival:=     378          100     
                                              
             Setup:-      -3                  
       Uncertainty:-      60                  
     Required Time:=     321                  
      Launch Clock:-     100                  
         Data Path:-     168                  
             Slack:=      53                  

#-------------------------------------------------------------------------------------------------------------------------------------
#              Timing Point               Flags    Arc   Edge             Cell               Fanout Load Trans Delay Arrival Instance 
#                                                                                                   (fF)  (ps)  (ps)   (ps)  Location 
#-------------------------------------------------------------------------------------------------------------------------------------
  im_pipe_1_reg[3]/CK                     -       -      R     (arrival)                       4172    -    25     0     100    (-,-) 
  im_pipe_1_reg[3]/QN                     -       CK->QN F     SDFFXRPQN_X2M_A9PP140ZTUL_C30      1  3.4    10    20     120    (-,-) 
  g212/Y                                  -       A->Y   R     INV_X4B_A9PP140ZTUL_C30            4  9.5    10     7     127    (-,-) 
  b2u_8to255_quad_2/g13151/Y              -       A->Y   R     BUFH_X6M_A9PP140ZTUL_C30           2 10.1     7     9     136    (-,-) 
  b2u_8to255_quad_2/g13097/Y              -       A->Y   F     NAND2_X6A_A9PP140ZTUL_C30          4 16.2    15     9     145    (-,-) 
  b2u_8to255_quad_2/g12996/Y              -       B->Y   F     OR2_X8M_A9PP140ZTUL_C30           16 35.7    14    17     162    (-,-) 
  b2u_8to255_quad_2/g12473/Y              -       B->Y   R     NOR2_X2TA_A9PP140ZTUL_C30          2  4.2    12     9     171    (-,-) 
  b2u_8to255_quad_2/sub_34_52_g14713/Y    -       B->Y   F     NOR2_X3A_A9PP140ZTUL_C30           2  4.9    10     8     178    (-,-) 
  b2u_8to255_quad_2/sub_34_52_g14660/Y    -       C->Y   R     NAND3BB_X4M_A9PP140ZTUL_C30        4  7.8    13    10     188    (-,-) 
  b2u_8to255_quad_2/sub_34_52_g14556/Y    -       A->Y   F     NOR2_X4TA_A9PP140ZTUL_C30          2  6.6    10     7     195    (-,-) 
  b2u_8to255_quad_2/sub_34_52_g14476/Y    -       C->Y   R     NAND3BB_X6M_A9PP140ZTL_C30         1  5.4     9     7     202    (-,-) 
  b2u_8to255_quad_2/sub_34_52_g15042/Y    -       C->Y   F     NOR3BB_X8M_A9PP140ZTUL_C30         2  8.7    12     9     211    (-,-) 
  b2u_8to255_quad_2/sub_34_52_g14384/Y    -       A->Y   R     INV_X5M_A9PP140ZTL_C30             1  4.9     7     6     217    (-,-) 
  b2u_8to255_quad_2/sub_34_52_g14145/Y    -       B->Y   F     NOR2_X6A_A9PP140ZTUL_C30           2 10.5    10     7     224    (-,-) 
  b2u_8to255_quad_2/sub_34_52_fopt15093/Y -       A->Y   R     INV_X6M_A9PP140ZTUL_C30            7 20.7    12     9     233    (-,-) 
  b2u_8to255_quad_2/sub_34_52_fopt15092/Y -       A->Y   F     INV_X6M_A9PP140ZTUL_C30           16 21.6    12     9     242    (-,-) 
  b2u_8to255_quad_2/sub_34_52_g14033/Y    -       A->Y   R     NAND2_X1M_A9PP140ZTUL_C30          2  2.9    19    13     254    (-,-) 
  b2u_8to255_quad_2/sub_34_52_g13691/Y    -       A0->Y  R     AO21B_X1M_A9PP140ZTUL_C30          1  1.7    11    14     268    (-,-) 
  b2u_8to255_quad_2/qOut_pipe_reg[177]/D  -       -      R     SDFFRPQH_X1M_A9PP140ZTUL_C30       1    -     -     0     268    (-,-) 
#-------------------------------------------------------------------------------------------------------------------------------------



Path 6: MET (53 ps) Setup Check with Pin b2u_8to255_quad_2/qOut_pipe_reg[188]/CK->D
           View: fast-fast-minrc
          Group: clk
     Startpoint: (R) im_pipe_1_reg[3]/CK
          Clock: (R) clk
       Endpoint: (R) b2u_8to255_quad_2/qOut_pipe_reg[188]/D
          Clock: (R) clk

                     Capture       Launch     
        Clock Edge:+     278            0     
       Src Latency:+       0            0     
       Net Latency:+     100 (I)      100 (I) 
           Arrival:=     378          100     
                                              
             Setup:-      -3                  
       Uncertainty:-      60                  
     Required Time:=     321                  
      Launch Clock:-     100                  
         Data Path:-     168                  
             Slack:=      53                  

#-------------------------------------------------------------------------------------------------------------------------------------
#              Timing Point               Flags    Arc   Edge             Cell               Fanout Load Trans Delay Arrival Instance 
#                                                                                                   (fF)  (ps)  (ps)   (ps)  Location 
#-------------------------------------------------------------------------------------------------------------------------------------
  im_pipe_1_reg[3]/CK                     -       -      R     (arrival)                       4172    -    25     0     100    (-,-) 
  im_pipe_1_reg[3]/QN                     -       CK->QN F     SDFFXRPQN_X2M_A9PP140ZTUL_C30      1  3.4    10    20     120    (-,-) 
  g212/Y                                  -       A->Y   R     INV_X4B_A9PP140ZTUL_C30            4  9.5    10     7     127    (-,-) 
  b2u_8to255_quad_2/g13151/Y              -       A->Y   R     BUFH_X6M_A9PP140ZTUL_C30           2 10.1     7     9     136    (-,-) 
  b2u_8to255_quad_2/g13097/Y              -       A->Y   F     NAND2_X6A_A9PP140ZTUL_C30          4 16.2    15     9     145    (-,-) 
  b2u_8to255_quad_2/g12996/Y              -       B->Y   F     OR2_X8M_A9PP140ZTUL_C30           16 35.7    14    17     162    (-,-) 
  b2u_8to255_quad_2/g12473/Y              -       B->Y   R     NOR2_X2TA_A9PP140ZTUL_C30          2  4.2    12     9     171    (-,-) 
  b2u_8to255_quad_2/sub_34_52_g14713/Y    -       B->Y   F     NOR2_X3A_A9PP140ZTUL_C30           2  4.9    10     8     178    (-,-) 
  b2u_8to255_quad_2/sub_34_52_g14660/Y    -       C->Y   R     NAND3BB_X4M_A9PP140ZTUL_C30        4  7.8    13    10     188    (-,-) 
  b2u_8to255_quad_2/sub_34_52_g14556/Y    -       A->Y   F     NOR2_X4TA_A9PP140ZTUL_C30          2  6.6    10     7     195    (-,-) 
  b2u_8to255_quad_2/sub_34_52_g14476/Y    -       C->Y   R     NAND3BB_X6M_A9PP140ZTL_C30         1  5.4     9     7     202    (-,-) 
  b2u_8to255_quad_2/sub_34_52_g15042/Y    -       C->Y   F     NOR3BB_X8M_A9PP140ZTUL_C30         2  8.7    12     9     211    (-,-) 
  b2u_8to255_quad_2/sub_34_52_g14384/Y    -       A->Y   R     INV_X5M_A9PP140ZTL_C30             1  4.9     7     6     217    (-,-) 
  b2u_8to255_quad_2/sub_34_52_g14145/Y    -       B->Y   F     NOR2_X6A_A9PP140ZTUL_C30           2 10.5    10     7     224    (-,-) 
  b2u_8to255_quad_2/sub_34_52_fopt15093/Y -       A->Y   R     INV_X6M_A9PP140ZTUL_C30            7 20.7    12     9     233    (-,-) 
  b2u_8to255_quad_2/sub_34_52_fopt15092/Y -       A->Y   F     INV_X6M_A9PP140ZTUL_C30           16 21.6    12     9     242    (-,-) 
  b2u_8to255_quad_2/sub_34_52_g14025/Y    -       A->Y   R     NAND2_X1M_A9PP140ZTUL_C30          2  2.9    18    13     254    (-,-) 
  b2u_8to255_quad_2/sub_34_52_g13735/Y    -       A0->Y  R     AO21B_X1M_A9PP140ZTUL_C30          1  1.7    11    14     268    (-,-) 
  b2u_8to255_quad_2/qOut_pipe_reg[188]/D  -       -      R     SDFFRPQH_X1M_A9PP140ZTUL_C30       1    -     -     0     268    (-,-) 
#-------------------------------------------------------------------------------------------------------------------------------------



Path 7: MET (53 ps) Setup Check with Pin b2u_8to255_quad_2/qOut_pipe_reg[187]/CK->D
           View: fast-fast-minrc
          Group: clk
     Startpoint: (R) im_pipe_1_reg[3]/CK
          Clock: (R) clk
       Endpoint: (R) b2u_8to255_quad_2/qOut_pipe_reg[187]/D
          Clock: (R) clk

                     Capture       Launch     
        Clock Edge:+     278            0     
       Src Latency:+       0            0     
       Net Latency:+     100 (I)      100 (I) 
           Arrival:=     378          100     
                                              
             Setup:-      -3                  
       Uncertainty:-      60                  
     Required Time:=     321                  
      Launch Clock:-     100                  
         Data Path:-     168                  
             Slack:=      53                  

#-------------------------------------------------------------------------------------------------------------------------------------
#              Timing Point               Flags    Arc   Edge             Cell               Fanout Load Trans Delay Arrival Instance 
#                                                                                                   (fF)  (ps)  (ps)   (ps)  Location 
#-------------------------------------------------------------------------------------------------------------------------------------
  im_pipe_1_reg[3]/CK                     -       -      R     (arrival)                       4172    -    25     0     100    (-,-) 
  im_pipe_1_reg[3]/QN                     -       CK->QN F     SDFFXRPQN_X2M_A9PP140ZTUL_C30      1  3.4    10    20     120    (-,-) 
  g212/Y                                  -       A->Y   R     INV_X4B_A9PP140ZTUL_C30            4  9.5    10     7     127    (-,-) 
  b2u_8to255_quad_2/g13151/Y              -       A->Y   R     BUFH_X6M_A9PP140ZTUL_C30           2 10.1     7     9     136    (-,-) 
  b2u_8to255_quad_2/g13097/Y              -       A->Y   F     NAND2_X6A_A9PP140ZTUL_C30          4 16.2    15     9     145    (-,-) 
  b2u_8to255_quad_2/g12996/Y              -       B->Y   F     OR2_X8M_A9PP140ZTUL_C30           16 35.7    14    17     162    (-,-) 
  b2u_8to255_quad_2/g12473/Y              -       B->Y   R     NOR2_X2TA_A9PP140ZTUL_C30          2  4.2    12     9     171    (-,-) 
  b2u_8to255_quad_2/sub_34_52_g14713/Y    -       B->Y   F     NOR2_X3A_A9PP140ZTUL_C30           2  4.9    10     8     178    (-,-) 
  b2u_8to255_quad_2/sub_34_52_g14660/Y    -       C->Y   R     NAND3BB_X4M_A9PP140ZTUL_C30        4  7.8    13    10     188    (-,-) 
  b2u_8to255_quad_2/sub_34_52_g14556/Y    -       A->Y   F     NOR2_X4TA_A9PP140ZTUL_C30          2  6.6    10     7     195    (-,-) 
  b2u_8to255_quad_2/sub_34_52_g14476/Y    -       C->Y   R     NAND3BB_X6M_A9PP140ZTL_C30         1  5.4     9     7     202    (-,-) 
  b2u_8to255_quad_2/sub_34_52_g15042/Y    -       C->Y   F     NOR3BB_X8M_A9PP140ZTUL_C30         2  8.7    12     9     211    (-,-) 
  b2u_8to255_quad_2/sub_34_52_g14384/Y    -       A->Y   R     INV_X5M_A9PP140ZTL_C30             1  4.9     7     6     217    (-,-) 
  b2u_8to255_quad_2/sub_34_52_g14145/Y    -       B->Y   F     NOR2_X6A_A9PP140ZTUL_C30           2 10.5    10     7     224    (-,-) 
  b2u_8to255_quad_2/sub_34_52_fopt15093/Y -       A->Y   R     INV_X6M_A9PP140ZTUL_C30            7 20.7    12     9     233    (-,-) 
  b2u_8to255_quad_2/sub_34_52_fopt15092/Y -       A->Y   F     INV_X6M_A9PP140ZTUL_C30           16 21.6    12     9     242    (-,-) 
  b2u_8to255_quad_2/sub_34_52_g14010/Y    -       A->Y   R     NAND2_X1M_A9PP140ZTUL_C30          2  2.9    18    13     254    (-,-) 
  b2u_8to255_quad_2/sub_34_52_g13699/Y    -       A0->Y  R     AO21B_X1M_A9PP140ZTUL_C30          1  1.7    11    14     268    (-,-) 
  b2u_8to255_quad_2/qOut_pipe_reg[187]/D  -       -      R     SDFFRPQH_X1M_A9PP140ZTUL_C30       1    -     -     0     268    (-,-) 
#-------------------------------------------------------------------------------------------------------------------------------------



Path 8: MET (53 ps) Setup Check with Pin b2u_8to255_quad_2/qOut_pipe_reg[178]/CK->D
           View: fast-fast-minrc
          Group: clk
     Startpoint: (R) im_pipe_1_reg[3]/CK
          Clock: (R) clk
       Endpoint: (R) b2u_8to255_quad_2/qOut_pipe_reg[178]/D
          Clock: (R) clk

                     Capture       Launch     
        Clock Edge:+     278            0     
       Src Latency:+       0            0     
       Net Latency:+     100 (I)      100 (I) 
           Arrival:=     378          100     
                                              
             Setup:-      -3                  
       Uncertainty:-      60                  
     Required Time:=     321                  
      Launch Clock:-     100                  
         Data Path:-     168                  
             Slack:=      53                  

#-------------------------------------------------------------------------------------------------------------------------------------
#              Timing Point               Flags    Arc   Edge             Cell               Fanout Load Trans Delay Arrival Instance 
#                                                                                                   (fF)  (ps)  (ps)   (ps)  Location 
#-------------------------------------------------------------------------------------------------------------------------------------
  im_pipe_1_reg[3]/CK                     -       -      R     (arrival)                       4172    -    25     0     100    (-,-) 
  im_pipe_1_reg[3]/QN                     -       CK->QN F     SDFFXRPQN_X2M_A9PP140ZTUL_C30      1  3.4    10    20     120    (-,-) 
  g212/Y                                  -       A->Y   R     INV_X4B_A9PP140ZTUL_C30            4  9.5    10     7     127    (-,-) 
  b2u_8to255_quad_2/g13151/Y              -       A->Y   R     BUFH_X6M_A9PP140ZTUL_C30           2 10.1     7     9     136    (-,-) 
  b2u_8to255_quad_2/g13097/Y              -       A->Y   F     NAND2_X6A_A9PP140ZTUL_C30          4 16.2    15     9     145    (-,-) 
  b2u_8to255_quad_2/g12996/Y              -       B->Y   F     OR2_X8M_A9PP140ZTUL_C30           16 35.7    14    17     162    (-,-) 
  b2u_8to255_quad_2/g12473/Y              -       B->Y   R     NOR2_X2TA_A9PP140ZTUL_C30          2  4.2    12     9     171    (-,-) 
  b2u_8to255_quad_2/sub_34_52_g14713/Y    -       B->Y   F     NOR2_X3A_A9PP140ZTUL_C30           2  4.9    10     8     178    (-,-) 
  b2u_8to255_quad_2/sub_34_52_g14660/Y    -       C->Y   R     NAND3BB_X4M_A9PP140ZTUL_C30        4  7.8    13    10     188    (-,-) 
  b2u_8to255_quad_2/sub_34_52_g14556/Y    -       A->Y   F     NOR2_X4TA_A9PP140ZTUL_C30          2  6.6    10     7     195    (-,-) 
  b2u_8to255_quad_2/sub_34_52_g14476/Y    -       C->Y   R     NAND3BB_X6M_A9PP140ZTL_C30         1  5.4     9     7     202    (-,-) 
  b2u_8to255_quad_2/sub_34_52_g15042/Y    -       C->Y   F     NOR3BB_X8M_A9PP140ZTUL_C30         2  8.7    12     9     211    (-,-) 
  b2u_8to255_quad_2/sub_34_52_g14384/Y    -       A->Y   R     INV_X5M_A9PP140ZTL_C30             1  4.9     7     6     217    (-,-) 
  b2u_8to255_quad_2/sub_34_52_g14145/Y    -       B->Y   F     NOR2_X6A_A9PP140ZTUL_C30           2 10.5    10     7     224    (-,-) 
  b2u_8to255_quad_2/sub_34_52_fopt15093/Y -       A->Y   R     INV_X6M_A9PP140ZTUL_C30            7 20.7    12     9     233    (-,-) 
  b2u_8to255_quad_2/sub_34_52_fopt15092/Y -       A->Y   F     INV_X6M_A9PP140ZTUL_C30           16 21.6    12     9     242    (-,-) 
  b2u_8to255_quad_2/sub_34_52_g14084/Y    -       A->Y   R     NAND2_X1M_A9PP140ZTUL_C30          2  2.9    18    13     254    (-,-) 
  b2u_8to255_quad_2/sub_34_52_g13694/Y    -       A0->Y  R     AO21B_X1M_A9PP140ZTUL_C30          1  1.7    11    14     268    (-,-) 
  b2u_8to255_quad_2/qOut_pipe_reg[178]/D  -       -      R     SDFFRPQH_X1M_A9PP140ZTUL_C30       1    -     -     0     268    (-,-) 
#-------------------------------------------------------------------------------------------------------------------------------------



Path 9: MET (53 ps) Setup Check with Pin b2u_8to255_quad_2/qOut_pipe_reg[186]/CK->D
           View: fast-fast-minrc
          Group: clk
     Startpoint: (R) im_pipe_1_reg[3]/CK
          Clock: (R) clk
       Endpoint: (R) b2u_8to255_quad_2/qOut_pipe_reg[186]/D
          Clock: (R) clk

                     Capture       Launch     
        Clock Edge:+     278            0     
       Src Latency:+       0            0     
       Net Latency:+     100 (I)      100 (I) 
           Arrival:=     378          100     
                                              
             Setup:-      -3                  
       Uncertainty:-      60                  
     Required Time:=     321                  
      Launch Clock:-     100                  
         Data Path:-     168                  
             Slack:=      53                  

#-------------------------------------------------------------------------------------------------------------------------------------
#              Timing Point               Flags    Arc   Edge             Cell               Fanout Load Trans Delay Arrival Instance 
#                                                                                                   (fF)  (ps)  (ps)   (ps)  Location 
#-------------------------------------------------------------------------------------------------------------------------------------
  im_pipe_1_reg[3]/CK                     -       -      R     (arrival)                       4172    -    25     0     100    (-,-) 
  im_pipe_1_reg[3]/QN                     -       CK->QN F     SDFFXRPQN_X2M_A9PP140ZTUL_C30      1  3.4    10    20     120    (-,-) 
  g212/Y                                  -       A->Y   R     INV_X4B_A9PP140ZTUL_C30            4  9.5    10     7     127    (-,-) 
  b2u_8to255_quad_2/g13151/Y              -       A->Y   R     BUFH_X6M_A9PP140ZTUL_C30           2 10.1     7     9     136    (-,-) 
  b2u_8to255_quad_2/g13097/Y              -       A->Y   F     NAND2_X6A_A9PP140ZTUL_C30          4 16.2    15     9     145    (-,-) 
  b2u_8to255_quad_2/g12996/Y              -       B->Y   F     OR2_X8M_A9PP140ZTUL_C30           16 35.7    14    17     162    (-,-) 
  b2u_8to255_quad_2/g12473/Y              -       B->Y   R     NOR2_X2TA_A9PP140ZTUL_C30          2  4.2    12     9     171    (-,-) 
  b2u_8to255_quad_2/sub_34_52_g14713/Y    -       B->Y   F     NOR2_X3A_A9PP140ZTUL_C30           2  4.9    10     8     178    (-,-) 
  b2u_8to255_quad_2/sub_34_52_g14660/Y    -       C->Y   R     NAND3BB_X4M_A9PP140ZTUL_C30        4  7.8    13    10     188    (-,-) 
  b2u_8to255_quad_2/sub_34_52_g14556/Y    -       A->Y   F     NOR2_X4TA_A9PP140ZTUL_C30          2  6.6    10     7     195    (-,-) 
  b2u_8to255_quad_2/sub_34_52_g14476/Y    -       C->Y   R     NAND3BB_X6M_A9PP140ZTL_C30         1  5.4     9     7     202    (-,-) 
  b2u_8to255_quad_2/sub_34_52_g15042/Y    -       C->Y   F     NOR3BB_X8M_A9PP140ZTUL_C30         2  8.7    12     9     211    (-,-) 
  b2u_8to255_quad_2/sub_34_52_g14384/Y    -       A->Y   R     INV_X5M_A9PP140ZTL_C30             1  4.9     7     6     217    (-,-) 
  b2u_8to255_quad_2/sub_34_52_g14145/Y    -       B->Y   F     NOR2_X6A_A9PP140ZTUL_C30           2 10.5    10     7     224    (-,-) 
  b2u_8to255_quad_2/sub_34_52_fopt15093/Y -       A->Y   R     INV_X6M_A9PP140ZTUL_C30            7 20.7    12     9     233    (-,-) 
  b2u_8to255_quad_2/sub_34_52_fopt15092/Y -       A->Y   F     INV_X6M_A9PP140ZTUL_C30           16 21.6    12     9     242    (-,-) 
  b2u_8to255_quad_2/sub_34_52_g14073/Y    -       C->Y   R     NAND3BB_X1M_A9PP140ZTUL_C30        2  2.9    17    12     254    (-,-) 
  b2u_8to255_quad_2/sub_34_52_g13734/Y    -       A0->Y  R     AO21B_X1M_A9PP140ZTUL_C30          1  1.7    10    14     268    (-,-) 
  b2u_8to255_quad_2/qOut_pipe_reg[186]/D  -       -      R     SDFFRPQH_X1M_A9PP140ZTUL_C30       1    -     -     0     268    (-,-) 
#-------------------------------------------------------------------------------------------------------------------------------------



Path 10: MET (53 ps) Setup Check with Pin b2u_8to255_quad_1/qOut_pipe_reg[183]/CK->D
           View: fast-fast-minrc
          Group: clk
     Startpoint: (R) im_pipe_0_reg[3]/CK
          Clock: (R) clk
       Endpoint: (R) b2u_8to255_quad_1/qOut_pipe_reg[183]/D
          Clock: (R) clk

                     Capture       Launch     
        Clock Edge:+     278            0     
       Src Latency:+       0            0     
       Net Latency:+     100 (I)      100 (I) 
           Arrival:=     378          100     
                                              
             Setup:-      -2                  
       Uncertainty:-      60                  
     Required Time:=     320                  
      Launch Clock:-     100                  
         Data Path:-     167                  
             Slack:=      53                  

#------------------------------------------------------------------------------------------------------------------------------------
#             Timing Point               Flags    Arc   Edge             Cell               Fanout Load Trans Delay Arrival Instance 
#                                                                                                  (fF)  (ps)  (ps)   (ps)  Location 
#------------------------------------------------------------------------------------------------------------------------------------
  im_pipe_0_reg[3]/CK                    -       -      R     (arrival)                       4172    -    25     0     100    (-,-) 
  im_pipe_0_reg[3]/QN                    -       CK->QN F     SDFFXRPQN_X2M_A9PP140ZTUL_C30      1  3.4    10    20     120    (-,-) 
  g192/Y                                 -       A->Y   R     INV_X4B_A9PP140ZTUL_C30            4  9.5    10     7     127    (-,-) 
  b2u_8to255_quad_1/g13151/Y             -       A->Y   R     BUFH_X6M_A9PP140ZTUL_C30           2 10.1     7     9     136    (-,-) 
  b2u_8to255_quad_1/g13097__2398/Y       -       A->Y   F     NAND2_X6A_A9PP140ZTUL_C30          4 15.8    14     9     145    (-,-) 
  b2u_8to255_quad_1/g12996__6260/Y       -       A->Y   F     OR2_X8M_A9PP140ZTUL_C30           16 34.9    14    16     161    (-,-) 
  b2u_8to255_quad_1/g12473__7098/Y       -       B->Y   R     NOR2_X2TA_A9PP140ZTUL_C30          2  4.2    11     9     170    (-,-) 
  b2u_8to255_quad_1/sub_34_52_g14713/Y   -       B->Y   F     NOR2_X3A_A9PP140ZTUL_C30           2  4.9    10     8     177    (-,-) 
  b2u_8to255_quad_1/sub_34_52_g14660/Y   -       C->Y   R     NAND3BB_X4M_A9PP140ZTUL_C30        4  7.4    13    10     187    (-,-) 
  b2u_8to255_quad_1/sub_34_52_g14556/Y   -       A->Y   F     NOR2_X4TA_A9PP140ZTUL_C30          2  6.6    10     7     194    (-,-) 
  b2u_8to255_quad_1/sub_34_52_g14476/Y   -       C->Y   R     NAND3BB_X6M_A9PP140ZTL_C30         1  5.4     9     7     201    (-,-) 
  b2u_8to255_quad_1/sub_34_52_g15042/Y   -       C->Y   F     NOR3BB_X8M_A9PP140ZTUL_C30         2  7.8    12     8     209    (-,-) 
  b2u_8to255_quad_1/sub_34_52_g14384/Y   -       A->Y   R     INV_X3P5M_A9PP140ZTUL_C30          1  4.9     7     6     215    (-,-) 
  b2u_8to255_quad_1/sub_34_52_g14145/Y   -       B->Y   F     NOR2_X6A_A9PP140ZTUL_C30           2 10.5    10     7     223    (-,-) 
  b2u_8to255_quad_1/sub_34_52_fopt7/Y    -       A->Y   R     INV_X6M_A9PP140ZTUL_C30            7 20.7    12     9     232    (-,-) 
  b2u_8to255_quad_1/sub_34_52_fopt6/Y    -       A->Y   F     INV_X6M_A9PP140ZTUL_C30           16 21.8    12     9     240    (-,-) 
  b2u_8to255_quad_1/sub_34_52_g14012/Y   -       A->Y   R     NAND2_X1M_A9PP140ZTUL_C30          2  2.9    17    13     253    (-,-) 
  b2u_8to255_quad_1/sub_34_52_g13692/Y   -       A0->Y  R     AO21B_X1M_A9PP140ZTUL_C30          1  1.7    10    14     266    (-,-) 
  b2u_8to255_quad_1/qOut_pipe_reg[183]/D -       -      R     SDFFRPQH_X1M_A9PP140ZTL_C30        1    -     -     0     267    (-,-) 
#------------------------------------------------------------------------------------------------------------------------------------



Path 11: MET (53 ps) Setup Check with Pin b2u_8to255_quad_1/qOut_pipe_reg[159]/CK->D
           View: fast-fast-minrc
          Group: clk
     Startpoint: (R) im_pipe_0_reg[3]/CK
          Clock: (R) clk
       Endpoint: (R) b2u_8to255_quad_1/qOut_pipe_reg[159]/D
          Clock: (R) clk

                     Capture       Launch     
        Clock Edge:+     278            0     
       Src Latency:+       0            0     
       Net Latency:+     100 (I)      100 (I) 
           Arrival:=     378          100     
                                              
             Setup:-      -2                  
       Uncertainty:-      60                  
     Required Time:=     320                  
      Launch Clock:-     100                  
         Data Path:-     167                  
             Slack:=      53                  

#------------------------------------------------------------------------------------------------------------------------------------
#             Timing Point               Flags    Arc   Edge             Cell               Fanout Load Trans Delay Arrival Instance 
#                                                                                                  (fF)  (ps)  (ps)   (ps)  Location 
#------------------------------------------------------------------------------------------------------------------------------------
  im_pipe_0_reg[3]/CK                    -       -      R     (arrival)                       4172    -    25     0     100    (-,-) 
  im_pipe_0_reg[3]/QN                    -       CK->QN F     SDFFXRPQN_X2M_A9PP140ZTUL_C30      1  3.4    10    20     120    (-,-) 
  g192/Y                                 -       A->Y   R     INV_X4B_A9PP140ZTUL_C30            4  9.5    10     7     127    (-,-) 
  b2u_8to255_quad_1/g13151/Y             -       A->Y   R     BUFH_X6M_A9PP140ZTUL_C30           2 10.1     7     9     136    (-,-) 
  b2u_8to255_quad_1/g13097__2398/Y       -       A->Y   F     NAND2_X6A_A9PP140ZTUL_C30          4 15.8    14     9     145    (-,-) 
  b2u_8to255_quad_1/g12996__6260/Y       -       A->Y   F     OR2_X8M_A9PP140ZTUL_C30           16 34.9    14    16     161    (-,-) 
  b2u_8to255_quad_1/g12473__7098/Y       -       B->Y   R     NOR2_X2TA_A9PP140ZTUL_C30          2  4.2    11     9     170    (-,-) 
  b2u_8to255_quad_1/sub_34_52_g14713/Y   -       B->Y   F     NOR2_X3A_A9PP140ZTUL_C30           2  4.9    10     8     177    (-,-) 
  b2u_8to255_quad_1/sub_34_52_g14660/Y   -       C->Y   R     NAND3BB_X4M_A9PP140ZTUL_C30        4  7.4    13    10     187    (-,-) 
  b2u_8to255_quad_1/sub_34_52_g14556/Y   -       A->Y   F     NOR2_X4TA_A9PP140ZTUL_C30          2  6.6    10     7     194    (-,-) 
  b2u_8to255_quad_1/sub_34_52_g14476/Y   -       C->Y   R     NAND3BB_X6M_A9PP140ZTL_C30         1  5.4     9     7     201    (-,-) 
  b2u_8to255_quad_1/sub_34_52_g15042/Y   -       C->Y   F     NOR3BB_X8M_A9PP140ZTUL_C30         2  7.8    12     8     209    (-,-) 
  b2u_8to255_quad_1/sub_34_52_g14384/Y   -       A->Y   R     INV_X3P5M_A9PP140ZTUL_C30          1  4.9     7     6     215    (-,-) 
  b2u_8to255_quad_1/sub_34_52_g14145/Y   -       B->Y   F     NOR2_X6A_A9PP140ZTUL_C30           2 10.5    10     7     223    (-,-) 
  b2u_8to255_quad_1/sub_34_52_fopt7/Y    -       A->Y   R     INV_X6M_A9PP140ZTUL_C30            7 20.7    12     9     232    (-,-) 
  b2u_8to255_quad_1/sub_34_52_fopt6/Y    -       A->Y   F     INV_X6M_A9PP140ZTUL_C30           16 21.8    12     9     240    (-,-) 
  b2u_8to255_quad_1/sub_34_52_g14015/Y   -       A->Y   R     NAND2_X1M_A9PP140ZTUL_C30          2  2.9    18    13     253    (-,-) 
  b2u_8to255_quad_1/sub_34_52_g13693/Y   -       A0->Y  R     AO21B_X1M_A9PP140ZTUL_C30          1  1.7    10    14     266    (-,-) 
  b2u_8to255_quad_1/qOut_pipe_reg[159]/D -       -      R     SDFFRPQH_X1M_A9PP140ZTL_C30        1    -     -     0     267    (-,-) 
#------------------------------------------------------------------------------------------------------------------------------------



Path 12: MET (53 ps) Setup Check with Pin b2u_8to255_quad_4/qOut_pipe_reg[92]/CK->D
           View: fast-fast-minrc
          Group: clk
     Startpoint: (R) im_pipe_3_reg[1]/CK
          Clock: (R) clk
       Endpoint: (F) b2u_8to255_quad_4/qOut_pipe_reg[92]/D
          Clock: (R) clk

                     Capture       Launch     
        Clock Edge:+     278            0     
       Src Latency:+       0            0     
       Net Latency:+     100 (I)      100 (I) 
           Arrival:=     378          100     
                                              
             Setup:-      -4                  
       Uncertainty:-      60                  
     Required Time:=     322                  
      Launch Clock:-     100                  
         Data Path:-     168                  
             Slack:=      53                  

#-----------------------------------------------------------------------------------------------------------------------------------
#             Timing Point              Flags    Arc   Edge             Cell               Fanout Load Trans Delay Arrival Instance 
#                                                                                                 (fF)  (ps)  (ps)   (ps)  Location 
#-----------------------------------------------------------------------------------------------------------------------------------
  im_pipe_3_reg[1]/CK                   -       -      R     (arrival)                       4172    -    25     0     100    (-,-) 
  im_pipe_3_reg[1]/QN                   -       CK->QN R     SDFFXRPQN_X2M_A9PP140ZTUL_C30      1  3.4    10    16     116    (-,-) 
  g169/Y                                -       A->Y   F     INV_X4B_A9PP140ZTUL_C30            7 19.4    23    15     131    (-,-) 
  b2u_8to255_quad_4/g13154/Y            -       A->Y   R     INV_X7P5M_A9PP140ZTL_C30           4 14.4    12     9     140    (-,-) 
  b2u_8to255_quad_4/g13065/Y            -       A->Y   F     NAND2_X8M_A9PP140ZTUL_C30          4 15.8    12     8     148    (-,-) 
  b2u_8to255_quad_4/g13031/Y            -       A->Y   F     OR2_X8M_A9PP140ZTUL_C30           16 32.3    13    15     163    (-,-) 
  b2u_8to255_quad_4/g12751/Y            -       A->Y   R     NOR2_X2TA_A9PP140ZTUL_C30          2  3.8    11     8     171    (-,-) 
  b2u_8to255_quad_4/sub_34_52_g14640/Y  -       C->Y   R     OR4_X4M_A9PP140ZTUL_C30            2  4.9    10    14     185    (-,-) 
  b2u_8to255_quad_4/sub_34_52_g14541/Y  -       C->Y   F     NOR3BB_X4M_A9PP140ZTUL_C30         1  3.7    11     8     193    (-,-) 
  b2u_8to255_quad_4/sub_34_52_g14467/Y  -       C->Y   R     NAND3BB_X4M_A9PP140ZTUL_C30        1  4.9    10     8     201    (-,-) 
  b2u_8to255_quad_4/sub_34_52_g14421/Y  -       B->Y   F     NOR2_X6A_A9PP140ZTUL_C30           2  8.3     9     7     208    (-,-) 
  b2u_8to255_quad_4/sub_34_52_g14395/Y  -       A->Y   R     INV_X3M_A9PP140ZTUL_C30            3  7.8    10     8     216    (-,-) 
  b2u_8to255_quad_4/sub_34_52_g14390/Y  -       A->Y   F     INV_X4M_A9PP140ZTUL_C30            8 13.9    11     8     224    (-,-) 
  b2u_8to255_quad_4/sub_34_52_g14389/Y  -       A->Y   F     BUFH_X2M_A9PP140ZTUL_C30           4  5.7     9    12     236    (-,-) 
  b2u_8to255_quad_4/sub_34_52_g14298/Y  -       A->Y   R     NAND2_X1M_A9PP140ZTUL_C30          1  2.4    16    10     246    (-,-) 
  b2u_8to255_quad_4/sub_34_52_g13983/Y  -       B->Y   F     NOR2_X2A_A9PP140ZTUL_C30           2  4.1    12     9     255    (-,-) 
  b2u_8to255_quad_4/sub_34_52_g13903/Y  -       A->Y   R     INV_X1P4M_A9PP140ZTUL_C30          1  2.0     8     6     261    (-,-) 
  b2u_8to255_quad_4/sub_34_52_g13635/Y  -       B0->Y  F     OAI2XB1_X1P4M_A9PP140ZTUL_C30      1  1.7    10     7     268    (-,-) 
  b2u_8to255_quad_4/qOut_pipe_reg[92]/D -       -      F     SDFFRPQH_X1M_A9PP140ZTUL_C30       1    -     -     0     268    (-,-) 
#-----------------------------------------------------------------------------------------------------------------------------------



Path 13: MET (53 ps) Setup Check with Pin b2u_8to255_quad_3/qOut_pipe_reg[183]/CK->D
           View: fast-fast-minrc
          Group: clk
     Startpoint: (R) im_pipe_2_reg[7]/CK
          Clock: (R) clk
       Endpoint: (R) b2u_8to255_quad_3/qOut_pipe_reg[183]/D
          Clock: (R) clk

                     Capture       Launch     
        Clock Edge:+     278            0     
       Src Latency:+       0            0     
       Net Latency:+     100 (I)      100 (I) 
           Arrival:=     378          100     
                                              
             Setup:-      -2                  
       Uncertainty:-      60                  
     Required Time:=     320                  
      Launch Clock:-     100                  
         Data Path:-     166                  
             Slack:=      53                  

#-------------------------------------------------------------------------------------------------------------------------------------
#              Timing Point               Flags    Arc   Edge             Cell               Fanout Load Trans Delay Arrival Instance 
#                                                                                                   (fF)  (ps)  (ps)   (ps)  Location 
#-------------------------------------------------------------------------------------------------------------------------------------
  im_pipe_2_reg[7]/CK                     -       -      R     (arrival)                       4172    -    25     0     100    (-,-) 
  im_pipe_2_reg[7]/QN                     -       CK->QN R     SDFFXRPQN_X2M_A9PP140ZTUL_C30      1  3.4    10    16     116    (-,-) 
  g168/Y                                  -       A->Y   F     INV_X4B_A9PP140ZTUL_C30            6 17.6    21    14     130    (-,-) 
  b2u_8to255_quad_3/g13070/Y              -       BN->Y  F     NAND2XB_X8M_A9PP140ZTUL_C30        4 17.0    12    17     146    (-,-) 
  b2u_8to255_quad_3/g12996/Y              -       A->Y   F     OR2_X11TM_A9PP140ZTL_C30          16 37.0    12    14     161    (-,-) 
  b2u_8to255_quad_3/g12473/Y              -       B->Y   R     NOR2_X2TA_A9PP140ZTUL_C30          2  4.2    12     9     170    (-,-) 
  b2u_8to255_quad_3/sub_34_52_g14713/Y    -       B->Y   F     NOR2_X3A_A9PP140ZTUL_C30           2  6.0    12     8     178    (-,-) 
  b2u_8to255_quad_3/sub_34_52_g14660/Y    -       C->Y   R     NAND3BB_X6M_A9PP140ZTL_C30         4  7.4    11     9     187    (-,-) 
  b2u_8to255_quad_3/sub_34_52_g14556/Y    -       A->Y   F     NOR2_X4TA_A9PP140ZTUL_C30          2  6.6    10     7     193    (-,-) 
  b2u_8to255_quad_3/sub_34_52_g14476/Y    -       C->Y   R     NAND3BB_X6M_A9PP140ZTL_C30         1  5.4     9     7     201    (-,-) 
  b2u_8to255_quad_3/sub_34_52_g15042/Y    -       C->Y   F     NOR3BB_X8M_A9PP140ZTUL_C30         2  7.8    12     8     209    (-,-) 
  b2u_8to255_quad_3/sub_34_52_g14384/Y    -       A->Y   R     INV_X3P5M_A9PP140ZTUL_C30          1  4.9     7     6     215    (-,-) 
  b2u_8to255_quad_3/sub_34_52_g14145/Y    -       B->Y   F     NOR2_X6A_A9PP140ZTUL_C30           2 10.5    10     7     222    (-,-) 
  b2u_8to255_quad_3/sub_34_52_fopt7/Y     -       A->Y   R     INV_X6M_A9PP140ZTUL_C30            7 20.7    12     9     232    (-,-) 
  b2u_8to255_quad_3/sub_34_52_fopt15088/Y -       A->Y   F     INV_X6M_A9PP140ZTUL_C30           16 21.6    12     9     240    (-,-) 
  b2u_8to255_quad_3/sub_34_52_g14012/Y    -       A->Y   R     NAND2_X1M_A9PP140ZTUL_C30          2  2.9    17    13     253    (-,-) 
  b2u_8to255_quad_3/sub_34_52_g13692/Y    -       A0->Y  R     AO21B_X1M_A9PP140ZTUL_C30          1  1.7    10    14     266    (-,-) 
  b2u_8to255_quad_3/qOut_pipe_reg[183]/D  -       -      R     SDFFRPQH_X1M_A9PP140ZTL_C30        1    -     -     0     266    (-,-) 
#-------------------------------------------------------------------------------------------------------------------------------------



Path 14: MET (53 ps) Setup Check with Pin b2u_8to255_quad_3/qOut_pipe_reg[159]/CK->D
           View: fast-fast-minrc
          Group: clk
     Startpoint: (R) im_pipe_2_reg[7]/CK
          Clock: (R) clk
       Endpoint: (R) b2u_8to255_quad_3/qOut_pipe_reg[159]/D
          Clock: (R) clk

                     Capture       Launch     
        Clock Edge:+     278            0     
       Src Latency:+       0            0     
       Net Latency:+     100 (I)      100 (I) 
           Arrival:=     378          100     
                                              
             Setup:-      -2                  
       Uncertainty:-      60                  
     Required Time:=     320                  
      Launch Clock:-     100                  
         Data Path:-     166                  
             Slack:=      53                  

#-------------------------------------------------------------------------------------------------------------------------------------
#              Timing Point               Flags    Arc   Edge             Cell               Fanout Load Trans Delay Arrival Instance 
#                                                                                                   (fF)  (ps)  (ps)   (ps)  Location 
#-------------------------------------------------------------------------------------------------------------------------------------
  im_pipe_2_reg[7]/CK                     -       -      R     (arrival)                       4172    -    25     0     100    (-,-) 
  im_pipe_2_reg[7]/QN                     -       CK->QN R     SDFFXRPQN_X2M_A9PP140ZTUL_C30      1  3.4    10    16     116    (-,-) 
  g168/Y                                  -       A->Y   F     INV_X4B_A9PP140ZTUL_C30            6 17.6    21    14     130    (-,-) 
  b2u_8to255_quad_3/g13070/Y              -       BN->Y  F     NAND2XB_X8M_A9PP140ZTUL_C30        4 17.0    12    17     146    (-,-) 
  b2u_8to255_quad_3/g12996/Y              -       A->Y   F     OR2_X11TM_A9PP140ZTL_C30          16 37.0    12    14     161    (-,-) 
  b2u_8to255_quad_3/g12473/Y              -       B->Y   R     NOR2_X2TA_A9PP140ZTUL_C30          2  4.2    12     9     170    (-,-) 
  b2u_8to255_quad_3/sub_34_52_g14713/Y    -       B->Y   F     NOR2_X3A_A9PP140ZTUL_C30           2  6.0    12     8     178    (-,-) 
  b2u_8to255_quad_3/sub_34_52_g14660/Y    -       C->Y   R     NAND3BB_X6M_A9PP140ZTL_C30         4  7.4    11     9     187    (-,-) 
  b2u_8to255_quad_3/sub_34_52_g14556/Y    -       A->Y   F     NOR2_X4TA_A9PP140ZTUL_C30          2  6.6    10     7     193    (-,-) 
  b2u_8to255_quad_3/sub_34_52_g14476/Y    -       C->Y   R     NAND3BB_X6M_A9PP140ZTL_C30         1  5.4     9     7     201    (-,-) 
  b2u_8to255_quad_3/sub_34_52_g15042/Y    -       C->Y   F     NOR3BB_X8M_A9PP140ZTUL_C30         2  7.8    12     8     209    (-,-) 
  b2u_8to255_quad_3/sub_34_52_g14384/Y    -       A->Y   R     INV_X3P5M_A9PP140ZTUL_C30          1  4.9     7     6     215    (-,-) 
  b2u_8to255_quad_3/sub_34_52_g14145/Y    -       B->Y   F     NOR2_X6A_A9PP140ZTUL_C30           2 10.5    10     7     222    (-,-) 
  b2u_8to255_quad_3/sub_34_52_fopt7/Y     -       A->Y   R     INV_X6M_A9PP140ZTUL_C30            7 20.7    12     9     232    (-,-) 
  b2u_8to255_quad_3/sub_34_52_fopt15088/Y -       A->Y   F     INV_X6M_A9PP140ZTUL_C30           16 21.6    12     9     240    (-,-) 
  b2u_8to255_quad_3/sub_34_52_g14015/Y    -       A->Y   R     NAND2_X1M_A9PP140ZTUL_C30          2  2.9    18    13     253    (-,-) 
  b2u_8to255_quad_3/sub_34_52_g13693/Y    -       A0->Y  R     AO21B_X1M_A9PP140ZTUL_C30          1  1.7    10    14     266    (-,-) 
  b2u_8to255_quad_3/qOut_pipe_reg[159]/D  -       -      R     SDFFRPQH_X1M_A9PP140ZTL_C30        1    -     -     0     266    (-,-) 
#-------------------------------------------------------------------------------------------------------------------------------------



Path 15: MET (54 ps) Setup Check with Pin b2u_8to255_quad_2/iOut_pipe_reg[115]/CK->D
           View: fast-fast-minrc
          Group: clk
     Startpoint: (R) re_pipe_1_reg[6]/CK
          Clock: (R) clk
       Endpoint: (R) b2u_8to255_quad_2/iOut_pipe_reg[115]/D
          Clock: (R) clk

                     Capture       Launch     
        Clock Edge:+     278            0     
       Src Latency:+       0            0     
       Net Latency:+     100 (I)      100 (I) 
           Arrival:=     378          100     
                                              
             Setup:-      -2                  
       Uncertainty:-      60                  
     Required Time:=     320                  
      Launch Clock:-     100                  
         Data Path:-     166                  
             Slack:=      54                  

#------------------------------------------------------------------------------------------------------------------------------------
#             Timing Point               Flags    Arc   Edge             Cell               Fanout Load Trans Delay Arrival Instance 
#                                                                                                  (fF)  (ps)  (ps)   (ps)  Location 
#------------------------------------------------------------------------------------------------------------------------------------
  re_pipe_1_reg[6]/CK                    -       -      R     (arrival)                       4172    -    25     0     100    (-,-) 
  re_pipe_1_reg[6]/QN                    -       CK->QN F     SDFFXRPQN_X2M_A9PP140ZTUL_C30      1  5.1    12    22     122    (-,-) 
  fopt238/Y                              -       A->Y   R     INV_X6M_A9PP140ZTUL_C30            8 19.4    12     9     131    (-,-) 
  b2u_8to255_quad_2/fopt15975/Y          -       A->Y   F     INV_X3P5M_A9PP140ZTUL_C30          2  6.6     8     6     137    (-,-) 
  b2u_8to255_quad_2/fopt15974/Y          -       A->Y   R     INV_X3P5M_A9PP140ZTUL_C30          2  5.2     7     6     142    (-,-) 
  b2u_8to255_quad_2/g13087/Y             -       A->Y   F     NAND2_X3A_A9PP140ZTUL_C30          1  8.3    14     9     151    (-,-) 
  b2u_8to255_quad_2/g13047/Y             -       B->Y   F     OR2_X11TM_A9PP140ZTUL_C30         16 31.2    10    13     164    (-,-) 
  b2u_8to255_quad_2/g12890/Y             -       A->Y   R     NOR2_X2TA_A9PP140ZTL_C30           2  4.2    12     9     173    (-,-) 
  b2u_8to255_quad_2/sub_29_39_g14724/Y   -       B->Y   F     NOR2_X3A_A9PP140ZTUL_C30           2  4.9    10     8     181    (-,-) 
  b2u_8to255_quad_2/sub_29_39_g14645/Y   -       C->Y   R     NAND3BB_X4M_A9PP140ZTUL_C30        2  4.5    10     8     188    (-,-) 
  b2u_8to255_quad_2/sub_29_39_g14483/Y   -       D->Y   R     OR4_X4M_A9PP140ZTUL_C30            2  5.1    10    14     203    (-,-) 
  b2u_8to255_quad_2/sub_29_39_g14460/Y   -       A->Y   R     BUFH_X2M_A9PP140ZTUL_C30           1  3.5     7    10     213    (-,-) 
  b2u_8to255_quad_2/sub_29_39_g14362/Y   -       A->Y   F     NOR2_X4TA_A9PP140ZTUL_C30          1  8.0    10     7     220    (-,-) 
  b2u_8to255_quad_2/sub_29_39_g14317/Y   -       A->Y   R     NAND2_X11M_A9PP140ZTUL_C30        23 34.6    18    12     232    (-,-) 
  b2u_8to255_quad_2/sub_29_39_g14231/Y   -       A->Y   F     NOR2_X1P4TA_A9PP140ZTUL_C30        2  3.1    13     8     240    (-,-) 
  b2u_8to255_quad_2/sub_29_39_g14037/Y   -       C->Y   R     NAND3BB_X1M_A9PP140ZTUL_C30        2  2.9    17    13     253    (-,-) 
  b2u_8to255_quad_2/sub_29_39_g13712/Y   -       A0->Y  R     AO21B_X1M_A9PP140ZTUL_C30          1  1.7    10    14     266    (-,-) 
  b2u_8to255_quad_2/iOut_pipe_reg[115]/D -       -      R     SDFFRPQH_X1M_A9PP140ZTL_C30        1    -     -     0     266    (-,-) 
#------------------------------------------------------------------------------------------------------------------------------------



Path 16: MET (54 ps) Setup Check with Pin b2u_8to255_quad_4/qOut_pipe_reg[87]/CK->D
           View: fast-fast-minrc
          Group: clk
     Startpoint: (R) im_pipe_3_reg[1]/CK
          Clock: (R) clk
       Endpoint: (F) b2u_8to255_quad_4/qOut_pipe_reg[87]/D
          Clock: (R) clk

                     Capture       Launch     
        Clock Edge:+     278            0     
       Src Latency:+       0            0     
       Net Latency:+     100 (I)      100 (I) 
           Arrival:=     378          100     
                                              
             Setup:-      -4                  
       Uncertainty:-      60                  
     Required Time:=     322                  
      Launch Clock:-     100                  
         Data Path:-     168                  
             Slack:=      54                  

#------------------------------------------------------------------------------------------------------------------------------------
#             Timing Point              Flags    Arc   Edge              Cell               Fanout Load Trans Delay Arrival Instance 
#                                                                                                  (fF)  (ps)  (ps)   (ps)  Location 
#------------------------------------------------------------------------------------------------------------------------------------
  im_pipe_3_reg[1]/CK                   -       -      R     (arrival)                        4172    -    25     0     100    (-,-) 
  im_pipe_3_reg[1]/QN                   -       CK->QN R     SDFFXRPQN_X2M_A9PP140ZTUL_C30       1  3.4    10    16     116    (-,-) 
  g169/Y                                -       A->Y   F     INV_X4B_A9PP140ZTUL_C30             7 19.4    23    15     131    (-,-) 
  b2u_8to255_quad_4/g13154/Y            -       A->Y   R     INV_X7P5M_A9PP140ZTL_C30            4 14.4    12     9     140    (-,-) 
  b2u_8to255_quad_4/g13065/Y            -       A->Y   F     NAND2_X8M_A9PP140ZTUL_C30           4 15.8    12     8     148    (-,-) 
  b2u_8to255_quad_4/g13031/Y            -       A->Y   F     OR2_X8M_A9PP140ZTUL_C30            16 32.3    13    15     163    (-,-) 
  b2u_8to255_quad_4/g12751/Y            -       A->Y   R     NOR2_X2TA_A9PP140ZTUL_C30           2  3.8    11     8     171    (-,-) 
  b2u_8to255_quad_4/sub_34_52_g14640/Y  -       C->Y   R     OR4_X4M_A9PP140ZTUL_C30             2  4.9    10    14     185    (-,-) 
  b2u_8to255_quad_4/sub_34_52_g14541/Y  -       C->Y   F     NOR3BB_X4M_A9PP140ZTUL_C30          1  3.7    11     8     193    (-,-) 
  b2u_8to255_quad_4/sub_34_52_g14467/Y  -       C->Y   R     NAND3BB_X4M_A9PP140ZTUL_C30         1  4.9    10     8     201    (-,-) 
  b2u_8to255_quad_4/sub_34_52_g14421/Y  -       B->Y   F     NOR2_X6A_A9PP140ZTUL_C30            2  8.3     9     7     208    (-,-) 
  b2u_8to255_quad_4/sub_34_52_g14395/Y  -       A->Y   R     INV_X3M_A9PP140ZTUL_C30             3  7.8    10     8     216    (-,-) 
  b2u_8to255_quad_4/sub_34_52_g14390/Y  -       A->Y   F     INV_X4M_A9PP140ZTUL_C30             8 13.9    11     8     224    (-,-) 
  b2u_8to255_quad_4/sub_34_52_g14388/Y  -       A->Y   R     INV_X3P5M_A9PP140ZTUL_C30           3  5.9     8     6     230    (-,-) 
  b2u_8to255_quad_4/sub_34_52_g14387/Y  -       A->Y   F     INV_X3P5M_A9PP140ZTUL_C30           4  6.4     7     5     235    (-,-) 
  b2u_8to255_quad_4/sub_34_52_g14329/Y  -       A->Y   R     NAND3XXB_X1P4M_A9PP140ZTUL_C30      1  3.2    20    11     246    (-,-) 
  b2u_8to255_quad_4/sub_34_52_g13941/Y  -       B->Y   F     NOR2_X2TA_A9PP140ZTUL_C30           2  3.9    12     8     255    (-,-) 
  b2u_8to255_quad_4/sub_34_52_g13882/Y  -       A->Y   R     INV_X1P4M_A9PP140ZTUL_C30           1  2.0     8     6     261    (-,-) 
  b2u_8to255_quad_4/sub_34_52_g13632/Y  -       B0->Y  F     OAI2XB1_X1P4M_A9PP140ZTUL_C30       1  1.7    10     7     268    (-,-) 
  b2u_8to255_quad_4/qOut_pipe_reg[87]/D -       -      F     SDFFRPQH_X1M_A9PP140ZTUL_C30        1    -     -     0     268    (-,-) 
#------------------------------------------------------------------------------------------------------------------------------------



Path 17: MET (54 ps) Setup Check with Pin b2u_8to255_quad_4/qOut_pipe_reg[74]/CK->D
           View: fast-fast-minrc
          Group: clk
     Startpoint: (R) im_pipe_3_reg[1]/CK
          Clock: (R) clk
       Endpoint: (R) b2u_8to255_quad_4/qOut_pipe_reg[74]/D
          Clock: (R) clk

                     Capture       Launch     
        Clock Edge:+     278            0     
       Src Latency:+       0            0     
       Net Latency:+     100 (I)      100 (I) 
           Arrival:=     378          100     
                                              
             Setup:-      -3                  
       Uncertainty:-      60                  
     Required Time:=     321                  
      Launch Clock:-     100                  
         Data Path:-     167                  
             Slack:=      54                  

#-----------------------------------------------------------------------------------------------------------------------------------
#             Timing Point              Flags    Arc   Edge             Cell               Fanout Load Trans Delay Arrival Instance 
#                                                                                                 (fF)  (ps)  (ps)   (ps)  Location 
#-----------------------------------------------------------------------------------------------------------------------------------
  im_pipe_3_reg[1]/CK                   -       -      R     (arrival)                       4172    -    25     0     100    (-,-) 
  im_pipe_3_reg[1]/QN                   -       CK->QN R     SDFFXRPQN_X2M_A9PP140ZTUL_C30      1  3.4    10    16     116    (-,-) 
  g169/Y                                -       A->Y   F     INV_X4B_A9PP140ZTUL_C30            7 19.4    23    15     131    (-,-) 
  b2u_8to255_quad_4/g13154/Y            -       A->Y   R     INV_X7P5M_A9PP140ZTL_C30           4 14.4    12     9     140    (-,-) 
  b2u_8to255_quad_4/g13065/Y            -       A->Y   F     NAND2_X8M_A9PP140ZTUL_C30          4 15.8    12     8     148    (-,-) 
  b2u_8to255_quad_4/g13031/Y            -       A->Y   F     OR2_X8M_A9PP140ZTUL_C30           16 32.3    13    15     163    (-,-) 
  b2u_8to255_quad_4/g12751/Y            -       A->Y   R     NOR2_X2TA_A9PP140ZTUL_C30          2  3.8    11     8     171    (-,-) 
  b2u_8to255_quad_4/sub_34_52_g14640/Y  -       C->Y   R     OR4_X4M_A9PP140ZTUL_C30            2  4.9    10    14     185    (-,-) 
  b2u_8to255_quad_4/sub_34_52_g14541/Y  -       C->Y   F     NOR3BB_X4M_A9PP140ZTUL_C30         1  3.7    11     8     193    (-,-) 
  b2u_8to255_quad_4/sub_34_52_g14467/Y  -       C->Y   R     NAND3BB_X4M_A9PP140ZTUL_C30        1  4.9    10     8     201    (-,-) 
  b2u_8to255_quad_4/sub_34_52_g14421/Y  -       B->Y   F     NOR2_X6A_A9PP140ZTUL_C30           2  8.3     9     7     208    (-,-) 
  b2u_8to255_quad_4/sub_34_52_g14395/Y  -       A->Y   R     INV_X3M_A9PP140ZTUL_C30            3  7.8    10     8     216    (-,-) 
  b2u_8to255_quad_4/sub_34_52_g14390/Y  -       A->Y   F     INV_X4M_A9PP140ZTUL_C30            8 13.9    11     8     224    (-,-) 
  b2u_8to255_quad_4/sub_34_52_g14388/Y  -       A->Y   R     INV_X3P5M_A9PP140ZTUL_C30          3  5.9     8     6     230    (-,-) 
  b2u_8to255_quad_4/sub_34_52_g14325/Y  -       C->Y   F     NOR4BB_X1M_A9PP140ZTUL_C30         1  2.6    22    14     244    (-,-) 
  b2u_8to255_quad_4/sub_34_52_g13831/Y  -       B->Y   R     NAND2_X2A_A9PP140ZTUL_C30          2  3.9    14    10     254    (-,-) 
  b2u_8to255_quad_4/sub_34_52_g13762/Y  -       A->Y   F     INV_X1P4M_A9PP140ZTUL_C30          1  2.2     7     5     259    (-,-) 
  b2u_8to255_quad_4/sub_34_52_g13540/Y  -       A0->Y  R     OAI2XB1_X1P4M_A9PP140ZTUL_C30      1  1.7    12     8     267    (-,-) 
  b2u_8to255_quad_4/qOut_pipe_reg[74]/D -       -      R     SDFFRPQH_X1M_A9PP140ZTUL_C30       1    -     -     0     267    (-,-) 
#-----------------------------------------------------------------------------------------------------------------------------------



Path 18: MET (54 ps) Setup Check with Pin b2u_8to255_quad_3/qOut_pipe_reg[180]/CK->D
           View: fast-fast-minrc
          Group: clk
     Startpoint: (R) im_pipe_2_reg[7]/CK
          Clock: (R) clk
       Endpoint: (R) b2u_8to255_quad_3/qOut_pipe_reg[180]/D
          Clock: (R) clk

                     Capture       Launch     
        Clock Edge:+     278            0     
       Src Latency:+       0            0     
       Net Latency:+     100 (I)      100 (I) 
           Arrival:=     378          100     
                                              
             Setup:-      -2                  
       Uncertainty:-      60                  
     Required Time:=     320                  
      Launch Clock:-     100                  
         Data Path:-     166                  
             Slack:=      54                  

#-------------------------------------------------------------------------------------------------------------------------------------
#              Timing Point               Flags    Arc   Edge             Cell               Fanout Load Trans Delay Arrival Instance 
#                                                                                                   (fF)  (ps)  (ps)   (ps)  Location 
#-------------------------------------------------------------------------------------------------------------------------------------
  im_pipe_2_reg[7]/CK                     -       -      R     (arrival)                       4172    -    25     0     100    (-,-) 
  im_pipe_2_reg[7]/QN                     -       CK->QN R     SDFFXRPQN_X2M_A9PP140ZTUL_C30      1  3.4    10    16     116    (-,-) 
  g168/Y                                  -       A->Y   F     INV_X4B_A9PP140ZTUL_C30            6 17.6    21    14     130    (-,-) 
  b2u_8to255_quad_3/g13070/Y              -       BN->Y  F     NAND2XB_X8M_A9PP140ZTUL_C30        4 17.0    12    17     146    (-,-) 
  b2u_8to255_quad_3/g12996/Y              -       A->Y   F     OR2_X11TM_A9PP140ZTL_C30          16 37.0    12    14     161    (-,-) 
  b2u_8to255_quad_3/g12473/Y              -       B->Y   R     NOR2_X2TA_A9PP140ZTUL_C30          2  4.2    12     9     170    (-,-) 
  b2u_8to255_quad_3/sub_34_52_g14713/Y    -       B->Y   F     NOR2_X3A_A9PP140ZTUL_C30           2  6.0    12     8     178    (-,-) 
  b2u_8to255_quad_3/sub_34_52_g14660/Y    -       C->Y   R     NAND3BB_X6M_A9PP140ZTL_C30         4  7.4    11     9     187    (-,-) 
  b2u_8to255_quad_3/sub_34_52_g14556/Y    -       A->Y   F     NOR2_X4TA_A9PP140ZTUL_C30          2  6.6    10     7     193    (-,-) 
  b2u_8to255_quad_3/sub_34_52_g14476/Y    -       C->Y   R     NAND3BB_X6M_A9PP140ZTL_C30         1  5.4     9     7     201    (-,-) 
  b2u_8to255_quad_3/sub_34_52_g15042/Y    -       C->Y   F     NOR3BB_X8M_A9PP140ZTUL_C30         2  7.8    12     8     209    (-,-) 
  b2u_8to255_quad_3/sub_34_52_g14384/Y    -       A->Y   R     INV_X3P5M_A9PP140ZTUL_C30          1  4.9     7     6     215    (-,-) 
  b2u_8to255_quad_3/sub_34_52_g14145/Y    -       B->Y   F     NOR2_X6A_A9PP140ZTUL_C30           2 10.5    10     7     222    (-,-) 
  b2u_8to255_quad_3/sub_34_52_fopt7/Y     -       A->Y   R     INV_X6M_A9PP140ZTUL_C30            7 20.7    12     9     232    (-,-) 
  b2u_8to255_quad_3/sub_34_52_fopt15088/Y -       A->Y   F     INV_X6M_A9PP140ZTUL_C30           16 21.6    12     9     240    (-,-) 
  b2u_8to255_quad_3/sub_34_52_g14076/Y    -       C->Y   R     NAND3BB_X1M_A9PP140ZTUL_C30        2  2.9    17    12     253    (-,-) 
  b2u_8to255_quad_3/sub_34_52_g13695/Y    -       A0->Y  R     AO21B_X1M_A9PP140ZTUL_C30          1  1.7    10    14     266    (-,-) 
  b2u_8to255_quad_3/qOut_pipe_reg[180]/D  -       -      R     SDFFRPQH_X1M_A9PP140ZTL_C30        1    -     -     0     266    (-,-) 
#-------------------------------------------------------------------------------------------------------------------------------------



Path 19: MET (54 ps) Setup Check with Pin b2u_8to255_quad_2/qOut_pipe_reg[90]/CK->D
           View: fast-fast-minrc
          Group: clk
     Startpoint: (R) im_pipe_1_reg[3]/CK
          Clock: (R) clk
       Endpoint: (F) b2u_8to255_quad_2/qOut_pipe_reg[90]/D
          Clock: (R) clk

                     Capture       Launch     
        Clock Edge:+     278            0     
       Src Latency:+       0            0     
       Net Latency:+     100 (I)      100 (I) 
           Arrival:=     378          100     
                                              
             Setup:-      -4                  
       Uncertainty:-      60                  
     Required Time:=     322                  
      Launch Clock:-     100                  
         Data Path:-     168                  
             Slack:=      54                  

#-------------------------------------------------------------------------------------------------------------------------------------
#              Timing Point               Flags    Arc   Edge             Cell               Fanout Load Trans Delay Arrival Instance 
#                                                                                                   (fF)  (ps)  (ps)   (ps)  Location 
#-------------------------------------------------------------------------------------------------------------------------------------
  im_pipe_1_reg[3]/CK                     -       -      R     (arrival)                       4172    -    25     0     100    (-,-) 
  im_pipe_1_reg[3]/QN                     -       CK->QN F     SDFFXRPQN_X2M_A9PP140ZTUL_C30      1  3.4    10    20     120    (-,-) 
  g212/Y                                  -       A->Y   R     INV_X4B_A9PP140ZTUL_C30            4  9.5    10     7     127    (-,-) 
  b2u_8to255_quad_2/g13151/Y              -       A->Y   R     BUFH_X6M_A9PP140ZTUL_C30           2 10.1     7     9     136    (-,-) 
  b2u_8to255_quad_2/g13097/Y              -       A->Y   F     NAND2_X6A_A9PP140ZTUL_C30          4 16.2    15     9     145    (-,-) 
  b2u_8to255_quad_2/g12996/Y              -       B->Y   F     OR2_X8M_A9PP140ZTUL_C30           16 35.7    14    17     162    (-,-) 
  b2u_8to255_quad_2/g12473/Y              -       B->Y   R     NOR2_X2TA_A9PP140ZTUL_C30          2  4.2    12     9     171    (-,-) 
  b2u_8to255_quad_2/sub_34_52_g14713/Y    -       B->Y   F     NOR2_X3A_A9PP140ZTUL_C30           2  4.9    10     8     178    (-,-) 
  b2u_8to255_quad_2/sub_34_52_g14660/Y    -       C->Y   R     NAND3BB_X4M_A9PP140ZTUL_C30        4  7.8    13    10     188    (-,-) 
  b2u_8to255_quad_2/sub_34_52_g14556/Y    -       A->Y   F     NOR2_X4TA_A9PP140ZTUL_C30          2  6.6    10     7     195    (-,-) 
  b2u_8to255_quad_2/sub_34_52_g14476/Y    -       C->Y   R     NAND3BB_X6M_A9PP140ZTL_C30         1  5.4     9     7     202    (-,-) 
  b2u_8to255_quad_2/sub_34_52_g15042/Y    -       C->Y   F     NOR3BB_X8M_A9PP140ZTUL_C30         2  8.7    12     9     211    (-,-) 
  b2u_8to255_quad_2/sub_34_52_g14384/Y    -       A->Y   R     INV_X5M_A9PP140ZTL_C30             1  4.9     7     6     217    (-,-) 
  b2u_8to255_quad_2/sub_34_52_g14145/Y    -       B->Y   F     NOR2_X6A_A9PP140ZTUL_C30           2 10.5    10     7     224    (-,-) 
  b2u_8to255_quad_2/sub_34_52_g14040/Y    -       C->Y   R     NAND3BB_X8M_A9PP140ZTUL_C30        3 11.1    11     8     232    (-,-) 
  b2u_8to255_quad_2/sub_34_52_fopt15109/Y -       A->Y   R     BUF_X7P5M_A9PP140ZTUL_C30         17 31.8    14    15     247    (-,-) 
  b2u_8to255_quad_2/sub_34_52_g13845/Y    -       A->Y   F     NOR2_X2A_A9PP140ZTUL_C30           2  3.9    12     8     255    (-,-) 
  b2u_8to255_quad_2/sub_34_52_g13771/Y    -       A->Y   R     INV_X1P4M_A9PP140ZTUL_C30          1  2.0     8     6     261    (-,-) 
  b2u_8to255_quad_2/sub_34_52_g13530/Y    -       B0->Y  F     OAI2XB1_X1P4M_A9PP140ZTUL_C30      1  1.7    11     7     268    (-,-) 
  b2u_8to255_quad_2/qOut_pipe_reg[90]/D   -       -      F     SDFFRPQH_X1M_A9PP140ZTUL_C30       1    -     -     0     268    (-,-) 
#-------------------------------------------------------------------------------------------------------------------------------------



Path 20: MET (54 ps) Setup Check with Pin b2u_8to255_quad_2/qOut_pipe_reg[86]/CK->D
           View: fast-fast-minrc
          Group: clk
     Startpoint: (R) im_pipe_1_reg[3]/CK
          Clock: (R) clk
       Endpoint: (F) b2u_8to255_quad_2/qOut_pipe_reg[86]/D
          Clock: (R) clk

                     Capture       Launch     
        Clock Edge:+     278            0     
       Src Latency:+       0            0     
       Net Latency:+     100 (I)      100 (I) 
           Arrival:=     378          100     
                                              
             Setup:-      -4                  
       Uncertainty:-      60                  
     Required Time:=     322                  
      Launch Clock:-     100                  
         Data Path:-     168                  
             Slack:=      54                  

#-------------------------------------------------------------------------------------------------------------------------------------
#              Timing Point               Flags    Arc   Edge             Cell               Fanout Load Trans Delay Arrival Instance 
#                                                                                                   (fF)  (ps)  (ps)   (ps)  Location 
#-------------------------------------------------------------------------------------------------------------------------------------
  im_pipe_1_reg[3]/CK                     -       -      R     (arrival)                       4172    -    25     0     100    (-,-) 
  im_pipe_1_reg[3]/QN                     -       CK->QN F     SDFFXRPQN_X2M_A9PP140ZTUL_C30      1  3.4    10    20     120    (-,-) 
  g212/Y                                  -       A->Y   R     INV_X4B_A9PP140ZTUL_C30            4  9.5    10     7     127    (-,-) 
  b2u_8to255_quad_2/g13151/Y              -       A->Y   R     BUFH_X6M_A9PP140ZTUL_C30           2 10.1     7     9     136    (-,-) 
  b2u_8to255_quad_2/g13097/Y              -       A->Y   F     NAND2_X6A_A9PP140ZTUL_C30          4 16.2    15     9     145    (-,-) 
  b2u_8to255_quad_2/g12996/Y              -       B->Y   F     OR2_X8M_A9PP140ZTUL_C30           16 35.7    14    17     162    (-,-) 
  b2u_8to255_quad_2/g12473/Y              -       B->Y   R     NOR2_X2TA_A9PP140ZTUL_C30          2  4.2    12     9     171    (-,-) 
  b2u_8to255_quad_2/sub_34_52_g14713/Y    -       B->Y   F     NOR2_X3A_A9PP140ZTUL_C30           2  4.9    10     8     178    (-,-) 
  b2u_8to255_quad_2/sub_34_52_g14660/Y    -       C->Y   R     NAND3BB_X4M_A9PP140ZTUL_C30        4  7.8    13    10     188    (-,-) 
  b2u_8to255_quad_2/sub_34_52_g14556/Y    -       A->Y   F     NOR2_X4TA_A9PP140ZTUL_C30          2  6.6    10     7     195    (-,-) 
  b2u_8to255_quad_2/sub_34_52_g14476/Y    -       C->Y   R     NAND3BB_X6M_A9PP140ZTL_C30         1  5.4     9     7     202    (-,-) 
  b2u_8to255_quad_2/sub_34_52_g15042/Y    -       C->Y   F     NOR3BB_X8M_A9PP140ZTUL_C30         2  8.7    12     9     211    (-,-) 
  b2u_8to255_quad_2/sub_34_52_g14384/Y    -       A->Y   R     INV_X5M_A9PP140ZTL_C30             1  4.9     7     6     217    (-,-) 
  b2u_8to255_quad_2/sub_34_52_g14145/Y    -       B->Y   F     NOR2_X6A_A9PP140ZTUL_C30           2 10.5    10     7     224    (-,-) 
  b2u_8to255_quad_2/sub_34_52_g14040/Y    -       C->Y   R     NAND3BB_X8M_A9PP140ZTUL_C30        3 11.1    11     8     232    (-,-) 
  b2u_8to255_quad_2/sub_34_52_fopt15108/Y -       A->Y   R     BUF_X16M_A9PP140ZTUL_C30          32 58.3    13    14     247    (-,-) 
  b2u_8to255_quad_2/sub_34_52_g13844/Y    -       A->Y   F     NOR2_X2A_A9PP140ZTUL_C30           2  4.1    13     8     254    (-,-) 
  b2u_8to255_quad_2/sub_34_52_g13770/Y    -       A->Y   R     INV_X1P4M_A9PP140ZTUL_C30          1  2.0     8     6     261    (-,-) 
  b2u_8to255_quad_2/sub_34_52_g13528/Y    -       B0->Y  F     OAI2XB1_X1P4M_A9PP140ZTUL_C30      1  1.7    11     7     268    (-,-) 
  b2u_8to255_quad_2/qOut_pipe_reg[86]/D   -       -      F     SDFFRPQH_X1M_A9PP140ZTUL_C30       1    -     -     0     268    (-,-) 
#-------------------------------------------------------------------------------------------------------------------------------------



Path 21: MET (54 ps) Setup Check with Pin b2u_8to255_quad_4/qOut_pipe_reg[93]/CK->D
           View: fast-fast-minrc
          Group: clk
     Startpoint: (R) im_pipe_3_reg[1]/CK
          Clock: (R) clk
       Endpoint: (F) b2u_8to255_quad_4/qOut_pipe_reg[93]/D
          Clock: (R) clk

                     Capture       Launch     
        Clock Edge:+     278            0     
       Src Latency:+       0            0     
       Net Latency:+     100 (I)      100 (I) 
           Arrival:=     378          100     
                                              
             Setup:-      -4                  
       Uncertainty:-      60                  
     Required Time:=     322                  
      Launch Clock:-     100                  
         Data Path:-     168                  
             Slack:=      54                  

#-----------------------------------------------------------------------------------------------------------------------------------
#             Timing Point              Flags    Arc   Edge             Cell               Fanout Load Trans Delay Arrival Instance 
#                                                                                                 (fF)  (ps)  (ps)   (ps)  Location 
#-----------------------------------------------------------------------------------------------------------------------------------
  im_pipe_3_reg[1]/CK                   -       -      R     (arrival)                       4172    -    25     0     100    (-,-) 
  im_pipe_3_reg[1]/QN                   -       CK->QN R     SDFFXRPQN_X2M_A9PP140ZTUL_C30      1  3.4    10    16     116    (-,-) 
  g169/Y                                -       A->Y   F     INV_X4B_A9PP140ZTUL_C30            7 19.4    23    15     131    (-,-) 
  b2u_8to255_quad_4/g13154/Y            -       A->Y   R     INV_X7P5M_A9PP140ZTL_C30           4 14.4    12     9     140    (-,-) 
  b2u_8to255_quad_4/g13065/Y            -       A->Y   F     NAND2_X8M_A9PP140ZTUL_C30          4 15.8    12     8     148    (-,-) 
  b2u_8to255_quad_4/g13031/Y            -       A->Y   F     OR2_X8M_A9PP140ZTUL_C30           16 32.3    13    15     163    (-,-) 
  b2u_8to255_quad_4/g12751/Y            -       A->Y   R     NOR2_X2TA_A9PP140ZTUL_C30          2  3.8    11     8     171    (-,-) 
  b2u_8to255_quad_4/sub_34_52_g14640/Y  -       C->Y   R     OR4_X4M_A9PP140ZTUL_C30            2  4.9    10    14     185    (-,-) 
  b2u_8to255_quad_4/sub_34_52_g14541/Y  -       C->Y   F     NOR3BB_X4M_A9PP140ZTUL_C30         1  3.7    11     8     193    (-,-) 
  b2u_8to255_quad_4/sub_34_52_g14467/Y  -       C->Y   R     NAND3BB_X4M_A9PP140ZTUL_C30        1  4.9    10     8     201    (-,-) 
  b2u_8to255_quad_4/sub_34_52_g14421/Y  -       B->Y   F     NOR2_X6A_A9PP140ZTUL_C30           2  8.3     9     7     208    (-,-) 
  b2u_8to255_quad_4/sub_34_52_g14395/Y  -       A->Y   R     INV_X3M_A9PP140ZTUL_C30            3  7.8    10     8     216    (-,-) 
  b2u_8to255_quad_4/sub_34_52_g14390/Y  -       A->Y   F     INV_X4M_A9PP140ZTUL_C30            8 13.9    11     8     224    (-,-) 
  b2u_8to255_quad_4/sub_34_52_g14389/Y  -       A->Y   F     BUFH_X2M_A9PP140ZTUL_C30           4  5.7     9    12     236    (-,-) 
  b2u_8to255_quad_4/sub_34_52_g14330/Y  -       C->Y   R     NAND3BB_X1M_A9PP140ZTUL_C30        1  2.4    14    10     246    (-,-) 
  b2u_8to255_quad_4/sub_34_52_g13984/Y  -       B->Y   F     NOR2_X2A_A9PP140ZTUL_C30           2  3.9    12     9     255    (-,-) 
  b2u_8to255_quad_4/sub_34_52_g13904/Y  -       A->Y   R     INV_X1P4M_A9PP140ZTUL_C30          1  2.0     7     6     261    (-,-) 
  b2u_8to255_quad_4/sub_34_52_g13636/Y  -       B0->Y  F     OAI2XB1_X1P4M_A9PP140ZTUL_C30      1  1.7    11     7     268    (-,-) 
  b2u_8to255_quad_4/qOut_pipe_reg[93]/D -       -      F     SDFFRPQH_X1M_A9PP140ZTUL_C30       1    -     -     0     268    (-,-) 
#-----------------------------------------------------------------------------------------------------------------------------------



Path 22: MET (54 ps) Setup Check with Pin b2u_8to255_quad_4/qOut_pipe_reg[79]/CK->D
           View: fast-fast-minrc
          Group: clk
     Startpoint: (R) im_pipe_3_reg[1]/CK
          Clock: (R) clk
       Endpoint: (F) b2u_8to255_quad_4/qOut_pipe_reg[79]/D
          Clock: (R) clk

                     Capture       Launch     
        Clock Edge:+     278            0     
       Src Latency:+       0            0     
       Net Latency:+     100 (I)      100 (I) 
           Arrival:=     378          100     
                                              
             Setup:-      -4                  
       Uncertainty:-      60                  
     Required Time:=     322                  
      Launch Clock:-     100                  
         Data Path:-     168                  
             Slack:=      54                  

#-----------------------------------------------------------------------------------------------------------------------------------
#             Timing Point              Flags    Arc   Edge             Cell               Fanout Load Trans Delay Arrival Instance 
#                                                                                                 (fF)  (ps)  (ps)   (ps)  Location 
#-----------------------------------------------------------------------------------------------------------------------------------
  im_pipe_3_reg[1]/CK                   -       -      R     (arrival)                       4172    -    25     0     100    (-,-) 
  im_pipe_3_reg[1]/QN                   -       CK->QN R     SDFFXRPQN_X2M_A9PP140ZTUL_C30      1  3.4    10    16     116    (-,-) 
  g169/Y                                -       A->Y   F     INV_X4B_A9PP140ZTUL_C30            7 19.4    23    15     131    (-,-) 
  b2u_8to255_quad_4/g13154/Y            -       A->Y   R     INV_X7P5M_A9PP140ZTL_C30           4 14.4    12     9     140    (-,-) 
  b2u_8to255_quad_4/g13065/Y            -       A->Y   F     NAND2_X8M_A9PP140ZTUL_C30          4 15.8    12     8     148    (-,-) 
  b2u_8to255_quad_4/g13031/Y            -       A->Y   F     OR2_X8M_A9PP140ZTUL_C30           16 32.3    13    15     163    (-,-) 
  b2u_8to255_quad_4/g12751/Y            -       A->Y   R     NOR2_X2TA_A9PP140ZTUL_C30          2  3.8    11     8     171    (-,-) 
  b2u_8to255_quad_4/sub_34_52_g14640/Y  -       C->Y   R     OR4_X4M_A9PP140ZTUL_C30            2  4.9    10    14     185    (-,-) 
  b2u_8to255_quad_4/sub_34_52_g14541/Y  -       C->Y   F     NOR3BB_X4M_A9PP140ZTUL_C30         1  3.7    11     8     193    (-,-) 
  b2u_8to255_quad_4/sub_34_52_g14467/Y  -       C->Y   R     NAND3BB_X4M_A9PP140ZTUL_C30        1  4.9    10     8     201    (-,-) 
  b2u_8to255_quad_4/sub_34_52_g14421/Y  -       B->Y   F     NOR2_X6A_A9PP140ZTUL_C30           2  8.3     9     7     208    (-,-) 
  b2u_8to255_quad_4/sub_34_52_g14395/Y  -       A->Y   R     INV_X3M_A9PP140ZTUL_C30            3  7.8    10     8     216    (-,-) 
  b2u_8to255_quad_4/sub_34_52_g14390/Y  -       A->Y   F     INV_X4M_A9PP140ZTUL_C30            8 13.9    11     8     224    (-,-) 
  b2u_8to255_quad_4/sub_34_52_g14388/Y  -       A->Y   R     INV_X3P5M_A9PP140ZTUL_C30          3  5.9     8     6     230    (-,-) 
  b2u_8to255_quad_4/sub_34_52_g14387/Y  -       A->Y   F     INV_X3P5M_A9PP140ZTUL_C30          4  6.4     7     5     235    (-,-) 
  b2u_8to255_quad_4/sub_34_52_g14326/Y  -       A->Y   R     NAND3XXB_X1P4M_A9PP140ZTL_C30      1  2.4    18    10     245    (-,-) 
  b2u_8to255_quad_4/sub_34_52_g13938/Y  -       B->Y   F     NOR2_X2A_A9PP140ZTUL_C30           2  4.1    13     9     254    (-,-) 
  b2u_8to255_quad_4/sub_34_52_g13880/Y  -       A->Y   R     INV_X1P4M_A9PP140ZTUL_C30          1  2.0     8     6     260    (-,-) 
  b2u_8to255_quad_4/sub_34_52_g13627/Y  -       B0->Y  F     OAI2XB1_X1P4M_A9PP140ZTUL_C30      1  1.7    11     7     268    (-,-) 
  b2u_8to255_quad_4/qOut_pipe_reg[79]/D -       -      F     SDFFRPQH_X1M_A9PP140ZTUL_C30       1    -     -     0     268    (-,-) 
#-----------------------------------------------------------------------------------------------------------------------------------



Path 23: MET (54 ps) Setup Check with Pin b2u_8to255_quad_2/qOut_pipe_reg[117]/CK->D
           View: fast-fast-minrc
          Group: clk
     Startpoint: (R) im_pipe_1_reg[3]/CK
          Clock: (R) clk
       Endpoint: (F) b2u_8to255_quad_2/qOut_pipe_reg[117]/D
          Clock: (R) clk

                     Capture       Launch     
        Clock Edge:+     278            0     
       Src Latency:+       0            0     
       Net Latency:+     100 (I)      100 (I) 
           Arrival:=     378          100     
                                              
             Setup:-      -4                  
       Uncertainty:-      60                  
     Required Time:=     322                  
      Launch Clock:-     100                  
         Data Path:-     168                  
             Slack:=      54                  

#-------------------------------------------------------------------------------------------------------------------------------------
#              Timing Point               Flags    Arc   Edge             Cell               Fanout Load Trans Delay Arrival Instance 
#                                                                                                   (fF)  (ps)  (ps)   (ps)  Location 
#-------------------------------------------------------------------------------------------------------------------------------------
  im_pipe_1_reg[3]/CK                     -       -      R     (arrival)                       4172    -    25     0     100    (-,-) 
  im_pipe_1_reg[3]/QN                     -       CK->QN F     SDFFXRPQN_X2M_A9PP140ZTUL_C30      1  3.4    10    20     120    (-,-) 
  g212/Y                                  -       A->Y   R     INV_X4B_A9PP140ZTUL_C30            4  9.5    10     7     127    (-,-) 
  b2u_8to255_quad_2/g13151/Y              -       A->Y   R     BUFH_X6M_A9PP140ZTUL_C30           2 10.1     7     9     136    (-,-) 
  b2u_8to255_quad_2/g13097/Y              -       A->Y   F     NAND2_X6A_A9PP140ZTUL_C30          4 16.2    15     9     145    (-,-) 
  b2u_8to255_quad_2/g12996/Y              -       B->Y   F     OR2_X8M_A9PP140ZTUL_C30           16 35.7    14    17     162    (-,-) 
  b2u_8to255_quad_2/g12473/Y              -       B->Y   R     NOR2_X2TA_A9PP140ZTUL_C30          2  4.2    12     9     171    (-,-) 
  b2u_8to255_quad_2/sub_34_52_g14713/Y    -       B->Y   F     NOR2_X3A_A9PP140ZTUL_C30           2  4.9    10     8     178    (-,-) 
  b2u_8to255_quad_2/sub_34_52_g14660/Y    -       C->Y   R     NAND3BB_X4M_A9PP140ZTUL_C30        4  7.8    13    10     188    (-,-) 
  b2u_8to255_quad_2/sub_34_52_g14556/Y    -       A->Y   F     NOR2_X4TA_A9PP140ZTUL_C30          2  6.6    10     7     195    (-,-) 
  b2u_8to255_quad_2/sub_34_52_g14476/Y    -       C->Y   R     NAND3BB_X6M_A9PP140ZTL_C30         1  5.4     9     7     202    (-,-) 
  b2u_8to255_quad_2/sub_34_52_g15042/Y    -       C->Y   F     NOR3BB_X8M_A9PP140ZTUL_C30         2  8.7    12     9     211    (-,-) 
  b2u_8to255_quad_2/sub_34_52_g14384/Y    -       A->Y   R     INV_X5M_A9PP140ZTL_C30             1  4.9     7     6     217    (-,-) 
  b2u_8to255_quad_2/sub_34_52_g14145/Y    -       B->Y   F     NOR2_X6A_A9PP140ZTUL_C30           2 10.5    10     7     224    (-,-) 
  b2u_8to255_quad_2/sub_34_52_g14040/Y    -       C->Y   R     NAND3BB_X8M_A9PP140ZTUL_C30        3 11.1    11     8     232    (-,-) 
  b2u_8to255_quad_2/sub_34_52_fopt15108/Y -       A->Y   R     BUF_X16M_A9PP140ZTUL_C30          32 58.3    13    14     247    (-,-) 
  b2u_8to255_quad_2/sub_34_52_g13978/Y    -       A->Y   F     NOR2_X2TA_A9PP140ZTUL_C30          2  4.1    13     8     254    (-,-) 
  b2u_8to255_quad_2/sub_34_52_g13898/Y    -       A->Y   R     INV_X1P4M_A9PP140ZTUL_C30          1  2.0     8     6     260    (-,-) 
  b2u_8to255_quad_2/sub_34_52_g13582/Y    -       B0->Y  F     OAI2XB1_X1P4M_A9PP140ZTUL_C30      1  1.7    11     7     268    (-,-) 
  b2u_8to255_quad_2/qOut_pipe_reg[117]/D  -       -      F     SDFFRPQH_X1M_A9PP140ZTUL_C30       1    -     -     0     268    (-,-) 
#-------------------------------------------------------------------------------------------------------------------------------------



Path 24: MET (54 ps) Setup Check with Pin b2u_8to255_quad_2/qOut_pipe_reg[109]/CK->D
           View: fast-fast-minrc
          Group: clk
     Startpoint: (R) im_pipe_1_reg[3]/CK
          Clock: (R) clk
       Endpoint: (F) b2u_8to255_quad_2/qOut_pipe_reg[109]/D
          Clock: (R) clk

                     Capture       Launch     
        Clock Edge:+     278            0     
       Src Latency:+       0            0     
       Net Latency:+     100 (I)      100 (I) 
           Arrival:=     378          100     
                                              
             Setup:-      -4                  
       Uncertainty:-      60                  
     Required Time:=     322                  
      Launch Clock:-     100                  
         Data Path:-     168                  
             Slack:=      54                  

#-------------------------------------------------------------------------------------------------------------------------------------
#              Timing Point               Flags    Arc   Edge             Cell               Fanout Load Trans Delay Arrival Instance 
#                                                                                                   (fF)  (ps)  (ps)   (ps)  Location 
#-------------------------------------------------------------------------------------------------------------------------------------
  im_pipe_1_reg[3]/CK                     -       -      R     (arrival)                       4172    -    25     0     100    (-,-) 
  im_pipe_1_reg[3]/QN                     -       CK->QN F     SDFFXRPQN_X2M_A9PP140ZTUL_C30      1  3.4    10    20     120    (-,-) 
  g212/Y                                  -       A->Y   R     INV_X4B_A9PP140ZTUL_C30            4  9.5    10     7     127    (-,-) 
  b2u_8to255_quad_2/g13151/Y              -       A->Y   R     BUFH_X6M_A9PP140ZTUL_C30           2 10.1     7     9     136    (-,-) 
  b2u_8to255_quad_2/g13097/Y              -       A->Y   F     NAND2_X6A_A9PP140ZTUL_C30          4 16.2    15     9     145    (-,-) 
  b2u_8to255_quad_2/g12996/Y              -       B->Y   F     OR2_X8M_A9PP140ZTUL_C30           16 35.7    14    17     162    (-,-) 
  b2u_8to255_quad_2/g12473/Y              -       B->Y   R     NOR2_X2TA_A9PP140ZTUL_C30          2  4.2    12     9     171    (-,-) 
  b2u_8to255_quad_2/sub_34_52_g14713/Y    -       B->Y   F     NOR2_X3A_A9PP140ZTUL_C30           2  4.9    10     8     178    (-,-) 
  b2u_8to255_quad_2/sub_34_52_g14660/Y    -       C->Y   R     NAND3BB_X4M_A9PP140ZTUL_C30        4  7.8    13    10     188    (-,-) 
  b2u_8to255_quad_2/sub_34_52_g14556/Y    -       A->Y   F     NOR2_X4TA_A9PP140ZTUL_C30          2  6.6    10     7     195    (-,-) 
  b2u_8to255_quad_2/sub_34_52_g14476/Y    -       C->Y   R     NAND3BB_X6M_A9PP140ZTL_C30         1  5.4     9     7     202    (-,-) 
  b2u_8to255_quad_2/sub_34_52_g15042/Y    -       C->Y   F     NOR3BB_X8M_A9PP140ZTUL_C30         2  8.7    12     9     211    (-,-) 
  b2u_8to255_quad_2/sub_34_52_g14384/Y    -       A->Y   R     INV_X5M_A9PP140ZTL_C30             1  4.9     7     6     217    (-,-) 
  b2u_8to255_quad_2/sub_34_52_g14145/Y    -       B->Y   F     NOR2_X6A_A9PP140ZTUL_C30           2 10.5    10     7     224    (-,-) 
  b2u_8to255_quad_2/sub_34_52_g14040/Y    -       C->Y   R     NAND3BB_X8M_A9PP140ZTUL_C30        3 11.1    11     8     232    (-,-) 
  b2u_8to255_quad_2/sub_34_52_fopt15109/Y -       A->Y   R     BUF_X7P5M_A9PP140ZTUL_C30         17 31.8    14    15     247    (-,-) 
  b2u_8to255_quad_2/sub_34_52_g13977/Y    -       A->Y   F     NOR2_X2TA_A9PP140ZTUL_C30          2  3.9    13     8     254    (-,-) 
  b2u_8to255_quad_2/sub_34_52_g13897/Y    -       A->Y   R     INV_X1P4M_A9PP140ZTUL_C30          1  2.0     8     6     261    (-,-) 
  b2u_8to255_quad_2/sub_34_52_g13639/Y    -       B0->Y  F     OAI2XB1_X1P4M_A9PP140ZTUL_C30      1  1.7    10     7     268    (-,-) 
  b2u_8to255_quad_2/qOut_pipe_reg[109]/D  -       -      F     SDFFRPQH_X1M_A9PP140ZTUL_C30       1    -     -     0     268    (-,-) 
#-------------------------------------------------------------------------------------------------------------------------------------



Path 25: MET (54 ps) Setup Check with Pin b2u_8to255_quad_2/qOut_pipe_reg[92]/CK->D
           View: fast-fast-minrc
          Group: clk
     Startpoint: (R) im_pipe_1_reg[3]/CK
          Clock: (R) clk
       Endpoint: (F) b2u_8to255_quad_2/qOut_pipe_reg[92]/D
          Clock: (R) clk

                     Capture       Launch     
        Clock Edge:+     278            0     
       Src Latency:+       0            0     
       Net Latency:+     100 (I)      100 (I) 
           Arrival:=     378          100     
                                              
             Setup:-      -4                  
       Uncertainty:-      60                  
     Required Time:=     322                  
      Launch Clock:-     100                  
         Data Path:-     168                  
             Slack:=      54                  

#-------------------------------------------------------------------------------------------------------------------------------------
#              Timing Point               Flags    Arc   Edge             Cell               Fanout Load Trans Delay Arrival Instance 
#                                                                                                   (fF)  (ps)  (ps)   (ps)  Location 
#-------------------------------------------------------------------------------------------------------------------------------------
  im_pipe_1_reg[3]/CK                     -       -      R     (arrival)                       4172    -    25     0     100    (-,-) 
  im_pipe_1_reg[3]/QN                     -       CK->QN F     SDFFXRPQN_X2M_A9PP140ZTUL_C30      1  3.4    10    20     120    (-,-) 
  g212/Y                                  -       A->Y   R     INV_X4B_A9PP140ZTUL_C30            4  9.5    10     7     127    (-,-) 
  b2u_8to255_quad_2/g13151/Y              -       A->Y   R     BUFH_X6M_A9PP140ZTUL_C30           2 10.1     7     9     136    (-,-) 
  b2u_8to255_quad_2/g13097/Y              -       A->Y   F     NAND2_X6A_A9PP140ZTUL_C30          4 16.2    15     9     145    (-,-) 
  b2u_8to255_quad_2/g12996/Y              -       B->Y   F     OR2_X8M_A9PP140ZTUL_C30           16 35.7    14    17     162    (-,-) 
  b2u_8to255_quad_2/g12473/Y              -       B->Y   R     NOR2_X2TA_A9PP140ZTUL_C30          2  4.2    12     9     171    (-,-) 
  b2u_8to255_quad_2/sub_34_52_g14713/Y    -       B->Y   F     NOR2_X3A_A9PP140ZTUL_C30           2  4.9    10     8     178    (-,-) 
  b2u_8to255_quad_2/sub_34_52_g14660/Y    -       C->Y   R     NAND3BB_X4M_A9PP140ZTUL_C30        4  7.8    13    10     188    (-,-) 
  b2u_8to255_quad_2/sub_34_52_g14556/Y    -       A->Y   F     NOR2_X4TA_A9PP140ZTUL_C30          2  6.6    10     7     195    (-,-) 
  b2u_8to255_quad_2/sub_34_52_g14476/Y    -       C->Y   R     NAND3BB_X6M_A9PP140ZTL_C30         1  5.4     9     7     202    (-,-) 
  b2u_8to255_quad_2/sub_34_52_g15042/Y    -       C->Y   F     NOR3BB_X8M_A9PP140ZTUL_C30         2  8.7    12     9     211    (-,-) 
  b2u_8to255_quad_2/sub_34_52_g14384/Y    -       A->Y   R     INV_X5M_A9PP140ZTL_C30             1  4.9     7     6     217    (-,-) 
  b2u_8to255_quad_2/sub_34_52_g14145/Y    -       B->Y   F     NOR2_X6A_A9PP140ZTUL_C30           2 10.5    10     7     224    (-,-) 
  b2u_8to255_quad_2/sub_34_52_g14040/Y    -       C->Y   R     NAND3BB_X8M_A9PP140ZTUL_C30        3 11.1    11     8     232    (-,-) 
  b2u_8to255_quad_2/sub_34_52_fopt15109/Y -       A->Y   R     BUF_X7P5M_A9PP140ZTUL_C30         17 31.8    14    15     247    (-,-) 
  b2u_8to255_quad_2/sub_34_52_g13983/Y    -       A->Y   F     NOR2_X2A_A9PP140ZTUL_C30           2  3.9    12     8     255    (-,-) 
  b2u_8to255_quad_2/sub_34_52_g13903/Y    -       A->Y   R     INV_X1P4M_A9PP140ZTUL_C30          1  2.0     8     6     261    (-,-) 
  b2u_8to255_quad_2/sub_34_52_g13635/Y    -       B0->Y  F     OAI2XB1_X1P4M_A9PP140ZTUL_C30      1  1.7    10     7     268    (-,-) 
  b2u_8to255_quad_2/qOut_pipe_reg[92]/D   -       -      F     SDFFRPQH_X1M_A9PP140ZTUL_C30       1    -     -     0     268    (-,-) 
#-------------------------------------------------------------------------------------------------------------------------------------



Path 26: MET (54 ps) Setup Check with Pin b2u_8to255_quad_2/qOut_pipe_reg[91]/CK->D
           View: fast-fast-minrc
          Group: clk
     Startpoint: (R) im_pipe_1_reg[3]/CK
          Clock: (R) clk
       Endpoint: (F) b2u_8to255_quad_2/qOut_pipe_reg[91]/D
          Clock: (R) clk

                     Capture       Launch     
        Clock Edge:+     278            0     
       Src Latency:+       0            0     
       Net Latency:+     100 (I)      100 (I) 
           Arrival:=     378          100     
                                              
             Setup:-      -4                  
       Uncertainty:-      60                  
     Required Time:=     322                  
      Launch Clock:-     100                  
         Data Path:-     168                  
             Slack:=      54                  

#-------------------------------------------------------------------------------------------------------------------------------------
#              Timing Point               Flags    Arc   Edge             Cell               Fanout Load Trans Delay Arrival Instance 
#                                                                                                   (fF)  (ps)  (ps)   (ps)  Location 
#-------------------------------------------------------------------------------------------------------------------------------------
  im_pipe_1_reg[3]/CK                     -       -      R     (arrival)                       4172    -    25     0     100    (-,-) 
  im_pipe_1_reg[3]/QN                     -       CK->QN F     SDFFXRPQN_X2M_A9PP140ZTUL_C30      1  3.4    10    20     120    (-,-) 
  g212/Y                                  -       A->Y   R     INV_X4B_A9PP140ZTUL_C30            4  9.5    10     7     127    (-,-) 
  b2u_8to255_quad_2/g13151/Y              -       A->Y   R     BUFH_X6M_A9PP140ZTUL_C30           2 10.1     7     9     136    (-,-) 
  b2u_8to255_quad_2/g13097/Y              -       A->Y   F     NAND2_X6A_A9PP140ZTUL_C30          4 16.2    15     9     145    (-,-) 
  b2u_8to255_quad_2/g12996/Y              -       B->Y   F     OR2_X8M_A9PP140ZTUL_C30           16 35.7    14    17     162    (-,-) 
  b2u_8to255_quad_2/g12473/Y              -       B->Y   R     NOR2_X2TA_A9PP140ZTUL_C30          2  4.2    12     9     171    (-,-) 
  b2u_8to255_quad_2/sub_34_52_g14713/Y    -       B->Y   F     NOR2_X3A_A9PP140ZTUL_C30           2  4.9    10     8     178    (-,-) 
  b2u_8to255_quad_2/sub_34_52_g14660/Y    -       C->Y   R     NAND3BB_X4M_A9PP140ZTUL_C30        4  7.8    13    10     188    (-,-) 
  b2u_8to255_quad_2/sub_34_52_g14556/Y    -       A->Y   F     NOR2_X4TA_A9PP140ZTUL_C30          2  6.6    10     7     195    (-,-) 
  b2u_8to255_quad_2/sub_34_52_g14476/Y    -       C->Y   R     NAND3BB_X6M_A9PP140ZTL_C30         1  5.4     9     7     202    (-,-) 
  b2u_8to255_quad_2/sub_34_52_g15042/Y    -       C->Y   F     NOR3BB_X8M_A9PP140ZTUL_C30         2  8.7    12     9     211    (-,-) 
  b2u_8to255_quad_2/sub_34_52_g14384/Y    -       A->Y   R     INV_X5M_A9PP140ZTL_C30             1  4.9     7     6     217    (-,-) 
  b2u_8to255_quad_2/sub_34_52_g14145/Y    -       B->Y   F     NOR2_X6A_A9PP140ZTUL_C30           2 10.5    10     7     224    (-,-) 
  b2u_8to255_quad_2/sub_34_52_g14040/Y    -       C->Y   R     NAND3BB_X8M_A9PP140ZTUL_C30        3 11.1    11     8     232    (-,-) 
  b2u_8to255_quad_2/sub_34_52_fopt15109/Y -       A->Y   R     BUF_X7P5M_A9PP140ZTUL_C30         17 31.8    14    15     247    (-,-) 
  b2u_8to255_quad_2/sub_34_52_g13943/Y    -       A->Y   F     NOR2_X2A_A9PP140ZTUL_C30           2  3.9    12     8     255    (-,-) 
  b2u_8to255_quad_2/sub_34_52_g13883/Y    -       A->Y   R     INV_X1P4M_A9PP140ZTUL_C30          1  2.0     8     6     261    (-,-) 
  b2u_8to255_quad_2/sub_34_52_g13634/Y    -       B0->Y  F     OAI2XB1_X1P4M_A9PP140ZTUL_C30      1  1.7    10     7     268    (-,-) 
  b2u_8to255_quad_2/qOut_pipe_reg[91]/D   -       -      F     SDFFRPQH_X1M_A9PP140ZTUL_C30       1    -     -     0     268    (-,-) 
#-------------------------------------------------------------------------------------------------------------------------------------



Path 27: MET (54 ps) Setup Check with Pin b2u_8to255_quad_3/qOut_pipe_reg[93]/CK->D
           View: fast-fast-minrc
          Group: clk
     Startpoint: (R) im_pipe_2_reg[0]/CK
          Clock: (R) clk
       Endpoint: (F) b2u_8to255_quad_3/qOut_pipe_reg[93]/D
          Clock: (R) clk

                     Capture       Launch     
        Clock Edge:+     278            0     
       Src Latency:+       0            0     
       Net Latency:+     100 (I)      100 (I) 
           Arrival:=     378          100     
                                              
             Setup:-      -4                  
       Uncertainty:-      60                  
     Required Time:=     322                  
      Launch Clock:-     100                  
         Data Path:-     168                  
             Slack:=      54                  

#-----------------------------------------------------------------------------------------------------------------------------------
#             Timing Point              Flags    Arc   Edge             Cell               Fanout Load Trans Delay Arrival Instance 
#                                                                                                 (fF)  (ps)  (ps)   (ps)  Location 
#-----------------------------------------------------------------------------------------------------------------------------------
  im_pipe_2_reg[0]/CK                   -       -      R     (arrival)                       4172    -    25     0     100    (-,-) 
  im_pipe_2_reg[0]/QN                   -       CK->QN F     SDFFXRPQN_X2M_A9PP140ZTUL_C30      1  3.4    10    20     120    (-,-) 
  g171/Y                                -       A->Y   R     INV_X4B_A9PP140ZTUL_C30            4  9.5    10     7     127    (-,-) 
  b2u_8to255_quad_3/g13109/Y            -       A->Y   R     BUFH_X6M_A9PP140ZTUL_C30           2 10.1     7     9     136    (-,-) 
  b2u_8to255_quad_3/g13074/Y            -       A->Y   F     NAND2_X6A_A9PP140ZTUL_C30          4 17.0    15     9     145    (-,-) 
  b2u_8to255_quad_3/g13053/Y            -       A->Y   R     INV_X7P5M_A9PP140ZTUL_C30          1  8.0     7     6     151    (-,-) 
  b2u_8to255_quad_3/g13002/Y            -       B->Y   F     NAND2_X11M_A9PP140ZTUL_C30        16 33.6    15    10     161    (-,-) 
  b2u_8to255_quad_3/g12923/Y            -       A->Y   R     NOR2_X3A_A9PP140ZTUL_C30           2  3.9    11     8     170    (-,-) 
  b2u_8to255_quad_3/sub_34_52_g14640/Y  -       D->Y   R     OR4_X4M_A9PP140ZTUL_C30            2  4.9    10    14     184    (-,-) 
  b2u_8to255_quad_3/sub_34_52_g14541/Y  -       C->Y   F     NOR3BB_X4M_A9PP140ZTUL_C30         1  3.7    11     8     192    (-,-) 
  b2u_8to255_quad_3/sub_34_52_g14467/Y  -       C->Y   R     NAND3BB_X4M_A9PP140ZTUL_C30        1  4.9    10     8     200    (-,-) 
  b2u_8to255_quad_3/sub_34_52_g14421/Y  -       B->Y   F     NOR2_X6A_A9PP140ZTUL_C30           2  8.7    10     7     208    (-,-) 
  b2u_8to255_quad_3/sub_34_52_g14395/Y  -       A->Y   R     INV_X3P5M_A9PP140ZTUL_C30          3  7.8     9     7     215    (-,-) 
  b2u_8to255_quad_3/sub_34_52_g14390/Y  -       A->Y   F     INV_X4M_A9PP140ZTUL_C30            8 14.1    11     8     223    (-,-) 
  b2u_8to255_quad_3/sub_34_52_g14389/Y  -       A->Y   F     BUFH_X2M_A9PP140ZTUL_C30           4  5.7     9    12     234    (-,-) 
  b2u_8to255_quad_3/sub_34_52_g14330/Y  -       C->Y   R     NAND3BB_X1M_A9PP140ZTUL_C30        1  3.2    17    12     246    (-,-) 
  b2u_8to255_quad_3/sub_34_52_g13984/Y  -       B->Y   F     NOR2_X2TA_A9PP140ZTUL_C30          2  4.1    12     8     255    (-,-) 
  b2u_8to255_quad_3/sub_34_52_g13904/Y  -       A->Y   R     INV_X1P4M_A9PP140ZTUL_C30          1  2.2     8     6     261    (-,-) 
  b2u_8to255_quad_3/sub_34_52_g13636/Y  -       B0->Y  F     OAI2XB1_X2M_A9PP140ZTUL_C30        1  1.7     9     6     268    (-,-) 
  b2u_8to255_quad_3/qOut_pipe_reg[93]/D -       -      F     SDFFRPQH_X1M_A9PP140ZTUL_C30       1    -     -     0     268    (-,-) 
#-----------------------------------------------------------------------------------------------------------------------------------



Path 28: MET (54 ps) Setup Check with Pin b2u_8to255_quad_2/qOut_pipe_reg[112]/CK->D
           View: fast-fast-minrc
          Group: clk
     Startpoint: (R) im_pipe_1_reg[3]/CK
          Clock: (R) clk
       Endpoint: (F) b2u_8to255_quad_2/qOut_pipe_reg[112]/D
          Clock: (R) clk

                     Capture       Launch     
        Clock Edge:+     278            0     
       Src Latency:+       0            0     
       Net Latency:+     100 (I)      100 (I) 
           Arrival:=     378          100     
                                              
             Setup:-      -4                  
       Uncertainty:-      60                  
     Required Time:=     322                  
      Launch Clock:-     100                  
         Data Path:-     168                  
             Slack:=      54                  

#-------------------------------------------------------------------------------------------------------------------------------------
#              Timing Point               Flags    Arc   Edge             Cell               Fanout Load Trans Delay Arrival Instance 
#                                                                                                   (fF)  (ps)  (ps)   (ps)  Location 
#-------------------------------------------------------------------------------------------------------------------------------------
  im_pipe_1_reg[3]/CK                     -       -      R     (arrival)                       4172    -    25     0     100    (-,-) 
  im_pipe_1_reg[3]/QN                     -       CK->QN F     SDFFXRPQN_X2M_A9PP140ZTUL_C30      1  3.4    10    20     120    (-,-) 
  g212/Y                                  -       A->Y   R     INV_X4B_A9PP140ZTUL_C30            4  9.5    10     7     127    (-,-) 
  b2u_8to255_quad_2/g13151/Y              -       A->Y   R     BUFH_X6M_A9PP140ZTUL_C30           2 10.1     7     9     136    (-,-) 
  b2u_8to255_quad_2/g13097/Y              -       A->Y   F     NAND2_X6A_A9PP140ZTUL_C30          4 16.2    15     9     145    (-,-) 
  b2u_8to255_quad_2/g12996/Y              -       B->Y   F     OR2_X8M_A9PP140ZTUL_C30           16 35.7    14    17     162    (-,-) 
  b2u_8to255_quad_2/g12473/Y              -       B->Y   R     NOR2_X2TA_A9PP140ZTUL_C30          2  4.2    12     9     171    (-,-) 
  b2u_8to255_quad_2/sub_34_52_g14713/Y    -       B->Y   F     NOR2_X3A_A9PP140ZTUL_C30           2  4.9    10     8     178    (-,-) 
  b2u_8to255_quad_2/sub_34_52_g14660/Y    -       C->Y   R     NAND3BB_X4M_A9PP140ZTUL_C30        4  7.8    13    10     188    (-,-) 
  b2u_8to255_quad_2/sub_34_52_g14556/Y    -       A->Y   F     NOR2_X4TA_A9PP140ZTUL_C30          2  6.6    10     7     195    (-,-) 
  b2u_8to255_quad_2/sub_34_52_g14476/Y    -       C->Y   R     NAND3BB_X6M_A9PP140ZTL_C30         1  5.4     9     7     202    (-,-) 
  b2u_8to255_quad_2/sub_34_52_g15042/Y    -       C->Y   F     NOR3BB_X8M_A9PP140ZTUL_C30         2  8.7    12     9     211    (-,-) 
  b2u_8to255_quad_2/sub_34_52_g14384/Y    -       A->Y   R     INV_X5M_A9PP140ZTL_C30             1  4.9     7     6     217    (-,-) 
  b2u_8to255_quad_2/sub_34_52_g14145/Y    -       B->Y   F     NOR2_X6A_A9PP140ZTUL_C30           2 10.5    10     7     224    (-,-) 
  b2u_8to255_quad_2/sub_34_52_g14040/Y    -       C->Y   R     NAND3BB_X8M_A9PP140ZTUL_C30        3 11.1    11     8     232    (-,-) 
  b2u_8to255_quad_2/sub_34_52_fopt15108/Y -       A->Y   R     BUF_X16M_A9PP140ZTUL_C30          32 58.3    13    14     247    (-,-) 
  b2u_8to255_quad_2/sub_34_52_g13812/Y    -       A->Y   F     NOR2_X2TA_A9PP140ZTUL_C30          2  4.1    13     8     254    (-,-) 
  b2u_8to255_quad_2/sub_34_52_g13748/Y    -       A->Y   R     INV_X1P4M_A9PP140ZTUL_C30          1  2.0     8     6     260    (-,-) 
  b2u_8to255_quad_2/sub_34_52_g13557/Y    -       B0->Y  F     OAI2XB1_X1P4M_A9PP140ZTUL_C30      1  1.7    11     7     268    (-,-) 
  b2u_8to255_quad_2/qOut_pipe_reg[112]/D  -       -      F     SDFFRPQH_X1M_A9PP140ZTUL_C30       1    -     -     0     268    (-,-) 
#-------------------------------------------------------------------------------------------------------------------------------------



Path 29: MET (54 ps) Setup Check with Pin b2u_8to255_quad_1/qOut_pipe_reg[97]/CK->D
           View: fast-fast-minrc
          Group: clk
     Startpoint: (R) im_pipe_0_reg[4]/CK
          Clock: (R) clk
       Endpoint: (R) b2u_8to255_quad_1/qOut_pipe_reg[97]/D
          Clock: (R) clk

                     Capture       Launch     
        Clock Edge:+     278            0     
       Src Latency:+       0            0     
       Net Latency:+     100 (I)      100 (I) 
           Arrival:=     378          100     
                                              
             Setup:-      -2                  
       Uncertainty:-      60                  
     Required Time:=     320                  
      Launch Clock:-     100                  
         Data Path:-     166                  
             Slack:=      54                  

#-----------------------------------------------------------------------------------------------------------------------------------
#             Timing Point              Flags    Arc   Edge             Cell               Fanout Load Trans Delay Arrival Instance 
#                                                                                                 (fF)  (ps)  (ps)   (ps)  Location 
#-----------------------------------------------------------------------------------------------------------------------------------
  im_pipe_0_reg[4]/CK                   -       -      R     (arrival)                       4172    -    25     0     100    (-,-) 
  im_pipe_0_reg[4]/QN                   -       CK->QN R     SDFFXRPQN_X2M_A9PP140ZTUL_C30      1  3.4    10    16     116    (-,-) 
  g173/Y                                -       A->Y   F     INV_X4B_A9PP140ZTUL_C30            4 10.8    14    10     126    (-,-) 
  b2u_8to255_quad_1/g13119/Y            -       A->Y   R     INV_X6M_A9PP140ZTUL_C30            5 19.9    13    10     136    (-,-) 
  b2u_8to255_quad_1/g13066__4319/Y      -       A->Y   F     NAND2_X6M_A9PP140ZTUL_C30          4 15.8    15    10     145    (-,-) 
  b2u_8to255_quad_1/g13016__1881/Y      -       A->Y   F     OR2_X8M_A9PP140ZTUL_C30           16 34.8    14    16     161    (-,-) 
  b2u_8to255_quad_1/g12512__1666/Y      -       A->Y   R     NOR2_X3A_A9PP140ZTUL_C30           3  5.8    13    10     171    (-,-) 
  b2u_8to255_quad_1/sub_34_52_g14717/Y  -       A->Y   F     NOR2_X3M_A9PP140ZTUL_C30           2  3.7    11     8     178    (-,-) 
  b2u_8to255_quad_1/sub_34_52_g14672/Y  -       A->Y   F     BUF_X1P7M_A9PP140ZTUL_C30          1  3.6     8    12     190    (-,-) 
  b2u_8to255_quad_1/sub_34_52_g14574/Y  -       A->Y   R     NAND2_X4M_A9PP140ZTUL_C30          1  4.9    10     7     197    (-,-) 
  b2u_8to255_quad_1/sub_34_52_g14560/Y  -       A->Y   F     NOR2_X6A_A9PP140ZTUL_C30           7 12.3    11     8     205    (-,-) 
  b2u_8to255_quad_1/sub_34_52_g14383/Y  -       C->Y   R     NAND3BB_X4M_A9PP140ZTUL_C30        7 15.2    20    14     219    (-,-) 
  b2u_8to255_quad_1/sub_34_52_g14358/Y  -       A->Y   F     INV_X7P5M_A9PP140ZTUL_C30          7 11.1     9     6     225    (-,-) 
  b2u_8to255_quad_1/sub_34_52_g14310/Y  -       A->Y   R     NAND2_X2M_A9PP140ZTUL_C30          2  4.8    16    10     235    (-,-) 
  b2u_8to255_quad_1/sub_34_52_g14207/Y  -       C->Y   F     NOR3BB_X1P4M_A9PP140ZTUL_C30       1  2.4    12     8     243    (-,-) 
  b2u_8to255_quad_1/sub_34_52_g13953/Y  -       B->Y   R     NAND2_X2M_A9PP140ZTUL_C30          2  3.1    12    10     253    (-,-) 
  b2u_8to255_quad_1/sub_34_52_g14987/Y  -       A0->Y  R     AO21B_X1M_A9PP140ZTUL_C30          1  1.7    10    13     266    (-,-) 
  b2u_8to255_quad_1/qOut_pipe_reg[97]/D -       -      R     SDFFRPQH_X1M_A9PP140ZTL_C30        1    -     -     0     266    (-,-) 
#-----------------------------------------------------------------------------------------------------------------------------------



Path 30: MET (54 ps) Setup Check with Pin b2u_8to255_quad_1/qOut_pipe_reg[87]/CK->D
           View: fast-fast-minrc
          Group: clk
     Startpoint: (R) im_pipe_0_reg[4]/CK
          Clock: (R) clk
       Endpoint: (F) b2u_8to255_quad_1/qOut_pipe_reg[87]/D
          Clock: (R) clk

                     Capture       Launch     
        Clock Edge:+     278            0     
       Src Latency:+       0            0     
       Net Latency:+     100 (I)      100 (I) 
           Arrival:=     378          100     
                                              
             Setup:-      -4                  
       Uncertainty:-      60                  
     Required Time:=     322                  
      Launch Clock:-     100                  
         Data Path:-     168                  
             Slack:=      54                  

#-----------------------------------------------------------------------------------------------------------------------------------
#             Timing Point              Flags    Arc   Edge             Cell               Fanout Load Trans Delay Arrival Instance 
#                                                                                                 (fF)  (ps)  (ps)   (ps)  Location 
#-----------------------------------------------------------------------------------------------------------------------------------
  im_pipe_0_reg[4]/CK                   -       -      R     (arrival)                       4172    -    25     0     100    (-,-) 
  im_pipe_0_reg[4]/QN                   -       CK->QN R     SDFFXRPQN_X2M_A9PP140ZTUL_C30      1  3.4    10    16     116    (-,-) 
  g173/Y                                -       A->Y   F     INV_X4B_A9PP140ZTUL_C30            4 10.8    14    10     126    (-,-) 
  b2u_8to255_quad_1/g13119/Y            -       A->Y   R     INV_X6M_A9PP140ZTUL_C30            5 19.9    13    10     136    (-,-) 
  b2u_8to255_quad_1/g13066__4319/Y      -       A->Y   F     NAND2_X6M_A9PP140ZTUL_C30          4 15.8    15    10     145    (-,-) 
  b2u_8to255_quad_1/g13016__1881/Y      -       A->Y   F     OR2_X8M_A9PP140ZTUL_C30           16 34.8    14    16     161    (-,-) 
  b2u_8to255_quad_1/g12746__6783/Y      -       A->Y   R     NOR2_X2A_A9PP140ZTUL_C30           2  4.3    14    10     171    (-,-) 
  b2u_8to255_quad_1/sub_34_52_g14738/Y  -       B->Y   F     NOR2_X3A_A9PP140ZTUL_C30           2  3.7    10     7     178    (-,-) 
  b2u_8to255_quad_1/sub_34_52_g14582/Y  -       B->Y   R     NAND2_X2M_A9PP140ZTUL_C30          1  2.6    11     9     187    (-,-) 
  b2u_8to255_quad_1/sub_34_52_g14475/Y  -       D->Y   R     OR4_X4M_A9PP140ZTUL_C30            1  4.9    10    14     201    (-,-) 
  b2u_8to255_quad_1/sub_34_52_g14421/Y  -       A->Y   F     NOR2_X6A_A9PP140ZTUL_C30           2  8.7    10     6     208    (-,-) 
  b2u_8to255_quad_1/sub_34_52_g14395/Y  -       A->Y   R     INV_X3P5M_A9PP140ZTUL_C30          3  7.8     9     7     215    (-,-) 
  b2u_8to255_quad_1/sub_34_52_g14390/Y  -       A->Y   F     INV_X4M_A9PP140ZTUL_C30            8 14.4    11     8     223    (-,-) 
  b2u_8to255_quad_1/sub_34_52_g14388/Y  -       A->Y   R     INV_X3P5M_A9PP140ZTUL_C30          3  6.5     8     7     229    (-,-) 
  b2u_8to255_quad_1/sub_34_52_g14387/Y  -       A->Y   F     INV_X3P5M_A9PP140ZTUL_C30          4  6.1     7     5     234    (-,-) 
  b2u_8to255_quad_1/sub_34_52_g14329/Y  -       A->Y   R     NAND3XXB_X1M_A9PP140ZTUL_C30       1  2.4    20    12     246    (-,-) 
  b2u_8to255_quad_1/sub_34_52_g13941/Y  -       A->Y   F     NOR2_X2TA_A9PP140ZTUL_C30          2  3.9    12     8     254    (-,-) 
  b2u_8to255_quad_1/sub_34_52_g13882/Y  -       A->Y   R     INV_X1P4M_A9PP140ZTUL_C30          1  2.0     8     6     261    (-,-) 
  b2u_8to255_quad_1/sub_34_52_g13632/Y  -       B0->Y  F     OAI2XB1_X1P4M_A9PP140ZTUL_C30      1  1.7    10     7     268    (-,-) 
  b2u_8to255_quad_1/qOut_pipe_reg[87]/D -       -      F     SDFFRPQH_X1M_A9PP140ZTUL_C30       1    -     -     0     268    (-,-) 
#-----------------------------------------------------------------------------------------------------------------------------------



Path 31: MET (54 ps) Setup Check with Pin b2u_8to255_quad_4/qOut_pipe_reg[141]/CK->D
           View: fast-fast-minrc
          Group: clk
     Startpoint: (R) im_pipe_3_reg[1]/CK
          Clock: (R) clk
       Endpoint: (R) b2u_8to255_quad_4/qOut_pipe_reg[141]/D
          Clock: (R) clk

                     Capture       Launch     
        Clock Edge:+     278            0     
       Src Latency:+       0            0     
       Net Latency:+     100 (I)      100 (I) 
           Arrival:=     378          100     
                                              
             Setup:-       0                  
       Uncertainty:-      60                  
     Required Time:=     318                  
      Launch Clock:-     100                  
         Data Path:-     164                  
             Slack:=      54                  

#------------------------------------------------------------------------------------------------------------------------------------
#             Timing Point               Flags    Arc   Edge             Cell               Fanout Load Trans Delay Arrival Instance 
#                                                                                                  (fF)  (ps)  (ps)   (ps)  Location 
#------------------------------------------------------------------------------------------------------------------------------------
  im_pipe_3_reg[1]/CK                    -       -      R     (arrival)                       4172    -    25     0     100    (-,-) 
  im_pipe_3_reg[1]/QN                    -       CK->QN R     SDFFXRPQN_X2M_A9PP140ZTUL_C30      1  3.4    10    16     116    (-,-) 
  g169/Y                                 -       A->Y   F     INV_X4B_A9PP140ZTUL_C30            7 19.4    23    15     131    (-,-) 
  b2u_8to255_quad_4/g13154/Y             -       A->Y   R     INV_X7P5M_A9PP140ZTL_C30           4 14.4    12     9     140    (-,-) 
  b2u_8to255_quad_4/g13093/Y             -       A->Y   F     NAND2_X4M_A9PP140ZTUL_C30          2  7.6    12     8     147    (-,-) 
  b2u_8to255_quad_4/g13079/Y             -       A->Y   R     INV_X4M_A9PP140ZTUL_C30            2  8.5     9     7     155    (-,-) 
  b2u_8to255_quad_4/g15993/Y             -       A->Y   F     NAND2_X6TA_A9PP140ZTUL_C30         8 20.2    15    10     165    (-,-) 
  b2u_8to255_quad_4/g12527/Y             -       A->Y   R     NOR2_X2A_A9PP140ZTUL_C30           2  3.9    14    10     175    (-,-) 
  b2u_8to255_quad_4/sub_34_52_g14804/Y   -       B->Y   R     OR2_X3M_A9PP140ZTUL_C30            3  5.6     8    12     187    (-,-) 
  b2u_8to255_quad_4/sub_34_52_g14659/Y   -       A->Y   F     NOR2_X3A_A9PP140ZTUL_C30           2  5.2    10     7     194    (-,-) 
  b2u_8to255_quad_4/sub_34_52_g14559/Y   -       A->Y   R     NAND2_X4M_A9PP140ZTUL_C30          2  5.1    11     7     201    (-,-) 
  b2u_8to255_quad_4/sub_34_52_g14535/Y   -       A->Y   R     BUFH_X2P5M_A9PP140ZTUL_C30         3  7.2    10    12     213    (-,-) 
  b2u_8to255_quad_4/sub_34_52_g14457/Y   -       A->Y   F     NOR2_X4A_A9PP140ZTUL_C30           6  9.9    12     9     222    (-,-) 
  b2u_8to255_quad_4/sub_34_52_g14367/Y   -       B->Y   R     NAND2_X1A_A9PP140ZTUL_C30          1  2.4    13    10     232    (-,-) 
  b2u_8to255_quad_4/sub_34_52_g14231/Y   -       B->Y   F     NOR2_X2A_A9PP140ZTL_C30            2  3.8    12     9     240    (-,-) 
  b2u_8to255_quad_4/sub_34_52_g14028/Y   -       B->Y   R     NAND2_X1A_A9PP140ZTUL_C30          2  2.9    14    11     251    (-,-) 
  b2u_8to255_quad_4/sub_34_52_g13682/Y   -       A0->Y  R     AO21B_X1M_A9PP140ZTUL_C30          1  1.7    10    13     264    (-,-) 
  b2u_8to255_quad_4/qOut_pipe_reg[141]/D -       -      R     SDFFRPQH_X4M_A9PP140ZTUL_C30       1    -     -     0     264    (-,-) 
#------------------------------------------------------------------------------------------------------------------------------------



Path 32: MET (54 ps) Setup Check with Pin b2u_8to255_quad_2/qOut_pipe_reg[79]/CK->D
           View: fast-fast-minrc
          Group: clk
     Startpoint: (R) im_pipe_1_reg[3]/CK
          Clock: (R) clk
       Endpoint: (F) b2u_8to255_quad_2/qOut_pipe_reg[79]/D
          Clock: (R) clk

                     Capture       Launch     
        Clock Edge:+     278            0     
       Src Latency:+       0            0     
       Net Latency:+     100 (I)      100 (I) 
           Arrival:=     378          100     
                                              
             Setup:-      -4                  
       Uncertainty:-      60                  
     Required Time:=     322                  
      Launch Clock:-     100                  
         Data Path:-     168                  
             Slack:=      54                  

#-------------------------------------------------------------------------------------------------------------------------------------
#              Timing Point               Flags    Arc   Edge             Cell               Fanout Load Trans Delay Arrival Instance 
#                                                                                                   (fF)  (ps)  (ps)   (ps)  Location 
#-------------------------------------------------------------------------------------------------------------------------------------
  im_pipe_1_reg[3]/CK                     -       -      R     (arrival)                       4172    -    25     0     100    (-,-) 
  im_pipe_1_reg[3]/QN                     -       CK->QN F     SDFFXRPQN_X2M_A9PP140ZTUL_C30      1  3.4    10    20     120    (-,-) 
  g212/Y                                  -       A->Y   R     INV_X4B_A9PP140ZTUL_C30            4  9.5    10     7     127    (-,-) 
  b2u_8to255_quad_2/g13151/Y              -       A->Y   R     BUFH_X6M_A9PP140ZTUL_C30           2 10.1     7     9     136    (-,-) 
  b2u_8to255_quad_2/g13097/Y              -       A->Y   F     NAND2_X6A_A9PP140ZTUL_C30          4 16.2    15     9     145    (-,-) 
  b2u_8to255_quad_2/g12996/Y              -       B->Y   F     OR2_X8M_A9PP140ZTUL_C30           16 35.7    14    17     162    (-,-) 
  b2u_8to255_quad_2/g12473/Y              -       B->Y   R     NOR2_X2TA_A9PP140ZTUL_C30          2  4.2    12     9     171    (-,-) 
  b2u_8to255_quad_2/sub_34_52_g14713/Y    -       B->Y   F     NOR2_X3A_A9PP140ZTUL_C30           2  4.9    10     8     178    (-,-) 
  b2u_8to255_quad_2/sub_34_52_g14660/Y    -       C->Y   R     NAND3BB_X4M_A9PP140ZTUL_C30        4  7.8    13    10     188    (-,-) 
  b2u_8to255_quad_2/sub_34_52_g14556/Y    -       A->Y   F     NOR2_X4TA_A9PP140ZTUL_C30          2  6.6    10     7     195    (-,-) 
  b2u_8to255_quad_2/sub_34_52_g14476/Y    -       C->Y   R     NAND3BB_X6M_A9PP140ZTL_C30         1  5.4     9     7     202    (-,-) 
  b2u_8to255_quad_2/sub_34_52_g15042/Y    -       C->Y   F     NOR3BB_X8M_A9PP140ZTUL_C30         2  8.7    12     9     211    (-,-) 
  b2u_8to255_quad_2/sub_34_52_g14384/Y    -       A->Y   R     INV_X5M_A9PP140ZTL_C30             1  4.9     7     6     217    (-,-) 
  b2u_8to255_quad_2/sub_34_52_g14145/Y    -       B->Y   F     NOR2_X6A_A9PP140ZTUL_C30           2 10.5    10     7     224    (-,-) 
  b2u_8to255_quad_2/sub_34_52_g14040/Y    -       C->Y   R     NAND3BB_X8M_A9PP140ZTUL_C30        3 11.1    11     8     232    (-,-) 
  b2u_8to255_quad_2/sub_34_52_fopt15109/Y -       A->Y   R     BUF_X7P5M_A9PP140ZTUL_C30         17 31.8    14    15     247    (-,-) 
  b2u_8to255_quad_2/sub_34_52_g13938/Y    -       A->Y   F     NOR2_X2A_A9PP140ZTUL_C30           2  4.1    13     8     255    (-,-) 
  b2u_8to255_quad_2/sub_34_52_g13880/Y    -       A->Y   R     INV_X1P4M_A9PP140ZTUL_C30          1  2.2     8     6     261    (-,-) 
  b2u_8to255_quad_2/sub_34_52_g13627/Y    -       B0->Y  F     OAI2XB1_X2M_A9PP140ZTUL_C30        1  1.7     9     6     268    (-,-) 
  b2u_8to255_quad_2/qOut_pipe_reg[79]/D   -       -      F     SDFFRPQH_X1M_A9PP140ZTUL_C30       1    -     -     0     268    (-,-) 
#-------------------------------------------------------------------------------------------------------------------------------------



Path 33: MET (54 ps) Setup Check with Pin b2u_8to255_quad_2/qOut_pipe_reg[34]/CK->D
           View: fast-fast-minrc
          Group: clk
     Startpoint: (R) im_pipe_1_reg[3]/CK
          Clock: (R) clk
       Endpoint: (F) b2u_8to255_quad_2/qOut_pipe_reg[34]/D
          Clock: (R) clk

                     Capture       Launch     
        Clock Edge:+     278            0     
       Src Latency:+       0            0     
       Net Latency:+     100 (I)      100 (I) 
           Arrival:=     378          100     
                                              
             Setup:-      -4                  
       Uncertainty:-      60                  
     Required Time:=     322                  
      Launch Clock:-     100                  
         Data Path:-     168                  
             Slack:=      54                  

#-------------------------------------------------------------------------------------------------------------------------------------
#              Timing Point               Flags    Arc   Edge             Cell               Fanout Load Trans Delay Arrival Instance 
#                                                                                                   (fF)  (ps)  (ps)   (ps)  Location 
#-------------------------------------------------------------------------------------------------------------------------------------
  im_pipe_1_reg[3]/CK                     -       -      R     (arrival)                       4172    -    25     0     100    (-,-) 
  im_pipe_1_reg[3]/QN                     -       CK->QN F     SDFFXRPQN_X2M_A9PP140ZTUL_C30      1  3.4    10    20     120    (-,-) 
  g212/Y                                  -       A->Y   R     INV_X4B_A9PP140ZTUL_C30            4  9.5    10     7     127    (-,-) 
  b2u_8to255_quad_2/g13151/Y              -       A->Y   R     BUFH_X6M_A9PP140ZTUL_C30           2 10.1     7     9     136    (-,-) 
  b2u_8to255_quad_2/g13097/Y              -       A->Y   F     NAND2_X6A_A9PP140ZTUL_C30          4 16.2    15     9     145    (-,-) 
  b2u_8to255_quad_2/g12996/Y              -       B->Y   F     OR2_X8M_A9PP140ZTUL_C30           16 35.7    14    17     162    (-,-) 
  b2u_8to255_quad_2/g12473/Y              -       B->Y   R     NOR2_X2TA_A9PP140ZTUL_C30          2  4.2    12     9     171    (-,-) 
  b2u_8to255_quad_2/sub_34_52_g14713/Y    -       B->Y   F     NOR2_X3A_A9PP140ZTUL_C30           2  4.9    10     8     178    (-,-) 
  b2u_8to255_quad_2/sub_34_52_g14660/Y    -       C->Y   R     NAND3BB_X4M_A9PP140ZTUL_C30        4  7.8    13    10     188    (-,-) 
  b2u_8to255_quad_2/sub_34_52_g14556/Y    -       A->Y   F     NOR2_X4TA_A9PP140ZTUL_C30          2  6.6    10     7     195    (-,-) 
  b2u_8to255_quad_2/sub_34_52_g14476/Y    -       C->Y   R     NAND3BB_X6M_A9PP140ZTL_C30         1  5.4     9     7     202    (-,-) 
  b2u_8to255_quad_2/sub_34_52_g15042/Y    -       C->Y   F     NOR3BB_X8M_A9PP140ZTUL_C30         2  8.7    12     9     211    (-,-) 
  b2u_8to255_quad_2/sub_34_52_g14384/Y    -       A->Y   R     INV_X5M_A9PP140ZTL_C30             1  4.9     7     6     217    (-,-) 
  b2u_8to255_quad_2/sub_34_52_g14145/Y    -       B->Y   F     NOR2_X6A_A9PP140ZTUL_C30           2 10.5    10     7     224    (-,-) 
  b2u_8to255_quad_2/sub_34_52_g14040/Y    -       C->Y   R     NAND3BB_X8M_A9PP140ZTUL_C30        3 11.1    11     8     232    (-,-) 
  b2u_8to255_quad_2/sub_34_52_fopt15108/Y -       A->Y   R     BUF_X16M_A9PP140ZTUL_C30          32 58.3    13    14     247    (-,-) 
  b2u_8to255_quad_2/sub_34_52_g13807/Y    -       A->Y   F     NOR2_X2TA_A9PP140ZTUL_C30          2  4.1    13     8     254    (-,-) 
  b2u_8to255_quad_2/sub_34_52_g13745/Y    -       A->Y   R     INV_X1P4M_A9PP140ZTUL_C30          1  2.0     8     6     260    (-,-) 
  b2u_8to255_quad_2/sub_34_52_g13549/Y    -       B0->Y  F     OAI2XB1_X1P4M_A9PP140ZTUL_C30      1  1.7    11     7     268    (-,-) 
  b2u_8to255_quad_2/qOut_pipe_reg[34]/D   -       -      F     SDFFRPQH_X1M_A9PP140ZTUL_C30       1    -     -     0     268    (-,-) 
#-------------------------------------------------------------------------------------------------------------------------------------



Path 34: MET (54 ps) Setup Check with Pin b2u_8to255_quad_1/iOut_pipe_reg[193]/CK->D
           View: fast-fast-minrc
          Group: clk
     Startpoint: (R) re_pipe_0_reg[0]/CK
          Clock: (R) clk
       Endpoint: (R) b2u_8to255_quad_1/iOut_pipe_reg[193]/D
          Clock: (R) clk

                     Capture       Launch     
        Clock Edge:+     278            0     
       Src Latency:+       0            0     
       Net Latency:+     100 (I)      100 (I) 
           Arrival:=     378          100     
                                              
             Setup:-      -2                  
       Uncertainty:-      60                  
     Required Time:=     320                  
      Launch Clock:-     100                  
         Data Path:-     166                  
             Slack:=      54                  

#----------------------------------------------------------------------------------------------------------------------------------------
#               Timing Point                 Flags    Arc   Edge             Cell               Fanout Load Trans Delay Arrival Instance 
#                                                                                                      (fF)  (ps)  (ps)   (ps)  Location 
#----------------------------------------------------------------------------------------------------------------------------------------
  re_pipe_0_reg[0]/CK                        -       -      R     (arrival)                       4172    -    25     0     100    (-,-) 
  re_pipe_0_reg[0]/QN                        -       CK->QN F     SDFFXRPQN_X2M_A9PP140ZTUL_C30      1  3.4    10    20     120    (-,-) 
  g202/Y                                     -       A->Y   R     INV_X4B_A9PP140ZTUL_C30            4  9.5    10     7     127    (-,-) 
  b2u_8to255_quad_1/g13152/Y                 -       A->Y   R     BUFH_X6M_A9PP140ZTUL_C30           2  9.3     6     8     136    (-,-) 
  b2u_8to255_quad_1/g13100__4319/Y           -       A->Y   F     NAND2_X6A_A9PP140ZTUL_C30          5 17.3    16    10     145    (-,-) 
  b2u_8to255_quad_1/fopt15971/Y              -       A->Y   R     INV_X1P7M_A9PP140ZTUL_C30          1  4.0    11     8     154    (-,-) 
  b2u_8to255_quad_1/g12994__2398/Y           -       B->Y   F     NAND2_X4A_A9PP140ZTUL_C30          4 11.1    15    10     164    (-,-) 
  b2u_8to255_quad_1/g12839__1881/Y           -       B->Y   R     NOR2_X2TA_A9PP140ZTUL_C30          2  3.7    11     9     172    (-,-) 
  b2u_8to255_quad_1/sub_29_39_g14803/Y       -       A->Y   R     OR2_X4M_A9PP140ZTUL_C30            3  6.2     7    11     184    (-,-) 
  b2u_8to255_quad_1/sub_29_39_g14656/Y       -       B->Y   F     NOR2_X4A_A9PP140ZTUL_C30           2  4.9     8     6     190    (-,-) 
  b2u_8to255_quad_1/sub_29_39_g14557/Y       -       C->Y   R     NAND3BB_X4M_A9PP140ZTUL_C30        3  7.8    12     9     199    (-,-) 
  b2u_8to255_quad_1/sub_29_39_g14458/Y       -       A->Y   F     NOR2_X6TA_A9PP140ZTUL_C30          2  8.8    10     6     206    (-,-) 
  b2u_8to255_quad_1/sub_29_39_g14318/Y       -       C->Y   F     AND3_X11M_A9PP140ZTUL_C30          4 12.2     7    14     219    (-,-) 
  b2u_8to255_quad_1/sub_29_39_fopt17/Y       -       A->Y   F     BUFH_X6M_A9PP140ZTUL_C30           5 16.9     9    10     229    (-,-) 
  b2u_8to255_quad_1/sub_29_39_fopt9/Y        -       A->Y   R     INV_X5M_A9PP140ZTL_C30             7 13.9    11     9     238    (-,-) 
  b2u_8to255_quad_1/sub_29_39_g14206/Y       -       A->Y   F     NOR2_X2A_A9PP140ZTUL_C30           1  2.4    10     6     244    (-,-) 
  b2u_8to255_quad_1/sub_29_39_g13934__7410/Y -       B->Y   R     NAND2_X2M_A9PP140ZTUL_C30          2  3.1    12     9     253    (-,-) 
  b2u_8to255_quad_1/sub_29_39_g14970/Y       -       A0->Y  R     AO21B_X1M_A9PP140ZTUL_C30          1  1.7    10    13     266    (-,-) 
  b2u_8to255_quad_1/iOut_pipe_reg[193]/D     -       -      R     SDFFRPQH_X1M_A9PP140ZTL_C30        1    -     -     0     266    (-,-) 
#----------------------------------------------------------------------------------------------------------------------------------------



Path 35: MET (54 ps) Setup Check with Pin b2u_8to255_quad_1/iOut_pipe_reg[158]/CK->D
           View: fast-fast-minrc
          Group: clk
     Startpoint: (R) re_pipe_0_reg[5]/CK
          Clock: (R) clk
       Endpoint: (R) b2u_8to255_quad_1/iOut_pipe_reg[158]/D
          Clock: (R) clk

                     Capture       Launch     
        Clock Edge:+     278            0     
       Src Latency:+       0            0     
       Net Latency:+     100 (I)      100 (I) 
           Arrival:=     378          100     
                                              
             Setup:-      -2                  
       Uncertainty:-      60                  
     Required Time:=     320                  
      Launch Clock:-     100                  
         Data Path:-     166                  
             Slack:=      54                  

#----------------------------------------------------------------------------------------------------------------------------------------
#               Timing Point                 Flags    Arc   Edge             Cell               Fanout Load Trans Delay Arrival Instance 
#                                                                                                      (fF)  (ps)  (ps)   (ps)  Location 
#----------------------------------------------------------------------------------------------------------------------------------------
  re_pipe_0_reg[5]/CK                        -       -      R     (arrival)                       4172    -    25     0     100    (-,-) 
  re_pipe_0_reg[5]/QN                        -       CK->QN R     SDFFXRPQN_X2M_A9PP140ZTUL_C30      1  3.4    10    16     116    (-,-) 
  g211/Y                                     -       A->Y   F     INV_X4B_A9PP140ZTUL_C30            4 17.1    21    13     129    (-,-) 
  b2u_8to255_quad_1/g13143/Y                 -       A->Y   R     INV_X9M_A9PP140ZTUL_C30            3 15.7    10     8     137    (-,-) 
  b2u_8to255_quad_1/g13073__1705/Y           -       A->Y   F     NAND2XB_X8M_A9PP140ZTUL_C30        4 16.1    12     8     145    (-,-) 
  b2u_8to255_quad_1/g13004__1705/Y           -       A->Y   F     OR2_X8M_A9PP140ZTUL_C30           16 36.6    14    16     161    (-,-) 
  b2u_8to255_quad_1/g12537__9945/Y           -       B->Y   R     NOR2_X3A_A9PP140ZTUL_C30           3  5.2    12    10     171    (-,-) 
  b2u_8to255_quad_1/sub_29_39_g14717/Y       -       A->Y   F     NOR2_X2TA_A9PP140ZTUL_C30          2  3.7    10     7     178    (-,-) 
  b2u_8to255_quad_1/sub_29_39_g14672/Y       -       A->Y   F     BUF_X1P7M_A9PP140ZTUL_C30          1  3.6     8    12     190    (-,-) 
  b2u_8to255_quad_1/sub_29_39_g14574/Y       -       A->Y   R     NAND2_X4M_A9PP140ZTUL_C30          1  4.9    11     7     197    (-,-) 
  b2u_8to255_quad_1/sub_29_39_g14560/Y       -       A->Y   F     NOR2_X6A_A9PP140ZTUL_C30           7 12.3    11     8     205    (-,-) 
  b2u_8to255_quad_1/sub_29_39_g14383/Y       -       C->Y   R     NAND3BB_X4M_A9PP140ZTUL_C30        7 14.1    19    14     218    (-,-) 
  b2u_8to255_quad_1/sub_29_39_g14358/Y       -       A->Y   F     INV_X6M_A9PP140ZTUL_C30            7 11.1    10     6     225    (-,-) 
  b2u_8to255_quad_1/sub_29_39_g14310/Y       -       A->Y   R     NAND2_X2M_A9PP140ZTUL_C30          2  4.8    16    10     235    (-,-) 
  b2u_8to255_quad_1/sub_29_39_g14207/Y       -       C->Y   F     NOR3BB_X1P4M_A9PP140ZTUL_C30       1  2.4    12     8     243    (-,-) 
  b2u_8to255_quad_1/sub_29_39_g13953__5115/Y -       B->Y   R     NAND2_X2M_A9PP140ZTUL_C30          2  3.1    12    10     253    (-,-) 
  b2u_8to255_quad_1/sub_29_39_g14969/Y       -       A0->Y  R     AO21B_X1M_A9PP140ZTUL_C30          1  1.7    10    13     266    (-,-) 
  b2u_8to255_quad_1/iOut_pipe_reg[158]/D     -       -      R     SDFFRPQH_X1M_A9PP140ZTL_C30        1    -     -     0     266    (-,-) 
#----------------------------------------------------------------------------------------------------------------------------------------



Path 36: MET (54 ps) Setup Check with Pin b2u_8to255_quad_1/iOut_pipe_reg[123]/CK->D
           View: fast-fast-minrc
          Group: clk
     Startpoint: (R) re_pipe_0_reg[7]/CK
          Clock: (R) clk
       Endpoint: (R) b2u_8to255_quad_1/iOut_pipe_reg[123]/D
          Clock: (R) clk

                     Capture       Launch     
        Clock Edge:+     278            0     
       Src Latency:+       0            0     
       Net Latency:+     100 (I)      100 (I) 
           Arrival:=     378          100     
                                              
             Setup:-      -2                  
       Uncertainty:-      60                  
     Required Time:=     320                  
      Launch Clock:-     100                  
         Data Path:-     166                  
             Slack:=      54                  

#----------------------------------------------------------------------------------------------------------------------------------------
#               Timing Point                 Flags    Arc   Edge             Cell               Fanout Load Trans Delay Arrival Instance 
#                                                                                                      (fF)  (ps)  (ps)   (ps)  Location 
#----------------------------------------------------------------------------------------------------------------------------------------
  re_pipe_0_reg[7]/CK                        -       -      R     (arrival)                       4172    -    25     0     100    (-,-) 
  re_pipe_0_reg[7]/QN                        -       CK->QN R     SDFFXRPQN_X2M_A9PP140ZTUL_C30      1  3.4    10    16     116    (-,-) 
  g164/Y                                     -       A->Y   F     INV_X4B_A9PP140ZTUL_C30            6 19.7    23    15     131    (-,-) 
  b2u_8to255_quad_1/g13145/Y                 -       A->Y   R     INV_X5M_A9PP140ZTL_C30             1  4.6     9     7     138    (-,-) 
  b2u_8to255_quad_1/g13106__2802/Y           -       A->Y   F     NAND2_X6M_A9PP140ZTUL_C30          4 16.8    14    10     147    (-,-) 
  b2u_8to255_quad_1/g13025__1666/Y           -       B->Y   F     OR2_X8M_A9PP140ZTUL_C30           16 31.6    13    16     163    (-,-) 
  b2u_8to255_quad_1/g12893__7098/Y           -       B->Y   R     NOR2_X2A_A9PP140ZTUL_C30           2  3.7    13    10     173    (-,-) 
  b2u_8to255_quad_1/sub_29_39_g14643/Y       -       D->Y   R     OR4_X4M_A9PP140ZTUL_C30            2  6.5    12    16     189    (-,-) 
  b2u_8to255_quad_1/sub_29_39_g14369/Y       -       B->Y   F     NOR2_X4M_A9PP140ZTUL_C30           1  3.7    10     8     196    (-,-) 
  b2u_8to255_quad_1/sub_29_39_g14324/Y       -       C->Y   R     NAND3BB_X4M_A9PP140ZTUL_C30        1  3.6     9     7     203    (-,-) 
  b2u_8to255_quad_1/sub_29_39_g14198/Y       -       A->Y   F     NOR2_X4A_A9PP140ZTUL_C30           2  7.9    11     7     210    (-,-) 
  b2u_8to255_quad_1/sub_29_39_g14194/Y       -       A->Y   R     INV_X3P5M_A9PP140ZTUL_C30          1  4.9     7     6     216    (-,-) 
  b2u_8to255_quad_1/sub_29_39_g14145/Y       -       A->Y   F     NOR2_X6A_A9PP140ZTUL_C30           3 10.2    10     7     223    (-,-) 
  b2u_8to255_quad_1/sub_29_39_fopt15094/Y    -       A->Y   F     BUFH_X4M_A9PP140ZTUL_C30           7 12.7    10    11     234    (-,-) 
  b2u_8to255_quad_1/sub_29_39_fopt15093/Y    -       A->Y   F     BUFH_X6M_A9PP140ZTUL_C30           8 16.1     9    10     245    (-,-) 
  b2u_8to255_quad_1/sub_29_39_g14077/Y       -       C->Y   R     NAND3BB_X2M_A9PP140ZTUL_C30        2  2.9    11     8     253    (-,-) 
  b2u_8to255_quad_1/sub_29_39_g13706__9945/Y -       A0->Y  R     AO21B_X1M_A9PP140ZTUL_C30          1  1.7    10    13     266    (-,-) 
  b2u_8to255_quad_1/iOut_pipe_reg[123]/D     -       -      R     SDFFRPQH_X1M_A9PP140ZTL_C30        1    -     -     0     266    (-,-) 
#----------------------------------------------------------------------------------------------------------------------------------------



Path 37: MET (54 ps) Setup Check with Pin b2u_8to255_quad_1/iOut_pipe_reg[116]/CK->D
           View: fast-fast-minrc
          Group: clk
     Startpoint: (R) re_pipe_0_reg[7]/CK
          Clock: (R) clk
       Endpoint: (R) b2u_8to255_quad_1/iOut_pipe_reg[116]/D
          Clock: (R) clk

                     Capture       Launch     
        Clock Edge:+     278            0     
       Src Latency:+       0            0     
       Net Latency:+     100 (I)      100 (I) 
           Arrival:=     378          100     
                                              
             Setup:-      -2                  
       Uncertainty:-      60                  
     Required Time:=     320                  
      Launch Clock:-     100                  
         Data Path:-     166                  
             Slack:=      54                  

#----------------------------------------------------------------------------------------------------------------------------------------
#               Timing Point                 Flags    Arc   Edge             Cell               Fanout Load Trans Delay Arrival Instance 
#                                                                                                      (fF)  (ps)  (ps)   (ps)  Location 
#----------------------------------------------------------------------------------------------------------------------------------------
  re_pipe_0_reg[7]/CK                        -       -      R     (arrival)                       4172    -    25     0     100    (-,-) 
  re_pipe_0_reg[7]/QN                        -       CK->QN R     SDFFXRPQN_X2M_A9PP140ZTUL_C30      1  3.4    10    16     116    (-,-) 
  g164/Y                                     -       A->Y   F     INV_X4B_A9PP140ZTUL_C30            6 19.7    23    15     131    (-,-) 
  b2u_8to255_quad_1/g13145/Y                 -       A->Y   R     INV_X5M_A9PP140ZTL_C30             1  4.6     9     7     138    (-,-) 
  b2u_8to255_quad_1/g13106__2802/Y           -       A->Y   F     NAND2_X6M_A9PP140ZTUL_C30          4 16.8    14    10     147    (-,-) 
  b2u_8to255_quad_1/g13025__1666/Y           -       B->Y   F     OR2_X8M_A9PP140ZTUL_C30           16 31.6    13    16     163    (-,-) 
  b2u_8to255_quad_1/g12893__7098/Y           -       B->Y   R     NOR2_X2A_A9PP140ZTUL_C30           2  3.7    13    10     173    (-,-) 
  b2u_8to255_quad_1/sub_29_39_g14643/Y       -       D->Y   R     OR4_X4M_A9PP140ZTUL_C30            2  6.5    12    16     189    (-,-) 
  b2u_8to255_quad_1/sub_29_39_g14369/Y       -       B->Y   F     NOR2_X4M_A9PP140ZTUL_C30           1  3.7    10     8     196    (-,-) 
  b2u_8to255_quad_1/sub_29_39_g14324/Y       -       C->Y   R     NAND3BB_X4M_A9PP140ZTUL_C30        1  3.6     9     7     203    (-,-) 
  b2u_8to255_quad_1/sub_29_39_g14198/Y       -       A->Y   F     NOR2_X4A_A9PP140ZTUL_C30           2  7.9    11     7     210    (-,-) 
  b2u_8to255_quad_1/sub_29_39_g14194/Y       -       A->Y   R     INV_X3P5M_A9PP140ZTUL_C30          1  4.9     7     6     216    (-,-) 
  b2u_8to255_quad_1/sub_29_39_g14145/Y       -       A->Y   F     NOR2_X6A_A9PP140ZTUL_C30           3 10.2    10     7     223    (-,-) 
  b2u_8to255_quad_1/sub_29_39_fopt15094/Y    -       A->Y   F     BUFH_X4M_A9PP140ZTUL_C30           7 12.7    10    11     234    (-,-) 
  b2u_8to255_quad_1/sub_29_39_fopt15093/Y    -       A->Y   F     BUFH_X6M_A9PP140ZTUL_C30           8 16.1     9    10     245    (-,-) 
  b2u_8to255_quad_1/sub_29_39_g14078/Y       -       C->Y   R     NAND3BB_X2M_A9PP140ZTUL_C30        2  2.9    11     8     253    (-,-) 
  b2u_8to255_quad_1/sub_29_39_g13711__6417/Y -       A0->Y  R     AO21B_X1M_A9PP140ZTUL_C30          1  1.7    10    13     266    (-,-) 
  b2u_8to255_quad_1/iOut_pipe_reg[116]/D     -       -      R     SDFFRPQH_X1M_A9PP140ZTL_C30        1    -     -     0     266    (-,-) 
#----------------------------------------------------------------------------------------------------------------------------------------



Path 38: MET (54 ps) Setup Check with Pin b2u_8to255_quad_1/iOut_pipe_reg[108]/CK->D
           View: fast-fast-minrc
          Group: clk
     Startpoint: (R) re_pipe_0_reg[7]/CK
          Clock: (R) clk
       Endpoint: (R) b2u_8to255_quad_1/iOut_pipe_reg[108]/D
          Clock: (R) clk

                     Capture       Launch     
        Clock Edge:+     278            0     
       Src Latency:+       0            0     
       Net Latency:+     100 (I)      100 (I) 
           Arrival:=     378          100     
                                              
             Setup:-      -2                  
       Uncertainty:-      60                  
     Required Time:=     320                  
      Launch Clock:-     100                  
         Data Path:-     166                  
             Slack:=      54                  

#----------------------------------------------------------------------------------------------------------------------------------------
#               Timing Point                 Flags    Arc   Edge             Cell               Fanout Load Trans Delay Arrival Instance 
#                                                                                                      (fF)  (ps)  (ps)   (ps)  Location 
#----------------------------------------------------------------------------------------------------------------------------------------
  re_pipe_0_reg[7]/CK                        -       -      R     (arrival)                       4172    -    25     0     100    (-,-) 
  re_pipe_0_reg[7]/QN                        -       CK->QN R     SDFFXRPQN_X2M_A9PP140ZTUL_C30      1  3.4    10    16     116    (-,-) 
  g164/Y                                     -       A->Y   F     INV_X4B_A9PP140ZTUL_C30            6 19.7    23    15     131    (-,-) 
  b2u_8to255_quad_1/g13145/Y                 -       A->Y   R     INV_X5M_A9PP140ZTL_C30             1  4.6     9     7     138    (-,-) 
  b2u_8to255_quad_1/g13106__2802/Y           -       A->Y   F     NAND2_X6M_A9PP140ZTUL_C30          4 16.8    14    10     147    (-,-) 
  b2u_8to255_quad_1/g13025__1666/Y           -       B->Y   F     OR2_X8M_A9PP140ZTUL_C30           16 31.6    13    16     163    (-,-) 
  b2u_8to255_quad_1/g12893__7098/Y           -       B->Y   R     NOR2_X2A_A9PP140ZTUL_C30           2  3.7    13    10     173    (-,-) 
  b2u_8to255_quad_1/sub_29_39_g14643/Y       -       D->Y   R     OR4_X4M_A9PP140ZTUL_C30            2  6.5    12    16     189    (-,-) 
  b2u_8to255_quad_1/sub_29_39_g14369/Y       -       B->Y   F     NOR2_X4M_A9PP140ZTUL_C30           1  3.7    10     8     196    (-,-) 
  b2u_8to255_quad_1/sub_29_39_g14324/Y       -       C->Y   R     NAND3BB_X4M_A9PP140ZTUL_C30        1  3.6     9     7     203    (-,-) 
  b2u_8to255_quad_1/sub_29_39_g14198/Y       -       A->Y   F     NOR2_X4A_A9PP140ZTUL_C30           2  7.9    11     7     210    (-,-) 
  b2u_8to255_quad_1/sub_29_39_g14194/Y       -       A->Y   R     INV_X3P5M_A9PP140ZTUL_C30          1  4.9     7     6     216    (-,-) 
  b2u_8to255_quad_1/sub_29_39_g14145/Y       -       A->Y   F     NOR2_X6A_A9PP140ZTUL_C30           3 10.2    10     7     223    (-,-) 
  b2u_8to255_quad_1/sub_29_39_fopt15094/Y    -       A->Y   F     BUFH_X4M_A9PP140ZTUL_C30           7 12.7    10    11     234    (-,-) 
  b2u_8to255_quad_1/sub_29_39_fopt15093/Y    -       A->Y   F     BUFH_X6M_A9PP140ZTUL_C30           8 16.1     9    10     245    (-,-) 
  b2u_8to255_quad_1/sub_29_39_g14079/Y       -       C->Y   R     NAND3BB_X2M_A9PP140ZTUL_C30        2  2.9    11     8     253    (-,-) 
  b2u_8to255_quad_1/sub_29_39_g13716__4319/Y -       A0->Y  R     AO21B_X1M_A9PP140ZTUL_C30          1  1.7    10    13     266    (-,-) 
  b2u_8to255_quad_1/iOut_pipe_reg[108]/D     -       -      R     SDFFRPQH_X1M_A9PP140ZTL_C30        1    -     -     0     266    (-,-) 
#----------------------------------------------------------------------------------------------------------------------------------------



Path 39: MET (54 ps) Setup Check with Pin b2u_8to255_quad_1/iOut_pipe_reg[100]/CK->D
           View: fast-fast-minrc
          Group: clk
     Startpoint: (R) re_pipe_0_reg[7]/CK
          Clock: (R) clk
       Endpoint: (R) b2u_8to255_quad_1/iOut_pipe_reg[100]/D
          Clock: (R) clk

                     Capture       Launch     
        Clock Edge:+     278            0     
       Src Latency:+       0            0     
       Net Latency:+     100 (I)      100 (I) 
           Arrival:=     378          100     
                                              
             Setup:-      -2                  
       Uncertainty:-      60                  
     Required Time:=     320                  
      Launch Clock:-     100                  
         Data Path:-     166                  
             Slack:=      54                  

#----------------------------------------------------------------------------------------------------------------------------------------
#               Timing Point                 Flags    Arc   Edge             Cell               Fanout Load Trans Delay Arrival Instance 
#                                                                                                      (fF)  (ps)  (ps)   (ps)  Location 
#----------------------------------------------------------------------------------------------------------------------------------------
  re_pipe_0_reg[7]/CK                        -       -      R     (arrival)                       4172    -    25     0     100    (-,-) 
  re_pipe_0_reg[7]/QN                        -       CK->QN R     SDFFXRPQN_X2M_A9PP140ZTUL_C30      1  3.4    10    16     116    (-,-) 
  g164/Y                                     -       A->Y   F     INV_X4B_A9PP140ZTUL_C30            6 19.7    23    15     131    (-,-) 
  b2u_8to255_quad_1/g13145/Y                 -       A->Y   R     INV_X5M_A9PP140ZTL_C30             1  4.6     9     7     138    (-,-) 
  b2u_8to255_quad_1/g13106__2802/Y           -       A->Y   F     NAND2_X6M_A9PP140ZTUL_C30          4 16.8    14    10     147    (-,-) 
  b2u_8to255_quad_1/g13025__1666/Y           -       B->Y   F     OR2_X8M_A9PP140ZTUL_C30           16 31.6    13    16     163    (-,-) 
  b2u_8to255_quad_1/g12893__7098/Y           -       B->Y   R     NOR2_X2A_A9PP140ZTUL_C30           2  3.7    13    10     173    (-,-) 
  b2u_8to255_quad_1/sub_29_39_g14643/Y       -       D->Y   R     OR4_X4M_A9PP140ZTUL_C30            2  6.5    12    16     189    (-,-) 
  b2u_8to255_quad_1/sub_29_39_g14369/Y       -       B->Y   F     NOR2_X4M_A9PP140ZTUL_C30           1  3.7    10     8     196    (-,-) 
  b2u_8to255_quad_1/sub_29_39_g14324/Y       -       C->Y   R     NAND3BB_X4M_A9PP140ZTUL_C30        1  3.6     9     7     203    (-,-) 
  b2u_8to255_quad_1/sub_29_39_g14198/Y       -       A->Y   F     NOR2_X4A_A9PP140ZTUL_C30           2  7.9    11     7     210    (-,-) 
  b2u_8to255_quad_1/sub_29_39_g14194/Y       -       A->Y   R     INV_X3P5M_A9PP140ZTUL_C30          1  4.9     7     6     216    (-,-) 
  b2u_8to255_quad_1/sub_29_39_g14145/Y       -       A->Y   F     NOR2_X6A_A9PP140ZTUL_C30           3 10.2    10     7     223    (-,-) 
  b2u_8to255_quad_1/sub_29_39_fopt15094/Y    -       A->Y   F     BUFH_X4M_A9PP140ZTUL_C30           7 12.7    10    11     234    (-,-) 
  b2u_8to255_quad_1/sub_29_39_fopt15093/Y    -       A->Y   F     BUFH_X6M_A9PP140ZTUL_C30           8 16.1     9    10     245    (-,-) 
  b2u_8to255_quad_1/sub_29_39_g14080/Y       -       C->Y   R     NAND3BB_X2M_A9PP140ZTUL_C30        2  2.9    11     8     253    (-,-) 
  b2u_8to255_quad_1/sub_29_39_g13719__6783/Y -       A0->Y  R     AO21B_X1M_A9PP140ZTUL_C30          1  1.7    10    13     266    (-,-) 
  b2u_8to255_quad_1/iOut_pipe_reg[100]/D     -       -      R     SDFFRPQH_X1M_A9PP140ZTL_C30        1    -     -     0     266    (-,-) 
#----------------------------------------------------------------------------------------------------------------------------------------



Path 40: MET (54 ps) Setup Check with Pin b2u_8to255_quad_1/iOut_pipe_reg[97]/CK->D
           View: fast-fast-minrc
          Group: clk
     Startpoint: (R) re_pipe_0_reg[7]/CK
          Clock: (R) clk
       Endpoint: (R) b2u_8to255_quad_1/iOut_pipe_reg[97]/D
          Clock: (R) clk

                     Capture       Launch     
        Clock Edge:+     278            0     
       Src Latency:+       0            0     
       Net Latency:+     100 (I)      100 (I) 
           Arrival:=     378          100     
                                              
             Setup:-      -2                  
       Uncertainty:-      60                  
     Required Time:=     320                  
      Launch Clock:-     100                  
         Data Path:-     166                  
             Slack:=      54                  

#----------------------------------------------------------------------------------------------------------------------------------------
#               Timing Point                 Flags    Arc   Edge             Cell               Fanout Load Trans Delay Arrival Instance 
#                                                                                                      (fF)  (ps)  (ps)   (ps)  Location 
#----------------------------------------------------------------------------------------------------------------------------------------
  re_pipe_0_reg[7]/CK                        -       -      R     (arrival)                       4172    -    25     0     100    (-,-) 
  re_pipe_0_reg[7]/QN                        -       CK->QN R     SDFFXRPQN_X2M_A9PP140ZTUL_C30      1  3.4    10    16     116    (-,-) 
  g164/Y                                     -       A->Y   F     INV_X4B_A9PP140ZTUL_C30            6 19.7    23    15     131    (-,-) 
  b2u_8to255_quad_1/g13145/Y                 -       A->Y   R     INV_X5M_A9PP140ZTL_C30             1  4.6     9     7     138    (-,-) 
  b2u_8to255_quad_1/g13106__2802/Y           -       A->Y   F     NAND2_X6M_A9PP140ZTUL_C30          4 16.8    14    10     147    (-,-) 
  b2u_8to255_quad_1/g13025__1666/Y           -       B->Y   F     OR2_X8M_A9PP140ZTUL_C30           16 31.6    13    16     163    (-,-) 
  b2u_8to255_quad_1/g12893__7098/Y           -       B->Y   R     NOR2_X2A_A9PP140ZTUL_C30           2  3.7    13    10     173    (-,-) 
  b2u_8to255_quad_1/sub_29_39_g14643/Y       -       D->Y   R     OR4_X4M_A9PP140ZTUL_C30            2  6.5    12    16     189    (-,-) 
  b2u_8to255_quad_1/sub_29_39_g14369/Y       -       B->Y   F     NOR2_X4M_A9PP140ZTUL_C30           1  3.7    10     8     196    (-,-) 
  b2u_8to255_quad_1/sub_29_39_g14324/Y       -       C->Y   R     NAND3BB_X4M_A9PP140ZTUL_C30        1  3.6     9     7     203    (-,-) 
  b2u_8to255_quad_1/sub_29_39_g14198/Y       -       A->Y   F     NOR2_X4A_A9PP140ZTUL_C30           2  7.9    11     7     210    (-,-) 
  b2u_8to255_quad_1/sub_29_39_g14194/Y       -       A->Y   R     INV_X3P5M_A9PP140ZTUL_C30          1  4.9     7     6     216    (-,-) 
  b2u_8to255_quad_1/sub_29_39_g14145/Y       -       A->Y   F     NOR2_X6A_A9PP140ZTUL_C30           3 10.2    10     7     223    (-,-) 
  b2u_8to255_quad_1/sub_29_39_fopt15094/Y    -       A->Y   F     BUFH_X4M_A9PP140ZTUL_C30           7 12.7    10    11     234    (-,-) 
  b2u_8to255_quad_1/sub_29_39_fopt15093/Y    -       A->Y   F     BUFH_X6M_A9PP140ZTUL_C30           8 16.1     9    10     245    (-,-) 
  b2u_8to255_quad_1/sub_29_39_g14066/Y       -       C->Y   R     NAND3BB_X2M_A9PP140ZTUL_C30        2  2.9    11     8     253    (-,-) 
  b2u_8to255_quad_1/sub_29_39_g13722__2802/Y -       A0->Y  R     AO21B_X1M_A9PP140ZTUL_C30          1  1.7    10    13     266    (-,-) 
  b2u_8to255_quad_1/iOut_pipe_reg[97]/D      -       -      R     SDFFRPQH_X1M_A9PP140ZTL_C30        1    -     -     0     266    (-,-) 
#----------------------------------------------------------------------------------------------------------------------------------------



Path 41: MET (54 ps) Setup Check with Pin b2u_8to255_quad_3/iOut_pipe_reg[158]/CK->D
           View: fast-fast-minrc
          Group: clk
     Startpoint: (R) re_pipe_2_reg[1]/CK
          Clock: (R) clk
       Endpoint: (R) b2u_8to255_quad_3/iOut_pipe_reg[158]/D
          Clock: (R) clk

                     Capture       Launch     
        Clock Edge:+     278            0     
       Src Latency:+       0            0     
       Net Latency:+     100 (I)      100 (I) 
           Arrival:=     378          100     
                                              
             Setup:-      -2                  
       Uncertainty:-      60                  
     Required Time:=     320                  
      Launch Clock:-     100                  
         Data Path:-     166                  
             Slack:=      54                  

#------------------------------------------------------------------------------------------------------------------------------------
#             Timing Point               Flags    Arc   Edge             Cell               Fanout Load Trans Delay Arrival Instance 
#                                                                                                  (fF)  (ps)  (ps)   (ps)  Location 
#------------------------------------------------------------------------------------------------------------------------------------
  re_pipe_2_reg[1]/CK                    -       -      R     (arrival)                       4172    -    25     0     100    (-,-) 
  re_pipe_2_reg[1]/QN                    -       CK->QN R     SDFFXRPQN_X2M_A9PP140ZTUL_C30      1  3.4    10    16     116    (-,-) 
  g190/Y                                 -       A->Y   F     INV_X4B_A9PP140ZTUL_C30            6 17.0    21    13     129    (-,-) 
  b2u_8to255_quad_3/g13153/Y             -       A->Y   R     INV_X7P5M_A9PP140ZTL_C30           3 13.5    11     8     138    (-,-) 
  b2u_8to255_quad_3/g13075/Y             -       A->Y   F     NAND2_X6M_A9PP140ZTUL_C30          4 15.7    14     9     147    (-,-) 
  b2u_8to255_quad_3/g13020/Y             -       A->Y   F     OR2_X8TM_A9PP140ZTUL_C30          16 30.4    12    14     161    (-,-) 
  b2u_8to255_quad_3/g12537/Y             -       A->Y   R     NOR2_X3A_A9PP140ZTUL_C30           3  5.2    12     9     170    (-,-) 
  b2u_8to255_quad_3/sub_29_39_g14717/Y   -       A->Y   F     NOR2_X2TA_A9PP140ZTUL_C30          2  3.7    10     7     177    (-,-) 
  b2u_8to255_quad_3/sub_29_39_g14672/Y   -       A->Y   F     BUF_X1P7M_A9PP140ZTUL_C30          1  3.6     8    12     189    (-,-) 
  b2u_8to255_quad_3/sub_29_39_g14574/Y   -       A->Y   R     NAND2_X4M_A9PP140ZTUL_C30          1  4.9    10     7     196    (-,-) 
  b2u_8to255_quad_3/sub_29_39_g14560/Y   -       B->Y   F     NOR2_X6A_A9PP140ZTUL_C30           7 12.3    11     8     204    (-,-) 
  b2u_8to255_quad_3/sub_29_39_g14383/Y   -       C->Y   R     NAND3BB_X4M_A9PP140ZTUL_C30        7 14.1    19    14     218    (-,-) 
  b2u_8to255_quad_3/sub_29_39_g14358/Y   -       A->Y   F     INV_X6M_A9PP140ZTUL_C30            7 11.1    10     6     224    (-,-) 
  b2u_8to255_quad_3/sub_29_39_g14310/Y   -       A->Y   R     NAND2_X2M_A9PP140ZTUL_C30          2  4.8    16    10     235    (-,-) 
  b2u_8to255_quad_3/sub_29_39_g14207/Y   -       C->Y   F     NOR3BB_X1P4M_A9PP140ZTUL_C30       1  2.4    12     8     243    (-,-) 
  b2u_8to255_quad_3/sub_29_39_g13953/Y   -       B->Y   R     NAND2_X2M_A9PP140ZTUL_C30          2  3.1    12    10     253    (-,-) 
  b2u_8to255_quad_3/sub_29_39_g14969/Y   -       A0->Y  R     AO21B_X1M_A9PP140ZTUL_C30          1  1.7    10    13     266    (-,-) 
  b2u_8to255_quad_3/iOut_pipe_reg[158]/D -       -      R     SDFFRPQH_X1M_A9PP140ZTL_C30        1    -     -     0     266    (-,-) 
#------------------------------------------------------------------------------------------------------------------------------------



Path 42: MET (54 ps) Setup Check with Pin b2u_8to255_quad_2/qOut_pipe_reg[114]/CK->D
           View: fast-fast-minrc
          Group: clk
     Startpoint: (R) im_pipe_1_reg[3]/CK
          Clock: (R) clk
       Endpoint: (F) b2u_8to255_quad_2/qOut_pipe_reg[114]/D
          Clock: (R) clk

                     Capture       Launch     
        Clock Edge:+     278            0     
       Src Latency:+       0            0     
       Net Latency:+     100 (I)      100 (I) 
           Arrival:=     378          100     
                                              
             Setup:-      -4                  
       Uncertainty:-      60                  
     Required Time:=     322                  
      Launch Clock:-     100                  
         Data Path:-     168                  
             Slack:=      54                  

#-------------------------------------------------------------------------------------------------------------------------------------
#              Timing Point               Flags    Arc   Edge             Cell               Fanout Load Trans Delay Arrival Instance 
#                                                                                                   (fF)  (ps)  (ps)   (ps)  Location 
#-------------------------------------------------------------------------------------------------------------------------------------
  im_pipe_1_reg[3]/CK                     -       -      R     (arrival)                       4172    -    25     0     100    (-,-) 
  im_pipe_1_reg[3]/QN                     -       CK->QN F     SDFFXRPQN_X2M_A9PP140ZTUL_C30      1  3.4    10    20     120    (-,-) 
  g212/Y                                  -       A->Y   R     INV_X4B_A9PP140ZTUL_C30            4  9.5    10     7     127    (-,-) 
  b2u_8to255_quad_2/g13151/Y              -       A->Y   R     BUFH_X6M_A9PP140ZTUL_C30           2 10.1     7     9     136    (-,-) 
  b2u_8to255_quad_2/g13097/Y              -       A->Y   F     NAND2_X6A_A9PP140ZTUL_C30          4 16.2    15     9     145    (-,-) 
  b2u_8to255_quad_2/g12996/Y              -       B->Y   F     OR2_X8M_A9PP140ZTUL_C30           16 35.7    14    17     162    (-,-) 
  b2u_8to255_quad_2/g12473/Y              -       B->Y   R     NOR2_X2TA_A9PP140ZTUL_C30          2  4.2    12     9     171    (-,-) 
  b2u_8to255_quad_2/sub_34_52_g14713/Y    -       B->Y   F     NOR2_X3A_A9PP140ZTUL_C30           2  4.9    10     8     178    (-,-) 
  b2u_8to255_quad_2/sub_34_52_g14660/Y    -       C->Y   R     NAND3BB_X4M_A9PP140ZTUL_C30        4  7.8    13    10     188    (-,-) 
  b2u_8to255_quad_2/sub_34_52_g14556/Y    -       A->Y   F     NOR2_X4TA_A9PP140ZTUL_C30          2  6.6    10     7     195    (-,-) 
  b2u_8to255_quad_2/sub_34_52_g14476/Y    -       C->Y   R     NAND3BB_X6M_A9PP140ZTL_C30         1  5.4     9     7     202    (-,-) 
  b2u_8to255_quad_2/sub_34_52_g15042/Y    -       C->Y   F     NOR3BB_X8M_A9PP140ZTUL_C30         2  8.7    12     9     211    (-,-) 
  b2u_8to255_quad_2/sub_34_52_g14384/Y    -       A->Y   R     INV_X5M_A9PP140ZTL_C30             1  4.9     7     6     217    (-,-) 
  b2u_8to255_quad_2/sub_34_52_g14145/Y    -       B->Y   F     NOR2_X6A_A9PP140ZTUL_C30           2 10.5    10     7     224    (-,-) 
  b2u_8to255_quad_2/sub_34_52_g14040/Y    -       C->Y   R     NAND3BB_X8M_A9PP140ZTUL_C30        3 11.1    11     8     232    (-,-) 
  b2u_8to255_quad_2/sub_34_52_fopt15108/Y -       A->Y   R     BUF_X16M_A9PP140ZTUL_C30          32 58.3    13    14     247    (-,-) 
  b2u_8to255_quad_2/sub_34_52_g13820/Y    -       A->Y   F     NOR2_X2TA_A9PP140ZTUL_C30          2  3.9    13     7     254    (-,-) 
  b2u_8to255_quad_2/sub_34_52_g13753/Y    -       A->Y   R     INV_X1P4M_A9PP140ZTUL_C30          1  2.0     8     6     260    (-,-) 
  b2u_8to255_quad_2/sub_34_52_g13578/Y    -       B0->Y  F     OAI2XB1_X1P4M_A9PP140ZTUL_C30      1  1.7    11     7     267    (-,-) 
  b2u_8to255_quad_2/qOut_pipe_reg[114]/D  -       -      F     SDFFRPQH_X1M_A9PP140ZTUL_C30       1    -     -     0     268    (-,-) 
#-------------------------------------------------------------------------------------------------------------------------------------



Path 43: MET (54 ps) Setup Check with Pin b2u_8to255_quad_2/qOut_pipe_reg[103]/CK->D
           View: fast-fast-minrc
          Group: clk
     Startpoint: (R) im_pipe_1_reg[3]/CK
          Clock: (R) clk
       Endpoint: (F) b2u_8to255_quad_2/qOut_pipe_reg[103]/D
          Clock: (R) clk

                     Capture       Launch     
        Clock Edge:+     278            0     
       Src Latency:+       0            0     
       Net Latency:+     100 (I)      100 (I) 
           Arrival:=     378          100     
                                              
             Setup:-      -4                  
       Uncertainty:-      60                  
     Required Time:=     322                  
      Launch Clock:-     100                  
         Data Path:-     168                  
             Slack:=      54                  

#-------------------------------------------------------------------------------------------------------------------------------------
#              Timing Point               Flags    Arc   Edge             Cell               Fanout Load Trans Delay Arrival Instance 
#                                                                                                   (fF)  (ps)  (ps)   (ps)  Location 
#-------------------------------------------------------------------------------------------------------------------------------------
  im_pipe_1_reg[3]/CK                     -       -      R     (arrival)                       4172    -    25     0     100    (-,-) 
  im_pipe_1_reg[3]/QN                     -       CK->QN F     SDFFXRPQN_X2M_A9PP140ZTUL_C30      1  3.4    10    20     120    (-,-) 
  g212/Y                                  -       A->Y   R     INV_X4B_A9PP140ZTUL_C30            4  9.5    10     7     127    (-,-) 
  b2u_8to255_quad_2/g13151/Y              -       A->Y   R     BUFH_X6M_A9PP140ZTUL_C30           2 10.1     7     9     136    (-,-) 
  b2u_8to255_quad_2/g13097/Y              -       A->Y   F     NAND2_X6A_A9PP140ZTUL_C30          4 16.2    15     9     145    (-,-) 
  b2u_8to255_quad_2/g12996/Y              -       B->Y   F     OR2_X8M_A9PP140ZTUL_C30           16 35.7    14    17     162    (-,-) 
  b2u_8to255_quad_2/g12473/Y              -       B->Y   R     NOR2_X2TA_A9PP140ZTUL_C30          2  4.2    12     9     171    (-,-) 
  b2u_8to255_quad_2/sub_34_52_g14713/Y    -       B->Y   F     NOR2_X3A_A9PP140ZTUL_C30           2  4.9    10     8     178    (-,-) 
  b2u_8to255_quad_2/sub_34_52_g14660/Y    -       C->Y   R     NAND3BB_X4M_A9PP140ZTUL_C30        4  7.8    13    10     188    (-,-) 
  b2u_8to255_quad_2/sub_34_52_g14556/Y    -       A->Y   F     NOR2_X4TA_A9PP140ZTUL_C30          2  6.6    10     7     195    (-,-) 
  b2u_8to255_quad_2/sub_34_52_g14476/Y    -       C->Y   R     NAND3BB_X6M_A9PP140ZTL_C30         1  5.4     9     7     202    (-,-) 
  b2u_8to255_quad_2/sub_34_52_g15042/Y    -       C->Y   F     NOR3BB_X8M_A9PP140ZTUL_C30         2  8.7    12     9     211    (-,-) 
  b2u_8to255_quad_2/sub_34_52_g14384/Y    -       A->Y   R     INV_X5M_A9PP140ZTL_C30             1  4.9     7     6     217    (-,-) 
  b2u_8to255_quad_2/sub_34_52_g14145/Y    -       B->Y   F     NOR2_X6A_A9PP140ZTUL_C30           2 10.5    10     7     224    (-,-) 
  b2u_8to255_quad_2/sub_34_52_g14040/Y    -       C->Y   R     NAND3BB_X8M_A9PP140ZTUL_C30        3 11.1    11     8     232    (-,-) 
  b2u_8to255_quad_2/sub_34_52_fopt15110/Y -       A->Y   R     BUF_X13M_A9PP140ZTUL_C30          25 48.3    13    14     247    (-,-) 
  b2u_8to255_quad_2/sub_34_52_g13963/Y    -       A->Y   F     NOR2_X2TA_A9PP140ZTUL_C30          2  3.9    13     7     254    (-,-) 
  b2u_8to255_quad_2/sub_34_52_g13892/Y    -       A->Y   R     INV_X1P4M_A9PP140ZTUL_C30          1  2.0     8     6     260    (-,-) 
  b2u_8to255_quad_2/sub_34_52_g13570/Y    -       B0->Y  F     OAI2XB1_X1P4M_A9PP140ZTUL_C30      1  1.7    10     7     268    (-,-) 
  b2u_8to255_quad_2/qOut_pipe_reg[103]/D  -       -      F     SDFFRPQH_X1M_A9PP140ZTUL_C30       1    -     -     0     268    (-,-) 
#-------------------------------------------------------------------------------------------------------------------------------------



Path 44: MET (54 ps) Setup Check with Pin b2u_8to255_quad_2/qOut_pipe_reg[54]/CK->D
           View: fast-fast-minrc
          Group: clk
     Startpoint: (R) im_pipe_1_reg[3]/CK
          Clock: (R) clk
       Endpoint: (F) b2u_8to255_quad_2/qOut_pipe_reg[54]/D
          Clock: (R) clk

                     Capture       Launch     
        Clock Edge:+     278            0     
       Src Latency:+       0            0     
       Net Latency:+     100 (I)      100 (I) 
           Arrival:=     378          100     
                                              
             Setup:-      -4                  
       Uncertainty:-      60                  
     Required Time:=     322                  
      Launch Clock:-     100                  
         Data Path:-     168                  
             Slack:=      54                  

#-------------------------------------------------------------------------------------------------------------------------------------
#              Timing Point               Flags    Arc   Edge             Cell               Fanout Load Trans Delay Arrival Instance 
#                                                                                                   (fF)  (ps)  (ps)   (ps)  Location 
#-------------------------------------------------------------------------------------------------------------------------------------
  im_pipe_1_reg[3]/CK                     -       -      R     (arrival)                       4172    -    25     0     100    (-,-) 
  im_pipe_1_reg[3]/QN                     -       CK->QN F     SDFFXRPQN_X2M_A9PP140ZTUL_C30      1  3.4    10    20     120    (-,-) 
  g212/Y                                  -       A->Y   R     INV_X4B_A9PP140ZTUL_C30            4  9.5    10     7     127    (-,-) 
  b2u_8to255_quad_2/g13151/Y              -       A->Y   R     BUFH_X6M_A9PP140ZTUL_C30           2 10.1     7     9     136    (-,-) 
  b2u_8to255_quad_2/g13097/Y              -       A->Y   F     NAND2_X6A_A9PP140ZTUL_C30          4 16.2    15     9     145    (-,-) 
  b2u_8to255_quad_2/g12996/Y              -       B->Y   F     OR2_X8M_A9PP140ZTUL_C30           16 35.7    14    17     162    (-,-) 
  b2u_8to255_quad_2/g12473/Y              -       B->Y   R     NOR2_X2TA_A9PP140ZTUL_C30          2  4.2    12     9     171    (-,-) 
  b2u_8to255_quad_2/sub_34_52_g14713/Y    -       B->Y   F     NOR2_X3A_A9PP140ZTUL_C30           2  4.9    10     8     178    (-,-) 
  b2u_8to255_quad_2/sub_34_52_g14660/Y    -       C->Y   R     NAND3BB_X4M_A9PP140ZTUL_C30        4  7.8    13    10     188    (-,-) 
  b2u_8to255_quad_2/sub_34_52_g14556/Y    -       A->Y   F     NOR2_X4TA_A9PP140ZTUL_C30          2  6.6    10     7     195    (-,-) 
  b2u_8to255_quad_2/sub_34_52_g14476/Y    -       C->Y   R     NAND3BB_X6M_A9PP140ZTL_C30         1  5.4     9     7     202    (-,-) 
  b2u_8to255_quad_2/sub_34_52_g15042/Y    -       C->Y   F     NOR3BB_X8M_A9PP140ZTUL_C30         2  8.7    12     9     211    (-,-) 
  b2u_8to255_quad_2/sub_34_52_g14384/Y    -       A->Y   R     INV_X5M_A9PP140ZTL_C30             1  4.9     7     6     217    (-,-) 
  b2u_8to255_quad_2/sub_34_52_g14145/Y    -       B->Y   F     NOR2_X6A_A9PP140ZTUL_C30           2 10.5    10     7     224    (-,-) 
  b2u_8to255_quad_2/sub_34_52_g14040/Y    -       C->Y   R     NAND3BB_X8M_A9PP140ZTUL_C30        3 11.1    11     8     232    (-,-) 
  b2u_8to255_quad_2/sub_34_52_fopt15108/Y -       A->Y   R     BUF_X16M_A9PP140ZTUL_C30          32 58.3    13    14     247    (-,-) 
  b2u_8to255_quad_2/sub_34_52_g13856/Y    -       A->Y   F     NOR2_X2TA_A9PP140ZTUL_C30          2  4.1    12     8     254    (-,-) 
  b2u_8to255_quad_2/sub_34_52_g13779/Y    -       A->Y   R     INV_X1P4M_A9PP140ZTUL_C30          1  2.0     8     6     260    (-,-) 
  b2u_8to255_quad_2/sub_34_52_g13533/Y    -       B0->Y  F     OAI2XB1_X1P4M_A9PP140ZTUL_C30      1  1.7    11     7     267    (-,-) 
  b2u_8to255_quad_2/qOut_pipe_reg[54]/D   -       -      F     SDFFRPQH_X1M_A9PP140ZTUL_C30       1    -     -     0     268    (-,-) 
#-------------------------------------------------------------------------------------------------------------------------------------



Path 45: MET (54 ps) Setup Check with Pin b2u_8to255_quad_2/qOut_pipe_reg[46]/CK->D
           View: fast-fast-minrc
          Group: clk
     Startpoint: (R) im_pipe_1_reg[3]/CK
          Clock: (R) clk
       Endpoint: (F) b2u_8to255_quad_2/qOut_pipe_reg[46]/D
          Clock: (R) clk

                     Capture       Launch     
        Clock Edge:+     278            0     
       Src Latency:+       0            0     
       Net Latency:+     100 (I)      100 (I) 
           Arrival:=     378          100     
                                              
             Setup:-      -4                  
       Uncertainty:-      60                  
     Required Time:=     322                  
      Launch Clock:-     100                  
         Data Path:-     168                  
             Slack:=      54                  

#-------------------------------------------------------------------------------------------------------------------------------------
#              Timing Point               Flags    Arc   Edge             Cell               Fanout Load Trans Delay Arrival Instance 
#                                                                                                   (fF)  (ps)  (ps)   (ps)  Location 
#-------------------------------------------------------------------------------------------------------------------------------------
  im_pipe_1_reg[3]/CK                     -       -      R     (arrival)                       4172    -    25     0     100    (-,-) 
  im_pipe_1_reg[3]/QN                     -       CK->QN F     SDFFXRPQN_X2M_A9PP140ZTUL_C30      1  3.4    10    20     120    (-,-) 
  g212/Y                                  -       A->Y   R     INV_X4B_A9PP140ZTUL_C30            4  9.5    10     7     127    (-,-) 
  b2u_8to255_quad_2/g13151/Y              -       A->Y   R     BUFH_X6M_A9PP140ZTUL_C30           2 10.1     7     9     136    (-,-) 
  b2u_8to255_quad_2/g13097/Y              -       A->Y   F     NAND2_X6A_A9PP140ZTUL_C30          4 16.2    15     9     145    (-,-) 
  b2u_8to255_quad_2/g12996/Y              -       B->Y   F     OR2_X8M_A9PP140ZTUL_C30           16 35.7    14    17     162    (-,-) 
  b2u_8to255_quad_2/g12473/Y              -       B->Y   R     NOR2_X2TA_A9PP140ZTUL_C30          2  4.2    12     9     171    (-,-) 
  b2u_8to255_quad_2/sub_34_52_g14713/Y    -       B->Y   F     NOR2_X3A_A9PP140ZTUL_C30           2  4.9    10     8     178    (-,-) 
  b2u_8to255_quad_2/sub_34_52_g14660/Y    -       C->Y   R     NAND3BB_X4M_A9PP140ZTUL_C30        4  7.8    13    10     188    (-,-) 
  b2u_8to255_quad_2/sub_34_52_g14556/Y    -       A->Y   F     NOR2_X4TA_A9PP140ZTUL_C30          2  6.6    10     7     195    (-,-) 
  b2u_8to255_quad_2/sub_34_52_g14476/Y    -       C->Y   R     NAND3BB_X6M_A9PP140ZTL_C30         1  5.4     9     7     202    (-,-) 
  b2u_8to255_quad_2/sub_34_52_g15042/Y    -       C->Y   F     NOR3BB_X8M_A9PP140ZTUL_C30         2  8.7    12     9     211    (-,-) 
  b2u_8to255_quad_2/sub_34_52_g14384/Y    -       A->Y   R     INV_X5M_A9PP140ZTL_C30             1  4.9     7     6     217    (-,-) 
  b2u_8to255_quad_2/sub_34_52_g14145/Y    -       B->Y   F     NOR2_X6A_A9PP140ZTUL_C30           2 10.5    10     7     224    (-,-) 
  b2u_8to255_quad_2/sub_34_52_g14040/Y    -       C->Y   R     NAND3BB_X8M_A9PP140ZTUL_C30        3 11.1    11     8     232    (-,-) 
  b2u_8to255_quad_2/sub_34_52_fopt15108/Y -       A->Y   R     BUF_X16M_A9PP140ZTUL_C30          32 58.3    13    14     247    (-,-) 
  b2u_8to255_quad_2/sub_34_52_g13846/Y    -       A->Y   F     NOR2_X2TA_A9PP140ZTUL_C30          2  4.1    12     8     254    (-,-) 
  b2u_8to255_quad_2/sub_34_52_g13772/Y    -       A->Y   R     INV_X1P4M_A9PP140ZTUL_C30          1  2.0     8     6     260    (-,-) 
  b2u_8to255_quad_2/sub_34_52_g13532/Y    -       B0->Y  F     OAI2XB1_X1P4M_A9PP140ZTUL_C30      1  1.7    11     7     267    (-,-) 
  b2u_8to255_quad_2/qOut_pipe_reg[46]/D   -       -      F     SDFFRPQH_X1M_A9PP140ZTUL_C30       1    -     -     0     268    (-,-) 
#-------------------------------------------------------------------------------------------------------------------------------------



Path 46: MET (54 ps) Setup Check with Pin b2u_8to255_quad_1/qOut_pipe_reg[2]/CK->D
           View: fast-fast-minrc
          Group: clk
     Startpoint: (R) im_pipe_0_reg[4]/CK
          Clock: (R) clk
       Endpoint: (R) b2u_8to255_quad_1/qOut_pipe_reg[2]/D
          Clock: (R) clk

                     Capture       Launch     
        Clock Edge:+     278            0     
       Src Latency:+       0            0     
       Net Latency:+     100 (I)      100 (I) 
           Arrival:=     378          100     
                                              
             Setup:-      -2                  
       Uncertainty:-      60                  
     Required Time:=     320                  
      Launch Clock:-     100                  
         Data Path:-     166                  
             Slack:=      54                  

#----------------------------------------------------------------------------------------------------------------------------------
#            Timing Point              Flags    Arc   Edge             Cell               Fanout Load Trans Delay Arrival Instance 
#                                                                                                (fF)  (ps)  (ps)   (ps)  Location 
#----------------------------------------------------------------------------------------------------------------------------------
  im_pipe_0_reg[4]/CK                  -       -      R     (arrival)                       4172    -    25     0     100    (-,-) 
  im_pipe_0_reg[4]/QN                  -       CK->QN R     SDFFXRPQN_X2M_A9PP140ZTUL_C30      1  3.4    10    16     116    (-,-) 
  g173/Y                               -       A->Y   F     INV_X4B_A9PP140ZTUL_C30            4 10.8    14    10     126    (-,-) 
  b2u_8to255_quad_1/g13119/Y           -       A->Y   R     INV_X6M_A9PP140ZTUL_C30            5 19.9    13    10     136    (-,-) 
  b2u_8to255_quad_1/g13066__4319/Y     -       A->Y   F     NAND2_X6M_A9PP140ZTUL_C30          4 15.8    15    10     145    (-,-) 
  b2u_8to255_quad_1/g13016__1881/Y     -       A->Y   F     OR2_X8M_A9PP140ZTUL_C30           16 34.8    14    16     161    (-,-) 
  b2u_8to255_quad_1/g12746__6783/Y     -       A->Y   R     NOR2_X2A_A9PP140ZTUL_C30           2  4.3    14    10     171    (-,-) 
  b2u_8to255_quad_1/sub_34_52_g14738/Y -       B->Y   F     NOR2_X3A_A9PP140ZTUL_C30           2  3.7    10     7     178    (-,-) 
  b2u_8to255_quad_1/sub_34_52_g14582/Y -       B->Y   R     NAND2_X2M_A9PP140ZTUL_C30          1  2.6    11     9     187    (-,-) 
  b2u_8to255_quad_1/sub_34_52_g14475/Y -       D->Y   R     OR4_X4M_A9PP140ZTUL_C30            1  4.9    10    14     201    (-,-) 
  b2u_8to255_quad_1/sub_34_52_g14421/Y -       A->Y   F     NOR2_X6A_A9PP140ZTUL_C30           2  8.7    10     6     208    (-,-) 
  b2u_8to255_quad_1/sub_34_52_g14318/Y -       A->Y   F     AND3_X11M_A9PP140ZTUL_C30         28 59.9    17    18     226    (-,-) 
  b2u_8to255_quad_1/sub_34_52_g14233/Y -       B->Y   R     NAND2_X4M_A9PP140ZTUL_C30          4  9.3    16    12     238    (-,-) 
  b2u_8to255_quad_1/sub_34_52_g13816/Y -       AN->Y  R     NAND3BB_X2M_A9PP140ZTUL_C30        2  3.4    12    14     253    (-,-) 
  b2u_8to255_quad_1/sub_34_52_g13547/Y -       A0->Y  R     AO21B_X1M_A9PP140ZTUL_C30          1  1.7    10    13     266    (-,-) 
  b2u_8to255_quad_1/qOut_pipe_reg[2]/D -       -      R     SDFFRPQH_X1M_A9PP140ZTL_C30        1    -     -     0     266    (-,-) 
#----------------------------------------------------------------------------------------------------------------------------------



Path 47: MET (54 ps) Setup Check with Pin b2u_8to255_quad_4/qOut_pipe_reg[90]/CK->D
           View: fast-fast-minrc
          Group: clk
     Startpoint: (R) im_pipe_3_reg[1]/CK
          Clock: (R) clk
       Endpoint: (F) b2u_8to255_quad_4/qOut_pipe_reg[90]/D
          Clock: (R) clk

                     Capture       Launch     
        Clock Edge:+     278            0     
       Src Latency:+       0            0     
       Net Latency:+     100 (I)      100 (I) 
           Arrival:=     378          100     
                                              
             Setup:-      -4                  
       Uncertainty:-      60                  
     Required Time:=     322                  
      Launch Clock:-     100                  
         Data Path:-     167                  
             Slack:=      54                  

#-------------------------------------------------------------------------------------------------------------------------------------
#              Timing Point               Flags    Arc   Edge             Cell               Fanout Load Trans Delay Arrival Instance 
#                                                                                                   (fF)  (ps)  (ps)   (ps)  Location 
#-------------------------------------------------------------------------------------------------------------------------------------
  im_pipe_3_reg[1]/CK                     -       -      R     (arrival)                       4172    -    25     0     100    (-,-) 
  im_pipe_3_reg[1]/QN                     -       CK->QN R     SDFFXRPQN_X2M_A9PP140ZTUL_C30      1  3.4    10    16     116    (-,-) 
  g169/Y                                  -       A->Y   F     INV_X4B_A9PP140ZTUL_C30            7 19.4    23    15     131    (-,-) 
  b2u_8to255_quad_4/g13154/Y              -       A->Y   R     INV_X7P5M_A9PP140ZTL_C30           4 14.4    12     9     140    (-,-) 
  b2u_8to255_quad_4/g13065/Y              -       A->Y   F     NAND2_X8M_A9PP140ZTUL_C30          4 15.8    12     8     148    (-,-) 
  b2u_8to255_quad_4/g13029/Y              -       A->Y   F     OR2_X8TM_A9PP140ZTUL_C30          16 32.3    12    14     162    (-,-) 
  b2u_8to255_quad_4/g12588/Y              -       A->Y   R     NOR2_X2TA_A9PP140ZTUL_C30          2  4.3    12     9     171    (-,-) 
  b2u_8to255_quad_4/sub_34_52_g14727/Y    -       B->Y   F     NOR2_X3A_A9PP140ZTUL_C30           2  5.3    11     8     179    (-,-) 
  b2u_8to255_quad_4/sub_34_52_g14634/Y    -       C->Y   R     NAND3BB_X4M_A9PP140ZTUL_C30        1  5.1    11     8     187    (-,-) 
  b2u_8to255_quad_4/sub_34_52_g14556/Y    -       B->Y   F     NOR2_X4TA_A9PP140ZTUL_C30          2  7.8    11     8     195    (-,-) 
  b2u_8to255_quad_4/sub_34_52_g14476/Y    -       C->Y   R     NAND3BB_X8M_A9PP140ZTUL_C30        1  5.4     8     7     201    (-,-) 
  b2u_8to255_quad_4/sub_34_52_g15042/Y    -       C->Y   F     NOR3BB_X8M_A9PP140ZTUL_C30         2  8.7    12     9     210    (-,-) 
  b2u_8to255_quad_4/sub_34_52_g14384/Y    -       A->Y   R     INV_X5M_A9PP140ZTL_C30             1  7.6     8     7     217    (-,-) 
  b2u_8to255_quad_4/sub_34_52_g14145/Y    -       B->Y   F     NOR2_X11A_A9PP140ZTL_C30           3 12.2     8     7     223    (-,-) 
  b2u_8to255_quad_4/sub_34_52_g14040/Y    -       C->Y   R     NAND3BB_X8M_A9PP140ZTUL_C30        3 11.1    10     8     231    (-,-) 
  b2u_8to255_quad_4/sub_34_52_fopt15078/Y -       A->Y   R     BUF_X13M_A9PP140ZTUL_C30          28 50.9    14    15     246    (-,-) 
  b2u_8to255_quad_4/sub_34_52_g13845/Y    -       A->Y   F     NOR2_X2A_A9PP140ZTUL_C30           2  4.1    13     8     254    (-,-) 
  b2u_8to255_quad_4/sub_34_52_g13771/Y    -       A->Y   R     INV_X1P4M_A9PP140ZTUL_C30          1  2.0     8     6     260    (-,-) 
  b2u_8to255_quad_4/sub_34_52_g13530/Y    -       B0->Y  F     OAI2XB1_X1P4M_A9PP140ZTUL_C30      1  1.7    11     7     267    (-,-) 
  b2u_8to255_quad_4/qOut_pipe_reg[90]/D   -       -      F     SDFFRPQH_X1M_A9PP140ZTUL_C30       1    -     -     0     267    (-,-) 
#-------------------------------------------------------------------------------------------------------------------------------------



Path 48: MET (54 ps) Setup Check with Pin b2u_8to255_quad_4/qOut_pipe_reg[2]/CK->D
           View: fast-fast-minrc
          Group: clk
     Startpoint: (R) im_pipe_3_reg[1]/CK
          Clock: (R) clk
       Endpoint: (R) b2u_8to255_quad_4/qOut_pipe_reg[2]/D
          Clock: (R) clk

                     Capture       Launch     
        Clock Edge:+     278            0     
       Src Latency:+       0            0     
       Net Latency:+     100 (I)      100 (I) 
           Arrival:=     378          100     
                                              
             Setup:-      -2                  
       Uncertainty:-      60                  
     Required Time:=     320                  
      Launch Clock:-     100                  
         Data Path:-     166                  
             Slack:=      54                  

#----------------------------------------------------------------------------------------------------------------------------------
#            Timing Point              Flags    Arc   Edge             Cell               Fanout Load Trans Delay Arrival Instance 
#                                                                                                (fF)  (ps)  (ps)   (ps)  Location 
#----------------------------------------------------------------------------------------------------------------------------------
  im_pipe_3_reg[1]/CK                  -       -      R     (arrival)                       4172    -    25     0     100    (-,-) 
  im_pipe_3_reg[1]/QN                  -       CK->QN R     SDFFXRPQN_X2M_A9PP140ZTUL_C30      1  3.4    10    16     116    (-,-) 
  g169/Y                               -       A->Y   F     INV_X4B_A9PP140ZTUL_C30            7 19.4    23    15     131    (-,-) 
  b2u_8to255_quad_4/g13154/Y           -       A->Y   R     INV_X7P5M_A9PP140ZTL_C30           4 14.4    12     9     140    (-,-) 
  b2u_8to255_quad_4/g13093/Y           -       A->Y   F     NAND2_X4M_A9PP140ZTUL_C30          2  7.6    12     8     147    (-,-) 
  b2u_8to255_quad_4/g13079/Y           -       A->Y   R     INV_X4M_A9PP140ZTUL_C30            2  8.5     9     7     155    (-,-) 
  b2u_8to255_quad_4/g12981_0/Y         -       A->Y   F     NAND2_X6TA_A9PP140ZTS_C30          8 15.9    15    11     166    (-,-) 
  b2u_8to255_quad_4/g12771/Y           -       A->Y   R     NOR2_X2TA_A9PP140ZTUL_C30          2  4.3    13    10     175    (-,-) 
  b2u_8to255_quad_4/sub_34_52_g14796/Y -       A->Y   F     NOR2_X3A_A9PP140ZTUL_C30           2  4.8    10     7     182    (-,-) 
  b2u_8to255_quad_4/sub_34_52_g14599/Y -       A->Y   R     NAND2_X4M_A9PP140ZTUL_C30          2  5.3    11     8     190    (-,-) 
  b2u_8to255_quad_4/sub_34_52_g14553/Y -       B->Y   F     NOR2_X4A_A9PP140ZTUL_C30           2  6.6    10     8     197    (-,-) 
  b2u_8to255_quad_4/sub_34_52_g14456/Y -       B->Y   R     NAND2_X6M_A9PP140ZTUL_C30          4 10.1    12     9     206    (-,-) 
  b2u_8to255_quad_4/sub_34_52_g14316/Y -       A->Y   R     OR3_X8M_A9PP140ZTUL_C30           20 35.7    16    18     224    (-,-) 
  b2u_8to255_quad_4/sub_34_52_g14283/Y -       A->Y   F     INV_X7P5M_A9PP140ZTUL_C30          4 10.5     8     5     230    (-,-) 
  b2u_8to255_quad_4/sub_34_52_g14233/Y -       A->Y   R     NAND2_X4M_A9PP140ZTUL_C30          4  7.9    15     9     238    (-,-) 
  b2u_8to255_quad_4/sub_34_52_g13816/Y -       AN->Y  R     NAND3BB_X2M_A9PP140ZTUL_C30        2  3.4    12    14     252    (-,-) 
  b2u_8to255_quad_4/sub_34_52_g13547/Y -       A0->Y  R     AO21B_X1M_A9PP140ZTUL_C30          1  1.7    10    13     266    (-,-) 
  b2u_8to255_quad_4/qOut_pipe_reg[2]/D -       -      R     SDFFRPQH_X1M_A9PP140ZTL_C30        1    -     -     0     266    (-,-) 
#----------------------------------------------------------------------------------------------------------------------------------



Path 49: MET (54 ps) Setup Check with Pin b2u_8to255_quad_2/qOut_pipe_reg[78]/CK->D
           View: fast-fast-minrc
          Group: clk
     Startpoint: (R) im_pipe_1_reg[3]/CK
          Clock: (R) clk
       Endpoint: (F) b2u_8to255_quad_2/qOut_pipe_reg[78]/D
          Clock: (R) clk

                     Capture       Launch     
        Clock Edge:+     278            0     
       Src Latency:+       0            0     
       Net Latency:+     100 (I)      100 (I) 
           Arrival:=     378          100     
                                              
             Setup:-      -4                  
       Uncertainty:-      60                  
     Required Time:=     322                  
      Launch Clock:-     100                  
         Data Path:-     168                  
             Slack:=      54                  

#-------------------------------------------------------------------------------------------------------------------------------------
#              Timing Point               Flags    Arc   Edge             Cell               Fanout Load Trans Delay Arrival Instance 
#                                                                                                   (fF)  (ps)  (ps)   (ps)  Location 
#-------------------------------------------------------------------------------------------------------------------------------------
  im_pipe_1_reg[3]/CK                     -       -      R     (arrival)                       4172    -    25     0     100    (-,-) 
  im_pipe_1_reg[3]/QN                     -       CK->QN F     SDFFXRPQN_X2M_A9PP140ZTUL_C30      1  3.4    10    20     120    (-,-) 
  g212/Y                                  -       A->Y   R     INV_X4B_A9PP140ZTUL_C30            4  9.5    10     7     127    (-,-) 
  b2u_8to255_quad_2/g13151/Y              -       A->Y   R     BUFH_X6M_A9PP140ZTUL_C30           2 10.1     7     9     136    (-,-) 
  b2u_8to255_quad_2/g13097/Y              -       A->Y   F     NAND2_X6A_A9PP140ZTUL_C30          4 16.2    15     9     145    (-,-) 
  b2u_8to255_quad_2/g12996/Y              -       B->Y   F     OR2_X8M_A9PP140ZTUL_C30           16 35.7    14    17     162    (-,-) 
  b2u_8to255_quad_2/g12473/Y              -       B->Y   R     NOR2_X2TA_A9PP140ZTUL_C30          2  4.2    12     9     171    (-,-) 
  b2u_8to255_quad_2/sub_34_52_g14713/Y    -       B->Y   F     NOR2_X3A_A9PP140ZTUL_C30           2  4.9    10     8     178    (-,-) 
  b2u_8to255_quad_2/sub_34_52_g14660/Y    -       C->Y   R     NAND3BB_X4M_A9PP140ZTUL_C30        4  7.8    13    10     188    (-,-) 
  b2u_8to255_quad_2/sub_34_52_g14556/Y    -       A->Y   F     NOR2_X4TA_A9PP140ZTUL_C30          2  6.6    10     7     195    (-,-) 
  b2u_8to255_quad_2/sub_34_52_g14476/Y    -       C->Y   R     NAND3BB_X6M_A9PP140ZTL_C30         1  5.4     9     7     202    (-,-) 
  b2u_8to255_quad_2/sub_34_52_g15042/Y    -       C->Y   F     NOR3BB_X8M_A9PP140ZTUL_C30         2  8.7    12     9     211    (-,-) 
  b2u_8to255_quad_2/sub_34_52_g14384/Y    -       A->Y   R     INV_X5M_A9PP140ZTL_C30             1  4.9     7     6     217    (-,-) 
  b2u_8to255_quad_2/sub_34_52_g14145/Y    -       B->Y   F     NOR2_X6A_A9PP140ZTUL_C30           2 10.5    10     7     224    (-,-) 
  b2u_8to255_quad_2/sub_34_52_g14040/Y    -       C->Y   R     NAND3BB_X8M_A9PP140ZTUL_C30        3 11.1    11     8     232    (-,-) 
  b2u_8to255_quad_2/sub_34_52_fopt15109/Y -       A->Y   R     BUF_X7P5M_A9PP140ZTUL_C30         17 31.8    14    15     247    (-,-) 
  b2u_8to255_quad_2/sub_34_52_g13805/Y    -       A->Y   F     NOR2_X2A_A9PP140ZTUL_C30           2  4.1    12     8     255    (-,-) 
  b2u_8to255_quad_2/sub_34_52_g13743/Y    -       A->Y   R     INV_X1P4M_A9PP140ZTUL_C30          1  2.2     8     6     261    (-,-) 
  b2u_8to255_quad_2/sub_34_52_g13541/Y    -       B0->Y  F     OAI2XB1_X2M_A9PP140ZTUL_C30        1  1.7     9     6     268    (-,-) 
  b2u_8to255_quad_2/qOut_pipe_reg[78]/D   -       -      F     SDFFRPQH_X1M_A9PP140ZTUL_C30       1    -     -     0     268    (-,-) 
#-------------------------------------------------------------------------------------------------------------------------------------



Path 50: MET (54 ps) Setup Check with Pin b2u_8to255_quad_1/qOut_pipe_reg[6]/CK->D
           View: fast-fast-minrc
          Group: clk
     Startpoint: (R) im_pipe_0_reg[0]/CK
          Clock: (R) clk
       Endpoint: (R) b2u_8to255_quad_1/qOut_pipe_reg[6]/D
          Clock: (R) clk

                     Capture       Launch     
        Clock Edge:+     278            0     
       Src Latency:+       0            0     
       Net Latency:+     100 (I)      100 (I) 
           Arrival:=     378          100     
                                              
             Setup:-      -3                  
       Uncertainty:-      60                  
     Required Time:=     321                  
      Launch Clock:-     100                  
         Data Path:-     167                  
             Slack:=      54                  

#-------------------------------------------------------------------------------------------------------------------------------------
#              Timing Point               Flags    Arc   Edge             Cell               Fanout Load Trans Delay Arrival Instance 
#                                                                                                   (fF)  (ps)  (ps)   (ps)  Location 
#-------------------------------------------------------------------------------------------------------------------------------------
  im_pipe_0_reg[0]/CK                     -       -      R     (arrival)                       4172    -    25     0     100    (-,-) 
  im_pipe_0_reg[0]/QN                     -       CK->QN F     SDFFXRPQN_X2M_A9PP140ZTUL_C30      1  3.4    10    20     120    (-,-) 
  g215/Y                                  -       A->Y   R     INV_X4B_A9PP140ZTUL_C30            4  9.5    10     7     127    (-,-) 
  b2u_8to255_quad_1/g13109/Y              -       A->Y   R     BUFH_X6M_A9PP140ZTUL_C30           2 10.1     7     9     136    (-,-) 
  b2u_8to255_quad_1/g13074__5122/Y        -       A->Y   F     NAND2_X6A_A9PP140ZTUL_C30          4 16.0    14     9     145    (-,-) 
  b2u_8to255_quad_1/fopt15980/Y           -       A->Y   R     INV_X3P5M_A9PP140ZTUL_C30          1  8.2    10     8     153    (-,-) 
  b2u_8to255_quad_1/g12978__8246/Y        -       A->Y   F     NAND2_X11A_A9PP140ZTUL_C30         9 21.7    12     8     162    (-,-) 
  b2u_8to255_quad_1/g12970/Y              -       A->Y   F     BUFH_X6M_A9PP140ZTUL_C30           8 15.0     8    10     172    (-,-) 
  b2u_8to255_quad_1/g12614__6131/Y        -       A->Y   R     NOR2_X2A_A9PP140ZTUL_C30           2  3.7    13     8     180    (-,-) 
  b2u_8to255_quad_1/sub_34_52_g14797/Y    -       A->Y   R     OR2_X3M_A9PP140ZTUL_C30            3  6.6     9    12     192    (-,-) 
  b2u_8to255_quad_1/sub_34_52_g14647/Y    -       A->Y   F     NOR2_X4A_A9PP140ZTUL_C30           3  6.5     9     6     198    (-,-) 
  b2u_8to255_quad_1/sub_34_52_g14491/Y    -       C->Y   R     NAND3BB_X4M_A9PP140ZTUL_C30        4 10.2    15    11     209    (-,-) 
  b2u_8to255_quad_1/sub_34_52_g14420/Y    -       A->Y   F     NOR2_X6TA_A9PP140ZTUL_C30         11 19.3    15    11     220    (-,-) 
  b2u_8to255_quad_1/sub_34_52_g14339/Y    -       C->Y   R     NAND3BB_X2M_A9PP140ZTUL_C30        1  1.9    10     8     228    (-,-) 
  b2u_8to255_quad_1/sub_34_52_g14123/Y    -       AN->Y  R     NAND3BB_X2M_A9PP140ZTUL_C30        1  1.8    10    12     240    (-,-) 
  b2u_8to255_quad_1/sub_34_52_g13965/Y    -       BN->Y  R     NAND2XB_X2M_A9PP140ZTUL_C30        2  5.2    15    16     256    (-,-) 
  b2u_8to255_quad_1/sub_34_52_fopt15080/Y -       A->Y   F     INV_X3P5M_A9PP140ZTUL_C30          1  2.4     6     3     260    (-,-) 
  b2u_8to255_quad_1/sub_34_52_g13568/Y    -       A0->Y  R     OAI2XB1_X2M_A9PP140ZTUL_C30        1  1.7    12     7     266    (-,-) 
  b2u_8to255_quad_1/qOut_pipe_reg[6]/D    -       -      R     SDFFRPQH_X1M_A9PP140ZTUL_C30       1    -     -     0     267    (-,-) 
#-------------------------------------------------------------------------------------------------------------------------------------

