============================================================
  Generated by:           Genus(TM) Synthesis Solution 23.10-p004_1
  Generated on:           Jan 13 2026  08:38:50 pm
  Module:                 scpa_dig_ana_ppfir
  Operating conditions:   ssg_cworstt_max_0p81v_125c 
  Operating conditions:   ffg_cbestt_min_0p99v_m40c 
  Operating conditions:   tt_ctypical_max_0p90v_25c 
  Interconnect mode:      global
  Area mode:              physical library
============================================================


Path 1: VIOLATED (-168 ps) Setup Check with Pin b2u_8to255_quad_4_qOut_reg[88]/CK->D
           View: func-typ-typ
          Group: clk
     Startpoint: (R) pp_fir_blocked_1_1/pp_fir_bottom_half_1_1/pp_fir_u_7_1_1/pp_fir_7_1_1/sum5_1_im_1_reg[23]/CK
          Clock: (R) clk
       Endpoint: (F) b2u_8to255_quad_4_qOut_reg[88]/D
          Clock: (R) clk

                     Capture       Launch     
        Clock Edge:+     250            0     
       Src Latency:+       0            0     
       Net Latency:+     200 (I)      200 (I) 
           Arrival:=     450          200     
                                              
             Setup:-      -7                  
       Uncertainty:-     100                  
     Required Time:=     357                  
      Launch Clock:-     200                  
         Data Path:-     325                  
             Slack:=    -168                  

#------------------------------------------------------------------------------------------------------------------------------------------------------------------------------------------
#                                        Timing Point                                          Flags    Arc   Edge             Cell               Fanout Load Trans Delay Arrival Instance 
#                                                                                                                                                        (fF)  (ps)  (ps)   (ps)  Location 
#------------------------------------------------------------------------------------------------------------------------------------------------------------------------------------------
  pp_fir_blocked_1_1/pp_fir_bottom_half_1_1/pp_fir_u_7_1_1/pp_fir_7_1_1/sum5_1_im_1_reg[23]/CK -       -      R     (arrival)                      21040    -    25     0     200    (-,-) 
  pp_fir_blocked_1_1/pp_fir_bottom_half_1_1/pp_fir_u_7_1_1/pp_fir_7_1_1/sum5_1_im_1_reg[23]/QN -       CK->QN R     SDFFXRPQN_X2M_A9PP140ZTUL_C30      1  3.1    12    20     220    (-,-) 
  pp_fir_blocked_1_1/pp_fir_bottom_half_1_1/pp_fir_u_7_1_1/pp_fir_7_1_1/g37672/Y               -       A->Y   F     INV_X4B_A9PP140ZTUL_C30            7 12.9    20    14     234    (-,-) 
  pp_fir_blocked_1_1/pp_fir_bottom_half_1_1/pp_fir_u_7_1_1/signed_mag_3/g3491/Y                -       A->Y   F     OR2_X4TM_A9PP140ZTUL_C30           2  7.2    10    16     250    (-,-) 
  pp_fir_blocked_1_1/pp_fir_bottom_half_1_1/pp_fir_u_7_1_1/signed_mag_3/g3475/Y                -       A1->Y  R     OAI21_X4M_A9PP140ZTUL_C30          1  4.2    14    12     262    (-,-) 
  pp_fir_blocked_1_1/pp_fir_bottom_half_1_1/pp_fir_u_7_1_1/signed_mag_3/g3460/Y                -       A->Y   R     XNOR2_X4M_A9PP140ZTUL_C30          2  6.8    21    12     274    (-,-) 
  g21045/Y                                                                                     -       A->Y   F     NAND2_X3B_A9PP140ZTUL_C30          1  3.5    14    10     284    (-,-) 
  g21025/Y                                                                                     -       B0N->Y R     AO21B_X4M_A9PP140ZTUL_C30          3  7.4    13    10     293    (-,-) 
  g20839/Y                                                                                     -       B->Y   F     NAND2_X3B_A9PP140ZTUL_C30          2  6.0    16    11     305    (-,-) 
  g20736/Y                                                                                     -       A->Y   R     NOR2XB_X3M_A9PP140ZTL_C30          1  2.5    12     9     314    (-,-) 
  g20594/Y                                                                                     -       B1->Y  R     AO1B2_X4M_A9PP140ZTUL_C30          1  4.2    10    15     329    (-,-) 
  g20534/Y                                                                                     -       A->Y   R     XNOR2_X4M_A9PP140ZTUL_C30          3  8.5    22    13     342    (-,-) 
  g20416/Y                                                                                     -       A->Y   R     OR2_X4TM_A9PP140ZTUL_C30           4 15.6    18    20     363    (-,-) 
  g20231/Y                                                                                     -       B->Y   R     OR2_X8M_A9PP140ZTUL_C30           16 32.2    17    20     383    (-,-) 
  g19635/Y                                                                                     -       A->Y   F     NOR2_X2TA_A9PP140ZTUL_C30          2  4.3    15    10     393    (-,-) 
  b2u_8to255_quad_4_sub_27_47_g15741/Y                                                         -       B->Y   R     NOR2_X3A_A9PP140ZTUL_C30           2  4.0    14    12     404    (-,-) 
  b2u_8to255_quad_4_sub_27_47_g15598/Y                                                         -       C->Y   F     NAND3BB_X3M_A9PP140ZTUL_C30        2  3.5    11     8     413    (-,-) 
  b2u_8to255_quad_4_sub_27_47_g16015/Y                                                         -       A->Y   R     NOR3_X2A_A9PP140ZTUL_C30           2  4.7    28    18     430    (-,-) 
  b2u_8to255_quad_4_sub_27_47_g15392/Y                                                         -       C->Y   F     NAND3BB_X4M_A9PP140ZTUL_C30        2  4.4    13     9     439    (-,-) 
  b2u_8to255_quad_4_sub_27_47_g15240/Y                                                         -       A->Y   R     NOR2_X4TA_A9PP140ZTUL_C30          2  6.5    13    10     449    (-,-) 
  b2u_8to255_quad_4_sub_27_47_g15137/Y                                                         -       A->Y   F     NAND2_X6M_A9PP140ZTUL_C30          2  7.8    12     8     458    (-,-) 
  b2u_8to255_quad_4_sub_27_47_g14916/Y                                                         -       B->Y   R     NOR2_X8A_A9PP140ZTUL_C30           4 16.2    18    13     471    (-,-) 
  b2u_8to255_quad_4_sub_27_47_fopt10/Y                                                         -       A->Y   F     INV_X6M_A9PP140ZTUL_C30            8 23.0    17    12     483    (-,-) 
  b2u_8to255_quad_4_sub_27_47_fopt5/Y                                                          -       A->Y   R     INV_X3P5M_A9PP140ZTUL_C30          6 11.4    16    12     495    (-,-) 
  b2u_8to255_quad_4_sub_27_47_g14843/Y                                                         -       A->Y   F     NAND2_X2B_A9PP140ZTUL_C30          2  4.1    16    11     506    (-,-) 
  b2u_8to255_quad_4_sub_27_47_g14533/Y                                                         -       A->Y   R     NAND2_X2M_A9PP140ZTUL_C30          1  1.7    11     9     516    (-,-) 
  b2u_8to255_quad_4_sub_27_47_g14397/Y                                                         -       A->Y   F     NAND2_X1B_A9PP140ZTUL_C30          1  1.5    13    10     525    (-,-) 
  b2u_8to255_quad_4_qOut_reg[88]/D                                                             -       -      F     SDFFRPQH_X4M_A9PP140ZTUL_C30       1    -     -     0     525    (-,-) 
#------------------------------------------------------------------------------------------------------------------------------------------------------------------------------------------



Path 2: VIOLATED (-168 ps) Setup Check with Pin b2u_8to255_quad_4_qOut_reg[82]/CK->D
           View: func-typ-typ
          Group: clk
     Startpoint: (R) pp_fir_blocked_1_1/pp_fir_bottom_half_1_1/pp_fir_u_7_1_1/pp_fir_7_1_1/sum5_1_im_1_reg[23]/CK
          Clock: (R) clk
       Endpoint: (F) b2u_8to255_quad_4_qOut_reg[82]/D
          Clock: (R) clk

                     Capture       Launch     
        Clock Edge:+     250            0     
       Src Latency:+       0            0     
       Net Latency:+     200 (I)      200 (I) 
           Arrival:=     450          200     
                                              
             Setup:-      -7                  
       Uncertainty:-     100                  
     Required Time:=     357                  
      Launch Clock:-     200                  
         Data Path:-     324                  
             Slack:=    -168                  

#------------------------------------------------------------------------------------------------------------------------------------------------------------------------------------------
#                                        Timing Point                                          Flags    Arc   Edge             Cell               Fanout Load Trans Delay Arrival Instance 
#                                                                                                                                                        (fF)  (ps)  (ps)   (ps)  Location 
#------------------------------------------------------------------------------------------------------------------------------------------------------------------------------------------
  pp_fir_blocked_1_1/pp_fir_bottom_half_1_1/pp_fir_u_7_1_1/pp_fir_7_1_1/sum5_1_im_1_reg[23]/CK -       -      R     (arrival)                      21040    -    25     0     200    (-,-) 
  pp_fir_blocked_1_1/pp_fir_bottom_half_1_1/pp_fir_u_7_1_1/pp_fir_7_1_1/sum5_1_im_1_reg[23]/QN -       CK->QN R     SDFFXRPQN_X2M_A9PP140ZTUL_C30      1  3.1    12    20     220    (-,-) 
  pp_fir_blocked_1_1/pp_fir_bottom_half_1_1/pp_fir_u_7_1_1/pp_fir_7_1_1/g37672/Y               -       A->Y   F     INV_X4B_A9PP140ZTUL_C30            7 12.9    20    14     234    (-,-) 
  pp_fir_blocked_1_1/pp_fir_bottom_half_1_1/pp_fir_u_7_1_1/signed_mag_3/g3491/Y                -       A->Y   F     OR2_X4TM_A9PP140ZTUL_C30           2  7.2    10    16     250    (-,-) 
  pp_fir_blocked_1_1/pp_fir_bottom_half_1_1/pp_fir_u_7_1_1/signed_mag_3/g3475/Y                -       A1->Y  R     OAI21_X4M_A9PP140ZTUL_C30          1  4.2    14    12     262    (-,-) 
  pp_fir_blocked_1_1/pp_fir_bottom_half_1_1/pp_fir_u_7_1_1/signed_mag_3/g3460/Y                -       A->Y   R     XNOR2_X4M_A9PP140ZTUL_C30          2  6.8    21    12     274    (-,-) 
  g21045/Y                                                                                     -       A->Y   F     NAND2_X3B_A9PP140ZTUL_C30          1  3.5    14    10     284    (-,-) 
  g21025/Y                                                                                     -       B0N->Y R     AO21B_X4M_A9PP140ZTUL_C30          3  7.4    13    10     293    (-,-) 
  g20839/Y                                                                                     -       B->Y   F     NAND2_X3B_A9PP140ZTUL_C30          2  6.0    16    11     305    (-,-) 
  g20736/Y                                                                                     -       A->Y   R     NOR2XB_X3M_A9PP140ZTL_C30          1  2.5    12     9     314    (-,-) 
  g20594/Y                                                                                     -       B1->Y  R     AO1B2_X4M_A9PP140ZTUL_C30          1  4.2    10    15     329    (-,-) 
  g20534/Y                                                                                     -       A->Y   R     XNOR2_X4M_A9PP140ZTUL_C30          3  8.5    22    13     342    (-,-) 
  g20416/Y                                                                                     -       A->Y   R     OR2_X4TM_A9PP140ZTUL_C30           4 15.6    18    20     363    (-,-) 
  g20231/Y                                                                                     -       B->Y   R     OR2_X8M_A9PP140ZTUL_C30           16 32.2    17    20     383    (-,-) 
  g19635/Y                                                                                     -       A->Y   F     NOR2_X2TA_A9PP140ZTUL_C30          2  4.3    15    10     393    (-,-) 
  b2u_8to255_quad_4_sub_27_47_g15741/Y                                                         -       B->Y   R     NOR2_X3A_A9PP140ZTUL_C30           2  4.0    14    12     404    (-,-) 
  b2u_8to255_quad_4_sub_27_47_g15598/Y                                                         -       C->Y   F     NAND3BB_X3M_A9PP140ZTUL_C30        2  3.5    11     8     413    (-,-) 
  b2u_8to255_quad_4_sub_27_47_g16015/Y                                                         -       A->Y   R     NOR3_X2A_A9PP140ZTUL_C30           2  4.7    28    18     430    (-,-) 
  b2u_8to255_quad_4_sub_27_47_g15392/Y                                                         -       C->Y   F     NAND3BB_X4M_A9PP140ZTUL_C30        2  4.4    13     9     439    (-,-) 
  b2u_8to255_quad_4_sub_27_47_g15240/Y                                                         -       A->Y   R     NOR2_X4TA_A9PP140ZTUL_C30          2  6.5    13    10     449    (-,-) 
  b2u_8to255_quad_4_sub_27_47_g15137/Y                                                         -       A->Y   F     NAND2_X6M_A9PP140ZTUL_C30          2  7.8    12     8     458    (-,-) 
  b2u_8to255_quad_4_sub_27_47_g14916/Y                                                         -       B->Y   R     NOR2_X8A_A9PP140ZTUL_C30           4 16.2    18    13     471    (-,-) 
  b2u_8to255_quad_4_sub_27_47_fopt10/Y                                                         -       A->Y   F     INV_X6M_A9PP140ZTUL_C30            8 23.0    17    12     483    (-,-) 
  b2u_8to255_quad_4_sub_27_47_fopt5/Y                                                          -       A->Y   R     INV_X3P5M_A9PP140ZTUL_C30          6 11.4    16    12     495    (-,-) 
  b2u_8to255_quad_4_sub_27_47_g14789/Y                                                         -       A->Y   F     NAND2_X2B_A9PP140ZTUL_C30          2  3.7    15    10     506    (-,-) 
  b2u_8to255_quad_4_sub_27_47_g14531/Y                                                         -       A->Y   R     NAND2_X2M_A9PP140ZTUL_C30          1  1.7    12     9     515    (-,-) 
  b2u_8to255_quad_4_sub_27_47_g14392/Y                                                         -       A->Y   F     NAND2_X1B_A9PP140ZTUL_C30          1  1.5    14    10     524    (-,-) 
  b2u_8to255_quad_4_qOut_reg[82]/D                                                             -       -      F     SDFFRPQH_X4M_A9PP140ZTUL_C30       1    -     -     0     524    (-,-) 
#------------------------------------------------------------------------------------------------------------------------------------------------------------------------------------------



Path 3: VIOLATED (-168 ps) Setup Check with Pin b2u_8to255_quad_4_iOut_reg[224]/CK->D
           View: func-typ-typ
          Group: clk
     Startpoint: (R) pp_fir_blocked_1_1/pp_fir_bottom_half_1_1/pp_fir_u_7_1_1/pp_fir_7_1_1/sum5_1_re_1_reg[22]/CK
          Clock: (R) clk
       Endpoint: (F) b2u_8to255_quad_4_iOut_reg[224]/D
          Clock: (R) clk

                     Capture       Launch     
        Clock Edge:+     250            0     
       Src Latency:+       0            0     
       Net Latency:+     200 (I)      200 (I) 
           Arrival:=     450          200     
                                              
             Setup:-      -7                  
       Uncertainty:-     100                  
     Required Time:=     357                  
      Launch Clock:-     200                  
         Data Path:-     324                  
             Slack:=    -168                  

#------------------------------------------------------------------------------------------------------------------------------------------------------------------------------------------
#                                        Timing Point                                          Flags    Arc   Edge             Cell               Fanout Load Trans Delay Arrival Instance 
#                                                                                                                                                        (fF)  (ps)  (ps)   (ps)  Location 
#------------------------------------------------------------------------------------------------------------------------------------------------------------------------------------------
  pp_fir_blocked_1_1/pp_fir_bottom_half_1_1/pp_fir_u_7_1_1/pp_fir_7_1_1/sum5_1_re_1_reg[22]/CK -       -      R     (arrival)                      21040    -    25     0     200    (-,-) 
  pp_fir_blocked_1_1/pp_fir_bottom_half_1_1/pp_fir_u_7_1_1/pp_fir_7_1_1/sum5_1_re_1_reg[22]/QN -       CK->QN F     SDFFXRPQN_X3M_A9PP140ZTUL_C30      1  2.9    13    25     225    (-,-) 
  pp_fir_blocked_1_1/pp_fir_bottom_half_1_1/pp_fir_u_7_1_1/pp_fir_7_1_1/g37937/Y               -       A->Y   R     INV_X3M_A9PP140ZTUL_C30            4  7.7    13    10     236    (-,-) 
  pp_fir_blocked_1_1/pp_fir_bottom_half_1_1/pp_fir_u_7_1_1/signed_mag_3/g3489/Y                -       A->Y   F     NOR2_X4TA_A9PP140ZTUL_C30          3  8.8    14    10     246    (-,-) 
  pp_fir_blocked_1_1/pp_fir_bottom_half_1_1/pp_fir_u_7_1_1/signed_mag_3/g3486/Y                -       A->Y   R     INV_X6M_A9PP140ZTUL_C30            2  5.5     8     6     252    (-,-) 
  pp_fir_blocked_1_1/pp_fir_bottom_half_1_1/pp_fir_u_7_1_1/signed_mag_3/g2/Y                   -       A->Y   F     NOR3_X2A_A9PP140ZTUL_C30           2  4.0    18    10     262    (-,-) 
  pp_fir_blocked_1_1/pp_fir_bottom_half_1_1/pp_fir_u_7_1_1/signed_mag_3/g3469/Y                -       A->Y   R     NOR2_X3TA_A9PP140ZTUL_C30          1  4.2    14    11     273    (-,-) 
  pp_fir_blocked_1_1/pp_fir_bottom_half_1_1/pp_fir_u_7_1_1/signed_mag_3/g3457/Y                -       A->Y   R     XNOR2_X4M_A9PP140ZTUL_C30          3  5.4    19    12     285    (-,-) 
  g21036/Y                                                                                     -       B0->Y  R     AO1B2_X3M_A9PP140ZTUL_C30          2  6.4    14    18     302    (-,-) 
  g20840/Y                                                                                     -       A->Y   F     NAND2_X4B_A9PP140ZTL_C30           2  6.6    15    11     313    (-,-) 
  g20735/Y                                                                                     -       A->Y   R     NOR2_X4A_A9PP140ZTUL_C30           1  3.6    12     9     322    (-,-) 
  g20597/Y                                                                                     -       A1->Y  F     AOI21_X4A_A9PP140ZTUL_C30          1  4.2    13    10     333    (-,-) 
  g20532/Y                                                                                     -       A->Y   F     XNOR2_X4M_A9PP140ZTUL_C30          3  8.5    24    14     347    (-,-) 
  g20519/Y                                                                                     -       A->Y   R     INV_X6M_A9PP140ZTUL_C30            2  4.8     9     7     354    (-,-) 
  g20419/Y                                                                                     -       A->Y   R     OR2_X4TM_A9PP140ZTUL_C30           4 14.0    17    18     372    (-,-) 
  g20400/Y                                                                                     -       A->Y   F     INV_X2P5M_A9PP140ZTUL_C30          1  7.4    13     9     382    (-,-) 
  g20249/Y                                                                                     -       A->Y   R     NAND2_X11M_A9PP140ZTL_C30          8 15.8    15    11     393    (-,-) 
  g19182/Y                                                                                     -       A->Y   F     NOR2_X2A_A9PP140ZTUL_C30           2  3.4    14     9     402    (-,-) 
  b2u_8to255_quad_4_sub_22_34_g15756/Y                                                         -       A->Y   R     NOR2_X2TA_A9PP140ZTL_C30           2  3.6    15    12     413    (-,-) 
  b2u_8to255_quad_4_sub_22_34_g15595/Y                                                         -       A->Y   F     NAND2_X2B_A9PP140ZTUL_C30          2  4.2    16    11     424    (-,-) 
  b2u_8to255_quad_4_sub_22_34_g15383/Y                                                         -       A->Y   R     NOR3_X4A_A9PP140ZTUL_C30           1  2.2    13    10     434    (-,-) 
  b2u_8to255_quad_4_sub_22_34_g15185/Y                                                         -       AN->Y  R     NOR4BB_X4M_A9PP140ZTUL_C30         2  6.6    21    20     454    (-,-) 
  b2u_8to255_quad_4_sub_22_34_g15037/Y                                                         -       A->Y   F     NAND2_X8M_A9PP140ZTUL_C30          4 11.8    15    10     463    (-,-) 
  b2u_8to255_quad_4_sub_22_34_g14995/Y                                                         -       A->Y   R     INV_X6M_A9PP140ZTUL_C30            9 21.5    17    13     476    (-,-) 
  b2u_8to255_quad_4_sub_22_34_g14913/Y                                                         -       A->Y   F     NAND2_X3A_A9PP140ZTUL_C30          3  4.8    14    10     486    (-,-) 
  b2u_8to255_quad_4_sub_22_34_g14851/Y                                                         -       A->Y   R     INV_X1P2M_A9PP140ZTUL_C30          1  2.4    11    10     496    (-,-) 
  b2u_8to255_quad_4_sub_22_34_g14680/Y                                                         -       B->Y   F     NAND2_X2B_A9PP140ZTUL_C30          2  3.4    15    10     506    (-,-) 
  b2u_8to255_quad_4_sub_22_34_g14472/Y                                                         -       A->Y   R     NAND2_X2M_A9PP140ZTUL_C30          1  1.7    12     9     514    (-,-) 
  b2u_8to255_quad_4_sub_22_34_g14344/Y                                                         -       A->Y   F     NAND2_X1B_A9PP140ZTUL_C30          1  1.5    14    10     524    (-,-) 
  b2u_8to255_quad_4_iOut_reg[224]/D                                                            -       -      F     SDFFRPQH_X4M_A9PP140ZTUL_C30       1    -     -     0     524    (-,-) 
#------------------------------------------------------------------------------------------------------------------------------------------------------------------------------------------



Path 4: VIOLATED (-167 ps) Setup Check with Pin b2u_8to255_quad_4_qOut_reg[66]/CK->D
           View: func-typ-typ
          Group: clk
     Startpoint: (R) pp_fir_blocked_1_1/pp_fir_bottom_half_1_1/pp_fir_u_7_1_1/pp_fir_7_1_1/sum5_1_im_1_reg[23]/CK
          Clock: (R) clk
       Endpoint: (F) b2u_8to255_quad_4_qOut_reg[66]/D
          Clock: (R) clk

                     Capture       Launch     
        Clock Edge:+     250            0     
       Src Latency:+       0            0     
       Net Latency:+     200 (I)      200 (I) 
           Arrival:=     450          200     
                                              
             Setup:-      -7                  
       Uncertainty:-     100                  
     Required Time:=     357                  
      Launch Clock:-     200                  
         Data Path:-     324                  
             Slack:=    -167                  

#------------------------------------------------------------------------------------------------------------------------------------------------------------------------------------------
#                                        Timing Point                                          Flags    Arc   Edge             Cell               Fanout Load Trans Delay Arrival Instance 
#                                                                                                                                                        (fF)  (ps)  (ps)   (ps)  Location 
#------------------------------------------------------------------------------------------------------------------------------------------------------------------------------------------
  pp_fir_blocked_1_1/pp_fir_bottom_half_1_1/pp_fir_u_7_1_1/pp_fir_7_1_1/sum5_1_im_1_reg[23]/CK -       -      R     (arrival)                      21040    -    25     0     200    (-,-) 
  pp_fir_blocked_1_1/pp_fir_bottom_half_1_1/pp_fir_u_7_1_1/pp_fir_7_1_1/sum5_1_im_1_reg[23]/QN -       CK->QN R     SDFFXRPQN_X2M_A9PP140ZTUL_C30      1  3.1    12    20     220    (-,-) 
  pp_fir_blocked_1_1/pp_fir_bottom_half_1_1/pp_fir_u_7_1_1/pp_fir_7_1_1/g37672/Y               -       A->Y   F     INV_X4B_A9PP140ZTUL_C30            7 12.9    20    14     234    (-,-) 
  pp_fir_blocked_1_1/pp_fir_bottom_half_1_1/pp_fir_u_7_1_1/signed_mag_3/g3491/Y                -       A->Y   F     OR2_X4TM_A9PP140ZTUL_C30           2  7.2    10    16     250    (-,-) 
  pp_fir_blocked_1_1/pp_fir_bottom_half_1_1/pp_fir_u_7_1_1/signed_mag_3/g3475/Y                -       A1->Y  R     OAI21_X4M_A9PP140ZTUL_C30          1  4.2    14    12     262    (-,-) 
  pp_fir_blocked_1_1/pp_fir_bottom_half_1_1/pp_fir_u_7_1_1/signed_mag_3/g3460/Y                -       A->Y   R     XNOR2_X4M_A9PP140ZTUL_C30          2  6.8    21    12     274    (-,-) 
  g21045/Y                                                                                     -       A->Y   F     NAND2_X3B_A9PP140ZTUL_C30          1  3.5    14    10     284    (-,-) 
  g21025/Y                                                                                     -       B0N->Y R     AO21B_X4M_A9PP140ZTUL_C30          3  7.4    13    10     293    (-,-) 
  g20839/Y                                                                                     -       B->Y   F     NAND2_X3B_A9PP140ZTUL_C30          2  6.0    16    11     305    (-,-) 
  g20736/Y                                                                                     -       A->Y   R     NOR2XB_X3M_A9PP140ZTL_C30          1  2.5    12     9     314    (-,-) 
  g20594/Y                                                                                     -       B1->Y  R     AO1B2_X4M_A9PP140ZTUL_C30          1  4.2    10    15     329    (-,-) 
  g20534/Y                                                                                     -       A->Y   R     XNOR2_X4M_A9PP140ZTUL_C30          3  8.5    22    13     342    (-,-) 
  g20416/Y                                                                                     -       A->Y   R     OR2_X4TM_A9PP140ZTUL_C30           4 15.6    18    20     363    (-,-) 
  g20231/Y                                                                                     -       B->Y   R     OR2_X8M_A9PP140ZTUL_C30           16 32.2    17    20     383    (-,-) 
  g19635/Y                                                                                     -       A->Y   F     NOR2_X2TA_A9PP140ZTUL_C30          2  4.3    15    10     393    (-,-) 
  b2u_8to255_quad_4_sub_27_47_g15741/Y                                                         -       B->Y   R     NOR2_X3A_A9PP140ZTUL_C30           2  4.0    14    12     404    (-,-) 
  b2u_8to255_quad_4_sub_27_47_g15598/Y                                                         -       C->Y   F     NAND3BB_X3M_A9PP140ZTUL_C30        2  3.5    11     8     413    (-,-) 
  b2u_8to255_quad_4_sub_27_47_g16015/Y                                                         -       A->Y   R     NOR3_X2A_A9PP140ZTUL_C30           2  4.7    28    18     430    (-,-) 
  b2u_8to255_quad_4_sub_27_47_g15392/Y                                                         -       C->Y   F     NAND3BB_X4M_A9PP140ZTUL_C30        2  4.4    13     9     439    (-,-) 
  b2u_8to255_quad_4_sub_27_47_g15240/Y                                                         -       A->Y   R     NOR2_X4TA_A9PP140ZTUL_C30          2  6.5    13    10     449    (-,-) 
  b2u_8to255_quad_4_sub_27_47_g15137/Y                                                         -       A->Y   F     NAND2_X6M_A9PP140ZTUL_C30          2  7.8    12     8     458    (-,-) 
  b2u_8to255_quad_4_sub_27_47_g14916/Y                                                         -       B->Y   R     NOR2_X8A_A9PP140ZTUL_C30           4 16.2    18    13     471    (-,-) 
  b2u_8to255_quad_4_sub_27_47_fopt10/Y                                                         -       A->Y   F     INV_X6M_A9PP140ZTUL_C30            8 23.0    17    12     483    (-,-) 
  b2u_8to255_quad_4_sub_27_47_fopt3/Y                                                          -       A->Y   R     INV_X3P5M_A9PP140ZTUL_C30          6 11.4    16    12     495    (-,-) 
  b2u_8to255_quad_4_sub_27_47_g14800/Y                                                         -       A->Y   F     NAND2_X2B_A9PP140ZTUL_C30          2  3.7    15    10     506    (-,-) 
  b2u_8to255_quad_4_sub_27_47_g14521/Y                                                         -       A->Y   R     NAND2_X2M_A9PP140ZTUL_C30          1  1.7    11     9     515    (-,-) 
  b2u_8to255_quad_4_sub_27_47_g14248/Y                                                         -       A->Y   F     NAND2_X1B_A9PP140ZTUL_C30          1  1.5    13     9     524    (-,-) 
  b2u_8to255_quad_4_qOut_reg[66]/D                                                             -       -      F     SDFFRPQH_X4M_A9PP140ZTUL_C30       1    -     -     0     524    (-,-) 
#------------------------------------------------------------------------------------------------------------------------------------------------------------------------------------------



Path 5: VIOLATED (-167 ps) Setup Check with Pin b2u_8to255_quad_4_qOut_reg[73]/CK->D
           View: func-typ-typ
          Group: clk
     Startpoint: (R) pp_fir_blocked_1_1/pp_fir_bottom_half_1_1/pp_fir_u_7_1_1/pp_fir_7_1_1/sum5_1_im_1_reg[23]/CK
          Clock: (R) clk
       Endpoint: (F) b2u_8to255_quad_4_qOut_reg[73]/D
          Clock: (R) clk

                     Capture       Launch     
        Clock Edge:+     250            0     
       Src Latency:+       0            0     
       Net Latency:+     200 (I)      200 (I) 
           Arrival:=     450          200     
                                              
             Setup:-      -7                  
       Uncertainty:-     100                  
     Required Time:=     357                  
      Launch Clock:-     200                  
         Data Path:-     324                  
             Slack:=    -167                  

#------------------------------------------------------------------------------------------------------------------------------------------------------------------------------------------
#                                        Timing Point                                          Flags    Arc   Edge             Cell               Fanout Load Trans Delay Arrival Instance 
#                                                                                                                                                        (fF)  (ps)  (ps)   (ps)  Location 
#------------------------------------------------------------------------------------------------------------------------------------------------------------------------------------------
  pp_fir_blocked_1_1/pp_fir_bottom_half_1_1/pp_fir_u_7_1_1/pp_fir_7_1_1/sum5_1_im_1_reg[23]/CK -       -      R     (arrival)                      21040    -    25     0     200    (-,-) 
  pp_fir_blocked_1_1/pp_fir_bottom_half_1_1/pp_fir_u_7_1_1/pp_fir_7_1_1/sum5_1_im_1_reg[23]/QN -       CK->QN R     SDFFXRPQN_X2M_A9PP140ZTUL_C30      1  3.1    12    20     220    (-,-) 
  pp_fir_blocked_1_1/pp_fir_bottom_half_1_1/pp_fir_u_7_1_1/pp_fir_7_1_1/g37672/Y               -       A->Y   F     INV_X4B_A9PP140ZTUL_C30            7 12.9    20    14     234    (-,-) 
  pp_fir_blocked_1_1/pp_fir_bottom_half_1_1/pp_fir_u_7_1_1/signed_mag_3/g3491/Y                -       A->Y   F     OR2_X4TM_A9PP140ZTUL_C30           2  7.2    10    16     250    (-,-) 
  pp_fir_blocked_1_1/pp_fir_bottom_half_1_1/pp_fir_u_7_1_1/signed_mag_3/g3475/Y                -       A1->Y  R     OAI21_X4M_A9PP140ZTUL_C30          1  4.2    14    12     262    (-,-) 
  pp_fir_blocked_1_1/pp_fir_bottom_half_1_1/pp_fir_u_7_1_1/signed_mag_3/g3460/Y                -       A->Y   R     XNOR2_X4M_A9PP140ZTUL_C30          2  6.8    21    12     274    (-,-) 
  g21045/Y                                                                                     -       A->Y   F     NAND2_X3B_A9PP140ZTUL_C30          1  3.5    14    10     284    (-,-) 
  g21025/Y                                                                                     -       B0N->Y R     AO21B_X4M_A9PP140ZTUL_C30          3  7.4    13    10     293    (-,-) 
  g20839/Y                                                                                     -       B->Y   F     NAND2_X3B_A9PP140ZTUL_C30          2  6.0    16    11     305    (-,-) 
  g20736/Y                                                                                     -       A->Y   R     NOR2XB_X3M_A9PP140ZTL_C30          1  2.5    12     9     314    (-,-) 
  g20594/Y                                                                                     -       B1->Y  R     AO1B2_X4M_A9PP140ZTUL_C30          1  4.2    10    15     329    (-,-) 
  g20534/Y                                                                                     -       A->Y   R     XNOR2_X4M_A9PP140ZTUL_C30          3  8.5    22    13     342    (-,-) 
  g20416/Y                                                                                     -       A->Y   R     OR2_X4TM_A9PP140ZTUL_C30           4 15.6    18    20     363    (-,-) 
  g20231/Y                                                                                     -       B->Y   R     OR2_X8M_A9PP140ZTUL_C30           16 32.2    17    20     383    (-,-) 
  g19635/Y                                                                                     -       A->Y   F     NOR2_X2TA_A9PP140ZTUL_C30          2  4.3    15    10     393    (-,-) 
  b2u_8to255_quad_4_sub_27_47_g15741/Y                                                         -       B->Y   R     NOR2_X3A_A9PP140ZTUL_C30           2  4.0    14    12     404    (-,-) 
  b2u_8to255_quad_4_sub_27_47_g15598/Y                                                         -       C->Y   F     NAND3BB_X3M_A9PP140ZTUL_C30        2  3.5    11     8     413    (-,-) 
  b2u_8to255_quad_4_sub_27_47_g16015/Y                                                         -       A->Y   R     NOR3_X2A_A9PP140ZTUL_C30           2  4.7    28    18     430    (-,-) 
  b2u_8to255_quad_4_sub_27_47_g15392/Y                                                         -       C->Y   F     NAND3BB_X4M_A9PP140ZTUL_C30        2  4.4    13     9     439    (-,-) 
  b2u_8to255_quad_4_sub_27_47_g15240/Y                                                         -       A->Y   R     NOR2_X4TA_A9PP140ZTUL_C30          2  6.5    13    10     449    (-,-) 
  b2u_8to255_quad_4_sub_27_47_g15137/Y                                                         -       A->Y   F     NAND2_X6M_A9PP140ZTUL_C30          2  7.8    12     8     458    (-,-) 
  b2u_8to255_quad_4_sub_27_47_g14916/Y                                                         -       B->Y   R     NOR2_X8A_A9PP140ZTUL_C30           4 16.2    18    13     471    (-,-) 
  b2u_8to255_quad_4_sub_27_47_fopt10/Y                                                         -       A->Y   F     INV_X6M_A9PP140ZTUL_C30            8 23.0    17    12     483    (-,-) 
  b2u_8to255_quad_4_sub_27_47_fopt5/Y                                                          -       A->Y   R     INV_X3P5M_A9PP140ZTUL_C30          6 11.4    16    12     495    (-,-) 
  b2u_8to255_quad_4_sub_27_47_g14649/Y                                                         -       A->Y   F     NAND2_X2B_A9PP140ZTUL_C30          2  3.4    14    10     505    (-,-) 
  b2u_8to255_quad_4_sub_27_47_g14526/Y                                                         -       A->Y   R     NAND2_X2M_A9PP140ZTUL_C30          1  1.7    13     9     514    (-,-) 
  b2u_8to255_quad_4_sub_27_47_g14387/Y                                                         -       A->Y   F     NAND2_X1B_A9PP140ZTUL_C30          1  1.5    14    10     524    (-,-) 
  b2u_8to255_quad_4_qOut_reg[73]/D                                                             -       -      F     SDFFRPQH_X4M_A9PP140ZTUL_C30       1    -     -     0     524    (-,-) 
#------------------------------------------------------------------------------------------------------------------------------------------------------------------------------------------



Path 6: VIOLATED (-167 ps) Setup Check with Pin b2u_8to255_quad_4_qOut_reg[31]/CK->D
           View: func-typ-typ
          Group: clk
     Startpoint: (R) pp_fir_blocked_1_1/pp_fir_bottom_half_1_1/pp_fir_u_7_1_1/pp_fir_7_1_1/sum5_1_im_1_reg[23]/CK
          Clock: (R) clk
       Endpoint: (F) b2u_8to255_quad_4_qOut_reg[31]/D
          Clock: (R) clk

                     Capture       Launch     
        Clock Edge:+     250            0     
       Src Latency:+       0            0     
       Net Latency:+     200 (I)      200 (I) 
           Arrival:=     450          200     
                                              
             Setup:-      -7                  
       Uncertainty:-     100                  
     Required Time:=     357                  
      Launch Clock:-     200                  
         Data Path:-     324                  
             Slack:=    -167                  

#------------------------------------------------------------------------------------------------------------------------------------------------------------------------------------------
#                                        Timing Point                                          Flags    Arc   Edge             Cell               Fanout Load Trans Delay Arrival Instance 
#                                                                                                                                                        (fF)  (ps)  (ps)   (ps)  Location 
#------------------------------------------------------------------------------------------------------------------------------------------------------------------------------------------
  pp_fir_blocked_1_1/pp_fir_bottom_half_1_1/pp_fir_u_7_1_1/pp_fir_7_1_1/sum5_1_im_1_reg[23]/CK -       -      R     (arrival)                      21040    -    25     0     200    (-,-) 
  pp_fir_blocked_1_1/pp_fir_bottom_half_1_1/pp_fir_u_7_1_1/pp_fir_7_1_1/sum5_1_im_1_reg[23]/QN -       CK->QN R     SDFFXRPQN_X2M_A9PP140ZTUL_C30      1  3.1    12    20     220    (-,-) 
  pp_fir_blocked_1_1/pp_fir_bottom_half_1_1/pp_fir_u_7_1_1/pp_fir_7_1_1/g37672/Y               -       A->Y   F     INV_X4B_A9PP140ZTUL_C30            7 12.9    20    14     234    (-,-) 
  pp_fir_blocked_1_1/pp_fir_bottom_half_1_1/pp_fir_u_7_1_1/signed_mag_3/g3491/Y                -       A->Y   F     OR2_X4TM_A9PP140ZTUL_C30           2  7.2    10    16     250    (-,-) 
  pp_fir_blocked_1_1/pp_fir_bottom_half_1_1/pp_fir_u_7_1_1/signed_mag_3/g3475/Y                -       A1->Y  R     OAI21_X4M_A9PP140ZTUL_C30          1  4.2    14    12     262    (-,-) 
  pp_fir_blocked_1_1/pp_fir_bottom_half_1_1/pp_fir_u_7_1_1/signed_mag_3/g3460/Y                -       A->Y   R     XNOR2_X4M_A9PP140ZTUL_C30          2  6.8    21    12     274    (-,-) 
  g21045/Y                                                                                     -       A->Y   F     NAND2_X3B_A9PP140ZTUL_C30          1  3.5    14    10     284    (-,-) 
  g21025/Y                                                                                     -       B0N->Y R     AO21B_X4M_A9PP140ZTUL_C30          3  7.4    13    10     293    (-,-) 
  g20839/Y                                                                                     -       B->Y   F     NAND2_X3B_A9PP140ZTUL_C30          2  6.0    16    11     305    (-,-) 
  g20736/Y                                                                                     -       A->Y   R     NOR2XB_X3M_A9PP140ZTL_C30          1  2.5    12     9     314    (-,-) 
  g20594/Y                                                                                     -       B1->Y  R     AO1B2_X4M_A9PP140ZTUL_C30          1  4.2    10    15     329    (-,-) 
  g20534/Y                                                                                     -       A->Y   F     XNOR2_X4M_A9PP140ZTUL_C30          3  8.5    23    12     341    (-,-) 
  g20523/Y                                                                                     -       A->Y   R     INV_X6M_A9PP140ZTUL_C30            2  6.0    10     8     349    (-,-) 
  g20407/Y                                                                                     -       A->Y   R     OR2_X4TM_A9PP140ZTUL_C30           4 15.1    18    18     367    (-,-) 
  g20206/Y                                                                                     -       A->Y   R     OR2_X6M_A9PP140ZTUL_C30            8 17.0    13    16     383    (-,-) 
  g19123/Y                                                                                     -       B->Y   F     NOR2_X2A_A9PP140ZTUL_C30           2  3.9    14    10     394    (-,-) 
  b2u_8to255_quad_4_sub_27_47_g15676/Y                                                         -       A->Y   R     NOR2_X3A_A9PP140ZTUL_C30           2  5.1    16    12     405    (-,-) 
  b2u_8to255_quad_4_sub_27_47_g15603/Y                                                         -       C->Y   F     NAND3BB_X4M_A9PP140ZTUL_C30        2  4.2    11     8     413    (-,-) 
  b2u_8to255_quad_4_sub_27_47_g15434/Y                                                         -       A->Y   R     NOR2_X3TA_A9PP140ZTUL_C30          2  4.5    12     9     423    (-,-) 
  b2u_8to255_quad_4_sub_27_47_g15391/Y                                                         -       A->Y   F     NAND2_X4TA_A9PP140ZTUL_C30         2  9.7    16    10     433    (-,-) 
  b2u_8to255_quad_4_sub_27_47_g15185/Y                                                         -       C->Y   R     NOR4BB_X4M_A9PP140ZTUL_C30         2  8.5    26    20     453    (-,-) 
  b2u_8to255_quad_4_sub_27_47_g15037/Y                                                         -       A->Y   F     NAND2_X11TA_A9PP140ZTUL_C30       12 18.8    17    11     464    (-,-) 
  b2u_8to255_quad_4_sub_27_47_fopt16411/Y                                                      -       A->Y   R     INV_X3P5M_A9PP140ZTUL_C30          4 10.1    15    12     476    (-,-) 
  b2u_8to255_quad_4_sub_27_47_g14913/Y                                                         -       A->Y   F     NAND2_X3A_A9PP140ZTUL_C30          3  5.2    15    10     486    (-,-) 
  b2u_8to255_quad_4_sub_27_47_g14851/Y                                                         -       A->Y   R     INV_X1P2M_A9PP140ZTUL_C30          1  2.4    12    10     495    (-,-) 
  b2u_8to255_quad_4_sub_27_47_g14680/Y                                                         -       B->Y   F     NAND2_X2B_A9PP140ZTUL_C30          2  3.4    14    10     505    (-,-) 
  b2u_8to255_quad_4_sub_27_47_g14472/Y                                                         -       A->Y   R     NAND2_X2M_A9PP140ZTUL_C30          1  1.7    13     9     514    (-,-) 
  b2u_8to255_quad_4_sub_27_47_g14344/Y                                                         -       A->Y   F     NAND2_X1B_A9PP140ZTUL_C30          1  1.5    14    10     524    (-,-) 
  b2u_8to255_quad_4_qOut_reg[31]/D                                                             -       -      F     SDFFRPQH_X4M_A9PP140ZTUL_C30       1    -     -     0     524    (-,-) 
#------------------------------------------------------------------------------------------------------------------------------------------------------------------------------------------



Path 7: VIOLATED (-167 ps) Setup Check with Pin b2u_8to255_quad_4_qOut_reg[69]/CK->D
           View: func-typ-typ
          Group: clk
     Startpoint: (R) pp_fir_blocked_1_1/pp_fir_bottom_half_1_1/pp_fir_u_7_1_1/pp_fir_7_1_1/sum5_1_im_1_reg[23]/CK
          Clock: (R) clk
       Endpoint: (F) b2u_8to255_quad_4_qOut_reg[69]/D
          Clock: (R) clk

                     Capture       Launch     
        Clock Edge:+     250            0     
       Src Latency:+       0            0     
       Net Latency:+     200 (I)      200 (I) 
           Arrival:=     450          200     
                                              
             Setup:-      -7                  
       Uncertainty:-     100                  
     Required Time:=     357                  
      Launch Clock:-     200                  
         Data Path:-     324                  
             Slack:=    -167                  

#------------------------------------------------------------------------------------------------------------------------------------------------------------------------------------------
#                                        Timing Point                                          Flags    Arc   Edge             Cell               Fanout Load Trans Delay Arrival Instance 
#                                                                                                                                                        (fF)  (ps)  (ps)   (ps)  Location 
#------------------------------------------------------------------------------------------------------------------------------------------------------------------------------------------
  pp_fir_blocked_1_1/pp_fir_bottom_half_1_1/pp_fir_u_7_1_1/pp_fir_7_1_1/sum5_1_im_1_reg[23]/CK -       -      R     (arrival)                      21040    -    25     0     200    (-,-) 
  pp_fir_blocked_1_1/pp_fir_bottom_half_1_1/pp_fir_u_7_1_1/pp_fir_7_1_1/sum5_1_im_1_reg[23]/QN -       CK->QN R     SDFFXRPQN_X2M_A9PP140ZTUL_C30      1  3.1    12    20     220    (-,-) 
  pp_fir_blocked_1_1/pp_fir_bottom_half_1_1/pp_fir_u_7_1_1/pp_fir_7_1_1/g37672/Y               -       A->Y   F     INV_X4B_A9PP140ZTUL_C30            7 12.9    20    14     234    (-,-) 
  pp_fir_blocked_1_1/pp_fir_bottom_half_1_1/pp_fir_u_7_1_1/signed_mag_3/g3491/Y                -       A->Y   F     OR2_X4TM_A9PP140ZTUL_C30           2  7.2    10    16     250    (-,-) 
  pp_fir_blocked_1_1/pp_fir_bottom_half_1_1/pp_fir_u_7_1_1/signed_mag_3/g3475/Y                -       A1->Y  R     OAI21_X4M_A9PP140ZTUL_C30          1  4.2    14    12     262    (-,-) 
  pp_fir_blocked_1_1/pp_fir_bottom_half_1_1/pp_fir_u_7_1_1/signed_mag_3/g3460/Y                -       A->Y   R     XNOR2_X4M_A9PP140ZTUL_C30          2  6.8    21    12     274    (-,-) 
  g21045/Y                                                                                     -       A->Y   F     NAND2_X3B_A9PP140ZTUL_C30          1  3.5    14    10     284    (-,-) 
  g21025/Y                                                                                     -       B0N->Y R     AO21B_X4M_A9PP140ZTUL_C30          3  7.4    13    10     293    (-,-) 
  g20839/Y                                                                                     -       B->Y   F     NAND2_X3B_A9PP140ZTUL_C30          2  6.0    16    11     305    (-,-) 
  g20736/Y                                                                                     -       A->Y   R     NOR2XB_X3M_A9PP140ZTL_C30          1  2.5    12     9     314    (-,-) 
  g20594/Y                                                                                     -       B1->Y  R     AO1B2_X4M_A9PP140ZTUL_C30          1  4.2    10    15     329    (-,-) 
  g20534/Y                                                                                     -       A->Y   R     XNOR2_X4M_A9PP140ZTUL_C30          3  8.5    22    13     342    (-,-) 
  g20416/Y                                                                                     -       A->Y   R     OR2_X4TM_A9PP140ZTUL_C30           4 15.6    18    20     363    (-,-) 
  g20231/Y                                                                                     -       B->Y   R     OR2_X8M_A9PP140ZTUL_C30           16 32.2    17    20     383    (-,-) 
  g19635/Y                                                                                     -       A->Y   F     NOR2_X2TA_A9PP140ZTUL_C30          2  4.3    15    10     393    (-,-) 
  b2u_8to255_quad_4_sub_27_47_g15741/Y                                                         -       B->Y   R     NOR2_X3A_A9PP140ZTUL_C30           2  4.0    14    12     404    (-,-) 
  b2u_8to255_quad_4_sub_27_47_g15598/Y                                                         -       C->Y   F     NAND3BB_X3M_A9PP140ZTUL_C30        2  3.5    11     8     413    (-,-) 
  b2u_8to255_quad_4_sub_27_47_g16015/Y                                                         -       A->Y   R     NOR3_X2A_A9PP140ZTUL_C30           2  4.7    28    18     430    (-,-) 
  b2u_8to255_quad_4_sub_27_47_g15392/Y                                                         -       C->Y   F     NAND3BB_X4M_A9PP140ZTUL_C30        2  4.4    13     9     439    (-,-) 
  b2u_8to255_quad_4_sub_27_47_g15240/Y                                                         -       A->Y   R     NOR2_X4TA_A9PP140ZTUL_C30          2  6.5    13    10     449    (-,-) 
  b2u_8to255_quad_4_sub_27_47_g15137/Y                                                         -       A->Y   F     NAND2_X6M_A9PP140ZTUL_C30          2  7.8    12     8     458    (-,-) 
  b2u_8to255_quad_4_sub_27_47_g14916/Y                                                         -       B->Y   R     NOR2_X8A_A9PP140ZTUL_C30           4 16.2    18    13     471    (-,-) 
  b2u_8to255_quad_4_sub_27_47_fopt10/Y                                                         -       A->Y   F     INV_X6M_A9PP140ZTUL_C30            8 23.0    17    12     483    (-,-) 
  b2u_8to255_quad_4_sub_27_47_fopt3/Y                                                          -       A->Y   R     INV_X3P5M_A9PP140ZTUL_C30          6 11.4    16    12     495    (-,-) 
  b2u_8to255_quad_4_sub_27_47_g14786/Y                                                         -       A->Y   F     NAND2_X2B_A9PP140ZTUL_C30          2  3.4    14    10     505    (-,-) 
  b2u_8to255_quad_4_sub_27_47_g14523/Y                                                         -       A->Y   R     NAND2_X2M_A9PP140ZTUL_C30          1  1.7    12     9     514    (-,-) 
  b2u_8to255_quad_4_sub_27_47_g14383/Y                                                         -       A->Y   F     NAND2_X1B_A9PP140ZTUL_C30          1  1.5    14    10     524    (-,-) 
  b2u_8to255_quad_4_qOut_reg[69]/D                                                             -       -      F     SDFFRPQH_X4M_A9PP140ZTUL_C30       1    -     -     0     524    (-,-) 
#------------------------------------------------------------------------------------------------------------------------------------------------------------------------------------------



Path 8: VIOLATED (-167 ps) Setup Check with Pin b2u_8to255_quad_4_qOut_reg[47]/CK->D
           View: func-typ-typ
          Group: clk
     Startpoint: (R) pp_fir_blocked_1_1/pp_fir_bottom_half_1_1/pp_fir_u_7_1_1/pp_fir_7_1_1/sum5_1_im_1_reg[23]/CK
          Clock: (R) clk
       Endpoint: (F) b2u_8to255_quad_4_qOut_reg[47]/D
          Clock: (R) clk

                     Capture       Launch     
        Clock Edge:+     250            0     
       Src Latency:+       0            0     
       Net Latency:+     200 (I)      200 (I) 
           Arrival:=     450          200     
                                              
             Setup:-      -7                  
       Uncertainty:-     100                  
     Required Time:=     357                  
      Launch Clock:-     200                  
         Data Path:-     324                  
             Slack:=    -167                  

#------------------------------------------------------------------------------------------------------------------------------------------------------------------------------------------
#                                        Timing Point                                          Flags    Arc   Edge             Cell               Fanout Load Trans Delay Arrival Instance 
#                                                                                                                                                        (fF)  (ps)  (ps)   (ps)  Location 
#------------------------------------------------------------------------------------------------------------------------------------------------------------------------------------------
  pp_fir_blocked_1_1/pp_fir_bottom_half_1_1/pp_fir_u_7_1_1/pp_fir_7_1_1/sum5_1_im_1_reg[23]/CK -       -      R     (arrival)                      21040    -    25     0     200    (-,-) 
  pp_fir_blocked_1_1/pp_fir_bottom_half_1_1/pp_fir_u_7_1_1/pp_fir_7_1_1/sum5_1_im_1_reg[23]/QN -       CK->QN R     SDFFXRPQN_X2M_A9PP140ZTUL_C30      1  3.1    12    20     220    (-,-) 
  pp_fir_blocked_1_1/pp_fir_bottom_half_1_1/pp_fir_u_7_1_1/pp_fir_7_1_1/g37672/Y               -       A->Y   F     INV_X4B_A9PP140ZTUL_C30            7 12.9    20    14     234    (-,-) 
  pp_fir_blocked_1_1/pp_fir_bottom_half_1_1/pp_fir_u_7_1_1/signed_mag_3/g3491/Y                -       A->Y   F     OR2_X4TM_A9PP140ZTUL_C30           2  7.2    10    16     250    (-,-) 
  pp_fir_blocked_1_1/pp_fir_bottom_half_1_1/pp_fir_u_7_1_1/signed_mag_3/g3475/Y                -       A1->Y  R     OAI21_X4M_A9PP140ZTUL_C30          1  4.2    14    12     262    (-,-) 
  pp_fir_blocked_1_1/pp_fir_bottom_half_1_1/pp_fir_u_7_1_1/signed_mag_3/g3460/Y                -       A->Y   R     XNOR2_X4M_A9PP140ZTUL_C30          2  6.8    21    12     274    (-,-) 
  g21045/Y                                                                                     -       A->Y   F     NAND2_X3B_A9PP140ZTUL_C30          1  3.5    14    10     284    (-,-) 
  g21025/Y                                                                                     -       B0N->Y R     AO21B_X4M_A9PP140ZTUL_C30          3  7.4    13    10     293    (-,-) 
  g20839/Y                                                                                     -       B->Y   F     NAND2_X3B_A9PP140ZTUL_C30          2  6.0    16    11     305    (-,-) 
  g20736/Y                                                                                     -       A->Y   R     NOR2XB_X3M_A9PP140ZTL_C30          1  2.5    12     9     314    (-,-) 
  g20594/Y                                                                                     -       B1->Y  R     AO1B2_X4M_A9PP140ZTUL_C30          1  4.2    10    15     329    (-,-) 
  g20534/Y                                                                                     -       A->Y   R     XNOR2_X4M_A9PP140ZTUL_C30          3  8.5    22    13     342    (-,-) 
  g20416/Y                                                                                     -       A->Y   R     OR2_X4TM_A9PP140ZTUL_C30           4 15.6    18    20     363    (-,-) 
  g20231/Y                                                                                     -       B->Y   R     OR2_X8M_A9PP140ZTUL_C30           16 32.2    17    20     383    (-,-) 
  g19635/Y                                                                                     -       A->Y   F     NOR2_X2TA_A9PP140ZTUL_C30          2  4.3    15    10     393    (-,-) 
  b2u_8to255_quad_4_sub_27_47_g15741/Y                                                         -       B->Y   R     NOR2_X3A_A9PP140ZTUL_C30           2  4.0    14    12     404    (-,-) 
  b2u_8to255_quad_4_sub_27_47_g15598/Y                                                         -       C->Y   F     NAND3BB_X3M_A9PP140ZTUL_C30        2  3.5    11     8     413    (-,-) 
  b2u_8to255_quad_4_sub_27_47_g16015/Y                                                         -       A->Y   R     NOR3_X2A_A9PP140ZTUL_C30           2  4.7    28    18     430    (-,-) 
  b2u_8to255_quad_4_sub_27_47_g15392/Y                                                         -       C->Y   F     NAND3BB_X4M_A9PP140ZTUL_C30        2  4.4    13     9     439    (-,-) 
  b2u_8to255_quad_4_sub_27_47_g15240/Y                                                         -       A->Y   R     NOR2_X4TA_A9PP140ZTUL_C30          2  6.5    13    10     449    (-,-) 
  b2u_8to255_quad_4_sub_27_47_g15137/Y                                                         -       A->Y   F     NAND2_X6M_A9PP140ZTUL_C30          2  7.8    12     8     458    (-,-) 
  b2u_8to255_quad_4_sub_27_47_g14916/Y                                                         -       B->Y   R     NOR2_X8A_A9PP140ZTUL_C30           4 16.2    18    13     471    (-,-) 
  b2u_8to255_quad_4_sub_27_47_fopt10/Y                                                         -       A->Y   F     INV_X6M_A9PP140ZTUL_C30            8 23.0    17    12     483    (-,-) 
  b2u_8to255_quad_4_sub_27_47_fopt5/Y                                                          -       A->Y   R     INV_X3P5M_A9PP140ZTUL_C30          6 11.4    16    12     495    (-,-) 
  b2u_8to255_quad_4_sub_27_47_g14685/Y                                                         -       A->Y   F     NAND2_X2B_A9PP140ZTUL_C30          2  3.4    14    10     505    (-,-) 
  b2u_8to255_quad_4_sub_27_47_g14506/Y                                                         -       A->Y   R     NAND2_X2M_A9PP140ZTUL_C30          1  1.7    13     9     514    (-,-) 
  b2u_8to255_quad_4_sub_27_47_g14370/Y                                                         -       A->Y   F     NAND2_X1B_A9PP140ZTUL_C30          1  1.5    14    10     524    (-,-) 
  b2u_8to255_quad_4_qOut_reg[47]/D                                                             -       -      F     SDFFRPQH_X4M_A9PP140ZTUL_C30       1    -     -     0     524    (-,-) 
#------------------------------------------------------------------------------------------------------------------------------------------------------------------------------------------



Path 9: VIOLATED (-167 ps) Setup Check with Pin b2u_8to255_quad_4_qOut_reg[115]/CK->D
           View: func-typ-typ
          Group: clk
     Startpoint: (R) pp_fir_blocked_1_1/pp_fir_bottom_half_1_1/pp_fir_u_3_1_1/pp_fir_3_1_1/sum5_1_im_1_reg[23]/CK
          Clock: (R) clk
       Endpoint: (R) b2u_8to255_quad_4_qOut_reg[115]/D
          Clock: (R) clk

                     Capture       Launch     
        Clock Edge:+     250            0     
       Src Latency:+       0            0     
       Net Latency:+     200 (I)      200 (I) 
           Arrival:=     450          200     
                                              
             Setup:-      -0                  
       Uncertainty:-     100                  
     Required Time:=     350                  
      Launch Clock:-     200                  
         Data Path:-     317                  
             Slack:=    -167                  

#------------------------------------------------------------------------------------------------------------------------------------------------------------------------------------------
#                                        Timing Point                                          Flags    Arc   Edge             Cell               Fanout Load Trans Delay Arrival Instance 
#                                                                                                                                                        (fF)  (ps)  (ps)   (ps)  Location 
#------------------------------------------------------------------------------------------------------------------------------------------------------------------------------------------
  pp_fir_blocked_1_1/pp_fir_bottom_half_1_1/pp_fir_u_3_1_1/pp_fir_3_1_1/sum5_1_im_1_reg[23]/CK -       -      R     (arrival)                      21040    -    25     0     200    (-,-) 
  pp_fir_blocked_1_1/pp_fir_bottom_half_1_1/pp_fir_u_3_1_1/pp_fir_3_1_1/sum5_1_im_1_reg[23]/QN -       CK->QN F     SDFFXRPQN_X2M_A9PP140ZTUL_C30      1  3.1    13    25     225    (-,-) 
  pp_fir_blocked_1_1/pp_fir_bottom_half_1_1/pp_fir_u_3_1_1/pp_fir_3_1_1/g38946/Y               -       A->Y   R     INV_X4B_A9PP140ZTUL_C30            4  9.0    12     9     234    (-,-) 
  pp_fir_blocked_1_1/pp_fir_bottom_half_1_1/pp_fir_u_3_1_1/signed_mag_1/g3438/Y                -       B->Y   F     NOR2_X3A_A9PP140ZTUL_C30           2  5.0    13    10     244    (-,-) 
  pp_fir_blocked_1_1/pp_fir_bottom_half_1_1/pp_fir_u_3_1_1/signed_mag_1/g3435/Y                -       A->Y   R     INV_X3P5M_A9PP140ZTUL_C30          2  6.1    10     8     252    (-,-) 
  pp_fir_blocked_1_1/pp_fir_bottom_half_1_1/pp_fir_u_3_1_1/signed_mag_1/g3423/Y                -       A->Y   F     NOR2_X3TA_A9PP140ZTUL_C30          2  3.9    10     7     259    (-,-) 
  pp_fir_blocked_1_1/pp_fir_bottom_half_1_1/pp_fir_u_3_1_1/signed_mag_1/g3413/Y                -       A->Y   R     NOR2_X3A_A9PP140ZTUL_C30           1  4.2    13    10     269    (-,-) 
  pp_fir_blocked_1_1/pp_fir_bottom_half_1_1/pp_fir_u_3_1_1/signed_mag_1/g3404/Y                -       A->Y   F     XNOR2_X4M_A9PP140ZTUL_C30          2  8.1    22    12     281    (-,-) 
  g21015/Y                                                                                     -       A0->Y  R     AOI22_X6A_A9PP140ZTL_C30           2  6.7    20    16     297    (-,-) 
  g20632/Y                                                                                     -       A1->Y  F     OAI21_X6M_A9PP140ZTUL_C30          3  8.4    16    12     310    (-,-) 
  g20626/Y                                                                                     -       A->Y   R     INV_X2P5M_A9PP140ZTUL_C30          2  9.0    17    13     323    (-,-) 
  g20599/Y                                                                                     -       A->Y   F     XNOR2_X4M_A9PP140ZTUL_C30          3 12.9    29    16     339    (-,-) 
  g20585/Y                                                                                     -       A->Y   R     INV_X6M_A9PP140ZTUL_C30            2  8.5    13    10     349    (-,-) 
  g20567/Y                                                                                     -       A->Y   F     NAND2_X6M_A9PP140ZTUL_C30          4 15.4    18    12     360    (-,-) 
  g20280/Y                                                                                     -       B->Y   F     OR2_X8M_A9PP140ZTUL_C30           16 35.6    18    22     382    (-,-) 
  g19777/Y                                                                                     -       B->Y   R     NOR2_X2A_A9PP140ZTUL_C30           2  3.5    16    14     396    (-,-) 
  b2u_8to255_quad_4_sub_27_47_g15684/Y                                                         -       B->Y   F     NOR2_X2A_A9PP140ZTUL_C30           3  4.5    16    12     407    (-,-) 
  b2u_8to255_quad_4_sub_27_47_g2/Y                                                             -       C->Y   R     NAND3BB_X2M_A9PP140ZTUL_C30        1  3.3    16    12     420    (-,-) 
  b2u_8to255_quad_4_sub_27_47_g15484/Y                                                         -       A->Y   F     NOR2_X4TA_A9PP140ZTUL_C30          2  4.6    11     8     427    (-,-) 
  b2u_8to255_quad_4_sub_27_47_g15385/Y                                                         -       C->Y   R     NAND3BB_X4M_A9PP140ZTUL_C30        2  5.3    13    10     437    (-,-) 
  b2u_8to255_quad_4_sub_27_47_g16178/Y                                                         -       C->Y   F     NOR3BB_X6M_A9PP140ZTUL_C30         2  5.5    14    11     448    (-,-) 
  b2u_8to255_quad_4_sub_27_47_g15065/Y                                                         -       A->Y   R     NAND3_X6M_A9PP140ZTUL_C30          2  7.6    18    12     459    (-,-) 
  b2u_8to255_quad_4_sub_27_47_g14916/Y                                                         -       A->Y   F     NOR2_X8A_A9PP140ZTUL_C30           4 15.9    14    10     470    (-,-) 
  b2u_8to255_quad_4_sub_27_47_fopt10/Y                                                         -       A->Y   R     INV_X6M_A9PP140ZTUL_C30            8 23.0    17    13     483    (-,-) 
  b2u_8to255_quad_4_sub_27_47_fopt5/Y                                                          -       A->Y   F     INV_X3P5M_A9PP140ZTUL_C30          6 11.4    14    10     493    (-,-) 
  b2u_8to255_quad_4_sub_27_47_g14820/Y                                                         -       A->Y   R     NAND2_X2B_A9PP140ZTUL_C30          2  3.7    13    10     503    (-,-) 
  b2u_8to255_quad_4_sub_27_47_g14729/Y                                                         -       A->Y   F     INV_X1P4M_A9PP140ZTUL_C30          1  2.2     8     6     508    (-,-) 
  b2u_8to255_quad_4_sub_27_47_g14303/Y                                                         -       A0->Y  R     OAI2XB1_X2M_A9PP140ZTUL_C30        1  1.5    14     9     517    (-,-) 
  b2u_8to255_quad_4_qOut_reg[115]/D                                                            -       -      R     SDFFRPQH_X4M_A9PP140ZTUL_C30       1    -     -     0     517    (-,-) 
#------------------------------------------------------------------------------------------------------------------------------------------------------------------------------------------



Path 10: VIOLATED (-167 ps) Setup Check with Pin b2u_8to255_quad_4_qOut_reg[42]/CK->D
           View: func-typ-typ
          Group: clk
     Startpoint: (R) pp_fir_blocked_1_1/pp_fir_bottom_half_1_1/pp_fir_u_7_1_1/pp_fir_7_1_1/sum5_1_im_1_reg[23]/CK
          Clock: (R) clk
       Endpoint: (F) b2u_8to255_quad_4_qOut_reg[42]/D
          Clock: (R) clk

                     Capture       Launch     
        Clock Edge:+     250            0     
       Src Latency:+       0            0     
       Net Latency:+     200 (I)      200 (I) 
           Arrival:=     450          200     
                                              
             Setup:-      -7                  
       Uncertainty:-     100                  
     Required Time:=     357                  
      Launch Clock:-     200                  
         Data Path:-     324                  
             Slack:=    -167                  

#------------------------------------------------------------------------------------------------------------------------------------------------------------------------------------------
#                                        Timing Point                                          Flags    Arc   Edge             Cell               Fanout Load Trans Delay Arrival Instance 
#                                                                                                                                                        (fF)  (ps)  (ps)   (ps)  Location 
#------------------------------------------------------------------------------------------------------------------------------------------------------------------------------------------
  pp_fir_blocked_1_1/pp_fir_bottom_half_1_1/pp_fir_u_7_1_1/pp_fir_7_1_1/sum5_1_im_1_reg[23]/CK -       -      R     (arrival)                      21040    -    25     0     200    (-,-) 
  pp_fir_blocked_1_1/pp_fir_bottom_half_1_1/pp_fir_u_7_1_1/pp_fir_7_1_1/sum5_1_im_1_reg[23]/QN -       CK->QN R     SDFFXRPQN_X2M_A9PP140ZTUL_C30      1  3.1    12    20     220    (-,-) 
  pp_fir_blocked_1_1/pp_fir_bottom_half_1_1/pp_fir_u_7_1_1/pp_fir_7_1_1/g37672/Y               -       A->Y   F     INV_X4B_A9PP140ZTUL_C30            7 12.9    20    14     234    (-,-) 
  pp_fir_blocked_1_1/pp_fir_bottom_half_1_1/pp_fir_u_7_1_1/signed_mag_3/g3491/Y                -       A->Y   F     OR2_X4TM_A9PP140ZTUL_C30           2  7.2    10    16     250    (-,-) 
  pp_fir_blocked_1_1/pp_fir_bottom_half_1_1/pp_fir_u_7_1_1/signed_mag_3/g3475/Y                -       A1->Y  R     OAI21_X4M_A9PP140ZTUL_C30          1  4.2    14    12     262    (-,-) 
  pp_fir_blocked_1_1/pp_fir_bottom_half_1_1/pp_fir_u_7_1_1/signed_mag_3/g3460/Y                -       A->Y   R     XNOR2_X4M_A9PP140ZTUL_C30          2  6.8    21    12     274    (-,-) 
  g21045/Y                                                                                     -       A->Y   F     NAND2_X3B_A9PP140ZTUL_C30          1  3.5    14    10     284    (-,-) 
  g21025/Y                                                                                     -       B0N->Y R     AO21B_X4M_A9PP140ZTUL_C30          3  7.4    13    10     293    (-,-) 
  g20839/Y                                                                                     -       B->Y   F     NAND2_X3B_A9PP140ZTUL_C30          2  6.0    16    11     305    (-,-) 
  g20736/Y                                                                                     -       A->Y   R     NOR2XB_X3M_A9PP140ZTL_C30          1  2.5    12     9     314    (-,-) 
  g20594/Y                                                                                     -       B1->Y  R     AO1B2_X4M_A9PP140ZTUL_C30          1  4.2    10    15     329    (-,-) 
  g20534/Y                                                                                     -       A->Y   R     XNOR2_X4M_A9PP140ZTUL_C30          3  8.5    22    13     342    (-,-) 
  g20416/Y                                                                                     -       A->Y   R     OR2_X4TM_A9PP140ZTUL_C30           4 15.6    18    20     363    (-,-) 
  g20231/Y                                                                                     -       B->Y   R     OR2_X8M_A9PP140ZTUL_C30           16 32.2    17    20     383    (-,-) 
  g19635/Y                                                                                     -       A->Y   F     NOR2_X2TA_A9PP140ZTUL_C30          2  4.3    15    10     393    (-,-) 
  b2u_8to255_quad_4_sub_27_47_g15741/Y                                                         -       B->Y   R     NOR2_X3A_A9PP140ZTUL_C30           2  4.0    14    12     404    (-,-) 
  b2u_8to255_quad_4_sub_27_47_g15598/Y                                                         -       C->Y   F     NAND3BB_X3M_A9PP140ZTUL_C30        2  3.5    11     8     413    (-,-) 
  b2u_8to255_quad_4_sub_27_47_g16015/Y                                                         -       A->Y   R     NOR3_X2A_A9PP140ZTUL_C30           2  4.7    28    18     430    (-,-) 
  b2u_8to255_quad_4_sub_27_47_g15392/Y                                                         -       C->Y   F     NAND3BB_X4M_A9PP140ZTUL_C30        2  4.4    13     9     439    (-,-) 
  b2u_8to255_quad_4_sub_27_47_g15240/Y                                                         -       A->Y   R     NOR2_X4TA_A9PP140ZTUL_C30          2  6.5    13    10     449    (-,-) 
  b2u_8to255_quad_4_sub_27_47_g15137/Y                                                         -       A->Y   F     NAND2_X6M_A9PP140ZTUL_C30          2  7.8    12     8     458    (-,-) 
  b2u_8to255_quad_4_sub_27_47_g14916/Y                                                         -       B->Y   R     NOR2_X8A_A9PP140ZTUL_C30           4 16.2    18    13     471    (-,-) 
  b2u_8to255_quad_4_sub_27_47_fopt10/Y                                                         -       A->Y   F     INV_X6M_A9PP140ZTUL_C30            8 23.0    17    12     483    (-,-) 
  b2u_8to255_quad_4_sub_27_47_fopt3/Y                                                          -       A->Y   R     INV_X3P5M_A9PP140ZTUL_C30          6 11.4    16    12     495    (-,-) 
  b2u_8to255_quad_4_sub_27_47_g14684/Y                                                         -       A->Y   F     NAND2_X2B_A9PP140ZTUL_C30          2  3.4    14    10     505    (-,-) 
  b2u_8to255_quad_4_sub_27_47_g14503/Y                                                         -       A->Y   R     NAND2_X2M_A9PP140ZTUL_C30          1  1.7    12     9     514    (-,-) 
  b2u_8to255_quad_4_sub_27_47_g14369/Y                                                         -       A->Y   F     NAND2_X1B_A9PP140ZTUL_C30          1  1.5    14    10     524    (-,-) 
  b2u_8to255_quad_4_qOut_reg[42]/D                                                             -       -      F     SDFFRPQH_X4M_A9PP140ZTUL_C30       1    -     -     0     524    (-,-) 
#------------------------------------------------------------------------------------------------------------------------------------------------------------------------------------------



Path 11: VIOLATED (-167 ps) Setup Check with Pin b2u_8to255_quad_4_qOut_reg[74]/CK->D
           View: func-typ-typ
          Group: clk
     Startpoint: (R) pp_fir_blocked_1_1/pp_fir_bottom_half_1_1/pp_fir_u_7_1_1/pp_fir_7_1_1/sum5_1_im_1_reg[23]/CK
          Clock: (R) clk
       Endpoint: (F) b2u_8to255_quad_4_qOut_reg[74]/D
          Clock: (R) clk

                     Capture       Launch     
        Clock Edge:+     250            0     
       Src Latency:+       0            0     
       Net Latency:+     200 (I)      200 (I) 
           Arrival:=     450          200     
                                              
             Setup:-      -7                  
       Uncertainty:-     100                  
     Required Time:=     357                  
      Launch Clock:-     200                  
         Data Path:-     324                  
             Slack:=    -167                  

#------------------------------------------------------------------------------------------------------------------------------------------------------------------------------------------
#                                        Timing Point                                          Flags    Arc   Edge             Cell               Fanout Load Trans Delay Arrival Instance 
#                                                                                                                                                        (fF)  (ps)  (ps)   (ps)  Location 
#------------------------------------------------------------------------------------------------------------------------------------------------------------------------------------------
  pp_fir_blocked_1_1/pp_fir_bottom_half_1_1/pp_fir_u_7_1_1/pp_fir_7_1_1/sum5_1_im_1_reg[23]/CK -       -      R     (arrival)                      21040    -    25     0     200    (-,-) 
  pp_fir_blocked_1_1/pp_fir_bottom_half_1_1/pp_fir_u_7_1_1/pp_fir_7_1_1/sum5_1_im_1_reg[23]/QN -       CK->QN R     SDFFXRPQN_X2M_A9PP140ZTUL_C30      1  3.1    12    20     220    (-,-) 
  pp_fir_blocked_1_1/pp_fir_bottom_half_1_1/pp_fir_u_7_1_1/pp_fir_7_1_1/g37672/Y               -       A->Y   F     INV_X4B_A9PP140ZTUL_C30            7 12.9    20    14     234    (-,-) 
  pp_fir_blocked_1_1/pp_fir_bottom_half_1_1/pp_fir_u_7_1_1/signed_mag_3/g3491/Y                -       A->Y   F     OR2_X4TM_A9PP140ZTUL_C30           2  7.2    10    16     250    (-,-) 
  pp_fir_blocked_1_1/pp_fir_bottom_half_1_1/pp_fir_u_7_1_1/signed_mag_3/g3475/Y                -       A1->Y  R     OAI21_X4M_A9PP140ZTUL_C30          1  4.2    14    12     262    (-,-) 
  pp_fir_blocked_1_1/pp_fir_bottom_half_1_1/pp_fir_u_7_1_1/signed_mag_3/g3460/Y                -       A->Y   R     XNOR2_X4M_A9PP140ZTUL_C30          2  6.8    21    12     274    (-,-) 
  g21045/Y                                                                                     -       A->Y   F     NAND2_X3B_A9PP140ZTUL_C30          1  3.5    14    10     284    (-,-) 
  g21025/Y                                                                                     -       B0N->Y R     AO21B_X4M_A9PP140ZTUL_C30          3  7.4    13    10     293    (-,-) 
  g20839/Y                                                                                     -       B->Y   F     NAND2_X3B_A9PP140ZTUL_C30          2  6.0    16    11     305    (-,-) 
  g20736/Y                                                                                     -       A->Y   R     NOR2XB_X3M_A9PP140ZTL_C30          1  2.5    12     9     314    (-,-) 
  g20594/Y                                                                                     -       B1->Y  R     AO1B2_X4M_A9PP140ZTUL_C30          1  4.2    10    15     329    (-,-) 
  g20534/Y                                                                                     -       A->Y   R     XNOR2_X4M_A9PP140ZTUL_C30          3  8.5    22    13     342    (-,-) 
  g20416/Y                                                                                     -       A->Y   R     OR2_X4TM_A9PP140ZTUL_C30           4 15.6    18    20     363    (-,-) 
  g20231/Y                                                                                     -       B->Y   R     OR2_X8M_A9PP140ZTUL_C30           16 32.2    17    20     383    (-,-) 
  g19635/Y                                                                                     -       A->Y   F     NOR2_X2TA_A9PP140ZTUL_C30          2  4.3    15    10     393    (-,-) 
  b2u_8to255_quad_4_sub_27_47_g15741/Y                                                         -       B->Y   R     NOR2_X3A_A9PP140ZTUL_C30           2  4.0    14    12     404    (-,-) 
  b2u_8to255_quad_4_sub_27_47_g15598/Y                                                         -       C->Y   F     NAND3BB_X3M_A9PP140ZTUL_C30        2  3.5    11     8     413    (-,-) 
  b2u_8to255_quad_4_sub_27_47_g16015/Y                                                         -       A->Y   R     NOR3_X2A_A9PP140ZTUL_C30           2  4.7    28    18     430    (-,-) 
  b2u_8to255_quad_4_sub_27_47_g15392/Y                                                         -       C->Y   F     NAND3BB_X4M_A9PP140ZTUL_C30        2  4.4    13     9     439    (-,-) 
  b2u_8to255_quad_4_sub_27_47_g15240/Y                                                         -       A->Y   R     NOR2_X4TA_A9PP140ZTUL_C30          2  6.5    13    10     449    (-,-) 
  b2u_8to255_quad_4_sub_27_47_g15137/Y                                                         -       A->Y   F     NAND2_X6M_A9PP140ZTUL_C30          2  7.8    12     8     458    (-,-) 
  b2u_8to255_quad_4_sub_27_47_g14916/Y                                                         -       B->Y   R     NOR2_X8A_A9PP140ZTUL_C30           4 16.2    18    13     471    (-,-) 
  b2u_8to255_quad_4_sub_27_47_fopt14/Y                                                         -       A->Y   F     INV_X4M_A9PP140ZTUL_C30            3 11.3    14    10     480    (-,-) 
  b2u_8to255_quad_4_sub_27_47_fopt13/Y                                                         -       A->Y   R     INV_X7P5M_A9PP140ZTUL_C30         16 29.5    17    13     493    (-,-) 
  b2u_8to255_quad_4_sub_27_47_g14690/Y                                                         -       A->Y   F     NAND2_X2B_A9PP140ZTUL_C30          2  4.1    16    11     505    (-,-) 
  b2u_8to255_quad_4_sub_27_47_g14527/Y                                                         -       A->Y   R     NAND2_X2M_A9PP140ZTUL_C30          1  1.7    12     9     514    (-,-) 
  b2u_8to255_quad_4_sub_27_47_g14271/Y                                                         -       A->Y   F     NAND2_X1B_A9PP140ZTUL_C30          1  1.5    14    10     524    (-,-) 
  b2u_8to255_quad_4_qOut_reg[74]/D                                                             -       -      F     SDFFRPQH_X4M_A9PP140ZTUL_C30       1    -     -     0     524    (-,-) 
#------------------------------------------------------------------------------------------------------------------------------------------------------------------------------------------



Path 12: VIOLATED (-167 ps) Setup Check with Pin b2u_8to255_quad_4_qOut_reg[114]/CK->D
           View: func-typ-typ
          Group: clk
     Startpoint: (R) pp_fir_blocked_1_1/pp_fir_bottom_half_1_1/pp_fir_u_3_1_1/pp_fir_3_1_1/sum5_1_im_1_reg[23]/CK
          Clock: (R) clk
       Endpoint: (R) b2u_8to255_quad_4_qOut_reg[114]/D
          Clock: (R) clk

                     Capture       Launch     
        Clock Edge:+     250            0     
       Src Latency:+       0            0     
       Net Latency:+     200 (I)      200 (I) 
           Arrival:=     450          200     
                                              
             Setup:-      -0                  
       Uncertainty:-     100                  
     Required Time:=     350                  
      Launch Clock:-     200                  
         Data Path:-     317                  
             Slack:=    -167                  

#------------------------------------------------------------------------------------------------------------------------------------------------------------------------------------------
#                                        Timing Point                                          Flags    Arc   Edge             Cell               Fanout Load Trans Delay Arrival Instance 
#                                                                                                                                                        (fF)  (ps)  (ps)   (ps)  Location 
#------------------------------------------------------------------------------------------------------------------------------------------------------------------------------------------
  pp_fir_blocked_1_1/pp_fir_bottom_half_1_1/pp_fir_u_3_1_1/pp_fir_3_1_1/sum5_1_im_1_reg[23]/CK -       -      R     (arrival)                      21040    -    25     0     200    (-,-) 
  pp_fir_blocked_1_1/pp_fir_bottom_half_1_1/pp_fir_u_3_1_1/pp_fir_3_1_1/sum5_1_im_1_reg[23]/QN -       CK->QN F     SDFFXRPQN_X2M_A9PP140ZTUL_C30      1  3.1    13    25     225    (-,-) 
  pp_fir_blocked_1_1/pp_fir_bottom_half_1_1/pp_fir_u_3_1_1/pp_fir_3_1_1/g38946/Y               -       A->Y   R     INV_X4B_A9PP140ZTUL_C30            4  9.0    12     9     234    (-,-) 
  pp_fir_blocked_1_1/pp_fir_bottom_half_1_1/pp_fir_u_3_1_1/signed_mag_1/g3438/Y                -       B->Y   F     NOR2_X3A_A9PP140ZTUL_C30           2  5.0    13    10     244    (-,-) 
  pp_fir_blocked_1_1/pp_fir_bottom_half_1_1/pp_fir_u_3_1_1/signed_mag_1/g3435/Y                -       A->Y   R     INV_X3P5M_A9PP140ZTUL_C30          2  6.1    10     8     252    (-,-) 
  pp_fir_blocked_1_1/pp_fir_bottom_half_1_1/pp_fir_u_3_1_1/signed_mag_1/g3423/Y                -       A->Y   F     NOR2_X3TA_A9PP140ZTUL_C30          2  3.9    10     7     259    (-,-) 
  pp_fir_blocked_1_1/pp_fir_bottom_half_1_1/pp_fir_u_3_1_1/signed_mag_1/g3413/Y                -       A->Y   R     NOR2_X3A_A9PP140ZTUL_C30           1  4.2    13    10     269    (-,-) 
  pp_fir_blocked_1_1/pp_fir_bottom_half_1_1/pp_fir_u_3_1_1/signed_mag_1/g3404/Y                -       A->Y   F     XNOR2_X4M_A9PP140ZTUL_C30          2  8.1    22    12     281    (-,-) 
  g21015/Y                                                                                     -       A0->Y  R     AOI22_X6A_A9PP140ZTL_C30           2  6.7    20    16     297    (-,-) 
  g20632/Y                                                                                     -       A1->Y  F     OAI21_X6M_A9PP140ZTUL_C30          3  8.4    16    12     310    (-,-) 
  g20626/Y                                                                                     -       A->Y   R     INV_X2P5M_A9PP140ZTUL_C30          2  9.0    17    13     323    (-,-) 
  g20599/Y                                                                                     -       A->Y   F     XNOR2_X4M_A9PP140ZTUL_C30          3 12.9    29    16     339    (-,-) 
  g20585/Y                                                                                     -       A->Y   R     INV_X6M_A9PP140ZTUL_C30            2  8.5    13    10     349    (-,-) 
  g20567/Y                                                                                     -       A->Y   F     NAND2_X6M_A9PP140ZTUL_C30          4 15.4    18    12     360    (-,-) 
  g20280/Y                                                                                     -       B->Y   F     OR2_X8M_A9PP140ZTUL_C30           16 35.6    18    22     382    (-,-) 
  g19777/Y                                                                                     -       B->Y   R     NOR2_X2A_A9PP140ZTUL_C30           2  3.5    16    14     396    (-,-) 
  b2u_8to255_quad_4_sub_27_47_g15684/Y                                                         -       B->Y   F     NOR2_X2A_A9PP140ZTUL_C30           3  4.5    16    12     407    (-,-) 
  b2u_8to255_quad_4_sub_27_47_g2/Y                                                             -       C->Y   R     NAND3BB_X2M_A9PP140ZTUL_C30        1  3.3    16    12     420    (-,-) 
  b2u_8to255_quad_4_sub_27_47_g15484/Y                                                         -       A->Y   F     NOR2_X4TA_A9PP140ZTUL_C30          2  4.6    11     8     427    (-,-) 
  b2u_8to255_quad_4_sub_27_47_g15385/Y                                                         -       C->Y   R     NAND3BB_X4M_A9PP140ZTUL_C30        2  5.3    13    10     437    (-,-) 
  b2u_8to255_quad_4_sub_27_47_g16178/Y                                                         -       C->Y   F     NOR3BB_X6M_A9PP140ZTUL_C30         2  5.5    14    11     448    (-,-) 
  b2u_8to255_quad_4_sub_27_47_g15065/Y                                                         -       A->Y   R     NAND3_X6M_A9PP140ZTUL_C30          2  7.6    18    12     459    (-,-) 
  b2u_8to255_quad_4_sub_27_47_g14916/Y                                                         -       A->Y   F     NOR2_X8A_A9PP140ZTUL_C30           4 15.9    14    10     470    (-,-) 
  b2u_8to255_quad_4_sub_27_47_fopt14/Y                                                         -       A->Y   R     INV_X4M_A9PP140ZTUL_C30            3 11.3    14    11     481    (-,-) 
  b2u_8to255_quad_4_sub_27_47_fopt13/Y                                                         -       A->Y   F     INV_X7P5M_A9PP140ZTUL_C30         16 29.5    16    11     492    (-,-) 
  b2u_8to255_quad_4_sub_27_47_g14712/Y                                                         -       A->Y   R     NAND2_X2B_A9PP140ZTUL_C30          2  3.7    14    10     502    (-,-) 
  b2u_8to255_quad_4_sub_27_47_g14606/Y                                                         -       A->Y   F     INV_X1P4M_A9PP140ZTUL_C30          1  2.2     8     6     508    (-,-) 
  b2u_8to255_quad_4_sub_27_47_g14240/Y                                                         -       A0->Y  R     OAI2XB1_X2M_A9PP140ZTUL_C30        1  1.5    14     9     517    (-,-) 
  b2u_8to255_quad_4_qOut_reg[114]/D                                                            -       -      R     SDFFRPQH_X4M_A9PP140ZTUL_C30       1    -     -     0     517    (-,-) 
#------------------------------------------------------------------------------------------------------------------------------------------------------------------------------------------



Path 13: VIOLATED (-167 ps) Setup Check with Pin b2u_8to255_quad_4_qOut_reg[122]/CK->D
           View: func-typ-typ
          Group: clk
     Startpoint: (R) pp_fir_blocked_1_1/pp_fir_bottom_half_1_1/pp_fir_u_3_1_1/pp_fir_3_1_1/sum5_1_im_1_reg[23]/CK
          Clock: (R) clk
       Endpoint: (R) b2u_8to255_quad_4_qOut_reg[122]/D
          Clock: (R) clk

                     Capture       Launch     
        Clock Edge:+     250            0     
       Src Latency:+       0            0     
       Net Latency:+     200 (I)      200 (I) 
           Arrival:=     450          200     
                                              
             Setup:-      -0                  
       Uncertainty:-     100                  
     Required Time:=     350                  
      Launch Clock:-     200                  
         Data Path:-     317                  
             Slack:=    -167                  

#------------------------------------------------------------------------------------------------------------------------------------------------------------------------------------------
#                                        Timing Point                                          Flags    Arc   Edge             Cell               Fanout Load Trans Delay Arrival Instance 
#                                                                                                                                                        (fF)  (ps)  (ps)   (ps)  Location 
#------------------------------------------------------------------------------------------------------------------------------------------------------------------------------------------
  pp_fir_blocked_1_1/pp_fir_bottom_half_1_1/pp_fir_u_3_1_1/pp_fir_3_1_1/sum5_1_im_1_reg[23]/CK -       -      R     (arrival)                      21040    -    25     0     200    (-,-) 
  pp_fir_blocked_1_1/pp_fir_bottom_half_1_1/pp_fir_u_3_1_1/pp_fir_3_1_1/sum5_1_im_1_reg[23]/QN -       CK->QN F     SDFFXRPQN_X2M_A9PP140ZTUL_C30      1  3.1    13    25     225    (-,-) 
  pp_fir_blocked_1_1/pp_fir_bottom_half_1_1/pp_fir_u_3_1_1/pp_fir_3_1_1/g38946/Y               -       A->Y   R     INV_X4B_A9PP140ZTUL_C30            4  9.0    12     9     234    (-,-) 
  pp_fir_blocked_1_1/pp_fir_bottom_half_1_1/pp_fir_u_3_1_1/signed_mag_1/g3438/Y                -       B->Y   F     NOR2_X3A_A9PP140ZTUL_C30           2  5.0    13    10     244    (-,-) 
  pp_fir_blocked_1_1/pp_fir_bottom_half_1_1/pp_fir_u_3_1_1/signed_mag_1/g3435/Y                -       A->Y   R     INV_X3P5M_A9PP140ZTUL_C30          2  6.1    10     8     252    (-,-) 
  pp_fir_blocked_1_1/pp_fir_bottom_half_1_1/pp_fir_u_3_1_1/signed_mag_1/g3423/Y                -       A->Y   F     NOR2_X3TA_A9PP140ZTUL_C30          2  3.9    10     7     259    (-,-) 
  pp_fir_blocked_1_1/pp_fir_bottom_half_1_1/pp_fir_u_3_1_1/signed_mag_1/g3413/Y                -       A->Y   R     NOR2_X3A_A9PP140ZTUL_C30           1  4.2    13    10     269    (-,-) 
  pp_fir_blocked_1_1/pp_fir_bottom_half_1_1/pp_fir_u_3_1_1/signed_mag_1/g3404/Y                -       A->Y   F     XNOR2_X4M_A9PP140ZTUL_C30          2  8.1    22    12     281    (-,-) 
  g21015/Y                                                                                     -       A0->Y  R     AOI22_X6A_A9PP140ZTL_C30           2  6.7    20    16     297    (-,-) 
  g20632/Y                                                                                     -       A1->Y  F     OAI21_X6M_A9PP140ZTUL_C30          3  8.4    16    12     310    (-,-) 
  g20626/Y                                                                                     -       A->Y   R     INV_X2P5M_A9PP140ZTUL_C30          2  9.0    17    13     323    (-,-) 
  g20599/Y                                                                                     -       A->Y   F     XNOR2_X4M_A9PP140ZTUL_C30          3 12.9    29    16     339    (-,-) 
  g20585/Y                                                                                     -       A->Y   R     INV_X6M_A9PP140ZTUL_C30            2  8.5    13    10     349    (-,-) 
  g20567/Y                                                                                     -       A->Y   F     NAND2_X6M_A9PP140ZTUL_C30          4 15.4    18    12     360    (-,-) 
  g20280/Y                                                                                     -       B->Y   F     OR2_X8M_A9PP140ZTUL_C30           16 35.6    18    22     382    (-,-) 
  g19777/Y                                                                                     -       B->Y   R     NOR2_X2A_A9PP140ZTUL_C30           2  3.5    16    14     396    (-,-) 
  b2u_8to255_quad_4_sub_27_47_g15684/Y                                                         -       B->Y   F     NOR2_X2A_A9PP140ZTUL_C30           3  4.5    16    12     407    (-,-) 
  b2u_8to255_quad_4_sub_27_47_g2/Y                                                             -       C->Y   R     NAND3BB_X2M_A9PP140ZTUL_C30        1  3.3    16    12     420    (-,-) 
  b2u_8to255_quad_4_sub_27_47_g15484/Y                                                         -       A->Y   F     NOR2_X4TA_A9PP140ZTUL_C30          2  4.6    11     8     427    (-,-) 
  b2u_8to255_quad_4_sub_27_47_g15385/Y                                                         -       C->Y   R     NAND3BB_X4M_A9PP140ZTUL_C30        2  5.3    13    10     437    (-,-) 
  b2u_8to255_quad_4_sub_27_47_g16178/Y                                                         -       C->Y   F     NOR3BB_X6M_A9PP140ZTUL_C30         2  5.5    14    11     448    (-,-) 
  b2u_8to255_quad_4_sub_27_47_g15065/Y                                                         -       A->Y   R     NAND3_X6M_A9PP140ZTUL_C30          2  7.6    18    12     459    (-,-) 
  b2u_8to255_quad_4_sub_27_47_g14916/Y                                                         -       A->Y   F     NOR2_X8A_A9PP140ZTUL_C30           4 15.9    14    10     470    (-,-) 
  b2u_8to255_quad_4_sub_27_47_fopt14/Y                                                         -       A->Y   R     INV_X4M_A9PP140ZTUL_C30            3 11.3    14    11     481    (-,-) 
  b2u_8to255_quad_4_sub_27_47_fopt13/Y                                                         -       A->Y   F     INV_X7P5M_A9PP140ZTUL_C30         16 29.5    16    11     492    (-,-) 
  b2u_8to255_quad_4_sub_27_47_g14716/Y                                                         -       A->Y   R     NAND2_X2B_A9PP140ZTUL_C30          2  3.7    13    10     502    (-,-) 
  b2u_8to255_quad_4_sub_27_47_g14608/Y                                                         -       A->Y   F     INV_X1P4M_A9PP140ZTUL_C30          1  2.2     8     6     508    (-,-) 
  b2u_8to255_quad_4_sub_27_47_g14308/Y                                                         -       A0->Y  R     OAI2XB1_X2M_A9PP140ZTUL_C30        1  1.5    13     9     517    (-,-) 
  b2u_8to255_quad_4_qOut_reg[122]/D                                                            -       -      R     SDFFRPQH_X4M_A9PP140ZTUL_C30       1    -     -     0     517    (-,-) 
#------------------------------------------------------------------------------------------------------------------------------------------------------------------------------------------



Path 14: VIOLATED (-167 ps) Setup Check with Pin b2u_8to255_quad_4_qOut_reg[112]/CK->D
           View: func-typ-typ
          Group: clk
     Startpoint: (R) pp_fir_blocked_1_1/pp_fir_bottom_half_1_1/pp_fir_u_3_1_1/pp_fir_3_1_1/sum5_1_im_1_reg[23]/CK
          Clock: (R) clk
       Endpoint: (R) b2u_8to255_quad_4_qOut_reg[112]/D
          Clock: (R) clk

                     Capture       Launch     
        Clock Edge:+     250            0     
       Src Latency:+       0            0     
       Net Latency:+     200 (I)      200 (I) 
           Arrival:=     450          200     
                                              
             Setup:-      -0                  
       Uncertainty:-     100                  
     Required Time:=     350                  
      Launch Clock:-     200                  
         Data Path:-     317                  
             Slack:=    -167                  

#------------------------------------------------------------------------------------------------------------------------------------------------------------------------------------------
#                                        Timing Point                                          Flags    Arc   Edge             Cell               Fanout Load Trans Delay Arrival Instance 
#                                                                                                                                                        (fF)  (ps)  (ps)   (ps)  Location 
#------------------------------------------------------------------------------------------------------------------------------------------------------------------------------------------
  pp_fir_blocked_1_1/pp_fir_bottom_half_1_1/pp_fir_u_3_1_1/pp_fir_3_1_1/sum5_1_im_1_reg[23]/CK -       -      R     (arrival)                      21040    -    25     0     200    (-,-) 
  pp_fir_blocked_1_1/pp_fir_bottom_half_1_1/pp_fir_u_3_1_1/pp_fir_3_1_1/sum5_1_im_1_reg[23]/QN -       CK->QN F     SDFFXRPQN_X2M_A9PP140ZTUL_C30      1  3.1    13    25     225    (-,-) 
  pp_fir_blocked_1_1/pp_fir_bottom_half_1_1/pp_fir_u_3_1_1/pp_fir_3_1_1/g38946/Y               -       A->Y   R     INV_X4B_A9PP140ZTUL_C30            4  9.0    12     9     234    (-,-) 
  pp_fir_blocked_1_1/pp_fir_bottom_half_1_1/pp_fir_u_3_1_1/signed_mag_1/g3438/Y                -       B->Y   F     NOR2_X3A_A9PP140ZTUL_C30           2  5.0    13    10     244    (-,-) 
  pp_fir_blocked_1_1/pp_fir_bottom_half_1_1/pp_fir_u_3_1_1/signed_mag_1/g3435/Y                -       A->Y   R     INV_X3P5M_A9PP140ZTUL_C30          2  6.1    10     8     252    (-,-) 
  pp_fir_blocked_1_1/pp_fir_bottom_half_1_1/pp_fir_u_3_1_1/signed_mag_1/g3423/Y                -       A->Y   F     NOR2_X3TA_A9PP140ZTUL_C30          2  3.9    10     7     259    (-,-) 
  pp_fir_blocked_1_1/pp_fir_bottom_half_1_1/pp_fir_u_3_1_1/signed_mag_1/g3413/Y                -       A->Y   R     NOR2_X3A_A9PP140ZTUL_C30           1  4.2    13    10     269    (-,-) 
  pp_fir_blocked_1_1/pp_fir_bottom_half_1_1/pp_fir_u_3_1_1/signed_mag_1/g3404/Y                -       A->Y   F     XNOR2_X4M_A9PP140ZTUL_C30          2  8.1    22    12     281    (-,-) 
  g21015/Y                                                                                     -       A0->Y  R     AOI22_X6A_A9PP140ZTL_C30           2  6.7    20    16     297    (-,-) 
  g20632/Y                                                                                     -       A1->Y  F     OAI21_X6M_A9PP140ZTUL_C30          3  8.4    16    12     310    (-,-) 
  g20626/Y                                                                                     -       A->Y   R     INV_X2P5M_A9PP140ZTUL_C30          2  9.0    17    13     323    (-,-) 
  g20599/Y                                                                                     -       A->Y   F     XNOR2_X4M_A9PP140ZTUL_C30          3 12.9    29    16     339    (-,-) 
  g20585/Y                                                                                     -       A->Y   R     INV_X6M_A9PP140ZTUL_C30            2  8.5    13    10     349    (-,-) 
  g20567/Y                                                                                     -       A->Y   F     NAND2_X6M_A9PP140ZTUL_C30          4 15.4    18    12     360    (-,-) 
  g20280/Y                                                                                     -       B->Y   F     OR2_X8M_A9PP140ZTUL_C30           16 35.6    18    22     382    (-,-) 
  g19777/Y                                                                                     -       B->Y   R     NOR2_X2A_A9PP140ZTUL_C30           2  3.5    16    14     396    (-,-) 
  b2u_8to255_quad_4_sub_27_47_g15684/Y                                                         -       B->Y   F     NOR2_X2A_A9PP140ZTUL_C30           3  4.5    16    12     407    (-,-) 
  b2u_8to255_quad_4_sub_27_47_g2/Y                                                             -       C->Y   R     NAND3BB_X2M_A9PP140ZTUL_C30        1  3.3    16    12     420    (-,-) 
  b2u_8to255_quad_4_sub_27_47_g15484/Y                                                         -       A->Y   F     NOR2_X4TA_A9PP140ZTUL_C30          2  4.6    11     8     427    (-,-) 
  b2u_8to255_quad_4_sub_27_47_g15385/Y                                                         -       C->Y   R     NAND3BB_X4M_A9PP140ZTUL_C30        2  5.3    13    10     437    (-,-) 
  b2u_8to255_quad_4_sub_27_47_g16178/Y                                                         -       C->Y   F     NOR3BB_X6M_A9PP140ZTUL_C30         2  5.5    14    11     448    (-,-) 
  b2u_8to255_quad_4_sub_27_47_g15065/Y                                                         -       A->Y   R     NAND3_X6M_A9PP140ZTUL_C30          2  7.6    18    12     459    (-,-) 
  b2u_8to255_quad_4_sub_27_47_g14916/Y                                                         -       A->Y   F     NOR2_X8A_A9PP140ZTUL_C30           4 15.9    14    10     470    (-,-) 
  b2u_8to255_quad_4_sub_27_47_fopt14/Y                                                         -       A->Y   R     INV_X4M_A9PP140ZTUL_C30            3 11.3    14    11     481    (-,-) 
  b2u_8to255_quad_4_sub_27_47_fopt13/Y                                                         -       A->Y   F     INV_X7P5M_A9PP140ZTUL_C30         16 29.5    16    11     492    (-,-) 
  b2u_8to255_quad_4_sub_27_47_g14711/Y                                                         -       A->Y   R     NAND2_X2B_A9PP140ZTUL_C30          2  3.7    13    10     502    (-,-) 
  b2u_8to255_quad_4_sub_27_47_g14605/Y                                                         -       A->Y   F     INV_X1P4M_A9PP140ZTUL_C30          1  2.2     8     6     508    (-,-) 
  b2u_8to255_quad_4_sub_27_47_g14302/Y                                                         -       A0->Y  R     OAI2XB1_X2M_A9PP140ZTUL_C30        1  1.5    14     9     517    (-,-) 
  b2u_8to255_quad_4_qOut_reg[112]/D                                                            -       -      R     SDFFRPQH_X4M_A9PP140ZTUL_C30       1    -     -     0     517    (-,-) 
#------------------------------------------------------------------------------------------------------------------------------------------------------------------------------------------



Path 15: VIOLATED (-167 ps) Setup Check with Pin b2u_8to255_quad_4_qOut_reg[110]/CK->D
           View: func-typ-typ
          Group: clk
     Startpoint: (R) pp_fir_blocked_1_1/pp_fir_bottom_half_1_1/pp_fir_u_3_1_1/pp_fir_3_1_1/sum5_1_im_1_reg[23]/CK
          Clock: (R) clk
       Endpoint: (R) b2u_8to255_quad_4_qOut_reg[110]/D
          Clock: (R) clk

                     Capture       Launch     
        Clock Edge:+     250            0     
       Src Latency:+       0            0     
       Net Latency:+     200 (I)      200 (I) 
           Arrival:=     450          200     
                                              
             Setup:-      -0                  
       Uncertainty:-     100                  
     Required Time:=     350                  
      Launch Clock:-     200                  
         Data Path:-     317                  
             Slack:=    -167                  

#------------------------------------------------------------------------------------------------------------------------------------------------------------------------------------------
#                                        Timing Point                                          Flags    Arc   Edge             Cell               Fanout Load Trans Delay Arrival Instance 
#                                                                                                                                                        (fF)  (ps)  (ps)   (ps)  Location 
#------------------------------------------------------------------------------------------------------------------------------------------------------------------------------------------
  pp_fir_blocked_1_1/pp_fir_bottom_half_1_1/pp_fir_u_3_1_1/pp_fir_3_1_1/sum5_1_im_1_reg[23]/CK -       -      R     (arrival)                      21040    -    25     0     200    (-,-) 
  pp_fir_blocked_1_1/pp_fir_bottom_half_1_1/pp_fir_u_3_1_1/pp_fir_3_1_1/sum5_1_im_1_reg[23]/QN -       CK->QN F     SDFFXRPQN_X2M_A9PP140ZTUL_C30      1  3.1    13    25     225    (-,-) 
  pp_fir_blocked_1_1/pp_fir_bottom_half_1_1/pp_fir_u_3_1_1/pp_fir_3_1_1/g38946/Y               -       A->Y   R     INV_X4B_A9PP140ZTUL_C30            4  9.0    12     9     234    (-,-) 
  pp_fir_blocked_1_1/pp_fir_bottom_half_1_1/pp_fir_u_3_1_1/signed_mag_1/g3438/Y                -       B->Y   F     NOR2_X3A_A9PP140ZTUL_C30           2  5.0    13    10     244    (-,-) 
  pp_fir_blocked_1_1/pp_fir_bottom_half_1_1/pp_fir_u_3_1_1/signed_mag_1/g3435/Y                -       A->Y   R     INV_X3P5M_A9PP140ZTUL_C30          2  6.1    10     8     252    (-,-) 
  pp_fir_blocked_1_1/pp_fir_bottom_half_1_1/pp_fir_u_3_1_1/signed_mag_1/g3423/Y                -       A->Y   F     NOR2_X3TA_A9PP140ZTUL_C30          2  3.9    10     7     259    (-,-) 
  pp_fir_blocked_1_1/pp_fir_bottom_half_1_1/pp_fir_u_3_1_1/signed_mag_1/g3413/Y                -       A->Y   R     NOR2_X3A_A9PP140ZTUL_C30           1  4.2    13    10     269    (-,-) 
  pp_fir_blocked_1_1/pp_fir_bottom_half_1_1/pp_fir_u_3_1_1/signed_mag_1/g3404/Y                -       A->Y   F     XNOR2_X4M_A9PP140ZTUL_C30          2  8.1    22    12     281    (-,-) 
  g21015/Y                                                                                     -       A0->Y  R     AOI22_X6A_A9PP140ZTL_C30           2  6.7    20    16     297    (-,-) 
  g20632/Y                                                                                     -       A1->Y  F     OAI21_X6M_A9PP140ZTUL_C30          3  8.4    16    12     310    (-,-) 
  g20626/Y                                                                                     -       A->Y   R     INV_X2P5M_A9PP140ZTUL_C30          2  9.0    17    13     323    (-,-) 
  g20599/Y                                                                                     -       A->Y   F     XNOR2_X4M_A9PP140ZTUL_C30          3 12.9    29    16     339    (-,-) 
  g20585/Y                                                                                     -       A->Y   R     INV_X6M_A9PP140ZTUL_C30            2  8.5    13    10     349    (-,-) 
  g20567/Y                                                                                     -       A->Y   F     NAND2_X6M_A9PP140ZTUL_C30          4 15.4    18    12     360    (-,-) 
  g20280/Y                                                                                     -       B->Y   F     OR2_X8M_A9PP140ZTUL_C30           16 35.6    18    22     382    (-,-) 
  g19777/Y                                                                                     -       B->Y   R     NOR2_X2A_A9PP140ZTUL_C30           2  3.5    16    14     396    (-,-) 
  b2u_8to255_quad_4_sub_27_47_g15684/Y                                                         -       B->Y   F     NOR2_X2A_A9PP140ZTUL_C30           3  4.5    16    12     407    (-,-) 
  b2u_8to255_quad_4_sub_27_47_g2/Y                                                             -       C->Y   R     NAND3BB_X2M_A9PP140ZTUL_C30        1  3.3    16    12     420    (-,-) 
  b2u_8to255_quad_4_sub_27_47_g15484/Y                                                         -       A->Y   F     NOR2_X4TA_A9PP140ZTUL_C30          2  4.6    11     8     427    (-,-) 
  b2u_8to255_quad_4_sub_27_47_g15385/Y                                                         -       C->Y   R     NAND3BB_X4M_A9PP140ZTUL_C30        2  5.3    13    10     437    (-,-) 
  b2u_8to255_quad_4_sub_27_47_g16178/Y                                                         -       C->Y   F     NOR3BB_X6M_A9PP140ZTUL_C30         2  5.5    14    11     448    (-,-) 
  b2u_8to255_quad_4_sub_27_47_g15065/Y                                                         -       A->Y   R     NAND3_X6M_A9PP140ZTUL_C30          2  7.6    18    12     459    (-,-) 
  b2u_8to255_quad_4_sub_27_47_g14916/Y                                                         -       A->Y   F     NOR2_X8A_A9PP140ZTUL_C30           4 15.9    14    10     470    (-,-) 
  b2u_8to255_quad_4_sub_27_47_fopt14/Y                                                         -       A->Y   R     INV_X4M_A9PP140ZTUL_C30            3 11.3    14    11     481    (-,-) 
  b2u_8to255_quad_4_sub_27_47_fopt13/Y                                                         -       A->Y   F     INV_X7P5M_A9PP140ZTUL_C30         16 29.5    16    11     492    (-,-) 
  b2u_8to255_quad_4_sub_27_47_g14710/Y                                                         -       A->Y   R     NAND2_X2B_A9PP140ZTUL_C30          2  3.7    13    10     502    (-,-) 
  b2u_8to255_quad_4_sub_27_47_g14604/Y                                                         -       A->Y   F     INV_X1P4M_A9PP140ZTUL_C30          1  2.2     8     6     508    (-,-) 
  b2u_8to255_quad_4_sub_27_47_g14300/Y                                                         -       A0->Y  R     OAI2XB1_X2M_A9PP140ZTUL_C30        1  1.5    14     9     517    (-,-) 
  b2u_8to255_quad_4_qOut_reg[110]/D                                                            -       -      R     SDFFRPQH_X4M_A9PP140ZTUL_C30       1    -     -     0     517    (-,-) 
#------------------------------------------------------------------------------------------------------------------------------------------------------------------------------------------



Path 16: VIOLATED (-167 ps) Setup Check with Pin b2u_8to255_quad_4_qOut_reg[102]/CK->D
           View: func-typ-typ
          Group: clk
     Startpoint: (R) pp_fir_blocked_1_1/pp_fir_bottom_half_1_1/pp_fir_u_3_1_1/pp_fir_3_1_1/sum5_1_im_1_reg[23]/CK
          Clock: (R) clk
       Endpoint: (R) b2u_8to255_quad_4_qOut_reg[102]/D
          Clock: (R) clk

                     Capture       Launch     
        Clock Edge:+     250            0     
       Src Latency:+       0            0     
       Net Latency:+     200 (I)      200 (I) 
           Arrival:=     450          200     
                                              
             Setup:-      -0                  
       Uncertainty:-     100                  
     Required Time:=     350                  
      Launch Clock:-     200                  
         Data Path:-     317                  
             Slack:=    -167                  

#------------------------------------------------------------------------------------------------------------------------------------------------------------------------------------------
#                                        Timing Point                                          Flags    Arc   Edge             Cell               Fanout Load Trans Delay Arrival Instance 
#                                                                                                                                                        (fF)  (ps)  (ps)   (ps)  Location 
#------------------------------------------------------------------------------------------------------------------------------------------------------------------------------------------
  pp_fir_blocked_1_1/pp_fir_bottom_half_1_1/pp_fir_u_3_1_1/pp_fir_3_1_1/sum5_1_im_1_reg[23]/CK -       -      R     (arrival)                      21040    -    25     0     200    (-,-) 
  pp_fir_blocked_1_1/pp_fir_bottom_half_1_1/pp_fir_u_3_1_1/pp_fir_3_1_1/sum5_1_im_1_reg[23]/QN -       CK->QN F     SDFFXRPQN_X2M_A9PP140ZTUL_C30      1  3.1    13    25     225    (-,-) 
  pp_fir_blocked_1_1/pp_fir_bottom_half_1_1/pp_fir_u_3_1_1/pp_fir_3_1_1/g38946/Y               -       A->Y   R     INV_X4B_A9PP140ZTUL_C30            4  9.0    12     9     234    (-,-) 
  pp_fir_blocked_1_1/pp_fir_bottom_half_1_1/pp_fir_u_3_1_1/signed_mag_1/g3438/Y                -       B->Y   F     NOR2_X3A_A9PP140ZTUL_C30           2  5.0    13    10     244    (-,-) 
  pp_fir_blocked_1_1/pp_fir_bottom_half_1_1/pp_fir_u_3_1_1/signed_mag_1/g3435/Y                -       A->Y   R     INV_X3P5M_A9PP140ZTUL_C30          2  6.1    10     8     252    (-,-) 
  pp_fir_blocked_1_1/pp_fir_bottom_half_1_1/pp_fir_u_3_1_1/signed_mag_1/g3423/Y                -       A->Y   F     NOR2_X3TA_A9PP140ZTUL_C30          2  3.9    10     7     259    (-,-) 
  pp_fir_blocked_1_1/pp_fir_bottom_half_1_1/pp_fir_u_3_1_1/signed_mag_1/g3413/Y                -       A->Y   R     NOR2_X3A_A9PP140ZTUL_C30           1  4.2    13    10     269    (-,-) 
  pp_fir_blocked_1_1/pp_fir_bottom_half_1_1/pp_fir_u_3_1_1/signed_mag_1/g3404/Y                -       A->Y   F     XNOR2_X4M_A9PP140ZTUL_C30          2  8.1    22    12     281    (-,-) 
  g21015/Y                                                                                     -       A0->Y  R     AOI22_X6A_A9PP140ZTL_C30           2  6.7    20    16     297    (-,-) 
  g20632/Y                                                                                     -       A1->Y  F     OAI21_X6M_A9PP140ZTUL_C30          3  8.4    16    12     310    (-,-) 
  g20626/Y                                                                                     -       A->Y   R     INV_X2P5M_A9PP140ZTUL_C30          2  9.0    17    13     323    (-,-) 
  g20599/Y                                                                                     -       A->Y   F     XNOR2_X4M_A9PP140ZTUL_C30          3 12.9    29    16     339    (-,-) 
  g20585/Y                                                                                     -       A->Y   R     INV_X6M_A9PP140ZTUL_C30            2  8.5    13    10     349    (-,-) 
  g20567/Y                                                                                     -       A->Y   F     NAND2_X6M_A9PP140ZTUL_C30          4 15.4    18    12     360    (-,-) 
  g20280/Y                                                                                     -       B->Y   F     OR2_X8M_A9PP140ZTUL_C30           16 35.6    18    22     382    (-,-) 
  g19777/Y                                                                                     -       B->Y   R     NOR2_X2A_A9PP140ZTUL_C30           2  3.5    16    14     396    (-,-) 
  b2u_8to255_quad_4_sub_27_47_g15684/Y                                                         -       B->Y   F     NOR2_X2A_A9PP140ZTUL_C30           3  4.5    16    12     407    (-,-) 
  b2u_8to255_quad_4_sub_27_47_g2/Y                                                             -       C->Y   R     NAND3BB_X2M_A9PP140ZTUL_C30        1  3.3    16    12     420    (-,-) 
  b2u_8to255_quad_4_sub_27_47_g15484/Y                                                         -       A->Y   F     NOR2_X4TA_A9PP140ZTUL_C30          2  4.6    11     8     427    (-,-) 
  b2u_8to255_quad_4_sub_27_47_g15385/Y                                                         -       C->Y   R     NAND3BB_X4M_A9PP140ZTUL_C30        2  5.3    13    10     437    (-,-) 
  b2u_8to255_quad_4_sub_27_47_g16178/Y                                                         -       C->Y   F     NOR3BB_X6M_A9PP140ZTUL_C30         2  5.5    14    11     448    (-,-) 
  b2u_8to255_quad_4_sub_27_47_g15065/Y                                                         -       A->Y   R     NAND3_X6M_A9PP140ZTUL_C30          2  7.6    18    12     459    (-,-) 
  b2u_8to255_quad_4_sub_27_47_g14916/Y                                                         -       A->Y   F     NOR2_X8A_A9PP140ZTUL_C30           4 15.9    14    10     470    (-,-) 
  b2u_8to255_quad_4_sub_27_47_fopt14/Y                                                         -       A->Y   R     INV_X4M_A9PP140ZTUL_C30            3 11.3    14    11     481    (-,-) 
  b2u_8to255_quad_4_sub_27_47_fopt13/Y                                                         -       A->Y   F     INV_X7P5M_A9PP140ZTUL_C30         16 29.5    16    11     492    (-,-) 
  b2u_8to255_quad_4_sub_27_47_g14706/Y                                                         -       A->Y   R     NAND2_X2B_A9PP140ZTUL_C30          2  3.7    13    10     502    (-,-) 
  b2u_8to255_quad_4_sub_27_47_g14602/Y                                                         -       A->Y   F     INV_X1P4M_A9PP140ZTUL_C30          1  2.2     8     6     508    (-,-) 
  b2u_8to255_quad_4_sub_27_47_g14237/Y                                                         -       A0->Y  R     OAI2XB1_X2M_A9PP140ZTUL_C30        1  1.5    13     9     517    (-,-) 
  b2u_8to255_quad_4_qOut_reg[102]/D                                                            -       -      R     SDFFRPQH_X4M_A9PP140ZTUL_C30       1    -     -     0     517    (-,-) 
#------------------------------------------------------------------------------------------------------------------------------------------------------------------------------------------



Path 17: VIOLATED (-167 ps) Setup Check with Pin b2u_8to255_quad_4_qOut_reg[16]/CK->D
           View: func-typ-typ
          Group: clk
     Startpoint: (R) pp_fir_blocked_1_1/pp_fir_bottom_half_1_1/pp_fir_u_3_1_1/pp_fir_3_1_1/sum5_1_im_1_reg[23]/CK
          Clock: (R) clk
       Endpoint: (R) b2u_8to255_quad_4_qOut_reg[16]/D
          Clock: (R) clk

                     Capture       Launch     
        Clock Edge:+     250            0     
       Src Latency:+       0            0     
       Net Latency:+     200 (I)      200 (I) 
           Arrival:=     450          200     
                                              
             Setup:-      -0                  
       Uncertainty:-     100                  
     Required Time:=     350                  
      Launch Clock:-     200                  
         Data Path:-     317                  
             Slack:=    -167                  

#------------------------------------------------------------------------------------------------------------------------------------------------------------------------------------------
#                                        Timing Point                                          Flags    Arc   Edge             Cell               Fanout Load Trans Delay Arrival Instance 
#                                                                                                                                                        (fF)  (ps)  (ps)   (ps)  Location 
#------------------------------------------------------------------------------------------------------------------------------------------------------------------------------------------
  pp_fir_blocked_1_1/pp_fir_bottom_half_1_1/pp_fir_u_3_1_1/pp_fir_3_1_1/sum5_1_im_1_reg[23]/CK -       -      R     (arrival)                      21040    -    25     0     200    (-,-) 
  pp_fir_blocked_1_1/pp_fir_bottom_half_1_1/pp_fir_u_3_1_1/pp_fir_3_1_1/sum5_1_im_1_reg[23]/QN -       CK->QN F     SDFFXRPQN_X2M_A9PP140ZTUL_C30      1  3.1    13    25     225    (-,-) 
  pp_fir_blocked_1_1/pp_fir_bottom_half_1_1/pp_fir_u_3_1_1/pp_fir_3_1_1/g38946/Y               -       A->Y   R     INV_X4B_A9PP140ZTUL_C30            4  9.0    12     9     234    (-,-) 
  pp_fir_blocked_1_1/pp_fir_bottom_half_1_1/pp_fir_u_3_1_1/signed_mag_1/g3438/Y                -       B->Y   F     NOR2_X3A_A9PP140ZTUL_C30           2  5.0    13    10     244    (-,-) 
  pp_fir_blocked_1_1/pp_fir_bottom_half_1_1/pp_fir_u_3_1_1/signed_mag_1/g3435/Y                -       A->Y   R     INV_X3P5M_A9PP140ZTUL_C30          2  6.1    10     8     252    (-,-) 
  pp_fir_blocked_1_1/pp_fir_bottom_half_1_1/pp_fir_u_3_1_1/signed_mag_1/g3423/Y                -       A->Y   F     NOR2_X3TA_A9PP140ZTUL_C30          2  3.9    10     7     259    (-,-) 
  pp_fir_blocked_1_1/pp_fir_bottom_half_1_1/pp_fir_u_3_1_1/signed_mag_1/g3413/Y                -       A->Y   R     NOR2_X3A_A9PP140ZTUL_C30           1  4.2    13    10     269    (-,-) 
  pp_fir_blocked_1_1/pp_fir_bottom_half_1_1/pp_fir_u_3_1_1/signed_mag_1/g3404/Y                -       A->Y   F     XNOR2_X4M_A9PP140ZTUL_C30          2  8.1    22    12     281    (-,-) 
  g21015/Y                                                                                     -       A0->Y  R     AOI22_X6A_A9PP140ZTL_C30           2  6.7    20    16     297    (-,-) 
  g20632/Y                                                                                     -       A1->Y  F     OAI21_X6M_A9PP140ZTUL_C30          3  8.4    16    12     310    (-,-) 
  g20626/Y                                                                                     -       A->Y   R     INV_X2P5M_A9PP140ZTUL_C30          2  9.0    17    13     323    (-,-) 
  g20599/Y                                                                                     -       A->Y   F     XNOR2_X4M_A9PP140ZTUL_C30          3 12.9    29    16     339    (-,-) 
  g20585/Y                                                                                     -       A->Y   R     INV_X6M_A9PP140ZTUL_C30            2  8.5    13    10     349    (-,-) 
  g20567/Y                                                                                     -       A->Y   F     NAND2_X6M_A9PP140ZTUL_C30          4 15.4    18    12     360    (-,-) 
  g20280/Y                                                                                     -       B->Y   F     OR2_X8M_A9PP140ZTUL_C30           16 35.6    18    22     382    (-,-) 
  g19777/Y                                                                                     -       B->Y   R     NOR2_X2A_A9PP140ZTUL_C30           2  3.5    16    14     396    (-,-) 
  b2u_8to255_quad_4_sub_27_47_g15684/Y                                                         -       B->Y   F     NOR2_X2A_A9PP140ZTUL_C30           3  4.5    16    12     407    (-,-) 
  b2u_8to255_quad_4_sub_27_47_g2/Y                                                             -       C->Y   R     NAND3BB_X2M_A9PP140ZTUL_C30        1  3.3    16    12     420    (-,-) 
  b2u_8to255_quad_4_sub_27_47_g15484/Y                                                         -       A->Y   F     NOR2_X4TA_A9PP140ZTUL_C30          2  4.6    11     8     427    (-,-) 
  b2u_8to255_quad_4_sub_27_47_g15385/Y                                                         -       C->Y   R     NAND3BB_X4M_A9PP140ZTUL_C30        2  5.3    13    10     437    (-,-) 
  b2u_8to255_quad_4_sub_27_47_g16178/Y                                                         -       C->Y   F     NOR3BB_X6M_A9PP140ZTUL_C30         2  5.5    14    11     448    (-,-) 
  b2u_8to255_quad_4_sub_27_47_g15065/Y                                                         -       A->Y   R     NAND3_X6M_A9PP140ZTUL_C30          2  7.6    18    12     459    (-,-) 
  b2u_8to255_quad_4_sub_27_47_g14916/Y                                                         -       A->Y   F     NOR2_X8A_A9PP140ZTUL_C30           4 15.9    14    10     470    (-,-) 
  b2u_8to255_quad_4_sub_27_47_fopt14/Y                                                         -       A->Y   R     INV_X4M_A9PP140ZTUL_C30            3 11.3    14    11     481    (-,-) 
  b2u_8to255_quad_4_sub_27_47_fopt12/Y                                                         -       A->Y   F     INV_X4B_A9PP140ZTUL_C30            2  3.6     9     7     488    (-,-) 
  b2u_8to255_quad_4_sub_27_47_g16045/Y                                                         -       A->Y   R     NAND4XXXB_X2M_A9PP140ZTUL_C30      2  2.7    23    12     500    (-,-) 
  b2u_8to255_quad_4_sub_27_47_g16362/Y                                                         -       A0->Y  R     AO21B_X1M_A9PP140ZTUL_C30          1  1.5    12    17     517    (-,-) 
  b2u_8to255_quad_4_qOut_reg[16]/D                                                             -       -      R     SDFFRPQH_X4M_A9PP140ZTUL_C30       1    -     -     0     517    (-,-) 
#------------------------------------------------------------------------------------------------------------------------------------------------------------------------------------------



Path 18: VIOLATED (-167 ps) Setup Check with Pin b2u_8to255_quad_4_iOut_reg[121]/CK->D
           View: func-typ-typ
          Group: clk
     Startpoint: (R) pp_fir_blocked_1_1/pp_fir_bottom_half_1_1/pp_fir_u_7_1_1/pp_fir_7_1_1/sum5_1_re_1_reg[22]/CK
          Clock: (R) clk
       Endpoint: (R) b2u_8to255_quad_4_iOut_reg[121]/D
          Clock: (R) clk

                     Capture       Launch     
        Clock Edge:+     250            0     
       Src Latency:+       0            0     
       Net Latency:+     200 (I)      200 (I) 
           Arrival:=     450          200     
                                              
             Setup:-      -0                  
       Uncertainty:-     100                  
     Required Time:=     350                  
      Launch Clock:-     200                  
         Data Path:-     317                  
             Slack:=    -167                  

#------------------------------------------------------------------------------------------------------------------------------------------------------------------------------------------
#                                        Timing Point                                          Flags    Arc   Edge             Cell               Fanout Load Trans Delay Arrival Instance 
#                                                                                                                                                        (fF)  (ps)  (ps)   (ps)  Location 
#------------------------------------------------------------------------------------------------------------------------------------------------------------------------------------------
  pp_fir_blocked_1_1/pp_fir_bottom_half_1_1/pp_fir_u_7_1_1/pp_fir_7_1_1/sum5_1_re_1_reg[22]/CK -       -      R     (arrival)                      21040    -    25     0     200    (-,-) 
  pp_fir_blocked_1_1/pp_fir_bottom_half_1_1/pp_fir_u_7_1_1/pp_fir_7_1_1/sum5_1_re_1_reg[22]/QN -       CK->QN F     SDFFXRPQN_X3M_A9PP140ZTUL_C30      1  2.9    13    25     225    (-,-) 
  pp_fir_blocked_1_1/pp_fir_bottom_half_1_1/pp_fir_u_7_1_1/pp_fir_7_1_1/g37937/Y               -       A->Y   R     INV_X3M_A9PP140ZTUL_C30            4  7.7    13    10     236    (-,-) 
  pp_fir_blocked_1_1/pp_fir_bottom_half_1_1/pp_fir_u_7_1_1/signed_mag_3/g3489/Y                -       A->Y   F     NOR2_X4TA_A9PP140ZTUL_C30          3  8.8    14    10     246    (-,-) 
  pp_fir_blocked_1_1/pp_fir_bottom_half_1_1/pp_fir_u_7_1_1/signed_mag_3/g3486/Y                -       A->Y   R     INV_X6M_A9PP140ZTUL_C30            2  5.5     8     6     252    (-,-) 
  pp_fir_blocked_1_1/pp_fir_bottom_half_1_1/pp_fir_u_7_1_1/signed_mag_3/g2/Y                   -       A->Y   F     NOR3_X2A_A9PP140ZTUL_C30           2  4.0    18    10     262    (-,-) 
  pp_fir_blocked_1_1/pp_fir_bottom_half_1_1/pp_fir_u_7_1_1/signed_mag_3/g3469/Y                -       A->Y   R     NOR2_X3TA_A9PP140ZTUL_C30          1  4.2    14    11     273    (-,-) 
  pp_fir_blocked_1_1/pp_fir_bottom_half_1_1/pp_fir_u_7_1_1/signed_mag_3/g3457/Y                -       A->Y   R     XNOR2_X4M_A9PP140ZTUL_C30          3  5.4    19    12     285    (-,-) 
  g21036/Y                                                                                     -       B0->Y  R     AO1B2_X3M_A9PP140ZTUL_C30          2  6.4    14    18     302    (-,-) 
  g20840/Y                                                                                     -       A->Y   F     NAND2_X4B_A9PP140ZTL_C30           2  6.6    15    11     313    (-,-) 
  g20735/Y                                                                                     -       A->Y   R     NOR2_X4A_A9PP140ZTUL_C30           1  3.6    12     9     322    (-,-) 
  g20597/Y                                                                                     -       A1->Y  F     AOI21_X4A_A9PP140ZTUL_C30          1  4.2    13    10     333    (-,-) 
  g20532/Y                                                                                     -       A->Y   F     XNOR2_X4M_A9PP140ZTUL_C30          3  8.5    24    14     347    (-,-) 
  g20425/Y                                                                                     -       A->Y   F     OR2_X4TM_A9PP140ZTUL_C30           4 16.2    16    21     368    (-,-) 
  g20264/Y                                                                                     -       A->Y   F     OR2_X8M_A9PP140ZTUL_C30           16 28.7    15    19     387    (-,-) 
  g19500/Y                                                                                     -       A->Y   R     NOR2_X2TA_A9PP140ZTUL_C30          2  4.9    17    13     400    (-,-) 
  b2u_8to255_quad_4_sub_22_34_g15686/Y                                                         -       A->Y   F     NOR2_X4A_A9PP140ZTUL_C30           3  7.1    14    10     409    (-,-) 
  b2u_8to255_quad_4_sub_22_34_g2/Y                                                             -       C->Y   R     NAND3BB_X4M_A9PP140ZTUL_C30        2  7.3    16    12     422    (-,-) 
  b2u_8to255_quad_4_sub_22_34_g15492/Y                                                         -       A->Y   F     NOR2_X8A_A9PP140ZTUL_C30           6 12.0    13     9     430    (-,-) 
  b2u_8to255_quad_4_sub_22_34_g15338/Y                                                         -       A->Y   R     NAND2_X4TA_A9PP140ZTUL_C30         2  7.1    12    10     440    (-,-) 
  b2u_8to255_quad_4_sub_22_34_g15036/Y                                                         -       B->Y   R     OR2_X8M_A9PP140ZTUL_C30           12 31.5    17    19     459    (-,-) 
  b2u_8to255_quad_4_sub_22_34_g14915/Y                                                         -       A->Y   F     NOR2_X4TA_A9PP140ZTUL_C30          2  8.6    14    10     469    (-,-) 
  b2u_8to255_quad_4_sub_22_34_g14853/Y                                                         -       A->Y   F     BUF_X16M_A9PP140ZTUL_C30          32 58.1    15    18     488    (-,-) 
  b2u_8to255_quad_4_sub_22_34_g16123/Y                                                         -       C->Y   R     NAND3BB_X2M_A9PP140ZTUL_C30        2  3.5    16    13     500    (-,-) 
  b2u_8to255_quad_4_sub_22_34_g16177/Y                                                         -       A0->Y  R     AO21B_X1M_A9PP140ZTUL_C30          1  1.5    12    17     517    (-,-) 
  b2u_8to255_quad_4_iOut_reg[121]/D                                                            -       -      R     SDFFRPQH_X4M_A9PP140ZTUL_C30       1    -     -     0     517    (-,-) 
#------------------------------------------------------------------------------------------------------------------------------------------------------------------------------------------



Path 19: VIOLATED (-167 ps) Setup Check with Pin b2u_8to255_quad_4_qOut_reg[118]/CK->D
           View: func-typ-typ
          Group: clk
     Startpoint: (R) pp_fir_blocked_1_1/pp_fir_bottom_half_1_1/pp_fir_u_3_1_1/pp_fir_3_1_1/sum5_1_im_1_reg[23]/CK
          Clock: (R) clk
       Endpoint: (R) b2u_8to255_quad_4_qOut_reg[118]/D
          Clock: (R) clk

                     Capture       Launch     
        Clock Edge:+     250            0     
       Src Latency:+       0            0     
       Net Latency:+     200 (I)      200 (I) 
           Arrival:=     450          200     
                                              
             Setup:-      -0                  
       Uncertainty:-     100                  
     Required Time:=     350                  
      Launch Clock:-     200                  
         Data Path:-     317                  
             Slack:=    -167                  

#------------------------------------------------------------------------------------------------------------------------------------------------------------------------------------------
#                                        Timing Point                                          Flags    Arc   Edge             Cell               Fanout Load Trans Delay Arrival Instance 
#                                                                                                                                                        (fF)  (ps)  (ps)   (ps)  Location 
#------------------------------------------------------------------------------------------------------------------------------------------------------------------------------------------
  pp_fir_blocked_1_1/pp_fir_bottom_half_1_1/pp_fir_u_3_1_1/pp_fir_3_1_1/sum5_1_im_1_reg[23]/CK -       -      R     (arrival)                      21040    -    25     0     200    (-,-) 
  pp_fir_blocked_1_1/pp_fir_bottom_half_1_1/pp_fir_u_3_1_1/pp_fir_3_1_1/sum5_1_im_1_reg[23]/QN -       CK->QN F     SDFFXRPQN_X2M_A9PP140ZTUL_C30      1  3.1    13    25     225    (-,-) 
  pp_fir_blocked_1_1/pp_fir_bottom_half_1_1/pp_fir_u_3_1_1/pp_fir_3_1_1/g38946/Y               -       A->Y   R     INV_X4B_A9PP140ZTUL_C30            4  9.0    12     9     234    (-,-) 
  pp_fir_blocked_1_1/pp_fir_bottom_half_1_1/pp_fir_u_3_1_1/signed_mag_1/g3438/Y                -       B->Y   F     NOR2_X3A_A9PP140ZTUL_C30           2  5.0    13    10     244    (-,-) 
  pp_fir_blocked_1_1/pp_fir_bottom_half_1_1/pp_fir_u_3_1_1/signed_mag_1/g3435/Y                -       A->Y   R     INV_X3P5M_A9PP140ZTUL_C30          2  6.1    10     8     252    (-,-) 
  pp_fir_blocked_1_1/pp_fir_bottom_half_1_1/pp_fir_u_3_1_1/signed_mag_1/g3423/Y                -       A->Y   F     NOR2_X3TA_A9PP140ZTUL_C30          2  3.9    10     7     259    (-,-) 
  pp_fir_blocked_1_1/pp_fir_bottom_half_1_1/pp_fir_u_3_1_1/signed_mag_1/g3413/Y                -       A->Y   R     NOR2_X3A_A9PP140ZTUL_C30           1  4.2    13    10     269    (-,-) 
  pp_fir_blocked_1_1/pp_fir_bottom_half_1_1/pp_fir_u_3_1_1/signed_mag_1/g3404/Y                -       A->Y   F     XNOR2_X4M_A9PP140ZTUL_C30          2  8.1    22    12     281    (-,-) 
  g21015/Y                                                                                     -       A0->Y  R     AOI22_X6A_A9PP140ZTL_C30           2  6.7    20    16     297    (-,-) 
  g20632/Y                                                                                     -       A1->Y  F     OAI21_X6M_A9PP140ZTUL_C30          3  8.4    16    12     310    (-,-) 
  g20626/Y                                                                                     -       A->Y   R     INV_X2P5M_A9PP140ZTUL_C30          2  9.0    17    13     323    (-,-) 
  g20599/Y                                                                                     -       A->Y   F     XNOR2_X4M_A9PP140ZTUL_C30          3 12.9    29    16     339    (-,-) 
  g20585/Y                                                                                     -       A->Y   R     INV_X6M_A9PP140ZTUL_C30            2  8.5    13    10     349    (-,-) 
  g20567/Y                                                                                     -       A->Y   F     NAND2_X6M_A9PP140ZTUL_C30          4 15.4    18    12     360    (-,-) 
  g20280/Y                                                                                     -       B->Y   F     OR2_X8M_A9PP140ZTUL_C30           16 35.6    18    22     382    (-,-) 
  g19777/Y                                                                                     -       B->Y   R     NOR2_X2A_A9PP140ZTUL_C30           2  3.5    16    14     396    (-,-) 
  b2u_8to255_quad_4_sub_27_47_g15684/Y                                                         -       B->Y   F     NOR2_X2A_A9PP140ZTUL_C30           3  4.5    16    12     407    (-,-) 
  b2u_8to255_quad_4_sub_27_47_g2/Y                                                             -       C->Y   R     NAND3BB_X2M_A9PP140ZTUL_C30        1  3.3    16    12     420    (-,-) 
  b2u_8to255_quad_4_sub_27_47_g15484/Y                                                         -       A->Y   F     NOR2_X4TA_A9PP140ZTUL_C30          2  4.6    11     8     427    (-,-) 
  b2u_8to255_quad_4_sub_27_47_g15385/Y                                                         -       C->Y   R     NAND3BB_X4M_A9PP140ZTUL_C30        2  5.3    13    10     437    (-,-) 
  b2u_8to255_quad_4_sub_27_47_g16178/Y                                                         -       C->Y   F     NOR3BB_X6M_A9PP140ZTUL_C30         2  5.5    14    11     448    (-,-) 
  b2u_8to255_quad_4_sub_27_47_g15065/Y                                                         -       A->Y   R     NAND3_X6M_A9PP140ZTUL_C30          2  7.6    18    12     459    (-,-) 
  b2u_8to255_quad_4_sub_27_47_g14916/Y                                                         -       A->Y   F     NOR2_X8A_A9PP140ZTUL_C30           4 15.9    14    10     470    (-,-) 
  b2u_8to255_quad_4_sub_27_47_fopt14/Y                                                         -       A->Y   R     INV_X4M_A9PP140ZTUL_C30            3 11.3    14    11     481    (-,-) 
  b2u_8to255_quad_4_sub_27_47_fopt13/Y                                                         -       A->Y   F     INV_X7P5M_A9PP140ZTUL_C30         16 29.5    16    11     492    (-,-) 
  b2u_8to255_quad_4_sub_27_47_g14714/Y                                                         -       A->Y   R     NAND2_X2B_A9PP140ZTUL_C30          2  3.7    12    10     502    (-,-) 
  b2u_8to255_quad_4_sub_27_47_g14607/Y                                                         -       A->Y   F     INV_X1P4M_A9PP140ZTUL_C30          1  2.2     8     6     508    (-,-) 
  b2u_8to255_quad_4_sub_27_47_g14305/Y                                                         -       A0->Y  R     OAI2XB1_X2M_A9PP140ZTUL_C30        1  1.5    14     9     517    (-,-) 
  b2u_8to255_quad_4_qOut_reg[118]/D                                                            -       -      R     SDFFRPQH_X4M_A9PP140ZTUL_C30       1    -     -     0     517    (-,-) 
#------------------------------------------------------------------------------------------------------------------------------------------------------------------------------------------



Path 20: VIOLATED (-167 ps) Setup Check with Pin b2u_8to255_quad_4_qOut_reg[111]/CK->D
           View: func-typ-typ
          Group: clk
     Startpoint: (R) pp_fir_blocked_1_1/pp_fir_bottom_half_1_1/pp_fir_u_3_1_1/pp_fir_3_1_1/sum5_1_im_1_reg[23]/CK
          Clock: (R) clk
       Endpoint: (R) b2u_8to255_quad_4_qOut_reg[111]/D
          Clock: (R) clk

                     Capture       Launch     
        Clock Edge:+     250            0     
       Src Latency:+       0            0     
       Net Latency:+     200 (I)      200 (I) 
           Arrival:=     450          200     
                                              
             Setup:-      -0                  
       Uncertainty:-     100                  
     Required Time:=     350                  
      Launch Clock:-     200                  
         Data Path:-     317                  
             Slack:=    -167                  

#------------------------------------------------------------------------------------------------------------------------------------------------------------------------------------------
#                                        Timing Point                                          Flags    Arc   Edge             Cell               Fanout Load Trans Delay Arrival Instance 
#                                                                                                                                                        (fF)  (ps)  (ps)   (ps)  Location 
#------------------------------------------------------------------------------------------------------------------------------------------------------------------------------------------
  pp_fir_blocked_1_1/pp_fir_bottom_half_1_1/pp_fir_u_3_1_1/pp_fir_3_1_1/sum5_1_im_1_reg[23]/CK -       -      R     (arrival)                      21040    -    25     0     200    (-,-) 
  pp_fir_blocked_1_1/pp_fir_bottom_half_1_1/pp_fir_u_3_1_1/pp_fir_3_1_1/sum5_1_im_1_reg[23]/QN -       CK->QN F     SDFFXRPQN_X2M_A9PP140ZTUL_C30      1  3.1    13    25     225    (-,-) 
  pp_fir_blocked_1_1/pp_fir_bottom_half_1_1/pp_fir_u_3_1_1/pp_fir_3_1_1/g38946/Y               -       A->Y   R     INV_X4B_A9PP140ZTUL_C30            4  9.0    12     9     234    (-,-) 
  pp_fir_blocked_1_1/pp_fir_bottom_half_1_1/pp_fir_u_3_1_1/signed_mag_1/g3438/Y                -       B->Y   F     NOR2_X3A_A9PP140ZTUL_C30           2  5.0    13    10     244    (-,-) 
  pp_fir_blocked_1_1/pp_fir_bottom_half_1_1/pp_fir_u_3_1_1/signed_mag_1/g3435/Y                -       A->Y   R     INV_X3P5M_A9PP140ZTUL_C30          2  6.1    10     8     252    (-,-) 
  pp_fir_blocked_1_1/pp_fir_bottom_half_1_1/pp_fir_u_3_1_1/signed_mag_1/g3423/Y                -       A->Y   F     NOR2_X3TA_A9PP140ZTUL_C30          2  3.9    10     7     259    (-,-) 
  pp_fir_blocked_1_1/pp_fir_bottom_half_1_1/pp_fir_u_3_1_1/signed_mag_1/g3413/Y                -       A->Y   R     NOR2_X3A_A9PP140ZTUL_C30           1  4.2    13    10     269    (-,-) 
  pp_fir_blocked_1_1/pp_fir_bottom_half_1_1/pp_fir_u_3_1_1/signed_mag_1/g3404/Y                -       A->Y   F     XNOR2_X4M_A9PP140ZTUL_C30          2  8.1    22    12     281    (-,-) 
  g21015/Y                                                                                     -       A0->Y  R     AOI22_X6A_A9PP140ZTL_C30           2  6.7    20    16     297    (-,-) 
  g20632/Y                                                                                     -       A1->Y  F     OAI21_X6M_A9PP140ZTUL_C30          3  8.4    16    12     310    (-,-) 
  g20626/Y                                                                                     -       A->Y   R     INV_X2P5M_A9PP140ZTUL_C30          2  9.0    17    13     323    (-,-) 
  g20599/Y                                                                                     -       A->Y   F     XNOR2_X4M_A9PP140ZTUL_C30          3 12.9    29    16     339    (-,-) 
  g20585/Y                                                                                     -       A->Y   R     INV_X6M_A9PP140ZTUL_C30            2  8.5    13    10     349    (-,-) 
  g20567/Y                                                                                     -       A->Y   F     NAND2_X6M_A9PP140ZTUL_C30          4 15.4    18    12     360    (-,-) 
  g20280/Y                                                                                     -       B->Y   F     OR2_X8M_A9PP140ZTUL_C30           16 35.6    18    22     382    (-,-) 
  g19777/Y                                                                                     -       B->Y   R     NOR2_X2A_A9PP140ZTUL_C30           2  3.5    16    14     396    (-,-) 
  b2u_8to255_quad_4_sub_27_47_g15684/Y                                                         -       B->Y   F     NOR2_X2A_A9PP140ZTUL_C30           3  4.5    16    12     407    (-,-) 
  b2u_8to255_quad_4_sub_27_47_g2/Y                                                             -       C->Y   R     NAND3BB_X2M_A9PP140ZTUL_C30        1  3.3    16    12     420    (-,-) 
  b2u_8to255_quad_4_sub_27_47_g15484/Y                                                         -       A->Y   F     NOR2_X4TA_A9PP140ZTUL_C30          2  4.6    11     8     427    (-,-) 
  b2u_8to255_quad_4_sub_27_47_g15385/Y                                                         -       C->Y   R     NAND3BB_X4M_A9PP140ZTUL_C30        2  5.3    13    10     437    (-,-) 
  b2u_8to255_quad_4_sub_27_47_g16178/Y                                                         -       C->Y   F     NOR3BB_X6M_A9PP140ZTUL_C30         2  5.5    14    11     448    (-,-) 
  b2u_8to255_quad_4_sub_27_47_g15065/Y                                                         -       A->Y   R     NAND3_X6M_A9PP140ZTUL_C30          2  7.6    18    12     459    (-,-) 
  b2u_8to255_quad_4_sub_27_47_g14916/Y                                                         -       A->Y   F     NOR2_X8A_A9PP140ZTUL_C30           4 15.9    14    10     470    (-,-) 
  b2u_8to255_quad_4_sub_27_47_fopt14/Y                                                         -       A->Y   R     INV_X4M_A9PP140ZTUL_C30            3 11.3    14    11     481    (-,-) 
  b2u_8to255_quad_4_sub_27_47_fopt13/Y                                                         -       A->Y   F     INV_X7P5M_A9PP140ZTUL_C30         16 29.5    16    11     492    (-,-) 
  b2u_8to255_quad_4_sub_27_47_g14672/Y                                                         -       A->Y   R     NAND2_X2B_A9PP140ZTUL_C30          2  3.7    13    10     502    (-,-) 
  b2u_8to255_quad_4_sub_27_47_g14590/Y                                                         -       A->Y   F     INV_X1P4M_A9PP140ZTUL_C30          1  2.2     8     6     508    (-,-) 
  b2u_8to255_quad_4_sub_27_47_g14238/Y                                                         -       A0->Y  R     OAI2XB1_X2M_A9PP140ZTUL_C30        1  1.5    14     9     517    (-,-) 
  b2u_8to255_quad_4_qOut_reg[111]/D                                                            -       -      R     SDFFRPQH_X4M_A9PP140ZTUL_C30       1    -     -     0     517    (-,-) 
#------------------------------------------------------------------------------------------------------------------------------------------------------------------------------------------



Path 21: VIOLATED (-167 ps) Setup Check with Pin b2u_8to255_quad_4_qOut_reg[21]/CK->D
           View: func-typ-typ
          Group: clk
     Startpoint: (R) pp_fir_blocked_1_1/pp_fir_bottom_half_1_1/pp_fir_u_3_1_1/pp_fir_3_1_1/sum5_1_im_1_reg[23]/CK
          Clock: (R) clk
       Endpoint: (R) b2u_8to255_quad_4_qOut_reg[21]/D
          Clock: (R) clk

                     Capture       Launch     
        Clock Edge:+     250            0     
       Src Latency:+       0            0     
       Net Latency:+     200 (I)      200 (I) 
           Arrival:=     450          200     
                                              
             Setup:-      -1                  
       Uncertainty:-     100                  
     Required Time:=     351                  
      Launch Clock:-     200                  
         Data Path:-     317                  
             Slack:=    -167                  

#------------------------------------------------------------------------------------------------------------------------------------------------------------------------------------------
#                                        Timing Point                                          Flags    Arc   Edge             Cell               Fanout Load Trans Delay Arrival Instance 
#                                                                                                                                                        (fF)  (ps)  (ps)   (ps)  Location 
#------------------------------------------------------------------------------------------------------------------------------------------------------------------------------------------
  pp_fir_blocked_1_1/pp_fir_bottom_half_1_1/pp_fir_u_3_1_1/pp_fir_3_1_1/sum5_1_im_1_reg[23]/CK -       -      R     (arrival)                      21040    -    25     0     200    (-,-) 
  pp_fir_blocked_1_1/pp_fir_bottom_half_1_1/pp_fir_u_3_1_1/pp_fir_3_1_1/sum5_1_im_1_reg[23]/QN -       CK->QN F     SDFFXRPQN_X2M_A9PP140ZTUL_C30      1  3.1    13    25     225    (-,-) 
  pp_fir_blocked_1_1/pp_fir_bottom_half_1_1/pp_fir_u_3_1_1/pp_fir_3_1_1/g38946/Y               -       A->Y   R     INV_X4B_A9PP140ZTUL_C30            4  9.0    12     9     234    (-,-) 
  pp_fir_blocked_1_1/pp_fir_bottom_half_1_1/pp_fir_u_3_1_1/signed_mag_1/g3438/Y                -       B->Y   F     NOR2_X3A_A9PP140ZTUL_C30           2  5.0    13    10     244    (-,-) 
  pp_fir_blocked_1_1/pp_fir_bottom_half_1_1/pp_fir_u_3_1_1/signed_mag_1/g3435/Y                -       A->Y   R     INV_X3P5M_A9PP140ZTUL_C30          2  6.1    10     8     252    (-,-) 
  pp_fir_blocked_1_1/pp_fir_bottom_half_1_1/pp_fir_u_3_1_1/signed_mag_1/g3423/Y                -       A->Y   F     NOR2_X3TA_A9PP140ZTUL_C30          2  3.9    10     7     259    (-,-) 
  pp_fir_blocked_1_1/pp_fir_bottom_half_1_1/pp_fir_u_3_1_1/signed_mag_1/g3413/Y                -       A->Y   R     NOR2_X3A_A9PP140ZTUL_C30           1  4.2    13    10     269    (-,-) 
  pp_fir_blocked_1_1/pp_fir_bottom_half_1_1/pp_fir_u_3_1_1/signed_mag_1/g3404/Y                -       A->Y   F     XNOR2_X4M_A9PP140ZTUL_C30          2  8.1    22    12     281    (-,-) 
  g21015/Y                                                                                     -       A0->Y  R     AOI22_X6A_A9PP140ZTL_C30           2  6.7    20    16     297    (-,-) 
  g20632/Y                                                                                     -       A1->Y  F     OAI21_X6M_A9PP140ZTUL_C30          3  8.4    16    12     310    (-,-) 
  g20626/Y                                                                                     -       A->Y   R     INV_X2P5M_A9PP140ZTUL_C30          2  9.0    17    13     323    (-,-) 
  g20599/Y                                                                                     -       A->Y   F     XNOR2_X4M_A9PP140ZTUL_C30          3 12.9    29    16     339    (-,-) 
  g20585/Y                                                                                     -       A->Y   R     INV_X6M_A9PP140ZTUL_C30            2  8.5    13    10     349    (-,-) 
  g20567/Y                                                                                     -       A->Y   F     NAND2_X6M_A9PP140ZTUL_C30          4 15.4    18    12     360    (-,-) 
  g20280/Y                                                                                     -       B->Y   F     OR2_X8M_A9PP140ZTUL_C30           16 35.6    18    22     382    (-,-) 
  g19777/Y                                                                                     -       B->Y   R     NOR2_X2A_A9PP140ZTUL_C30           2  3.5    16    14     396    (-,-) 
  b2u_8to255_quad_4_sub_27_47_g15684/Y                                                         -       B->Y   F     NOR2_X2A_A9PP140ZTUL_C30           3  4.5    16    12     407    (-,-) 
  b2u_8to255_quad_4_sub_27_47_g2/Y                                                             -       C->Y   R     NAND3BB_X2M_A9PP140ZTUL_C30        1  3.3    16    12     420    (-,-) 
  b2u_8to255_quad_4_sub_27_47_g15484/Y                                                         -       A->Y   F     NOR2_X4TA_A9PP140ZTUL_C30          2  4.6    11     8     427    (-,-) 
  b2u_8to255_quad_4_sub_27_47_g15385/Y                                                         -       C->Y   R     NAND3BB_X4M_A9PP140ZTUL_C30        2  5.3    13    10     437    (-,-) 
  b2u_8to255_quad_4_sub_27_47_g16178/Y                                                         -       C->Y   F     NOR3BB_X6M_A9PP140ZTUL_C30         2  5.5    14    11     448    (-,-) 
  b2u_8to255_quad_4_sub_27_47_g15065/Y                                                         -       A->Y   R     NAND3_X6M_A9PP140ZTUL_C30          2  7.6    18    12     459    (-,-) 
  b2u_8to255_quad_4_sub_27_47_g14916/Y                                                         -       A->Y   F     NOR2_X8A_A9PP140ZTUL_C30           4 15.9    14    10     470    (-,-) 
  b2u_8to255_quad_4_sub_27_47_fopt10/Y                                                         -       A->Y   R     INV_X6M_A9PP140ZTUL_C30            8 23.0    17    13     483    (-,-) 
  b2u_8to255_quad_4_sub_27_47_fopt8/Y                                                          -       A->Y   F     INV_X3P5M_A9PP140ZTUL_C30          4  7.5    11     8     491    (-,-) 
  b2u_8to255_quad_4_sub_27_47_g16049/Y                                                         -       C->Y   R     NAND3BB_X2M_A9PP140ZTUL_C30        2  4.1    16    12     503    (-,-) 
  b2u_8to255_quad_4_sub_27_47_g14444/Y                                                         -       A->Y   F     NAND2_X2M_A9PP140ZTUL_C30          1  2.3    12     8     511    (-,-) 
  b2u_8to255_quad_4_sub_27_47_g14330/Y                                                         -       A->Y   R     NAND2_X2B_A9PP140ZTUL_C30          1  1.5     7     6     517    (-,-) 
  b2u_8to255_quad_4_qOut_reg[21]/D                                                             -       -      R     SDFFRPQH_X4M_A9PP140ZTUL_C30       1    -     -     0     517    (-,-) 
#------------------------------------------------------------------------------------------------------------------------------------------------------------------------------------------



Path 22: VIOLATED (-167 ps) Setup Check with Pin b2u_8to255_quad_4_iOut_reg[209]/CK->D
           View: func-typ-typ
          Group: clk
     Startpoint: (R) pp_fir_blocked_1_1/pp_fir_bottom_half_1_1/pp_fir_u_7_1_1/pp_fir_7_1_1/sum5_1_re_1_reg[22]/CK
          Clock: (R) clk
       Endpoint: (F) b2u_8to255_quad_4_iOut_reg[209]/D
          Clock: (R) clk

                     Capture       Launch     
        Clock Edge:+     250            0     
       Src Latency:+       0            0     
       Net Latency:+     200 (I)      200 (I) 
           Arrival:=     450          200     
                                              
             Setup:-      -7                  
       Uncertainty:-     100                  
     Required Time:=     357                  
      Launch Clock:-     200                  
         Data Path:-     323                  
             Slack:=    -167                  

#------------------------------------------------------------------------------------------------------------------------------------------------------------------------------------------
#                                        Timing Point                                          Flags    Arc   Edge             Cell               Fanout Load Trans Delay Arrival Instance 
#                                                                                                                                                        (fF)  (ps)  (ps)   (ps)  Location 
#------------------------------------------------------------------------------------------------------------------------------------------------------------------------------------------
  pp_fir_blocked_1_1/pp_fir_bottom_half_1_1/pp_fir_u_7_1_1/pp_fir_7_1_1/sum5_1_re_1_reg[22]/CK -       -      R     (arrival)                      21040    -    25     0     200    (-,-) 
  pp_fir_blocked_1_1/pp_fir_bottom_half_1_1/pp_fir_u_7_1_1/pp_fir_7_1_1/sum5_1_re_1_reg[22]/QN -       CK->QN F     SDFFXRPQN_X3M_A9PP140ZTUL_C30      1  2.9    13    25     225    (-,-) 
  pp_fir_blocked_1_1/pp_fir_bottom_half_1_1/pp_fir_u_7_1_1/pp_fir_7_1_1/g37937/Y               -       A->Y   R     INV_X3M_A9PP140ZTUL_C30            4  7.7    13    10     236    (-,-) 
  pp_fir_blocked_1_1/pp_fir_bottom_half_1_1/pp_fir_u_7_1_1/signed_mag_3/g3489/Y                -       A->Y   F     NOR2_X4TA_A9PP140ZTUL_C30          3  8.8    14    10     246    (-,-) 
  pp_fir_blocked_1_1/pp_fir_bottom_half_1_1/pp_fir_u_7_1_1/signed_mag_3/g3486/Y                -       A->Y   R     INV_X6M_A9PP140ZTUL_C30            2  5.5     8     6     252    (-,-) 
  pp_fir_blocked_1_1/pp_fir_bottom_half_1_1/pp_fir_u_7_1_1/signed_mag_3/g2/Y                   -       A->Y   F     NOR3_X2A_A9PP140ZTUL_C30           2  4.0    18    10     262    (-,-) 
  pp_fir_blocked_1_1/pp_fir_bottom_half_1_1/pp_fir_u_7_1_1/signed_mag_3/g3469/Y                -       A->Y   R     NOR2_X3TA_A9PP140ZTUL_C30          1  4.2    14    11     273    (-,-) 
  pp_fir_blocked_1_1/pp_fir_bottom_half_1_1/pp_fir_u_7_1_1/signed_mag_3/g3457/Y                -       A->Y   R     XNOR2_X4M_A9PP140ZTUL_C30          3  5.4    19    12     285    (-,-) 
  g21036/Y                                                                                     -       B0->Y  R     AO1B2_X3M_A9PP140ZTUL_C30          2  6.4    14    18     302    (-,-) 
  g20840/Y                                                                                     -       A->Y   F     NAND2_X4B_A9PP140ZTL_C30           2  6.6    15    11     313    (-,-) 
  g20735/Y                                                                                     -       A->Y   R     NOR2_X4A_A9PP140ZTUL_C30           1  3.6    12     9     322    (-,-) 
  g20597/Y                                                                                     -       A1->Y  F     AOI21_X4A_A9PP140ZTUL_C30          1  4.2    13    10     333    (-,-) 
  g20532/Y                                                                                     -       A->Y   F     XNOR2_X4M_A9PP140ZTUL_C30          3  8.5    24    14     347    (-,-) 
  g20519/Y                                                                                     -       A->Y   R     INV_X6M_A9PP140ZTUL_C30            2  4.8     9     7     354    (-,-) 
  g20419/Y                                                                                     -       A->Y   R     OR2_X4TM_A9PP140ZTUL_C30           4 14.0    17    18     372    (-,-) 
  g20257/Y                                                                                     -       A->Y   R     OR2_X8TM_A9PP140ZTUL_C30          16 29.1    16    18     390    (-,-) 
  g20110/Y                                                                                     -       A->Y   F     NOR2_X2TA_A9PP140ZTUL_C30          3  5.1    16    11     401    (-,-) 
  b2u_8to255_quad_4_sub_22_34_g15664/Y                                                         -       A->Y   F     OR2_X3M_A9PP140ZTUL_C30            2  4.7     9    14     416    (-,-) 
  b2u_8to255_quad_4_sub_22_34_g15540/Y                                                         -       A->Y   R     NOR2_X4A_A9PP140ZTUL_C30           2  5.9    13    10     425    (-,-) 
  b2u_8to255_quad_4_sub_22_34_g15432/Y                                                         -       A->Y   F     NAND2XB_X6M_A9PP140ZTL_C30         2  5.5    11     8     433    (-,-) 
  b2u_8to255_quad_4_sub_22_34_g15243/Y                                                         -       B->Y   R     NOR3_X6A_A9PP140ZTUL_C30           2  5.4    16    13     446    (-,-) 
  b2u_8to255_quad_4_sub_22_34_g15210/Y                                                         -       A->Y   R     BUF_X4M_A9PP140ZTUL_C30            5 11.0    13    16     461    (-,-) 
  b2u_8to255_quad_4_sub_22_34_g15209/Y                                                         -       A->Y   F     INV_X3P5M_A9PP140ZTUL_C30          3  8.6    11     8     469    (-,-) 
  b2u_8to255_quad_4_sub_22_34_g15208/Y                                                         -       A->Y   R     INV_X4M_A9PP140ZTUL_C30            4  7.5    10     8     477    (-,-) 
  b2u_8to255_quad_4_sub_22_34_g15111/Y                                                         -       A->Y   F     NAND2_X2A_A9PP140ZTUL_C30          1  2.1    10     7     484    (-,-) 
  b2u_8to255_quad_4_sub_22_34_g14870/Y                                                         -       B->Y   R     NOR2_X2M_A9PP140ZTUL_C30           1  2.4    12    10     494    (-,-) 
  b2u_8to255_quad_4_sub_22_34_g14644/Y                                                         -       B->Y   F     NAND2_X2B_A9PP140ZTUL_C30          2  3.4    15    10     505    (-,-) 
  b2u_8to255_quad_4_sub_22_34_g14505/Y                                                         -       A->Y   R     NAND2_X2M_A9PP140ZTUL_C30          1  1.7    12     9     514    (-,-) 
  b2u_8to255_quad_4_sub_22_34_g14365/Y                                                         -       A->Y   F     NAND2_X1B_A9PP140ZTUL_C30          1  1.5    14    10     523    (-,-) 
  b2u_8to255_quad_4_iOut_reg[209]/D                                                            -       -      F     SDFFRPQH_X4M_A9PP140ZTUL_C30       1    -     -     0     523    (-,-) 
#------------------------------------------------------------------------------------------------------------------------------------------------------------------------------------------



Path 23: VIOLATED (-167 ps) Setup Check with Pin b2u_8to255_quad_1_iOut_reg[224]/CK->D
           View: func-typ-typ
          Group: clk
     Startpoint: (R) pp_fir_blocked_1_1/pp_fir_bottom_half_1_1/pp_fir_u_4_1_1/pp_fir_4_1_1/sum5_1_re_1_reg[23]/CK
          Clock: (R) clk
       Endpoint: (F) b2u_8to255_quad_1_iOut_reg[224]/D
          Clock: (R) clk

                     Capture       Launch     
        Clock Edge:+     250            0     
       Src Latency:+       0            0     
       Net Latency:+     200 (I)      200 (I) 
           Arrival:=     450          200     
                                              
             Setup:-      -7                  
       Uncertainty:-     100                  
     Required Time:=     357                  
      Launch Clock:-     200                  
         Data Path:-     323                  
             Slack:=    -167                  

#------------------------------------------------------------------------------------------------------------------------------------------------------------------------------------------
#                                        Timing Point                                          Flags    Arc   Edge             Cell               Fanout Load Trans Delay Arrival Instance 
#                                                                                                                                                        (fF)  (ps)  (ps)   (ps)  Location 
#------------------------------------------------------------------------------------------------------------------------------------------------------------------------------------------
  pp_fir_blocked_1_1/pp_fir_bottom_half_1_1/pp_fir_u_4_1_1/pp_fir_4_1_1/sum5_1_re_1_reg[23]/CK -       -      R     (arrival)                      21040    -    25     0     200    (-,-) 
  pp_fir_blocked_1_1/pp_fir_bottom_half_1_1/pp_fir_u_4_1_1/pp_fir_4_1_1/sum5_1_re_1_reg[23]/QN -       CK->QN F     SDFFXRPQN_X2M_A9PP140ZTUL_C30      1  3.1    13    25     225    (-,-) 
  pp_fir_blocked_1_1/pp_fir_bottom_half_1_1/pp_fir_u_4_1_1/pp_fir_4_1_1/g39289/Y               -       A->Y   R     INV_X4B_A9PP140ZTUL_C30            3  7.1    10     8     233    (-,-) 
  pp_fir_blocked_1_1/pp_fir_bottom_half_1_1/pp_fir_u_4_1_1/signed_mag_2/g3416/Y                -       B->Y   R     OR2_X6TM_A9PP140ZTL_C30            4 12.3    11    17     250    (-,-) 
  pp_fir_blocked_1_1/pp_fir_bottom_half_1_1/pp_fir_u_4_1_1/signed_mag_2/g3413/Y                -       A->Y   F     INV_X3P5M_A9PP140ZTUL_C30          1  3.0     6     4     254    (-,-) 
  pp_fir_blocked_1_1/pp_fir_bottom_half_1_1/pp_fir_u_4_1_1/signed_mag_2/g3408/Y                -       A->Y   R     NAND2_X3A_A9PP140ZTUL_C30          2  6.8    15     9     264    (-,-) 
  pp_fir_blocked_1_1/pp_fir_bottom_half_1_1/pp_fir_u_4_1_1/signed_mag_2/g3398/Y                -       A->Y   F     NAND2_X4A_A9PP140ZTUL_C30          1  4.2    11     8     272    (-,-) 
  pp_fir_blocked_1_1/pp_fir_bottom_half_1_1/pp_fir_u_4_1_1/signed_mag_2/g3389/Y                -       A->Y   R     XNOR2_X4M_A9PP140ZTUL_C30          3  6.0    20    10     282    (-,-) 
  g21089/Y                                                                                     -       A->Y   F     NAND2_X3B_A9PP140ZTUL_C30          1  4.9    16    11     293    (-,-) 
  g21035/Y                                                                                     -       A0N->Y R     AO1B2_X6M_A9PP140ZTUL_C30          3  7.5    12    10     302    (-,-) 
  g20849/Y                                                                                     -       A->Y   F     NAND2_X4TA_A9PP140ZTUL_C30         2  6.6    12     8     311    (-,-) 
  g20734/Y                                                                                     -       A->Y   R     NOR2_X4A_A9PP140ZTUL_C30           1  3.6    11     8     319    (-,-) 
  g20595/Y                                                                                     -       A1->Y  F     AOI21_X4A_A9PP140ZTL_C30           1  4.2    14    11     330    (-,-) 
  g20531/Y                                                                                     -       A->Y   F     XNOR2_X4M_A9PP140ZTUL_C30          3  8.5    23    15     345    (-,-) 
  g20517/Y                                                                                     -       A->Y   R     INV_X6M_A9PP140ZTUL_C30            2  5.9    10     8     353    (-,-) 
  g20516/Y                                                                                     -       A->Y   F     INV_X3M_A9PP140ZTUL_C30            2  5.7     9     7     360    (-,-) 
  g20412/Y                                                                                     -       A->Y   R     NAND2_X6TA_A9PP140ZTUL_C30         4 15.0    23    10     370    (-,-) 
  g20397/Y                                                                                     -       A->Y   F     INV_X5M_A9PP140ZTUL_C30            1  7.4    11     8     378    (-,-) 
  g20208/Y                                                                                     -       A->Y   R     NAND2_X11M_A9PP140ZTL_C30          8 15.7    14    10     388    (-,-) 
  g19147/Y                                                                                     -       A->Y   F     NOR2_X2TA_A9PP140ZTUL_C30          2  4.3    15    10     398    (-,-) 
  b2u_8to255_quad_1_sub_22_34_g15756/Y                                                         -       B->Y   R     NOR2_X2TA_A9PP140ZTL_C30           2  3.6    15    12     410    (-,-) 
  b2u_8to255_quad_1_sub_22_34_g15595/Y                                                         -       A->Y   F     NAND2_X2B_A9PP140ZTUL_C30          2  3.7    15    10     420    (-,-) 
  b2u_8to255_quad_1_sub_22_34_g15383/Y                                                         -       A->Y   R     NOR3_X3A_A9PP140ZTL_C30            1  2.2    15    11     431    (-,-) 
  b2u_8to255_quad_1_sub_22_34_g15185/Y                                                         -       AN->Y  R     NOR4BB_X4M_A9PP140ZTUL_C30         2  5.8    20    19     450    (-,-) 
  b2u_8to255_quad_1_sub_22_34_g15037/Y                                                         -       A->Y   F     NAND2_X6A_A9PP140ZTUL_C30          4 11.8    17    12     462    (-,-) 
  b2u_8to255_quad_1_sub_22_34_g14995/Y                                                         -       A->Y   R     INV_X6M_A9PP140ZTUL_C30            9 21.5    17    13     475    (-,-) 
  b2u_8to255_quad_1_sub_22_34_g14913/Y                                                         -       A->Y   F     NAND2_X3A_A9PP140ZTUL_C30          3  4.8    14    10     485    (-,-) 
  b2u_8to255_quad_1_sub_22_34_g14851/Y                                                         -       A->Y   R     INV_X1P2M_A9PP140ZTUL_C30          1  2.4    12    10     495    (-,-) 
  b2u_8to255_quad_1_sub_22_34_g14680/Y                                                         -       B->Y   F     NAND2_X2B_A9PP140ZTUL_C30          2  3.4    14    10     505    (-,-) 
  b2u_8to255_quad_1_sub_22_34_g14472/Y                                                         -       A->Y   R     NAND2_X2M_A9PP140ZTUL_C30          1  1.7    12     9     514    (-,-) 
  b2u_8to255_quad_1_sub_22_34_g14344/Y                                                         -       A->Y   F     NAND2_X1B_A9PP140ZTUL_C30          1  1.5    14    10     523    (-,-) 
  b2u_8to255_quad_1_iOut_reg[224]/D                                                            -       -      F     SDFFRPQH_X4M_A9PP140ZTUL_C30       1    -     -     0     523    (-,-) 
#------------------------------------------------------------------------------------------------------------------------------------------------------------------------------------------



Path 24: VIOLATED (-166 ps) Setup Check with Pin b2u_8to255_quad_4_qOut_reg[119]/CK->D
           View: func-typ-typ
          Group: clk
     Startpoint: (R) pp_fir_blocked_1_1/pp_fir_bottom_half_1_1/pp_fir_u_3_1_1/pp_fir_3_1_1/sum5_1_im_1_reg[23]/CK
          Clock: (R) clk
       Endpoint: (R) b2u_8to255_quad_4_qOut_reg[119]/D
          Clock: (R) clk

                     Capture       Launch     
        Clock Edge:+     250            0     
       Src Latency:+       0            0     
       Net Latency:+     200 (I)      200 (I) 
           Arrival:=     450          200     
                                              
             Setup:-      -0                  
       Uncertainty:-     100                  
     Required Time:=     350                  
      Launch Clock:-     200                  
         Data Path:-     317                  
             Slack:=    -166                  

#------------------------------------------------------------------------------------------------------------------------------------------------------------------------------------------
#                                        Timing Point                                          Flags    Arc   Edge             Cell               Fanout Load Trans Delay Arrival Instance 
#                                                                                                                                                        (fF)  (ps)  (ps)   (ps)  Location 
#------------------------------------------------------------------------------------------------------------------------------------------------------------------------------------------
  pp_fir_blocked_1_1/pp_fir_bottom_half_1_1/pp_fir_u_3_1_1/pp_fir_3_1_1/sum5_1_im_1_reg[23]/CK -       -      R     (arrival)                      21040    -    25     0     200    (-,-) 
  pp_fir_blocked_1_1/pp_fir_bottom_half_1_1/pp_fir_u_3_1_1/pp_fir_3_1_1/sum5_1_im_1_reg[23]/QN -       CK->QN F     SDFFXRPQN_X2M_A9PP140ZTUL_C30      1  3.1    13    25     225    (-,-) 
  pp_fir_blocked_1_1/pp_fir_bottom_half_1_1/pp_fir_u_3_1_1/pp_fir_3_1_1/g38946/Y               -       A->Y   R     INV_X4B_A9PP140ZTUL_C30            4  9.0    12     9     234    (-,-) 
  pp_fir_blocked_1_1/pp_fir_bottom_half_1_1/pp_fir_u_3_1_1/signed_mag_1/g3438/Y                -       B->Y   F     NOR2_X3A_A9PP140ZTUL_C30           2  5.0    13    10     244    (-,-) 
  pp_fir_blocked_1_1/pp_fir_bottom_half_1_1/pp_fir_u_3_1_1/signed_mag_1/g3435/Y                -       A->Y   R     INV_X3P5M_A9PP140ZTUL_C30          2  6.1    10     8     252    (-,-) 
  pp_fir_blocked_1_1/pp_fir_bottom_half_1_1/pp_fir_u_3_1_1/signed_mag_1/g3423/Y                -       A->Y   F     NOR2_X3TA_A9PP140ZTUL_C30          2  3.9    10     7     259    (-,-) 
  pp_fir_blocked_1_1/pp_fir_bottom_half_1_1/pp_fir_u_3_1_1/signed_mag_1/g3413/Y                -       A->Y   R     NOR2_X3A_A9PP140ZTUL_C30           1  4.2    13    10     269    (-,-) 
  pp_fir_blocked_1_1/pp_fir_bottom_half_1_1/pp_fir_u_3_1_1/signed_mag_1/g3404/Y                -       A->Y   F     XNOR2_X4M_A9PP140ZTUL_C30          2  8.1    22    12     281    (-,-) 
  g21015/Y                                                                                     -       A0->Y  R     AOI22_X6A_A9PP140ZTL_C30           2  6.7    20    16     297    (-,-) 
  g20632/Y                                                                                     -       A1->Y  F     OAI21_X6M_A9PP140ZTUL_C30          3  8.4    16    12     310    (-,-) 
  g20626/Y                                                                                     -       A->Y   R     INV_X2P5M_A9PP140ZTUL_C30          2  9.0    17    13     323    (-,-) 
  g20599/Y                                                                                     -       A->Y   F     XNOR2_X4M_A9PP140ZTUL_C30          3 12.9    29    16     339    (-,-) 
  g20585/Y                                                                                     -       A->Y   R     INV_X6M_A9PP140ZTUL_C30            2  8.5    13    10     349    (-,-) 
  g20567/Y                                                                                     -       A->Y   F     NAND2_X6M_A9PP140ZTUL_C30          4 15.4    18    12     360    (-,-) 
  g20280/Y                                                                                     -       B->Y   F     OR2_X8M_A9PP140ZTUL_C30           16 35.6    18    22     382    (-,-) 
  g19777/Y                                                                                     -       B->Y   R     NOR2_X2A_A9PP140ZTUL_C30           2  3.5    16    14     396    (-,-) 
  b2u_8to255_quad_4_sub_27_47_g15684/Y                                                         -       B->Y   F     NOR2_X2A_A9PP140ZTUL_C30           3  4.5    16    12     407    (-,-) 
  b2u_8to255_quad_4_sub_27_47_g2/Y                                                             -       C->Y   R     NAND3BB_X2M_A9PP140ZTUL_C30        1  3.3    16    12     420    (-,-) 
  b2u_8to255_quad_4_sub_27_47_g15484/Y                                                         -       A->Y   F     NOR2_X4TA_A9PP140ZTUL_C30          2  4.6    11     8     427    (-,-) 
  b2u_8to255_quad_4_sub_27_47_g15385/Y                                                         -       C->Y   R     NAND3BB_X4M_A9PP140ZTUL_C30        2  5.3    13    10     437    (-,-) 
  b2u_8to255_quad_4_sub_27_47_g16178/Y                                                         -       C->Y   F     NOR3BB_X6M_A9PP140ZTUL_C30         2  5.5    14    11     448    (-,-) 
  b2u_8to255_quad_4_sub_27_47_g15065/Y                                                         -       A->Y   R     NAND3_X6M_A9PP140ZTUL_C30          2  7.6    18    12     459    (-,-) 
  b2u_8to255_quad_4_sub_27_47_g14916/Y                                                         -       A->Y   F     NOR2_X8A_A9PP140ZTUL_C30           4 15.9    14    10     470    (-,-) 
  b2u_8to255_quad_4_sub_27_47_fopt14/Y                                                         -       A->Y   R     INV_X4M_A9PP140ZTUL_C30            3 11.3    14    11     481    (-,-) 
  b2u_8to255_quad_4_sub_27_47_fopt13/Y                                                         -       A->Y   F     INV_X7P5M_A9PP140ZTUL_C30         16 29.5    16    11     492    (-,-) 
  b2u_8to255_quad_4_sub_27_47_g14673/Y                                                         -       A->Y   R     NAND2_X2B_A9PP140ZTUL_C30          2  3.7    12    10     502    (-,-) 
  b2u_8to255_quad_4_sub_27_47_g14591/Y                                                         -       A->Y   F     INV_X1P4M_A9PP140ZTUL_C30          1  2.2     8     6     508    (-,-) 
  b2u_8to255_quad_4_sub_27_47_g14241/Y                                                         -       A0->Y  R     OAI2XB1_X2M_A9PP140ZTUL_C30        1  1.5    14     9     517    (-,-) 
  b2u_8to255_quad_4_qOut_reg[119]/D                                                            -       -      R     SDFFRPQH_X4M_A9PP140ZTUL_C30       1    -     -     0     517    (-,-) 
#------------------------------------------------------------------------------------------------------------------------------------------------------------------------------------------



Path 25: VIOLATED (-166 ps) Setup Check with Pin b2u_8to255_quad_4_qOut_reg[113]/CK->D
           View: func-typ-typ
          Group: clk
     Startpoint: (R) pp_fir_blocked_1_1/pp_fir_bottom_half_1_1/pp_fir_u_3_1_1/pp_fir_3_1_1/sum5_1_im_1_reg[23]/CK
          Clock: (R) clk
       Endpoint: (R) b2u_8to255_quad_4_qOut_reg[113]/D
          Clock: (R) clk

                     Capture       Launch     
        Clock Edge:+     250            0     
       Src Latency:+       0            0     
       Net Latency:+     200 (I)      200 (I) 
           Arrival:=     450          200     
                                              
             Setup:-      -0                  
       Uncertainty:-     100                  
     Required Time:=     350                  
      Launch Clock:-     200                  
         Data Path:-     317                  
             Slack:=    -166                  

#------------------------------------------------------------------------------------------------------------------------------------------------------------------------------------------
#                                        Timing Point                                          Flags    Arc   Edge             Cell               Fanout Load Trans Delay Arrival Instance 
#                                                                                                                                                        (fF)  (ps)  (ps)   (ps)  Location 
#------------------------------------------------------------------------------------------------------------------------------------------------------------------------------------------
  pp_fir_blocked_1_1/pp_fir_bottom_half_1_1/pp_fir_u_3_1_1/pp_fir_3_1_1/sum5_1_im_1_reg[23]/CK -       -      R     (arrival)                      21040    -    25     0     200    (-,-) 
  pp_fir_blocked_1_1/pp_fir_bottom_half_1_1/pp_fir_u_3_1_1/pp_fir_3_1_1/sum5_1_im_1_reg[23]/QN -       CK->QN F     SDFFXRPQN_X2M_A9PP140ZTUL_C30      1  3.1    13    25     225    (-,-) 
  pp_fir_blocked_1_1/pp_fir_bottom_half_1_1/pp_fir_u_3_1_1/pp_fir_3_1_1/g38946/Y               -       A->Y   R     INV_X4B_A9PP140ZTUL_C30            4  9.0    12     9     234    (-,-) 
  pp_fir_blocked_1_1/pp_fir_bottom_half_1_1/pp_fir_u_3_1_1/signed_mag_1/g3438/Y                -       B->Y   F     NOR2_X3A_A9PP140ZTUL_C30           2  5.0    13    10     244    (-,-) 
  pp_fir_blocked_1_1/pp_fir_bottom_half_1_1/pp_fir_u_3_1_1/signed_mag_1/g3435/Y                -       A->Y   R     INV_X3P5M_A9PP140ZTUL_C30          2  6.1    10     8     252    (-,-) 
  pp_fir_blocked_1_1/pp_fir_bottom_half_1_1/pp_fir_u_3_1_1/signed_mag_1/g3423/Y                -       A->Y   F     NOR2_X3TA_A9PP140ZTUL_C30          2  3.9    10     7     259    (-,-) 
  pp_fir_blocked_1_1/pp_fir_bottom_half_1_1/pp_fir_u_3_1_1/signed_mag_1/g3413/Y                -       A->Y   R     NOR2_X3A_A9PP140ZTUL_C30           1  4.2    13    10     269    (-,-) 
  pp_fir_blocked_1_1/pp_fir_bottom_half_1_1/pp_fir_u_3_1_1/signed_mag_1/g3404/Y                -       A->Y   F     XNOR2_X4M_A9PP140ZTUL_C30          2  8.1    22    12     281    (-,-) 
  g21015/Y                                                                                     -       A0->Y  R     AOI22_X6A_A9PP140ZTL_C30           2  6.7    20    16     297    (-,-) 
  g20632/Y                                                                                     -       A1->Y  F     OAI21_X6M_A9PP140ZTUL_C30          3  8.4    16    12     310    (-,-) 
  g20626/Y                                                                                     -       A->Y   R     INV_X2P5M_A9PP140ZTUL_C30          2  9.0    17    13     323    (-,-) 
  g20599/Y                                                                                     -       A->Y   F     XNOR2_X4M_A9PP140ZTUL_C30          3 12.9    29    16     339    (-,-) 
  g20585/Y                                                                                     -       A->Y   R     INV_X6M_A9PP140ZTUL_C30            2  8.5    13    10     349    (-,-) 
  g20567/Y                                                                                     -       A->Y   F     NAND2_X6M_A9PP140ZTUL_C30          4 15.4    18    12     360    (-,-) 
  g20280/Y                                                                                     -       B->Y   F     OR2_X8M_A9PP140ZTUL_C30           16 35.6    18    22     382    (-,-) 
  g19777/Y                                                                                     -       B->Y   R     NOR2_X2A_A9PP140ZTUL_C30           2  3.5    16    14     396    (-,-) 
  b2u_8to255_quad_4_sub_27_47_g15684/Y                                                         -       B->Y   F     NOR2_X2A_A9PP140ZTUL_C30           3  4.5    16    12     407    (-,-) 
  b2u_8to255_quad_4_sub_27_47_g2/Y                                                             -       C->Y   R     NAND3BB_X2M_A9PP140ZTUL_C30        1  3.3    16    12     420    (-,-) 
  b2u_8to255_quad_4_sub_27_47_g15484/Y                                                         -       A->Y   F     NOR2_X4TA_A9PP140ZTUL_C30          2  4.6    11     8     427    (-,-) 
  b2u_8to255_quad_4_sub_27_47_g15385/Y                                                         -       C->Y   R     NAND3BB_X4M_A9PP140ZTUL_C30        2  5.3    13    10     437    (-,-) 
  b2u_8to255_quad_4_sub_27_47_g16178/Y                                                         -       C->Y   F     NOR3BB_X6M_A9PP140ZTUL_C30         2  5.5    14    11     448    (-,-) 
  b2u_8to255_quad_4_sub_27_47_g15065/Y                                                         -       A->Y   R     NAND3_X6M_A9PP140ZTUL_C30          2  7.6    18    12     459    (-,-) 
  b2u_8to255_quad_4_sub_27_47_g14916/Y                                                         -       A->Y   F     NOR2_X8A_A9PP140ZTUL_C30           4 15.9    14    10     470    (-,-) 
  b2u_8to255_quad_4_sub_27_47_fopt14/Y                                                         -       A->Y   R     INV_X4M_A9PP140ZTUL_C30            3 11.3    14    11     481    (-,-) 
  b2u_8to255_quad_4_sub_27_47_fopt13/Y                                                         -       A->Y   F     INV_X7P5M_A9PP140ZTUL_C30         16 29.5    16    11     492    (-,-) 
  b2u_8to255_quad_4_sub_27_47_g14703/Y                                                         -       A->Y   R     NAND2_X2B_A9PP140ZTUL_C30          2  3.7    12    10     502    (-,-) 
  b2u_8to255_quad_4_sub_27_47_g14599/Y                                                         -       A->Y   F     INV_X1P4M_A9PP140ZTUL_C30          1  2.2     8     6     508    (-,-) 
  b2u_8to255_quad_4_sub_27_47_g14239/Y                                                         -       A0->Y  R     OAI2XB1_X2M_A9PP140ZTUL_C30        1  1.5    14     9     517    (-,-) 
  b2u_8to255_quad_4_qOut_reg[113]/D                                                            -       -      R     SDFFRPQH_X4M_A9PP140ZTUL_C30       1    -     -     0     517    (-,-) 
#------------------------------------------------------------------------------------------------------------------------------------------------------------------------------------------



Path 26: VIOLATED (-166 ps) Setup Check with Pin b2u_8to255_quad_4_qOut_reg[103]/CK->D
           View: func-typ-typ
          Group: clk
     Startpoint: (R) pp_fir_blocked_1_1/pp_fir_bottom_half_1_1/pp_fir_u_3_1_1/pp_fir_3_1_1/sum5_1_im_1_reg[23]/CK
          Clock: (R) clk
       Endpoint: (R) b2u_8to255_quad_4_qOut_reg[103]/D
          Clock: (R) clk

                     Capture       Launch     
        Clock Edge:+     250            0     
       Src Latency:+       0            0     
       Net Latency:+     200 (I)      200 (I) 
           Arrival:=     450          200     
                                              
             Setup:-      -0                  
       Uncertainty:-     100                  
     Required Time:=     350                  
      Launch Clock:-     200                  
         Data Path:-     317                  
             Slack:=    -166                  

#------------------------------------------------------------------------------------------------------------------------------------------------------------------------------------------
#                                        Timing Point                                          Flags    Arc   Edge             Cell               Fanout Load Trans Delay Arrival Instance 
#                                                                                                                                                        (fF)  (ps)  (ps)   (ps)  Location 
#------------------------------------------------------------------------------------------------------------------------------------------------------------------------------------------
  pp_fir_blocked_1_1/pp_fir_bottom_half_1_1/pp_fir_u_3_1_1/pp_fir_3_1_1/sum5_1_im_1_reg[23]/CK -       -      R     (arrival)                      21040    -    25     0     200    (-,-) 
  pp_fir_blocked_1_1/pp_fir_bottom_half_1_1/pp_fir_u_3_1_1/pp_fir_3_1_1/sum5_1_im_1_reg[23]/QN -       CK->QN F     SDFFXRPQN_X2M_A9PP140ZTUL_C30      1  3.1    13    25     225    (-,-) 
  pp_fir_blocked_1_1/pp_fir_bottom_half_1_1/pp_fir_u_3_1_1/pp_fir_3_1_1/g38946/Y               -       A->Y   R     INV_X4B_A9PP140ZTUL_C30            4  9.0    12     9     234    (-,-) 
  pp_fir_blocked_1_1/pp_fir_bottom_half_1_1/pp_fir_u_3_1_1/signed_mag_1/g3438/Y                -       B->Y   F     NOR2_X3A_A9PP140ZTUL_C30           2  5.0    13    10     244    (-,-) 
  pp_fir_blocked_1_1/pp_fir_bottom_half_1_1/pp_fir_u_3_1_1/signed_mag_1/g3435/Y                -       A->Y   R     INV_X3P5M_A9PP140ZTUL_C30          2  6.1    10     8     252    (-,-) 
  pp_fir_blocked_1_1/pp_fir_bottom_half_1_1/pp_fir_u_3_1_1/signed_mag_1/g3423/Y                -       A->Y   F     NOR2_X3TA_A9PP140ZTUL_C30          2  3.9    10     7     259    (-,-) 
  pp_fir_blocked_1_1/pp_fir_bottom_half_1_1/pp_fir_u_3_1_1/signed_mag_1/g3413/Y                -       A->Y   R     NOR2_X3A_A9PP140ZTUL_C30           1  4.2    13    10     269    (-,-) 
  pp_fir_blocked_1_1/pp_fir_bottom_half_1_1/pp_fir_u_3_1_1/signed_mag_1/g3404/Y                -       A->Y   F     XNOR2_X4M_A9PP140ZTUL_C30          2  8.1    22    12     281    (-,-) 
  g21015/Y                                                                                     -       A0->Y  R     AOI22_X6A_A9PP140ZTL_C30           2  6.7    20    16     297    (-,-) 
  g20632/Y                                                                                     -       A1->Y  F     OAI21_X6M_A9PP140ZTUL_C30          3  8.4    16    12     310    (-,-) 
  g20626/Y                                                                                     -       A->Y   R     INV_X2P5M_A9PP140ZTUL_C30          2  9.0    17    13     323    (-,-) 
  g20599/Y                                                                                     -       A->Y   F     XNOR2_X4M_A9PP140ZTUL_C30          3 12.9    29    16     339    (-,-) 
  g20585/Y                                                                                     -       A->Y   R     INV_X6M_A9PP140ZTUL_C30            2  8.5    13    10     349    (-,-) 
  g20567/Y                                                                                     -       A->Y   F     NAND2_X6M_A9PP140ZTUL_C30          4 15.4    18    12     360    (-,-) 
  g20280/Y                                                                                     -       B->Y   F     OR2_X8M_A9PP140ZTUL_C30           16 35.6    18    22     382    (-,-) 
  g19777/Y                                                                                     -       B->Y   R     NOR2_X2A_A9PP140ZTUL_C30           2  3.5    16    14     396    (-,-) 
  b2u_8to255_quad_4_sub_27_47_g15684/Y                                                         -       B->Y   F     NOR2_X2A_A9PP140ZTUL_C30           3  4.5    16    12     407    (-,-) 
  b2u_8to255_quad_4_sub_27_47_g2/Y                                                             -       C->Y   R     NAND3BB_X2M_A9PP140ZTUL_C30        1  3.3    16    12     420    (-,-) 
  b2u_8to255_quad_4_sub_27_47_g15484/Y                                                         -       A->Y   F     NOR2_X4TA_A9PP140ZTUL_C30          2  4.6    11     8     427    (-,-) 
  b2u_8to255_quad_4_sub_27_47_g15385/Y                                                         -       C->Y   R     NAND3BB_X4M_A9PP140ZTUL_C30        2  5.3    13    10     437    (-,-) 
  b2u_8to255_quad_4_sub_27_47_g16178/Y                                                         -       C->Y   F     NOR3BB_X6M_A9PP140ZTUL_C30         2  5.5    14    11     448    (-,-) 
  b2u_8to255_quad_4_sub_27_47_g15065/Y                                                         -       A->Y   R     NAND3_X6M_A9PP140ZTUL_C30          2  7.6    18    12     459    (-,-) 
  b2u_8to255_quad_4_sub_27_47_g14916/Y                                                         -       A->Y   F     NOR2_X8A_A9PP140ZTUL_C30           4 15.9    14    10     470    (-,-) 
  b2u_8to255_quad_4_sub_27_47_fopt14/Y                                                         -       A->Y   R     INV_X4M_A9PP140ZTUL_C30            3 11.3    14    11     481    (-,-) 
  b2u_8to255_quad_4_sub_27_47_fopt13/Y                                                         -       A->Y   F     INV_X7P5M_A9PP140ZTUL_C30         16 29.5    16    11     492    (-,-) 
  b2u_8to255_quad_4_sub_27_47_g14670/Y                                                         -       A->Y   R     NAND2_X2B_A9PP140ZTUL_C30          2  3.7    12    10     502    (-,-) 
  b2u_8to255_quad_4_sub_27_47_g14588/Y                                                         -       A->Y   F     INV_X1P4M_A9PP140ZTUL_C30          1  2.2     8     6     508    (-,-) 
  b2u_8to255_quad_4_sub_27_47_g14293/Y                                                         -       A0->Y  R     OAI2XB1_X2M_A9PP140ZTUL_C30        1  1.5    14     9     517    (-,-) 
  b2u_8to255_quad_4_qOut_reg[103]/D                                                            -       -      R     SDFFRPQH_X4M_A9PP140ZTUL_C30       1    -     -     0     517    (-,-) 
#------------------------------------------------------------------------------------------------------------------------------------------------------------------------------------------



Path 27: VIOLATED (-166 ps) Setup Check with Pin b2u_8to255_quad_4_qOut_reg[90]/CK->D
           View: func-typ-typ
          Group: clk
     Startpoint: (R) pp_fir_blocked_1_1/pp_fir_bottom_half_1_1/pp_fir_u_3_1_1/pp_fir_3_1_1/sum5_1_im_1_reg[23]/CK
          Clock: (R) clk
       Endpoint: (R) b2u_8to255_quad_4_qOut_reg[90]/D
          Clock: (R) clk

                     Capture       Launch     
        Clock Edge:+     250            0     
       Src Latency:+       0            0     
       Net Latency:+     200 (I)      200 (I) 
           Arrival:=     450          200     
                                              
             Setup:-      -0                  
       Uncertainty:-     100                  
     Required Time:=     350                  
      Launch Clock:-     200                  
         Data Path:-     317                  
             Slack:=    -166                  

#------------------------------------------------------------------------------------------------------------------------------------------------------------------------------------------
#                                        Timing Point                                          Flags    Arc   Edge             Cell               Fanout Load Trans Delay Arrival Instance 
#                                                                                                                                                        (fF)  (ps)  (ps)   (ps)  Location 
#------------------------------------------------------------------------------------------------------------------------------------------------------------------------------------------
  pp_fir_blocked_1_1/pp_fir_bottom_half_1_1/pp_fir_u_3_1_1/pp_fir_3_1_1/sum5_1_im_1_reg[23]/CK -       -      R     (arrival)                      21040    -    25     0     200    (-,-) 
  pp_fir_blocked_1_1/pp_fir_bottom_half_1_1/pp_fir_u_3_1_1/pp_fir_3_1_1/sum5_1_im_1_reg[23]/QN -       CK->QN F     SDFFXRPQN_X2M_A9PP140ZTUL_C30      1  3.1    13    25     225    (-,-) 
  pp_fir_blocked_1_1/pp_fir_bottom_half_1_1/pp_fir_u_3_1_1/pp_fir_3_1_1/g38946/Y               -       A->Y   R     INV_X4B_A9PP140ZTUL_C30            4  9.0    12     9     234    (-,-) 
  pp_fir_blocked_1_1/pp_fir_bottom_half_1_1/pp_fir_u_3_1_1/signed_mag_1/g3438/Y                -       B->Y   F     NOR2_X3A_A9PP140ZTUL_C30           2  5.0    13    10     244    (-,-) 
  pp_fir_blocked_1_1/pp_fir_bottom_half_1_1/pp_fir_u_3_1_1/signed_mag_1/g3435/Y                -       A->Y   R     INV_X3P5M_A9PP140ZTUL_C30          2  6.1    10     8     252    (-,-) 
  pp_fir_blocked_1_1/pp_fir_bottom_half_1_1/pp_fir_u_3_1_1/signed_mag_1/g3423/Y                -       A->Y   F     NOR2_X3TA_A9PP140ZTUL_C30          2  3.9    10     7     259    (-,-) 
  pp_fir_blocked_1_1/pp_fir_bottom_half_1_1/pp_fir_u_3_1_1/signed_mag_1/g3413/Y                -       A->Y   R     NOR2_X3A_A9PP140ZTUL_C30           1  4.2    13    10     269    (-,-) 
  pp_fir_blocked_1_1/pp_fir_bottom_half_1_1/pp_fir_u_3_1_1/signed_mag_1/g3404/Y                -       A->Y   F     XNOR2_X4M_A9PP140ZTUL_C30          2  8.1    22    12     281    (-,-) 
  g21015/Y                                                                                     -       A0->Y  R     AOI22_X6A_A9PP140ZTL_C30           2  6.7    20    16     297    (-,-) 
  g20632/Y                                                                                     -       A1->Y  F     OAI21_X6M_A9PP140ZTUL_C30          3  8.4    16    12     310    (-,-) 
  g20626/Y                                                                                     -       A->Y   R     INV_X2P5M_A9PP140ZTUL_C30          2  9.0    17    13     323    (-,-) 
  g20599/Y                                                                                     -       A->Y   F     XNOR2_X4M_A9PP140ZTUL_C30          3 12.9    29    16     339    (-,-) 
  g20585/Y                                                                                     -       A->Y   R     INV_X6M_A9PP140ZTUL_C30            2  8.5    13    10     349    (-,-) 
  g20567/Y                                                                                     -       A->Y   F     NAND2_X6M_A9PP140ZTUL_C30          4 15.4    18    12     360    (-,-) 
  g20280/Y                                                                                     -       B->Y   F     OR2_X8M_A9PP140ZTUL_C30           16 35.6    18    22     382    (-,-) 
  g19777/Y                                                                                     -       B->Y   R     NOR2_X2A_A9PP140ZTUL_C30           2  3.5    16    14     396    (-,-) 
  b2u_8to255_quad_4_sub_27_47_g15684/Y                                                         -       B->Y   F     NOR2_X2A_A9PP140ZTUL_C30           3  4.5    16    12     407    (-,-) 
  b2u_8to255_quad_4_sub_27_47_g2/Y                                                             -       C->Y   R     NAND3BB_X2M_A9PP140ZTUL_C30        1  3.3    16    12     420    (-,-) 
  b2u_8to255_quad_4_sub_27_47_g15484/Y                                                         -       A->Y   F     NOR2_X4TA_A9PP140ZTUL_C30          2  4.6    11     8     427    (-,-) 
  b2u_8to255_quad_4_sub_27_47_g15385/Y                                                         -       C->Y   R     NAND3BB_X4M_A9PP140ZTUL_C30        2  5.3    13    10     437    (-,-) 
  b2u_8to255_quad_4_sub_27_47_g16178/Y                                                         -       C->Y   F     NOR3BB_X6M_A9PP140ZTUL_C30         2  5.5    14    11     448    (-,-) 
  b2u_8to255_quad_4_sub_27_47_g15065/Y                                                         -       A->Y   R     NAND3_X6M_A9PP140ZTUL_C30          2  7.6    18    12     459    (-,-) 
  b2u_8to255_quad_4_sub_27_47_g14916/Y                                                         -       A->Y   F     NOR2_X8A_A9PP140ZTUL_C30           4 15.9    14    10     470    (-,-) 
  b2u_8to255_quad_4_sub_27_47_fopt14/Y                                                         -       A->Y   R     INV_X4M_A9PP140ZTUL_C30            3 11.3    14    11     481    (-,-) 
  b2u_8to255_quad_4_sub_27_47_fopt13/Y                                                         -       A->Y   F     INV_X7P5M_A9PP140ZTUL_C30         16 29.5    16    11     492    (-,-) 
  b2u_8to255_quad_4_sub_27_47_g14844/Y                                                         -       A->Y   R     NAND2_X2B_A9PP140ZTUL_C30          2  3.7    12    10     502    (-,-) 
  b2u_8to255_quad_4_sub_27_47_g14735/Y                                                         -       A->Y   F     INV_X1P4M_A9PP140ZTUL_C30          1  2.2     8     6     508    (-,-) 
  b2u_8to255_quad_4_sub_27_47_g14252/Y                                                         -       A0->Y  R     OAI2XB1_X2M_A9PP140ZTUL_C30        1  1.5    13     9     517    (-,-) 
  b2u_8to255_quad_4_qOut_reg[90]/D                                                             -       -      R     SDFFRPQH_X4M_A9PP140ZTUL_C30       1    -     -     0     517    (-,-) 
#------------------------------------------------------------------------------------------------------------------------------------------------------------------------------------------



Path 28: VIOLATED (-166 ps) Setup Check with Pin b2u_8to255_quad_4_qOut_reg[86]/CK->D
           View: func-typ-typ
          Group: clk
     Startpoint: (R) pp_fir_blocked_1_1/pp_fir_bottom_half_1_1/pp_fir_u_3_1_1/pp_fir_3_1_1/sum5_1_im_1_reg[23]/CK
          Clock: (R) clk
       Endpoint: (R) b2u_8to255_quad_4_qOut_reg[86]/D
          Clock: (R) clk

                     Capture       Launch     
        Clock Edge:+     250            0     
       Src Latency:+       0            0     
       Net Latency:+     200 (I)      200 (I) 
           Arrival:=     450          200     
                                              
             Setup:-      -0                  
       Uncertainty:-     100                  
     Required Time:=     350                  
      Launch Clock:-     200                  
         Data Path:-     317                  
             Slack:=    -166                  

#------------------------------------------------------------------------------------------------------------------------------------------------------------------------------------------
#                                        Timing Point                                          Flags    Arc   Edge             Cell               Fanout Load Trans Delay Arrival Instance 
#                                                                                                                                                        (fF)  (ps)  (ps)   (ps)  Location 
#------------------------------------------------------------------------------------------------------------------------------------------------------------------------------------------
  pp_fir_blocked_1_1/pp_fir_bottom_half_1_1/pp_fir_u_3_1_1/pp_fir_3_1_1/sum5_1_im_1_reg[23]/CK -       -      R     (arrival)                      21040    -    25     0     200    (-,-) 
  pp_fir_blocked_1_1/pp_fir_bottom_half_1_1/pp_fir_u_3_1_1/pp_fir_3_1_1/sum5_1_im_1_reg[23]/QN -       CK->QN F     SDFFXRPQN_X2M_A9PP140ZTUL_C30      1  3.1    13    25     225    (-,-) 
  pp_fir_blocked_1_1/pp_fir_bottom_half_1_1/pp_fir_u_3_1_1/pp_fir_3_1_1/g38946/Y               -       A->Y   R     INV_X4B_A9PP140ZTUL_C30            4  9.0    12     9     234    (-,-) 
  pp_fir_blocked_1_1/pp_fir_bottom_half_1_1/pp_fir_u_3_1_1/signed_mag_1/g3438/Y                -       B->Y   F     NOR2_X3A_A9PP140ZTUL_C30           2  5.0    13    10     244    (-,-) 
  pp_fir_blocked_1_1/pp_fir_bottom_half_1_1/pp_fir_u_3_1_1/signed_mag_1/g3435/Y                -       A->Y   R     INV_X3P5M_A9PP140ZTUL_C30          2  6.1    10     8     252    (-,-) 
  pp_fir_blocked_1_1/pp_fir_bottom_half_1_1/pp_fir_u_3_1_1/signed_mag_1/g3423/Y                -       A->Y   F     NOR2_X3TA_A9PP140ZTUL_C30          2  3.9    10     7     259    (-,-) 
  pp_fir_blocked_1_1/pp_fir_bottom_half_1_1/pp_fir_u_3_1_1/signed_mag_1/g3413/Y                -       A->Y   R     NOR2_X3A_A9PP140ZTUL_C30           1  4.2    13    10     269    (-,-) 
  pp_fir_blocked_1_1/pp_fir_bottom_half_1_1/pp_fir_u_3_1_1/signed_mag_1/g3404/Y                -       A->Y   F     XNOR2_X4M_A9PP140ZTUL_C30          2  8.1    22    12     281    (-,-) 
  g21015/Y                                                                                     -       A0->Y  R     AOI22_X6A_A9PP140ZTL_C30           2  6.7    20    16     297    (-,-) 
  g20632/Y                                                                                     -       A1->Y  F     OAI21_X6M_A9PP140ZTUL_C30          3  8.4    16    12     310    (-,-) 
  g20626/Y                                                                                     -       A->Y   R     INV_X2P5M_A9PP140ZTUL_C30          2  9.0    17    13     323    (-,-) 
  g20599/Y                                                                                     -       A->Y   F     XNOR2_X4M_A9PP140ZTUL_C30          3 12.9    29    16     339    (-,-) 
  g20585/Y                                                                                     -       A->Y   R     INV_X6M_A9PP140ZTUL_C30            2  8.5    13    10     349    (-,-) 
  g20567/Y                                                                                     -       A->Y   F     NAND2_X6M_A9PP140ZTUL_C30          4 15.4    18    12     360    (-,-) 
  g20280/Y                                                                                     -       B->Y   F     OR2_X8M_A9PP140ZTUL_C30           16 35.6    18    22     382    (-,-) 
  g19777/Y                                                                                     -       B->Y   R     NOR2_X2A_A9PP140ZTUL_C30           2  3.5    16    14     396    (-,-) 
  b2u_8to255_quad_4_sub_27_47_g15684/Y                                                         -       B->Y   F     NOR2_X2A_A9PP140ZTUL_C30           3  4.5    16    12     407    (-,-) 
  b2u_8to255_quad_4_sub_27_47_g2/Y                                                             -       C->Y   R     NAND3BB_X2M_A9PP140ZTUL_C30        1  3.3    16    12     420    (-,-) 
  b2u_8to255_quad_4_sub_27_47_g15484/Y                                                         -       A->Y   F     NOR2_X4TA_A9PP140ZTUL_C30          2  4.6    11     8     427    (-,-) 
  b2u_8to255_quad_4_sub_27_47_g15385/Y                                                         -       C->Y   R     NAND3BB_X4M_A9PP140ZTUL_C30        2  5.3    13    10     437    (-,-) 
  b2u_8to255_quad_4_sub_27_47_g16178/Y                                                         -       C->Y   F     NOR3BB_X6M_A9PP140ZTUL_C30         2  5.5    14    11     448    (-,-) 
  b2u_8to255_quad_4_sub_27_47_g15065/Y                                                         -       A->Y   R     NAND3_X6M_A9PP140ZTUL_C30          2  7.6    18    12     459    (-,-) 
  b2u_8to255_quad_4_sub_27_47_g14916/Y                                                         -       A->Y   F     NOR2_X8A_A9PP140ZTUL_C30           4 15.9    14    10     470    (-,-) 
  b2u_8to255_quad_4_sub_27_47_fopt14/Y                                                         -       A->Y   R     INV_X4M_A9PP140ZTUL_C30            3 11.3    14    11     481    (-,-) 
  b2u_8to255_quad_4_sub_27_47_fopt13/Y                                                         -       A->Y   F     INV_X7P5M_A9PP140ZTUL_C30         16 29.5    16    11     492    (-,-) 
  b2u_8to255_quad_4_sub_27_47_g14772/Y                                                         -       A->Y   R     NAND2_X2B_A9PP140ZTUL_C30          2  3.7    12    10     502    (-,-) 
  b2u_8to255_quad_4_sub_27_47_g14720/Y                                                         -       A->Y   F     INV_X1P4M_A9PP140ZTUL_C30          1  2.2     8     6     508    (-,-) 
  b2u_8to255_quad_4_sub_27_47_g14251/Y                                                         -       A0->Y  R     OAI2XB1_X2M_A9PP140ZTUL_C30        1  1.5    13     9     517    (-,-) 
  b2u_8to255_quad_4_qOut_reg[86]/D                                                             -       -      R     SDFFRPQH_X4M_A9PP140ZTUL_C30       1    -     -     0     517    (-,-) 
#------------------------------------------------------------------------------------------------------------------------------------------------------------------------------------------



Path 29: VIOLATED (-166 ps) Setup Check with Pin b2u_8to255_quad_4_qOut_reg[79]/CK->D
           View: func-typ-typ
          Group: clk
     Startpoint: (R) pp_fir_blocked_1_1/pp_fir_bottom_half_1_1/pp_fir_u_3_1_1/pp_fir_3_1_1/sum5_1_im_1_reg[23]/CK
          Clock: (R) clk
       Endpoint: (R) b2u_8to255_quad_4_qOut_reg[79]/D
          Clock: (R) clk

                     Capture       Launch     
        Clock Edge:+     250            0     
       Src Latency:+       0            0     
       Net Latency:+     200 (I)      200 (I) 
           Arrival:=     450          200     
                                              
             Setup:-      -0                  
       Uncertainty:-     100                  
     Required Time:=     350                  
      Launch Clock:-     200                  
         Data Path:-     317                  
             Slack:=    -166                  

#------------------------------------------------------------------------------------------------------------------------------------------------------------------------------------------
#                                        Timing Point                                          Flags    Arc   Edge             Cell               Fanout Load Trans Delay Arrival Instance 
#                                                                                                                                                        (fF)  (ps)  (ps)   (ps)  Location 
#------------------------------------------------------------------------------------------------------------------------------------------------------------------------------------------
  pp_fir_blocked_1_1/pp_fir_bottom_half_1_1/pp_fir_u_3_1_1/pp_fir_3_1_1/sum5_1_im_1_reg[23]/CK -       -      R     (arrival)                      21040    -    25     0     200    (-,-) 
  pp_fir_blocked_1_1/pp_fir_bottom_half_1_1/pp_fir_u_3_1_1/pp_fir_3_1_1/sum5_1_im_1_reg[23]/QN -       CK->QN F     SDFFXRPQN_X2M_A9PP140ZTUL_C30      1  3.1    13    25     225    (-,-) 
  pp_fir_blocked_1_1/pp_fir_bottom_half_1_1/pp_fir_u_3_1_1/pp_fir_3_1_1/g38946/Y               -       A->Y   R     INV_X4B_A9PP140ZTUL_C30            4  9.0    12     9     234    (-,-) 
  pp_fir_blocked_1_1/pp_fir_bottom_half_1_1/pp_fir_u_3_1_1/signed_mag_1/g3438/Y                -       B->Y   F     NOR2_X3A_A9PP140ZTUL_C30           2  5.0    13    10     244    (-,-) 
  pp_fir_blocked_1_1/pp_fir_bottom_half_1_1/pp_fir_u_3_1_1/signed_mag_1/g3435/Y                -       A->Y   R     INV_X3P5M_A9PP140ZTUL_C30          2  6.1    10     8     252    (-,-) 
  pp_fir_blocked_1_1/pp_fir_bottom_half_1_1/pp_fir_u_3_1_1/signed_mag_1/g3423/Y                -       A->Y   F     NOR2_X3TA_A9PP140ZTUL_C30          2  3.9    10     7     259    (-,-) 
  pp_fir_blocked_1_1/pp_fir_bottom_half_1_1/pp_fir_u_3_1_1/signed_mag_1/g3413/Y                -       A->Y   R     NOR2_X3A_A9PP140ZTUL_C30           1  4.2    13    10     269    (-,-) 
  pp_fir_blocked_1_1/pp_fir_bottom_half_1_1/pp_fir_u_3_1_1/signed_mag_1/g3404/Y                -       A->Y   F     XNOR2_X4M_A9PP140ZTUL_C30          2  8.1    22    12     281    (-,-) 
  g21015/Y                                                                                     -       A0->Y  R     AOI22_X6A_A9PP140ZTL_C30           2  6.7    20    16     297    (-,-) 
  g20632/Y                                                                                     -       A1->Y  F     OAI21_X6M_A9PP140ZTUL_C30          3  8.4    16    12     310    (-,-) 
  g20626/Y                                                                                     -       A->Y   R     INV_X2P5M_A9PP140ZTUL_C30          2  9.0    17    13     323    (-,-) 
  g20599/Y                                                                                     -       A->Y   F     XNOR2_X4M_A9PP140ZTUL_C30          3 12.9    29    16     339    (-,-) 
  g20585/Y                                                                                     -       A->Y   R     INV_X6M_A9PP140ZTUL_C30            2  8.5    13    10     349    (-,-) 
  g20567/Y                                                                                     -       A->Y   F     NAND2_X6M_A9PP140ZTUL_C30          4 15.4    18    12     360    (-,-) 
  g20280/Y                                                                                     -       B->Y   F     OR2_X8M_A9PP140ZTUL_C30           16 35.6    18    22     382    (-,-) 
  g19777/Y                                                                                     -       B->Y   R     NOR2_X2A_A9PP140ZTUL_C30           2  3.5    16    14     396    (-,-) 
  b2u_8to255_quad_4_sub_27_47_g15684/Y                                                         -       B->Y   F     NOR2_X2A_A9PP140ZTUL_C30           3  4.5    16    12     407    (-,-) 
  b2u_8to255_quad_4_sub_27_47_g2/Y                                                             -       C->Y   R     NAND3BB_X2M_A9PP140ZTUL_C30        1  3.3    16    12     420    (-,-) 
  b2u_8to255_quad_4_sub_27_47_g15484/Y                                                         -       A->Y   F     NOR2_X4TA_A9PP140ZTUL_C30          2  4.6    11     8     427    (-,-) 
  b2u_8to255_quad_4_sub_27_47_g15385/Y                                                         -       C->Y   R     NAND3BB_X4M_A9PP140ZTUL_C30        2  5.3    13    10     437    (-,-) 
  b2u_8to255_quad_4_sub_27_47_g16178/Y                                                         -       C->Y   F     NOR3BB_X6M_A9PP140ZTUL_C30         2  5.5    14    11     448    (-,-) 
  b2u_8to255_quad_4_sub_27_47_g15065/Y                                                         -       A->Y   R     NAND3_X6M_A9PP140ZTUL_C30          2  7.6    18    12     459    (-,-) 
  b2u_8to255_quad_4_sub_27_47_g14916/Y                                                         -       A->Y   F     NOR2_X8A_A9PP140ZTUL_C30           4 15.9    14    10     470    (-,-) 
  b2u_8to255_quad_4_sub_27_47_fopt14/Y                                                         -       A->Y   R     INV_X4M_A9PP140ZTUL_C30            3 11.3    14    11     481    (-,-) 
  b2u_8to255_quad_4_sub_27_47_fopt13/Y                                                         -       A->Y   F     INV_X7P5M_A9PP140ZTUL_C30         16 29.5    16    11     492    (-,-) 
  b2u_8to255_quad_4_sub_27_47_g14654/Y                                                         -       A->Y   R     NAND2_X2B_A9PP140ZTUL_C30          2  3.7    12    10     502    (-,-) 
  b2u_8to255_quad_4_sub_27_47_g14584/Y                                                         -       A->Y   F     INV_X1P4M_A9PP140ZTUL_C30          1  2.2     8     6     508    (-,-) 
  b2u_8to255_quad_4_sub_27_47_g14389/Y                                                         -       A0->Y  R     OAI2XB1_X2M_A9PP140ZTUL_C30        1  1.5    13     9     517    (-,-) 
  b2u_8to255_quad_4_qOut_reg[79]/D                                                             -       -      R     SDFFRPQH_X4M_A9PP140ZTUL_C30       1    -     -     0     517    (-,-) 
#------------------------------------------------------------------------------------------------------------------------------------------------------------------------------------------



Path 30: VIOLATED (-166 ps) Setup Check with Pin b2u_8to255_quad_4_qOut_reg[72]/CK->D
           View: func-typ-typ
          Group: clk
     Startpoint: (R) pp_fir_blocked_1_1/pp_fir_bottom_half_1_1/pp_fir_u_3_1_1/pp_fir_3_1_1/sum5_1_im_1_reg[23]/CK
          Clock: (R) clk
       Endpoint: (R) b2u_8to255_quad_4_qOut_reg[72]/D
          Clock: (R) clk

                     Capture       Launch     
        Clock Edge:+     250            0     
       Src Latency:+       0            0     
       Net Latency:+     200 (I)      200 (I) 
           Arrival:=     450          200     
                                              
             Setup:-      -0                  
       Uncertainty:-     100                  
     Required Time:=     350                  
      Launch Clock:-     200                  
         Data Path:-     317                  
             Slack:=    -166                  

#------------------------------------------------------------------------------------------------------------------------------------------------------------------------------------------
#                                        Timing Point                                          Flags    Arc   Edge             Cell               Fanout Load Trans Delay Arrival Instance 
#                                                                                                                                                        (fF)  (ps)  (ps)   (ps)  Location 
#------------------------------------------------------------------------------------------------------------------------------------------------------------------------------------------
  pp_fir_blocked_1_1/pp_fir_bottom_half_1_1/pp_fir_u_3_1_1/pp_fir_3_1_1/sum5_1_im_1_reg[23]/CK -       -      R     (arrival)                      21040    -    25     0     200    (-,-) 
  pp_fir_blocked_1_1/pp_fir_bottom_half_1_1/pp_fir_u_3_1_1/pp_fir_3_1_1/sum5_1_im_1_reg[23]/QN -       CK->QN F     SDFFXRPQN_X2M_A9PP140ZTUL_C30      1  3.1    13    25     225    (-,-) 
  pp_fir_blocked_1_1/pp_fir_bottom_half_1_1/pp_fir_u_3_1_1/pp_fir_3_1_1/g38946/Y               -       A->Y   R     INV_X4B_A9PP140ZTUL_C30            4  9.0    12     9     234    (-,-) 
  pp_fir_blocked_1_1/pp_fir_bottom_half_1_1/pp_fir_u_3_1_1/signed_mag_1/g3438/Y                -       B->Y   F     NOR2_X3A_A9PP140ZTUL_C30           2  5.0    13    10     244    (-,-) 
  pp_fir_blocked_1_1/pp_fir_bottom_half_1_1/pp_fir_u_3_1_1/signed_mag_1/g3435/Y                -       A->Y   R     INV_X3P5M_A9PP140ZTUL_C30          2  6.1    10     8     252    (-,-) 
  pp_fir_blocked_1_1/pp_fir_bottom_half_1_1/pp_fir_u_3_1_1/signed_mag_1/g3423/Y                -       A->Y   F     NOR2_X3TA_A9PP140ZTUL_C30          2  3.9    10     7     259    (-,-) 
  pp_fir_blocked_1_1/pp_fir_bottom_half_1_1/pp_fir_u_3_1_1/signed_mag_1/g3413/Y                -       A->Y   R     NOR2_X3A_A9PP140ZTUL_C30           1  4.2    13    10     269    (-,-) 
  pp_fir_blocked_1_1/pp_fir_bottom_half_1_1/pp_fir_u_3_1_1/signed_mag_1/g3404/Y                -       A->Y   F     XNOR2_X4M_A9PP140ZTUL_C30          2  8.1    22    12     281    (-,-) 
  g21015/Y                                                                                     -       A0->Y  R     AOI22_X6A_A9PP140ZTL_C30           2  6.7    20    16     297    (-,-) 
  g20632/Y                                                                                     -       A1->Y  F     OAI21_X6M_A9PP140ZTUL_C30          3  8.4    16    12     310    (-,-) 
  g20626/Y                                                                                     -       A->Y   R     INV_X2P5M_A9PP140ZTUL_C30          2  9.0    17    13     323    (-,-) 
  g20599/Y                                                                                     -       A->Y   F     XNOR2_X4M_A9PP140ZTUL_C30          3 12.9    29    16     339    (-,-) 
  g20585/Y                                                                                     -       A->Y   R     INV_X6M_A9PP140ZTUL_C30            2  8.5    13    10     349    (-,-) 
  g20567/Y                                                                                     -       A->Y   F     NAND2_X6M_A9PP140ZTUL_C30          4 15.4    18    12     360    (-,-) 
  g20280/Y                                                                                     -       B->Y   F     OR2_X8M_A9PP140ZTUL_C30           16 35.6    18    22     382    (-,-) 
  g19777/Y                                                                                     -       B->Y   R     NOR2_X2A_A9PP140ZTUL_C30           2  3.5    16    14     396    (-,-) 
  b2u_8to255_quad_4_sub_27_47_g15684/Y                                                         -       B->Y   F     NOR2_X2A_A9PP140ZTUL_C30           3  4.5    16    12     407    (-,-) 
  b2u_8to255_quad_4_sub_27_47_g2/Y                                                             -       C->Y   R     NAND3BB_X2M_A9PP140ZTUL_C30        1  3.3    16    12     420    (-,-) 
  b2u_8to255_quad_4_sub_27_47_g15484/Y                                                         -       A->Y   F     NOR2_X4TA_A9PP140ZTUL_C30          2  4.6    11     8     427    (-,-) 
  b2u_8to255_quad_4_sub_27_47_g15385/Y                                                         -       C->Y   R     NAND3BB_X4M_A9PP140ZTUL_C30        2  5.3    13    10     437    (-,-) 
  b2u_8to255_quad_4_sub_27_47_g16178/Y                                                         -       C->Y   F     NOR3BB_X6M_A9PP140ZTUL_C30         2  5.5    14    11     448    (-,-) 
  b2u_8to255_quad_4_sub_27_47_g15065/Y                                                         -       A->Y   R     NAND3_X6M_A9PP140ZTUL_C30          2  7.6    18    12     459    (-,-) 
  b2u_8to255_quad_4_sub_27_47_g14916/Y                                                         -       A->Y   F     NOR2_X8A_A9PP140ZTUL_C30           4 15.9    14    10     470    (-,-) 
  b2u_8to255_quad_4_sub_27_47_fopt10/Y                                                         -       A->Y   R     INV_X6M_A9PP140ZTUL_C30            8 23.0    17    13     483    (-,-) 
  b2u_8to255_quad_4_sub_27_47_fopt5/Y                                                          -       A->Y   F     INV_X3P5M_A9PP140ZTUL_C30          6 11.4    14    10     493    (-,-) 
  b2u_8to255_quad_4_sub_27_47_g14574/Y                                                         -       A->Y   R     NAND2_X2B_A9PP140ZTUL_C30          2  3.4    11     9     502    (-,-) 
  b2u_8to255_quad_4_sub_27_47_g14492/Y                                                         -       A->Y   F     INV_X1P4M_A9PP140ZTUL_C30          1  2.2     8     6     508    (-,-) 
  b2u_8to255_quad_4_sub_27_47_g14228/Y                                                         -       A0->Y  R     OAI2XB1_X2M_A9PP140ZTUL_C30        1  1.5    13     9     517    (-,-) 
  b2u_8to255_quad_4_qOut_reg[72]/D                                                             -       -      R     SDFFRPQH_X4M_A9PP140ZTUL_C30       1    -     -     0     517    (-,-) 
#------------------------------------------------------------------------------------------------------------------------------------------------------------------------------------------



Path 31: VIOLATED (-166 ps) Setup Check with Pin b2u_8to255_quad_4_qOut_reg[61]/CK->D
           View: func-typ-typ
          Group: clk
     Startpoint: (R) pp_fir_blocked_1_1/pp_fir_bottom_half_1_1/pp_fir_u_3_1_1/pp_fir_3_1_1/sum5_1_im_1_reg[23]/CK
          Clock: (R) clk
       Endpoint: (R) b2u_8to255_quad_4_qOut_reg[61]/D
          Clock: (R) clk

                     Capture       Launch     
        Clock Edge:+     250            0     
       Src Latency:+       0            0     
       Net Latency:+     200 (I)      200 (I) 
           Arrival:=     450          200     
                                              
             Setup:-      -0                  
       Uncertainty:-     100                  
     Required Time:=     350                  
      Launch Clock:-     200                  
         Data Path:-     317                  
             Slack:=    -166                  

#------------------------------------------------------------------------------------------------------------------------------------------------------------------------------------------
#                                        Timing Point                                          Flags    Arc   Edge             Cell               Fanout Load Trans Delay Arrival Instance 
#                                                                                                                                                        (fF)  (ps)  (ps)   (ps)  Location 
#------------------------------------------------------------------------------------------------------------------------------------------------------------------------------------------
  pp_fir_blocked_1_1/pp_fir_bottom_half_1_1/pp_fir_u_3_1_1/pp_fir_3_1_1/sum5_1_im_1_reg[23]/CK -       -      R     (arrival)                      21040    -    25     0     200    (-,-) 
  pp_fir_blocked_1_1/pp_fir_bottom_half_1_1/pp_fir_u_3_1_1/pp_fir_3_1_1/sum5_1_im_1_reg[23]/QN -       CK->QN F     SDFFXRPQN_X2M_A9PP140ZTUL_C30      1  3.1    13    25     225    (-,-) 
  pp_fir_blocked_1_1/pp_fir_bottom_half_1_1/pp_fir_u_3_1_1/pp_fir_3_1_1/g38946/Y               -       A->Y   R     INV_X4B_A9PP140ZTUL_C30            4  9.0    12     9     234    (-,-) 
  pp_fir_blocked_1_1/pp_fir_bottom_half_1_1/pp_fir_u_3_1_1/signed_mag_1/g3438/Y                -       B->Y   F     NOR2_X3A_A9PP140ZTUL_C30           2  5.0    13    10     244    (-,-) 
  pp_fir_blocked_1_1/pp_fir_bottom_half_1_1/pp_fir_u_3_1_1/signed_mag_1/g3435/Y                -       A->Y   R     INV_X3P5M_A9PP140ZTUL_C30          2  6.1    10     8     252    (-,-) 
  pp_fir_blocked_1_1/pp_fir_bottom_half_1_1/pp_fir_u_3_1_1/signed_mag_1/g3423/Y                -       A->Y   F     NOR2_X3TA_A9PP140ZTUL_C30          2  3.9    10     7     259    (-,-) 
  pp_fir_blocked_1_1/pp_fir_bottom_half_1_1/pp_fir_u_3_1_1/signed_mag_1/g3413/Y                -       A->Y   R     NOR2_X3A_A9PP140ZTUL_C30           1  4.2    13    10     269    (-,-) 
  pp_fir_blocked_1_1/pp_fir_bottom_half_1_1/pp_fir_u_3_1_1/signed_mag_1/g3404/Y                -       A->Y   F     XNOR2_X4M_A9PP140ZTUL_C30          2  8.1    22    12     281    (-,-) 
  g21015/Y                                                                                     -       A0->Y  R     AOI22_X6A_A9PP140ZTL_C30           2  6.7    20    16     297    (-,-) 
  g20632/Y                                                                                     -       A1->Y  F     OAI21_X6M_A9PP140ZTUL_C30          3  8.4    16    12     310    (-,-) 
  g20626/Y                                                                                     -       A->Y   R     INV_X2P5M_A9PP140ZTUL_C30          2  9.0    17    13     323    (-,-) 
  g20599/Y                                                                                     -       A->Y   F     XNOR2_X4M_A9PP140ZTUL_C30          3 12.9    29    16     339    (-,-) 
  g20585/Y                                                                                     -       A->Y   R     INV_X6M_A9PP140ZTUL_C30            2  8.5    13    10     349    (-,-) 
  g20567/Y                                                                                     -       A->Y   F     NAND2_X6M_A9PP140ZTUL_C30          4 15.4    18    12     360    (-,-) 
  g20280/Y                                                                                     -       B->Y   F     OR2_X8M_A9PP140ZTUL_C30           16 35.6    18    22     382    (-,-) 
  g19777/Y                                                                                     -       B->Y   R     NOR2_X2A_A9PP140ZTUL_C30           2  3.5    16    14     396    (-,-) 
  b2u_8to255_quad_4_sub_27_47_g15684/Y                                                         -       B->Y   F     NOR2_X2A_A9PP140ZTUL_C30           3  4.5    16    12     407    (-,-) 
  b2u_8to255_quad_4_sub_27_47_g2/Y                                                             -       C->Y   R     NAND3BB_X2M_A9PP140ZTUL_C30        1  3.3    16    12     420    (-,-) 
  b2u_8to255_quad_4_sub_27_47_g15484/Y                                                         -       A->Y   F     NOR2_X4TA_A9PP140ZTUL_C30          2  4.6    11     8     427    (-,-) 
  b2u_8to255_quad_4_sub_27_47_g15385/Y                                                         -       C->Y   R     NAND3BB_X4M_A9PP140ZTUL_C30        2  5.3    13    10     437    (-,-) 
  b2u_8to255_quad_4_sub_27_47_g16178/Y                                                         -       C->Y   F     NOR3BB_X6M_A9PP140ZTUL_C30         2  5.5    14    11     448    (-,-) 
  b2u_8to255_quad_4_sub_27_47_g15065/Y                                                         -       A->Y   R     NAND3_X6M_A9PP140ZTUL_C30          2  7.6    18    12     459    (-,-) 
  b2u_8to255_quad_4_sub_27_47_g14916/Y                                                         -       A->Y   F     NOR2_X8A_A9PP140ZTUL_C30           4 15.9    14    10     470    (-,-) 
  b2u_8to255_quad_4_sub_27_47_fopt10/Y                                                         -       A->Y   R     INV_X6M_A9PP140ZTUL_C30            8 23.0    17    13     483    (-,-) 
  b2u_8to255_quad_4_sub_27_47_fopt8/Y                                                          -       A->Y   F     INV_X3P5M_A9PP140ZTUL_C30          4  7.5    11     8     491    (-,-) 
  b2u_8to255_quad_4_sub_27_47_g16120/Y                                                         -       C->Y   R     NAND3BB_X2M_A9PP140ZTUL_C30        2  3.4    15    12     502    (-,-) 
  b2u_8to255_quad_4_sub_27_47_g14517/Y                                                         -       A->Y   F     NAND2_X2M_A9PP140ZTUL_C30          1  1.7    10     6     509    (-,-) 
  b2u_8to255_quad_4_sub_27_47_g14379/Y                                                         -       A->Y   R     NAND2_X1B_A9PP140ZTUL_C30          1  1.5    11     8     517    (-,-) 
  b2u_8to255_quad_4_qOut_reg[61]/D                                                             -       -      R     SDFFRPQH_X4M_A9PP140ZTUL_C30       1    -     -     0     517    (-,-) 
#------------------------------------------------------------------------------------------------------------------------------------------------------------------------------------------



Path 32: VIOLATED (-166 ps) Setup Check with Pin b2u_8to255_quad_4_qOut_reg[60]/CK->D
           View: func-typ-typ
          Group: clk
     Startpoint: (R) pp_fir_blocked_1_1/pp_fir_bottom_half_1_1/pp_fir_u_3_1_1/pp_fir_3_1_1/sum5_1_im_1_reg[23]/CK
          Clock: (R) clk
       Endpoint: (R) b2u_8to255_quad_4_qOut_reg[60]/D
          Clock: (R) clk

                     Capture       Launch     
        Clock Edge:+     250            0     
       Src Latency:+       0            0     
       Net Latency:+     200 (I)      200 (I) 
           Arrival:=     450          200     
                                              
             Setup:-      -0                  
       Uncertainty:-     100                  
     Required Time:=     350                  
      Launch Clock:-     200                  
         Data Path:-     317                  
             Slack:=    -166                  

#------------------------------------------------------------------------------------------------------------------------------------------------------------------------------------------
#                                        Timing Point                                          Flags    Arc   Edge             Cell               Fanout Load Trans Delay Arrival Instance 
#                                                                                                                                                        (fF)  (ps)  (ps)   (ps)  Location 
#------------------------------------------------------------------------------------------------------------------------------------------------------------------------------------------
  pp_fir_blocked_1_1/pp_fir_bottom_half_1_1/pp_fir_u_3_1_1/pp_fir_3_1_1/sum5_1_im_1_reg[23]/CK -       -      R     (arrival)                      21040    -    25     0     200    (-,-) 
  pp_fir_blocked_1_1/pp_fir_bottom_half_1_1/pp_fir_u_3_1_1/pp_fir_3_1_1/sum5_1_im_1_reg[23]/QN -       CK->QN F     SDFFXRPQN_X2M_A9PP140ZTUL_C30      1  3.1    13    25     225    (-,-) 
  pp_fir_blocked_1_1/pp_fir_bottom_half_1_1/pp_fir_u_3_1_1/pp_fir_3_1_1/g38946/Y               -       A->Y   R     INV_X4B_A9PP140ZTUL_C30            4  9.0    12     9     234    (-,-) 
  pp_fir_blocked_1_1/pp_fir_bottom_half_1_1/pp_fir_u_3_1_1/signed_mag_1/g3438/Y                -       B->Y   F     NOR2_X3A_A9PP140ZTUL_C30           2  5.0    13    10     244    (-,-) 
  pp_fir_blocked_1_1/pp_fir_bottom_half_1_1/pp_fir_u_3_1_1/signed_mag_1/g3435/Y                -       A->Y   R     INV_X3P5M_A9PP140ZTUL_C30          2  6.1    10     8     252    (-,-) 
  pp_fir_blocked_1_1/pp_fir_bottom_half_1_1/pp_fir_u_3_1_1/signed_mag_1/g3423/Y                -       A->Y   F     NOR2_X3TA_A9PP140ZTUL_C30          2  3.9    10     7     259    (-,-) 
  pp_fir_blocked_1_1/pp_fir_bottom_half_1_1/pp_fir_u_3_1_1/signed_mag_1/g3413/Y                -       A->Y   R     NOR2_X3A_A9PP140ZTUL_C30           1  4.2    13    10     269    (-,-) 
  pp_fir_blocked_1_1/pp_fir_bottom_half_1_1/pp_fir_u_3_1_1/signed_mag_1/g3404/Y                -       A->Y   F     XNOR2_X4M_A9PP140ZTUL_C30          2  8.1    22    12     281    (-,-) 
  g21015/Y                                                                                     -       A0->Y  R     AOI22_X6A_A9PP140ZTL_C30           2  6.7    20    16     297    (-,-) 
  g20632/Y                                                                                     -       A1->Y  F     OAI21_X6M_A9PP140ZTUL_C30          3  8.4    16    12     310    (-,-) 
  g20626/Y                                                                                     -       A->Y   R     INV_X2P5M_A9PP140ZTUL_C30          2  9.0    17    13     323    (-,-) 
  g20599/Y                                                                                     -       A->Y   F     XNOR2_X4M_A9PP140ZTUL_C30          3 12.9    29    16     339    (-,-) 
  g20585/Y                                                                                     -       A->Y   R     INV_X6M_A9PP140ZTUL_C30            2  8.5    13    10     349    (-,-) 
  g20567/Y                                                                                     -       A->Y   F     NAND2_X6M_A9PP140ZTUL_C30          4 15.4    18    12     360    (-,-) 
  g20280/Y                                                                                     -       B->Y   F     OR2_X8M_A9PP140ZTUL_C30           16 35.6    18    22     382    (-,-) 
  g19777/Y                                                                                     -       B->Y   R     NOR2_X2A_A9PP140ZTUL_C30           2  3.5    16    14     396    (-,-) 
  b2u_8to255_quad_4_sub_27_47_g15684/Y                                                         -       B->Y   F     NOR2_X2A_A9PP140ZTUL_C30           3  4.5    16    12     407    (-,-) 
  b2u_8to255_quad_4_sub_27_47_g2/Y                                                             -       C->Y   R     NAND3BB_X2M_A9PP140ZTUL_C30        1  3.3    16    12     420    (-,-) 
  b2u_8to255_quad_4_sub_27_47_g15484/Y                                                         -       A->Y   F     NOR2_X4TA_A9PP140ZTUL_C30          2  4.6    11     8     427    (-,-) 
  b2u_8to255_quad_4_sub_27_47_g15385/Y                                                         -       C->Y   R     NAND3BB_X4M_A9PP140ZTUL_C30        2  5.3    13    10     437    (-,-) 
  b2u_8to255_quad_4_sub_27_47_g16178/Y                                                         -       C->Y   F     NOR3BB_X6M_A9PP140ZTUL_C30         2  5.5    14    11     448    (-,-) 
  b2u_8to255_quad_4_sub_27_47_g15065/Y                                                         -       A->Y   R     NAND3_X6M_A9PP140ZTUL_C30          2  7.6    18    12     459    (-,-) 
  b2u_8to255_quad_4_sub_27_47_g14916/Y                                                         -       A->Y   F     NOR2_X8A_A9PP140ZTUL_C30           4 15.9    14    10     470    (-,-) 
  b2u_8to255_quad_4_sub_27_47_fopt10/Y                                                         -       A->Y   R     INV_X6M_A9PP140ZTUL_C30            8 23.0    17    13     483    (-,-) 
  b2u_8to255_quad_4_sub_27_47_fopt8/Y                                                          -       A->Y   F     INV_X3P5M_A9PP140ZTUL_C30          4  7.5    11     8     491    (-,-) 
  b2u_8to255_quad_4_sub_27_47_g16078/Y                                                         -       C->Y   R     NAND3BB_X2M_A9PP140ZTUL_C30        2  3.4    15    12     502    (-,-) 
  b2u_8to255_quad_4_sub_27_47_g14516/Y                                                         -       A->Y   F     NAND2_X2M_A9PP140ZTUL_C30          1  1.7    10     6     509    (-,-) 
  b2u_8to255_quad_4_sub_27_47_g14381/Y                                                         -       A->Y   R     NAND2_X1B_A9PP140ZTUL_C30          1  1.5    11     8     517    (-,-) 
  b2u_8to255_quad_4_qOut_reg[60]/D                                                             -       -      R     SDFFRPQH_X4M_A9PP140ZTUL_C30       1    -     -     0     517    (-,-) 
#------------------------------------------------------------------------------------------------------------------------------------------------------------------------------------------



Path 33: VIOLATED (-166 ps) Setup Check with Pin b2u_8to255_quad_4_qOut_reg[23]/CK->D
           View: func-typ-typ
          Group: clk
     Startpoint: (R) pp_fir_blocked_1_1/pp_fir_bottom_half_1_1/pp_fir_u_3_1_1/pp_fir_3_1_1/sum5_1_im_1_reg[23]/CK
          Clock: (R) clk
       Endpoint: (R) b2u_8to255_quad_4_qOut_reg[23]/D
          Clock: (R) clk

                     Capture       Launch     
        Clock Edge:+     250            0     
       Src Latency:+       0            0     
       Net Latency:+     200 (I)      200 (I) 
           Arrival:=     450          200     
                                              
             Setup:-      -0                  
       Uncertainty:-     100                  
     Required Time:=     350                  
      Launch Clock:-     200                  
         Data Path:-     317                  
             Slack:=    -166                  

#------------------------------------------------------------------------------------------------------------------------------------------------------------------------------------------
#                                        Timing Point                                          Flags    Arc   Edge             Cell               Fanout Load Trans Delay Arrival Instance 
#                                                                                                                                                        (fF)  (ps)  (ps)   (ps)  Location 
#------------------------------------------------------------------------------------------------------------------------------------------------------------------------------------------
  pp_fir_blocked_1_1/pp_fir_bottom_half_1_1/pp_fir_u_3_1_1/pp_fir_3_1_1/sum5_1_im_1_reg[23]/CK -       -      R     (arrival)                      21040    -    25     0     200    (-,-) 
  pp_fir_blocked_1_1/pp_fir_bottom_half_1_1/pp_fir_u_3_1_1/pp_fir_3_1_1/sum5_1_im_1_reg[23]/QN -       CK->QN F     SDFFXRPQN_X2M_A9PP140ZTUL_C30      1  3.1    13    25     225    (-,-) 
  pp_fir_blocked_1_1/pp_fir_bottom_half_1_1/pp_fir_u_3_1_1/pp_fir_3_1_1/g38946/Y               -       A->Y   R     INV_X4B_A9PP140ZTUL_C30            4  9.0    12     9     234    (-,-) 
  pp_fir_blocked_1_1/pp_fir_bottom_half_1_1/pp_fir_u_3_1_1/signed_mag_1/g3438/Y                -       B->Y   F     NOR2_X3A_A9PP140ZTUL_C30           2  5.0    13    10     244    (-,-) 
  pp_fir_blocked_1_1/pp_fir_bottom_half_1_1/pp_fir_u_3_1_1/signed_mag_1/g3435/Y                -       A->Y   R     INV_X3P5M_A9PP140ZTUL_C30          2  6.1    10     8     252    (-,-) 
  pp_fir_blocked_1_1/pp_fir_bottom_half_1_1/pp_fir_u_3_1_1/signed_mag_1/g3423/Y                -       A->Y   F     NOR2_X3TA_A9PP140ZTUL_C30          2  3.9    10     7     259    (-,-) 
  pp_fir_blocked_1_1/pp_fir_bottom_half_1_1/pp_fir_u_3_1_1/signed_mag_1/g3413/Y                -       A->Y   R     NOR2_X3A_A9PP140ZTUL_C30           1  4.2    13    10     269    (-,-) 
  pp_fir_blocked_1_1/pp_fir_bottom_half_1_1/pp_fir_u_3_1_1/signed_mag_1/g3404/Y                -       A->Y   F     XNOR2_X4M_A9PP140ZTUL_C30          2  8.1    22    12     281    (-,-) 
  g21015/Y                                                                                     -       A0->Y  R     AOI22_X6A_A9PP140ZTL_C30           2  6.7    20    16     297    (-,-) 
  g20632/Y                                                                                     -       A1->Y  F     OAI21_X6M_A9PP140ZTUL_C30          3  8.4    16    12     310    (-,-) 
  g20626/Y                                                                                     -       A->Y   R     INV_X2P5M_A9PP140ZTUL_C30          2  9.0    17    13     323    (-,-) 
  g20599/Y                                                                                     -       A->Y   F     XNOR2_X4M_A9PP140ZTUL_C30          3 12.9    29    16     339    (-,-) 
  g20585/Y                                                                                     -       A->Y   R     INV_X6M_A9PP140ZTUL_C30            2  8.5    13    10     349    (-,-) 
  g20567/Y                                                                                     -       A->Y   F     NAND2_X6M_A9PP140ZTUL_C30          4 15.4    18    12     360    (-,-) 
  g20280/Y                                                                                     -       B->Y   F     OR2_X8M_A9PP140ZTUL_C30           16 35.6    18    22     382    (-,-) 
  g19777/Y                                                                                     -       B->Y   R     NOR2_X2A_A9PP140ZTUL_C30           2  3.5    16    14     396    (-,-) 
  b2u_8to255_quad_4_sub_27_47_g15684/Y                                                         -       B->Y   F     NOR2_X2A_A9PP140ZTUL_C30           3  4.5    16    12     407    (-,-) 
  b2u_8to255_quad_4_sub_27_47_g2/Y                                                             -       C->Y   R     NAND3BB_X2M_A9PP140ZTUL_C30        1  3.3    16    12     420    (-,-) 
  b2u_8to255_quad_4_sub_27_47_g15484/Y                                                         -       A->Y   F     NOR2_X4TA_A9PP140ZTUL_C30          2  4.6    11     8     427    (-,-) 
  b2u_8to255_quad_4_sub_27_47_g15385/Y                                                         -       C->Y   R     NAND3BB_X4M_A9PP140ZTUL_C30        2  5.3    13    10     437    (-,-) 
  b2u_8to255_quad_4_sub_27_47_g16178/Y                                                         -       C->Y   F     NOR3BB_X6M_A9PP140ZTUL_C30         2  5.5    14    11     448    (-,-) 
  b2u_8to255_quad_4_sub_27_47_g15065/Y                                                         -       A->Y   R     NAND3_X6M_A9PP140ZTUL_C30          2  7.6    18    12     459    (-,-) 
  b2u_8to255_quad_4_sub_27_47_g14916/Y                                                         -       A->Y   F     NOR2_X8A_A9PP140ZTUL_C30           4 15.9    14    10     470    (-,-) 
  b2u_8to255_quad_4_sub_27_47_fopt10/Y                                                         -       A->Y   R     INV_X6M_A9PP140ZTUL_C30            8 23.0    17    13     483    (-,-) 
  b2u_8to255_quad_4_sub_27_47_fopt9/Y                                                          -       A->Y   F     INV_X3P5M_A9PP140ZTUL_C30          3  6.2    10     7     490    (-,-) 
  b2u_8to255_quad_4_sub_27_47_g16051/Y                                                         -       C->Y   R     NAND3BB_X2M_A9PP140ZTUL_C30        2  2.8    13    10     500    (-,-) 
  b2u_8to255_quad_4_sub_27_47_g16367/Y                                                         -       A0->Y  R     AO21B_X1M_A9PP140ZTUL_C30          1  1.5    12    16     517    (-,-) 
  b2u_8to255_quad_4_qOut_reg[23]/D                                                             -       -      R     SDFFRPQH_X4M_A9PP140ZTUL_C30       1    -     -     0     517    (-,-) 
#------------------------------------------------------------------------------------------------------------------------------------------------------------------------------------------



Path 34: VIOLATED (-166 ps) Setup Check with Pin b2u_8to255_quad_4_qOut_reg[29]/CK->D
           View: func-typ-typ
          Group: clk
     Startpoint: (R) pp_fir_blocked_1_1/pp_fir_bottom_half_1_1/pp_fir_u_7_1_1/pp_fir_7_1_1/sum5_1_im_1_reg[23]/CK
          Clock: (R) clk
       Endpoint: (F) b2u_8to255_quad_4_qOut_reg[29]/D
          Clock: (R) clk

                     Capture       Launch     
        Clock Edge:+     250            0     
       Src Latency:+       0            0     
       Net Latency:+     200 (I)      200 (I) 
           Arrival:=     450          200     
                                              
             Setup:-      -7                  
       Uncertainty:-     100                  
     Required Time:=     357                  
      Launch Clock:-     200                  
         Data Path:-     323                  
             Slack:=    -166                  

#------------------------------------------------------------------------------------------------------------------------------------------------------------------------------------------
#                                        Timing Point                                          Flags    Arc   Edge             Cell               Fanout Load Trans Delay Arrival Instance 
#                                                                                                                                                        (fF)  (ps)  (ps)   (ps)  Location 
#------------------------------------------------------------------------------------------------------------------------------------------------------------------------------------------
  pp_fir_blocked_1_1/pp_fir_bottom_half_1_1/pp_fir_u_7_1_1/pp_fir_7_1_1/sum5_1_im_1_reg[23]/CK -       -      R     (arrival)                      21040    -    25     0     200    (-,-) 
  pp_fir_blocked_1_1/pp_fir_bottom_half_1_1/pp_fir_u_7_1_1/pp_fir_7_1_1/sum5_1_im_1_reg[23]/QN -       CK->QN R     SDFFXRPQN_X2M_A9PP140ZTUL_C30      1  3.1    12    20     220    (-,-) 
  pp_fir_blocked_1_1/pp_fir_bottom_half_1_1/pp_fir_u_7_1_1/pp_fir_7_1_1/g37672/Y               -       A->Y   F     INV_X4B_A9PP140ZTUL_C30            7 12.9    20    14     234    (-,-) 
  pp_fir_blocked_1_1/pp_fir_bottom_half_1_1/pp_fir_u_7_1_1/signed_mag_3/g3491/Y                -       A->Y   F     OR2_X4TM_A9PP140ZTUL_C30           2  7.2    10    16     250    (-,-) 
  pp_fir_blocked_1_1/pp_fir_bottom_half_1_1/pp_fir_u_7_1_1/signed_mag_3/g3475/Y                -       A1->Y  R     OAI21_X4M_A9PP140ZTUL_C30          1  4.2    14    12     262    (-,-) 
  pp_fir_blocked_1_1/pp_fir_bottom_half_1_1/pp_fir_u_7_1_1/signed_mag_3/g3460/Y                -       A->Y   R     XNOR2_X4M_A9PP140ZTUL_C30          2  6.8    21    12     274    (-,-) 
  g21045/Y                                                                                     -       A->Y   F     NAND2_X3B_A9PP140ZTUL_C30          1  3.5    14    10     284    (-,-) 
  g21025/Y                                                                                     -       B0N->Y R     AO21B_X4M_A9PP140ZTUL_C30          3  7.4    13    10     293    (-,-) 
  g20839/Y                                                                                     -       B->Y   F     NAND2_X3B_A9PP140ZTUL_C30          2  6.0    16    11     305    (-,-) 
  g20736/Y                                                                                     -       A->Y   R     NOR2XB_X3M_A9PP140ZTL_C30          1  2.5    12     9     314    (-,-) 
  g20594/Y                                                                                     -       B1->Y  R     AO1B2_X4M_A9PP140ZTUL_C30          1  4.2    10    15     329    (-,-) 
  g20534/Y                                                                                     -       A->Y   R     XNOR2_X4M_A9PP140ZTUL_C30          3  8.5    22    13     342    (-,-) 
  g20416/Y                                                                                     -       A->Y   R     OR2_X4TM_A9PP140ZTUL_C30           4 15.6    18    20     363    (-,-) 
  g20231/Y                                                                                     -       B->Y   R     OR2_X8M_A9PP140ZTUL_C30           16 32.2    17    20     383    (-,-) 
  g19635/Y                                                                                     -       A->Y   F     NOR2_X2TA_A9PP140ZTUL_C30          2  4.3    15    10     393    (-,-) 
  b2u_8to255_quad_4_sub_27_47_g15741/Y                                                         -       B->Y   R     NOR2_X3A_A9PP140ZTUL_C30           2  4.0    14    12     404    (-,-) 
  b2u_8to255_quad_4_sub_27_47_g15598/Y                                                         -       C->Y   F     NAND3BB_X3M_A9PP140ZTUL_C30        2  3.5    11     8     413    (-,-) 
  b2u_8to255_quad_4_sub_27_47_g16015/Y                                                         -       A->Y   R     NOR3_X2A_A9PP140ZTUL_C30           2  4.7    28    18     430    (-,-) 
  b2u_8to255_quad_4_sub_27_47_g15392/Y                                                         -       C->Y   F     NAND3BB_X4M_A9PP140ZTUL_C30        2  4.4    13     9     439    (-,-) 
  b2u_8to255_quad_4_sub_27_47_g15240/Y                                                         -       A->Y   R     NOR2_X4TA_A9PP140ZTUL_C30          2  6.5    13    10     449    (-,-) 
  b2u_8to255_quad_4_sub_27_47_g15137/Y                                                         -       A->Y   F     NAND2_X6M_A9PP140ZTUL_C30          2  7.8    12     8     458    (-,-) 
  b2u_8to255_quad_4_sub_27_47_g14916/Y                                                         -       B->Y   R     NOR2_X8A_A9PP140ZTUL_C30           4 16.2    18    13     471    (-,-) 
  b2u_8to255_quad_4_sub_27_47_fopt14/Y                                                         -       A->Y   F     INV_X4M_A9PP140ZTUL_C30            3 11.3    14    10     480    (-,-) 
  b2u_8to255_quad_4_sub_27_47_fopt13/Y                                                         -       A->Y   R     INV_X7P5M_A9PP140ZTUL_C30         16 29.5    17    13     493    (-,-) 
  b2u_8to255_quad_4_sub_27_47_g14682/Y                                                         -       A->Y   F     NAND2_X2B_A9PP140ZTUL_C30          2  3.7    16    11     504    (-,-) 
  b2u_8to255_quad_4_sub_27_47_g14470/Y                                                         -       A->Y   R     NAND2_X2M_A9PP140ZTUL_C30          1  1.7    12     9     513    (-,-) 
  b2u_8to255_quad_4_sub_27_47_g14244/Y                                                         -       A->Y   F     NAND2_X1B_A9PP140ZTUL_C30          1  1.5    14    10     523    (-,-) 
  b2u_8to255_quad_4_qOut_reg[29]/D                                                             -       -      F     SDFFRPQH_X4M_A9PP140ZTUL_C30       1    -     -     0     523    (-,-) 
#------------------------------------------------------------------------------------------------------------------------------------------------------------------------------------------



Path 35: VIOLATED (-166 ps) Setup Check with Pin b2u_8to255_quad_4_qOut_reg[15]/CK->D
           View: func-typ-typ
          Group: clk
     Startpoint: (R) pp_fir_blocked_1_1/pp_fir_bottom_half_1_1/pp_fir_u_3_1_1/pp_fir_3_1_1/sum5_1_im_1_reg[23]/CK
          Clock: (R) clk
       Endpoint: (R) b2u_8to255_quad_4_qOut_reg[15]/D
          Clock: (R) clk

                     Capture       Launch     
        Clock Edge:+     250            0     
       Src Latency:+       0            0     
       Net Latency:+     200 (I)      200 (I) 
           Arrival:=     450          200     
                                              
             Setup:-      -0                  
       Uncertainty:-     100                  
     Required Time:=     350                  
      Launch Clock:-     200                  
         Data Path:-     317                  
             Slack:=    -166                  

#------------------------------------------------------------------------------------------------------------------------------------------------------------------------------------------
#                                        Timing Point                                          Flags    Arc   Edge             Cell               Fanout Load Trans Delay Arrival Instance 
#                                                                                                                                                        (fF)  (ps)  (ps)   (ps)  Location 
#------------------------------------------------------------------------------------------------------------------------------------------------------------------------------------------
  pp_fir_blocked_1_1/pp_fir_bottom_half_1_1/pp_fir_u_3_1_1/pp_fir_3_1_1/sum5_1_im_1_reg[23]/CK -       -      R     (arrival)                      21040    -    25     0     200    (-,-) 
  pp_fir_blocked_1_1/pp_fir_bottom_half_1_1/pp_fir_u_3_1_1/pp_fir_3_1_1/sum5_1_im_1_reg[23]/QN -       CK->QN F     SDFFXRPQN_X2M_A9PP140ZTUL_C30      1  3.1    13    25     225    (-,-) 
  pp_fir_blocked_1_1/pp_fir_bottom_half_1_1/pp_fir_u_3_1_1/pp_fir_3_1_1/g38946/Y               -       A->Y   R     INV_X4B_A9PP140ZTUL_C30            4  9.0    12     9     234    (-,-) 
  pp_fir_blocked_1_1/pp_fir_bottom_half_1_1/pp_fir_u_3_1_1/signed_mag_1/g3438/Y                -       B->Y   F     NOR2_X3A_A9PP140ZTUL_C30           2  5.0    13    10     244    (-,-) 
  pp_fir_blocked_1_1/pp_fir_bottom_half_1_1/pp_fir_u_3_1_1/signed_mag_1/g3435/Y                -       A->Y   R     INV_X3P5M_A9PP140ZTUL_C30          2  6.1    10     8     252    (-,-) 
  pp_fir_blocked_1_1/pp_fir_bottom_half_1_1/pp_fir_u_3_1_1/signed_mag_1/g3423/Y                -       A->Y   F     NOR2_X3TA_A9PP140ZTUL_C30          2  3.9    10     7     259    (-,-) 
  pp_fir_blocked_1_1/pp_fir_bottom_half_1_1/pp_fir_u_3_1_1/signed_mag_1/g3413/Y                -       A->Y   R     NOR2_X3A_A9PP140ZTUL_C30           1  4.2    13    10     269    (-,-) 
  pp_fir_blocked_1_1/pp_fir_bottom_half_1_1/pp_fir_u_3_1_1/signed_mag_1/g3404/Y                -       A->Y   F     XNOR2_X4M_A9PP140ZTUL_C30          2  8.1    22    12     281    (-,-) 
  g21015/Y                                                                                     -       A0->Y  R     AOI22_X6A_A9PP140ZTL_C30           2  6.7    20    16     297    (-,-) 
  g20632/Y                                                                                     -       A1->Y  F     OAI21_X6M_A9PP140ZTUL_C30          3  8.4    16    12     310    (-,-) 
  g20626/Y                                                                                     -       A->Y   R     INV_X2P5M_A9PP140ZTUL_C30          2  9.0    17    13     323    (-,-) 
  g20599/Y                                                                                     -       A->Y   F     XNOR2_X4M_A9PP140ZTUL_C30          3 12.9    29    16     339    (-,-) 
  g20585/Y                                                                                     -       A->Y   R     INV_X6M_A9PP140ZTUL_C30            2  8.5    13    10     349    (-,-) 
  g20567/Y                                                                                     -       A->Y   F     NAND2_X6M_A9PP140ZTUL_C30          4 15.4    18    12     360    (-,-) 
  g20280/Y                                                                                     -       B->Y   F     OR2_X8M_A9PP140ZTUL_C30           16 35.6    18    22     382    (-,-) 
  g19777/Y                                                                                     -       B->Y   R     NOR2_X2A_A9PP140ZTUL_C30           2  3.5    16    14     396    (-,-) 
  b2u_8to255_quad_4_sub_27_47_g15684/Y                                                         -       B->Y   F     NOR2_X2A_A9PP140ZTUL_C30           3  4.5    16    12     407    (-,-) 
  b2u_8to255_quad_4_sub_27_47_g2/Y                                                             -       C->Y   R     NAND3BB_X2M_A9PP140ZTUL_C30        1  3.3    16    12     420    (-,-) 
  b2u_8to255_quad_4_sub_27_47_g15484/Y                                                         -       A->Y   F     NOR2_X4TA_A9PP140ZTUL_C30          2  4.6    11     8     427    (-,-) 
  b2u_8to255_quad_4_sub_27_47_g15385/Y                                                         -       C->Y   R     NAND3BB_X4M_A9PP140ZTUL_C30        2  5.3    13    10     437    (-,-) 
  b2u_8to255_quad_4_sub_27_47_g16178/Y                                                         -       C->Y   F     NOR3BB_X6M_A9PP140ZTUL_C30         2  5.5    14    11     448    (-,-) 
  b2u_8to255_quad_4_sub_27_47_g15065/Y                                                         -       A->Y   R     NAND3_X6M_A9PP140ZTUL_C30          2  7.6    18    12     459    (-,-) 
  b2u_8to255_quad_4_sub_27_47_g14916/Y                                                         -       A->Y   F     NOR2_X8A_A9PP140ZTUL_C30           4 15.9    14    10     470    (-,-) 
  b2u_8to255_quad_4_sub_27_47_fopt10/Y                                                         -       A->Y   R     INV_X6M_A9PP140ZTUL_C30            8 23.0    17    13     483    (-,-) 
  b2u_8to255_quad_4_sub_27_47_fopt9/Y                                                          -       A->Y   F     INV_X3P5M_A9PP140ZTUL_C30          3  6.2    10     7     490    (-,-) 
  b2u_8to255_quad_4_sub_27_47_g16044/Y                                                         -       C->Y   R     NAND3BB_X2M_A9PP140ZTUL_C30        2  2.7    13    10     500    (-,-) 
  b2u_8to255_quad_4_sub_27_47_g16361/Y                                                         -       A0->Y  R     AO21B_X1M_A9PP140ZTUL_C30          1  1.5    12    16     516    (-,-) 
  b2u_8to255_quad_4_qOut_reg[15]/D                                                             -       -      R     SDFFRPQH_X4M_A9PP140ZTUL_C30       1    -     -     0     517    (-,-) 
#------------------------------------------------------------------------------------------------------------------------------------------------------------------------------------------



Path 36: VIOLATED (-166 ps) Setup Check with Pin b2u_8to255_quad_4_iOut_reg[183]/CK->D
           View: func-typ-typ
          Group: clk
     Startpoint: (R) pp_fir_blocked_1_1/pp_fir_bottom_half_1_1/pp_fir_u_7_1_1/pp_fir_7_1_1/sum5_1_re_1_reg[22]/CK
          Clock: (R) clk
       Endpoint: (F) b2u_8to255_quad_4_iOut_reg[183]/D
          Clock: (R) clk

                     Capture       Launch     
        Clock Edge:+     250            0     
       Src Latency:+       0            0     
       Net Latency:+     200 (I)      200 (I) 
           Arrival:=     450          200     
                                              
             Setup:-      -7                  
       Uncertainty:-     100                  
     Required Time:=     357                  
      Launch Clock:-     200                  
         Data Path:-     323                  
             Slack:=    -166                  

#------------------------------------------------------------------------------------------------------------------------------------------------------------------------------------------
#                                        Timing Point                                          Flags    Arc   Edge             Cell               Fanout Load Trans Delay Arrival Instance 
#                                                                                                                                                        (fF)  (ps)  (ps)   (ps)  Location 
#------------------------------------------------------------------------------------------------------------------------------------------------------------------------------------------
  pp_fir_blocked_1_1/pp_fir_bottom_half_1_1/pp_fir_u_7_1_1/pp_fir_7_1_1/sum5_1_re_1_reg[22]/CK -       -      R     (arrival)                      21040    -    25     0     200    (-,-) 
  pp_fir_blocked_1_1/pp_fir_bottom_half_1_1/pp_fir_u_7_1_1/pp_fir_7_1_1/sum5_1_re_1_reg[22]/QN -       CK->QN F     SDFFXRPQN_X3M_A9PP140ZTUL_C30      1  2.9    13    25     225    (-,-) 
  pp_fir_blocked_1_1/pp_fir_bottom_half_1_1/pp_fir_u_7_1_1/pp_fir_7_1_1/g37937/Y               -       A->Y   R     INV_X3M_A9PP140ZTUL_C30            4  7.7    13    10     236    (-,-) 
  pp_fir_blocked_1_1/pp_fir_bottom_half_1_1/pp_fir_u_7_1_1/signed_mag_3/g3489/Y                -       A->Y   F     NOR2_X4TA_A9PP140ZTUL_C30          3  8.8    14    10     246    (-,-) 
  pp_fir_blocked_1_1/pp_fir_bottom_half_1_1/pp_fir_u_7_1_1/signed_mag_3/g3486/Y                -       A->Y   R     INV_X6M_A9PP140ZTUL_C30            2  5.5     8     6     252    (-,-) 
  pp_fir_blocked_1_1/pp_fir_bottom_half_1_1/pp_fir_u_7_1_1/signed_mag_3/g2/Y                   -       A->Y   F     NOR3_X2A_A9PP140ZTUL_C30           2  4.0    18    10     262    (-,-) 
  pp_fir_blocked_1_1/pp_fir_bottom_half_1_1/pp_fir_u_7_1_1/signed_mag_3/g3469/Y                -       A->Y   R     NOR2_X3TA_A9PP140ZTUL_C30          1  4.2    14    11     273    (-,-) 
  pp_fir_blocked_1_1/pp_fir_bottom_half_1_1/pp_fir_u_7_1_1/signed_mag_3/g3457/Y                -       A->Y   R     XNOR2_X4M_A9PP140ZTUL_C30          3  5.4    19    12     285    (-,-) 
  g21036/Y                                                                                     -       B0->Y  R     AO1B2_X3M_A9PP140ZTUL_C30          2  6.4    14    18     302    (-,-) 
  g20840/Y                                                                                     -       A->Y   F     NAND2_X4B_A9PP140ZTL_C30           2  6.6    15    11     313    (-,-) 
  g20735/Y                                                                                     -       A->Y   R     NOR2_X4A_A9PP140ZTUL_C30           1  3.6    12     9     322    (-,-) 
  g20597/Y                                                                                     -       A1->Y  F     AOI21_X4A_A9PP140ZTUL_C30          1  4.2    13    10     333    (-,-) 
  g20532/Y                                                                                     -       A->Y   F     XNOR2_X4M_A9PP140ZTUL_C30          3  8.5    24    14     347    (-,-) 
  g20519/Y                                                                                     -       A->Y   R     INV_X6M_A9PP140ZTUL_C30            2  4.8     9     7     354    (-,-) 
  g20419/Y                                                                                     -       A->Y   R     OR2_X4TM_A9PP140ZTUL_C30           4 14.0    17    18     372    (-,-) 
  g20400/Y                                                                                     -       A->Y   F     INV_X2P5M_A9PP140ZTUL_C30          1  7.4    13     9     382    (-,-) 
  g20249/Y                                                                                     -       A->Y   R     NAND2_X11M_A9PP140ZTL_C30          8 15.8    15    11     393    (-,-) 
  g19202/Y                                                                                     -       A->Y   F     NOR2_X3A_A9PP140ZTUL_C30           2  4.2    13     8     401    (-,-) 
  b2u_8to255_quad_4_sub_22_34_g15676/Y                                                         -       A->Y   R     NOR2_X3A_A9PP140ZTUL_C30           2  4.7    15    11     412    (-,-) 
  b2u_8to255_quad_4_sub_22_34_g15603/Y                                                         -       C->Y   F     NAND3BB_X4M_A9PP140ZTUL_C30        2  4.2    11     8     420    (-,-) 
  b2u_8to255_quad_4_sub_22_34_g15434/Y                                                         -       A->Y   R     NOR2_X3TA_A9PP140ZTUL_C30          2  4.5    12     9     429    (-,-) 
  b2u_8to255_quad_4_sub_22_34_g15391/Y                                                         -       A->Y   F     NAND2_X4TA_A9PP140ZTUL_C30         2  4.5    10     7     436    (-,-) 
  b2u_8to255_quad_4_sub_22_34_g15347/Y                                                         -       A->Y   F     BUFH_X2P5M_A9PP140ZTUL_C30         1  7.0    11    15     451    (-,-) 
  b2u_8to255_quad_4_sub_22_34_g15139/Y                                                         -       B->Y   R     NOR2_X6TA_A9PP140ZTUL_C30          7 15.4    17    13     464    (-,-) 
  b2u_8to255_quad_4_sub_22_34_g15096/Y                                                         -       A->Y   F     INV_X6M_A9PP140ZTUL_C30            6 11.6    11     8     472    (-,-) 
  b2u_8to255_quad_4_sub_22_34_g14967/Y                                                         -       AN->Y  F     NAND3BB_X3M_A9PP140ZTUL_C30        2  3.6    12    15     487    (-,-) 
  b2u_8to255_quad_4_sub_22_34_g14755/Y                                                         -       A->Y   R     NOR2_X2A_A9PP140ZTUL_C30           1  2.4    13    10     496    (-,-) 
  b2u_8to255_quad_4_sub_22_34_g14574/Y                                                         -       B->Y   F     NAND2_X2B_A9PP140ZTUL_C30          2  3.4    14    10     507    (-,-) 
  b2u_8to255_quad_4_sub_22_34_g14492/Y                                                         -       A->Y   R     INV_X1P4M_A9PP140ZTUL_C30          1  2.3    10     8     515    (-,-) 
  b2u_8to255_quad_4_sub_22_34_g14228/Y                                                         -       A0->Y  F     OAI2XB1_X2M_A9PP140ZTUL_C30        1  1.5    11     8     523    (-,-) 
  b2u_8to255_quad_4_iOut_reg[183]/D                                                            -       -      F     SDFFRPQH_X4M_A9PP140ZTUL_C30       1    -     -     0     523    (-,-) 
#------------------------------------------------------------------------------------------------------------------------------------------------------------------------------------------



Path 37: VIOLATED (-166 ps) Setup Check with Pin b2u_8to255_quad_4_iOut_reg[249]/CK->D
           View: func-typ-typ
          Group: clk
     Startpoint: (R) pp_fir_blocked_1_1/pp_fir_bottom_half_1_1/pp_fir_u_7_1_1/pp_fir_7_1_1/sum5_1_re_1_reg[22]/CK
          Clock: (R) clk
       Endpoint: (F) b2u_8to255_quad_4_iOut_reg[249]/D
          Clock: (R) clk

                     Capture       Launch     
        Clock Edge:+     250            0     
       Src Latency:+       0            0     
       Net Latency:+     200 (I)      200 (I) 
           Arrival:=     450          200     
                                              
             Setup:-      -7                  
       Uncertainty:-     100                  
     Required Time:=     357                  
      Launch Clock:-     200                  
         Data Path:-     323                  
             Slack:=    -166                  

#------------------------------------------------------------------------------------------------------------------------------------------------------------------------------------------
#                                        Timing Point                                          Flags    Arc   Edge             Cell               Fanout Load Trans Delay Arrival Instance 
#                                                                                                                                                        (fF)  (ps)  (ps)   (ps)  Location 
#------------------------------------------------------------------------------------------------------------------------------------------------------------------------------------------
  pp_fir_blocked_1_1/pp_fir_bottom_half_1_1/pp_fir_u_7_1_1/pp_fir_7_1_1/sum5_1_re_1_reg[22]/CK -       -      R     (arrival)                      21040    -    25     0     200    (-,-) 
  pp_fir_blocked_1_1/pp_fir_bottom_half_1_1/pp_fir_u_7_1_1/pp_fir_7_1_1/sum5_1_re_1_reg[22]/QN -       CK->QN F     SDFFXRPQN_X3M_A9PP140ZTUL_C30      1  2.9    13    25     225    (-,-) 
  pp_fir_blocked_1_1/pp_fir_bottom_half_1_1/pp_fir_u_7_1_1/pp_fir_7_1_1/g37937/Y               -       A->Y   R     INV_X3M_A9PP140ZTUL_C30            4  7.7    13    10     236    (-,-) 
  pp_fir_blocked_1_1/pp_fir_bottom_half_1_1/pp_fir_u_7_1_1/signed_mag_3/g3489/Y                -       A->Y   F     NOR2_X4TA_A9PP140ZTUL_C30          3  8.8    14    10     246    (-,-) 
  pp_fir_blocked_1_1/pp_fir_bottom_half_1_1/pp_fir_u_7_1_1/signed_mag_3/g3486/Y                -       A->Y   R     INV_X6M_A9PP140ZTUL_C30            2  5.5     8     6     252    (-,-) 
  pp_fir_blocked_1_1/pp_fir_bottom_half_1_1/pp_fir_u_7_1_1/signed_mag_3/g2/Y                   -       A->Y   F     NOR3_X2A_A9PP140ZTUL_C30           2  4.0    18    10     262    (-,-) 
  pp_fir_blocked_1_1/pp_fir_bottom_half_1_1/pp_fir_u_7_1_1/signed_mag_3/g3469/Y                -       A->Y   R     NOR2_X3TA_A9PP140ZTUL_C30          1  4.2    14    11     273    (-,-) 
  pp_fir_blocked_1_1/pp_fir_bottom_half_1_1/pp_fir_u_7_1_1/signed_mag_3/g3457/Y                -       A->Y   R     XNOR2_X4M_A9PP140ZTUL_C30          3  5.4    19    12     285    (-,-) 
  g21036/Y                                                                                     -       B0->Y  R     AO1B2_X3M_A9PP140ZTUL_C30          2  6.4    14    18     302    (-,-) 
  g20840/Y                                                                                     -       A->Y   F     NAND2_X4B_A9PP140ZTL_C30           2  6.6    15    11     313    (-,-) 
  g20735/Y                                                                                     -       A->Y   R     NOR2_X4A_A9PP140ZTUL_C30           1  3.6    12     9     322    (-,-) 
  g20597/Y                                                                                     -       A1->Y  F     AOI21_X4A_A9PP140ZTUL_C30          1  4.2    13    10     333    (-,-) 
  g20532/Y                                                                                     -       A->Y   F     XNOR2_X4M_A9PP140ZTUL_C30          3  8.5    24    14     347    (-,-) 
  g20519/Y                                                                                     -       A->Y   R     INV_X6M_A9PP140ZTUL_C30            2  4.8     9     7     354    (-,-) 
  g20419/Y                                                                                     -       A->Y   R     OR2_X4TM_A9PP140ZTUL_C30           4 14.0    17    18     372    (-,-) 
  g20243/Y                                                                                     -       A->Y   R     OR2_X8M_A9PP140ZTUL_C30           16 29.0    16    18     390    (-,-) 
  g19236/Y                                                                                     -       A->Y   F     NOR2_X2TA_A9PP140ZTUL_C30          3  5.6    17    12     402    (-,-) 
  b2u_8to255_quad_4_sub_22_34_g15766/Y                                                         -       B->Y   R     NOR2_X3A_A9PP140ZTUL_C30           2  4.4    14    12     414    (-,-) 
  b2u_8to255_quad_4_sub_22_34_g15610/Y                                                         -       C->Y   F     NAND3BB_X3M_A9PP140ZTUL_C30        2  4.7    13    10     424    (-,-) 
  b2u_8to255_quad_4_sub_22_34_g15491/Y                                                         -       A->Y   R     NOR2_X4A_A9PP140ZTUL_C30           2  5.0    13    10     434    (-,-) 
  b2u_8to255_quad_4_sub_22_34_g15453/Y                                                         -       A->Y   F     INV_X1P7M_A9PP140ZTUL_C30          2  5.0    12     9     442    (-,-) 
  b2u_8to255_quad_4_sub_22_34_g15335/Y                                                         -       A->Y   R     NOR2_X4A_A9PP140ZTUL_C30           2  5.5    13    10     452    (-,-) 
  b2u_8to255_quad_4_sub_22_34_g15295/Y                                                         -       A->Y   F     INV_X0P8M_A9PP140ZTUL_C30          1  2.2    11     8     461    (-,-) 
  b2u_8to255_quad_4_sub_22_34_g14882/Y                                                         -       BN->Y  F     NAND4BB_X3M_A9PP140ZTUL_C30        1  4.7    20    20     481    (-,-) 
  b2u_8to255_quad_4_sub_22_34_g14580/Y                                                         -       B->Y   R     NOR2_X6A_A9PP140ZTUL_C30           4  8.6    14    13     494    (-,-) 
  b2u_8to255_quad_4_sub_22_34_g14400/Y                                                         -       A->Y   F     NAND2_X2B_A9PP140ZTUL_C30          2  3.7    15    10     504    (-,-) 
  b2u_8to255_quad_4_sub_22_34_g14213/Y                                                         -       A->Y   R     NAND2_X2M_A9PP140ZTUL_C30          1  1.7    12     9     513    (-,-) 
  b2u_8to255_quad_4_sub_22_34_g14202/Y                                                         -       A->Y   F     NAND2_X1B_A9PP140ZTUL_C30          1  1.5    14    10     523    (-,-) 
  b2u_8to255_quad_4_iOut_reg[249]/D                                                            -       -      F     SDFFRPQH_X4M_A9PP140ZTUL_C30       1    -     -     0     523    (-,-) 
#------------------------------------------------------------------------------------------------------------------------------------------------------------------------------------------



Path 38: VIOLATED (-166 ps) Setup Check with Pin b2u_8to255_quad_3_iOut_reg[224]/CK->D
           View: func-typ-typ
          Group: clk
     Startpoint: (R) pp_fir_blocked_1_1/pp_fir_top_half_1_1/pp_fir_u_6_1_1/pp_fir_6_1_1/sum5_1_re_1_reg[25]/CK
          Clock: (R) clk
       Endpoint: (F) b2u_8to255_quad_3_iOut_reg[224]/D
          Clock: (R) clk

                     Capture       Launch     
        Clock Edge:+     250            0     
       Src Latency:+       0            0     
       Net Latency:+     200 (I)      200 (I) 
           Arrival:=     450          200     
                                              
             Setup:-      -7                  
       Uncertainty:-     100                  
     Required Time:=     357                  
      Launch Clock:-     200                  
         Data Path:-     323                  
             Slack:=    -166                  

#---------------------------------------------------------------------------------------------------------------------------------------------------------------------------------------
#                                       Timing Point                                        Flags    Arc   Edge             Cell               Fanout Load Trans Delay Arrival Instance 
#                                                                                                                                                     (fF)  (ps)  (ps)   (ps)  Location 
#---------------------------------------------------------------------------------------------------------------------------------------------------------------------------------------
  pp_fir_blocked_1_1/pp_fir_top_half_1_1/pp_fir_u_6_1_1/pp_fir_6_1_1/sum5_1_re_1_reg[25]/CK -       -      R     (arrival)                      21040    -    25     0     200    (-,-) 
  pp_fir_blocked_1_1/pp_fir_top_half_1_1/pp_fir_u_6_1_1/pp_fir_6_1_1/sum5_1_re_1_reg[25]/QN -       CK->QN F     SDFFXRPQN_X3M_A9PP140ZTUL_C30      1  3.1    13    25     225    (-,-) 
  pp_fir_blocked_1_1/pp_fir_top_half_1_1/pp_fir_u_6_1_1/pp_fir_6_1_1/g39476/Y               -       A->Y   R     INV_X4B_A9PP140ZTUL_C30            3  7.7    11     9     234    (-,-) 
  pp_fir_blocked_1_1/pp_fir_top_half_1_1/pp_fir_u_6_1_1/signed_mag_7/g3408/Y                -       B->Y   F     NOR2_X4M_A9PP140ZTUL_C30           2  4.8    13    10     244    (-,-) 
  pp_fir_blocked_1_1/pp_fir_top_half_1_1/pp_fir_u_6_1_1/signed_mag_7/g3406/Y                -       A->Y   R     INV_X1P4M_A9PP140ZTUL_C30          1  2.9    11     9     253    (-,-) 
  pp_fir_blocked_1_1/pp_fir_top_half_1_1/pp_fir_u_6_1_1/signed_mag_7/g3401/Y                -       B->Y   F     NOR2_X2TA_A9PP140ZTUL_C30          2  3.6    12     9     262    (-,-) 
  pp_fir_blocked_1_1/pp_fir_top_half_1_1/pp_fir_u_6_1_1/signed_mag_7/g3391/Y                -       A->Y   R     NOR2_X2TA_A9PP140ZTUL_C30          1  4.2    15    11     273    (-,-) 
  pp_fir_blocked_1_1/pp_fir_top_half_1_1/pp_fir_u_6_1_1/signed_mag_7/g3382/Y                -       A->Y   R     XNOR2_X4M_A9PP140ZTUL_C30          3  5.5    18    12     285    (-,-) 
  g21029/Y                                                                                  -       B0->Y  R     AO1B2_X4M_A9PP140ZTUL_C30          3  7.5    13    18     303    (-,-) 
  g20846/Y                                                                                  -       A->Y   F     NAND2_X4TA_A9PP140ZTUL_C30         2  5.8    12     8     311    (-,-) 
  g20738/Y                                                                                  -       A->Y   R     NOR2_X4A_A9PP140ZTUL_C30           1  4.9    13     9     321    (-,-) 
  g20596/Y                                                                                  -       A1->Y  F     AOI21_X6A_A9PP140ZTUL_C30          1  4.2    12    10     330    (-,-) 
  g20533/Y                                                                                  -       A->Y   F     XNOR2_X4M_A9PP140ZTUL_C30          3  8.5    24    14     344    (-,-) 
  fopt26140/Y                                                                               -       A->Y   R     INV_X6M_A9PP140ZTUL_C30            2  6.3    10     8     352    (-,-) 
  fopt26139/Y                                                                               -       A->Y   F     INV_X3P5M_A9PP140ZTUL_C30          2  5.7     8     6     359    (-,-) 
  g20417/Y                                                                                  -       A->Y   R     NAND2_X6TA_A9PP140ZTUL_C30         4 15.0    23    10     369    (-,-) 
  g20398/Y                                                                                  -       A->Y   F     INV_X5M_A9PP140ZTUL_C30            1  7.4    11     8     376    (-,-) 
  g20209/Y                                                                                  -       A->Y   R     NAND2_X11M_A9PP140ZTL_C30          8 15.2    13    10     387    (-,-) 
  g19132/Y                                                                                  -       A->Y   F     NOR2_X2A_A9PP140ZTUL_C30           2  3.6    14     9     396    (-,-) 
  b2u_8to255_quad_3_sub_22_34_g15756/Y                                                      -       B->Y   R     NOR2_X2A_A9PP140ZTUL_C30           2  3.8    16    13     409    (-,-) 
  b2u_8to255_quad_3_sub_22_34_g15595/Y                                                      -       A->Y   F     NAND2_X2B_A9PP140ZTUL_C30          2  3.2    14    10     419    (-,-) 
  b2u_8to255_quad_3_sub_22_34_g15383/Y                                                      -       A->Y   R     NOR3_X2A_A9PP140ZTUL_C30           1  2.2    18    12     431    (-,-) 
  b2u_8to255_quad_3_sub_22_34_g15185/Y                                                      -       AN->Y  R     NOR4BB_X4M_A9PP140ZTUL_C30         2  5.8    20    19     450    (-,-) 
  b2u_8to255_quad_3_sub_22_34_g15037/Y                                                      -       A->Y   F     NAND2_X6A_A9PP140ZTUL_C30          4 11.8    17    12     462    (-,-) 
  b2u_8to255_quad_3_sub_22_34_g14995/Y                                                      -       A->Y   R     INV_X6M_A9PP140ZTUL_C30            9 21.0    17    13     475    (-,-) 
  b2u_8to255_quad_3_sub_22_34_g14913/Y                                                      -       A->Y   F     NAND2_X3A_A9PP140ZTUL_C30          3  4.8    14    10     485    (-,-) 
  b2u_8to255_quad_3_sub_22_34_g14851/Y                                                      -       A->Y   R     INV_X1P2M_A9PP140ZTUL_C30          1  2.4    11    10     494    (-,-) 
  b2u_8to255_quad_3_sub_22_34_g14680/Y                                                      -       B->Y   F     NAND2_X2B_A9PP140ZTUL_C30          2  3.4    14    10     504    (-,-) 
  b2u_8to255_quad_3_sub_22_34_g14472/Y                                                      -       A->Y   R     NAND2_X2M_A9PP140ZTUL_C30          1  1.7    12     9     513    (-,-) 
  b2u_8to255_quad_3_sub_22_34_g14344/Y                                                      -       A->Y   F     NAND2_X1B_A9PP140ZTUL_C30          1  1.5    14    10     523    (-,-) 
  b2u_8to255_quad_3_iOut_reg[224]/D                                                         -       -      F     SDFFRPQH_X4M_A9PP140ZTUL_C30       1    -     -     0     523    (-,-) 
#---------------------------------------------------------------------------------------------------------------------------------------------------------------------------------------



Path 39: VIOLATED (-166 ps) Setup Check with Pin b2u_8to255_quad_1_qOut_reg[2]/CK->D
           View: func-typ-typ
          Group: clk
     Startpoint: (R) pp_fir_blocked_1_1/pp_fir_bottom_half_1_1/pp_fir_u_4_1_1/pp_fir_4_1_1/sum5_1_im_1_reg[22]/CK
          Clock: (R) clk
       Endpoint: (F) b2u_8to255_quad_1_qOut_reg[2]/D
          Clock: (R) clk

                     Capture       Launch     
        Clock Edge:+     250            0     
       Src Latency:+       0            0     
       Net Latency:+     200 (I)      200 (I) 
           Arrival:=     450          200     
                                              
             Setup:-      -7                  
       Uncertainty:-     100                  
     Required Time:=     357                  
      Launch Clock:-     200                  
         Data Path:-     323                  
             Slack:=    -166                  

#------------------------------------------------------------------------------------------------------------------------------------------------------------------------------------------
#                                        Timing Point                                          Flags    Arc   Edge             Cell               Fanout Load Trans Delay Arrival Instance 
#                                                                                                                                                        (fF)  (ps)  (ps)   (ps)  Location 
#------------------------------------------------------------------------------------------------------------------------------------------------------------------------------------------
  pp_fir_blocked_1_1/pp_fir_bottom_half_1_1/pp_fir_u_4_1_1/pp_fir_4_1_1/sum5_1_im_1_reg[22]/CK -       -      R     (arrival)                      21040    -    25     0     200    (-,-) 
  pp_fir_blocked_1_1/pp_fir_bottom_half_1_1/pp_fir_u_4_1_1/pp_fir_4_1_1/sum5_1_im_1_reg[22]/QN -       CK->QN F     SDFFXRPQN_X2M_A9PP140ZTUL_C30      1  3.1    13    25     225    (-,-) 
  pp_fir_blocked_1_1/pp_fir_bottom_half_1_1/pp_fir_u_4_1_1/pp_fir_4_1_1/g39287/Y               -       A->Y   R     INV_X4B_A9PP140ZTUL_C30            7 12.1    14    11     236    (-,-) 
  pp_fir_blocked_1_1/pp_fir_bottom_half_1_1/pp_fir_u_4_1_1/signed_mag_2/g3414/Y                -       A->Y   R     OR2_X3TM_A9PP140ZTUL_C30           2  8.1    13    16     252    (-,-) 
  pp_fir_blocked_1_1/pp_fir_bottom_half_1_1/pp_fir_u_4_1_1/signed_mag_2/g3412/Y                -       A->Y   F     INV_X5M_A9PP140ZTUL_C30            2  5.2     7     6     257    (-,-) 
  pp_fir_blocked_1_1/pp_fir_bottom_half_1_1/pp_fir_u_4_1_1/signed_mag_2/g3411/Y                -       A->Y   R     NAND2_X2A_A9PP140ZTUL_C30          1  3.4    13     8     266    (-,-) 
  pp_fir_blocked_1_1/pp_fir_bottom_half_1_1/pp_fir_u_4_1_1/signed_mag_2/g3397/Y                -       A->Y   F     NAND2_X4A_A9PP140ZTUL_C30          1  4.2    11     8     274    (-,-) 
  pp_fir_blocked_1_1/pp_fir_bottom_half_1_1/pp_fir_u_4_1_1/signed_mag_2/g3387/Y                -       A->Y   F     XNOR2_X4M_A9PP140ZTUL_C30          2  6.9    20    13     286    (-,-) 
  g20853/Y                                                                                     -       A->Y   R     NAND3_X6M_A9PP140ZTL_C30           3  7.3    19    13     300    (-,-) 
  g20780/Y                                                                                     -       A0N->Y F     OA1B2_X3M_A9PP140ZTUL_C30          1  3.5    11     8     308    (-,-) 
  g20715/Y                                                                                     -       B->Y   R     NOR2_X4A_A9PP140ZTUL_C30           2  6.9    15    12     320    (-,-) 
  g20627/Y                                                                                     -       A0->Y  F     OAI21_X4M_A9PP140ZTUL_C30          1  4.8    15    10     329    (-,-) 
  g20555/Y                                                                                     -       B0N->Y R     OA21B_X6M_A9PP140ZTUL_C30          2  8.1    14    11     340    (-,-) 
  g20490/Y                                                                                     -       A->Y   R     XNOR2_X4M_A9PP140ZTUL_C30          3  8.4    23    14     354    (-,-) 
  g20196/Y                                                                                     -       A->Y   R     OR2_X6TM_A9PP140ZTL_C30            4 15.2    14    17     371    (-,-) 
  g19545/Y                                                                                     -       A->Y   R     OR2_X8TM_A9PP140ZTUL_C30          16 30.3    17    18     389    (-,-) 
  g18604/Y                                                                                     -       A->Y   F     NOR2_X2TA_A9PP140ZTUL_C30          3  6.6    19    13     402    (-,-) 
  b2u_8to255_quad_1_sub_27_47_g15669/Y                                                         -       A->Y   R     NOR2_X4A_A9PP140ZTUL_C30           2  5.5    15    11     414    (-,-) 
  b2u_8to255_quad_1_sub_27_47_g15606/Y                                                         -       C->Y   F     NAND3BB_X4M_A9PP140ZTUL_C30        2  5.3    12     9     422    (-,-) 
  b2u_8to255_quad_1_sub_27_47_g15474/Y                                                         -       B->Y   R     NOR2_X4A_A9PP140ZTUL_C30           1  3.5    11     9     432    (-,-) 
  b2u_8to255_quad_1_sub_27_47_g15386/Y                                                         -       C->Y   F     NAND3BB_X4M_A9PP140ZTUL_C30        2  5.8    12     9     441    (-,-) 
  b2u_8to255_quad_1_sub_27_47_g15281/Y                                                         -       A->Y   R     NOR2_X6M_A9PP140ZTUL_C30           2  5.5    10     8     449    (-,-) 
  b2u_8to255_quad_1_sub_27_47_g15065/Y                                                         -       B->Y   F     NAND3_X6M_A9PP140ZTUL_C30          2  7.4    17    12     461    (-,-) 
  b2u_8to255_quad_1_sub_27_47_g14916/Y                                                         -       A->Y   R     NOR2_X8A_A9PP140ZTUL_C30           4 15.3    17    13     474    (-,-) 
  b2u_8to255_quad_1_sub_27_47_g14858/Y                                                         -       A->Y   R     BUF_X16M_A9PP140ZTUL_C30          31 56.8    16    19     493    (-,-) 
  b2u_8to255_quad_1_sub_27_47_g14698/Y                                                         -       A->Y   F     NAND2_X2B_A9PP140ZTUL_C30          2  4.1    16    11     504    (-,-) 
  b2u_8to255_quad_1_sub_27_47_g14403/Y                                                         -       A->Y   R     NAND2_X2M_A9PP140ZTUL_C30          1  1.7    13     9     513    (-,-) 
  b2u_8to255_quad_1_sub_27_47_g14292/Y                                                         -       A->Y   F     NAND2_X1B_A9PP140ZTUL_C30          1  1.5    14    10     523    (-,-) 
  b2u_8to255_quad_1_qOut_reg[2]/D                                                              -       -      F     SDFFRPQH_X4M_A9PP140ZTUL_C30       1    -     -     0     523    (-,-) 
#------------------------------------------------------------------------------------------------------------------------------------------------------------------------------------------



Path 40: VIOLATED (-166 ps) Setup Check with Pin b2u_8to255_quad_1_iOut_reg[159]/CK->D
           View: func-typ-typ
          Group: clk
     Startpoint: (R) pp_fir_blocked_1_1/pp_fir_bottom_half_1_1/pp_fir_u_4_1_1/pp_fir_4_1_1/sum5_1_re_1_reg[23]/CK
          Clock: (R) clk
       Endpoint: (F) b2u_8to255_quad_1_iOut_reg[159]/D
          Clock: (R) clk

                     Capture       Launch     
        Clock Edge:+     250            0     
       Src Latency:+       0            0     
       Net Latency:+     200 (I)      200 (I) 
           Arrival:=     450          200     
                                              
             Setup:-      -7                  
       Uncertainty:-     100                  
     Required Time:=     357                  
      Launch Clock:-     200                  
         Data Path:-     323                  
             Slack:=    -166                  

#------------------------------------------------------------------------------------------------------------------------------------------------------------------------------------------
#                                        Timing Point                                          Flags    Arc   Edge             Cell               Fanout Load Trans Delay Arrival Instance 
#                                                                                                                                                        (fF)  (ps)  (ps)   (ps)  Location 
#------------------------------------------------------------------------------------------------------------------------------------------------------------------------------------------
  pp_fir_blocked_1_1/pp_fir_bottom_half_1_1/pp_fir_u_4_1_1/pp_fir_4_1_1/sum5_1_re_1_reg[23]/CK -       -      R     (arrival)                      21040    -    25     0     200    (-,-) 
  pp_fir_blocked_1_1/pp_fir_bottom_half_1_1/pp_fir_u_4_1_1/pp_fir_4_1_1/sum5_1_re_1_reg[23]/QN -       CK->QN F     SDFFXRPQN_X2M_A9PP140ZTUL_C30      1  3.1    13    25     225    (-,-) 
  pp_fir_blocked_1_1/pp_fir_bottom_half_1_1/pp_fir_u_4_1_1/pp_fir_4_1_1/g39289/Y               -       A->Y   R     INV_X4B_A9PP140ZTUL_C30            3  7.1    10     8     233    (-,-) 
  pp_fir_blocked_1_1/pp_fir_bottom_half_1_1/pp_fir_u_4_1_1/signed_mag_2/g3416/Y                -       B->Y   R     OR2_X6TM_A9PP140ZTL_C30            4 12.3    11    17     250    (-,-) 
  pp_fir_blocked_1_1/pp_fir_bottom_half_1_1/pp_fir_u_4_1_1/signed_mag_2/g3413/Y                -       A->Y   F     INV_X3P5M_A9PP140ZTUL_C30          1  3.0     6     4     254    (-,-) 
  pp_fir_blocked_1_1/pp_fir_bottom_half_1_1/pp_fir_u_4_1_1/signed_mag_2/g3408/Y                -       A->Y   R     NAND2_X3A_A9PP140ZTUL_C30          2  6.8    15     9     264    (-,-) 
  pp_fir_blocked_1_1/pp_fir_bottom_half_1_1/pp_fir_u_4_1_1/signed_mag_2/g3398/Y                -       A->Y   F     NAND2_X4A_A9PP140ZTUL_C30          1  4.2    11     8     272    (-,-) 
  pp_fir_blocked_1_1/pp_fir_bottom_half_1_1/pp_fir_u_4_1_1/signed_mag_2/g3389/Y                -       A->Y   R     XNOR2_X4M_A9PP140ZTUL_C30          3  6.0    20    10     282    (-,-) 
  g21089/Y                                                                                     -       A->Y   F     NAND2_X3B_A9PP140ZTUL_C30          1  4.9    16    11     293    (-,-) 
  g21035/Y                                                                                     -       A0N->Y R     AO1B2_X6M_A9PP140ZTUL_C30          3  7.5    12    10     302    (-,-) 
  g20849/Y                                                                                     -       A->Y   F     NAND2_X4TA_A9PP140ZTUL_C30         2  6.6    12     8     311    (-,-) 
  g20734/Y                                                                                     -       A->Y   R     NOR2_X4A_A9PP140ZTUL_C30           1  3.6    11     8     319    (-,-) 
  g20595/Y                                                                                     -       A1->Y  F     AOI21_X4A_A9PP140ZTL_C30           1  4.2    14    11     330    (-,-) 
  g20531/Y                                                                                     -       A->Y   F     XNOR2_X4M_A9PP140ZTUL_C30          3  8.5    23    15     345    (-,-) 
  g20517/Y                                                                                     -       A->Y   R     INV_X6M_A9PP140ZTUL_C30            2  5.9    10     8     353    (-,-) 
  g20516/Y                                                                                     -       A->Y   F     INV_X3M_A9PP140ZTUL_C30            2  5.7     9     7     360    (-,-) 
  g20412/Y                                                                                     -       A->Y   R     NAND2_X6TA_A9PP140ZTUL_C30         4 15.0    23    10     370    (-,-) 
  g20277/Y                                                                                     -       A->Y   R     OR2_X8M_A9PP140ZTUL_C30           16 28.5    16    19     389    (-,-) 
  g19324/Y                                                                                     -       A->Y   F     NOR2_X2TA_A9PP140ZTUL_C30          2  4.4    14    10     399    (-,-) 
  b2u_8to255_quad_1_sub_22_34_g15762/Y                                                         -       A->Y   R     NOR2_X4A_A9PP140ZTUL_C30           3  5.7    14    11     410    (-,-) 
  b2u_8to255_quad_1_sub_22_34_g15590/Y                                                         -       C->Y   F     NAND3BB_X4M_A9PP140ZTUL_C30        1  7.5    15    10     420    (-,-) 
  b2u_8to255_quad_1_sub_22_34_g15495/Y                                                         -       B->Y   R     NOR2_X11A_A9PP140ZTL_C30           5 13.1    13    12     432    (-,-) 
  b2u_8to255_quad_1_sub_22_34_g15457/Y                                                         -       A->Y   F     INV_X7P5M_A9PP140ZTUL_C30          5 11.5     9     7     438    (-,-) 
  b2u_8to255_quad_1_sub_22_34_g15244/Y                                                         -       B->Y   R     NOR2_X6TA_A9PP140ZTUL_C30          3  7.3    11     9     447    (-,-) 
  b2u_8to255_quad_1_sub_22_34_fopt5/Y                                                          -       A->Y   R     BUFH_X2P5M_A9PP140ZTUL_C30         3  7.1    13    16     463    (-,-) 
  b2u_8to255_quad_1_sub_22_34_g16241/Y                                                         -       A->Y   F     NAND3_X1A_A9PP140ZTUL_C30          2  3.6    32    19     482    (-,-) 
  b2u_8to255_quad_1_sub_22_34_g15068/Y                                                         -       A->Y   R     NOR2_X2A_A9PP140ZTUL_C30           1  2.4    16    13     495    (-,-) 
  b2u_8to255_quad_1_sub_22_34_g14815/Y                                                         -       B->Y   F     NAND2_X2B_A9PP140ZTUL_C30          2  3.7    15    11     506    (-,-) 
  b2u_8to255_quad_1_sub_22_34_g14726/Y                                                         -       A->Y   R     INV_X1P4M_A9PP140ZTUL_C30          1  2.3    10     9     515    (-,-) 
  b2u_8to255_quad_1_sub_22_34_g14288/Y                                                         -       A0->Y  F     OAI2XB1_X2M_A9PP140ZTUL_C30        1  1.5    12     8     523    (-,-) 
  b2u_8to255_quad_1_iOut_reg[159]/D                                                            -       -      F     SDFFRPQH_X4M_A9PP140ZTUL_C30       1    -     -     0     523    (-,-) 
#------------------------------------------------------------------------------------------------------------------------------------------------------------------------------------------



Path 41: VIOLATED (-166 ps) Setup Check with Pin b2u_8to255_quad_1_iOut_reg[155]/CK->D
           View: func-typ-typ
          Group: clk
     Startpoint: (R) pp_fir_blocked_1_1/pp_fir_bottom_half_1_1/pp_fir_u_4_1_1/pp_fir_4_1_1/sum5_1_re_1_reg[23]/CK
          Clock: (R) clk
       Endpoint: (F) b2u_8to255_quad_1_iOut_reg[155]/D
          Clock: (R) clk

                     Capture       Launch     
        Clock Edge:+     250            0     
       Src Latency:+       0            0     
       Net Latency:+     200 (I)      200 (I) 
           Arrival:=     450          200     
                                              
             Setup:-      -7                  
       Uncertainty:-     100                  
     Required Time:=     357                  
      Launch Clock:-     200                  
         Data Path:-     323                  
             Slack:=    -166                  

#------------------------------------------------------------------------------------------------------------------------------------------------------------------------------------------
#                                        Timing Point                                          Flags    Arc   Edge             Cell               Fanout Load Trans Delay Arrival Instance 
#                                                                                                                                                        (fF)  (ps)  (ps)   (ps)  Location 
#------------------------------------------------------------------------------------------------------------------------------------------------------------------------------------------
  pp_fir_blocked_1_1/pp_fir_bottom_half_1_1/pp_fir_u_4_1_1/pp_fir_4_1_1/sum5_1_re_1_reg[23]/CK -       -      R     (arrival)                      21040    -    25     0     200    (-,-) 
  pp_fir_blocked_1_1/pp_fir_bottom_half_1_1/pp_fir_u_4_1_1/pp_fir_4_1_1/sum5_1_re_1_reg[23]/QN -       CK->QN F     SDFFXRPQN_X2M_A9PP140ZTUL_C30      1  3.1    13    25     225    (-,-) 
  pp_fir_blocked_1_1/pp_fir_bottom_half_1_1/pp_fir_u_4_1_1/pp_fir_4_1_1/g39289/Y               -       A->Y   R     INV_X4B_A9PP140ZTUL_C30            3  7.1    10     8     233    (-,-) 
  pp_fir_blocked_1_1/pp_fir_bottom_half_1_1/pp_fir_u_4_1_1/signed_mag_2/g3416/Y                -       B->Y   R     OR2_X6TM_A9PP140ZTL_C30            4 12.3    11    17     250    (-,-) 
  pp_fir_blocked_1_1/pp_fir_bottom_half_1_1/pp_fir_u_4_1_1/signed_mag_2/g3413/Y                -       A->Y   F     INV_X3P5M_A9PP140ZTUL_C30          1  3.0     6     4     254    (-,-) 
  pp_fir_blocked_1_1/pp_fir_bottom_half_1_1/pp_fir_u_4_1_1/signed_mag_2/g3408/Y                -       A->Y   R     NAND2_X3A_A9PP140ZTUL_C30          2  6.8    15     9     264    (-,-) 
  pp_fir_blocked_1_1/pp_fir_bottom_half_1_1/pp_fir_u_4_1_1/signed_mag_2/g3398/Y                -       A->Y   F     NAND2_X4A_A9PP140ZTUL_C30          1  4.2    11     8     272    (-,-) 
  pp_fir_blocked_1_1/pp_fir_bottom_half_1_1/pp_fir_u_4_1_1/signed_mag_2/g3389/Y                -       A->Y   R     XNOR2_X4M_A9PP140ZTUL_C30          3  6.0    20    10     282    (-,-) 
  g21089/Y                                                                                     -       A->Y   F     NAND2_X3B_A9PP140ZTUL_C30          1  4.9    16    11     293    (-,-) 
  g21035/Y                                                                                     -       A0N->Y R     AO1B2_X6M_A9PP140ZTUL_C30          3  7.5    12    10     302    (-,-) 
  g20849/Y                                                                                     -       A->Y   F     NAND2_X4TA_A9PP140ZTUL_C30         2  6.6    12     8     311    (-,-) 
  g20734/Y                                                                                     -       A->Y   R     NOR2_X4A_A9PP140ZTUL_C30           1  3.6    11     8     319    (-,-) 
  g20595/Y                                                                                     -       A1->Y  F     AOI21_X4A_A9PP140ZTL_C30           1  4.2    14    11     330    (-,-) 
  g20531/Y                                                                                     -       A->Y   F     XNOR2_X4M_A9PP140ZTUL_C30          3  8.5    23    15     345    (-,-) 
  g20517/Y                                                                                     -       A->Y   R     INV_X6M_A9PP140ZTUL_C30            2  5.9    10     8     353    (-,-) 
  g20516/Y                                                                                     -       A->Y   F     INV_X3M_A9PP140ZTUL_C30            2  5.7     9     7     360    (-,-) 
  g20412/Y                                                                                     -       A->Y   R     NAND2_X6TA_A9PP140ZTUL_C30         4 15.0    23    10     370    (-,-) 
  g20277/Y                                                                                     -       A->Y   R     OR2_X8M_A9PP140ZTUL_C30           16 28.5    16    19     389    (-,-) 
  g19324/Y                                                                                     -       A->Y   F     NOR2_X2TA_A9PP140ZTUL_C30          2  4.4    14    10     399    (-,-) 
  b2u_8to255_quad_1_sub_22_34_g15762/Y                                                         -       A->Y   R     NOR2_X4A_A9PP140ZTUL_C30           3  5.7    14    11     410    (-,-) 
  b2u_8to255_quad_1_sub_22_34_g15590/Y                                                         -       C->Y   F     NAND3BB_X4M_A9PP140ZTUL_C30        1  7.5    15    10     420    (-,-) 
  b2u_8to255_quad_1_sub_22_34_g15495/Y                                                         -       B->Y   R     NOR2_X11A_A9PP140ZTL_C30           5 13.1    13    12     432    (-,-) 
  b2u_8to255_quad_1_sub_22_34_g15457/Y                                                         -       A->Y   F     INV_X7P5M_A9PP140ZTUL_C30          5 11.5     9     7     438    (-,-) 
  b2u_8to255_quad_1_sub_22_34_g15244/Y                                                         -       B->Y   R     NOR2_X6TA_A9PP140ZTUL_C30          3  7.3    11     9     447    (-,-) 
  b2u_8to255_quad_1_sub_22_34_fopt5/Y                                                          -       A->Y   R     BUFH_X2P5M_A9PP140ZTUL_C30         3  7.1    13    16     463    (-,-) 
  b2u_8to255_quad_1_sub_22_34_g16240/Y                                                         -       A->Y   F     NAND3_X1A_A9PP140ZTUL_C30          2  3.6    32    19     482    (-,-) 
  b2u_8to255_quad_1_sub_22_34_g15001/Y                                                         -       A->Y   R     NOR2_X2A_A9PP140ZTUL_C30           1  2.4    16    13     495    (-,-) 
  b2u_8to255_quad_1_sub_22_34_g14705/Y                                                         -       B->Y   F     NAND2_X2B_A9PP140ZTUL_C30          2  3.7    15    11     506    (-,-) 
  b2u_8to255_quad_1_sub_22_34_g14601/Y                                                         -       A->Y   R     INV_X1P4M_A9PP140ZTUL_C30          1  2.3    10     9     515    (-,-) 
  b2u_8to255_quad_1_sub_22_34_g14291/Y                                                         -       A0->Y  F     OAI2XB1_X2M_A9PP140ZTUL_C30        1  1.5    12     8     523    (-,-) 
  b2u_8to255_quad_1_iOut_reg[155]/D                                                            -       -      F     SDFFRPQH_X4M_A9PP140ZTUL_C30       1    -     -     0     523    (-,-) 
#------------------------------------------------------------------------------------------------------------------------------------------------------------------------------------------



Path 42: VIOLATED (-166 ps) Setup Check with Pin b2u_8to255_quad_4_qOut_reg[62]/CK->D
           View: func-typ-typ
          Group: clk
     Startpoint: (R) pp_fir_blocked_1_1/pp_fir_bottom_half_1_1/pp_fir_u_3_1_1/pp_fir_3_1_1/sum5_1_im_1_reg[23]/CK
          Clock: (R) clk
       Endpoint: (R) b2u_8to255_quad_4_qOut_reg[62]/D
          Clock: (R) clk

                     Capture       Launch     
        Clock Edge:+     250            0     
       Src Latency:+       0            0     
       Net Latency:+     200 (I)      200 (I) 
           Arrival:=     450          200     
                                              
             Setup:-      -0                  
       Uncertainty:-     100                  
     Required Time:=     350                  
      Launch Clock:-     200                  
         Data Path:-     316                  
             Slack:=    -166                  

#------------------------------------------------------------------------------------------------------------------------------------------------------------------------------------------
#                                        Timing Point                                          Flags    Arc   Edge             Cell               Fanout Load Trans Delay Arrival Instance 
#                                                                                                                                                        (fF)  (ps)  (ps)   (ps)  Location 
#------------------------------------------------------------------------------------------------------------------------------------------------------------------------------------------
  pp_fir_blocked_1_1/pp_fir_bottom_half_1_1/pp_fir_u_3_1_1/pp_fir_3_1_1/sum5_1_im_1_reg[23]/CK -       -      R     (arrival)                      21040    -    25     0     200    (-,-) 
  pp_fir_blocked_1_1/pp_fir_bottom_half_1_1/pp_fir_u_3_1_1/pp_fir_3_1_1/sum5_1_im_1_reg[23]/QN -       CK->QN F     SDFFXRPQN_X2M_A9PP140ZTUL_C30      1  3.1    13    25     225    (-,-) 
  pp_fir_blocked_1_1/pp_fir_bottom_half_1_1/pp_fir_u_3_1_1/pp_fir_3_1_1/g38946/Y               -       A->Y   R     INV_X4B_A9PP140ZTUL_C30            4  9.0    12     9     234    (-,-) 
  pp_fir_blocked_1_1/pp_fir_bottom_half_1_1/pp_fir_u_3_1_1/signed_mag_1/g3438/Y                -       B->Y   F     NOR2_X3A_A9PP140ZTUL_C30           2  5.0    13    10     244    (-,-) 
  pp_fir_blocked_1_1/pp_fir_bottom_half_1_1/pp_fir_u_3_1_1/signed_mag_1/g3435/Y                -       A->Y   R     INV_X3P5M_A9PP140ZTUL_C30          2  6.1    10     8     252    (-,-) 
  pp_fir_blocked_1_1/pp_fir_bottom_half_1_1/pp_fir_u_3_1_1/signed_mag_1/g3423/Y                -       A->Y   F     NOR2_X3TA_A9PP140ZTUL_C30          2  3.9    10     7     259    (-,-) 
  pp_fir_blocked_1_1/pp_fir_bottom_half_1_1/pp_fir_u_3_1_1/signed_mag_1/g3413/Y                -       A->Y   R     NOR2_X3A_A9PP140ZTUL_C30           1  4.2    13    10     269    (-,-) 
  pp_fir_blocked_1_1/pp_fir_bottom_half_1_1/pp_fir_u_3_1_1/signed_mag_1/g3404/Y                -       A->Y   F     XNOR2_X4M_A9PP140ZTUL_C30          2  8.1    22    12     281    (-,-) 
  g21015/Y                                                                                     -       A0->Y  R     AOI22_X6A_A9PP140ZTL_C30           2  6.7    20    16     297    (-,-) 
  g20632/Y                                                                                     -       A1->Y  F     OAI21_X6M_A9PP140ZTUL_C30          3  8.4    16    12     310    (-,-) 
  g20626/Y                                                                                     -       A->Y   R     INV_X2P5M_A9PP140ZTUL_C30          2  9.0    17    13     323    (-,-) 
  g20599/Y                                                                                     -       A->Y   F     XNOR2_X4M_A9PP140ZTUL_C30          3 12.9    29    16     339    (-,-) 
  g20585/Y                                                                                     -       A->Y   R     INV_X6M_A9PP140ZTUL_C30            2  8.5    13    10     349    (-,-) 
  g20567/Y                                                                                     -       A->Y   F     NAND2_X6M_A9PP140ZTUL_C30          4 15.4    18    12     360    (-,-) 
  g20280/Y                                                                                     -       B->Y   F     OR2_X8M_A9PP140ZTUL_C30           16 35.6    18    22     382    (-,-) 
  g19777/Y                                                                                     -       B->Y   R     NOR2_X2A_A9PP140ZTUL_C30           2  3.5    16    14     396    (-,-) 
  b2u_8to255_quad_4_sub_27_47_g15684/Y                                                         -       B->Y   F     NOR2_X2A_A9PP140ZTUL_C30           3  4.5    16    12     407    (-,-) 
  b2u_8to255_quad_4_sub_27_47_g2/Y                                                             -       C->Y   R     NAND3BB_X2M_A9PP140ZTUL_C30        1  3.3    16    12     420    (-,-) 
  b2u_8to255_quad_4_sub_27_47_g15484/Y                                                         -       A->Y   F     NOR2_X4TA_A9PP140ZTUL_C30          2  4.6    11     8     427    (-,-) 
  b2u_8to255_quad_4_sub_27_47_g15385/Y                                                         -       C->Y   R     NAND3BB_X4M_A9PP140ZTUL_C30        2  5.3    13    10     437    (-,-) 
  b2u_8to255_quad_4_sub_27_47_g16178/Y                                                         -       C->Y   F     NOR3BB_X6M_A9PP140ZTUL_C30         2  5.5    14    11     448    (-,-) 
  b2u_8to255_quad_4_sub_27_47_g15065/Y                                                         -       A->Y   R     NAND3_X6M_A9PP140ZTUL_C30          2  7.6    18    12     459    (-,-) 
  b2u_8to255_quad_4_sub_27_47_g14916/Y                                                         -       A->Y   F     NOR2_X8A_A9PP140ZTUL_C30           4 15.9    14    10     470    (-,-) 
  b2u_8to255_quad_4_sub_27_47_fopt10/Y                                                         -       A->Y   R     INV_X6M_A9PP140ZTUL_C30            8 23.0    17    13     483    (-,-) 
  b2u_8to255_quad_4_sub_27_47_fopt4/Y                                                          -       A->Y   F     INV_X3P5M_A9PP140ZTUL_C30          3  5.9    10     7     490    (-,-) 
  b2u_8to255_quad_4_sub_27_47_g16121/Y                                                         -       C->Y   R     NAND3BB_X2M_A9PP140ZTUL_C30        2  3.9    16    12     502    (-,-) 
  b2u_8to255_quad_4_sub_27_47_g14519/Y                                                         -       A->Y   F     NAND2_X2M_A9PP140ZTUL_C30          1  1.7    10     6     508    (-,-) 
  b2u_8to255_quad_4_sub_27_47_g14380/Y                                                         -       A->Y   R     NAND2_X1B_A9PP140ZTUL_C30          1  1.5    11     8     516    (-,-) 
  b2u_8to255_quad_4_qOut_reg[62]/D                                                             -       -      R     SDFFRPQH_X4M_A9PP140ZTUL_C30       1    -     -     0     516    (-,-) 
#------------------------------------------------------------------------------------------------------------------------------------------------------------------------------------------



Path 43: VIOLATED (-166 ps) Setup Check with Pin b2u_8to255_quad_4_iOut_reg[248]/CK->D
           View: func-typ-typ
          Group: clk
     Startpoint: (R) pp_fir_blocked_1_1/pp_fir_bottom_half_1_1/pp_fir_u_7_1_1/pp_fir_7_1_1/sum5_1_re_1_reg[22]/CK
          Clock: (R) clk
       Endpoint: (F) b2u_8to255_quad_4_iOut_reg[248]/D
          Clock: (R) clk

                     Capture       Launch     
        Clock Edge:+     250            0     
       Src Latency:+       0            0     
       Net Latency:+     200 (I)      200 (I) 
           Arrival:=     450          200     
                                              
             Setup:-      -7                  
       Uncertainty:-     100                  
     Required Time:=     357                  
      Launch Clock:-     200                  
         Data Path:-     323                  
             Slack:=    -166                  

#------------------------------------------------------------------------------------------------------------------------------------------------------------------------------------------
#                                        Timing Point                                          Flags    Arc   Edge             Cell               Fanout Load Trans Delay Arrival Instance 
#                                                                                                                                                        (fF)  (ps)  (ps)   (ps)  Location 
#------------------------------------------------------------------------------------------------------------------------------------------------------------------------------------------
  pp_fir_blocked_1_1/pp_fir_bottom_half_1_1/pp_fir_u_7_1_1/pp_fir_7_1_1/sum5_1_re_1_reg[22]/CK -       -      R     (arrival)                      21040    -    25     0     200    (-,-) 
  pp_fir_blocked_1_1/pp_fir_bottom_half_1_1/pp_fir_u_7_1_1/pp_fir_7_1_1/sum5_1_re_1_reg[22]/QN -       CK->QN F     SDFFXRPQN_X3M_A9PP140ZTUL_C30      1  2.9    13    25     225    (-,-) 
  pp_fir_blocked_1_1/pp_fir_bottom_half_1_1/pp_fir_u_7_1_1/pp_fir_7_1_1/g37937/Y               -       A->Y   R     INV_X3M_A9PP140ZTUL_C30            4  7.7    13    10     236    (-,-) 
  pp_fir_blocked_1_1/pp_fir_bottom_half_1_1/pp_fir_u_7_1_1/signed_mag_3/g3489/Y                -       A->Y   F     NOR2_X4TA_A9PP140ZTUL_C30          3  8.8    14    10     246    (-,-) 
  pp_fir_blocked_1_1/pp_fir_bottom_half_1_1/pp_fir_u_7_1_1/signed_mag_3/g3486/Y                -       A->Y   R     INV_X6M_A9PP140ZTUL_C30            2  5.5     8     6     252    (-,-) 
  pp_fir_blocked_1_1/pp_fir_bottom_half_1_1/pp_fir_u_7_1_1/signed_mag_3/g2/Y                   -       A->Y   F     NOR3_X2A_A9PP140ZTUL_C30           2  4.0    18    10     262    (-,-) 
  pp_fir_blocked_1_1/pp_fir_bottom_half_1_1/pp_fir_u_7_1_1/signed_mag_3/g3469/Y                -       A->Y   R     NOR2_X3TA_A9PP140ZTUL_C30          1  4.2    14    11     273    (-,-) 
  pp_fir_blocked_1_1/pp_fir_bottom_half_1_1/pp_fir_u_7_1_1/signed_mag_3/g3457/Y                -       A->Y   R     XNOR2_X4M_A9PP140ZTUL_C30          3  5.4    19    12     285    (-,-) 
  g21036/Y                                                                                     -       B0->Y  R     AO1B2_X3M_A9PP140ZTUL_C30          2  6.4    14    18     302    (-,-) 
  g20840/Y                                                                                     -       A->Y   F     NAND2_X4B_A9PP140ZTL_C30           2  6.6    15    11     313    (-,-) 
  g20735/Y                                                                                     -       A->Y   R     NOR2_X4A_A9PP140ZTUL_C30           1  3.6    12     9     322    (-,-) 
  g20597/Y                                                                                     -       A1->Y  F     AOI21_X4A_A9PP140ZTUL_C30          1  4.2    13    10     333    (-,-) 
  g20532/Y                                                                                     -       A->Y   F     XNOR2_X4M_A9PP140ZTUL_C30          3  8.5    24    14     347    (-,-) 
  g20519/Y                                                                                     -       A->Y   R     INV_X6M_A9PP140ZTUL_C30            2  4.8     9     7     354    (-,-) 
  g20419/Y                                                                                     -       A->Y   R     OR2_X4TM_A9PP140ZTUL_C30           4 14.0    17    18     372    (-,-) 
  g20400/Y                                                                                     -       A->Y   F     INV_X2P5M_A9PP140ZTUL_C30          1  7.4    13     9     382    (-,-) 
  g20249/Y                                                                                     -       A->Y   R     NAND2_X11M_A9PP140ZTL_C30          8 15.8    15    11     393    (-,-) 
  g19182/Y                                                                                     -       A->Y   F     NOR2_X2A_A9PP140ZTUL_C30           2  3.4    14     9     402    (-,-) 
  b2u_8to255_quad_4_sub_22_34_g15756/Y                                                         -       A->Y   R     NOR2_X2TA_A9PP140ZTL_C30           2  3.6    15    12     413    (-,-) 
  b2u_8to255_quad_4_sub_22_34_g15595/Y                                                         -       A->Y   F     NAND2_X2B_A9PP140ZTUL_C30          2  4.2    16    11     424    (-,-) 
  b2u_8to255_quad_4_sub_22_34_g15383/Y                                                         -       A->Y   R     NOR3_X4A_A9PP140ZTUL_C30           1  2.2    13    10     434    (-,-) 
  b2u_8to255_quad_4_sub_22_34_g15185/Y                                                         -       AN->Y  R     NOR4BB_X4M_A9PP140ZTUL_C30         2  6.6    21    20     454    (-,-) 
  b2u_8to255_quad_4_sub_22_34_g15037/Y                                                         -       A->Y   F     NAND2_X8M_A9PP140ZTUL_C30          4 11.8    15    10     463    (-,-) 
  b2u_8to255_quad_4_sub_22_34_g14997/Y                                                         -       A->Y   F     BUFH_X2P5M_A9PP140ZTUL_C30         5  8.3    13    17     480    (-,-) 
  b2u_8to255_quad_4_sub_22_34_g14941/Y                                                         -       B->Y   R     NOR3_X2A_A9PP140ZTUL_C30           1  2.4    18    15     495    (-,-) 
  b2u_8to255_quad_4_sub_22_34_g14791/Y                                                         -       B->Y   F     NAND2_X2B_A9PP140ZTUL_C30          2  3.8    15    11     506    (-,-) 
  b2u_8to255_quad_4_sub_22_34_g14723/Y                                                         -       A->Y   R     INV_X1P4M_A9PP140ZTUL_C30          1  2.3    10     9     515    (-,-) 
  b2u_8to255_quad_4_sub_22_34_g14217/Y                                                         -       A0->Y  F     OAI2XB1_X2M_A9PP140ZTUL_C30        1  1.5    12     8     523    (-,-) 
  b2u_8to255_quad_4_iOut_reg[248]/D                                                            -       -      F     SDFFRPQH_X4M_A9PP140ZTUL_C30       1    -     -     0     523    (-,-) 
#------------------------------------------------------------------------------------------------------------------------------------------------------------------------------------------



Path 44: VIOLATED (-166 ps) Setup Check with Pin b2u_8to255_quad_4_iOut_reg[178]/CK->D
           View: func-typ-typ
          Group: clk
     Startpoint: (R) pp_fir_blocked_1_1/pp_fir_bottom_half_1_1/pp_fir_u_7_1_1/pp_fir_7_1_1/sum5_1_re_1_reg[22]/CK
          Clock: (R) clk
       Endpoint: (R) b2u_8to255_quad_4_iOut_reg[178]/D
          Clock: (R) clk

                     Capture       Launch     
        Clock Edge:+     250            0     
       Src Latency:+       0            0     
       Net Latency:+     200 (I)      200 (I) 
           Arrival:=     450          200     
                                              
             Setup:-      -1                  
       Uncertainty:-     100                  
     Required Time:=     351                  
      Launch Clock:-     200                  
         Data Path:-     317                  
             Slack:=    -166                  

#------------------------------------------------------------------------------------------------------------------------------------------------------------------------------------------
#                                        Timing Point                                          Flags    Arc   Edge             Cell               Fanout Load Trans Delay Arrival Instance 
#                                                                                                                                                        (fF)  (ps)  (ps)   (ps)  Location 
#------------------------------------------------------------------------------------------------------------------------------------------------------------------------------------------
  pp_fir_blocked_1_1/pp_fir_bottom_half_1_1/pp_fir_u_7_1_1/pp_fir_7_1_1/sum5_1_re_1_reg[22]/CK -       -      R     (arrival)                      21040    -    25     0     200    (-,-) 
  pp_fir_blocked_1_1/pp_fir_bottom_half_1_1/pp_fir_u_7_1_1/pp_fir_7_1_1/sum5_1_re_1_reg[22]/QN -       CK->QN F     SDFFXRPQN_X3M_A9PP140ZTUL_C30      1  2.9    13    25     225    (-,-) 
  pp_fir_blocked_1_1/pp_fir_bottom_half_1_1/pp_fir_u_7_1_1/pp_fir_7_1_1/g37937/Y               -       A->Y   R     INV_X3M_A9PP140ZTUL_C30            4  7.7    13    10     236    (-,-) 
  pp_fir_blocked_1_1/pp_fir_bottom_half_1_1/pp_fir_u_7_1_1/signed_mag_3/g3489/Y                -       A->Y   F     NOR2_X4TA_A9PP140ZTUL_C30          3  8.8    14    10     246    (-,-) 
  pp_fir_blocked_1_1/pp_fir_bottom_half_1_1/pp_fir_u_7_1_1/signed_mag_3/g3486/Y                -       A->Y   R     INV_X6M_A9PP140ZTUL_C30            2  5.5     8     6     252    (-,-) 
  pp_fir_blocked_1_1/pp_fir_bottom_half_1_1/pp_fir_u_7_1_1/signed_mag_3/g2/Y                   -       A->Y   F     NOR3_X2A_A9PP140ZTUL_C30           2  4.0    18    10     262    (-,-) 
  pp_fir_blocked_1_1/pp_fir_bottom_half_1_1/pp_fir_u_7_1_1/signed_mag_3/g3469/Y                -       A->Y   R     NOR2_X3TA_A9PP140ZTUL_C30          1  4.2    14    11     273    (-,-) 
  pp_fir_blocked_1_1/pp_fir_bottom_half_1_1/pp_fir_u_7_1_1/signed_mag_3/g3457/Y                -       A->Y   R     XNOR2_X4M_A9PP140ZTUL_C30          3  5.4    19    12     285    (-,-) 
  g21036/Y                                                                                     -       B0->Y  R     AO1B2_X3M_A9PP140ZTUL_C30          2  6.4    14    18     302    (-,-) 
  g20840/Y                                                                                     -       A->Y   F     NAND2_X4B_A9PP140ZTL_C30           2  6.6    15    11     313    (-,-) 
  g20735/Y                                                                                     -       A->Y   R     NOR2_X4A_A9PP140ZTUL_C30           1  3.6    12     9     322    (-,-) 
  g20597/Y                                                                                     -       A1->Y  F     AOI21_X4A_A9PP140ZTUL_C30          1  4.2    13    10     333    (-,-) 
  g20532/Y                                                                                     -       A->Y   F     XNOR2_X4M_A9PP140ZTUL_C30          3  8.5    24    14     347    (-,-) 
  g20519/Y                                                                                     -       A->Y   R     INV_X6M_A9PP140ZTUL_C30            2  4.8     9     7     354    (-,-) 
  g20419/Y                                                                                     -       A->Y   R     OR2_X4TM_A9PP140ZTUL_C30           4 14.0    17    18     372    (-,-) 
  g20243/Y                                                                                     -       A->Y   R     OR2_X8M_A9PP140ZTUL_C30           16 29.0    16    18     390    (-,-) 
  g19236/Y                                                                                     -       A->Y   F     NOR2_X2TA_A9PP140ZTUL_C30          3  5.6    17    12     402    (-,-) 
  b2u_8to255_quad_4_sub_22_34_g15766/Y                                                         -       B->Y   R     NOR2_X3A_A9PP140ZTUL_C30           2  4.4    14    12     414    (-,-) 
  b2u_8to255_quad_4_sub_22_34_g15610/Y                                                         -       C->Y   F     NAND3BB_X3M_A9PP140ZTUL_C30        2  4.7    13    10     424    (-,-) 
  b2u_8to255_quad_4_sub_22_34_g15491/Y                                                         -       A->Y   R     NOR2_X4A_A9PP140ZTUL_C30           2  5.0    13    10     434    (-,-) 
  b2u_8to255_quad_4_sub_22_34_g15453/Y                                                         -       A->Y   F     INV_X1P7M_A9PP140ZTUL_C30          2  5.0    12     9     442    (-,-) 
  b2u_8to255_quad_4_sub_22_34_g15335/Y                                                         -       A->Y   R     NOR2_X4A_A9PP140ZTUL_C30           2  5.5    13    10     452    (-,-) 
  b2u_8to255_quad_4_sub_22_34_g15140/Y                                                         -       B->Y   R     AND2_X8M_A9PP140ZTUL_C30          12 28.8    16    18     471    (-,-) 
  b2u_8to255_quad_4_sub_22_34_g15103/Y                                                         -       A->Y   F     INV_X5M_A9PP140ZTUL_C30            1  3.7     7     5     476    (-,-) 
  b2u_8to255_quad_4_sub_22_34_g14973/Y                                                         -       A->Y   R     NOR3_X6M_A9PP140ZTL_C30            2  4.1    14     9     484    (-,-) 
  b2u_8to255_quad_4_sub_22_34_g14629/Y                                                         -       A->Y   F     NAND2XB_X2M_A9PP140ZTUL_C30        1  3.1    13     9     493    (-,-) 
  b2u_8to255_quad_4_sub_22_34_g14571/Y                                                         -       B->Y   R     NOR2_X2TA_A9PP140ZTUL_C30          2  4.6    18    12     505    (-,-) 
  b2u_8to255_quad_4_sub_22_34_g14489/Y                                                         -       A->Y   F     INV_X2P5M_A9PP140ZTUL_C30          1  2.4     8     5     510    (-,-) 
  b2u_8to255_quad_4_sub_22_34_g14249/Y                                                         -       B->Y   R     NAND2_X2B_A9PP140ZTUL_C30          1  1.5     7     6     517    (-,-) 
  b2u_8to255_quad_4_iOut_reg[178]/D                                                            -       -      R     SDFFRPQH_X4M_A9PP140ZTUL_C30       1    -     -     0     517    (-,-) 
#------------------------------------------------------------------------------------------------------------------------------------------------------------------------------------------



Path 45: VIOLATED (-166 ps) Setup Check with Pin b2u_8to255_quad_3_iOut_reg[178]/CK->D
           View: func-typ-typ
          Group: clk
     Startpoint: (R) pp_fir_blocked_1_1/pp_fir_top_half_1_1/pp_fir_u_6_1_1/pp_fir_6_1_1/sum5_1_re_1_reg[25]/CK
          Clock: (R) clk
       Endpoint: (R) b2u_8to255_quad_3_iOut_reg[178]/D
          Clock: (R) clk

                     Capture       Launch     
        Clock Edge:+     250            0     
       Src Latency:+       0            0     
       Net Latency:+     200 (I)      200 (I) 
           Arrival:=     450          200     
                                              
             Setup:-      -1                  
       Uncertainty:-     100                  
     Required Time:=     351                  
      Launch Clock:-     200                  
         Data Path:-     317                  
             Slack:=    -166                  

#---------------------------------------------------------------------------------------------------------------------------------------------------------------------------------------
#                                       Timing Point                                        Flags    Arc   Edge             Cell               Fanout Load Trans Delay Arrival Instance 
#                                                                                                                                                     (fF)  (ps)  (ps)   (ps)  Location 
#---------------------------------------------------------------------------------------------------------------------------------------------------------------------------------------
  pp_fir_blocked_1_1/pp_fir_top_half_1_1/pp_fir_u_6_1_1/pp_fir_6_1_1/sum5_1_re_1_reg[25]/CK -       -      R     (arrival)                      21040    -    25     0     200    (-,-) 
  pp_fir_blocked_1_1/pp_fir_top_half_1_1/pp_fir_u_6_1_1/pp_fir_6_1_1/sum5_1_re_1_reg[25]/QN -       CK->QN F     SDFFXRPQN_X3M_A9PP140ZTUL_C30      1  3.1    13    25     225    (-,-) 
  pp_fir_blocked_1_1/pp_fir_top_half_1_1/pp_fir_u_6_1_1/pp_fir_6_1_1/g39476/Y               -       A->Y   R     INV_X4B_A9PP140ZTUL_C30            3  7.7    11     9     234    (-,-) 
  pp_fir_blocked_1_1/pp_fir_top_half_1_1/pp_fir_u_6_1_1/signed_mag_7/g3408/Y                -       B->Y   F     NOR2_X4M_A9PP140ZTUL_C30           2  4.8    13    10     244    (-,-) 
  pp_fir_blocked_1_1/pp_fir_top_half_1_1/pp_fir_u_6_1_1/signed_mag_7/g3406/Y                -       A->Y   R     INV_X1P4M_A9PP140ZTUL_C30          1  2.9    11     9     253    (-,-) 
  pp_fir_blocked_1_1/pp_fir_top_half_1_1/pp_fir_u_6_1_1/signed_mag_7/g3401/Y                -       B->Y   F     NOR2_X2TA_A9PP140ZTUL_C30          2  3.6    12     9     262    (-,-) 
  pp_fir_blocked_1_1/pp_fir_top_half_1_1/pp_fir_u_6_1_1/signed_mag_7/g3391/Y                -       A->Y   R     NOR2_X2TA_A9PP140ZTUL_C30          1  4.2    15    11     273    (-,-) 
  pp_fir_blocked_1_1/pp_fir_top_half_1_1/pp_fir_u_6_1_1/signed_mag_7/g3382/Y                -       A->Y   R     XNOR2_X4M_A9PP140ZTUL_C30          3  5.5    18    12     285    (-,-) 
  g21029/Y                                                                                  -       B0->Y  R     AO1B2_X4M_A9PP140ZTUL_C30          3  7.5    13    18     303    (-,-) 
  g20846/Y                                                                                  -       A->Y   F     NAND2_X4TA_A9PP140ZTUL_C30         2  5.8    12     8     311    (-,-) 
  g20738/Y                                                                                  -       A->Y   R     NOR2_X4A_A9PP140ZTUL_C30           1  4.9    13     9     321    (-,-) 
  g20596/Y                                                                                  -       A1->Y  F     AOI21_X6A_A9PP140ZTUL_C30          1  4.2    12    10     330    (-,-) 
  g20533/Y                                                                                  -       A->Y   F     XNOR2_X4M_A9PP140ZTUL_C30          3  8.5    24    14     344    (-,-) 
  fopt26140/Y                                                                               -       A->Y   R     INV_X6M_A9PP140ZTUL_C30            2  6.3    10     8     352    (-,-) 
  fopt26139/Y                                                                               -       A->Y   F     INV_X3P5M_A9PP140ZTUL_C30          2  5.7     8     6     359    (-,-) 
  g20417/Y                                                                                  -       A->Y   R     NAND2_X6TA_A9PP140ZTUL_C30         4 15.0    23    10     369    (-,-) 
  g20229/Y                                                                                  -       A->Y   R     OR2_X6M_A9PP140ZTUL_C30            9 18.0    14    17     386    (-,-) 
  g20161/Y                                                                                  -       A->Y   F     INV_X3P5M_A9PP140ZTUL_C30          3  6.9    10     7     393    (-,-) 
  g20158/Y                                                                                  -       A->Y   R     INV_X3P5M_A9PP140ZTUL_C30          4  8.1    11     9     402    (-,-) 
  g19819/Y                                                                                  -       B->Y   F     NOR2_X2TA_A9PP140ZTUL_C30          2  4.7    15    10     412    (-,-) 
  b2u_8to255_quad_3_sub_22_34_g15436/Y                                                      -       B->Y   R     NOR2_X4A_A9PP140ZTUL_C30           3  5.8    14    12     424    (-,-) 
  b2u_8to255_quad_3_sub_22_34_g15339/Y                                                      -       A->Y   F     NAND2_X3TA_A9PP140ZTUL_C30         2  5.9    14    10     434    (-,-) 
  b2u_8to255_quad_3_sub_22_34_g15300/Y                                                      -       A->Y   R     INV_X3P5M_A9PP140ZTUL_C30          2  4.5     9     8     441    (-,-) 
  b2u_8to255_quad_3_sub_22_34_g15241/Y                                                      -       A->Y   F     NAND2_X4M_A9PP140ZTUL_C30          2  5.9    12     8     449    (-,-) 
  b2u_8to255_quad_3_sub_22_34_g15139/Y                                                      -       A->Y   R     NOR2_X6TA_A9PP140ZTUL_C30          7 16.4    18    13     462    (-,-) 
  b2u_8to255_quad_3_sub_22_34_g15096/Y                                                      -       A->Y   F     INV_X7P5M_A9PP140ZTUL_C30          6 11.2    10     7     469    (-,-) 
  b2u_8to255_quad_3_sub_22_34_g14973/Y                                                      -       B->Y   R     NOR3_X4M_A9PP140ZTUL_C30           2  4.1    16    13     482    (-,-) 
  b2u_8to255_quad_3_sub_22_34_g14629/Y                                                      -       A->Y   F     NAND2XB_X2M_A9PP140ZTUL_C30        1  3.1    14     9     491    (-,-) 
  b2u_8to255_quad_3_sub_22_34_g14571/Y                                                      -       B->Y   R     NOR2_X2TA_A9PP140ZTUL_C30          2  3.6    15    11     502    (-,-) 
  b2u_8to255_quad_3_sub_22_34_g16402/Y                                                      -       B0->Y  R     AO21_X1M_A9PP140ZTUL_C30           1  1.5    10    15     516    (-,-) 
  b2u_8to255_quad_3_iOut_reg[178]/D                                                         -       -      R     SDFFRPQH_X4M_A9PP140ZTUL_C30       1    -     -     0     517    (-,-) 
#---------------------------------------------------------------------------------------------------------------------------------------------------------------------------------------



Path 46: VIOLATED (-166 ps) Setup Check with Pin b2u_8to255_quad_1_iOut_reg[215]/CK->D
           View: func-typ-typ
          Group: clk
     Startpoint: (R) pp_fir_blocked_1_1/pp_fir_bottom_half_1_1/pp_fir_u_0_1_1/pp_fir_0_1_1/sum5_1_re_1_reg[23]/CK
          Clock: (R) clk
       Endpoint: (R) b2u_8to255_quad_1_iOut_reg[215]/D
          Clock: (R) clk

                     Capture       Launch     
        Clock Edge:+     250            0     
       Src Latency:+       0            0     
       Net Latency:+     200 (I)      200 (I) 
           Arrival:=     450          200     
                                              
             Setup:-      -0                  
       Uncertainty:-     100                  
     Required Time:=     350                  
      Launch Clock:-     200                  
         Data Path:-     316                  
             Slack:=    -166                  

#------------------------------------------------------------------------------------------------------------------------------------------------------------------------------------------
#                                        Timing Point                                          Flags    Arc   Edge             Cell               Fanout Load Trans Delay Arrival Instance 
#                                                                                                                                                        (fF)  (ps)  (ps)   (ps)  Location 
#------------------------------------------------------------------------------------------------------------------------------------------------------------------------------------------
  pp_fir_blocked_1_1/pp_fir_bottom_half_1_1/pp_fir_u_0_1_1/pp_fir_0_1_1/sum5_1_re_1_reg[23]/CK -       -      R     (arrival)                      21040    -    25     0     200    (-,-) 
  pp_fir_blocked_1_1/pp_fir_bottom_half_1_1/pp_fir_u_0_1_1/pp_fir_0_1_1/sum5_1_re_1_reg[23]/QN -       CK->QN F     SDFFXRPQN_X2M_A9PP140ZTUL_C30      1  3.1    13    25     225    (-,-) 
  pp_fir_blocked_1_1/pp_fir_bottom_half_1_1/pp_fir_u_0_1_1/pp_fir_0_1_1/g39486/Y               -       A->Y   R     INV_X4B_A9PP140ZTUL_C30            4 10.7    13    10     235    (-,-) 
  pp_fir_blocked_1_1/pp_fir_bottom_half_1_1/pp_fir_u_0_1_1/signed_mag_1_1/g3551/Y              -       B->Y   R     OR2_X6TM_A9PP140ZTL_C30            3  8.2     9    16     251    (-,-) 
  pp_fir_blocked_1_1/pp_fir_bottom_half_1_1/pp_fir_u_0_1_1/signed_mag_1_1/g3539/Y              -       B->Y   F     NOR2_X4A_A9PP140ZTUL_C30           2  5.2    10     8     259    (-,-) 
  pp_fir_blocked_1_1/pp_fir_bottom_half_1_1/pp_fir_u_0_1_1/signed_mag_1_1/g3526/Y              -       A->Y   R     NOR2_X3A_A9PP140ZTUL_C30           1  4.2    13    10     269    (-,-) 
  pp_fir_blocked_1_1/pp_fir_bottom_half_1_1/pp_fir_u_0_1_1/signed_mag_1_1/g3518/Y              -       A->Y   F     XNOR2_X4M_A9PP140ZTUL_C30          3  7.1    21    11     280    (-,-) 
  g21176/Y                                                                                     -       A->Y   R     INV_X4B_A9PP140ZTS_C30             1  2.7     9     9     289    (-,-) 
  g20900/Y                                                                                     -       B->Y   F     NOR2_X3A_A9PP140ZTUL_C30           2  6.0    13    10     299    (-,-) 
  g20747/Y                                                                                     -       A0N->Y R     OA1B2_X4M_A9PP140ZTUL_C30          2  6.5    15    12     311    (-,-) 
  g20654/Y                                                                                     -       A0->Y  F     OAI21_X4M_A9PP140ZTUL_C30          1  3.2    13     9     320    (-,-) 
  g20595/Y                                                                                     -       B0->Y  R     AOI21_X4A_A9PP140ZTL_C30           1  4.2    15    12     332    (-,-) 
  g20531/Y                                                                                     -       A->Y   R     XNOR2_X4M_A9PP140ZTUL_C30          3  8.5    22    14     345    (-,-) 
  g20517/Y                                                                                     -       A->Y   F     INV_X6M_A9PP140ZTUL_C30            2  5.8     9     6     351    (-,-) 
  g20516/Y                                                                                     -       A->Y   R     INV_X3M_A9PP140ZTUL_C30            2  5.5    10     8     359    (-,-) 
  g20412/Y                                                                                     -       A->Y   F     NAND2_X6TA_A9PP140ZTUL_C30         4 14.7    22    10     370    (-,-) 
  g20277/Y                                                                                     -       A->Y   F     OR2_X8M_A9PP140ZTUL_C30           16 26.9    15    20     389    (-,-) 
  g19405/Y                                                                                     -       A->Y   R     NOR2_X2TA_A9PP140ZTUL_C30          2  4.2    16    12     401    (-,-) 
  b2u_8to255_quad_1_sub_22_34_g15728/Y                                                         -       B->Y   R     OR2_X3M_A9PP140ZTUL_C30            1  4.6     9    15     415    (-,-) 
  b2u_8to255_quad_1_sub_22_34_g15617/Y                                                         -       B->Y   F     NOR2_X6A_A9PP140ZTUL_C30           4  7.1    10     8     423    (-,-) 
  b2u_8to255_quad_1_sub_22_34_g15488/Y                                                         -       A->Y   R     NAND2_X4M_A9PP140ZTUL_C30          2  5.9    13    10     433    (-,-) 
  b2u_8to255_quad_1_sub_22_34_g15243/Y                                                         -       A->Y   F     NOR3_X6A_A9PP140ZTUL_C30           2  5.5    12     8     441    (-,-) 
  b2u_8to255_quad_1_sub_22_34_g15210/Y                                                         -       A->Y   F     BUF_X4M_A9PP140ZTUL_C30            5 11.1    12    16     457    (-,-) 
  b2u_8to255_quad_1_sub_22_34_g15209/Y                                                         -       A->Y   R     INV_X3P5M_A9PP140ZTUL_C30          3  7.1    11     9     466    (-,-) 
  b2u_8to255_quad_1_sub_22_34_g15136/Y                                                         -       A->Y   F     NOR2_X2TA_A9PP140ZTUL_C30          2  4.0    12     9     475    (-,-) 
  b2u_8to255_quad_1_sub_22_34_g15051/Y                                                         -       A->Y   R     NAND2_X2A_A9PP140ZTUL_C30          1  2.1    11     8     483    (-,-) 
  b2u_8to255_quad_1_sub_22_34_g14933/Y                                                         -       B->Y   F     NOR2_X2M_A9PP140ZTUL_C30           1  2.4    13    10     493    (-,-) 
  b2u_8to255_quad_1_sub_22_34_g14683/Y                                                         -       B->Y   R     NAND2_X2B_A9PP140ZTUL_C30          2  3.4    12    10     502    (-,-) 
  b2u_8to255_quad_1_sub_22_34_g14501/Y                                                         -       A->Y   F     NAND2_X2M_A9PP140ZTUL_C30          1  1.7     9     6     508    (-,-) 
  b2u_8to255_quad_1_sub_22_34_g14361/Y                                                         -       A->Y   R     NAND2_X1B_A9PP140ZTUL_C30          1  1.5    11     8     516    (-,-) 
  b2u_8to255_quad_1_iOut_reg[215]/D                                                            -       -      R     SDFFRPQH_X4M_A9PP140ZTUL_C30       1    -     -     0     516    (-,-) 
#------------------------------------------------------------------------------------------------------------------------------------------------------------------------------------------



Path 47: VIOLATED (-166 ps) Setup Check with Pin b2u_8to255_quad_4_qOut_reg[1]/CK->D
           View: func-typ-typ
          Group: clk
     Startpoint: (R) pp_fir_blocked_1_1/pp_fir_bottom_half_1_1/pp_fir_u_7_1_1/pp_fir_7_1_1/sum5_1_im_1_reg[23]/CK
          Clock: (R) clk
       Endpoint: (F) b2u_8to255_quad_4_qOut_reg[1]/D
          Clock: (R) clk

                     Capture       Launch     
        Clock Edge:+     250            0     
       Src Latency:+       0            0     
       Net Latency:+     200 (I)      200 (I) 
           Arrival:=     450          200     
                                              
             Setup:-      -1                  
       Uncertainty:-     100                  
     Required Time:=     351                  
      Launch Clock:-     200                  
         Data Path:-     317                  
             Slack:=    -166                  

#------------------------------------------------------------------------------------------------------------------------------------------------------------------------------------------
#                                        Timing Point                                          Flags    Arc   Edge             Cell               Fanout Load Trans Delay Arrival Instance 
#                                                                                                                                                        (fF)  (ps)  (ps)   (ps)  Location 
#------------------------------------------------------------------------------------------------------------------------------------------------------------------------------------------
  pp_fir_blocked_1_1/pp_fir_bottom_half_1_1/pp_fir_u_7_1_1/pp_fir_7_1_1/sum5_1_im_1_reg[23]/CK -       -      R     (arrival)                      21040    -    25     0     200    (-,-) 
  pp_fir_blocked_1_1/pp_fir_bottom_half_1_1/pp_fir_u_7_1_1/pp_fir_7_1_1/sum5_1_im_1_reg[23]/QN -       CK->QN R     SDFFXRPQN_X2M_A9PP140ZTUL_C30      1  3.1    12    20     220    (-,-) 
  pp_fir_blocked_1_1/pp_fir_bottom_half_1_1/pp_fir_u_7_1_1/pp_fir_7_1_1/g37672/Y               -       A->Y   F     INV_X4B_A9PP140ZTUL_C30            7 12.9    20    14     234    (-,-) 
  pp_fir_blocked_1_1/pp_fir_bottom_half_1_1/pp_fir_u_7_1_1/signed_mag_3/g3491/Y                -       A->Y   F     OR2_X4TM_A9PP140ZTUL_C30           2  7.2    10    16     250    (-,-) 
  pp_fir_blocked_1_1/pp_fir_bottom_half_1_1/pp_fir_u_7_1_1/signed_mag_3/g3475/Y                -       A1->Y  R     OAI21_X4M_A9PP140ZTUL_C30          1  4.2    14    12     262    (-,-) 
  pp_fir_blocked_1_1/pp_fir_bottom_half_1_1/pp_fir_u_7_1_1/signed_mag_3/g3460/Y                -       A->Y   R     XNOR2_X4M_A9PP140ZTUL_C30          2  6.8    21    12     274    (-,-) 
  g21045/Y                                                                                     -       A->Y   F     NAND2_X3B_A9PP140ZTUL_C30          1  3.5    14    10     284    (-,-) 
  g21025/Y                                                                                     -       B0N->Y R     AO21B_X4M_A9PP140ZTUL_C30          3  7.4    13    10     293    (-,-) 
  g20839/Y                                                                                     -       B->Y   F     NAND2_X3B_A9PP140ZTUL_C30          2  6.0    16    11     305    (-,-) 
  g20736/Y                                                                                     -       A->Y   R     NOR2XB_X3M_A9PP140ZTL_C30          1  2.5    12     9     314    (-,-) 
  g20594/Y                                                                                     -       B1->Y  R     AO1B2_X4M_A9PP140ZTUL_C30          1  4.2    10    15     329    (-,-) 
  g20534/Y                                                                                     -       A->Y   R     XNOR2_X4M_A9PP140ZTUL_C30          3  8.5    22    13     342    (-,-) 
  g20416/Y                                                                                     -       A->Y   R     OR2_X4TM_A9PP140ZTUL_C30           4 15.6    18    20     363    (-,-) 
  g20231/Y                                                                                     -       B->Y   R     OR2_X8M_A9PP140ZTUL_C30           16 32.2    17    20     383    (-,-) 
  g19635/Y                                                                                     -       A->Y   F     NOR2_X2TA_A9PP140ZTUL_C30          2  4.3    15    10     393    (-,-) 
  b2u_8to255_quad_4_sub_27_47_g15741/Y                                                         -       B->Y   R     NOR2_X3A_A9PP140ZTUL_C30           2  4.0    14    12     404    (-,-) 
  b2u_8to255_quad_4_sub_27_47_g15598/Y                                                         -       C->Y   F     NAND3BB_X3M_A9PP140ZTUL_C30        2  3.5    11     8     413    (-,-) 
  b2u_8to255_quad_4_sub_27_47_g16015/Y                                                         -       A->Y   R     NOR3_X2A_A9PP140ZTUL_C30           2  4.7    28    18     430    (-,-) 
  b2u_8to255_quad_4_sub_27_47_g15392/Y                                                         -       C->Y   F     NAND3BB_X4M_A9PP140ZTUL_C30        2  4.4    13     9     439    (-,-) 
  b2u_8to255_quad_4_sub_27_47_g15240/Y                                                         -       A->Y   R     NOR2_X4TA_A9PP140ZTUL_C30          2  6.5    13    10     449    (-,-) 
  b2u_8to255_quad_4_sub_27_47_g15137/Y                                                         -       A->Y   F     NAND2_X6M_A9PP140ZTUL_C30          2  7.8    12     8     458    (-,-) 
  b2u_8to255_quad_4_sub_27_47_g14916/Y                                                         -       B->Y   R     NOR2_X8A_A9PP140ZTUL_C30           4 16.2    18    13     471    (-,-) 
  b2u_8to255_quad_4_sub_27_47_fopt14/Y                                                         -       A->Y   F     INV_X4M_A9PP140ZTUL_C30            3 11.3    14    10     480    (-,-) 
  b2u_8to255_quad_4_sub_27_47_fopt12/Y                                                         -       A->Y   R     INV_X4B_A9PP140ZTUL_C30            2  3.4     7     6     486    (-,-) 
  b2u_8to255_quad_4_sub_27_47_g16109/Y                                                         -       A->Y   F     NAND4XXXB_X2M_A9PP140ZTUL_C30      2  3.6    28    14     500    (-,-) 
  b2u_8to255_quad_4_sub_27_47_g14230/Y                                                         -       S0->Y  F     MXIT2_X1P4M_A9PP140ZTUL_C30        1  1.5    16    16     516    (-,-) 
  b2u_8to255_quad_4_qOut_reg[1]/D                                                              -       -      F     SDFFRPQH_X3M_A9PP140ZTUL_C30       1    -     -     0     517    (-,-) 
#------------------------------------------------------------------------------------------------------------------------------------------------------------------------------------------



Path 48: VIOLATED (-166 ps) Setup Check with Pin b2u_8to255_quad_4_iOut_reg[231]/CK->D
           View: func-typ-typ
          Group: clk
     Startpoint: (R) pp_fir_blocked_1_1/pp_fir_bottom_half_1_1/pp_fir_u_7_1_1/pp_fir_7_1_1/sum5_1_re_1_reg[22]/CK
          Clock: (R) clk
       Endpoint: (F) b2u_8to255_quad_4_iOut_reg[231]/D
          Clock: (R) clk

                     Capture       Launch     
        Clock Edge:+     250            0     
       Src Latency:+       0            0     
       Net Latency:+     200 (I)      200 (I) 
           Arrival:=     450          200     
                                              
             Setup:-      -7                  
       Uncertainty:-     100                  
     Required Time:=     357                  
      Launch Clock:-     200                  
         Data Path:-     323                  
             Slack:=    -166                  

#------------------------------------------------------------------------------------------------------------------------------------------------------------------------------------------
#                                        Timing Point                                          Flags    Arc   Edge             Cell               Fanout Load Trans Delay Arrival Instance 
#                                                                                                                                                        (fF)  (ps)  (ps)   (ps)  Location 
#------------------------------------------------------------------------------------------------------------------------------------------------------------------------------------------
  pp_fir_blocked_1_1/pp_fir_bottom_half_1_1/pp_fir_u_7_1_1/pp_fir_7_1_1/sum5_1_re_1_reg[22]/CK -       -      R     (arrival)                      21040    -    25     0     200    (-,-) 
  pp_fir_blocked_1_1/pp_fir_bottom_half_1_1/pp_fir_u_7_1_1/pp_fir_7_1_1/sum5_1_re_1_reg[22]/QN -       CK->QN F     SDFFXRPQN_X3M_A9PP140ZTUL_C30      1  2.9    13    25     225    (-,-) 
  pp_fir_blocked_1_1/pp_fir_bottom_half_1_1/pp_fir_u_7_1_1/pp_fir_7_1_1/g37937/Y               -       A->Y   R     INV_X3M_A9PP140ZTUL_C30            4  7.7    13    10     236    (-,-) 
  pp_fir_blocked_1_1/pp_fir_bottom_half_1_1/pp_fir_u_7_1_1/signed_mag_3/g3489/Y                -       A->Y   F     NOR2_X4TA_A9PP140ZTUL_C30          3  8.8    14    10     246    (-,-) 
  pp_fir_blocked_1_1/pp_fir_bottom_half_1_1/pp_fir_u_7_1_1/signed_mag_3/g3486/Y                -       A->Y   R     INV_X6M_A9PP140ZTUL_C30            2  5.5     8     6     252    (-,-) 
  pp_fir_blocked_1_1/pp_fir_bottom_half_1_1/pp_fir_u_7_1_1/signed_mag_3/g2/Y                   -       A->Y   F     NOR3_X2A_A9PP140ZTUL_C30           2  4.0    18    10     262    (-,-) 
  pp_fir_blocked_1_1/pp_fir_bottom_half_1_1/pp_fir_u_7_1_1/signed_mag_3/g3469/Y                -       A->Y   R     NOR2_X3TA_A9PP140ZTUL_C30          1  4.2    14    11     273    (-,-) 
  pp_fir_blocked_1_1/pp_fir_bottom_half_1_1/pp_fir_u_7_1_1/signed_mag_3/g3457/Y                -       A->Y   R     XNOR2_X4M_A9PP140ZTUL_C30          3  5.4    19    12     285    (-,-) 
  g21036/Y                                                                                     -       B0->Y  R     AO1B2_X3M_A9PP140ZTUL_C30          2  6.4    14    18     302    (-,-) 
  g20840/Y                                                                                     -       A->Y   F     NAND2_X4B_A9PP140ZTL_C30           2  6.6    15    11     313    (-,-) 
  g20735/Y                                                                                     -       A->Y   R     NOR2_X4A_A9PP140ZTUL_C30           1  3.6    12     9     322    (-,-) 
  g20597/Y                                                                                     -       A1->Y  F     AOI21_X4A_A9PP140ZTUL_C30          1  4.2    13    10     333    (-,-) 
  g20532/Y                                                                                     -       A->Y   F     XNOR2_X4M_A9PP140ZTUL_C30          3  8.5    24    14     347    (-,-) 
  g20519/Y                                                                                     -       A->Y   R     INV_X6M_A9PP140ZTUL_C30            2  4.8     9     7     354    (-,-) 
  g20419/Y                                                                                     -       A->Y   R     OR2_X4TM_A9PP140ZTUL_C30           4 14.0    17    18     372    (-,-) 
  g20243/Y                                                                                     -       A->Y   R     OR2_X8M_A9PP140ZTUL_C30           16 29.0    16    18     390    (-,-) 
  g19236/Y                                                                                     -       A->Y   F     NOR2_X2TA_A9PP140ZTUL_C30          3  5.6    17    12     402    (-,-) 
  b2u_8to255_quad_4_sub_22_34_g15766/Y                                                         -       B->Y   R     NOR2_X3A_A9PP140ZTUL_C30           2  4.4    14    12     414    (-,-) 
  b2u_8to255_quad_4_sub_22_34_g15610/Y                                                         -       C->Y   F     NAND3BB_X3M_A9PP140ZTUL_C30        2  4.7    13    10     424    (-,-) 
  b2u_8to255_quad_4_sub_22_34_g15491/Y                                                         -       A->Y   R     NOR2_X4A_A9PP140ZTUL_C30           2  5.0    13    10     434    (-,-) 
  b2u_8to255_quad_4_sub_22_34_g15453/Y                                                         -       A->Y   F     INV_X1P7M_A9PP140ZTUL_C30          2  5.0    12     9     442    (-,-) 
  b2u_8to255_quad_4_sub_22_34_g15335/Y                                                         -       A->Y   R     NOR2_X4A_A9PP140ZTUL_C30           2  5.5    13    10     452    (-,-) 
  b2u_8to255_quad_4_sub_22_34_g15295/Y                                                         -       A->Y   F     INV_X0P8M_A9PP140ZTUL_C30          1  2.2    11     8     461    (-,-) 
  b2u_8to255_quad_4_sub_22_34_g14882/Y                                                         -       BN->Y  F     NAND4BB_X3M_A9PP140ZTUL_C30        1  4.7    20    20     481    (-,-) 
  b2u_8to255_quad_4_sub_22_34_g14580/Y                                                         -       B->Y   R     NOR2_X6A_A9PP140ZTUL_C30           4  8.6    14    13     494    (-,-) 
  b2u_8to255_quad_4_sub_22_34_g14399/Y                                                         -       A->Y   F     NAND2_X2B_A9PP140ZTUL_C30          2  3.7    15    10     504    (-,-) 
  b2u_8to255_quad_4_sub_22_34_g14210/Y                                                         -       A->Y   R     NAND2_X2M_A9PP140ZTUL_C30          1  1.7    12     9     513    (-,-) 
  b2u_8to255_quad_4_sub_22_34_g14203/Y                                                         -       A->Y   F     NAND2_X1B_A9PP140ZTUL_C30          1  1.5    14    10     523    (-,-) 
  b2u_8to255_quad_4_iOut_reg[231]/D                                                            -       -      F     SDFFRPQH_X4M_A9PP140ZTUL_C30       1    -     -     0     523    (-,-) 
#------------------------------------------------------------------------------------------------------------------------------------------------------------------------------------------



Path 49: VIOLATED (-166 ps) Setup Check with Pin b2u_8to255_quad_3_qOut_reg[74]/CK->D
           View: func-typ-typ
          Group: clk
     Startpoint: (R) pp_fir_blocked_1_1/pp_fir_top_half_1_1/pp_fir_u_2_1_1/pp_fir_2_1_1/sum5_1_im_1_reg[22]/CK
          Clock: (R) clk
       Endpoint: (F) b2u_8to255_quad_3_qOut_reg[74]/D
          Clock: (R) clk

                     Capture       Launch     
        Clock Edge:+     250            0     
       Src Latency:+       0            0     
       Net Latency:+     200 (I)      200 (I) 
           Arrival:=     450          200     
                                              
             Setup:-      -7                  
       Uncertainty:-     100                  
     Required Time:=     357                  
      Launch Clock:-     200                  
         Data Path:-     323                  
             Slack:=    -166                  

#---------------------------------------------------------------------------------------------------------------------------------------------------------------------------------------
#                                       Timing Point                                        Flags    Arc   Edge             Cell               Fanout Load Trans Delay Arrival Instance 
#                                                                                                                                                     (fF)  (ps)  (ps)   (ps)  Location 
#---------------------------------------------------------------------------------------------------------------------------------------------------------------------------------------
  pp_fir_blocked_1_1/pp_fir_top_half_1_1/pp_fir_u_2_1_1/pp_fir_2_1_1/sum5_1_im_1_reg[22]/CK -       -      R     (arrival)                      21040    -    25     0     200    (-,-) 
  pp_fir_blocked_1_1/pp_fir_top_half_1_1/pp_fir_u_2_1_1/pp_fir_2_1_1/sum5_1_im_1_reg[22]/QN -       CK->QN F     SDFFXRPQN_X2M_A9PP140ZTUL_C30      1  3.1    13    25     225    (-,-) 
  pp_fir_blocked_1_1/pp_fir_top_half_1_1/pp_fir_u_2_1_1/pp_fir_2_1_1/g38875/Y               -       A->Y   R     INV_X4B_A9PP140ZTUL_C30            7 13.2    15    12     237    (-,-) 
  pp_fir_blocked_1_1/pp_fir_top_half_1_1/pp_fir_u_2_1_1/signed_mag_5/g3412/Y                -       A->Y   F     NOR2_X2TA_A9PP140ZTUL_C30          2  3.6    13     9     246    (-,-) 
  pp_fir_blocked_1_1/pp_fir_top_half_1_1/pp_fir_u_2_1_1/signed_mag_5/g3405/Y                -       A->Y   F     OR2_X3M_A9PP140ZTUL_C30            1  3.6     8    13     259    (-,-) 
  pp_fir_blocked_1_1/pp_fir_top_half_1_1/pp_fir_u_2_1_1/signed_mag_5/g3394/Y                -       S0->Y  F     MXIT2_X4M_A9PP140ZTUL_C30          2  6.4    19    13     272    (-,-) 
  g21004/Y                                                                                  -       A0->Y  R     AOI22_X4A_A9PP140ZTUL_C30          2  4.6    19    15     287    (-,-) 
  g20702/Y                                                                                  -       A->Y   F     NOR2_X4A_A9PP140ZTUL_C30           2  3.9    10     7     294    (-,-) 
  g20646/Y                                                                                  -       B0->Y  F     AO1B2_X4M_A9PP140ZTUL_C30          2  5.5    12    15     310    (-,-) 
  g20609/Y                                                                                  -       A->Y   R     NAND3XXB_X4M_A9PP140ZTUL_C30       2  6.4    20    12     322    (-,-) 
  g20558/Y                                                                                  -       A0->Y  R     OA21B_X6M_A9PP140ZTUL_C30          2  8.1    14    16     338    (-,-) 
  g20486/Y                                                                                  -       A->Y   R     XNOR2_X4M_A9PP140ZTUL_C30          3  8.4    23    14     352    (-,-) 
  g20193/Y                                                                                  -       A->Y   R     OR2_X6TM_A9PP140ZTL_C30            4 15.2    14    17     369    (-,-) 
  g19575/Y                                                                                  -       A->Y   R     OR2_X8TM_A9PP140ZTUL_C30          15 28.5    16    18     386    (-,-) 
  g18674/Y                                                                                  -       A->Y   F     NOR2_X4M_A9PP140ZTUL_C30           3  5.5    15    10     396    (-,-) 
  b2u_8to255_quad_3_sub_27_47_g15688/Y                                                      -       A->Y   R     NOR2_X4A_A9PP140ZTUL_C30           3  6.4    15    11     408    (-,-) 
  b2u_8to255_quad_3_sub_27_47_g15612/Y                                                      -       A->Y   F     NAND2_X4A_A9PP140ZTUL_C30          2  5.9    13     9     417    (-,-) 
  b2u_8to255_quad_3_sub_27_47_g15485/Y                                                      -       B->Y   R     NOR2_X6M_A9PP140ZTUL_C30           3 10.8    15    12     430    (-,-) 
  b2u_8to255_quad_3_sub_27_47_g15364/Y                                                      -       C->Y   F     NAND3BB_X4M_A9PP140ZTUL_C30        1  3.5    10     8     437    (-,-) 
  b2u_8to255_quad_3_sub_27_47_g15282/Y                                                      -       B->Y   R     NOR2_X4A_A9PP140ZTUL_C30           2  5.5    13    11     448    (-,-) 
  b2u_8to255_quad_3_sub_27_47_g15065/Y                                                      -       C->Y   F     NAND3_X6M_A9PP140ZTUL_C30          2  7.4    17    13     460    (-,-) 
  b2u_8to255_quad_3_sub_27_47_g14916/Y                                                      -       A->Y   R     NOR2_X8A_A9PP140ZTUL_C30           4 16.0    18    13     474    (-,-) 
  b2u_8to255_quad_3_sub_27_47_fopt6/Y                                                       -       A->Y   R     BUF_X16M_A9PP140ZTUL_C30          32 58.6    16    19     492    (-,-) 
  b2u_8to255_quad_3_sub_27_47_g14690/Y                                                      -       A->Y   F     NAND2_X2B_A9PP140ZTUL_C30          2  4.1    16    11     504    (-,-) 
  b2u_8to255_quad_3_sub_27_47_g14527/Y                                                      -       A->Y   R     NAND2_X2M_A9PP140ZTUL_C30          1  1.7    12     9     513    (-,-) 
  b2u_8to255_quad_3_sub_27_47_g14271/Y                                                      -       A->Y   F     NAND2_X1B_A9PP140ZTUL_C30          1  1.5    14    10     522    (-,-) 
  b2u_8to255_quad_3_qOut_reg[74]/D                                                          -       -      F     SDFFRPQH_X4M_A9PP140ZTUL_C30       1    -     -     0     523    (-,-) 
#---------------------------------------------------------------------------------------------------------------------------------------------------------------------------------------



Path 50: VIOLATED (-166 ps) Setup Check with Pin b2u_8to255_quad_4_iOut_reg[182]/CK->D
           View: func-typ-typ
          Group: clk
     Startpoint: (R) pp_fir_blocked_1_1/pp_fir_bottom_half_1_1/pp_fir_u_7_1_1/pp_fir_7_1_1/sum5_1_re_1_reg[22]/CK
          Clock: (R) clk
       Endpoint: (R) b2u_8to255_quad_4_iOut_reg[182]/D
          Clock: (R) clk

                     Capture       Launch     
        Clock Edge:+     250            0     
       Src Latency:+       0            0     
       Net Latency:+     200 (I)      200 (I) 
           Arrival:=     450          200     
                                              
             Setup:-      -0                  
       Uncertainty:-     100                  
     Required Time:=     350                  
      Launch Clock:-     200                  
         Data Path:-     316                  
             Slack:=    -166                  

#------------------------------------------------------------------------------------------------------------------------------------------------------------------------------------------
#                                        Timing Point                                          Flags    Arc   Edge             Cell               Fanout Load Trans Delay Arrival Instance 
#                                                                                                                                                        (fF)  (ps)  (ps)   (ps)  Location 
#------------------------------------------------------------------------------------------------------------------------------------------------------------------------------------------
  pp_fir_blocked_1_1/pp_fir_bottom_half_1_1/pp_fir_u_7_1_1/pp_fir_7_1_1/sum5_1_re_1_reg[22]/CK -       -      R     (arrival)                      21040    -    25     0     200    (-,-) 
  pp_fir_blocked_1_1/pp_fir_bottom_half_1_1/pp_fir_u_7_1_1/pp_fir_7_1_1/sum5_1_re_1_reg[22]/QN -       CK->QN F     SDFFXRPQN_X3M_A9PP140ZTUL_C30      1  2.9    13    25     225    (-,-) 
  pp_fir_blocked_1_1/pp_fir_bottom_half_1_1/pp_fir_u_7_1_1/pp_fir_7_1_1/g37937/Y               -       A->Y   R     INV_X3M_A9PP140ZTUL_C30            4  7.7    13    10     236    (-,-) 
  pp_fir_blocked_1_1/pp_fir_bottom_half_1_1/pp_fir_u_7_1_1/signed_mag_3/g3489/Y                -       A->Y   F     NOR2_X4TA_A9PP140ZTUL_C30          3  8.8    14    10     246    (-,-) 
  pp_fir_blocked_1_1/pp_fir_bottom_half_1_1/pp_fir_u_7_1_1/signed_mag_3/g3486/Y                -       A->Y   R     INV_X6M_A9PP140ZTUL_C30            2  5.5     8     6     252    (-,-) 
  pp_fir_blocked_1_1/pp_fir_bottom_half_1_1/pp_fir_u_7_1_1/signed_mag_3/g2/Y                   -       A->Y   F     NOR3_X2A_A9PP140ZTUL_C30           2  4.0    18    10     262    (-,-) 
  pp_fir_blocked_1_1/pp_fir_bottom_half_1_1/pp_fir_u_7_1_1/signed_mag_3/g3469/Y                -       A->Y   R     NOR2_X3TA_A9PP140ZTUL_C30          1  4.2    14    11     273    (-,-) 
  pp_fir_blocked_1_1/pp_fir_bottom_half_1_1/pp_fir_u_7_1_1/signed_mag_3/g3457/Y                -       A->Y   R     XNOR2_X4M_A9PP140ZTUL_C30          3  5.4    19    12     285    (-,-) 
  g21036/Y                                                                                     -       B0->Y  R     AO1B2_X3M_A9PP140ZTUL_C30          2  6.4    14    18     302    (-,-) 
  g20840/Y                                                                                     -       A->Y   F     NAND2_X4B_A9PP140ZTL_C30           2  6.6    15    11     313    (-,-) 
  g20735/Y                                                                                     -       A->Y   R     NOR2_X4A_A9PP140ZTUL_C30           1  3.6    12     9     322    (-,-) 
  g20597/Y                                                                                     -       A1->Y  F     AOI21_X4A_A9PP140ZTUL_C30          1  4.2    13    10     333    (-,-) 
  g20532/Y                                                                                     -       A->Y   F     XNOR2_X4M_A9PP140ZTUL_C30          3  8.5    24    14     347    (-,-) 
  g20519/Y                                                                                     -       A->Y   R     INV_X6M_A9PP140ZTUL_C30            2  4.8     9     7     354    (-,-) 
  g20419/Y                                                                                     -       A->Y   R     OR2_X4TM_A9PP140ZTUL_C30           4 14.0    17    18     372    (-,-) 
  g20400/Y                                                                                     -       A->Y   F     INV_X2P5M_A9PP140ZTUL_C30          1  7.4    13     9     382    (-,-) 
  g20249/Y                                                                                     -       A->Y   R     NAND2_X11M_A9PP140ZTL_C30          8 15.8    15    11     393    (-,-) 
  g19202/Y                                                                                     -       A->Y   F     NOR2_X3A_A9PP140ZTUL_C30           2  4.2    13     8     401    (-,-) 
  b2u_8to255_quad_4_sub_22_34_g15676/Y                                                         -       A->Y   R     NOR2_X3A_A9PP140ZTUL_C30           2  4.7    15    11     412    (-,-) 
  b2u_8to255_quad_4_sub_22_34_g15603/Y                                                         -       C->Y   F     NAND3BB_X4M_A9PP140ZTUL_C30        2  4.2    11     8     420    (-,-) 
  b2u_8to255_quad_4_sub_22_34_g15434/Y                                                         -       A->Y   R     NOR2_X3TA_A9PP140ZTUL_C30          2  4.5    12     9     429    (-,-) 
  b2u_8to255_quad_4_sub_22_34_g15391/Y                                                         -       A->Y   F     NAND2_X4TA_A9PP140ZTUL_C30         2  4.5    10     7     436    (-,-) 
  b2u_8to255_quad_4_sub_22_34_g15347/Y                                                         -       A->Y   F     BUFH_X2P5M_A9PP140ZTUL_C30         1  7.0    11    15     451    (-,-) 
  b2u_8to255_quad_4_sub_22_34_g15139/Y                                                         -       B->Y   R     NOR2_X6TA_A9PP140ZTUL_C30          7 15.4    17    13     464    (-,-) 
  b2u_8to255_quad_4_sub_22_34_g15096/Y                                                         -       A->Y   F     INV_X6M_A9PP140ZTUL_C30            6 11.6    11     8     472    (-,-) 
  b2u_8to255_quad_4_sub_22_34_g14967/Y                                                         -       AN->Y  F     NAND3BB_X3M_A9PP140ZTUL_C30        2  3.6    12    15     487    (-,-) 
  b2u_8to255_quad_4_sub_22_34_g14755/Y                                                         -       A->Y   R     NOR2_X2A_A9PP140ZTUL_C30           1  2.4    13    10     496    (-,-) 
  b2u_8to255_quad_4_sub_22_34_g14574/Y                                                         -       B->Y   F     NAND2_X2B_A9PP140ZTUL_C30          2  3.4    14    10     507    (-,-) 
  b2u_8to255_quad_4_sub_22_34_g16367/Y                                                         -       B0N->Y R     AO21B_X1M_A9PP140ZTUL_C30          1  1.5    12    10     516    (-,-) 
  b2u_8to255_quad_4_iOut_reg[182]/D                                                            -       -      R     SDFFRPQH_X4M_A9PP140ZTUL_C30       1    -     -     0     516    (-,-) 
#------------------------------------------------------------------------------------------------------------------------------------------------------------------------------------------

