============================================================
  Generated by:           Genus(TM) Synthesis Solution 22.10-p001_1
  Generated on:           Jan 21 2025  09:22:27 am
  Module:                 pp_fir_u_4
  Operating conditions:   ssg_cworstt_max_0p81v_125c 
  Operating conditions:   ffg_cbestt_min_0p99v_m40c 
  Operating conditions:   tt_ctypical_max_0p90v_25c 
  Interconnect mode:      spatial
  Area mode:              physical library
============================================================


Path 1: MET (61 ps) Setup Check with Pin pp_fir_4_1_1_Delay_Pipeline_reg_re_reg[0][15]/clk->d
           View: view_wcl_fast
          Group: clk
     Startpoint: (R) In1_re[15]
          Clock: (R) clk
       Endpoint: (R) pp_fir_4_1_1_Delay_Pipeline_reg_re_reg[0][15]/d
          Clock: (R) clk

                     Capture       Launch     
        Clock Edge:+     500            0     
        Drv Adjust:+       0            0     
       Src Latency:+       0            0     
       Net Latency:+     200 (I)      200 (I) 
           Arrival:=     700          200     
                                              
             Setup:-      14                  
       Uncertainty:-     125                  
     Required Time:=     561                  
      Launch Clock:-     200                  
       Input Delay:-     300                  
         Data Path:-       0                  
             Slack:=      61                  

Exceptions/Constraints:
  input_delay             300             tmp_sdc_view_wcl_slo_line_535 

#--------------------------------------------------------------------------------------------------------------------------------------
#                  Timing Point                   Flags   Arc   Edge      Cell        Fanout Load Trans Delay Arrival     Instance     
#                                                                                            (fF)  (ps)  (ps)   (ps)      Location     
#--------------------------------------------------------------------------------------------------------------------------------------
  In1_re[15]                                      (u)     -     R     (arrival)            1  1.8     0     0     500            (-,-) 
  pp_fir_4_1_1_Delay_Pipeline_reg_re_reg[0][15]/d -       -     R     unmapped_d_flop      1    -     -     0     500  (5.2435,0.0635) 
#--------------------------------------------------------------------------------------------------------------------------------------

(u) : Net has unmapped pin(s).



Path 2: MET (61 ps) Setup Check with Pin pp_fir_4_1_1_Delay_Pipeline_reg_re_reg[0][14]/clk->d
           View: view_wcl_fast
          Group: clk
     Startpoint: (R) In1_re[14]
          Clock: (R) clk
       Endpoint: (R) pp_fir_4_1_1_Delay_Pipeline_reg_re_reg[0][14]/d
          Clock: (R) clk

                     Capture       Launch     
        Clock Edge:+     500            0     
        Drv Adjust:+       0            0     
       Src Latency:+       0            0     
       Net Latency:+     200 (I)      200 (I) 
           Arrival:=     700          200     
                                              
             Setup:-      14                  
       Uncertainty:-     125                  
     Required Time:=     561                  
      Launch Clock:-     200                  
       Input Delay:-     300                  
         Data Path:-       0                  
             Slack:=      61                  

Exceptions/Constraints:
  input_delay             300             tmp_sdc_view_wcl_slo_line_536 

#---------------------------------------------------------------------------------------------------------------------------------------
#                  Timing Point                   Flags   Arc   Edge      Cell        Fanout Load Trans Delay Arrival      Instance     
#                                                                                            (fF)  (ps)  (ps)   (ps)       Location     
#---------------------------------------------------------------------------------------------------------------------------------------
  In1_re[14]                                      (u)     -     R     (arrival)            1  1.8     0     0     500             (-,-) 
  pp_fir_4_1_1_Delay_Pipeline_reg_re_reg[0][14]/d -       -     R     unmapped_d_flop      1    -     -     0     500  (16.9845,0.0965) 
#---------------------------------------------------------------------------------------------------------------------------------------

(u) : Net has unmapped pin(s).



Path 3: MET (61 ps) Setup Check with Pin pp_fir_4_1_1_Delay_Pipeline_reg_re_reg[0][13]/clk->d
           View: view_wcl_fast
          Group: clk
     Startpoint: (R) In1_re[13]
          Clock: (R) clk
       Endpoint: (R) pp_fir_4_1_1_Delay_Pipeline_reg_re_reg[0][13]/d
          Clock: (R) clk

                     Capture       Launch     
        Clock Edge:+     500            0     
        Drv Adjust:+       0            0     
       Src Latency:+       0            0     
       Net Latency:+     200 (I)      200 (I) 
           Arrival:=     700          200     
                                              
             Setup:-      14                  
       Uncertainty:-     125                  
     Required Time:=     561                  
      Launch Clock:-     200                  
       Input Delay:-     300                  
         Data Path:-       0                  
             Slack:=      61                  

Exceptions/Constraints:
  input_delay             300             tmp_sdc_view_wcl_slo_line_537 

#---------------------------------------------------------------------------------------------------------------------------------------
#                  Timing Point                   Flags   Arc   Edge      Cell        Fanout Load Trans Delay Arrival      Instance     
#                                                                                            (fF)  (ps)  (ps)   (ps)       Location     
#---------------------------------------------------------------------------------------------------------------------------------------
  In1_re[13]                                      (u)     -     R     (arrival)            1  1.8     0     0     500             (-,-) 
  pp_fir_4_1_1_Delay_Pipeline_reg_re_reg[0][13]/d -       -     R     unmapped_d_flop      1    -     -     0     500  (23.4215,0.0795) 
#---------------------------------------------------------------------------------------------------------------------------------------

(u) : Net has unmapped pin(s).



Path 4: MET (61 ps) Setup Check with Pin pp_fir_4_1_1_Delay_Pipeline_reg_re_reg[0][12]/clk->d
           View: view_wcl_fast
          Group: clk
     Startpoint: (R) In1_re[12]
          Clock: (R) clk
       Endpoint: (R) pp_fir_4_1_1_Delay_Pipeline_reg_re_reg[0][12]/d
          Clock: (R) clk

                     Capture       Launch     
        Clock Edge:+     500            0     
        Drv Adjust:+       0            0     
       Src Latency:+       0            0     
       Net Latency:+     200 (I)      200 (I) 
           Arrival:=     700          200     
                                              
             Setup:-      14                  
       Uncertainty:-     125                  
     Required Time:=     561                  
      Launch Clock:-     200                  
       Input Delay:-     300                  
         Data Path:-       0                  
             Slack:=      61                  

Exceptions/Constraints:
  input_delay             300             tmp_sdc_view_wcl_slo_line_538 

#---------------------------------------------------------------------------------------------------------------------------------------
#                  Timing Point                   Flags   Arc   Edge      Cell        Fanout Load Trans Delay Arrival      Instance     
#                                                                                            (fF)  (ps)  (ps)   (ps)       Location     
#---------------------------------------------------------------------------------------------------------------------------------------
  In1_re[12]                                      (u)     -     R     (arrival)            1  1.8     0     0     500             (-,-) 
  pp_fir_4_1_1_Delay_Pipeline_reg_re_reg[0][12]/d -       -     R     unmapped_d_flop      1    -     -     0     500  (33.4040,0.0435) 
#---------------------------------------------------------------------------------------------------------------------------------------

(u) : Net has unmapped pin(s).



Path 5: MET (61 ps) Setup Check with Pin pp_fir_4_1_1_Delay_Pipeline_reg_re_reg[0][11]/clk->d
           View: view_wcl_fast
          Group: clk
     Startpoint: (R) In1_re[11]
          Clock: (R) clk
       Endpoint: (R) pp_fir_4_1_1_Delay_Pipeline_reg_re_reg[0][11]/d
          Clock: (R) clk

                     Capture       Launch     
        Clock Edge:+     500            0     
        Drv Adjust:+       0            0     
       Src Latency:+       0            0     
       Net Latency:+     200 (I)      200 (I) 
           Arrival:=     700          200     
                                              
             Setup:-      14                  
       Uncertainty:-     125                  
     Required Time:=     561                  
      Launch Clock:-     200                  
       Input Delay:-     300                  
         Data Path:-       0                  
             Slack:=      61                  

Exceptions/Constraints:
  input_delay             300             tmp_sdc_view_wcl_slo_line_539 

#---------------------------------------------------------------------------------------------------------------------------------------
#                  Timing Point                   Flags   Arc   Edge      Cell        Fanout Load Trans Delay Arrival      Instance     
#                                                                                            (fF)  (ps)  (ps)   (ps)       Location     
#---------------------------------------------------------------------------------------------------------------------------------------
  In1_re[11]                                      (u)     -     R     (arrival)            1  1.8     0     0     500             (-,-) 
  pp_fir_4_1_1_Delay_Pipeline_reg_re_reg[0][11]/d -       -     R     unmapped_d_flop      1    -     -     0     500  (50.1910,0.0845) 
#---------------------------------------------------------------------------------------------------------------------------------------

(u) : Net has unmapped pin(s).



Path 6: MET (61 ps) Setup Check with Pin pp_fir_4_1_1_Delay_Pipeline_reg_re_reg[0][10]/clk->d
           View: view_wcl_fast
          Group: clk
     Startpoint: (R) In1_re[10]
          Clock: (R) clk
       Endpoint: (R) pp_fir_4_1_1_Delay_Pipeline_reg_re_reg[0][10]/d
          Clock: (R) clk

                     Capture       Launch     
        Clock Edge:+     500            0     
        Drv Adjust:+       0            0     
       Src Latency:+       0            0     
       Net Latency:+     200 (I)      200 (I) 
           Arrival:=     700          200     
                                              
             Setup:-      14                  
       Uncertainty:-     125                  
     Required Time:=     561                  
      Launch Clock:-     200                  
       Input Delay:-     300                  
         Data Path:-       0                  
             Slack:=      61                  

Exceptions/Constraints:
  input_delay             300             tmp_sdc_view_wcl_slo_line_540 

#---------------------------------------------------------------------------------------------------------------------------------------
#                  Timing Point                   Flags   Arc   Edge      Cell        Fanout Load Trans Delay Arrival      Instance     
#                                                                                            (fF)  (ps)  (ps)   (ps)       Location     
#---------------------------------------------------------------------------------------------------------------------------------------
  In1_re[10]                                      (u)     -     R     (arrival)            1  1.8     0     0     500             (-,-) 
  pp_fir_4_1_1_Delay_Pipeline_reg_re_reg[0][10]/d -       -     R     unmapped_d_flop      1    -     -     0     500  (56.3690,1.0580) 
#---------------------------------------------------------------------------------------------------------------------------------------

(u) : Net has unmapped pin(s).



Path 7: MET (61 ps) Setup Check with Pin pp_fir_4_1_1_Delay_Pipeline_reg_re_reg[0][9]/clk->d
           View: view_wcl_fast
          Group: clk
     Startpoint: (R) In1_re[9]
          Clock: (R) clk
       Endpoint: (R) pp_fir_4_1_1_Delay_Pipeline_reg_re_reg[0][9]/d
          Clock: (R) clk

                     Capture       Launch     
        Clock Edge:+     500            0     
        Drv Adjust:+       0            0     
       Src Latency:+       0            0     
       Net Latency:+     200 (I)      200 (I) 
           Arrival:=     700          200     
                                              
             Setup:-      14                  
       Uncertainty:-     125                  
     Required Time:=     561                  
      Launch Clock:-     200                  
       Input Delay:-     300                  
         Data Path:-       0                  
             Slack:=      61                  

Exceptions/Constraints:
  input_delay             300             tmp_sdc_view_wcl_slo_line_541 

#--------------------------------------------------------------------------------------------------------------------------------------
#                 Timing Point                   Flags   Arc   Edge      Cell        Fanout Load Trans Delay Arrival      Instance     
#                                                                                           (fF)  (ps)  (ps)   (ps)       Location     
#--------------------------------------------------------------------------------------------------------------------------------------
  In1_re[9]                                      (u)     -     R     (arrival)            1  1.8     0     0     500             (-,-) 
  pp_fir_4_1_1_Delay_Pipeline_reg_re_reg[0][9]/d -       -     R     unmapped_d_flop      1    -     -     0     500  (69.4275,1.1595) 
#--------------------------------------------------------------------------------------------------------------------------------------

(u) : Net has unmapped pin(s).



Path 8: MET (61 ps) Setup Check with Pin pp_fir_4_1_1_Delay_Pipeline_reg_re_reg[0][8]/clk->d
           View: view_wcl_fast
          Group: clk
     Startpoint: (R) In1_re[8]
          Clock: (R) clk
       Endpoint: (R) pp_fir_4_1_1_Delay_Pipeline_reg_re_reg[0][8]/d
          Clock: (R) clk

                     Capture       Launch     
        Clock Edge:+     500            0     
        Drv Adjust:+       0            0     
       Src Latency:+       0            0     
       Net Latency:+     200 (I)      200 (I) 
           Arrival:=     700          200     
                                              
             Setup:-      14                  
       Uncertainty:-     125                  
     Required Time:=     561                  
      Launch Clock:-     200                  
       Input Delay:-     300                  
         Data Path:-       0                  
             Slack:=      61                  

Exceptions/Constraints:
  input_delay             300             tmp_sdc_view_wcl_slo_line_542 

#--------------------------------------------------------------------------------------------------------------------------------------
#                 Timing Point                   Flags   Arc   Edge      Cell        Fanout Load Trans Delay Arrival      Instance     
#                                                                                           (fF)  (ps)  (ps)   (ps)       Location     
#--------------------------------------------------------------------------------------------------------------------------------------
  In1_re[8]                                      (u)     -     R     (arrival)            1  1.8     0     0     500             (-,-) 
  pp_fir_4_1_1_Delay_Pipeline_reg_re_reg[0][8]/d -       -     R     unmapped_d_flop      1    -     -     0     500  (65.6735,1.1950) 
#--------------------------------------------------------------------------------------------------------------------------------------

(u) : Net has unmapped pin(s).



Path 9: MET (61 ps) Setup Check with Pin pp_fir_4_1_1_Delay_Pipeline_reg_re_reg[0][7]/clk->d
           View: view_wcl_fast
          Group: clk
     Startpoint: (R) In1_re[7]
          Clock: (R) clk
       Endpoint: (R) pp_fir_4_1_1_Delay_Pipeline_reg_re_reg[0][7]/d
          Clock: (R) clk

                     Capture       Launch     
        Clock Edge:+     500            0     
        Drv Adjust:+       0            0     
       Src Latency:+       0            0     
       Net Latency:+     200 (I)      200 (I) 
           Arrival:=     700          200     
                                              
             Setup:-      14                  
       Uncertainty:-     125                  
     Required Time:=     561                  
      Launch Clock:-     200                  
       Input Delay:-     300                  
         Data Path:-       0                  
             Slack:=      61                  

Exceptions/Constraints:
  input_delay             300             tmp_sdc_view_wcl_slo_line_543 

#--------------------------------------------------------------------------------------------------------------------------------------
#                 Timing Point                   Flags   Arc   Edge      Cell        Fanout Load Trans Delay Arrival      Instance     
#                                                                                           (fF)  (ps)  (ps)   (ps)       Location     
#--------------------------------------------------------------------------------------------------------------------------------------
  In1_re[7]                                      (u)     -     R     (arrival)            1  1.8     0     0     500             (-,-) 
  pp_fir_4_1_1_Delay_Pipeline_reg_re_reg[0][7]/d -       -     R     unmapped_d_flop      1    -     -     0     500  (70.4350,0.1100) 
#--------------------------------------------------------------------------------------------------------------------------------------

(u) : Net has unmapped pin(s).



Path 10: MET (61 ps) Setup Check with Pin pp_fir_4_1_1_Delay_Pipeline_reg_re_reg[0][6]/clk->d
           View: view_wcl_fast
          Group: clk
     Startpoint: (R) In1_re[6]
          Clock: (R) clk
       Endpoint: (R) pp_fir_4_1_1_Delay_Pipeline_reg_re_reg[0][6]/d
          Clock: (R) clk

                     Capture       Launch     
        Clock Edge:+     500            0     
        Drv Adjust:+       0            0     
       Src Latency:+       0            0     
       Net Latency:+     200 (I)      200 (I) 
           Arrival:=     700          200     
                                              
             Setup:-      14                  
       Uncertainty:-     125                  
     Required Time:=     561                  
      Launch Clock:-     200                  
       Input Delay:-     300                  
         Data Path:-       0                  
             Slack:=      61                  

Exceptions/Constraints:
  input_delay             300             tmp_sdc_view_wcl_slo_line_544 

#--------------------------------------------------------------------------------------------------------------------------------------
#                 Timing Point                   Flags   Arc   Edge      Cell        Fanout Load Trans Delay Arrival      Instance     
#                                                                                           (fF)  (ps)  (ps)   (ps)       Location     
#--------------------------------------------------------------------------------------------------------------------------------------
  In1_re[6]                                      (u)     -     R     (arrival)            1  1.8     0     0     500             (-,-) 
  pp_fir_4_1_1_Delay_Pipeline_reg_re_reg[0][6]/d -       -     R     unmapped_d_flop      1    -     -     0     500  (46.6340,0.0915) 
#--------------------------------------------------------------------------------------------------------------------------------------

(u) : Net has unmapped pin(s).



Path 11: MET (61 ps) Setup Check with Pin pp_fir_4_1_1_Delay_Pipeline_reg_re_reg[0][5]/clk->d
           View: view_wcl_fast
          Group: clk
     Startpoint: (R) In1_re[5]
          Clock: (R) clk
       Endpoint: (R) pp_fir_4_1_1_Delay_Pipeline_reg_re_reg[0][5]/d
          Clock: (R) clk

                     Capture       Launch     
        Clock Edge:+     500            0     
        Drv Adjust:+       0            0     
       Src Latency:+       0            0     
       Net Latency:+     200 (I)      200 (I) 
           Arrival:=     700          200     
                                              
             Setup:-      14                  
       Uncertainty:-     125                  
     Required Time:=     561                  
      Launch Clock:-     200                  
       Input Delay:-     300                  
         Data Path:-       0                  
             Slack:=      61                  

Exceptions/Constraints:
  input_delay             300             tmp_sdc_view_wcl_slo_line_545 

#--------------------------------------------------------------------------------------------------------------------------------------
#                 Timing Point                   Flags   Arc   Edge      Cell        Fanout Load Trans Delay Arrival      Instance     
#                                                                                           (fF)  (ps)  (ps)   (ps)       Location     
#--------------------------------------------------------------------------------------------------------------------------------------
  In1_re[5]                                      (u)     -     R     (arrival)            1  1.8     0     0     500             (-,-) 
  pp_fir_4_1_1_Delay_Pipeline_reg_re_reg[0][5]/d -       -     R     unmapped_d_flop      1    -     -     0     500  (52.3780,1.1345) 
#--------------------------------------------------------------------------------------------------------------------------------------

(u) : Net has unmapped pin(s).



Path 12: MET (61 ps) Setup Check with Pin pp_fir_4_1_1_Delay_Pipeline_reg_re_reg[0][4]/clk->d
           View: view_wcl_fast
          Group: clk
     Startpoint: (R) In1_re[4]
          Clock: (R) clk
       Endpoint: (R) pp_fir_4_1_1_Delay_Pipeline_reg_re_reg[0][4]/d
          Clock: (R) clk

                     Capture       Launch     
        Clock Edge:+     500            0     
        Drv Adjust:+       0            0     
       Src Latency:+       0            0     
       Net Latency:+     200 (I)      200 (I) 
           Arrival:=     700          200     
                                              
             Setup:-      14                  
       Uncertainty:-     125                  
     Required Time:=     561                  
      Launch Clock:-     200                  
       Input Delay:-     300                  
         Data Path:-       0                  
             Slack:=      61                  

Exceptions/Constraints:
  input_delay             300             tmp_sdc_view_wcl_slo_line_546 

#--------------------------------------------------------------------------------------------------------------------------------------
#                 Timing Point                   Flags   Arc   Edge      Cell        Fanout Load Trans Delay Arrival      Instance     
#                                                                                           (fF)  (ps)  (ps)   (ps)       Location     
#--------------------------------------------------------------------------------------------------------------------------------------
  In1_re[4]                                      (u)     -     R     (arrival)            1  1.8     0     0     500             (-,-) 
  pp_fir_4_1_1_Delay_Pipeline_reg_re_reg[0][4]/d -       -     R     unmapped_d_flop      1    -     -     0     500  (53.7230,0.1155) 
#--------------------------------------------------------------------------------------------------------------------------------------

(u) : Net has unmapped pin(s).



Path 13: MET (61 ps) Setup Check with Pin pp_fir_4_1_1_Delay_Pipeline_reg_re_reg[0][3]/clk->d
           View: view_wcl_fast
          Group: clk
     Startpoint: (R) In1_re[3]
          Clock: (R) clk
       Endpoint: (R) pp_fir_4_1_1_Delay_Pipeline_reg_re_reg[0][3]/d
          Clock: (R) clk

                     Capture       Launch     
        Clock Edge:+     500            0     
        Drv Adjust:+       0            0     
       Src Latency:+       0            0     
       Net Latency:+     200 (I)      200 (I) 
           Arrival:=     700          200     
                                              
             Setup:-      14                  
       Uncertainty:-     125                  
     Required Time:=     561                  
      Launch Clock:-     200                  
       Input Delay:-     300                  
         Data Path:-       0                  
             Slack:=      61                  

Exceptions/Constraints:
  input_delay             300             tmp_sdc_view_wcl_slo_line_547 

#--------------------------------------------------------------------------------------------------------------------------------------
#                 Timing Point                   Flags   Arc   Edge      Cell        Fanout Load Trans Delay Arrival      Instance     
#                                                                                           (fF)  (ps)  (ps)   (ps)       Location     
#--------------------------------------------------------------------------------------------------------------------------------------
  In1_re[3]                                      (u)     -     R     (arrival)            1  1.8     0     0     500             (-,-) 
  pp_fir_4_1_1_Delay_Pipeline_reg_re_reg[0][3]/d -       -     R     unmapped_d_flop      1    -     -     0     500  (57.0175,0.0520) 
#--------------------------------------------------------------------------------------------------------------------------------------

(u) : Net has unmapped pin(s).



Path 14: MET (61 ps) Setup Check with Pin pp_fir_4_1_1_Delay_Pipeline_reg_re_reg[0][2]/clk->d
           View: view_wcl_fast
          Group: clk
     Startpoint: (R) In1_re[2]
          Clock: (R) clk
       Endpoint: (R) pp_fir_4_1_1_Delay_Pipeline_reg_re_reg[0][2]/d
          Clock: (R) clk

                     Capture       Launch     
        Clock Edge:+     500            0     
        Drv Adjust:+       0            0     
       Src Latency:+       0            0     
       Net Latency:+     200 (I)      200 (I) 
           Arrival:=     700          200     
                                              
             Setup:-      14                  
       Uncertainty:-     125                  
     Required Time:=     561                  
      Launch Clock:-     200                  
       Input Delay:-     300                  
         Data Path:-       0                  
             Slack:=      61                  

Exceptions/Constraints:
  input_delay             300             tmp_sdc_view_wcl_slo_line_548 

#--------------------------------------------------------------------------------------------------------------------------------------
#                 Timing Point                   Flags   Arc   Edge      Cell        Fanout Load Trans Delay Arrival      Instance     
#                                                                                           (fF)  (ps)  (ps)   (ps)       Location     
#--------------------------------------------------------------------------------------------------------------------------------------
  In1_re[2]                                      (u)     -     R     (arrival)            1  1.8     0     0     500             (-,-) 
  pp_fir_4_1_1_Delay_Pipeline_reg_re_reg[0][2]/d -       -     R     unmapped_d_flop      1    -     -     0     500  (60.2760,0.1240) 
#--------------------------------------------------------------------------------------------------------------------------------------

(u) : Net has unmapped pin(s).



Path 15: MET (61 ps) Setup Check with Pin pp_fir_4_1_1_Delay_Pipeline_reg_re_reg[0][1]/clk->d
           View: view_wcl_fast
          Group: clk
     Startpoint: (R) In1_re[1]
          Clock: (R) clk
       Endpoint: (R) pp_fir_4_1_1_Delay_Pipeline_reg_re_reg[0][1]/d
          Clock: (R) clk

                     Capture       Launch     
        Clock Edge:+     500            0     
        Drv Adjust:+       0            0     
       Src Latency:+       0            0     
       Net Latency:+     200 (I)      200 (I) 
           Arrival:=     700          200     
                                              
             Setup:-      14                  
       Uncertainty:-     125                  
     Required Time:=     561                  
      Launch Clock:-     200                  
       Input Delay:-     300                  
         Data Path:-       0                  
             Slack:=      61                  

Exceptions/Constraints:
  input_delay             300             tmp_sdc_view_wcl_slo_line_549 

#--------------------------------------------------------------------------------------------------------------------------------------
#                 Timing Point                   Flags   Arc   Edge      Cell        Fanout Load Trans Delay Arrival      Instance     
#                                                                                           (fF)  (ps)  (ps)   (ps)       Location     
#--------------------------------------------------------------------------------------------------------------------------------------
  In1_re[1]                                      (u)     -     R     (arrival)            1  1.8     0     0     500             (-,-) 
  pp_fir_4_1_1_Delay_Pipeline_reg_re_reg[0][1]/d -       -     R     unmapped_d_flop      1    -     -     0     500  (66.4765,2.2625) 
#--------------------------------------------------------------------------------------------------------------------------------------

(u) : Net has unmapped pin(s).



Path 16: MET (61 ps) Setup Check with Pin pp_fir_4_1_1_Delay_Pipeline_reg_re_reg[0][0]/clk->d
           View: view_wcl_fast
          Group: clk
     Startpoint: (R) In1_re[0]
          Clock: (R) clk
       Endpoint: (R) pp_fir_4_1_1_Delay_Pipeline_reg_re_reg[0][0]/d
          Clock: (R) clk

                     Capture       Launch     
        Clock Edge:+     500            0     
        Drv Adjust:+       0            0     
       Src Latency:+       0            0     
       Net Latency:+     200 (I)      200 (I) 
           Arrival:=     700          200     
                                              
             Setup:-      14                  
       Uncertainty:-     125                  
     Required Time:=     561                  
      Launch Clock:-     200                  
       Input Delay:-     300                  
         Data Path:-       0                  
             Slack:=      61                  

Exceptions/Constraints:
  input_delay             300             tmp_sdc_view_wcl_slo_line_550 

#--------------------------------------------------------------------------------------------------------------------------------------
#                 Timing Point                   Flags   Arc   Edge      Cell        Fanout Load Trans Delay Arrival      Instance     
#                                                                                           (fF)  (ps)  (ps)   (ps)       Location     
#--------------------------------------------------------------------------------------------------------------------------------------
  In1_re[0]                                      (u)     -     R     (arrival)            1  1.8     0     0     500             (-,-) 
  pp_fir_4_1_1_Delay_Pipeline_reg_re_reg[0][0]/d -       -     R     unmapped_d_flop      1    -     -     0     500  (93.7740,0.0770) 
#--------------------------------------------------------------------------------------------------------------------------------------

(u) : Net has unmapped pin(s).



Path 17: MET (61 ps) Setup Check with Pin pp_fir_4_1_1_Delay_Pipeline_reg_im_reg[0][15]/clk->d
           View: view_wcl_fast
          Group: clk
     Startpoint: (R) In1_im[15]
          Clock: (R) clk
       Endpoint: (R) pp_fir_4_1_1_Delay_Pipeline_reg_im_reg[0][15]/d
          Clock: (R) clk

                     Capture       Launch     
        Clock Edge:+     500            0     
        Drv Adjust:+       0            0     
       Src Latency:+       0            0     
       Net Latency:+     200 (I)      200 (I) 
           Arrival:=     700          200     
                                              
             Setup:-      14                  
       Uncertainty:-     125                  
     Required Time:=     561                  
      Launch Clock:-     200                  
       Input Delay:-     300                  
         Data Path:-       0                  
             Slack:=      61                  

Exceptions/Constraints:
  input_delay             300             tmp_sdc_view_wcl_slo_line_551 

#-----------------------------------------------------------------------------------------------------------------------------------------
#                  Timing Point                   Flags   Arc   Edge      Cell        Fanout Load Trans Delay Arrival       Instance      
#                                                                                            (fF)  (ps)  (ps)   (ps)        Location      
#-----------------------------------------------------------------------------------------------------------------------------------------
  In1_im[15]                                      (u)     -     R     (arrival)            1  1.8     0     0     500               (-,-) 
  pp_fir_4_1_1_Delay_Pipeline_reg_im_reg[0][15]/d -       -     R     unmapped_d_flop      1    -     -     0     500  (127.6920,61.0550) 
#-----------------------------------------------------------------------------------------------------------------------------------------

(u) : Net has unmapped pin(s).



Path 18: MET (61 ps) Setup Check with Pin pp_fir_4_1_1_Delay_Pipeline_reg_im_reg[0][14]/clk->d
           View: view_wcl_fast
          Group: clk
     Startpoint: (R) In1_im[14]
          Clock: (R) clk
       Endpoint: (R) pp_fir_4_1_1_Delay_Pipeline_reg_im_reg[0][14]/d
          Clock: (R) clk

                     Capture       Launch     
        Clock Edge:+     500            0     
        Drv Adjust:+       0            0     
       Src Latency:+       0            0     
       Net Latency:+     200 (I)      200 (I) 
           Arrival:=     700          200     
                                              
             Setup:-      14                  
       Uncertainty:-     125                  
     Required Time:=     561                  
      Launch Clock:-     200                  
       Input Delay:-     300                  
         Data Path:-       0                  
             Slack:=      61                  

Exceptions/Constraints:
  input_delay             300             tmp_sdc_view_wcl_slo_line_552 

#---------------------------------------------------------------------------------------------------------------------------------------
#                  Timing Point                   Flags   Arc   Edge      Cell        Fanout Load Trans Delay Arrival      Instance     
#                                                                                            (fF)  (ps)  (ps)   (ps)       Location     
#---------------------------------------------------------------------------------------------------------------------------------------
  In1_im[14]                                      (u)     -     R     (arrival)            1  1.8     0     0     500             (-,-) 
  pp_fir_4_1_1_Delay_Pipeline_reg_im_reg[0][14]/d -       -     R     unmapped_d_flop      1    -     -     0     500  (66.8520,0.1115) 
#---------------------------------------------------------------------------------------------------------------------------------------

(u) : Net has unmapped pin(s).



Path 19: MET (61 ps) Setup Check with Pin pp_fir_4_1_1_Delay_Pipeline_reg_im_reg[0][13]/clk->d
           View: view_wcl_fast
          Group: clk
     Startpoint: (R) In1_im[13]
          Clock: (R) clk
       Endpoint: (R) pp_fir_4_1_1_Delay_Pipeline_reg_im_reg[0][13]/d
          Clock: (R) clk

                     Capture       Launch     
        Clock Edge:+     500            0     
        Drv Adjust:+       0            0     
       Src Latency:+       0            0     
       Net Latency:+     200 (I)      200 (I) 
           Arrival:=     700          200     
                                              
             Setup:-      14                  
       Uncertainty:-     125                  
     Required Time:=     561                  
      Launch Clock:-     200                  
       Input Delay:-     300                  
         Data Path:-       0                  
             Slack:=      61                  

Exceptions/Constraints:
  input_delay             300             tmp_sdc_view_wcl_slo_line_553 

#---------------------------------------------------------------------------------------------------------------------------------------
#                  Timing Point                   Flags   Arc   Edge      Cell        Fanout Load Trans Delay Arrival      Instance     
#                                                                                            (fF)  (ps)  (ps)   (ps)       Location     
#---------------------------------------------------------------------------------------------------------------------------------------
  In1_im[13]                                      (u)     -     R     (arrival)            1  1.8     0     0     500             (-,-) 
  pp_fir_4_1_1_Delay_Pipeline_reg_im_reg[0][13]/d -       -     R     unmapped_d_flop      1    -     -     0     500  (73.6795,0.1170) 
#---------------------------------------------------------------------------------------------------------------------------------------

(u) : Net has unmapped pin(s).



Path 20: MET (61 ps) Setup Check with Pin pp_fir_4_1_1_Delay_Pipeline_reg_im_reg[0][12]/clk->d
           View: view_wcl_fast
          Group: clk
     Startpoint: (R) In1_im[12]
          Clock: (R) clk
       Endpoint: (R) pp_fir_4_1_1_Delay_Pipeline_reg_im_reg[0][12]/d
          Clock: (R) clk

                     Capture       Launch     
        Clock Edge:+     500            0     
        Drv Adjust:+       0            0     
       Src Latency:+       0            0     
       Net Latency:+     200 (I)      200 (I) 
           Arrival:=     700          200     
                                              
             Setup:-      14                  
       Uncertainty:-     125                  
     Required Time:=     561                  
      Launch Clock:-     200                  
       Input Delay:-     300                  
         Data Path:-       0                  
             Slack:=      61                  

Exceptions/Constraints:
  input_delay             300             tmp_sdc_view_wcl_slo_line_554 

#---------------------------------------------------------------------------------------------------------------------------------------
#                  Timing Point                   Flags   Arc   Edge      Cell        Fanout Load Trans Delay Arrival      Instance     
#                                                                                            (fF)  (ps)  (ps)   (ps)       Location     
#---------------------------------------------------------------------------------------------------------------------------------------
  In1_im[12]                                      (u)     -     R     (arrival)            1  1.8     0     0     500             (-,-) 
  pp_fir_4_1_1_Delay_Pipeline_reg_im_reg[0][12]/d -       -     R     unmapped_d_flop      1    -     -     0     500  (80.3115,0.0760) 
#---------------------------------------------------------------------------------------------------------------------------------------

(u) : Net has unmapped pin(s).



Path 21: MET (61 ps) Setup Check with Pin pp_fir_4_1_1_Delay_Pipeline_reg_im_reg[0][11]/clk->d
           View: view_wcl_fast
          Group: clk
     Startpoint: (R) In1_im[11]
          Clock: (R) clk
       Endpoint: (R) pp_fir_4_1_1_Delay_Pipeline_reg_im_reg[0][11]/d
          Clock: (R) clk

                     Capture       Launch     
        Clock Edge:+     500            0     
        Drv Adjust:+       0            0     
       Src Latency:+       0            0     
       Net Latency:+     200 (I)      200 (I) 
           Arrival:=     700          200     
                                              
             Setup:-      14                  
       Uncertainty:-     125                  
     Required Time:=     561                  
      Launch Clock:-     200                  
       Input Delay:-     300                  
         Data Path:-       0                  
             Slack:=      61                  

Exceptions/Constraints:
  input_delay             300             tmp_sdc_view_wcl_slo_line_555 

#---------------------------------------------------------------------------------------------------------------------------------------
#                  Timing Point                   Flags   Arc   Edge      Cell        Fanout Load Trans Delay Arrival      Instance     
#                                                                                            (fF)  (ps)  (ps)   (ps)       Location     
#---------------------------------------------------------------------------------------------------------------------------------------
  In1_im[11]                                      (u)     -     R     (arrival)            1  1.8     0     0     500             (-,-) 
  pp_fir_4_1_1_Delay_Pipeline_reg_im_reg[0][11]/d -       -     R     unmapped_d_flop      1    -     -     0     500  (85.1295,9.1070) 
#---------------------------------------------------------------------------------------------------------------------------------------

(u) : Net has unmapped pin(s).



Path 22: MET (61 ps) Setup Check with Pin pp_fir_4_1_1_Delay_Pipeline_reg_im_reg[0][10]/clk->d
           View: view_wcl_fast
          Group: clk
     Startpoint: (R) In1_im[10]
          Clock: (R) clk
       Endpoint: (R) pp_fir_4_1_1_Delay_Pipeline_reg_im_reg[0][10]/d
          Clock: (R) clk

                     Capture       Launch     
        Clock Edge:+     500            0     
        Drv Adjust:+       0            0     
       Src Latency:+       0            0     
       Net Latency:+     200 (I)      200 (I) 
           Arrival:=     700          200     
                                              
             Setup:-      14                  
       Uncertainty:-     125                  
     Required Time:=     561                  
      Launch Clock:-     200                  
       Input Delay:-     300                  
         Data Path:-       0                  
             Slack:=      61                  

Exceptions/Constraints:
  input_delay             300             tmp_sdc_view_wcl_slo_line_556 

#-----------------------------------------------------------------------------------------------------------------------------------------
#                  Timing Point                   Flags   Arc   Edge      Cell        Fanout Load Trans Delay Arrival       Instance      
#                                                                                            (fF)  (ps)  (ps)   (ps)        Location      
#-----------------------------------------------------------------------------------------------------------------------------------------
  In1_im[10]                                      (u)     -     R     (arrival)            1  1.8     0     0     500               (-,-) 
  pp_fir_4_1_1_Delay_Pipeline_reg_im_reg[0][10]/d -       -     R     unmapped_d_flop      1    -     -     0     500  (103.5055,35.3360) 
#-----------------------------------------------------------------------------------------------------------------------------------------

(u) : Net has unmapped pin(s).



Path 23: MET (61 ps) Setup Check with Pin pp_fir_4_1_1_Delay_Pipeline_reg_im_reg[0][9]/clk->d
           View: view_wcl_fast
          Group: clk
     Startpoint: (R) In1_im[9]
          Clock: (R) clk
       Endpoint: (R) pp_fir_4_1_1_Delay_Pipeline_reg_im_reg[0][9]/d
          Clock: (R) clk

                     Capture       Launch     
        Clock Edge:+     500            0     
        Drv Adjust:+       0            0     
       Src Latency:+       0            0     
       Net Latency:+     200 (I)      200 (I) 
           Arrival:=     700          200     
                                              
             Setup:-      14                  
       Uncertainty:-     125                  
     Required Time:=     561                  
      Launch Clock:-     200                  
       Input Delay:-     300                  
         Data Path:-       0                  
             Slack:=      61                  

Exceptions/Constraints:
  input_delay             300             tmp_sdc_view_wcl_slo_line_557 

#----------------------------------------------------------------------------------------------------------------------------------------
#                 Timing Point                   Flags   Arc   Edge      Cell        Fanout Load Trans Delay Arrival       Instance      
#                                                                                           (fF)  (ps)  (ps)   (ps)        Location      
#----------------------------------------------------------------------------------------------------------------------------------------
  In1_im[9]                                      (u)     -     R     (arrival)            1  1.8     0     0     500               (-,-) 
  pp_fir_4_1_1_Delay_Pipeline_reg_im_reg[0][9]/d -       -     R     unmapped_d_flop      1    -     -     0     500  (130.5240,42.8000) 
#----------------------------------------------------------------------------------------------------------------------------------------

(u) : Net has unmapped pin(s).



Path 24: MET (61 ps) Setup Check with Pin pp_fir_4_1_1_Delay_Pipeline_reg_im_reg[0][8]/clk->d
           View: view_wcl_fast
          Group: clk
     Startpoint: (R) In1_im[8]
          Clock: (R) clk
       Endpoint: (R) pp_fir_4_1_1_Delay_Pipeline_reg_im_reg[0][8]/d
          Clock: (R) clk

                     Capture       Launch     
        Clock Edge:+     500            0     
        Drv Adjust:+       0            0     
       Src Latency:+       0            0     
       Net Latency:+     200 (I)      200 (I) 
           Arrival:=     700          200     
                                              
             Setup:-      14                  
       Uncertainty:-     125                  
     Required Time:=     561                  
      Launch Clock:-     200                  
       Input Delay:-     300                  
         Data Path:-       0                  
             Slack:=      61                  

Exceptions/Constraints:
  input_delay             300             tmp_sdc_view_wcl_slo_line_558 

#----------------------------------------------------------------------------------------------------------------------------------------
#                 Timing Point                   Flags   Arc   Edge      Cell        Fanout Load Trans Delay Arrival       Instance      
#                                                                                           (fF)  (ps)  (ps)   (ps)        Location      
#----------------------------------------------------------------------------------------------------------------------------------------
  In1_im[8]                                      (u)     -     R     (arrival)            1  1.8     0     0     500               (-,-) 
  pp_fir_4_1_1_Delay_Pipeline_reg_im_reg[0][8]/d -       -     R     unmapped_d_flop      1    -     -     0     500  (135.8805,41.8135) 
#----------------------------------------------------------------------------------------------------------------------------------------

(u) : Net has unmapped pin(s).



Path 25: MET (61 ps) Setup Check with Pin pp_fir_4_1_1_Delay_Pipeline_reg_im_reg[0][7]/clk->d
           View: view_wcl_fast
          Group: clk
     Startpoint: (R) In1_im[7]
          Clock: (R) clk
       Endpoint: (R) pp_fir_4_1_1_Delay_Pipeline_reg_im_reg[0][7]/d
          Clock: (R) clk

                     Capture       Launch     
        Clock Edge:+     500            0     
        Drv Adjust:+       0            0     
       Src Latency:+       0            0     
       Net Latency:+     200 (I)      200 (I) 
           Arrival:=     700          200     
                                              
             Setup:-      14                  
       Uncertainty:-     125                  
     Required Time:=     561                  
      Launch Clock:-     200                  
       Input Delay:-     300                  
         Data Path:-       0                  
             Slack:=      61                  

Exceptions/Constraints:
  input_delay             300             tmp_sdc_view_wcl_slo_line_559 

#----------------------------------------------------------------------------------------------------------------------------------------
#                 Timing Point                   Flags   Arc   Edge      Cell        Fanout Load Trans Delay Arrival       Instance      
#                                                                                           (fF)  (ps)  (ps)   (ps)        Location      
#----------------------------------------------------------------------------------------------------------------------------------------
  In1_im[7]                                      (u)     -     R     (arrival)            1  1.8     0     0     500               (-,-) 
  pp_fir_4_1_1_Delay_Pipeline_reg_im_reg[0][7]/d -       -     R     unmapped_d_flop      1    -     -     0     500  (139.1665,40.1050) 
#----------------------------------------------------------------------------------------------------------------------------------------

(u) : Net has unmapped pin(s).



Path 26: MET (61 ps) Setup Check with Pin pp_fir_4_1_1_Delay_Pipeline_reg_im_reg[0][6]/clk->d
           View: view_wcl_fast
          Group: clk
     Startpoint: (R) In1_im[6]
          Clock: (R) clk
       Endpoint: (R) pp_fir_4_1_1_Delay_Pipeline_reg_im_reg[0][6]/d
          Clock: (R) clk

                     Capture       Launch     
        Clock Edge:+     500            0     
        Drv Adjust:+       0            0     
       Src Latency:+       0            0     
       Net Latency:+     200 (I)      200 (I) 
           Arrival:=     700          200     
                                              
             Setup:-      14                  
       Uncertainty:-     125                  
     Required Time:=     561                  
      Launch Clock:-     200                  
       Input Delay:-     300                  
         Data Path:-       0                  
             Slack:=      61                  

Exceptions/Constraints:
  input_delay             300             tmp_sdc_view_wcl_slo_line_560 

#----------------------------------------------------------------------------------------------------------------------------------------
#                 Timing Point                   Flags   Arc   Edge      Cell        Fanout Load Trans Delay Arrival       Instance      
#                                                                                           (fF)  (ps)  (ps)   (ps)        Location      
#----------------------------------------------------------------------------------------------------------------------------------------
  In1_im[6]                                      (u)     -     R     (arrival)            1  1.8     0     0     500               (-,-) 
  pp_fir_4_1_1_Delay_Pipeline_reg_im_reg[0][6]/d -       -     R     unmapped_d_flop      1    -     -     0     500  (132.3130,37.3335) 
#----------------------------------------------------------------------------------------------------------------------------------------

(u) : Net has unmapped pin(s).



Path 27: MET (61 ps) Setup Check with Pin pp_fir_4_1_1_Delay_Pipeline_reg_im_reg[0][5]/clk->d
           View: view_wcl_fast
          Group: clk
     Startpoint: (R) In1_im[5]
          Clock: (R) clk
       Endpoint: (R) pp_fir_4_1_1_Delay_Pipeline_reg_im_reg[0][5]/d
          Clock: (R) clk

                     Capture       Launch     
        Clock Edge:+     500            0     
        Drv Adjust:+       0            0     
       Src Latency:+       0            0     
       Net Latency:+     200 (I)      200 (I) 
           Arrival:=     700          200     
                                              
             Setup:-      14                  
       Uncertainty:-     125                  
     Required Time:=     561                  
      Launch Clock:-     200                  
       Input Delay:-     300                  
         Data Path:-       0                  
             Slack:=      61                  

Exceptions/Constraints:
  input_delay             300             tmp_sdc_view_wcl_slo_line_561 

#----------------------------------------------------------------------------------------------------------------------------------------
#                 Timing Point                   Flags   Arc   Edge      Cell        Fanout Load Trans Delay Arrival       Instance      
#                                                                                           (fF)  (ps)  (ps)   (ps)        Location      
#----------------------------------------------------------------------------------------------------------------------------------------
  In1_im[5]                                      (u)     -     R     (arrival)            1  1.8     0     0     500               (-,-) 
  pp_fir_4_1_1_Delay_Pipeline_reg_im_reg[0][5]/d -       -     R     unmapped_d_flop      1    -     -     0     500  (142.5385,39.8155) 
#----------------------------------------------------------------------------------------------------------------------------------------

(u) : Net has unmapped pin(s).



Path 28: MET (61 ps) Setup Check with Pin pp_fir_4_1_1_Delay_Pipeline_reg_im_reg[0][4]/clk->d
           View: view_wcl_fast
          Group: clk
     Startpoint: (R) In1_im[4]
          Clock: (R) clk
       Endpoint: (R) pp_fir_4_1_1_Delay_Pipeline_reg_im_reg[0][4]/d
          Clock: (R) clk

                     Capture       Launch     
        Clock Edge:+     500            0     
        Drv Adjust:+       0            0     
       Src Latency:+       0            0     
       Net Latency:+     200 (I)      200 (I) 
           Arrival:=     700          200     
                                              
             Setup:-      14                  
       Uncertainty:-     125                  
     Required Time:=     561                  
      Launch Clock:-     200                  
       Input Delay:-     300                  
         Data Path:-       0                  
             Slack:=      61                  

Exceptions/Constraints:
  input_delay             300             tmp_sdc_view_wcl_slo_line_562 

#----------------------------------------------------------------------------------------------------------------------------------------
#                 Timing Point                   Flags   Arc   Edge      Cell        Fanout Load Trans Delay Arrival       Instance      
#                                                                                           (fF)  (ps)  (ps)   (ps)        Location      
#----------------------------------------------------------------------------------------------------------------------------------------
  In1_im[4]                                      (u)     -     R     (arrival)            1  1.8     0     0     500               (-,-) 
  pp_fir_4_1_1_Delay_Pipeline_reg_im_reg[0][4]/d -       -     R     unmapped_d_flop      1    -     -     0     500  (149.5380,37.6605) 
#----------------------------------------------------------------------------------------------------------------------------------------

(u) : Net has unmapped pin(s).



Path 29: MET (61 ps) Setup Check with Pin pp_fir_4_1_1_Delay_Pipeline_reg_im_reg[0][3]/clk->d
           View: view_wcl_fast
          Group: clk
     Startpoint: (R) In1_im[3]
          Clock: (R) clk
       Endpoint: (R) pp_fir_4_1_1_Delay_Pipeline_reg_im_reg[0][3]/d
          Clock: (R) clk

                     Capture       Launch     
        Clock Edge:+     500            0     
        Drv Adjust:+       0            0     
       Src Latency:+       0            0     
       Net Latency:+     200 (I)      200 (I) 
           Arrival:=     700          200     
                                              
             Setup:-      14                  
       Uncertainty:-     125                  
     Required Time:=     561                  
      Launch Clock:-     200                  
       Input Delay:-     300                  
         Data Path:-       0                  
             Slack:=      61                  

Exceptions/Constraints:
  input_delay             300             tmp_sdc_view_wcl_slo_line_563 

#----------------------------------------------------------------------------------------------------------------------------------------
#                 Timing Point                   Flags   Arc   Edge      Cell        Fanout Load Trans Delay Arrival       Instance      
#                                                                                           (fF)  (ps)  (ps)   (ps)        Location      
#----------------------------------------------------------------------------------------------------------------------------------------
  In1_im[3]                                      (u)     -     R     (arrival)            1  1.8     0     0     500               (-,-) 
  pp_fir_4_1_1_Delay_Pipeline_reg_im_reg[0][3]/d -       -     R     unmapped_d_flop      1    -     -     0     500  (157.6020,38.4385) 
#----------------------------------------------------------------------------------------------------------------------------------------

(u) : Net has unmapped pin(s).



Path 30: MET (61 ps) Setup Check with Pin pp_fir_4_1_1_Delay_Pipeline_reg_im_reg[0][2]/clk->d
           View: view_wcl_fast
          Group: clk
     Startpoint: (R) In1_im[2]
          Clock: (R) clk
       Endpoint: (R) pp_fir_4_1_1_Delay_Pipeline_reg_im_reg[0][2]/d
          Clock: (R) clk

                     Capture       Launch     
        Clock Edge:+     500            0     
        Drv Adjust:+       0            0     
       Src Latency:+       0            0     
       Net Latency:+     200 (I)      200 (I) 
           Arrival:=     700          200     
                                              
             Setup:-      14                  
       Uncertainty:-     125                  
     Required Time:=     561                  
      Launch Clock:-     200                  
       Input Delay:-     300                  
         Data Path:-       0                  
             Slack:=      61                  

Exceptions/Constraints:
  input_delay             300             tmp_sdc_view_wcl_slo_line_564 

#----------------------------------------------------------------------------------------------------------------------------------------
#                 Timing Point                   Flags   Arc   Edge      Cell        Fanout Load Trans Delay Arrival       Instance      
#                                                                                           (fF)  (ps)  (ps)   (ps)        Location      
#----------------------------------------------------------------------------------------------------------------------------------------
  In1_im[2]                                      (u)     -     R     (arrival)            1  1.8     0     0     500               (-,-) 
  pp_fir_4_1_1_Delay_Pipeline_reg_im_reg[0][2]/d -       -     R     unmapped_d_flop      1    -     -     0     500  (167.2830,34.8895) 
#----------------------------------------------------------------------------------------------------------------------------------------

(u) : Net has unmapped pin(s).



Path 31: MET (61 ps) Setup Check with Pin pp_fir_4_1_1_Delay_Pipeline_reg_im_reg[0][1]/clk->d
           View: view_wcl_fast
          Group: clk
     Startpoint: (R) In1_im[1]
          Clock: (R) clk
       Endpoint: (R) pp_fir_4_1_1_Delay_Pipeline_reg_im_reg[0][1]/d
          Clock: (R) clk

                     Capture       Launch     
        Clock Edge:+     500            0     
        Drv Adjust:+       0            0     
       Src Latency:+       0            0     
       Net Latency:+     200 (I)      200 (I) 
           Arrival:=     700          200     
                                              
             Setup:-      14                  
       Uncertainty:-     125                  
     Required Time:=     561                  
      Launch Clock:-     200                  
       Input Delay:-     300                  
         Data Path:-       0                  
             Slack:=      61                  

Exceptions/Constraints:
  input_delay             300             tmp_sdc_view_wcl_slo_line_565 

#----------------------------------------------------------------------------------------------------------------------------------------
#                 Timing Point                   Flags   Arc   Edge      Cell        Fanout Load Trans Delay Arrival       Instance      
#                                                                                           (fF)  (ps)  (ps)   (ps)        Location      
#----------------------------------------------------------------------------------------------------------------------------------------
  In1_im[1]                                      (u)     -     R     (arrival)            1  1.8     0     0     500               (-,-) 
  pp_fir_4_1_1_Delay_Pipeline_reg_im_reg[0][1]/d -       -     R     unmapped_d_flop      1    -     -     0     500  (168.5250,32.8770) 
#----------------------------------------------------------------------------------------------------------------------------------------

(u) : Net has unmapped pin(s).



Path 32: MET (61 ps) Setup Check with Pin pp_fir_4_1_1_Delay_Pipeline_reg_im_reg[0][0]/clk->d
           View: view_wcl_fast
          Group: clk
     Startpoint: (R) In1_im[0]
          Clock: (R) clk
       Endpoint: (R) pp_fir_4_1_1_Delay_Pipeline_reg_im_reg[0][0]/d
          Clock: (R) clk

                     Capture       Launch     
        Clock Edge:+     500            0     
        Drv Adjust:+       0            0     
       Src Latency:+       0            0     
       Net Latency:+     200 (I)      200 (I) 
           Arrival:=     700          200     
                                              
             Setup:-      14                  
       Uncertainty:-     125                  
     Required Time:=     561                  
      Launch Clock:-     200                  
       Input Delay:-     300                  
         Data Path:-       0                  
             Slack:=      61                  

Exceptions/Constraints:
  input_delay             300             tmp_sdc_view_wcl_slo_line_566 

#----------------------------------------------------------------------------------------------------------------------------------------
#                 Timing Point                   Flags   Arc   Edge      Cell        Fanout Load Trans Delay Arrival       Instance      
#                                                                                           (fF)  (ps)  (ps)   (ps)        Location      
#----------------------------------------------------------------------------------------------------------------------------------------
  In1_im[0]                                      (u)     -     R     (arrival)            1  1.8     0     0     500               (-,-) 
  pp_fir_4_1_1_Delay_Pipeline_reg_im_reg[0][0]/d -       -     R     unmapped_d_flop      1    -     -     0     500  (177.1120,32.4775) 
#----------------------------------------------------------------------------------------------------------------------------------------

(u) : Net has unmapped pin(s).



Path 33: MET (61 ps) Setup Check with Pin signed_mag_4_sign_re_stage1_reg/clk->sena
           View: view_wcl_fast
          Group: clk
     Startpoint: (R) rst_n
          Clock: (R) clk
       Endpoint: (R) signed_mag_4_sign_re_stage1_reg/sena
          Clock: (R) clk

                     Capture       Launch     
        Clock Edge:+     500            0     
        Drv Adjust:+       0            0     
       Src Latency:+       0            0     
       Net Latency:+     200 (I)      200 (I) 
           Arrival:=     700          200     
                                              
             Setup:-      14                  
       Uncertainty:-     125                  
     Required Time:=     561                  
      Launch Clock:-     200                  
       Input Delay:-     300                  
         Data Path:-       0                  
             Slack:=      61                  

Exceptions/Constraints:
  input_delay             300             tmp_sdc_view_wcl_slo_line_533 

#-----------------------------------------------------------------------------------------------------------------------------
#            Timing Point              Flags   Arc   Edge      Cell        Fanout Load Trans Delay Arrival      Instance      
#                                                                                 (fF)  (ps)  (ps)   (ps)       Location      
#-----------------------------------------------------------------------------------------------------------------------------
  rst_n                                (a,u)   -     R     (arrival)            5  3.6     0     0     500              (-,-) 
  signed_mag_4_sign_re_stage1_reg/sena -       -     R     unmapped_d_flop      5    -     -     0     500  (0.0200,110.2640) 
#-----------------------------------------------------------------------------------------------------------------------------

(u) : Net has unmapped pin(s).
(a) : Net has asynchronous load pins which are being considered ideal.



Path 34: MET (132 ps) Setup Check with Pin pp_fir_4_1_1_sum1_8_re_1_reg[28]/clk->d
           View: view_wcl_fast
          Group: clk
     Startpoint: (R) pp_fir_4_1_1_Delay_Pipeline_reg_re_reg[17][2]/clk
          Clock: (R) clk
       Endpoint: (R) pp_fir_4_1_1_sum1_8_re_1_reg[28]/d
          Clock: (R) clk

                     Capture       Launch     
        Clock Edge:+     500            0     
       Src Latency:+       0            0     
       Net Latency:+     200 (I)      200 (I) 
           Arrival:=     700          200     
                                              
             Setup:-       5                  
       Uncertainty:-     125                  
     Required Time:=     570                  
      Launch Clock:-     200                  
         Data Path:-     238                  
             Slack:=     132                  

#-----------------------------------------------------------------------------------------------------------------------------------------------
#                   Timing Point                     Flags    Arc    Edge       Cell         Fanout Load Trans Delay Arrival      Instance      
#                                                                                                   (fF)  (ps)  (ps)   (ps)       Location      
#-----------------------------------------------------------------------------------------------------------------------------------------------
  pp_fir_4_1_1_Delay_Pipeline_reg_re_reg[17][2]/clk  -       -       R     (arrival)           3624    -    25     0     200              (-,-) 
  pp_fir_4_1_1_Delay_Pipeline_reg_re_reg[17][2]/q    (u)     clk->q  R     unmapped_d_flop       15 27.0     0    45     245  (30.6970,65.0565) 
  pp_fir_4_1_1_csa_tree_ADD_TC_OP_groupi3966/g4739/z (u)     in_0->z R     unmapped_xnor2         1  1.8     0    11     256  (19.6600,72.2315) 
  pp_fir_4_1_1_csa_tree_ADD_TC_OP_groupi3966/g4858/z (u)     in_0->z R     unmapped_xnor2         2  3.6     0    12     268  (18.8090,72.2585) 
  pp_fir_4_1_1_csa_tree_ADD_TC_OP_groupi3966/g2453/z (u)     in_0->z R     unmapped_complex2      2  3.6     0     7     275  (16.8720,72.2855) 
  pp_fir_4_1_1_csa_tree_ADD_TC_OP_groupi3966/g5091/z (u)     in_1->z R     unmapped_complex3      2  3.6     0    13     287  (16.8890,71.3410) 
  pp_fir_4_1_1_csa_tree_ADD_TC_OP_groupi3966/g5166/z (u)     in_2->z R     unmapped_complex3      3  5.4     0    14     301  (16.3480,69.4735) 
  pp_fir_4_1_1_csa_tree_ADD_TC_OP_groupi3966/g5217/z (u)     in_0->z F     unmapped_nand3         1  1.8     0     8     309  (16.1545,68.5035) 
  pp_fir_4_1_1_csa_tree_ADD_TC_OP_groupi3966/g5209/z (u)     in_0->z R     unmapped_complex4      2  3.6     0    10     319  (17.8305,69.0105) 
  pp_fir_4_1_1_csa_tree_ADD_TC_OP_groupi3966/g5278/z (u)     in_2->z R     unmapped_complex3      2  3.6     0    13     331  (13.8070,73.7515) 
  pp_fir_4_1_1_csa_tree_ADD_TC_OP_groupi3966/g5312/z (u)     in_2->z R     unmapped_complex3      4  7.2     0    14     346  (15.2565,78.4910) 
  pp_fir_4_1_1_csa_tree_ADD_TC_OP_groupi3966/g5309/z (u)     in_0->z F     unmapped_complex4      1  1.8     0    11     357  (18.1510,81.6450) 
  pp_fir_4_1_1_csa_tree_ADD_TC_OP_groupi3966/g5336/z (u)     in_0->z R     unmapped_nand3         4  7.2     0    11     368  (21.2615,81.6250) 
  pp_fir_4_1_1_csa_tree_ADD_TC_OP_groupi3966/g5327/z (u)     in_0->z F     unmapped_complex4      1  1.8     0    11     380  (28.0705,86.2875) 
  pp_fir_4_1_1_csa_tree_ADD_TC_OP_groupi3966/g5357/z (u)     in_0->z R     unmapped_nand3        13 23.4     0    17     396  (30.0130,87.5530) 
  pp_fir_4_1_1_csa_tree_ADD_TC_OP_groupi3966/g5375/z (u)     in_1->z R     unmapped_complex4      1  1.8     0    14     410  (46.1655,93.9410) 
  pp_fir_4_1_1_csa_tree_ADD_TC_OP_groupi3966/g5377/z (u)     in_0->z R     unmapped_complex3      1  1.8     0     6     416  (47.6440,94.1680) 
  pp_fir_4_1_1_csa_tree_ADD_TC_OP_groupi3966/g5408/z (u)     in_0->z R     unmapped_xnor2         1  1.8     0    11     427  (48.6375,94.0795) 
  pp_fir_4_1_1_g7162/z                               (u)     in_1->z R     unmapped_complex3      1  1.8     0    11     438  (48.3000,95.3775) 
  pp_fir_4_1_1_sum1_8_re_1_reg[28]/d                 -       -       R     unmapped_d_flop        1    -     -     0     438  (47.6340,96.5130) 
#-----------------------------------------------------------------------------------------------------------------------------------------------

(u) : Net has unmapped pin(s).



Path 35: MET (132 ps) Setup Check with Pin pp_fir_4_1_1_sum1_8_re_1_reg[27]/clk->d
           View: view_wcl_fast
          Group: clk
     Startpoint: (R) pp_fir_4_1_1_Delay_Pipeline_reg_re_reg[17][2]/clk
          Clock: (R) clk
       Endpoint: (R) pp_fir_4_1_1_sum1_8_re_1_reg[27]/d
          Clock: (R) clk

                     Capture       Launch     
        Clock Edge:+     500            0     
       Src Latency:+       0            0     
       Net Latency:+     200 (I)      200 (I) 
           Arrival:=     700          200     
                                              
             Setup:-       5                  
       Uncertainty:-     125                  
     Required Time:=     570                  
      Launch Clock:-     200                  
         Data Path:-     238                  
             Slack:=     132                  

#-----------------------------------------------------------------------------------------------------------------------------------------------
#                   Timing Point                     Flags    Arc    Edge       Cell         Fanout Load Trans Delay Arrival      Instance      
#                                                                                                   (fF)  (ps)  (ps)   (ps)       Location      
#-----------------------------------------------------------------------------------------------------------------------------------------------
  pp_fir_4_1_1_Delay_Pipeline_reg_re_reg[17][2]/clk  -       -       R     (arrival)           3624    -    25     0     200              (-,-) 
  pp_fir_4_1_1_Delay_Pipeline_reg_re_reg[17][2]/q    (u)     clk->q  R     unmapped_d_flop       15 27.0     0    45     245  (30.6970,65.0565) 
  pp_fir_4_1_1_csa_tree_ADD_TC_OP_groupi3966/g4739/z (u)     in_0->z R     unmapped_xnor2         1  1.8     0    11     256  (19.6600,72.2315) 
  pp_fir_4_1_1_csa_tree_ADD_TC_OP_groupi3966/g4858/z (u)     in_0->z R     unmapped_xnor2         2  3.6     0    12     268  (18.8090,72.2585) 
  pp_fir_4_1_1_csa_tree_ADD_TC_OP_groupi3966/g2453/z (u)     in_0->z R     unmapped_complex2      2  3.6     0     7     275  (16.8720,72.2855) 
  pp_fir_4_1_1_csa_tree_ADD_TC_OP_groupi3966/g5091/z (u)     in_1->z R     unmapped_complex3      2  3.6     0    13     287  (16.8890,71.3410) 
  pp_fir_4_1_1_csa_tree_ADD_TC_OP_groupi3966/g5166/z (u)     in_2->z R     unmapped_complex3      3  5.4     0    14     301  (16.3480,69.4735) 
  pp_fir_4_1_1_csa_tree_ADD_TC_OP_groupi3966/g5217/z (u)     in_0->z F     unmapped_nand3         1  1.8     0     8     309  (16.1545,68.5035) 
  pp_fir_4_1_1_csa_tree_ADD_TC_OP_groupi3966/g5209/z (u)     in_0->z R     unmapped_complex4      2  3.6     0    10     319  (17.8305,69.0105) 
  pp_fir_4_1_1_csa_tree_ADD_TC_OP_groupi3966/g5278/z (u)     in_2->z R     unmapped_complex3      2  3.6     0    13     331  (13.8070,73.7515) 
  pp_fir_4_1_1_csa_tree_ADD_TC_OP_groupi3966/g5312/z (u)     in_2->z R     unmapped_complex3      4  7.2     0    14     346  (15.2565,78.4910) 
  pp_fir_4_1_1_csa_tree_ADD_TC_OP_groupi3966/g5309/z (u)     in_0->z F     unmapped_complex4      1  1.8     0    11     357  (18.1510,81.6450) 
  pp_fir_4_1_1_csa_tree_ADD_TC_OP_groupi3966/g5336/z (u)     in_0->z R     unmapped_nand3         4  7.2     0    11     368  (21.2615,81.6250) 
  pp_fir_4_1_1_csa_tree_ADD_TC_OP_groupi3966/g5327/z (u)     in_0->z F     unmapped_complex4      1  1.8     0    11     380  (28.0705,86.2875) 
  pp_fir_4_1_1_csa_tree_ADD_TC_OP_groupi3966/g5357/z (u)     in_0->z R     unmapped_nand3        13 23.4     0    17     396  (30.0130,87.5530) 
  pp_fir_4_1_1_csa_tree_ADD_TC_OP_groupi3966/g5378/z (u)     in_1->z R     unmapped_complex4      1  1.8     0    14     410  (44.7945,90.9690) 
  pp_fir_4_1_1_csa_tree_ADD_TC_OP_groupi3966/g5381/z (u)     in_0->z R     unmapped_complex3      1  1.8     0     6     416  (44.9350,92.0200) 
  pp_fir_4_1_1_csa_tree_ADD_TC_OP_groupi3966/g5406/z (u)     in_0->z R     unmapped_xnor2         1  1.8     0    11     427  (44.8895,92.9065) 
  pp_fir_4_1_1_g7130/z                               (u)     in_1->z R     unmapped_complex3      1  1.8     0    11     438  (44.1480,95.6155) 
  pp_fir_4_1_1_sum1_8_re_1_reg[27]/d                 -       -       R     unmapped_d_flop        1    -     -     0     438  (43.8040,96.5325) 
#-----------------------------------------------------------------------------------------------------------------------------------------------

(u) : Net has unmapped pin(s).



Path 36: MET (132 ps) Setup Check with Pin pp_fir_4_1_1_sum1_8_re_1_reg[26]/clk->d
           View: view_wcl_fast
          Group: clk
     Startpoint: (R) pp_fir_4_1_1_Delay_Pipeline_reg_re_reg[17][2]/clk
          Clock: (R) clk
       Endpoint: (R) pp_fir_4_1_1_sum1_8_re_1_reg[26]/d
          Clock: (R) clk

                     Capture       Launch     
        Clock Edge:+     500            0     
       Src Latency:+       0            0     
       Net Latency:+     200 (I)      200 (I) 
           Arrival:=     700          200     
                                              
             Setup:-       5                  
       Uncertainty:-     125                  
     Required Time:=     570                  
      Launch Clock:-     200                  
         Data Path:-     238                  
             Slack:=     132                  

#-----------------------------------------------------------------------------------------------------------------------------------------------
#                   Timing Point                     Flags    Arc    Edge       Cell         Fanout Load Trans Delay Arrival      Instance      
#                                                                                                   (fF)  (ps)  (ps)   (ps)       Location      
#-----------------------------------------------------------------------------------------------------------------------------------------------
  pp_fir_4_1_1_Delay_Pipeline_reg_re_reg[17][2]/clk  -       -       R     (arrival)           3624    -    25     0     200              (-,-) 
  pp_fir_4_1_1_Delay_Pipeline_reg_re_reg[17][2]/q    (u)     clk->q  R     unmapped_d_flop       15 27.0     0    45     245  (30.6970,65.0565) 
  pp_fir_4_1_1_csa_tree_ADD_TC_OP_groupi3966/g4739/z (u)     in_0->z R     unmapped_xnor2         1  1.8     0    11     256  (19.6600,72.2315) 
  pp_fir_4_1_1_csa_tree_ADD_TC_OP_groupi3966/g4858/z (u)     in_0->z R     unmapped_xnor2         2  3.6     0    12     268  (18.8090,72.2585) 
  pp_fir_4_1_1_csa_tree_ADD_TC_OP_groupi3966/g2453/z (u)     in_0->z R     unmapped_complex2      2  3.6     0     7     275  (16.8720,72.2855) 
  pp_fir_4_1_1_csa_tree_ADD_TC_OP_groupi3966/g5091/z (u)     in_1->z R     unmapped_complex3      2  3.6     0    13     287  (16.8890,71.3410) 
  pp_fir_4_1_1_csa_tree_ADD_TC_OP_groupi3966/g5166/z (u)     in_2->z R     unmapped_complex3      3  5.4     0    14     301  (16.3480,69.4735) 
  pp_fir_4_1_1_csa_tree_ADD_TC_OP_groupi3966/g5217/z (u)     in_0->z F     unmapped_nand3         1  1.8     0     8     309  (16.1545,68.5035) 
  pp_fir_4_1_1_csa_tree_ADD_TC_OP_groupi3966/g5209/z (u)     in_0->z R     unmapped_complex4      2  3.6     0    10     319  (17.8305,69.0105) 
  pp_fir_4_1_1_csa_tree_ADD_TC_OP_groupi3966/g5278/z (u)     in_2->z R     unmapped_complex3      2  3.6     0    13     331  (13.8070,73.7515) 
  pp_fir_4_1_1_csa_tree_ADD_TC_OP_groupi3966/g5312/z (u)     in_2->z R     unmapped_complex3      4  7.2     0    14     346  (15.2565,78.4910) 
  pp_fir_4_1_1_csa_tree_ADD_TC_OP_groupi3966/g5309/z (u)     in_0->z F     unmapped_complex4      1  1.8     0    11     357  (18.1510,81.6450) 
  pp_fir_4_1_1_csa_tree_ADD_TC_OP_groupi3966/g5336/z (u)     in_0->z R     unmapped_nand3         4  7.2     0    11     368  (21.2615,81.6250) 
  pp_fir_4_1_1_csa_tree_ADD_TC_OP_groupi3966/g5327/z (u)     in_0->z F     unmapped_complex4      1  1.8     0    11     380  (28.0705,86.2875) 
  pp_fir_4_1_1_csa_tree_ADD_TC_OP_groupi3966/g5357/z (u)     in_0->z R     unmapped_nand3        13 23.4     0    17     396  (30.0130,87.5530) 
  pp_fir_4_1_1_csa_tree_ADD_TC_OP_groupi3966/g5380/z (u)     in_1->z R     unmapped_complex4      1  1.8     0    14     410  (44.5560,93.7585) 
  pp_fir_4_1_1_csa_tree_ADD_TC_OP_groupi3966/g5374/z (u)     in_0->z R     unmapped_complex3      1  1.8     0     6     416  (44.3770,94.7335) 
  pp_fir_4_1_1_csa_tree_ADD_TC_OP_groupi3966/g5405/z (u)     in_0->z R     unmapped_xnor2         1  1.8     0    11     427  (45.4335,95.5170) 
  pp_fir_4_1_1_g7105/z                               (u)     in_1->z R     unmapped_complex3      1  1.8     0    11     438  (44.7190,97.5875) 
  pp_fir_4_1_1_sum1_8_re_1_reg[26]/d                 -       -       R     unmapped_d_flop        1    -     -     0     438  (44.9000,98.5560) 
#-----------------------------------------------------------------------------------------------------------------------------------------------

(u) : Net has unmapped pin(s).



Path 37: MET (132 ps) Setup Check with Pin pp_fir_4_1_1_sum1_8_re_1_reg[25]/clk->d
           View: view_wcl_fast
          Group: clk
     Startpoint: (R) pp_fir_4_1_1_Delay_Pipeline_reg_re_reg[17][2]/clk
          Clock: (R) clk
       Endpoint: (R) pp_fir_4_1_1_sum1_8_re_1_reg[25]/d
          Clock: (R) clk

                     Capture       Launch     
        Clock Edge:+     500            0     
       Src Latency:+       0            0     
       Net Latency:+     200 (I)      200 (I) 
           Arrival:=     700          200     
                                              
             Setup:-       5                  
       Uncertainty:-     125                  
     Required Time:=     570                  
      Launch Clock:-     200                  
         Data Path:-     238                  
             Slack:=     132                  

#-----------------------------------------------------------------------------------------------------------------------------------------------
#                   Timing Point                     Flags    Arc    Edge       Cell         Fanout Load Trans Delay Arrival      Instance      
#                                                                                                   (fF)  (ps)  (ps)   (ps)       Location      
#-----------------------------------------------------------------------------------------------------------------------------------------------
  pp_fir_4_1_1_Delay_Pipeline_reg_re_reg[17][2]/clk  -       -       R     (arrival)           3624    -    25     0     200              (-,-) 
  pp_fir_4_1_1_Delay_Pipeline_reg_re_reg[17][2]/q    (u)     clk->q  R     unmapped_d_flop       15 27.0     0    45     245  (30.6970,65.0565) 
  pp_fir_4_1_1_csa_tree_ADD_TC_OP_groupi3966/g4739/z (u)     in_0->z R     unmapped_xnor2         1  1.8     0    11     256  (19.6600,72.2315) 
  pp_fir_4_1_1_csa_tree_ADD_TC_OP_groupi3966/g4858/z (u)     in_0->z R     unmapped_xnor2         2  3.6     0    12     268  (18.8090,72.2585) 
  pp_fir_4_1_1_csa_tree_ADD_TC_OP_groupi3966/g2453/z (u)     in_0->z R     unmapped_complex2      2  3.6     0     7     275  (16.8720,72.2855) 
  pp_fir_4_1_1_csa_tree_ADD_TC_OP_groupi3966/g5091/z (u)     in_1->z R     unmapped_complex3      2  3.6     0    13     287  (16.8890,71.3410) 
  pp_fir_4_1_1_csa_tree_ADD_TC_OP_groupi3966/g5166/z (u)     in_2->z R     unmapped_complex3      3  5.4     0    14     301  (16.3480,69.4735) 
  pp_fir_4_1_1_csa_tree_ADD_TC_OP_groupi3966/g5217/z (u)     in_0->z F     unmapped_nand3         1  1.8     0     8     309  (16.1545,68.5035) 
  pp_fir_4_1_1_csa_tree_ADD_TC_OP_groupi3966/g5209/z (u)     in_0->z R     unmapped_complex4      2  3.6     0    10     319  (17.8305,69.0105) 
  pp_fir_4_1_1_csa_tree_ADD_TC_OP_groupi3966/g5278/z (u)     in_2->z R     unmapped_complex3      2  3.6     0    13     331  (13.8070,73.7515) 
  pp_fir_4_1_1_csa_tree_ADD_TC_OP_groupi3966/g5312/z (u)     in_2->z R     unmapped_complex3      4  7.2     0    14     346  (15.2565,78.4910) 
  pp_fir_4_1_1_csa_tree_ADD_TC_OP_groupi3966/g5309/z (u)     in_0->z F     unmapped_complex4      1  1.8     0    11     357  (18.1510,81.6450) 
  pp_fir_4_1_1_csa_tree_ADD_TC_OP_groupi3966/g5336/z (u)     in_0->z R     unmapped_nand3         4  7.2     0    11     368  (21.2615,81.6250) 
  pp_fir_4_1_1_csa_tree_ADD_TC_OP_groupi3966/g5327/z (u)     in_0->z F     unmapped_complex4      1  1.8     0    11     380  (28.0705,86.2875) 
  pp_fir_4_1_1_csa_tree_ADD_TC_OP_groupi3966/g5357/z (u)     in_0->z R     unmapped_nand3        13 23.4     0    17     396  (30.0130,87.5530) 
  pp_fir_4_1_1_csa_tree_ADD_TC_OP_groupi3966/g5376/z (u)     in_1->z R     unmapped_complex4      1  1.8     0    14     410  (43.0030,93.6145) 
  pp_fir_4_1_1_csa_tree_ADD_TC_OP_groupi3966/g5371/z (u)     in_0->z R     unmapped_complex3      1  1.8     0     6     416  (42.8950,94.6355) 
  pp_fir_4_1_1_csa_tree_ADD_TC_OP_groupi3966/g5407/z (u)     in_0->z R     unmapped_xnor2         1  1.8     0    11     427  (42.8055,95.6850) 
  pp_fir_4_1_1_g7101/z                               (u)     in_2->z R     unmapped_complex3      1  1.8     0    11     438  (43.1550,97.3780) 
  pp_fir_4_1_1_sum1_8_re_1_reg[25]/d                 -       -       R     unmapped_d_flop        1    -     -     0     438  (42.2355,98.4105) 
#-----------------------------------------------------------------------------------------------------------------------------------------------

(u) : Net has unmapped pin(s).



Path 38: MET (132 ps) Setup Check with Pin pp_fir_4_1_1_sum1_8_im_1_reg[28]/clk->d
           View: view_wcl_fast
          Group: clk
     Startpoint: (R) pp_fir_4_1_1_Delay_Pipeline_reg_im_reg[17][2]/clk
          Clock: (R) clk
       Endpoint: (R) pp_fir_4_1_1_sum1_8_im_1_reg[28]/d
          Clock: (R) clk

                     Capture       Launch     
        Clock Edge:+     500            0     
       Src Latency:+       0            0     
       Net Latency:+     200 (I)      200 (I) 
           Arrival:=     700          200     
                                              
             Setup:-       5                  
       Uncertainty:-     125                  
     Required Time:=     570                  
      Launch Clock:-     200                  
         Data Path:-     238                  
             Slack:=     132                  

#------------------------------------------------------------------------------------------------------------------------------------------------
#                   Timing Point                     Flags    Arc    Edge       Cell         Fanout Load Trans Delay Arrival       Instance      
#                                                                                                   (fF)  (ps)  (ps)   (ps)        Location      
#------------------------------------------------------------------------------------------------------------------------------------------------
  pp_fir_4_1_1_Delay_Pipeline_reg_im_reg[17][2]/clk  -       -       R     (arrival)           3624    -    25     0     200               (-,-) 
  pp_fir_4_1_1_Delay_Pipeline_reg_im_reg[17][2]/q    (u)     clk->q  R     unmapped_d_flop       15 27.0     0    45     245  (131.1925,68.6555) 
  pp_fir_4_1_1_csa_tree_ADD_TC_OP_groupi3965/g4739/z (u)     in_0->z R     unmapped_xnor2         1  1.8     0    11     256  (134.0230,81.2145) 
  pp_fir_4_1_1_csa_tree_ADD_TC_OP_groupi3965/g4858/z (u)     in_0->z R     unmapped_xnor2         2  3.6     0    12     268  (133.1075,81.1835) 
  pp_fir_4_1_1_csa_tree_ADD_TC_OP_groupi3965/g2453/z (u)     in_0->z R     unmapped_complex2      2  3.6     0     7     275  (135.9830,81.6130) 
  pp_fir_4_1_1_csa_tree_ADD_TC_OP_groupi3965/g5091/z (u)     in_1->z R     unmapped_complex3      2  3.6     0    13     287  (136.9335,81.8350) 
  pp_fir_4_1_1_csa_tree_ADD_TC_OP_groupi3965/g5166/z (u)     in_2->z R     unmapped_complex3      3  5.4     0    14     301  (138.0260,81.0465) 
  pp_fir_4_1_1_csa_tree_ADD_TC_OP_groupi3965/g5217/z (u)     in_0->z F     unmapped_nand3         1  1.8     0     8     309  (138.7465,78.6130) 
  pp_fir_4_1_1_csa_tree_ADD_TC_OP_groupi3965/g5209/z (u)     in_0->z R     unmapped_complex4      2  3.6     0    10     319  (140.4705,79.2865) 
  pp_fir_4_1_1_csa_tree_ADD_TC_OP_groupi3965/g5278/z (u)     in_2->z R     unmapped_complex3      2  3.6     0    13     331  (140.3330,84.1210) 
  pp_fir_4_1_1_csa_tree_ADD_TC_OP_groupi3965/g5312/z (u)     in_2->z R     unmapped_complex3      4  7.2     0    14     346  (138.8845,85.6090) 
  pp_fir_4_1_1_csa_tree_ADD_TC_OP_groupi3965/g5309/z (u)     in_0->z F     unmapped_complex4      1  1.8     0    11     357  (136.2225,88.8015) 
  pp_fir_4_1_1_csa_tree_ADD_TC_OP_groupi3965/g5336/z (u)     in_0->z R     unmapped_nand3         4  7.2     0    11     368  (134.6325,89.3505) 
  pp_fir_4_1_1_csa_tree_ADD_TC_OP_groupi3965/g5327/z (u)     in_0->z F     unmapped_complex4      1  1.8     0    11     380  (127.8800,89.1320) 
  pp_fir_4_1_1_csa_tree_ADD_TC_OP_groupi3965/g5357/z (u)     in_0->z R     unmapped_nand3        13 23.4     0    17     396  (125.6695,88.5820) 
  pp_fir_4_1_1_csa_tree_ADD_TC_OP_groupi3965/g5375/z (u)     in_1->z R     unmapped_complex4      1  1.8     0    14     410  (116.2875,85.2990) 
  pp_fir_4_1_1_csa_tree_ADD_TC_OP_groupi3965/g5377/z (u)     in_0->z R     unmapped_complex3      1  1.8     0     6     416  (116.1665,86.4155) 
  pp_fir_4_1_1_csa_tree_ADD_TC_OP_groupi3965/g5408/z (u)     in_0->z R     unmapped_xnor2         1  1.8     0    11     427  (117.8665,87.7590) 
  pp_fir_4_1_1_g7351/z                               (u)     in_1->z R     unmapped_complex3      1  1.8     0    11     438  (119.2835,87.8490) 
  pp_fir_4_1_1_sum1_8_im_1_reg[28]/d                 -       -       R     unmapped_d_flop        1    -     -     0     438  (117.9770,89.0085) 
#------------------------------------------------------------------------------------------------------------------------------------------------

(u) : Net has unmapped pin(s).



Path 39: MET (132 ps) Setup Check with Pin pp_fir_4_1_1_sum1_8_im_1_reg[27]/clk->d
           View: view_wcl_fast
          Group: clk
     Startpoint: (R) pp_fir_4_1_1_Delay_Pipeline_reg_im_reg[17][2]/clk
          Clock: (R) clk
       Endpoint: (R) pp_fir_4_1_1_sum1_8_im_1_reg[27]/d
          Clock: (R) clk

                     Capture       Launch     
        Clock Edge:+     500            0     
       Src Latency:+       0            0     
       Net Latency:+     200 (I)      200 (I) 
           Arrival:=     700          200     
                                              
             Setup:-       5                  
       Uncertainty:-     125                  
     Required Time:=     570                  
      Launch Clock:-     200                  
         Data Path:-     238                  
             Slack:=     132                  

#------------------------------------------------------------------------------------------------------------------------------------------------
#                   Timing Point                     Flags    Arc    Edge       Cell         Fanout Load Trans Delay Arrival       Instance      
#                                                                                                   (fF)  (ps)  (ps)   (ps)        Location      
#------------------------------------------------------------------------------------------------------------------------------------------------
  pp_fir_4_1_1_Delay_Pipeline_reg_im_reg[17][2]/clk  -       -       R     (arrival)           3624    -    25     0     200               (-,-) 
  pp_fir_4_1_1_Delay_Pipeline_reg_im_reg[17][2]/q    (u)     clk->q  R     unmapped_d_flop       15 27.0     0    45     245  (131.1925,68.6555) 
  pp_fir_4_1_1_csa_tree_ADD_TC_OP_groupi3965/g4739/z (u)     in_0->z R     unmapped_xnor2         1  1.8     0    11     256  (134.0230,81.2145) 
  pp_fir_4_1_1_csa_tree_ADD_TC_OP_groupi3965/g4858/z (u)     in_0->z R     unmapped_xnor2         2  3.6     0    12     268  (133.1075,81.1835) 
  pp_fir_4_1_1_csa_tree_ADD_TC_OP_groupi3965/g2453/z (u)     in_0->z R     unmapped_complex2      2  3.6     0     7     275  (135.9830,81.6130) 
  pp_fir_4_1_1_csa_tree_ADD_TC_OP_groupi3965/g5091/z (u)     in_1->z R     unmapped_complex3      2  3.6     0    13     287  (136.9335,81.8350) 
  pp_fir_4_1_1_csa_tree_ADD_TC_OP_groupi3965/g5166/z (u)     in_2->z R     unmapped_complex3      3  5.4     0    14     301  (138.0260,81.0465) 
  pp_fir_4_1_1_csa_tree_ADD_TC_OP_groupi3965/g5217/z (u)     in_0->z F     unmapped_nand3         1  1.8     0     8     309  (138.7465,78.6130) 
  pp_fir_4_1_1_csa_tree_ADD_TC_OP_groupi3965/g5209/z (u)     in_0->z R     unmapped_complex4      2  3.6     0    10     319  (140.4705,79.2865) 
  pp_fir_4_1_1_csa_tree_ADD_TC_OP_groupi3965/g5278/z (u)     in_2->z R     unmapped_complex3      2  3.6     0    13     331  (140.3330,84.1210) 
  pp_fir_4_1_1_csa_tree_ADD_TC_OP_groupi3965/g5312/z (u)     in_2->z R     unmapped_complex3      4  7.2     0    14     346  (138.8845,85.6090) 
  pp_fir_4_1_1_csa_tree_ADD_TC_OP_groupi3965/g5309/z (u)     in_0->z F     unmapped_complex4      1  1.8     0    11     357  (136.2225,88.8015) 
  pp_fir_4_1_1_csa_tree_ADD_TC_OP_groupi3965/g5336/z (u)     in_0->z R     unmapped_nand3         4  7.2     0    11     368  (134.6325,89.3505) 
  pp_fir_4_1_1_csa_tree_ADD_TC_OP_groupi3965/g5327/z (u)     in_0->z F     unmapped_complex4      1  1.8     0    11     380  (127.8800,89.1320) 
  pp_fir_4_1_1_csa_tree_ADD_TC_OP_groupi3965/g5357/z (u)     in_0->z R     unmapped_nand3        13 23.4     0    17     396  (125.6695,88.5820) 
  pp_fir_4_1_1_csa_tree_ADD_TC_OP_groupi3965/g5378/z (u)     in_1->z R     unmapped_complex4      1  1.8     0    14     410  (112.6870,86.7170) 
  pp_fir_4_1_1_csa_tree_ADD_TC_OP_groupi3965/g5381/z (u)     in_0->z R     unmapped_complex3      1  1.8     0     6     416  (114.4015,86.5790) 
  pp_fir_4_1_1_csa_tree_ADD_TC_OP_groupi3965/g5406/z (u)     in_0->z R     unmapped_xnor2         1  1.8     0    11     427  (114.1960,87.6105) 
  pp_fir_4_1_1_g7019/z                               (u)     in_2->z R     unmapped_complex3      1  1.8     0    11     438  (113.0310,87.7495) 
  pp_fir_4_1_1_sum1_8_im_1_reg[27]/d                 -       -       R     unmapped_d_flop        1    -     -     0     438  (112.6015,88.7855) 
#------------------------------------------------------------------------------------------------------------------------------------------------

(u) : Net has unmapped pin(s).



Path 40: MET (132 ps) Setup Check with Pin pp_fir_4_1_1_sum1_8_im_1_reg[26]/clk->d
           View: view_wcl_fast
          Group: clk
     Startpoint: (R) pp_fir_4_1_1_Delay_Pipeline_reg_im_reg[17][2]/clk
          Clock: (R) clk
       Endpoint: (R) pp_fir_4_1_1_sum1_8_im_1_reg[26]/d
          Clock: (R) clk

                     Capture       Launch     
        Clock Edge:+     500            0     
       Src Latency:+       0            0     
       Net Latency:+     200 (I)      200 (I) 
           Arrival:=     700          200     
                                              
             Setup:-       5                  
       Uncertainty:-     125                  
     Required Time:=     570                  
      Launch Clock:-     200                  
         Data Path:-     238                  
             Slack:=     132                  

#------------------------------------------------------------------------------------------------------------------------------------------------
#                   Timing Point                     Flags    Arc    Edge       Cell         Fanout Load Trans Delay Arrival       Instance      
#                                                                                                   (fF)  (ps)  (ps)   (ps)        Location      
#------------------------------------------------------------------------------------------------------------------------------------------------
  pp_fir_4_1_1_Delay_Pipeline_reg_im_reg[17][2]/clk  -       -       R     (arrival)           3624    -    25     0     200               (-,-) 
  pp_fir_4_1_1_Delay_Pipeline_reg_im_reg[17][2]/q    (u)     clk->q  R     unmapped_d_flop       15 27.0     0    45     245  (131.1925,68.6555) 
  pp_fir_4_1_1_csa_tree_ADD_TC_OP_groupi3965/g4739/z (u)     in_0->z R     unmapped_xnor2         1  1.8     0    11     256  (134.0230,81.2145) 
  pp_fir_4_1_1_csa_tree_ADD_TC_OP_groupi3965/g4858/z (u)     in_0->z R     unmapped_xnor2         2  3.6     0    12     268  (133.1075,81.1835) 
  pp_fir_4_1_1_csa_tree_ADD_TC_OP_groupi3965/g2453/z (u)     in_0->z R     unmapped_complex2      2  3.6     0     7     275  (135.9830,81.6130) 
  pp_fir_4_1_1_csa_tree_ADD_TC_OP_groupi3965/g5091/z (u)     in_1->z R     unmapped_complex3      2  3.6     0    13     287  (136.9335,81.8350) 
  pp_fir_4_1_1_csa_tree_ADD_TC_OP_groupi3965/g5166/z (u)     in_2->z R     unmapped_complex3      3  5.4     0    14     301  (138.0260,81.0465) 
  pp_fir_4_1_1_csa_tree_ADD_TC_OP_groupi3965/g5217/z (u)     in_0->z F     unmapped_nand3         1  1.8     0     8     309  (138.7465,78.6130) 
  pp_fir_4_1_1_csa_tree_ADD_TC_OP_groupi3965/g5209/z (u)     in_0->z R     unmapped_complex4      2  3.6     0    10     319  (140.4705,79.2865) 
  pp_fir_4_1_1_csa_tree_ADD_TC_OP_groupi3965/g5278/z (u)     in_2->z R     unmapped_complex3      2  3.6     0    13     331  (140.3330,84.1210) 
  pp_fir_4_1_1_csa_tree_ADD_TC_OP_groupi3965/g5312/z (u)     in_2->z R     unmapped_complex3      4  7.2     0    14     346  (138.8845,85.6090) 
  pp_fir_4_1_1_csa_tree_ADD_TC_OP_groupi3965/g5309/z (u)     in_0->z F     unmapped_complex4      1  1.8     0    11     357  (136.2225,88.8015) 
  pp_fir_4_1_1_csa_tree_ADD_TC_OP_groupi3965/g5336/z (u)     in_0->z R     unmapped_nand3         4  7.2     0    11     368  (134.6325,89.3505) 
  pp_fir_4_1_1_csa_tree_ADD_TC_OP_groupi3965/g5327/z (u)     in_0->z F     unmapped_complex4      1  1.8     0    11     380  (127.8800,89.1320) 
  pp_fir_4_1_1_csa_tree_ADD_TC_OP_groupi3965/g5357/z (u)     in_0->z R     unmapped_nand3        13 23.4     0    17     396  (125.6695,88.5820) 
  pp_fir_4_1_1_csa_tree_ADD_TC_OP_groupi3965/g5380/z (u)     in_1->z R     unmapped_complex4      1  1.8     0    14     410  (109.6320,85.7855) 
  pp_fir_4_1_1_csa_tree_ADD_TC_OP_groupi3965/g5374/z (u)     in_0->z R     unmapped_complex3      1  1.8     0     6     416  (109.6690,86.8570) 
  pp_fir_4_1_1_csa_tree_ADD_TC_OP_groupi3965/g5405/z (u)     in_0->z R     unmapped_xnor2         1  1.8     0    11     427  (111.1550,86.1445) 
  pp_fir_4_1_1_g7348/z                               (u)     in_2->z R     unmapped_complex3      1  1.8     0    11     438  (111.1100,87.0110) 
  pp_fir_4_1_1_sum1_8_im_1_reg[26]/d                 -       -       R     unmapped_d_flop        1    -     -     0     438  (110.1160,87.9510) 
#------------------------------------------------------------------------------------------------------------------------------------------------

(u) : Net has unmapped pin(s).



Path 41: MET (132 ps) Setup Check with Pin pp_fir_4_1_1_sum1_8_im_1_reg[25]/clk->d
           View: view_wcl_fast
          Group: clk
     Startpoint: (R) pp_fir_4_1_1_Delay_Pipeline_reg_im_reg[17][2]/clk
          Clock: (R) clk
       Endpoint: (R) pp_fir_4_1_1_sum1_8_im_1_reg[25]/d
          Clock: (R) clk

                     Capture       Launch     
        Clock Edge:+     500            0     
       Src Latency:+       0            0     
       Net Latency:+     200 (I)      200 (I) 
           Arrival:=     700          200     
                                              
             Setup:-       5                  
       Uncertainty:-     125                  
     Required Time:=     570                  
      Launch Clock:-     200                  
         Data Path:-     238                  
             Slack:=     132                  

#------------------------------------------------------------------------------------------------------------------------------------------------
#                   Timing Point                     Flags    Arc    Edge       Cell         Fanout Load Trans Delay Arrival       Instance      
#                                                                                                   (fF)  (ps)  (ps)   (ps)        Location      
#------------------------------------------------------------------------------------------------------------------------------------------------
  pp_fir_4_1_1_Delay_Pipeline_reg_im_reg[17][2]/clk  -       -       R     (arrival)           3624    -    25     0     200               (-,-) 
  pp_fir_4_1_1_Delay_Pipeline_reg_im_reg[17][2]/q    (u)     clk->q  R     unmapped_d_flop       15 27.0     0    45     245  (131.1925,68.6555) 
  pp_fir_4_1_1_csa_tree_ADD_TC_OP_groupi3965/g4739/z (u)     in_0->z R     unmapped_xnor2         1  1.8     0    11     256  (134.0230,81.2145) 
  pp_fir_4_1_1_csa_tree_ADD_TC_OP_groupi3965/g4858/z (u)     in_0->z R     unmapped_xnor2         2  3.6     0    12     268  (133.1075,81.1835) 
  pp_fir_4_1_1_csa_tree_ADD_TC_OP_groupi3965/g2453/z (u)     in_0->z R     unmapped_complex2      2  3.6     0     7     275  (135.9830,81.6130) 
  pp_fir_4_1_1_csa_tree_ADD_TC_OP_groupi3965/g5091/z (u)     in_1->z R     unmapped_complex3      2  3.6     0    13     287  (136.9335,81.8350) 
  pp_fir_4_1_1_csa_tree_ADD_TC_OP_groupi3965/g5166/z (u)     in_2->z R     unmapped_complex3      3  5.4     0    14     301  (138.0260,81.0465) 
  pp_fir_4_1_1_csa_tree_ADD_TC_OP_groupi3965/g5217/z (u)     in_0->z F     unmapped_nand3         1  1.8     0     8     309  (138.7465,78.6130) 
  pp_fir_4_1_1_csa_tree_ADD_TC_OP_groupi3965/g5209/z (u)     in_0->z R     unmapped_complex4      2  3.6     0    10     319  (140.4705,79.2865) 
  pp_fir_4_1_1_csa_tree_ADD_TC_OP_groupi3965/g5278/z (u)     in_2->z R     unmapped_complex3      2  3.6     0    13     331  (140.3330,84.1210) 
  pp_fir_4_1_1_csa_tree_ADD_TC_OP_groupi3965/g5312/z (u)     in_2->z R     unmapped_complex3      4  7.2     0    14     346  (138.8845,85.6090) 
  pp_fir_4_1_1_csa_tree_ADD_TC_OP_groupi3965/g5309/z (u)     in_0->z F     unmapped_complex4      1  1.8     0    11     357  (136.2225,88.8015) 
  pp_fir_4_1_1_csa_tree_ADD_TC_OP_groupi3965/g5336/z (u)     in_0->z R     unmapped_nand3         4  7.2     0    11     368  (134.6325,89.3505) 
  pp_fir_4_1_1_csa_tree_ADD_TC_OP_groupi3965/g5327/z (u)     in_0->z F     unmapped_complex4      1  1.8     0    11     380  (127.8800,89.1320) 
  pp_fir_4_1_1_csa_tree_ADD_TC_OP_groupi3965/g5357/z (u)     in_0->z R     unmapped_nand3        13 23.4     0    17     396  (125.6695,88.5820) 
  pp_fir_4_1_1_csa_tree_ADD_TC_OP_groupi3965/g5376/z (u)     in_1->z R     unmapped_complex4      1  1.8     0    14     410  (107.8405,85.1955) 
  pp_fir_4_1_1_csa_tree_ADD_TC_OP_groupi3965/g5371/z (u)     in_0->z R     unmapped_complex3      1  1.8     0     6     416  (108.2530,86.2220) 
  pp_fir_4_1_1_csa_tree_ADD_TC_OP_groupi3965/g5407/z (u)     in_0->z R     unmapped_xnor2         1  1.8     0    11     427  (108.3345,87.3155) 
  pp_fir_4_1_1_g6908/z                               (u)     in_2->z R     unmapped_complex3      1  1.8     0    11     438  (107.2040,87.2705) 
  pp_fir_4_1_1_sum1_8_im_1_reg[25]/d                 -       -       R     unmapped_d_flop        1    -     -     0     438  (106.2315,88.3485) 
#------------------------------------------------------------------------------------------------------------------------------------------------

(u) : Net has unmapped pin(s).



Path 42: MET (133 ps) Setup Check with Pin pp_fir_4_1_1_sum1_8_re_1_reg[29]/clk->d
           View: view_wcl_fast
          Group: clk
     Startpoint: (R) pp_fir_4_1_1_Delay_Pipeline_reg_re_reg[17][2]/clk
          Clock: (R) clk
       Endpoint: (R) pp_fir_4_1_1_sum1_8_re_1_reg[29]/d
          Clock: (R) clk

                     Capture       Launch     
        Clock Edge:+     500            0     
       Src Latency:+       0            0     
       Net Latency:+     200 (I)      200 (I) 
           Arrival:=     700          200     
                                              
             Setup:-       5                  
       Uncertainty:-     125                  
     Required Time:=     570                  
      Launch Clock:-     200                  
         Data Path:-     237                  
             Slack:=     133                  

#-----------------------------------------------------------------------------------------------------------------------------------------------
#                   Timing Point                     Flags    Arc    Edge       Cell         Fanout Load Trans Delay Arrival      Instance      
#                                                                                                   (fF)  (ps)  (ps)   (ps)       Location      
#-----------------------------------------------------------------------------------------------------------------------------------------------
  pp_fir_4_1_1_Delay_Pipeline_reg_re_reg[17][2]/clk  -       -       R     (arrival)           3624    -    25     0     200              (-,-) 
  pp_fir_4_1_1_Delay_Pipeline_reg_re_reg[17][2]/q    (u)     clk->q  R     unmapped_d_flop       15 27.0     0    45     245  (30.6970,65.0565) 
  pp_fir_4_1_1_csa_tree_ADD_TC_OP_groupi3966/g4739/z (u)     in_0->z R     unmapped_xnor2         1  1.8     0    11     256  (19.6600,72.2315) 
  pp_fir_4_1_1_csa_tree_ADD_TC_OP_groupi3966/g4858/z (u)     in_0->z F     unmapped_xnor2         2  3.6     0    12     268  (18.8090,72.2585) 
  pp_fir_4_1_1_csa_tree_ADD_TC_OP_groupi3966/g2453/z (u)     in_0->z F     unmapped_complex2      2  3.6     0     7     275  (16.8720,72.2855) 
  pp_fir_4_1_1_csa_tree_ADD_TC_OP_groupi3966/g5091/z (u)     in_1->z F     unmapped_complex3      2  3.6     0    13     287  (16.8890,71.3410) 
  pp_fir_4_1_1_csa_tree_ADD_TC_OP_groupi3966/g5166/z (u)     in_2->z F     unmapped_complex3      3  5.4     0    14     301  (16.3480,69.4735) 
  pp_fir_4_1_1_csa_tree_ADD_TC_OP_groupi3966/g5217/z (u)     in_0->z R     unmapped_nand3         1  1.8     0     8     309  (16.1545,68.5035) 
  pp_fir_4_1_1_csa_tree_ADD_TC_OP_groupi3966/g5209/z (u)     in_0->z F     unmapped_complex4      2  3.6     0    10     319  (17.8305,69.0105) 
  pp_fir_4_1_1_csa_tree_ADD_TC_OP_groupi3966/g5278/z (u)     in_2->z F     unmapped_complex3      2  3.6     0    13     331  (13.8070,73.7515) 
  pp_fir_4_1_1_csa_tree_ADD_TC_OP_groupi3966/g5312/z (u)     in_2->z F     unmapped_complex3      4  7.2     0    14     346  (15.2565,78.4910) 
  pp_fir_4_1_1_csa_tree_ADD_TC_OP_groupi3966/g5309/z (u)     in_0->z R     unmapped_complex4      1  1.8     0    11     357  (18.1510,81.6450) 
  pp_fir_4_1_1_csa_tree_ADD_TC_OP_groupi3966/g5336/z (u)     in_0->z F     unmapped_nand3         4  7.2     0    11     368  (21.2615,81.6250) 
  pp_fir_4_1_1_csa_tree_ADD_TC_OP_groupi3966/g5327/z (u)     in_0->z R     unmapped_complex4      1  1.8     0    11     380  (28.0705,86.2875) 
  pp_fir_4_1_1_csa_tree_ADD_TC_OP_groupi3966/g5357/z (u)     in_0->z F     unmapped_nand3        13 23.4     0    17     396  (30.0130,87.5530) 
  pp_fir_4_1_1_csa_tree_ADD_TC_OP_groupi3966/g5370/z (u)     in_1->z F     unmapped_complex3      2  3.6     0    13     409  (46.3170,92.8835) 
  pp_fir_4_1_1_csa_tree_ADD_TC_OP_groupi3966/g5315/z (u)     in_0->z R     unmapped_complex3      1  1.8     0     8     417  (47.5700,92.9925) 
  pp_fir_4_1_1_csa_tree_ADD_TC_OP_groupi3966/g5338/z (u)     in_0->z R     unmapped_complex4      1  1.8     0     8     426  (48.1320,91.9565) 
  pp_fir_4_1_1_g7112/z                               (u)     in_2->z R     unmapped_complex3      1  1.8     0    11     437  (49.8505,91.8795) 
  pp_fir_4_1_1_sum1_8_re_1_reg[29]/d                 -       -       R     unmapped_d_flop        1    -     -     0     437  (48.6565,90.9055) 
#-----------------------------------------------------------------------------------------------------------------------------------------------

(u) : Net has unmapped pin(s).



Path 43: MET (133 ps) Setup Check with Pin pp_fir_4_1_1_sum1_8_im_1_reg[29]/clk->d
           View: view_wcl_fast
          Group: clk
     Startpoint: (R) pp_fir_4_1_1_Delay_Pipeline_reg_im_reg[17][2]/clk
          Clock: (R) clk
       Endpoint: (R) pp_fir_4_1_1_sum1_8_im_1_reg[29]/d
          Clock: (R) clk

                     Capture       Launch     
        Clock Edge:+     500            0     
       Src Latency:+       0            0     
       Net Latency:+     200 (I)      200 (I) 
           Arrival:=     700          200     
                                              
             Setup:-       5                  
       Uncertainty:-     125                  
     Required Time:=     570                  
      Launch Clock:-     200                  
         Data Path:-     237                  
             Slack:=     133                  

#------------------------------------------------------------------------------------------------------------------------------------------------
#                   Timing Point                     Flags    Arc    Edge       Cell         Fanout Load Trans Delay Arrival       Instance      
#                                                                                                   (fF)  (ps)  (ps)   (ps)        Location      
#------------------------------------------------------------------------------------------------------------------------------------------------
  pp_fir_4_1_1_Delay_Pipeline_reg_im_reg[17][2]/clk  -       -       R     (arrival)           3624    -    25     0     200               (-,-) 
  pp_fir_4_1_1_Delay_Pipeline_reg_im_reg[17][2]/q    (u)     clk->q  R     unmapped_d_flop       15 27.0     0    45     245  (131.1925,68.6555) 
  pp_fir_4_1_1_csa_tree_ADD_TC_OP_groupi3965/g4739/z (u)     in_0->z R     unmapped_xnor2         1  1.8     0    11     256  (134.0230,81.2145) 
  pp_fir_4_1_1_csa_tree_ADD_TC_OP_groupi3965/g4858/z (u)     in_0->z F     unmapped_xnor2         2  3.6     0    12     268  (133.1075,81.1835) 
  pp_fir_4_1_1_csa_tree_ADD_TC_OP_groupi3965/g2453/z (u)     in_0->z F     unmapped_complex2      2  3.6     0     7     275  (135.9830,81.6130) 
  pp_fir_4_1_1_csa_tree_ADD_TC_OP_groupi3965/g5091/z (u)     in_1->z F     unmapped_complex3      2  3.6     0    13     287  (136.9335,81.8350) 
  pp_fir_4_1_1_csa_tree_ADD_TC_OP_groupi3965/g5166/z (u)     in_2->z F     unmapped_complex3      3  5.4     0    14     301  (138.0260,81.0465) 
  pp_fir_4_1_1_csa_tree_ADD_TC_OP_groupi3965/g5217/z (u)     in_0->z R     unmapped_nand3         1  1.8     0     8     309  (138.7465,78.6130) 
  pp_fir_4_1_1_csa_tree_ADD_TC_OP_groupi3965/g5209/z (u)     in_0->z F     unmapped_complex4      2  3.6     0    10     319  (140.4705,79.2865) 
  pp_fir_4_1_1_csa_tree_ADD_TC_OP_groupi3965/g5278/z (u)     in_2->z F     unmapped_complex3      2  3.6     0    13     331  (140.3330,84.1210) 
  pp_fir_4_1_1_csa_tree_ADD_TC_OP_groupi3965/g5312/z (u)     in_2->z F     unmapped_complex3      4  7.2     0    14     346  (138.8845,85.6090) 
  pp_fir_4_1_1_csa_tree_ADD_TC_OP_groupi3965/g5309/z (u)     in_0->z R     unmapped_complex4      1  1.8     0    11     357  (136.2225,88.8015) 
  pp_fir_4_1_1_csa_tree_ADD_TC_OP_groupi3965/g5336/z (u)     in_0->z F     unmapped_nand3         4  7.2     0    11     368  (134.6325,89.3505) 
  pp_fir_4_1_1_csa_tree_ADD_TC_OP_groupi3965/g5327/z (u)     in_0->z R     unmapped_complex4      1  1.8     0    11     380  (127.8800,89.1320) 
  pp_fir_4_1_1_csa_tree_ADD_TC_OP_groupi3965/g5357/z (u)     in_0->z F     unmapped_nand3        13 23.4     0    17     396  (125.6695,88.5820) 
  pp_fir_4_1_1_csa_tree_ADD_TC_OP_groupi3965/g5370/z (u)     in_1->z F     unmapped_complex3      2  3.6     0    13     409  (115.5345,87.3915) 
  pp_fir_4_1_1_csa_tree_ADD_TC_OP_groupi3965/g5315/z (u)     in_0->z R     unmapped_complex3      1  1.8     0     8     417  (117.7580,86.7635) 
  pp_fir_4_1_1_csa_tree_ADD_TC_OP_groupi3965/g5338/z (u)     in_0->z R     unmapped_complex4      1  1.8     0     8     426  (117.8675,85.8440) 
  pp_fir_4_1_1_g7360/z                               (u)     in_1->z R     unmapped_complex3      1  1.8     0    11     437  (119.6965,85.7225) 
  pp_fir_4_1_1_sum1_8_im_1_reg[29]/d                 -       -       R     unmapped_d_flop        1    -     -     0     437  (118.8440,86.7525) 
#------------------------------------------------------------------------------------------------------------------------------------------------

(u) : Net has unmapped pin(s).



Path 44: MET (135 ps) Setup Check with Pin pp_fir_4_1_1_sum1_8_re_1_reg[23]/clk->d
           View: view_wcl_fast
          Group: clk
     Startpoint: (R) pp_fir_4_1_1_Delay_Pipeline_reg_re_reg[17][2]/clk
          Clock: (R) clk
       Endpoint: (R) pp_fir_4_1_1_sum1_8_re_1_reg[23]/d
          Clock: (R) clk

                     Capture       Launch     
        Clock Edge:+     500            0     
       Src Latency:+       0            0     
       Net Latency:+     200 (I)      200 (I) 
           Arrival:=     700          200     
                                              
             Setup:-       5                  
       Uncertainty:-     125                  
     Required Time:=     570                  
      Launch Clock:-     200                  
         Data Path:-     235                  
             Slack:=     135                  

#-----------------------------------------------------------------------------------------------------------------------------------------------
#                   Timing Point                     Flags    Arc    Edge       Cell         Fanout Load Trans Delay Arrival      Instance      
#                                                                                                   (fF)  (ps)  (ps)   (ps)       Location      
#-----------------------------------------------------------------------------------------------------------------------------------------------
  pp_fir_4_1_1_Delay_Pipeline_reg_re_reg[17][2]/clk  -       -       R     (arrival)           3624    -    25     0     200              (-,-) 
  pp_fir_4_1_1_Delay_Pipeline_reg_re_reg[17][2]/q    (u)     clk->q  R     unmapped_d_flop       15 27.0     0    45     245  (30.6970,65.0565) 
  pp_fir_4_1_1_csa_tree_ADD_TC_OP_groupi3966/g4739/z (u)     in_0->z R     unmapped_xnor2         1  1.8     0    11     256  (19.6600,72.2315) 
  pp_fir_4_1_1_csa_tree_ADD_TC_OP_groupi3966/g4858/z (u)     in_0->z R     unmapped_xnor2         2  3.6     0    12     268  (18.8090,72.2585) 
  pp_fir_4_1_1_csa_tree_ADD_TC_OP_groupi3966/g2453/z (u)     in_0->z R     unmapped_complex2      2  3.6     0     7     275  (16.8720,72.2855) 
  pp_fir_4_1_1_csa_tree_ADD_TC_OP_groupi3966/g5091/z (u)     in_1->z R     unmapped_complex3      2  3.6     0    13     287  (16.8890,71.3410) 
  pp_fir_4_1_1_csa_tree_ADD_TC_OP_groupi3966/g5166/z (u)     in_2->z R     unmapped_complex3      3  5.4     0    14     301  (16.3480,69.4735) 
  pp_fir_4_1_1_csa_tree_ADD_TC_OP_groupi3966/g5217/z (u)     in_0->z F     unmapped_nand3         1  1.8     0     8     309  (16.1545,68.5035) 
  pp_fir_4_1_1_csa_tree_ADD_TC_OP_groupi3966/g5209/z (u)     in_0->z R     unmapped_complex4      2  3.6     0    10     319  (17.8305,69.0105) 
  pp_fir_4_1_1_csa_tree_ADD_TC_OP_groupi3966/g5278/z (u)     in_2->z R     unmapped_complex3      2  3.6     0    13     331  (13.8070,73.7515) 
  pp_fir_4_1_1_csa_tree_ADD_TC_OP_groupi3966/g5312/z (u)     in_2->z R     unmapped_complex3      4  7.2     0    14     346  (15.2565,78.4910) 
  pp_fir_4_1_1_csa_tree_ADD_TC_OP_groupi3966/g5309/z (u)     in_0->z F     unmapped_complex4      1  1.8     0    11     357  (18.1510,81.6450) 
  pp_fir_4_1_1_csa_tree_ADD_TC_OP_groupi3966/g5336/z (u)     in_0->z R     unmapped_nand3         4  7.2     0    11     368  (21.2615,81.6250) 
  pp_fir_4_1_1_csa_tree_ADD_TC_OP_groupi3966/g5327/z (u)     in_0->z F     unmapped_complex4      1  1.8     0    11     380  (28.0705,86.2875) 
  pp_fir_4_1_1_csa_tree_ADD_TC_OP_groupi3966/g5357/z (u)     in_0->z R     unmapped_nand3        13 23.4     0    17     396  (30.0130,87.5530) 
  pp_fir_4_1_1_csa_tree_ADD_TC_OP_groupi3966/g5341/z (u)     in_0->z F     unmapped_complex3      1  1.8     0     8     405  (41.8815,92.2195) 
  pp_fir_4_1_1_csa_tree_ADD_TC_OP_groupi3966/g5361/z (u)     in_0->z R     unmapped_complex4      1  1.8     0     8     413  (41.5560,93.3105) 
  pp_fir_4_1_1_csa_tree_ADD_TC_OP_groupi3966/g5398/z (u)     in_0->z R     unmapped_xnor2         1  1.8     0    11     424  (41.4600,94.3360) 
  pp_fir_4_1_1_g7187/z                               (u)     in_1->z R     unmapped_complex3      1  1.8     0    11     435  (41.7270,95.4235) 
  pp_fir_4_1_1_sum1_8_re_1_reg[23]/d                 -       -       R     unmapped_d_flop        1    -     -     0     435  (40.8975,96.5960) 
#-----------------------------------------------------------------------------------------------------------------------------------------------

(u) : Net has unmapped pin(s).



Path 45: MET (135 ps) Setup Check with Pin pp_fir_4_1_1_sum1_8_re_1_reg[22]/clk->d
           View: view_wcl_fast
          Group: clk
     Startpoint: (R) pp_fir_4_1_1_Delay_Pipeline_reg_re_reg[17][2]/clk
          Clock: (R) clk
       Endpoint: (R) pp_fir_4_1_1_sum1_8_re_1_reg[22]/d
          Clock: (R) clk

                     Capture       Launch     
        Clock Edge:+     500            0     
       Src Latency:+       0            0     
       Net Latency:+     200 (I)      200 (I) 
           Arrival:=     700          200     
                                              
             Setup:-       5                  
       Uncertainty:-     125                  
     Required Time:=     570                  
      Launch Clock:-     200                  
         Data Path:-     235                  
             Slack:=     135                  

#-----------------------------------------------------------------------------------------------------------------------------------------------
#                   Timing Point                     Flags    Arc    Edge       Cell         Fanout Load Trans Delay Arrival      Instance      
#                                                                                                   (fF)  (ps)  (ps)   (ps)       Location      
#-----------------------------------------------------------------------------------------------------------------------------------------------
  pp_fir_4_1_1_Delay_Pipeline_reg_re_reg[17][2]/clk  -       -       R     (arrival)           3624    -    25     0     200              (-,-) 
  pp_fir_4_1_1_Delay_Pipeline_reg_re_reg[17][2]/q    (u)     clk->q  R     unmapped_d_flop       15 27.0     0    45     245  (30.6970,65.0565) 
  pp_fir_4_1_1_csa_tree_ADD_TC_OP_groupi3966/g4739/z (u)     in_0->z R     unmapped_xnor2         1  1.8     0    11     256  (19.6600,72.2315) 
  pp_fir_4_1_1_csa_tree_ADD_TC_OP_groupi3966/g4858/z (u)     in_0->z R     unmapped_xnor2         2  3.6     0    12     268  (18.8090,72.2585) 
  pp_fir_4_1_1_csa_tree_ADD_TC_OP_groupi3966/g2453/z (u)     in_0->z R     unmapped_complex2      2  3.6     0     7     275  (16.8720,72.2855) 
  pp_fir_4_1_1_csa_tree_ADD_TC_OP_groupi3966/g5091/z (u)     in_1->z R     unmapped_complex3      2  3.6     0    13     287  (16.8890,71.3410) 
  pp_fir_4_1_1_csa_tree_ADD_TC_OP_groupi3966/g5166/z (u)     in_2->z R     unmapped_complex3      3  5.4     0    14     301  (16.3480,69.4735) 
  pp_fir_4_1_1_csa_tree_ADD_TC_OP_groupi3966/g5217/z (u)     in_0->z F     unmapped_nand3         1  1.8     0     8     309  (16.1545,68.5035) 
  pp_fir_4_1_1_csa_tree_ADD_TC_OP_groupi3966/g5209/z (u)     in_0->z R     unmapped_complex4      2  3.6     0    10     319  (17.8305,69.0105) 
  pp_fir_4_1_1_csa_tree_ADD_TC_OP_groupi3966/g5278/z (u)     in_2->z R     unmapped_complex3      2  3.6     0    13     331  (13.8070,73.7515) 
  pp_fir_4_1_1_csa_tree_ADD_TC_OP_groupi3966/g5312/z (u)     in_2->z R     unmapped_complex3      4  7.2     0    14     346  (15.2565,78.4910) 
  pp_fir_4_1_1_csa_tree_ADD_TC_OP_groupi3966/g5309/z (u)     in_0->z F     unmapped_complex4      1  1.8     0    11     357  (18.1510,81.6450) 
  pp_fir_4_1_1_csa_tree_ADD_TC_OP_groupi3966/g5336/z (u)     in_0->z R     unmapped_nand3         4  7.2     0    11     368  (21.2615,81.6250) 
  pp_fir_4_1_1_csa_tree_ADD_TC_OP_groupi3966/g5327/z (u)     in_0->z F     unmapped_complex4      1  1.8     0    11     380  (28.0705,86.2875) 
  pp_fir_4_1_1_csa_tree_ADD_TC_OP_groupi3966/g5357/z (u)     in_0->z R     unmapped_nand3        13 23.4     0    17     396  (30.0130,87.5530) 
  pp_fir_4_1_1_csa_tree_ADD_TC_OP_groupi3966/g5340/z (u)     in_0->z F     unmapped_complex3      1  1.8     0     8     405  (39.6950,92.4895) 
  pp_fir_4_1_1_csa_tree_ADD_TC_OP_groupi3966/g5363/z (u)     in_0->z R     unmapped_complex4      1  1.8     0     8     413  (40.0115,93.4850) 
  pp_fir_4_1_1_csa_tree_ADD_TC_OP_groupi3966/g5396/z (u)     in_0->z R     unmapped_xnor2         1  1.8     0    11     424  (40.1100,94.3685) 
  pp_fir_4_1_1_g7059/z                               (u)     in_1->z R     unmapped_complex3      1  1.8     0    11     435  (40.3035,95.0870) 
  pp_fir_4_1_1_sum1_8_re_1_reg[22]/d                 -       -       R     unmapped_d_flop        1    -     -     0     435  (38.7270,95.9770) 
#-----------------------------------------------------------------------------------------------------------------------------------------------

(u) : Net has unmapped pin(s).



Path 46: MET (135 ps) Setup Check with Pin pp_fir_4_1_1_sum1_8_re_1_reg[21]/clk->d
           View: view_wcl_fast
          Group: clk
     Startpoint: (R) pp_fir_4_1_1_Delay_Pipeline_reg_re_reg[17][2]/clk
          Clock: (R) clk
       Endpoint: (R) pp_fir_4_1_1_sum1_8_re_1_reg[21]/d
          Clock: (R) clk

                     Capture       Launch     
        Clock Edge:+     500            0     
       Src Latency:+       0            0     
       Net Latency:+     200 (I)      200 (I) 
           Arrival:=     700          200     
                                              
             Setup:-       5                  
       Uncertainty:-     125                  
     Required Time:=     570                  
      Launch Clock:-     200                  
         Data Path:-     235                  
             Slack:=     135                  

#-----------------------------------------------------------------------------------------------------------------------------------------------
#                   Timing Point                     Flags    Arc    Edge       Cell         Fanout Load Trans Delay Arrival      Instance      
#                                                                                                   (fF)  (ps)  (ps)   (ps)       Location      
#-----------------------------------------------------------------------------------------------------------------------------------------------
  pp_fir_4_1_1_Delay_Pipeline_reg_re_reg[17][2]/clk  -       -       R     (arrival)           3624    -    25     0     200              (-,-) 
  pp_fir_4_1_1_Delay_Pipeline_reg_re_reg[17][2]/q    (u)     clk->q  R     unmapped_d_flop       15 27.0     0    45     245  (30.6970,65.0565) 
  pp_fir_4_1_1_csa_tree_ADD_TC_OP_groupi3966/g4739/z (u)     in_0->z R     unmapped_xnor2         1  1.8     0    11     256  (19.6600,72.2315) 
  pp_fir_4_1_1_csa_tree_ADD_TC_OP_groupi3966/g4858/z (u)     in_0->z R     unmapped_xnor2         2  3.6     0    12     268  (18.8090,72.2585) 
  pp_fir_4_1_1_csa_tree_ADD_TC_OP_groupi3966/g2453/z (u)     in_0->z R     unmapped_complex2      2  3.6     0     7     275  (16.8720,72.2855) 
  pp_fir_4_1_1_csa_tree_ADD_TC_OP_groupi3966/g5091/z (u)     in_1->z R     unmapped_complex3      2  3.6     0    13     287  (16.8890,71.3410) 
  pp_fir_4_1_1_csa_tree_ADD_TC_OP_groupi3966/g5166/z (u)     in_2->z R     unmapped_complex3      3  5.4     0    14     301  (16.3480,69.4735) 
  pp_fir_4_1_1_csa_tree_ADD_TC_OP_groupi3966/g5217/z (u)     in_0->z F     unmapped_nand3         1  1.8     0     8     309  (16.1545,68.5035) 
  pp_fir_4_1_1_csa_tree_ADD_TC_OP_groupi3966/g5209/z (u)     in_0->z R     unmapped_complex4      2  3.6     0    10     319  (17.8305,69.0105) 
  pp_fir_4_1_1_csa_tree_ADD_TC_OP_groupi3966/g5278/z (u)     in_2->z R     unmapped_complex3      2  3.6     0    13     331  (13.8070,73.7515) 
  pp_fir_4_1_1_csa_tree_ADD_TC_OP_groupi3966/g5312/z (u)     in_2->z R     unmapped_complex3      4  7.2     0    14     346  (15.2565,78.4910) 
  pp_fir_4_1_1_csa_tree_ADD_TC_OP_groupi3966/g5309/z (u)     in_0->z F     unmapped_complex4      1  1.8     0    11     357  (18.1510,81.6450) 
  pp_fir_4_1_1_csa_tree_ADD_TC_OP_groupi3966/g5336/z (u)     in_0->z R     unmapped_nand3         4  7.2     0    11     368  (21.2615,81.6250) 
  pp_fir_4_1_1_csa_tree_ADD_TC_OP_groupi3966/g5327/z (u)     in_0->z F     unmapped_complex4      1  1.8     0    11     380  (28.0705,86.2875) 
  pp_fir_4_1_1_csa_tree_ADD_TC_OP_groupi3966/g5357/z (u)     in_0->z R     unmapped_nand3        13 23.4     0    17     396  (30.0130,87.5530) 
  pp_fir_4_1_1_csa_tree_ADD_TC_OP_groupi3966/g5346/z (u)     in_0->z F     unmapped_complex3      1  1.8     0     8     405  (36.8005,92.7685) 
  pp_fir_4_1_1_csa_tree_ADD_TC_OP_groupi3966/g5360/z (u)     in_0->z R     unmapped_complex4      1  1.8     0     8     413  (38.0015,92.8510) 
  pp_fir_4_1_1_csa_tree_ADD_TC_OP_groupi3966/g5395/z (u)     in_0->z R     unmapped_xnor2         1  1.8     0    11     424  (38.6400,93.6220) 
  pp_fir_4_1_1_g7047/z                               (u)     in_1->z R     unmapped_complex3      1  1.8     0    11     435  (38.8530,94.5760) 
  pp_fir_4_1_1_sum1_8_re_1_reg[21]/d                 -       -       R     unmapped_d_flop        1    -     -     0     435  (36.6390,95.3840) 
#-----------------------------------------------------------------------------------------------------------------------------------------------

(u) : Net has unmapped pin(s).



Path 47: MET (135 ps) Setup Check with Pin pp_fir_4_1_1_sum1_8_re_1_reg[19]/clk->d
           View: view_wcl_fast
          Group: clk
     Startpoint: (R) pp_fir_4_1_1_Delay_Pipeline_reg_re_reg[17][2]/clk
          Clock: (R) clk
       Endpoint: (R) pp_fir_4_1_1_sum1_8_re_1_reg[19]/d
          Clock: (R) clk

                     Capture       Launch     
        Clock Edge:+     500            0     
       Src Latency:+       0            0     
       Net Latency:+     200 (I)      200 (I) 
           Arrival:=     700          200     
                                              
             Setup:-       5                  
       Uncertainty:-     125                  
     Required Time:=     570                  
      Launch Clock:-     200                  
         Data Path:-     235                  
             Slack:=     135                  

#-----------------------------------------------------------------------------------------------------------------------------------------------
#                   Timing Point                     Flags    Arc    Edge       Cell         Fanout Load Trans Delay Arrival      Instance      
#                                                                                                   (fF)  (ps)  (ps)   (ps)       Location      
#-----------------------------------------------------------------------------------------------------------------------------------------------
  pp_fir_4_1_1_Delay_Pipeline_reg_re_reg[17][2]/clk  -       -       R     (arrival)           3624    -    25     0     200              (-,-) 
  pp_fir_4_1_1_Delay_Pipeline_reg_re_reg[17][2]/q    (u)     clk->q  R     unmapped_d_flop       15 27.0     0    45     245  (30.6970,65.0565) 
  pp_fir_4_1_1_csa_tree_ADD_TC_OP_groupi3966/g4739/z (u)     in_0->z R     unmapped_xnor2         1  1.8     0    11     256  (19.6600,72.2315) 
  pp_fir_4_1_1_csa_tree_ADD_TC_OP_groupi3966/g4858/z (u)     in_0->z R     unmapped_xnor2         2  3.6     0    12     268  (18.8090,72.2585) 
  pp_fir_4_1_1_csa_tree_ADD_TC_OP_groupi3966/g2453/z (u)     in_0->z R     unmapped_complex2      2  3.6     0     7     275  (16.8720,72.2855) 
  pp_fir_4_1_1_csa_tree_ADD_TC_OP_groupi3966/g5091/z (u)     in_1->z R     unmapped_complex3      2  3.6     0    13     287  (16.8890,71.3410) 
  pp_fir_4_1_1_csa_tree_ADD_TC_OP_groupi3966/g5166/z (u)     in_2->z R     unmapped_complex3      3  5.4     0    14     301  (16.3480,69.4735) 
  pp_fir_4_1_1_csa_tree_ADD_TC_OP_groupi3966/g5217/z (u)     in_0->z F     unmapped_nand3         1  1.8     0     8     309  (16.1545,68.5035) 
  pp_fir_4_1_1_csa_tree_ADD_TC_OP_groupi3966/g5209/z (u)     in_0->z R     unmapped_complex4      2  3.6     0    10     319  (17.8305,69.0105) 
  pp_fir_4_1_1_csa_tree_ADD_TC_OP_groupi3966/g5278/z (u)     in_2->z R     unmapped_complex3      2  3.6     0    13     331  (13.8070,73.7515) 
  pp_fir_4_1_1_csa_tree_ADD_TC_OP_groupi3966/g5312/z (u)     in_2->z R     unmapped_complex3      4  7.2     0    14     346  (15.2565,78.4910) 
  pp_fir_4_1_1_csa_tree_ADD_TC_OP_groupi3966/g5309/z (u)     in_0->z F     unmapped_complex4      1  1.8     0    11     357  (18.1510,81.6450) 
  pp_fir_4_1_1_csa_tree_ADD_TC_OP_groupi3966/g5336/z (u)     in_0->z R     unmapped_nand3         4  7.2     0    11     368  (21.2615,81.6250) 
  pp_fir_4_1_1_csa_tree_ADD_TC_OP_groupi3966/g5327/z (u)     in_0->z F     unmapped_complex4      1  1.8     0    11     380  (28.0705,86.2875) 
  pp_fir_4_1_1_csa_tree_ADD_TC_OP_groupi3966/g5357/z (u)     in_0->z R     unmapped_nand3        13 23.4     0    17     396  (30.0130,87.5530) 
  pp_fir_4_1_1_csa_tree_ADD_TC_OP_groupi3966/g5339/z (u)     in_0->z F     unmapped_complex3      1  1.8     0     8     405  (33.4555,90.7885) 
  pp_fir_4_1_1_csa_tree_ADD_TC_OP_groupi3966/g5343/z (u)     in_0->z R     unmapped_complex4      1  1.8     0     8     413  (33.3045,91.7570) 
  pp_fir_4_1_1_csa_tree_ADD_TC_OP_groupi3966/g5397/z (u)     in_0->z R     unmapped_xnor2         1  1.8     0    11     424  (33.3720,92.7885) 
  pp_fir_4_1_1_g6832/z                               (u)     in_2->z R     unmapped_complex3      1  1.8     0    11     435  (33.1315,93.7235) 
  pp_fir_4_1_1_sum1_8_re_1_reg[19]/d                 -       -       R     unmapped_d_flop        1    -     -     0     435  (32.0010,94.6505) 
#-----------------------------------------------------------------------------------------------------------------------------------------------

(u) : Net has unmapped pin(s).



Path 48: MET (135 ps) Setup Check with Pin pp_fir_4_1_1_sum1_8_im_1_reg[23]/clk->d
           View: view_wcl_fast
          Group: clk
     Startpoint: (R) pp_fir_4_1_1_Delay_Pipeline_reg_im_reg[17][2]/clk
          Clock: (R) clk
       Endpoint: (R) pp_fir_4_1_1_sum1_8_im_1_reg[23]/d
          Clock: (R) clk

                     Capture       Launch     
        Clock Edge:+     500            0     
       Src Latency:+       0            0     
       Net Latency:+     200 (I)      200 (I) 
           Arrival:=     700          200     
                                              
             Setup:-       5                  
       Uncertainty:-     125                  
     Required Time:=     570                  
      Launch Clock:-     200                  
         Data Path:-     235                  
             Slack:=     135                  

#------------------------------------------------------------------------------------------------------------------------------------------------
#                   Timing Point                     Flags    Arc    Edge       Cell         Fanout Load Trans Delay Arrival       Instance      
#                                                                                                   (fF)  (ps)  (ps)   (ps)        Location      
#------------------------------------------------------------------------------------------------------------------------------------------------
  pp_fir_4_1_1_Delay_Pipeline_reg_im_reg[17][2]/clk  -       -       R     (arrival)           3624    -    25     0     200               (-,-) 
  pp_fir_4_1_1_Delay_Pipeline_reg_im_reg[17][2]/q    (u)     clk->q  R     unmapped_d_flop       15 27.0     0    45     245  (131.1925,68.6555) 
  pp_fir_4_1_1_csa_tree_ADD_TC_OP_groupi3965/g4739/z (u)     in_0->z R     unmapped_xnor2         1  1.8     0    11     256  (134.0230,81.2145) 
  pp_fir_4_1_1_csa_tree_ADD_TC_OP_groupi3965/g4858/z (u)     in_0->z R     unmapped_xnor2         2  3.6     0    12     268  (133.1075,81.1835) 
  pp_fir_4_1_1_csa_tree_ADD_TC_OP_groupi3965/g2453/z (u)     in_0->z R     unmapped_complex2      2  3.6     0     7     275  (135.9830,81.6130) 
  pp_fir_4_1_1_csa_tree_ADD_TC_OP_groupi3965/g5091/z (u)     in_1->z R     unmapped_complex3      2  3.6     0    13     287  (136.9335,81.8350) 
  pp_fir_4_1_1_csa_tree_ADD_TC_OP_groupi3965/g5166/z (u)     in_2->z R     unmapped_complex3      3  5.4     0    14     301  (138.0260,81.0465) 
  pp_fir_4_1_1_csa_tree_ADD_TC_OP_groupi3965/g5217/z (u)     in_0->z F     unmapped_nand3         1  1.8     0     8     309  (138.7465,78.6130) 
  pp_fir_4_1_1_csa_tree_ADD_TC_OP_groupi3965/g5209/z (u)     in_0->z R     unmapped_complex4      2  3.6     0    10     319  (140.4705,79.2865) 
  pp_fir_4_1_1_csa_tree_ADD_TC_OP_groupi3965/g5278/z (u)     in_2->z R     unmapped_complex3      2  3.6     0    13     331  (140.3330,84.1210) 
  pp_fir_4_1_1_csa_tree_ADD_TC_OP_groupi3965/g5312/z (u)     in_2->z R     unmapped_complex3      4  7.2     0    14     346  (138.8845,85.6090) 
  pp_fir_4_1_1_csa_tree_ADD_TC_OP_groupi3965/g5309/z (u)     in_0->z F     unmapped_complex4      1  1.8     0    11     357  (136.2225,88.8015) 
  pp_fir_4_1_1_csa_tree_ADD_TC_OP_groupi3965/g5336/z (u)     in_0->z R     unmapped_nand3         4  7.2     0    11     368  (134.6325,89.3505) 
  pp_fir_4_1_1_csa_tree_ADD_TC_OP_groupi3965/g5327/z (u)     in_0->z F     unmapped_complex4      1  1.8     0    11     380  (127.8800,89.1320) 
  pp_fir_4_1_1_csa_tree_ADD_TC_OP_groupi3965/g5357/z (u)     in_0->z R     unmapped_nand3        13 23.4     0    17     396  (125.6695,88.5820) 
  pp_fir_4_1_1_csa_tree_ADD_TC_OP_groupi3965/g5341/z (u)     in_0->z F     unmapped_complex3      1  1.8     0     8     405  (104.5250,83.4115) 
  pp_fir_4_1_1_csa_tree_ADD_TC_OP_groupi3965/g5361/z (u)     in_0->z R     unmapped_complex4      1  1.8     0     8     413  (104.8455,84.4565) 
  pp_fir_4_1_1_csa_tree_ADD_TC_OP_groupi3965/g5398/z (u)     in_0->z R     unmapped_xnor2         1  1.8     0    11     424  (104.8505,85.4725) 
  pp_fir_4_1_1_g7324/z                               (u)     in_2->z R     unmapped_complex3      1  1.8     0    11     435  (105.5125,87.4920) 
  pp_fir_4_1_1_sum1_8_im_1_reg[23]/d                 -       -       R     unmapped_d_flop        1    -     -     0     435  (102.2800,87.6210) 
#------------------------------------------------------------------------------------------------------------------------------------------------

(u) : Net has unmapped pin(s).



Path 49: MET (135 ps) Setup Check with Pin pp_fir_4_1_1_sum1_8_im_1_reg[22]/clk->d
           View: view_wcl_fast
          Group: clk
     Startpoint: (R) pp_fir_4_1_1_Delay_Pipeline_reg_im_reg[17][2]/clk
          Clock: (R) clk
       Endpoint: (R) pp_fir_4_1_1_sum1_8_im_1_reg[22]/d
          Clock: (R) clk

                     Capture       Launch     
        Clock Edge:+     500            0     
       Src Latency:+       0            0     
       Net Latency:+     200 (I)      200 (I) 
           Arrival:=     700          200     
                                              
             Setup:-       5                  
       Uncertainty:-     125                  
     Required Time:=     570                  
      Launch Clock:-     200                  
         Data Path:-     235                  
             Slack:=     135                  

#------------------------------------------------------------------------------------------------------------------------------------------------
#                   Timing Point                     Flags    Arc    Edge       Cell         Fanout Load Trans Delay Arrival       Instance      
#                                                                                                   (fF)  (ps)  (ps)   (ps)        Location      
#------------------------------------------------------------------------------------------------------------------------------------------------
  pp_fir_4_1_1_Delay_Pipeline_reg_im_reg[17][2]/clk  -       -       R     (arrival)           3624    -    25     0     200               (-,-) 
  pp_fir_4_1_1_Delay_Pipeline_reg_im_reg[17][2]/q    (u)     clk->q  R     unmapped_d_flop       15 27.0     0    45     245  (131.1925,68.6555) 
  pp_fir_4_1_1_csa_tree_ADD_TC_OP_groupi3965/g4739/z (u)     in_0->z R     unmapped_xnor2         1  1.8     0    11     256  (134.0230,81.2145) 
  pp_fir_4_1_1_csa_tree_ADD_TC_OP_groupi3965/g4858/z (u)     in_0->z R     unmapped_xnor2         2  3.6     0    12     268  (133.1075,81.1835) 
  pp_fir_4_1_1_csa_tree_ADD_TC_OP_groupi3965/g2453/z (u)     in_0->z R     unmapped_complex2      2  3.6     0     7     275  (135.9830,81.6130) 
  pp_fir_4_1_1_csa_tree_ADD_TC_OP_groupi3965/g5091/z (u)     in_1->z R     unmapped_complex3      2  3.6     0    13     287  (136.9335,81.8350) 
  pp_fir_4_1_1_csa_tree_ADD_TC_OP_groupi3965/g5166/z (u)     in_2->z R     unmapped_complex3      3  5.4     0    14     301  (138.0260,81.0465) 
  pp_fir_4_1_1_csa_tree_ADD_TC_OP_groupi3965/g5217/z (u)     in_0->z F     unmapped_nand3         1  1.8     0     8     309  (138.7465,78.6130) 
  pp_fir_4_1_1_csa_tree_ADD_TC_OP_groupi3965/g5209/z (u)     in_0->z R     unmapped_complex4      2  3.6     0    10     319  (140.4705,79.2865) 
  pp_fir_4_1_1_csa_tree_ADD_TC_OP_groupi3965/g5278/z (u)     in_2->z R     unmapped_complex3      2  3.6     0    13     331  (140.3330,84.1210) 
  pp_fir_4_1_1_csa_tree_ADD_TC_OP_groupi3965/g5312/z (u)     in_2->z R     unmapped_complex3      4  7.2     0    14     346  (138.8845,85.6090) 
  pp_fir_4_1_1_csa_tree_ADD_TC_OP_groupi3965/g5309/z (u)     in_0->z F     unmapped_complex4      1  1.8     0    11     357  (136.2225,88.8015) 
  pp_fir_4_1_1_csa_tree_ADD_TC_OP_groupi3965/g5336/z (u)     in_0->z R     unmapped_nand3         4  7.2     0    11     368  (134.6325,89.3505) 
  pp_fir_4_1_1_csa_tree_ADD_TC_OP_groupi3965/g5327/z (u)     in_0->z F     unmapped_complex4      1  1.8     0    11     380  (127.8800,89.1320) 
  pp_fir_4_1_1_csa_tree_ADD_TC_OP_groupi3965/g5357/z (u)     in_0->z R     unmapped_nand3        13 23.4     0    17     396  (125.6695,88.5820) 
  pp_fir_4_1_1_csa_tree_ADD_TC_OP_groupi3965/g5340/z (u)     in_0->z F     unmapped_complex3      1  1.8     0     8     405  (103.0935,84.4880) 
  pp_fir_4_1_1_csa_tree_ADD_TC_OP_groupi3965/g5363/z (u)     in_0->z R     unmapped_complex4      1  1.8     0     8     413  (101.2240,83.6670) 
  pp_fir_4_1_1_csa_tree_ADD_TC_OP_groupi3965/g5396/z (u)     in_0->z R     unmapped_xnor2         1  1.8     0    11     424   (99.9275,83.2120) 
  pp_fir_4_1_1_g7298/z                               (u)     in_1->z R     unmapped_complex3      1  1.8     0    11     435  (100.2545,84.6695) 
  pp_fir_4_1_1_sum1_8_im_1_reg[22]/d                 -       -       R     unmapped_d_flop        1    -     -     0     435   (98.4265,85.7750) 
#------------------------------------------------------------------------------------------------------------------------------------------------

(u) : Net has unmapped pin(s).



Path 50: MET (135 ps) Setup Check with Pin pp_fir_4_1_1_sum1_8_im_1_reg[21]/clk->d
           View: view_wcl_fast
          Group: clk
     Startpoint: (R) pp_fir_4_1_1_Delay_Pipeline_reg_im_reg[17][2]/clk
          Clock: (R) clk
       Endpoint: (R) pp_fir_4_1_1_sum1_8_im_1_reg[21]/d
          Clock: (R) clk

                     Capture       Launch     
        Clock Edge:+     500            0     
       Src Latency:+       0            0     
       Net Latency:+     200 (I)      200 (I) 
           Arrival:=     700          200     
                                              
             Setup:-       5                  
       Uncertainty:-     125                  
     Required Time:=     570                  
      Launch Clock:-     200                  
         Data Path:-     235                  
             Slack:=     135                  

#------------------------------------------------------------------------------------------------------------------------------------------------
#                   Timing Point                     Flags    Arc    Edge       Cell         Fanout Load Trans Delay Arrival       Instance      
#                                                                                                   (fF)  (ps)  (ps)   (ps)        Location      
#------------------------------------------------------------------------------------------------------------------------------------------------
  pp_fir_4_1_1_Delay_Pipeline_reg_im_reg[17][2]/clk  -       -       R     (arrival)           3624    -    25     0     200               (-,-) 
  pp_fir_4_1_1_Delay_Pipeline_reg_im_reg[17][2]/q    (u)     clk->q  R     unmapped_d_flop       15 27.0     0    45     245  (131.1925,68.6555) 
  pp_fir_4_1_1_csa_tree_ADD_TC_OP_groupi3965/g4739/z (u)     in_0->z R     unmapped_xnor2         1  1.8     0    11     256  (134.0230,81.2145) 
  pp_fir_4_1_1_csa_tree_ADD_TC_OP_groupi3965/g4858/z (u)     in_0->z R     unmapped_xnor2         2  3.6     0    12     268  (133.1075,81.1835) 
  pp_fir_4_1_1_csa_tree_ADD_TC_OP_groupi3965/g2453/z (u)     in_0->z R     unmapped_complex2      2  3.6     0     7     275  (135.9830,81.6130) 
  pp_fir_4_1_1_csa_tree_ADD_TC_OP_groupi3965/g5091/z (u)     in_1->z R     unmapped_complex3      2  3.6     0    13     287  (136.9335,81.8350) 
  pp_fir_4_1_1_csa_tree_ADD_TC_OP_groupi3965/g5166/z (u)     in_2->z R     unmapped_complex3      3  5.4     0    14     301  (138.0260,81.0465) 
  pp_fir_4_1_1_csa_tree_ADD_TC_OP_groupi3965/g5217/z (u)     in_0->z F     unmapped_nand3         1  1.8     0     8     309  (138.7465,78.6130) 
  pp_fir_4_1_1_csa_tree_ADD_TC_OP_groupi3965/g5209/z (u)     in_0->z R     unmapped_complex4      2  3.6     0    10     319  (140.4705,79.2865) 
  pp_fir_4_1_1_csa_tree_ADD_TC_OP_groupi3965/g5278/z (u)     in_2->z R     unmapped_complex3      2  3.6     0    13     331  (140.3330,84.1210) 
  pp_fir_4_1_1_csa_tree_ADD_TC_OP_groupi3965/g5312/z (u)     in_2->z R     unmapped_complex3      4  7.2     0    14     346  (138.8845,85.6090) 
  pp_fir_4_1_1_csa_tree_ADD_TC_OP_groupi3965/g5309/z (u)     in_0->z F     unmapped_complex4      1  1.8     0    11     357  (136.2225,88.8015) 
  pp_fir_4_1_1_csa_tree_ADD_TC_OP_groupi3965/g5336/z (u)     in_0->z R     unmapped_nand3         4  7.2     0    11     368  (134.6325,89.3505) 
  pp_fir_4_1_1_csa_tree_ADD_TC_OP_groupi3965/g5327/z (u)     in_0->z F     unmapped_complex4      1  1.8     0    11     380  (127.8800,89.1320) 
  pp_fir_4_1_1_csa_tree_ADD_TC_OP_groupi3965/g5357/z (u)     in_0->z R     unmapped_nand3        13 23.4     0    17     396  (125.6695,88.5820) 
  pp_fir_4_1_1_csa_tree_ADD_TC_OP_groupi3965/g5346/z (u)     in_0->z F     unmapped_complex3      1  1.8     0     8     405  (103.4745,81.1915) 
  pp_fir_4_1_1_csa_tree_ADD_TC_OP_groupi3965/g5360/z (u)     in_0->z R     unmapped_complex4      1  1.8     0     8     413  (102.8305,80.1430) 
  pp_fir_4_1_1_csa_tree_ADD_TC_OP_groupi3965/g5395/z (u)     in_0->z R     unmapped_xnor2         1  1.8     0    11     424  (101.2820,80.1935) 
  pp_fir_4_1_1_g7291/z                               (u)     in_2->z R     unmapped_complex3      1  1.8     0    11     435  (100.5665,81.1720) 
  pp_fir_4_1_1_sum1_8_im_1_reg[21]/d                 -       -       R     unmapped_d_flop        1    -     -     0     435   (99.0860,82.1525) 
#------------------------------------------------------------------------------------------------------------------------------------------------

(u) : Net has unmapped pin(s).

