============================================================
  Generated by:           Genus(TM) Synthesis Solution 21.11-s126_1
  Generated on:           May 09 2024  05:31:27 am
  Module:                 topVcoDigital
  Operating conditions:   SSG_0P72V_0P00V_0P00V_0P00V_125C 
  Operating conditions:   FFG_0P88V_0P00V_0P00V_0P00V_M40C 
  Operating conditions:   TT_0P80V_0P00V_0P00V_0P00V_25C 
  Interconnect mode:      global
  Area mode:              physical library
============================================================


Path 1: VIOLATED (-286 ps) Setup Check with Pin fifo_inst/fifo_mem_reg[5][12]/CK->SE
           View: view_wcl_slow
          Group: clk
     Startpoint: (F) rst
          Clock: (R) sclk
       Endpoint: (R) fifo_inst/fifo_mem_reg[5][12]/SE
          Clock: (R) clk

                     Capture       Launch     
        Clock Edge:+  720000       718750     
        Drv Adjust:+       0            0     
       Src Latency:+       0            0     
       Net Latency:+       0 (I)        0 (I) 
           Arrival:=  720000       718750     
                                              
             Setup:-      29                  
     Required Time:=  719971                  
      Launch Clock:-  718750                  
       Input Delay:-    1500                  
         Data Path:-       7                  
             Slack:=    -286                  

Exceptions/Constraints:
  input_delay             1500            topVCODigital_struct_line_23 

#---------------------------------------------------------------------------------------------------------------------
#          Timing Point            Flags   Arc   Edge         Cell          Fanout  Load Trans Delay Arrival Instance 
#                                                                                   (fF)  (ps)  (ps)   (ps)  Location 
#---------------------------------------------------------------------------------------------------------------------
  rst                              (a)     -     F     (arrival)               113 114.7     0     0  720250    (-,-) 
  fifo_inst/g14753__14959/X        -       A1->X R     UDBSLT28_ND2_MM_16        8  11.8    30     7  720257    (-,-) 
  fifo_inst/fifo_mem_reg[5][12]/SE -       -     R     UDBSLT28_FSDPQ_SU3_4      8     -     -     0  720257    (-,-) 
#---------------------------------------------------------------------------------------------------------------------

(a) : Net has asynchronous load pins which are being considered ideal.



Path 2: VIOLATED (-286 ps) Setup Check with Pin fifo_inst/fifo_mem_reg[5][11]/CK->SE
           View: view_wcl_slow
          Group: clk
     Startpoint: (F) rst
          Clock: (R) sclk
       Endpoint: (R) fifo_inst/fifo_mem_reg[5][11]/SE
          Clock: (R) clk

                     Capture       Launch     
        Clock Edge:+  720000       718750     
        Drv Adjust:+       0            0     
       Src Latency:+       0            0     
       Net Latency:+       0 (I)        0 (I) 
           Arrival:=  720000       718750     
                                              
             Setup:-      29                  
     Required Time:=  719971                  
      Launch Clock:-  718750                  
       Input Delay:-    1500                  
         Data Path:-       7                  
             Slack:=    -286                  

Exceptions/Constraints:
  input_delay             1500            topVCODigital_struct_line_23 

#---------------------------------------------------------------------------------------------------------------------
#          Timing Point            Flags   Arc   Edge         Cell          Fanout  Load Trans Delay Arrival Instance 
#                                                                                   (fF)  (ps)  (ps)   (ps)  Location 
#---------------------------------------------------------------------------------------------------------------------
  rst                              (a)     -     F     (arrival)               113 114.7     0     0  720250    (-,-) 
  fifo_inst/g14753__14959/X        -       A1->X R     UDBSLT28_ND2_MM_16        8  11.8    30     7  720257    (-,-) 
  fifo_inst/fifo_mem_reg[5][11]/SE -       -     R     UDBSLT28_FSDPQ_SU3_4      8     -     -     0  720257    (-,-) 
#---------------------------------------------------------------------------------------------------------------------

(a) : Net has asynchronous load pins which are being considered ideal.



Path 3: VIOLATED (-286 ps) Setup Check with Pin fifo_inst/fifo_mem_reg[5][4]/CK->SE
           View: view_wcl_slow
          Group: clk
     Startpoint: (F) rst
          Clock: (R) sclk
       Endpoint: (R) fifo_inst/fifo_mem_reg[5][4]/SE
          Clock: (R) clk

                     Capture       Launch     
        Clock Edge:+  720000       718750     
        Drv Adjust:+       0            0     
       Src Latency:+       0            0     
       Net Latency:+       0 (I)        0 (I) 
           Arrival:=  720000       718750     
                                              
             Setup:-      29                  
     Required Time:=  719971                  
      Launch Clock:-  718750                  
       Input Delay:-    1500                  
         Data Path:-       7                  
             Slack:=    -286                  

Exceptions/Constraints:
  input_delay             1500            topVCODigital_struct_line_23 

#--------------------------------------------------------------------------------------------------------------------
#          Timing Point           Flags   Arc   Edge         Cell          Fanout  Load Trans Delay Arrival Instance 
#                                                                                  (fF)  (ps)  (ps)   (ps)  Location 
#--------------------------------------------------------------------------------------------------------------------
  rst                             (a)     -     F     (arrival)               113 114.7     0     0  720250    (-,-) 
  fifo_inst/g14753__14959/X       -       A1->X R     UDBSLT28_ND2_MM_16        8  11.8    30     7  720257    (-,-) 
  fifo_inst/fifo_mem_reg[5][4]/SE -       -     R     UDBSLT28_FSDPQ_SU3_4      8     -     -     0  720257    (-,-) 
#--------------------------------------------------------------------------------------------------------------------

(a) : Net has asynchronous load pins which are being considered ideal.



Path 4: VIOLATED (-286 ps) Setup Check with Pin fifo_inst/fifo_mem_reg[5][1]/CK->SE
           View: view_wcl_slow
          Group: clk
     Startpoint: (F) rst
          Clock: (R) sclk
       Endpoint: (R) fifo_inst/fifo_mem_reg[5][1]/SE
          Clock: (R) clk

                     Capture       Launch     
        Clock Edge:+  720000       718750     
        Drv Adjust:+       0            0     
       Src Latency:+       0            0     
       Net Latency:+       0 (I)        0 (I) 
           Arrival:=  720000       718750     
                                              
             Setup:-      29                  
     Required Time:=  719971                  
      Launch Clock:-  718750                  
       Input Delay:-    1500                  
         Data Path:-       7                  
             Slack:=    -286                  

Exceptions/Constraints:
  input_delay             1500            topVCODigital_struct_line_23 

#--------------------------------------------------------------------------------------------------------------------
#          Timing Point           Flags   Arc   Edge         Cell          Fanout  Load Trans Delay Arrival Instance 
#                                                                                  (fF)  (ps)  (ps)   (ps)  Location 
#--------------------------------------------------------------------------------------------------------------------
  rst                             (a)     -     F     (arrival)               113 114.7     0     0  720250    (-,-) 
  fifo_inst/g14753__14959/X       -       A1->X R     UDBSLT28_ND2_MM_16        8  11.8    30     7  720257    (-,-) 
  fifo_inst/fifo_mem_reg[5][1]/SE -       -     R     UDBSLT28_FSDPQ_SU3_4      8     -     -     0  720257    (-,-) 
#--------------------------------------------------------------------------------------------------------------------

(a) : Net has asynchronous load pins which are being considered ideal.



Path 5: VIOLATED (-286 ps) Setup Check with Pin fifo_inst/fifo_mem_reg[3][15]/CK->SE
           View: view_wcl_slow
          Group: clk
     Startpoint: (F) rst
          Clock: (R) sclk
       Endpoint: (R) fifo_inst/fifo_mem_reg[3][15]/SE
          Clock: (R) clk

                     Capture       Launch     
        Clock Edge:+  720000       718750     
        Drv Adjust:+       0            0     
       Src Latency:+       0            0     
       Net Latency:+       0 (I)        0 (I) 
           Arrival:=  720000       718750     
                                              
             Setup:-      29                  
     Required Time:=  719971                  
      Launch Clock:-  718750                  
       Input Delay:-    1500                  
         Data Path:-       7                  
             Slack:=    -286                  

Exceptions/Constraints:
  input_delay             1500            topVCODigital_struct_line_23 

#---------------------------------------------------------------------------------------------------------------------
#          Timing Point            Flags   Arc   Edge         Cell          Fanout  Load Trans Delay Arrival Instance 
#                                                                                   (fF)  (ps)  (ps)   (ps)  Location 
#---------------------------------------------------------------------------------------------------------------------
  rst                              (a)     -     F     (arrival)               113 114.7     0     0  720250    (-,-) 
  fifo_inst/g14756__14958/X        -       A1->X R     UDBSLT28_ND2_MM_16        8  11.8    30     7  720257    (-,-) 
  fifo_inst/fifo_mem_reg[3][15]/SE -       -     R     UDBSLT28_FSDPQ_SU3_4      8     -     -     0  720257    (-,-) 
#---------------------------------------------------------------------------------------------------------------------

(a) : Net has asynchronous load pins which are being considered ideal.



Path 6: VIOLATED (-286 ps) Setup Check with Pin fifo_inst/fifo_mem_reg[3][9]/CK->SE
           View: view_wcl_slow
          Group: clk
     Startpoint: (F) rst
          Clock: (R) sclk
       Endpoint: (R) fifo_inst/fifo_mem_reg[3][9]/SE
          Clock: (R) clk

                     Capture       Launch     
        Clock Edge:+  720000       718750     
        Drv Adjust:+       0            0     
       Src Latency:+       0            0     
       Net Latency:+       0 (I)        0 (I) 
           Arrival:=  720000       718750     
                                              
             Setup:-      29                  
     Required Time:=  719971                  
      Launch Clock:-  718750                  
       Input Delay:-    1500                  
         Data Path:-       7                  
             Slack:=    -286                  

Exceptions/Constraints:
  input_delay             1500            topVCODigital_struct_line_23 

#--------------------------------------------------------------------------------------------------------------------
#          Timing Point           Flags   Arc   Edge         Cell          Fanout  Load Trans Delay Arrival Instance 
#                                                                                  (fF)  (ps)  (ps)   (ps)  Location 
#--------------------------------------------------------------------------------------------------------------------
  rst                             (a)     -     F     (arrival)               113 114.7     0     0  720250    (-,-) 
  fifo_inst/g14756__14958/X       -       A1->X R     UDBSLT28_ND2_MM_16        8  11.8    30     7  720257    (-,-) 
  fifo_inst/fifo_mem_reg[3][9]/SE -       -     R     UDBSLT28_FSDPQ_SU3_4      8     -     -     0  720257    (-,-) 
#--------------------------------------------------------------------------------------------------------------------

(a) : Net has asynchronous load pins which are being considered ideal.



Path 7: VIOLATED (-286 ps) Setup Check with Pin fifo_inst/fifo_mem_reg[3][3]/CK->SE
           View: view_wcl_slow
          Group: clk
     Startpoint: (F) rst
          Clock: (R) sclk
       Endpoint: (R) fifo_inst/fifo_mem_reg[3][3]/SE
          Clock: (R) clk

                     Capture       Launch     
        Clock Edge:+  720000       718750     
        Drv Adjust:+       0            0     
       Src Latency:+       0            0     
       Net Latency:+       0 (I)        0 (I) 
           Arrival:=  720000       718750     
                                              
             Setup:-      29                  
     Required Time:=  719971                  
      Launch Clock:-  718750                  
       Input Delay:-    1500                  
         Data Path:-       7                  
             Slack:=    -286                  

Exceptions/Constraints:
  input_delay             1500            topVCODigital_struct_line_23 

#--------------------------------------------------------------------------------------------------------------------
#          Timing Point           Flags   Arc   Edge         Cell          Fanout  Load Trans Delay Arrival Instance 
#                                                                                  (fF)  (ps)  (ps)   (ps)  Location 
#--------------------------------------------------------------------------------------------------------------------
  rst                             (a)     -     F     (arrival)               113 114.7     0     0  720250    (-,-) 
  fifo_inst/g14756__14958/X       -       A1->X R     UDBSLT28_ND2_MM_16        8  11.8    30     7  720257    (-,-) 
  fifo_inst/fifo_mem_reg[3][3]/SE -       -     R     UDBSLT28_FSDPQ_SU3_4      8     -     -     0  720257    (-,-) 
#--------------------------------------------------------------------------------------------------------------------

(a) : Net has asynchronous load pins which are being considered ideal.



Path 8: VIOLATED (-286 ps) Setup Check with Pin fifo_inst/fifo_mem_reg[3][2]/CK->SE
           View: view_wcl_slow
          Group: clk
     Startpoint: (F) rst
          Clock: (R) sclk
       Endpoint: (R) fifo_inst/fifo_mem_reg[3][2]/SE
          Clock: (R) clk

                     Capture       Launch     
        Clock Edge:+  720000       718750     
        Drv Adjust:+       0            0     
       Src Latency:+       0            0     
       Net Latency:+       0 (I)        0 (I) 
           Arrival:=  720000       718750     
                                              
             Setup:-      29                  
     Required Time:=  719971                  
      Launch Clock:-  718750                  
       Input Delay:-    1500                  
         Data Path:-       7                  
             Slack:=    -286                  

Exceptions/Constraints:
  input_delay             1500            topVCODigital_struct_line_23 

#--------------------------------------------------------------------------------------------------------------------
#          Timing Point           Flags   Arc   Edge         Cell          Fanout  Load Trans Delay Arrival Instance 
#                                                                                  (fF)  (ps)  (ps)   (ps)  Location 
#--------------------------------------------------------------------------------------------------------------------
  rst                             (a)     -     F     (arrival)               113 114.7     0     0  720250    (-,-) 
  fifo_inst/g14756__14958/X       -       A1->X R     UDBSLT28_ND2_MM_16        8  11.8    30     7  720257    (-,-) 
  fifo_inst/fifo_mem_reg[3][2]/SE -       -     R     UDBSLT28_FSDPQ_SU3_4      8     -     -     0  720257    (-,-) 
#--------------------------------------------------------------------------------------------------------------------

(a) : Net has asynchronous load pins which are being considered ideal.



Path 9: VIOLATED (-286 ps) Setup Check with Pin fifo_inst/data_out_reg[15]/CK->D
           View: view_wcl_slow
          Group: clk
     Startpoint: (R) rst
          Clock: (R) sclk
       Endpoint: (F) fifo_inst/data_out_reg[15]/D
          Clock: (R) clk

                     Capture       Launch     
        Clock Edge:+  720000       718750     
        Drv Adjust:+       0            0     
       Src Latency:+       0            0     
       Net Latency:+       0 (I)        0 (I) 
           Arrival:=  720000       718750     
                                              
             Setup:-     -10                  
     Required Time:=  720010                  
      Launch Clock:-  718750                  
       Input Delay:-    1500                  
         Data Path:-      46                  
             Slack:=    -286                  

Exceptions/Constraints:
  input_delay             1500            topVCODigital_struct_line_23 

#-------------------------------------------------------------------------------------------------------------------
#        Timing Point          Flags   Arc   Edge          Cell           Fanout  Load Trans Delay Arrival Instance 
#                                                                                 (fF)  (ps)  (ps)   (ps)  Location 
#-------------------------------------------------------------------------------------------------------------------
  rst                          (a)     -     R     (arrival)                 113 108.7     0     0  720250    (-,-) 
  fifo_inst/g14781__2346_0/X   -       A1->X F     UDBSLT28_ND2_MM_24          8   9.4    51     9  720259    (-,-) 
  fifo_inst/g14565__6783/X     -       B1->X F     UDBSLT28_AO22_4             1   1.5    11    37  720296    (-,-) 
  fifo_inst/data_out_reg[15]/D -       -     F     UDBSLT28_FSDPQ_F4SU3_2      1     -     -     0  720296    (-,-) 
#-------------------------------------------------------------------------------------------------------------------

(a) : Net has asynchronous load pins which are being considered ideal.



Path 10: VIOLATED (-286 ps) Setup Check with Pin fifo_inst/data_out_reg[14]/CK->D
           View: view_wcl_slow
          Group: clk
     Startpoint: (R) rst
          Clock: (R) sclk
       Endpoint: (F) fifo_inst/data_out_reg[14]/D
          Clock: (R) clk

                     Capture       Launch     
        Clock Edge:+  720000       718750     
        Drv Adjust:+       0            0     
       Src Latency:+       0            0     
       Net Latency:+       0 (I)        0 (I) 
           Arrival:=  720000       718750     
                                              
             Setup:-     -10                  
     Required Time:=  720010                  
      Launch Clock:-  718750                  
       Input Delay:-    1500                  
         Data Path:-      46                  
             Slack:=    -286                  

Exceptions/Constraints:
  input_delay             1500            topVCODigital_struct_line_23 

#-------------------------------------------------------------------------------------------------------------------
#        Timing Point          Flags   Arc   Edge          Cell           Fanout  Load Trans Delay Arrival Instance 
#                                                                                 (fF)  (ps)  (ps)   (ps)  Location 
#-------------------------------------------------------------------------------------------------------------------
  rst                          (a)     -     R     (arrival)                 113 108.7     0     0  720250    (-,-) 
  fifo_inst/g14781__14957/X    -       A1->X F     UDBSLT28_ND2_MM_24          8   9.4    51     9  720259    (-,-) 
  fifo_inst/g14572__7098/X     -       B1->X F     UDBSLT28_AO22_4             1   1.5    11    37  720296    (-,-) 
  fifo_inst/data_out_reg[14]/D -       -     F     UDBSLT28_FSDPQ_F4SU3_2      1     -     -     0  720296    (-,-) 
#-------------------------------------------------------------------------------------------------------------------

(a) : Net has asynchronous load pins which are being considered ideal.



Path 11: VIOLATED (-286 ps) Setup Check with Pin fifo_inst/data_out_reg[13]/CK->D
           View: view_wcl_slow
          Group: clk
     Startpoint: (R) rst
          Clock: (R) sclk
       Endpoint: (F) fifo_inst/data_out_reg[13]/D
          Clock: (R) clk

                     Capture       Launch     
        Clock Edge:+  720000       718750     
        Drv Adjust:+       0            0     
       Src Latency:+       0            0     
       Net Latency:+       0 (I)        0 (I) 
           Arrival:=  720000       718750     
                                              
             Setup:-     -10                  
     Required Time:=  720010                  
      Launch Clock:-  718750                  
       Input Delay:-    1500                  
         Data Path:-      46                  
             Slack:=    -286                  

Exceptions/Constraints:
  input_delay             1500            topVCODigital_struct_line_23 

#-------------------------------------------------------------------------------------------------------------------
#        Timing Point          Flags   Arc   Edge          Cell           Fanout  Load Trans Delay Arrival Instance 
#                                                                                 (fF)  (ps)  (ps)   (ps)  Location 
#-------------------------------------------------------------------------------------------------------------------
  rst                          (a)     -     R     (arrival)                 113 108.7     0     0  720250    (-,-) 
  fifo_inst/g14781__2346_0/X   -       A1->X F     UDBSLT28_ND2_MM_24          8   9.4    51     9  720259    (-,-) 
  fifo_inst/g14562__8428/X     -       B1->X F     UDBSLT28_AO22_4             1   1.5    11    37  720296    (-,-) 
  fifo_inst/data_out_reg[13]/D -       -     F     UDBSLT28_FSDPQ_F4SU3_2      1     -     -     0  720296    (-,-) 
#-------------------------------------------------------------------------------------------------------------------

(a) : Net has asynchronous load pins which are being considered ideal.



Path 12: VIOLATED (-286 ps) Setup Check with Pin fifo_inst/data_out_reg[12]/CK->D
           View: view_wcl_slow
          Group: clk
     Startpoint: (R) rst
          Clock: (R) sclk
       Endpoint: (F) fifo_inst/data_out_reg[12]/D
          Clock: (R) clk

                     Capture       Launch     
        Clock Edge:+  720000       718750     
        Drv Adjust:+       0            0     
       Src Latency:+       0            0     
       Net Latency:+       0 (I)        0 (I) 
           Arrival:=  720000       718750     
                                              
             Setup:-     -10                  
     Required Time:=  720010                  
      Launch Clock:-  718750                  
       Input Delay:-    1500                  
         Data Path:-      46                  
             Slack:=    -286                  

Exceptions/Constraints:
  input_delay             1500            topVCODigital_struct_line_23 

#-------------------------------------------------------------------------------------------------------------------
#        Timing Point          Flags   Arc   Edge          Cell           Fanout  Load Trans Delay Arrival Instance 
#                                                                                 (fF)  (ps)  (ps)   (ps)  Location 
#-------------------------------------------------------------------------------------------------------------------
  rst                          (a)     -     R     (arrival)                 113 108.7     0     0  720250    (-,-) 
  fifo_inst/g14781__14957/X    -       A1->X F     UDBSLT28_ND2_MM_24          8   9.4    51     9  720259    (-,-) 
  fifo_inst/g14556__6417/X     -       B1->X F     UDBSLT28_AO22_4             1   1.5    11    37  720296    (-,-) 
  fifo_inst/data_out_reg[12]/D -       -     F     UDBSLT28_FSDPQ_F4SU3_2      1     -     -     0  720296    (-,-) 
#-------------------------------------------------------------------------------------------------------------------

(a) : Net has asynchronous load pins which are being considered ideal.



Path 13: VIOLATED (-286 ps) Setup Check with Pin fifo_inst/data_out_reg[11]/CK->D
           View: view_wcl_slow
          Group: clk
     Startpoint: (R) rst
          Clock: (R) sclk
       Endpoint: (F) fifo_inst/data_out_reg[11]/D
          Clock: (R) clk

                     Capture       Launch     
        Clock Edge:+  720000       718750     
        Drv Adjust:+       0            0     
       Src Latency:+       0            0     
       Net Latency:+       0 (I)        0 (I) 
           Arrival:=  720000       718750     
                                              
             Setup:-     -10                  
     Required Time:=  720010                  
      Launch Clock:-  718750                  
       Input Delay:-    1500                  
         Data Path:-      46                  
             Slack:=    -286                  

Exceptions/Constraints:
  input_delay             1500            topVCODigital_struct_line_23 

#-------------------------------------------------------------------------------------------------------------------
#        Timing Point          Flags   Arc   Edge          Cell           Fanout  Load Trans Delay Arrival Instance 
#                                                                                 (fF)  (ps)  (ps)   (ps)  Location 
#-------------------------------------------------------------------------------------------------------------------
  rst                          (a)     -     R     (arrival)                 113 108.7     0     0  720250    (-,-) 
  fifo_inst/g14781__14957/X    -       A1->X F     UDBSLT28_ND2_MM_24          8   9.4    51     9  720259    (-,-) 
  fifo_inst/g14558__2398/X     -       B1->X F     UDBSLT28_AO22_4             1   1.5    11    37  720296    (-,-) 
  fifo_inst/data_out_reg[11]/D -       -     F     UDBSLT28_FSDPQ_F4SU3_2      1     -     -     0  720296    (-,-) 
#-------------------------------------------------------------------------------------------------------------------

(a) : Net has asynchronous load pins which are being considered ideal.



Path 14: VIOLATED (-286 ps) Setup Check with Pin fifo_inst/data_out_reg[10]/CK->D
           View: view_wcl_slow
          Group: clk
     Startpoint: (R) rst
          Clock: (R) sclk
       Endpoint: (F) fifo_inst/data_out_reg[10]/D
          Clock: (R) clk

                     Capture       Launch     
        Clock Edge:+  720000       718750     
        Drv Adjust:+       0            0     
       Src Latency:+       0            0     
       Net Latency:+       0 (I)        0 (I) 
           Arrival:=  720000       718750     
                                              
             Setup:-     -10                  
     Required Time:=  720010                  
      Launch Clock:-  718750                  
       Input Delay:-    1500                  
         Data Path:-      46                  
             Slack:=    -286                  

Exceptions/Constraints:
  input_delay             1500            topVCODigital_struct_line_23 

#-------------------------------------------------------------------------------------------------------------------
#        Timing Point          Flags   Arc   Edge          Cell           Fanout  Load Trans Delay Arrival Instance 
#                                                                                 (fF)  (ps)  (ps)   (ps)  Location 
#-------------------------------------------------------------------------------------------------------------------
  rst                          (a)     -     R     (arrival)                 113 108.7     0     0  720250    (-,-) 
  fifo_inst/g14781__14957/X    -       A1->X F     UDBSLT28_ND2_MM_24          8   9.4    51     9  720259    (-,-) 
  fifo_inst/g14564__5526/X     -       B1->X F     UDBSLT28_AO22_4             1   1.5    11    37  720296    (-,-) 
  fifo_inst/data_out_reg[10]/D -       -     F     UDBSLT28_FSDPQ_F4SU3_2      1     -     -     0  720296    (-,-) 
#-------------------------------------------------------------------------------------------------------------------

(a) : Net has asynchronous load pins which are being considered ideal.



Path 15: VIOLATED (-286 ps) Setup Check with Pin fifo_inst/data_out_reg[9]/CK->D
           View: view_wcl_slow
          Group: clk
     Startpoint: (R) rst
          Clock: (R) sclk
       Endpoint: (F) fifo_inst/data_out_reg[9]/D
          Clock: (R) clk

                     Capture       Launch     
        Clock Edge:+  720000       718750     
        Drv Adjust:+       0            0     
       Src Latency:+       0            0     
       Net Latency:+       0 (I)        0 (I) 
           Arrival:=  720000       718750     
                                              
             Setup:-     -10                  
     Required Time:=  720010                  
      Launch Clock:-  718750                  
       Input Delay:-    1500                  
         Data Path:-      46                  
             Slack:=    -286                  

Exceptions/Constraints:
  input_delay             1500            topVCODigital_struct_line_23 

#------------------------------------------------------------------------------------------------------------------
#        Timing Point         Flags   Arc   Edge          Cell           Fanout  Load Trans Delay Arrival Instance 
#                                                                                (fF)  (ps)  (ps)   (ps)  Location 
#------------------------------------------------------------------------------------------------------------------
  rst                         (a)     -     R     (arrival)                 113 108.7     0     0  720250    (-,-) 
  fifo_inst/g14781__2346_0/X  -       A1->X F     UDBSLT28_ND2_MM_24          8   9.4    51     9  720259    (-,-) 
  fifo_inst/g14570__5122/X    -       B1->X F     UDBSLT28_AO22_4             1   1.5    11    37  720296    (-,-) 
  fifo_inst/data_out_reg[9]/D -       -     F     UDBSLT28_FSDPQ_F4SU3_2      1     -     -     0  720296    (-,-) 
#------------------------------------------------------------------------------------------------------------------

(a) : Net has asynchronous load pins which are being considered ideal.



Path 16: VIOLATED (-286 ps) Setup Check with Pin fifo_inst/data_out_reg[8]/CK->D
           View: view_wcl_slow
          Group: clk
     Startpoint: (R) rst
          Clock: (R) sclk
       Endpoint: (F) fifo_inst/data_out_reg[8]/D
          Clock: (R) clk

                     Capture       Launch     
        Clock Edge:+  720000       718750     
        Drv Adjust:+       0            0     
       Src Latency:+       0            0     
       Net Latency:+       0 (I)        0 (I) 
           Arrival:=  720000       718750     
                                              
             Setup:-     -10                  
     Required Time:=  720010                  
      Launch Clock:-  718750                  
       Input Delay:-    1500                  
         Data Path:-      46                  
             Slack:=    -286                  

Exceptions/Constraints:
  input_delay             1500            topVCODigital_struct_line_23 

#------------------------------------------------------------------------------------------------------------------
#        Timing Point         Flags   Arc   Edge          Cell           Fanout  Load Trans Delay Arrival Instance 
#                                                                                (fF)  (ps)  (ps)   (ps)  Location 
#------------------------------------------------------------------------------------------------------------------
  rst                         (a)     -     R     (arrival)                 113 108.7     0     0  720250    (-,-) 
  fifo_inst/g14781__2346_0/X  -       A1->X F     UDBSLT28_ND2_MM_24          8   9.4    51     9  720259    (-,-) 
  fifo_inst/g14569__1705/X    -       B1->X F     UDBSLT28_AO22_4             1   1.5    11    37  720296    (-,-) 
  fifo_inst/data_out_reg[8]/D -       -     F     UDBSLT28_FSDPQ_F4SU3_2      1     -     -     0  720296    (-,-) 
#------------------------------------------------------------------------------------------------------------------

(a) : Net has asynchronous load pins which are being considered ideal.



Path 17: VIOLATED (-286 ps) Setup Check with Pin fifo_inst/data_out_reg[7]/CK->D
           View: view_wcl_slow
          Group: clk
     Startpoint: (R) rst
          Clock: (R) sclk
       Endpoint: (F) fifo_inst/data_out_reg[7]/D
          Clock: (R) clk

                     Capture       Launch     
        Clock Edge:+  720000       718750     
        Drv Adjust:+       0            0     
       Src Latency:+       0            0     
       Net Latency:+       0 (I)        0 (I) 
           Arrival:=  720000       718750     
                                              
             Setup:-     -10                  
     Required Time:=  720010                  
      Launch Clock:-  718750                  
       Input Delay:-    1500                  
         Data Path:-      46                  
             Slack:=    -286                  

Exceptions/Constraints:
  input_delay             1500            topVCODigital_struct_line_23 

#------------------------------------------------------------------------------------------------------------------
#        Timing Point         Flags   Arc   Edge          Cell           Fanout  Load Trans Delay Arrival Instance 
#                                                                                (fF)  (ps)  (ps)   (ps)  Location 
#------------------------------------------------------------------------------------------------------------------
  rst                         (a)     -     R     (arrival)                 113 108.7     0     0  720250    (-,-) 
  fifo_inst/g14781__2346_0/X  -       A1->X F     UDBSLT28_ND2_MM_24          8   9.4    51     9  720259    (-,-) 
  fifo_inst/g14567__1617/X    -       B1->X F     UDBSLT28_AO22_4             1   1.5    11    37  720296    (-,-) 
  fifo_inst/data_out_reg[7]/D -       -     F     UDBSLT28_FSDPQ_F4SU3_2      1     -     -     0  720296    (-,-) 
#------------------------------------------------------------------------------------------------------------------

(a) : Net has asynchronous load pins which are being considered ideal.



Path 18: VIOLATED (-286 ps) Setup Check with Pin fifo_inst/data_out_reg[6]/CK->D
           View: view_wcl_slow
          Group: clk
     Startpoint: (R) rst
          Clock: (R) sclk
       Endpoint: (F) fifo_inst/data_out_reg[6]/D
          Clock: (R) clk

                     Capture       Launch     
        Clock Edge:+  720000       718750     
        Drv Adjust:+       0            0     
       Src Latency:+       0            0     
       Net Latency:+       0 (I)        0 (I) 
           Arrival:=  720000       718750     
                                              
             Setup:-     -10                  
     Required Time:=  720010                  
      Launch Clock:-  718750                  
       Input Delay:-    1500                  
         Data Path:-      46                  
             Slack:=    -286                  

Exceptions/Constraints:
  input_delay             1500            topVCODigital_struct_line_23 

#------------------------------------------------------------------------------------------------------------------
#        Timing Point         Flags   Arc   Edge          Cell           Fanout  Load Trans Delay Arrival Instance 
#                                                                                (fF)  (ps)  (ps)   (ps)  Location 
#------------------------------------------------------------------------------------------------------------------
  rst                         (a)     -     R     (arrival)                 113 108.7     0     0  720250    (-,-) 
  fifo_inst/g14781__2346_0/X  -       A1->X F     UDBSLT28_ND2_MM_24          8   9.4    51     9  720259    (-,-) 
  fifo_inst/g14566__3680/X    -       B1->X F     UDBSLT28_AO22_4             1   1.5    11    37  720296    (-,-) 
  fifo_inst/data_out_reg[6]/D -       -     F     UDBSLT28_FSDPQ_F4SU3_2      1     -     -     0  720296    (-,-) 
#------------------------------------------------------------------------------------------------------------------

(a) : Net has asynchronous load pins which are being considered ideal.



Path 19: VIOLATED (-286 ps) Setup Check with Pin fifo_inst/data_out_reg[5]/CK->D
           View: view_wcl_slow
          Group: clk
     Startpoint: (R) rst
          Clock: (R) sclk
       Endpoint: (F) fifo_inst/data_out_reg[5]/D
          Clock: (R) clk

                     Capture       Launch     
        Clock Edge:+  720000       718750     
        Drv Adjust:+       0            0     
       Src Latency:+       0            0     
       Net Latency:+       0 (I)        0 (I) 
           Arrival:=  720000       718750     
                                              
             Setup:-     -10                  
     Required Time:=  720010                  
      Launch Clock:-  718750                  
       Input Delay:-    1500                  
         Data Path:-      46                  
             Slack:=    -286                  

Exceptions/Constraints:
  input_delay             1500            topVCODigital_struct_line_23 

#------------------------------------------------------------------------------------------------------------------
#        Timing Point         Flags   Arc   Edge          Cell           Fanout  Load Trans Delay Arrival Instance 
#                                                                                (fF)  (ps)  (ps)   (ps)  Location 
#------------------------------------------------------------------------------------------------------------------
  rst                         (a)     -     R     (arrival)                 113 108.7     0     0  720250    (-,-) 
  fifo_inst/g14781__14957/X   -       A1->X F     UDBSLT28_ND2_MM_24          8   9.4    51     9  720259    (-,-) 
  fifo_inst/g14561__4319/X    -       B1->X F     UDBSLT28_AO22_4             1   1.5    11    37  720296    (-,-) 
  fifo_inst/data_out_reg[5]/D -       -     F     UDBSLT28_FSDPQ_F4SU3_2      1     -     -     0  720296    (-,-) 
#------------------------------------------------------------------------------------------------------------------

(a) : Net has asynchronous load pins which are being considered ideal.



Path 20: VIOLATED (-286 ps) Setup Check with Pin fifo_inst/data_out_reg[4]/CK->D
           View: view_wcl_slow
          Group: clk
     Startpoint: (R) rst
          Clock: (R) sclk
       Endpoint: (F) fifo_inst/data_out_reg[4]/D
          Clock: (R) clk

                     Capture       Launch     
        Clock Edge:+  720000       718750     
        Drv Adjust:+       0            0     
       Src Latency:+       0            0     
       Net Latency:+       0 (I)        0 (I) 
           Arrival:=  720000       718750     
                                              
             Setup:-     -10                  
     Required Time:=  720010                  
      Launch Clock:-  718750                  
       Input Delay:-    1500                  
         Data Path:-      46                  
             Slack:=    -286                  

Exceptions/Constraints:
  input_delay             1500            topVCODigital_struct_line_23 

#------------------------------------------------------------------------------------------------------------------
#        Timing Point         Flags   Arc   Edge          Cell           Fanout  Load Trans Delay Arrival Instance 
#                                                                                (fF)  (ps)  (ps)   (ps)  Location 
#------------------------------------------------------------------------------------------------------------------
  rst                         (a)     -     R     (arrival)                 113 108.7     0     0  720250    (-,-) 
  fifo_inst/g14781__2346_0/X  -       A1->X F     UDBSLT28_ND2_MM_24          8   9.4    51     9  720259    (-,-) 
  fifo_inst/g14559__5107/X    -       B1->X F     UDBSLT28_AO22_4             1   1.5    11    37  720296    (-,-) 
  fifo_inst/data_out_reg[4]/D -       -     F     UDBSLT28_FSDPQ_F4SU3_2      1     -     -     0  720296    (-,-) 
#------------------------------------------------------------------------------------------------------------------

(a) : Net has asynchronous load pins which are being considered ideal.



Path 21: VIOLATED (-286 ps) Setup Check with Pin fifo_inst/data_out_reg[3]/CK->D
           View: view_wcl_slow
          Group: clk
     Startpoint: (R) rst
          Clock: (R) sclk
       Endpoint: (F) fifo_inst/data_out_reg[3]/D
          Clock: (R) clk

                     Capture       Launch     
        Clock Edge:+  720000       718750     
        Drv Adjust:+       0            0     
       Src Latency:+       0            0     
       Net Latency:+       0 (I)        0 (I) 
           Arrival:=  720000       718750     
                                              
             Setup:-     -10                  
     Required Time:=  720010                  
      Launch Clock:-  718750                  
       Input Delay:-    1500                  
         Data Path:-      46                  
             Slack:=    -286                  

Exceptions/Constraints:
  input_delay             1500            topVCODigital_struct_line_23 

#------------------------------------------------------------------------------------------------------------------
#        Timing Point         Flags   Arc   Edge          Cell           Fanout  Load Trans Delay Arrival Instance 
#                                                                                (fF)  (ps)  (ps)   (ps)  Location 
#------------------------------------------------------------------------------------------------------------------
  rst                         (a)     -     R     (arrival)                 113 108.7     0     0  720250    (-,-) 
  fifo_inst/g14781__14957/X   -       A1->X F     UDBSLT28_ND2_MM_24          8   9.4    51     9  720259    (-,-) 
  fifo_inst/g14571__8246/X    -       B1->X F     UDBSLT28_AO22_4             1   1.5    11    37  720296    (-,-) 
  fifo_inst/data_out_reg[3]/D -       -     F     UDBSLT28_FSDPQ_F4SU3_2      1     -     -     0  720296    (-,-) 
#------------------------------------------------------------------------------------------------------------------

(a) : Net has asynchronous load pins which are being considered ideal.



Path 22: VIOLATED (-286 ps) Setup Check with Pin fifo_inst/data_out_reg[2]/CK->D
           View: view_wcl_slow
          Group: clk
     Startpoint: (R) rst
          Clock: (R) sclk
       Endpoint: (F) fifo_inst/data_out_reg[2]/D
          Clock: (R) clk

                     Capture       Launch     
        Clock Edge:+  720000       718750     
        Drv Adjust:+       0            0     
       Src Latency:+       0            0     
       Net Latency:+       0 (I)        0 (I) 
           Arrival:=  720000       718750     
                                              
             Setup:-     -10                  
     Required Time:=  720010                  
      Launch Clock:-  718750                  
       Input Delay:-    1500                  
         Data Path:-      46                  
             Slack:=    -286                  

Exceptions/Constraints:
  input_delay             1500            topVCODigital_struct_line_23 

#------------------------------------------------------------------------------------------------------------------
#        Timing Point         Flags   Arc   Edge          Cell           Fanout  Load Trans Delay Arrival Instance 
#                                                                                (fF)  (ps)  (ps)   (ps)  Location 
#------------------------------------------------------------------------------------------------------------------
  rst                         (a)     -     R     (arrival)                 113 108.7     0     0  720250    (-,-) 
  fifo_inst/g14781__14957/X   -       A1->X F     UDBSLT28_ND2_MM_24          8   9.4    51     9  720259    (-,-) 
  fifo_inst/g14568__2802/X    -       B1->X F     UDBSLT28_AO22_4             1   1.5    11    37  720296    (-,-) 
  fifo_inst/data_out_reg[2]/D -       -     F     UDBSLT28_FSDPQ_F4SU3_2      1     -     -     0  720296    (-,-) 
#------------------------------------------------------------------------------------------------------------------

(a) : Net has asynchronous load pins which are being considered ideal.



Path 23: VIOLATED (-286 ps) Setup Check with Pin fifo_inst/data_out_reg[1]/CK->D
           View: view_wcl_slow
          Group: clk
     Startpoint: (R) rst
          Clock: (R) sclk
       Endpoint: (F) fifo_inst/data_out_reg[1]/D
          Clock: (R) clk

                     Capture       Launch     
        Clock Edge:+  720000       718750     
        Drv Adjust:+       0            0     
       Src Latency:+       0            0     
       Net Latency:+       0 (I)        0 (I) 
           Arrival:=  720000       718750     
                                              
             Setup:-     -10                  
     Required Time:=  720010                  
      Launch Clock:-  718750                  
       Input Delay:-    1500                  
         Data Path:-      46                  
             Slack:=    -286                  

Exceptions/Constraints:
  input_delay             1500            topVCODigital_struct_line_23 

#------------------------------------------------------------------------------------------------------------------
#        Timing Point         Flags   Arc   Edge          Cell           Fanout  Load Trans Delay Arrival Instance 
#                                                                                (fF)  (ps)  (ps)   (ps)  Location 
#------------------------------------------------------------------------------------------------------------------
  rst                         (a)     -     R     (arrival)                 113 108.7     0     0  720250    (-,-) 
  fifo_inst/g14781__14957/X   -       A1->X F     UDBSLT28_ND2_MM_24          8   9.4    51     9  720259    (-,-) 
  fifo_inst/g14560__6260/X    -       B1->X F     UDBSLT28_AO22_4             1   1.5    11    37  720296    (-,-) 
  fifo_inst/data_out_reg[1]/D -       -     F     UDBSLT28_FSDPQ_F4SU3_2      1     -     -     0  720296    (-,-) 
#------------------------------------------------------------------------------------------------------------------

(a) : Net has asynchronous load pins which are being considered ideal.



Path 24: VIOLATED (-286 ps) Setup Check with Pin fifo_inst/data_out_reg[0]/CK->D
           View: view_wcl_slow
          Group: clk
     Startpoint: (R) rst
          Clock: (R) sclk
       Endpoint: (F) fifo_inst/data_out_reg[0]/D
          Clock: (R) clk

                     Capture       Launch     
        Clock Edge:+  720000       718750     
        Drv Adjust:+       0            0     
       Src Latency:+       0            0     
       Net Latency:+       0 (I)        0 (I) 
           Arrival:=  720000       718750     
                                              
             Setup:-     -10                  
     Required Time:=  720010                  
      Launch Clock:-  718750                  
       Input Delay:-    1500                  
         Data Path:-      46                  
             Slack:=    -286                  

Exceptions/Constraints:
  input_delay             1500            topVCODigital_struct_line_23 

#------------------------------------------------------------------------------------------------------------------
#        Timing Point         Flags   Arc   Edge          Cell           Fanout  Load Trans Delay Arrival Instance 
#                                                                                (fF)  (ps)  (ps)   (ps)  Location 
#------------------------------------------------------------------------------------------------------------------
  rst                         (a)     -     R     (arrival)                 113 108.7     0     0  720250    (-,-) 
  fifo_inst/g14781__2346_0/X  -       A1->X F     UDBSLT28_ND2_MM_24          8   9.4    51     9  720259    (-,-) 
  fifo_inst/g14557__5477/X    -       B1->X F     UDBSLT28_AO22_4             1   1.5    11    37  720296    (-,-) 
  fifo_inst/data_out_reg[0]/D -       -     F     UDBSLT28_FSDPQ_F4SU3_2      1     -     -     0  720296    (-,-) 
#------------------------------------------------------------------------------------------------------------------

(a) : Net has asynchronous load pins which are being considered ideal.



Path 25: VIOLATED (-286 ps) Setup Check with Pin fifo_inst/fifo_mem_reg[4][11]/CK->SE
           View: view_wcl_slow
          Group: clk
     Startpoint: (F) rst
          Clock: (R) sclk
       Endpoint: (R) fifo_inst/fifo_mem_reg[4][11]/SE
          Clock: (R) clk

                     Capture       Launch     
        Clock Edge:+  720000       718750     
        Drv Adjust:+       0            0     
       Src Latency:+       0            0     
       Net Latency:+       0 (I)        0 (I) 
           Arrival:=  720000       718750     
                                              
             Setup:-      30                  
     Required Time:=  719970                  
      Launch Clock:-  718750                  
       Input Delay:-    1500                  
         Data Path:-       6                  
             Slack:=    -286                  

Exceptions/Constraints:
  input_delay             1500            topVCODigital_struct_line_23 

#---------------------------------------------------------------------------------------------------------------------
#          Timing Point            Flags   Arc   Edge         Cell          Fanout  Load Trans Delay Arrival Instance 
#                                                                                   (fF)  (ps)  (ps)   (ps)  Location 
#---------------------------------------------------------------------------------------------------------------------
  rst                              (a)     -     F     (arrival)               113 114.7     0     0  720250    (-,-) 
  fifo_inst/g14754__6417_15183/X   -       A1->X R     UDBSLT28_ND2_MM_8         4   5.5    40     6  720256    (-,-) 
  fifo_inst/fifo_mem_reg[4][11]/SE -       -     R     UDBSLT28_FSDPQ_SU3_2      4     -     -     0  720256    (-,-) 
#---------------------------------------------------------------------------------------------------------------------

(a) : Net has asynchronous load pins which are being considered ideal.



Path 26: VIOLATED (-286 ps) Setup Check with Pin fifo_inst/fifo_mem_reg[4][1]/CK->SE
           View: view_wcl_slow
          Group: clk
     Startpoint: (F) rst
          Clock: (R) sclk
       Endpoint: (R) fifo_inst/fifo_mem_reg[4][1]/SE
          Clock: (R) clk

                     Capture       Launch     
        Clock Edge:+  720000       718750     
        Drv Adjust:+       0            0     
       Src Latency:+       0            0     
       Net Latency:+       0 (I)        0 (I) 
           Arrival:=  720000       718750     
                                              
             Setup:-      30                  
     Required Time:=  719970                  
      Launch Clock:-  718750                  
       Input Delay:-    1500                  
         Data Path:-       6                  
             Slack:=    -286                  

Exceptions/Constraints:
  input_delay             1500            topVCODigital_struct_line_23 

#--------------------------------------------------------------------------------------------------------------------
#          Timing Point           Flags   Arc   Edge         Cell          Fanout  Load Trans Delay Arrival Instance 
#                                                                                  (fF)  (ps)  (ps)   (ps)  Location 
#--------------------------------------------------------------------------------------------------------------------
  rst                             (a)     -     F     (arrival)               113 114.7     0     0  720250    (-,-) 
  fifo_inst/g14754__6417_0_0/X    -       A1->X R     UDBSLT28_ND2_MM_8         4   5.5    40     6  720256    (-,-) 
  fifo_inst/fifo_mem_reg[4][1]/SE -       -     R     UDBSLT28_FSDPQ_SU3_2      4     -     -     0  720256    (-,-) 
#--------------------------------------------------------------------------------------------------------------------

(a) : Net has asynchronous load pins which are being considered ideal.



Path 27: VIOLATED (-286 ps) Setup Check with Pin fifo_inst/fifo_mem_reg[2][6]/CK->SE
           View: view_wcl_slow
          Group: clk
     Startpoint: (F) rst
          Clock: (R) sclk
       Endpoint: (R) fifo_inst/fifo_mem_reg[2][6]/SE
          Clock: (R) clk

                     Capture       Launch     
        Clock Edge:+  720000       718750     
        Drv Adjust:+       0            0     
       Src Latency:+       0            0     
       Net Latency:+       0 (I)        0 (I) 
           Arrival:=  720000       718750     
                                              
             Setup:-      30                  
     Required Time:=  719970                  
      Launch Clock:-  718750                  
       Input Delay:-    1500                  
         Data Path:-       6                  
             Slack:=    -286                  

Exceptions/Constraints:
  input_delay             1500            topVCODigital_struct_line_23 

#--------------------------------------------------------------------------------------------------------------------
#          Timing Point           Flags   Arc   Edge         Cell          Fanout  Load Trans Delay Arrival Instance 
#                                                                                  (fF)  (ps)  (ps)   (ps)  Location 
#--------------------------------------------------------------------------------------------------------------------
  rst                             (a)     -     F     (arrival)               113 114.7     0     0  720250    (-,-) 
  fifo_inst/g14755__5477_15182/X  -       A1->X R     UDBSLT28_ND2_MM_8         4   5.5    40     6  720256    (-,-) 
  fifo_inst/fifo_mem_reg[2][6]/SE -       -     R     UDBSLT28_FSDPQ_SU3_2      4     -     -     0  720256    (-,-) 
#--------------------------------------------------------------------------------------------------------------------

(a) : Net has asynchronous load pins which are being considered ideal.



Path 28: VIOLATED (-286 ps) Setup Check with Pin fifo_inst/fifo_mem_reg[2][3]/CK->SE
           View: view_wcl_slow
          Group: clk
     Startpoint: (F) rst
          Clock: (R) sclk
       Endpoint: (R) fifo_inst/fifo_mem_reg[2][3]/SE
          Clock: (R) clk

                     Capture       Launch     
        Clock Edge:+  720000       718750     
        Drv Adjust:+       0            0     
       Src Latency:+       0            0     
       Net Latency:+       0 (I)        0 (I) 
           Arrival:=  720000       718750     
                                              
             Setup:-      30                  
     Required Time:=  719970                  
      Launch Clock:-  718750                  
       Input Delay:-    1500                  
         Data Path:-       6                  
             Slack:=    -286                  

Exceptions/Constraints:
  input_delay             1500            topVCODigital_struct_line_23 

#--------------------------------------------------------------------------------------------------------------------
#          Timing Point           Flags   Arc   Edge         Cell          Fanout  Load Trans Delay Arrival Instance 
#                                                                                  (fF)  (ps)  (ps)   (ps)  Location 
#--------------------------------------------------------------------------------------------------------------------
  rst                             (a)     -     F     (arrival)               113 114.7     0     0  720250    (-,-) 
  fifo_inst/g14755__5477_0_0/X    -       A1->X R     UDBSLT28_ND2_MM_8         4   5.5    40     6  720256    (-,-) 
  fifo_inst/fifo_mem_reg[2][3]/SE -       -     R     UDBSLT28_FSDPQ_SU3_2      4     -     -     0  720256    (-,-) 
#--------------------------------------------------------------------------------------------------------------------

(a) : Net has asynchronous load pins which are being considered ideal.



Path 29: VIOLATED (-286 ps) Setup Check with Pin fifo_inst/fifo_mem_reg[1][10]/CK->SE
           View: view_wcl_slow
          Group: clk
     Startpoint: (F) rst
          Clock: (R) sclk
       Endpoint: (R) fifo_inst/fifo_mem_reg[1][10]/SE
          Clock: (R) clk

                     Capture       Launch     
        Clock Edge:+  720000       718750     
        Drv Adjust:+       0            0     
       Src Latency:+       0            0     
       Net Latency:+       0 (I)        0 (I) 
           Arrival:=  720000       718750     
                                              
             Setup:-      30                  
     Required Time:=  719970                  
      Launch Clock:-  718750                  
       Input Delay:-    1500                  
         Data Path:-       6                  
             Slack:=    -286                  

Exceptions/Constraints:
  input_delay             1500            topVCODigital_struct_line_23 

#---------------------------------------------------------------------------------------------------------------------
#          Timing Point            Flags   Arc   Edge         Cell          Fanout  Load Trans Delay Arrival Instance 
#                                                                                   (fF)  (ps)  (ps)   (ps)  Location 
#---------------------------------------------------------------------------------------------------------------------
  rst                              (a)     -     F     (arrival)               113 114.7     0     0  720250    (-,-) 
  fifo_inst/g14752__1666_0_0/X     -       A1->X R     UDBSLT28_ND2_MM_8         4   5.5    40     6  720256    (-,-) 
  fifo_inst/fifo_mem_reg[1][10]/SE -       -     R     UDBSLT28_FSDPQ_SU3_2      4     -     -     0  720256    (-,-) 
#---------------------------------------------------------------------------------------------------------------------

(a) : Net has asynchronous load pins which are being considered ideal.



Path 30: VIOLATED (-286 ps) Setup Check with Pin fifo_inst/fifo_mem_reg[1][4]/CK->SE
           View: view_wcl_slow
          Group: clk
     Startpoint: (F) rst
          Clock: (R) sclk
       Endpoint: (R) fifo_inst/fifo_mem_reg[1][4]/SE
          Clock: (R) clk

                     Capture       Launch     
        Clock Edge:+  720000       718750     
        Drv Adjust:+       0            0     
       Src Latency:+       0            0     
       Net Latency:+       0 (I)        0 (I) 
           Arrival:=  720000       718750     
                                              
             Setup:-      30                  
     Required Time:=  719970                  
      Launch Clock:-  718750                  
       Input Delay:-    1500                  
         Data Path:-       6                  
             Slack:=    -286                  

Exceptions/Constraints:
  input_delay             1500            topVCODigital_struct_line_23 

#--------------------------------------------------------------------------------------------------------------------
#          Timing Point           Flags   Arc   Edge         Cell          Fanout  Load Trans Delay Arrival Instance 
#                                                                                  (fF)  (ps)  (ps)   (ps)  Location 
#--------------------------------------------------------------------------------------------------------------------
  rst                             (a)     -     F     (arrival)               113 114.7     0     0  720250    (-,-) 
  fifo_inst/g14752__1666_15181/X  -       A1->X R     UDBSLT28_ND2_MM_8         4   5.5    40     6  720256    (-,-) 
  fifo_inst/fifo_mem_reg[1][4]/SE -       -     R     UDBSLT28_FSDPQ_SU3_2      4     -     -     0  720256    (-,-) 
#--------------------------------------------------------------------------------------------------------------------

(a) : Net has asynchronous load pins which are being considered ideal.



Path 31: VIOLATED (-284 ps) Setup Check with Pin fifo_inst/fifo_mem_reg[5][14]/CK->SE
           View: view_wcl_slow
          Group: clk
     Startpoint: (F) rst
          Clock: (R) sclk
       Endpoint: (R) fifo_inst/fifo_mem_reg[5][14]/SE
          Clock: (R) clk

                     Capture       Launch     
        Clock Edge:+  720000       718750     
        Drv Adjust:+       0            0     
       Src Latency:+       0            0     
       Net Latency:+       0 (I)        0 (I) 
           Arrival:=  720000       718750     
                                              
             Setup:-      27                  
     Required Time:=  719973                  
      Launch Clock:-  718750                  
       Input Delay:-    1500                  
         Data Path:-       7                  
             Slack:=    -284                  

Exceptions/Constraints:
  input_delay             1500            topVCODigital_struct_line_23 

#---------------------------------------------------------------------------------------------------------------------
#          Timing Point            Flags   Arc   Edge         Cell          Fanout  Load Trans Delay Arrival Instance 
#                                                                                   (fF)  (ps)  (ps)   (ps)  Location 
#---------------------------------------------------------------------------------------------------------------------
  rst                              (a)     -     F     (arrival)               113 114.7     0     0  720250    (-,-) 
  fifo_inst/g14753__14959/X        -       A1->X R     UDBSLT28_ND2_MM_16        8  11.8    30     7  720257    (-,-) 
  fifo_inst/fifo_mem_reg[5][14]/SE -       -     R     UDBSLT28_FSDPQ_SU3_2      8     -     -     0  720257    (-,-) 
#---------------------------------------------------------------------------------------------------------------------

(a) : Net has asynchronous load pins which are being considered ideal.



Path 32: VIOLATED (-284 ps) Setup Check with Pin fifo_inst/fifo_mem_reg[5][8]/CK->SE
           View: view_wcl_slow
          Group: clk
     Startpoint: (F) rst
          Clock: (R) sclk
       Endpoint: (R) fifo_inst/fifo_mem_reg[5][8]/SE
          Clock: (R) clk

                     Capture       Launch     
        Clock Edge:+  720000       718750     
        Drv Adjust:+       0            0     
       Src Latency:+       0            0     
       Net Latency:+       0 (I)        0 (I) 
           Arrival:=  720000       718750     
                                              
             Setup:-      27                  
     Required Time:=  719973                  
      Launch Clock:-  718750                  
       Input Delay:-    1500                  
         Data Path:-       7                  
             Slack:=    -284                  

Exceptions/Constraints:
  input_delay             1500            topVCODigital_struct_line_23 

#--------------------------------------------------------------------------------------------------------------------
#          Timing Point           Flags   Arc   Edge         Cell          Fanout  Load Trans Delay Arrival Instance 
#                                                                                  (fF)  (ps)  (ps)   (ps)  Location 
#--------------------------------------------------------------------------------------------------------------------
  rst                             (a)     -     F     (arrival)               113 114.7     0     0  720250    (-,-) 
  fifo_inst/g14753__14959/X       -       A1->X R     UDBSLT28_ND2_MM_16        8  11.8    30     7  720257    (-,-) 
  fifo_inst/fifo_mem_reg[5][8]/SE -       -     R     UDBSLT28_FSDPQ_SU3_2      8     -     -     0  720257    (-,-) 
#--------------------------------------------------------------------------------------------------------------------

(a) : Net has asynchronous load pins which are being considered ideal.



Path 33: VIOLATED (-284 ps) Setup Check with Pin fifo_inst/fifo_mem_reg[5][5]/CK->SE
           View: view_wcl_slow
          Group: clk
     Startpoint: (F) rst
          Clock: (R) sclk
       Endpoint: (R) fifo_inst/fifo_mem_reg[5][5]/SE
          Clock: (R) clk

                     Capture       Launch     
        Clock Edge:+  720000       718750     
        Drv Adjust:+       0            0     
       Src Latency:+       0            0     
       Net Latency:+       0 (I)        0 (I) 
           Arrival:=  720000       718750     
                                              
             Setup:-      27                  
     Required Time:=  719973                  
      Launch Clock:-  718750                  
       Input Delay:-    1500                  
         Data Path:-       7                  
             Slack:=    -284                  

Exceptions/Constraints:
  input_delay             1500            topVCODigital_struct_line_23 

#--------------------------------------------------------------------------------------------------------------------
#          Timing Point           Flags   Arc   Edge         Cell          Fanout  Load Trans Delay Arrival Instance 
#                                                                                  (fF)  (ps)  (ps)   (ps)  Location 
#--------------------------------------------------------------------------------------------------------------------
  rst                             (a)     -     F     (arrival)               113 114.7     0     0  720250    (-,-) 
  fifo_inst/g14753__14959/X       -       A1->X R     UDBSLT28_ND2_MM_16        8  11.8    30     7  720257    (-,-) 
  fifo_inst/fifo_mem_reg[5][5]/SE -       -     R     UDBSLT28_FSDPQ_SU3_2      8     -     -     0  720257    (-,-) 
#--------------------------------------------------------------------------------------------------------------------

(a) : Net has asynchronous load pins which are being considered ideal.



Path 34: VIOLATED (-284 ps) Setup Check with Pin fifo_inst/fifo_mem_reg[5][2]/CK->SE
           View: view_wcl_slow
          Group: clk
     Startpoint: (F) rst
          Clock: (R) sclk
       Endpoint: (R) fifo_inst/fifo_mem_reg[5][2]/SE
          Clock: (R) clk

                     Capture       Launch     
        Clock Edge:+  720000       718750     
        Drv Adjust:+       0            0     
       Src Latency:+       0            0     
       Net Latency:+       0 (I)        0 (I) 
           Arrival:=  720000       718750     
                                              
             Setup:-      27                  
     Required Time:=  719973                  
      Launch Clock:-  718750                  
       Input Delay:-    1500                  
         Data Path:-       7                  
             Slack:=    -284                  

Exceptions/Constraints:
  input_delay             1500            topVCODigital_struct_line_23 

#--------------------------------------------------------------------------------------------------------------------
#          Timing Point           Flags   Arc   Edge         Cell          Fanout  Load Trans Delay Arrival Instance 
#                                                                                  (fF)  (ps)  (ps)   (ps)  Location 
#--------------------------------------------------------------------------------------------------------------------
  rst                             (a)     -     F     (arrival)               113 114.7     0     0  720250    (-,-) 
  fifo_inst/g14753__14959/X       -       A1->X R     UDBSLT28_ND2_MM_16        8  11.8    30     7  720257    (-,-) 
  fifo_inst/fifo_mem_reg[5][2]/SE -       -     R     UDBSLT28_FSDPQ_SU3_2      8     -     -     0  720257    (-,-) 
#--------------------------------------------------------------------------------------------------------------------

(a) : Net has asynchronous load pins which are being considered ideal.



Path 35: VIOLATED (-284 ps) Setup Check with Pin fifo_inst/fifo_mem_reg[3][13]/CK->SE
           View: view_wcl_slow
          Group: clk
     Startpoint: (F) rst
          Clock: (R) sclk
       Endpoint: (R) fifo_inst/fifo_mem_reg[3][13]/SE
          Clock: (R) clk

                     Capture       Launch     
        Clock Edge:+  720000       718750     
        Drv Adjust:+       0            0     
       Src Latency:+       0            0     
       Net Latency:+       0 (I)        0 (I) 
           Arrival:=  720000       718750     
                                              
             Setup:-      27                  
     Required Time:=  719973                  
      Launch Clock:-  718750                  
       Input Delay:-    1500                  
         Data Path:-       7                  
             Slack:=    -284                  

Exceptions/Constraints:
  input_delay             1500            topVCODigital_struct_line_23 

#---------------------------------------------------------------------------------------------------------------------
#          Timing Point            Flags   Arc   Edge         Cell          Fanout  Load Trans Delay Arrival Instance 
#                                                                                   (fF)  (ps)  (ps)   (ps)  Location 
#---------------------------------------------------------------------------------------------------------------------
  rst                              (a)     -     F     (arrival)               113 114.7     0     0  720250    (-,-) 
  fifo_inst/g14756__14958/X        -       A1->X R     UDBSLT28_ND2_MM_16        8  11.8    30     7  720257    (-,-) 
  fifo_inst/fifo_mem_reg[3][13]/SE -       -     R     UDBSLT28_FSDPQ_SU3_2      8     -     -     0  720257    (-,-) 
#---------------------------------------------------------------------------------------------------------------------

(a) : Net has asynchronous load pins which are being considered ideal.



Path 36: VIOLATED (-284 ps) Setup Check with Pin fifo_inst/fifo_mem_reg[3][11]/CK->SE
           View: view_wcl_slow
          Group: clk
     Startpoint: (F) rst
          Clock: (R) sclk
       Endpoint: (R) fifo_inst/fifo_mem_reg[3][11]/SE
          Clock: (R) clk

                     Capture       Launch     
        Clock Edge:+  720000       718750     
        Drv Adjust:+       0            0     
       Src Latency:+       0            0     
       Net Latency:+       0 (I)        0 (I) 
           Arrival:=  720000       718750     
                                              
             Setup:-      27                  
     Required Time:=  719973                  
      Launch Clock:-  718750                  
       Input Delay:-    1500                  
         Data Path:-       7                  
             Slack:=    -284                  

Exceptions/Constraints:
  input_delay             1500            topVCODigital_struct_line_23 

#---------------------------------------------------------------------------------------------------------------------
#          Timing Point            Flags   Arc   Edge         Cell          Fanout  Load Trans Delay Arrival Instance 
#                                                                                   (fF)  (ps)  (ps)   (ps)  Location 
#---------------------------------------------------------------------------------------------------------------------
  rst                              (a)     -     F     (arrival)               113 114.7     0     0  720250    (-,-) 
  fifo_inst/g14756__14958/X        -       A1->X R     UDBSLT28_ND2_MM_16        8  11.8    30     7  720257    (-,-) 
  fifo_inst/fifo_mem_reg[3][11]/SE -       -     R     UDBSLT28_FSDPQ_SU3_2      8     -     -     0  720257    (-,-) 
#---------------------------------------------------------------------------------------------------------------------

(a) : Net has asynchronous load pins which are being considered ideal.



Path 37: VIOLATED (-284 ps) Setup Check with Pin fifo_inst/fifo_mem_reg[3][6]/CK->SE
           View: view_wcl_slow
          Group: clk
     Startpoint: (F) rst
          Clock: (R) sclk
       Endpoint: (R) fifo_inst/fifo_mem_reg[3][6]/SE
          Clock: (R) clk

                     Capture       Launch     
        Clock Edge:+  720000       718750     
        Drv Adjust:+       0            0     
       Src Latency:+       0            0     
       Net Latency:+       0 (I)        0 (I) 
           Arrival:=  720000       718750     
                                              
             Setup:-      27                  
     Required Time:=  719973                  
      Launch Clock:-  718750                  
       Input Delay:-    1500                  
         Data Path:-       7                  
             Slack:=    -284                  

Exceptions/Constraints:
  input_delay             1500            topVCODigital_struct_line_23 

#--------------------------------------------------------------------------------------------------------------------
#          Timing Point           Flags   Arc   Edge         Cell          Fanout  Load Trans Delay Arrival Instance 
#                                                                                  (fF)  (ps)  (ps)   (ps)  Location 
#--------------------------------------------------------------------------------------------------------------------
  rst                             (a)     -     F     (arrival)               113 114.7     0     0  720250    (-,-) 
  fifo_inst/g14756__14958/X       -       A1->X R     UDBSLT28_ND2_MM_16        8  11.8    30     7  720257    (-,-) 
  fifo_inst/fifo_mem_reg[3][6]/SE -       -     R     UDBSLT28_FSDPQ_SU3_2      8     -     -     0  720257    (-,-) 
#--------------------------------------------------------------------------------------------------------------------

(a) : Net has asynchronous load pins which are being considered ideal.



Path 38: VIOLATED (-284 ps) Setup Check with Pin fifo_inst/fifo_mem_reg[3][0]/CK->SE
           View: view_wcl_slow
          Group: clk
     Startpoint: (F) rst
          Clock: (R) sclk
       Endpoint: (R) fifo_inst/fifo_mem_reg[3][0]/SE
          Clock: (R) clk

                     Capture       Launch     
        Clock Edge:+  720000       718750     
        Drv Adjust:+       0            0     
       Src Latency:+       0            0     
       Net Latency:+       0 (I)        0 (I) 
           Arrival:=  720000       718750     
                                              
             Setup:-      27                  
     Required Time:=  719973                  
      Launch Clock:-  718750                  
       Input Delay:-    1500                  
         Data Path:-       7                  
             Slack:=    -284                  

Exceptions/Constraints:
  input_delay             1500            topVCODigital_struct_line_23 

#--------------------------------------------------------------------------------------------------------------------
#          Timing Point           Flags   Arc   Edge         Cell          Fanout  Load Trans Delay Arrival Instance 
#                                                                                  (fF)  (ps)  (ps)   (ps)  Location 
#--------------------------------------------------------------------------------------------------------------------
  rst                             (a)     -     F     (arrival)               113 114.7     0     0  720250    (-,-) 
  fifo_inst/g14756__14958/X       -       A1->X R     UDBSLT28_ND2_MM_16        8  11.8    30     7  720257    (-,-) 
  fifo_inst/fifo_mem_reg[3][0]/SE -       -     R     UDBSLT28_FSDPQ_SU3_2      8     -     -     0  720257    (-,-) 
#--------------------------------------------------------------------------------------------------------------------

(a) : Net has asynchronous load pins which are being considered ideal.



Path 39: VIOLATED (-272 ps) Setup Check with Pin fifo_inst/fifo_mem_reg[7][14]/CK->SE
           View: view_wcl_slow
          Group: clk
     Startpoint: (F) rst
          Clock: (R) sclk
       Endpoint: (R) fifo_inst/fifo_mem_reg[7][14]/SE
          Clock: (R) clk

                     Capture       Launch     
        Clock Edge:+  720000       718750     
        Drv Adjust:+       0            0     
       Src Latency:+       0            0     
       Net Latency:+       0 (I)        0 (I) 
           Arrival:=  720000       718750     
                                              
             Setup:-      10                  
     Required Time:=  719990                  
      Launch Clock:-  718750                  
       Input Delay:-    1500                  
         Data Path:-      12                  
             Slack:=    -272                  

Exceptions/Constraints:
  input_delay             1500            topVCODigital_struct_line_23 

#-----------------------------------------------------------------------------------------------------------------------
#          Timing Point            Flags   Arc   Edge          Cell           Fanout  Load Trans Delay Arrival Instance 
#                                                                                     (fF)  (ps)  (ps)   (ps)  Location 
#-----------------------------------------------------------------------------------------------------------------------
  rst                              (a)     -     F     (arrival)                 113 114.7     0     0  720250    (-,-) 
  fifo_inst/g14748__9945/X         -       A1->X R     UDBSLT28_ND2_MM_12         16  20.0    22    12  720262    (-,-) 
  fifo_inst/fifo_mem_reg[7][14]/SE -       -     R     UDBSLT28_FSDPQ_V2SU3_8     16     -     -     0  720262    (-,-) 
#-----------------------------------------------------------------------------------------------------------------------

(a) : Net has asynchronous load pins which are being considered ideal.



Path 40: VIOLATED (-272 ps) Setup Check with Pin fifo_inst/fifo_mem_reg[7][13]/CK->SE
           View: view_wcl_slow
          Group: clk
     Startpoint: (F) rst
          Clock: (R) sclk
       Endpoint: (R) fifo_inst/fifo_mem_reg[7][13]/SE
          Clock: (R) clk

                     Capture       Launch     
        Clock Edge:+  720000       718750     
        Drv Adjust:+       0            0     
       Src Latency:+       0            0     
       Net Latency:+       0 (I)        0 (I) 
           Arrival:=  720000       718750     
                                              
             Setup:-      10                  
     Required Time:=  719990                  
      Launch Clock:-  718750                  
       Input Delay:-    1500                  
         Data Path:-      12                  
             Slack:=    -272                  

Exceptions/Constraints:
  input_delay             1500            topVCODigital_struct_line_23 

#-----------------------------------------------------------------------------------------------------------------------
#          Timing Point            Flags   Arc   Edge          Cell           Fanout  Load Trans Delay Arrival Instance 
#                                                                                     (fF)  (ps)  (ps)   (ps)  Location 
#-----------------------------------------------------------------------------------------------------------------------
  rst                              (a)     -     F     (arrival)                 113 114.7     0     0  720250    (-,-) 
  fifo_inst/g14748__9945/X         -       A1->X R     UDBSLT28_ND2_MM_12         16  20.0    22    12  720262    (-,-) 
  fifo_inst/fifo_mem_reg[7][13]/SE -       -     R     UDBSLT28_FSDPQ_V2SU3_8     16     -     -     0  720262    (-,-) 
#-----------------------------------------------------------------------------------------------------------------------

(a) : Net has asynchronous load pins which are being considered ideal.



Path 41: VIOLATED (-272 ps) Setup Check with Pin fifo_inst/fifo_mem_reg[7][12]/CK->SE
           View: view_wcl_slow
          Group: clk
     Startpoint: (F) rst
          Clock: (R) sclk
       Endpoint: (R) fifo_inst/fifo_mem_reg[7][12]/SE
          Clock: (R) clk

                     Capture       Launch     
        Clock Edge:+  720000       718750     
        Drv Adjust:+       0            0     
       Src Latency:+       0            0     
       Net Latency:+       0 (I)        0 (I) 
           Arrival:=  720000       718750     
                                              
             Setup:-      10                  
     Required Time:=  719990                  
      Launch Clock:-  718750                  
       Input Delay:-    1500                  
         Data Path:-      12                  
             Slack:=    -272                  

Exceptions/Constraints:
  input_delay             1500            topVCODigital_struct_line_23 

#-----------------------------------------------------------------------------------------------------------------------
#          Timing Point            Flags   Arc   Edge          Cell           Fanout  Load Trans Delay Arrival Instance 
#                                                                                     (fF)  (ps)  (ps)   (ps)  Location 
#-----------------------------------------------------------------------------------------------------------------------
  rst                              (a)     -     F     (arrival)                 113 114.7     0     0  720250    (-,-) 
  fifo_inst/g14748__9945/X         -       A1->X R     UDBSLT28_ND2_MM_12         16  20.0    22    12  720262    (-,-) 
  fifo_inst/fifo_mem_reg[7][12]/SE -       -     R     UDBSLT28_FSDPQ_V2SU3_8     16     -     -     0  720262    (-,-) 
#-----------------------------------------------------------------------------------------------------------------------

(a) : Net has asynchronous load pins which are being considered ideal.



Path 42: VIOLATED (-272 ps) Setup Check with Pin fifo_inst/fifo_mem_reg[7][11]/CK->SE
           View: view_wcl_slow
          Group: clk
     Startpoint: (F) rst
          Clock: (R) sclk
       Endpoint: (R) fifo_inst/fifo_mem_reg[7][11]/SE
          Clock: (R) clk

                     Capture       Launch     
        Clock Edge:+  720000       718750     
        Drv Adjust:+       0            0     
       Src Latency:+       0            0     
       Net Latency:+       0 (I)        0 (I) 
           Arrival:=  720000       718750     
                                              
             Setup:-      10                  
     Required Time:=  719990                  
      Launch Clock:-  718750                  
       Input Delay:-    1500                  
         Data Path:-      12                  
             Slack:=    -272                  

Exceptions/Constraints:
  input_delay             1500            topVCODigital_struct_line_23 

#-----------------------------------------------------------------------------------------------------------------------
#          Timing Point            Flags   Arc   Edge          Cell           Fanout  Load Trans Delay Arrival Instance 
#                                                                                     (fF)  (ps)  (ps)   (ps)  Location 
#-----------------------------------------------------------------------------------------------------------------------
  rst                              (a)     -     F     (arrival)                 113 114.7     0     0  720250    (-,-) 
  fifo_inst/g14748__9945/X         -       A1->X R     UDBSLT28_ND2_MM_12         16  20.0    22    12  720262    (-,-) 
  fifo_inst/fifo_mem_reg[7][11]/SE -       -     R     UDBSLT28_FSDPQ_V2SU3_8     16     -     -     0  720262    (-,-) 
#-----------------------------------------------------------------------------------------------------------------------

(a) : Net has asynchronous load pins which are being considered ideal.



Path 43: VIOLATED (-272 ps) Setup Check with Pin fifo_inst/fifo_mem_reg[7][10]/CK->SE
           View: view_wcl_slow
          Group: clk
     Startpoint: (F) rst
          Clock: (R) sclk
       Endpoint: (R) fifo_inst/fifo_mem_reg[7][10]/SE
          Clock: (R) clk

                     Capture       Launch     
        Clock Edge:+  720000       718750     
        Drv Adjust:+       0            0     
       Src Latency:+       0            0     
       Net Latency:+       0 (I)        0 (I) 
           Arrival:=  720000       718750     
                                              
             Setup:-      10                  
     Required Time:=  719990                  
      Launch Clock:-  718750                  
       Input Delay:-    1500                  
         Data Path:-      12                  
             Slack:=    -272                  

Exceptions/Constraints:
  input_delay             1500            topVCODigital_struct_line_23 

#-----------------------------------------------------------------------------------------------------------------------
#          Timing Point            Flags   Arc   Edge          Cell           Fanout  Load Trans Delay Arrival Instance 
#                                                                                     (fF)  (ps)  (ps)   (ps)  Location 
#-----------------------------------------------------------------------------------------------------------------------
  rst                              (a)     -     F     (arrival)                 113 114.7     0     0  720250    (-,-) 
  fifo_inst/g14748__9945/X         -       A1->X R     UDBSLT28_ND2_MM_12         16  20.0    22    12  720262    (-,-) 
  fifo_inst/fifo_mem_reg[7][10]/SE -       -     R     UDBSLT28_FSDPQ_V2SU3_8     16     -     -     0  720262    (-,-) 
#-----------------------------------------------------------------------------------------------------------------------

(a) : Net has asynchronous load pins which are being considered ideal.



Path 44: VIOLATED (-272 ps) Setup Check with Pin fifo_inst/fifo_mem_reg[7][9]/CK->SE
           View: view_wcl_slow
          Group: clk
     Startpoint: (F) rst
          Clock: (R) sclk
       Endpoint: (R) fifo_inst/fifo_mem_reg[7][9]/SE
          Clock: (R) clk

                     Capture       Launch     
        Clock Edge:+  720000       718750     
        Drv Adjust:+       0            0     
       Src Latency:+       0            0     
       Net Latency:+       0 (I)        0 (I) 
           Arrival:=  720000       718750     
                                              
             Setup:-      10                  
     Required Time:=  719990                  
      Launch Clock:-  718750                  
       Input Delay:-    1500                  
         Data Path:-      12                  
             Slack:=    -272                  

Exceptions/Constraints:
  input_delay             1500            topVCODigital_struct_line_23 

#----------------------------------------------------------------------------------------------------------------------
#          Timing Point           Flags   Arc   Edge          Cell           Fanout  Load Trans Delay Arrival Instance 
#                                                                                    (fF)  (ps)  (ps)   (ps)  Location 
#----------------------------------------------------------------------------------------------------------------------
  rst                             (a)     -     F     (arrival)                 113 114.7     0     0  720250    (-,-) 
  fifo_inst/g14748__9945/X        -       A1->X R     UDBSLT28_ND2_MM_12         16  20.0    22    12  720262    (-,-) 
  fifo_inst/fifo_mem_reg[7][9]/SE -       -     R     UDBSLT28_FSDPQ_V2SU3_8     16     -     -     0  720262    (-,-) 
#----------------------------------------------------------------------------------------------------------------------

(a) : Net has asynchronous load pins which are being considered ideal.



Path 45: VIOLATED (-272 ps) Setup Check with Pin fifo_inst/fifo_mem_reg[7][8]/CK->SE
           View: view_wcl_slow
          Group: clk
     Startpoint: (F) rst
          Clock: (R) sclk
       Endpoint: (R) fifo_inst/fifo_mem_reg[7][8]/SE
          Clock: (R) clk

                     Capture       Launch     
        Clock Edge:+  720000       718750     
        Drv Adjust:+       0            0     
       Src Latency:+       0            0     
       Net Latency:+       0 (I)        0 (I) 
           Arrival:=  720000       718750     
                                              
             Setup:-      10                  
     Required Time:=  719990                  
      Launch Clock:-  718750                  
       Input Delay:-    1500                  
         Data Path:-      12                  
             Slack:=    -272                  

Exceptions/Constraints:
  input_delay             1500            topVCODigital_struct_line_23 

#----------------------------------------------------------------------------------------------------------------------
#          Timing Point           Flags   Arc   Edge          Cell           Fanout  Load Trans Delay Arrival Instance 
#                                                                                    (fF)  (ps)  (ps)   (ps)  Location 
#----------------------------------------------------------------------------------------------------------------------
  rst                             (a)     -     F     (arrival)                 113 114.7     0     0  720250    (-,-) 
  fifo_inst/g14748__9945/X        -       A1->X R     UDBSLT28_ND2_MM_12         16  20.0    22    12  720262    (-,-) 
  fifo_inst/fifo_mem_reg[7][8]/SE -       -     R     UDBSLT28_FSDPQ_V2SU3_8     16     -     -     0  720262    (-,-) 
#----------------------------------------------------------------------------------------------------------------------

(a) : Net has asynchronous load pins which are being considered ideal.



Path 46: VIOLATED (-272 ps) Setup Check with Pin fifo_inst/fifo_mem_reg[7][7]/CK->SE
           View: view_wcl_slow
          Group: clk
     Startpoint: (F) rst
          Clock: (R) sclk
       Endpoint: (R) fifo_inst/fifo_mem_reg[7][7]/SE
          Clock: (R) clk

                     Capture       Launch     
        Clock Edge:+  720000       718750     
        Drv Adjust:+       0            0     
       Src Latency:+       0            0     
       Net Latency:+       0 (I)        0 (I) 
           Arrival:=  720000       718750     
                                              
             Setup:-      10                  
     Required Time:=  719990                  
      Launch Clock:-  718750                  
       Input Delay:-    1500                  
         Data Path:-      12                  
             Slack:=    -272                  

Exceptions/Constraints:
  input_delay             1500            topVCODigital_struct_line_23 

#----------------------------------------------------------------------------------------------------------------------
#          Timing Point           Flags   Arc   Edge          Cell           Fanout  Load Trans Delay Arrival Instance 
#                                                                                    (fF)  (ps)  (ps)   (ps)  Location 
#----------------------------------------------------------------------------------------------------------------------
  rst                             (a)     -     F     (arrival)                 113 114.7     0     0  720250    (-,-) 
  fifo_inst/g14748__9945/X        -       A1->X R     UDBSLT28_ND2_MM_12         16  20.0    22    12  720262    (-,-) 
  fifo_inst/fifo_mem_reg[7][7]/SE -       -     R     UDBSLT28_FSDPQ_V2SU3_8     16     -     -     0  720262    (-,-) 
#----------------------------------------------------------------------------------------------------------------------

(a) : Net has asynchronous load pins which are being considered ideal.



Path 47: VIOLATED (-272 ps) Setup Check with Pin fifo_inst/fifo_mem_reg[7][5]/CK->SE
           View: view_wcl_slow
          Group: clk
     Startpoint: (F) rst
          Clock: (R) sclk
       Endpoint: (R) fifo_inst/fifo_mem_reg[7][5]/SE
          Clock: (R) clk

                     Capture       Launch     
        Clock Edge:+  720000       718750     
        Drv Adjust:+       0            0     
       Src Latency:+       0            0     
       Net Latency:+       0 (I)        0 (I) 
           Arrival:=  720000       718750     
                                              
             Setup:-      10                  
     Required Time:=  719990                  
      Launch Clock:-  718750                  
       Input Delay:-    1500                  
         Data Path:-      12                  
             Slack:=    -272                  

Exceptions/Constraints:
  input_delay             1500            topVCODigital_struct_line_23 

#----------------------------------------------------------------------------------------------------------------------
#          Timing Point           Flags   Arc   Edge          Cell           Fanout  Load Trans Delay Arrival Instance 
#                                                                                    (fF)  (ps)  (ps)   (ps)  Location 
#----------------------------------------------------------------------------------------------------------------------
  rst                             (a)     -     F     (arrival)                 113 114.7     0     0  720250    (-,-) 
  fifo_inst/g14748__9945/X        -       A1->X R     UDBSLT28_ND2_MM_12         16  20.0    22    12  720262    (-,-) 
  fifo_inst/fifo_mem_reg[7][5]/SE -       -     R     UDBSLT28_FSDPQ_V2SU3_8     16     -     -     0  720262    (-,-) 
#----------------------------------------------------------------------------------------------------------------------

(a) : Net has asynchronous load pins which are being considered ideal.



Path 48: VIOLATED (-272 ps) Setup Check with Pin fifo_inst/fifo_mem_reg[7][4]/CK->SE
           View: view_wcl_slow
          Group: clk
     Startpoint: (F) rst
          Clock: (R) sclk
       Endpoint: (R) fifo_inst/fifo_mem_reg[7][4]/SE
          Clock: (R) clk

                     Capture       Launch     
        Clock Edge:+  720000       718750     
        Drv Adjust:+       0            0     
       Src Latency:+       0            0     
       Net Latency:+       0 (I)        0 (I) 
           Arrival:=  720000       718750     
                                              
             Setup:-      10                  
     Required Time:=  719990                  
      Launch Clock:-  718750                  
       Input Delay:-    1500                  
         Data Path:-      12                  
             Slack:=    -272                  

Exceptions/Constraints:
  input_delay             1500            topVCODigital_struct_line_23 

#----------------------------------------------------------------------------------------------------------------------
#          Timing Point           Flags   Arc   Edge          Cell           Fanout  Load Trans Delay Arrival Instance 
#                                                                                    (fF)  (ps)  (ps)   (ps)  Location 
#----------------------------------------------------------------------------------------------------------------------
  rst                             (a)     -     F     (arrival)                 113 114.7     0     0  720250    (-,-) 
  fifo_inst/g14748__9945/X        -       A1->X R     UDBSLT28_ND2_MM_12         16  20.0    22    12  720262    (-,-) 
  fifo_inst/fifo_mem_reg[7][4]/SE -       -     R     UDBSLT28_FSDPQ_V2SU3_8     16     -     -     0  720262    (-,-) 
#----------------------------------------------------------------------------------------------------------------------

(a) : Net has asynchronous load pins which are being considered ideal.



Path 49: VIOLATED (-272 ps) Setup Check with Pin fifo_inst/fifo_mem_reg[7][3]/CK->SE
           View: view_wcl_slow
          Group: clk
     Startpoint: (F) rst
          Clock: (R) sclk
       Endpoint: (R) fifo_inst/fifo_mem_reg[7][3]/SE
          Clock: (R) clk

                     Capture       Launch     
        Clock Edge:+  720000       718750     
        Drv Adjust:+       0            0     
       Src Latency:+       0            0     
       Net Latency:+       0 (I)        0 (I) 
           Arrival:=  720000       718750     
                                              
             Setup:-      10                  
     Required Time:=  719990                  
      Launch Clock:-  718750                  
       Input Delay:-    1500                  
         Data Path:-      12                  
             Slack:=    -272                  

Exceptions/Constraints:
  input_delay             1500            topVCODigital_struct_line_23 

#----------------------------------------------------------------------------------------------------------------------
#          Timing Point           Flags   Arc   Edge          Cell           Fanout  Load Trans Delay Arrival Instance 
#                                                                                    (fF)  (ps)  (ps)   (ps)  Location 
#----------------------------------------------------------------------------------------------------------------------
  rst                             (a)     -     F     (arrival)                 113 114.7     0     0  720250    (-,-) 
  fifo_inst/g14748__9945/X        -       A1->X R     UDBSLT28_ND2_MM_12         16  20.0    22    12  720262    (-,-) 
  fifo_inst/fifo_mem_reg[7][3]/SE -       -     R     UDBSLT28_FSDPQ_V2SU3_8     16     -     -     0  720262    (-,-) 
#----------------------------------------------------------------------------------------------------------------------

(a) : Net has asynchronous load pins which are being considered ideal.



Path 50: VIOLATED (-272 ps) Setup Check with Pin fifo_inst/fifo_mem_reg[7][2]/CK->SE
           View: view_wcl_slow
          Group: clk
     Startpoint: (F) rst
          Clock: (R) sclk
       Endpoint: (R) fifo_inst/fifo_mem_reg[7][2]/SE
          Clock: (R) clk

                     Capture       Launch     
        Clock Edge:+  720000       718750     
        Drv Adjust:+       0            0     
       Src Latency:+       0            0     
       Net Latency:+       0 (I)        0 (I) 
           Arrival:=  720000       718750     
                                              
             Setup:-      10                  
     Required Time:=  719990                  
      Launch Clock:-  718750                  
       Input Delay:-    1500                  
         Data Path:-      12                  
             Slack:=    -272                  

Exceptions/Constraints:
  input_delay             1500            topVCODigital_struct_line_23 

#----------------------------------------------------------------------------------------------------------------------
#          Timing Point           Flags   Arc   Edge          Cell           Fanout  Load Trans Delay Arrival Instance 
#                                                                                    (fF)  (ps)  (ps)   (ps)  Location 
#----------------------------------------------------------------------------------------------------------------------
  rst                             (a)     -     F     (arrival)                 113 114.7     0     0  720250    (-,-) 
  fifo_inst/g14748__9945/X        -       A1->X R     UDBSLT28_ND2_MM_12         16  20.0    22    12  720262    (-,-) 
  fifo_inst/fifo_mem_reg[7][2]/SE -       -     R     UDBSLT28_FSDPQ_V2SU3_8     16     -     -     0  720262    (-,-) 
#----------------------------------------------------------------------------------------------------------------------

(a) : Net has asynchronous load pins which are being considered ideal.


