============================================================
  Generated by:           Genus(TM) Synthesis Solution 21.11-s126_1
  Generated on:           May 09 2024  05:29:14 am
  Module:                 topVcoDigital
  Operating conditions:   SSG_0P72V_0P00V_0P00V_0P00V_125C 
  Operating conditions:   FFG_0P88V_0P00V_0P00V_0P00V_M40C 
  Operating conditions:   TT_0P80V_0P00V_0P00V_0P00V_25C 
  Interconnect mode:      global
  Area mode:              physical library
============================================================


Path 1: MET (4970 ps) Setup Check with Pin fifo_inst/data_out_reg[15]/CK->D
           View: view_wcl_typical
          Group: clk
     Startpoint: (R) rst
          Clock: (R) sclk
       Endpoint: (F) fifo_inst/data_out_reg[15]/D
          Clock: (R) clk

                     Capture       Launch     
        Clock Edge:+  100000        93750     
        Drv Adjust:+       0            0     
       Src Latency:+       0            0     
       Net Latency:+       0 (I)        0 (I) 
           Arrival:=  100000        93750     
                                              
             Setup:-      -8                  
     Required Time:=  100008                  
      Launch Clock:-   93750                  
       Input Delay:-    1250                  
         Data Path:-      38                  
             Slack:=    4970                  

Exceptions/Constraints:
  input_delay             1250            topVCODigital_struct_2_line_23 

#------------------------------------------------------------------------------------------------------------------
#        Timing Point          Flags   Arc   Edge          Cell           Fanout Load Trans Delay Arrival Instance 
#                                                                                (fF)  (ps)  (ps)   (ps)  Location 
#------------------------------------------------------------------------------------------------------------------
  rst                          (a)     -     R     (arrival)                 102 50.3     0     0   95000    (-,-) 
  fifo_inst/g14781__2346/X     -       A1->X F     UDBSLT28_ND2_MM_10         16 12.7    24    11   95011    (-,-) 
  fifo_inst/g14565__6783/X     -       B1->X F     UDBSLT28_AO22_2             1  1.6     9    27   95038    (-,-) 
  fifo_inst/data_out_reg[15]/D -       -     F     UDBSLT28_FSDPQ_F4SU3_2      1    -     -     0   95038    (-,-) 
#------------------------------------------------------------------------------------------------------------------

(a) : Net has asynchronous load pins which are being considered ideal.



Path 2: MET (4970 ps) Setup Check with Pin fifo_inst/data_out_reg[14]/CK->D
           View: view_wcl_typical
          Group: clk
     Startpoint: (R) rst
          Clock: (R) sclk
       Endpoint: (F) fifo_inst/data_out_reg[14]/D
          Clock: (R) clk

                     Capture       Launch     
        Clock Edge:+  100000        93750     
        Drv Adjust:+       0            0     
       Src Latency:+       0            0     
       Net Latency:+       0 (I)        0 (I) 
           Arrival:=  100000        93750     
                                              
             Setup:-      -8                  
     Required Time:=  100008                  
      Launch Clock:-   93750                  
       Input Delay:-    1250                  
         Data Path:-      38                  
             Slack:=    4970                  

Exceptions/Constraints:
  input_delay             1250            topVCODigital_struct_2_line_23 

#------------------------------------------------------------------------------------------------------------------
#        Timing Point          Flags   Arc   Edge          Cell           Fanout Load Trans Delay Arrival Instance 
#                                                                                (fF)  (ps)  (ps)   (ps)  Location 
#------------------------------------------------------------------------------------------------------------------
  rst                          (a)     -     R     (arrival)                 102 50.3     0     0   95000    (-,-) 
  fifo_inst/g14781__2346/X     -       A1->X F     UDBSLT28_ND2_MM_10         16 12.7    24    11   95011    (-,-) 
  fifo_inst/g14572__7098/X     -       B1->X F     UDBSLT28_AO22_2             1  1.6     9    27   95038    (-,-) 
  fifo_inst/data_out_reg[14]/D -       -     F     UDBSLT28_FSDPQ_F4SU3_2      1    -     -     0   95038    (-,-) 
#------------------------------------------------------------------------------------------------------------------

(a) : Net has asynchronous load pins which are being considered ideal.



Path 3: MET (4970 ps) Setup Check with Pin fifo_inst/data_out_reg[13]/CK->D
           View: view_wcl_typical
          Group: clk
     Startpoint: (R) rst
          Clock: (R) sclk
       Endpoint: (F) fifo_inst/data_out_reg[13]/D
          Clock: (R) clk

                     Capture       Launch     
        Clock Edge:+  100000        93750     
        Drv Adjust:+       0            0     
       Src Latency:+       0            0     
       Net Latency:+       0 (I)        0 (I) 
           Arrival:=  100000        93750     
                                              
             Setup:-      -8                  
     Required Time:=  100008                  
      Launch Clock:-   93750                  
       Input Delay:-    1250                  
         Data Path:-      38                  
             Slack:=    4970                  

Exceptions/Constraints:
  input_delay             1250            topVCODigital_struct_2_line_23 

#------------------------------------------------------------------------------------------------------------------
#        Timing Point          Flags   Arc   Edge          Cell           Fanout Load Trans Delay Arrival Instance 
#                                                                                (fF)  (ps)  (ps)   (ps)  Location 
#------------------------------------------------------------------------------------------------------------------
  rst                          (a)     -     R     (arrival)                 102 50.3     0     0   95000    (-,-) 
  fifo_inst/g14781__2346/X     -       A1->X F     UDBSLT28_ND2_MM_10         16 12.7    24    11   95011    (-,-) 
  fifo_inst/g14562__8428/X     -       B1->X F     UDBSLT28_AO22_2             1  1.6     9    27   95038    (-,-) 
  fifo_inst/data_out_reg[13]/D -       -     F     UDBSLT28_FSDPQ_F4SU3_2      1    -     -     0   95038    (-,-) 
#------------------------------------------------------------------------------------------------------------------

(a) : Net has asynchronous load pins which are being considered ideal.



Path 4: MET (4970 ps) Setup Check with Pin fifo_inst/data_out_reg[12]/CK->D
           View: view_wcl_typical
          Group: clk
     Startpoint: (R) rst
          Clock: (R) sclk
       Endpoint: (F) fifo_inst/data_out_reg[12]/D
          Clock: (R) clk

                     Capture       Launch     
        Clock Edge:+  100000        93750     
        Drv Adjust:+       0            0     
       Src Latency:+       0            0     
       Net Latency:+       0 (I)        0 (I) 
           Arrival:=  100000        93750     
                                              
             Setup:-      -8                  
     Required Time:=  100008                  
      Launch Clock:-   93750                  
       Input Delay:-    1250                  
         Data Path:-      38                  
             Slack:=    4970                  

Exceptions/Constraints:
  input_delay             1250            topVCODigital_struct_2_line_23 

#------------------------------------------------------------------------------------------------------------------
#        Timing Point          Flags   Arc   Edge          Cell           Fanout Load Trans Delay Arrival Instance 
#                                                                                (fF)  (ps)  (ps)   (ps)  Location 
#------------------------------------------------------------------------------------------------------------------
  rst                          (a)     -     R     (arrival)                 102 50.3     0     0   95000    (-,-) 
  fifo_inst/g14781__2346/X     -       A1->X F     UDBSLT28_ND2_MM_10         16 12.7    24    11   95011    (-,-) 
  fifo_inst/g14556__6417/X     -       B1->X F     UDBSLT28_AO22_2             1  1.6     9    27   95038    (-,-) 
  fifo_inst/data_out_reg[12]/D -       -     F     UDBSLT28_FSDPQ_F4SU3_2      1    -     -     0   95038    (-,-) 
#------------------------------------------------------------------------------------------------------------------

(a) : Net has asynchronous load pins which are being considered ideal.



Path 5: MET (4970 ps) Setup Check with Pin fifo_inst/data_out_reg[11]/CK->D
           View: view_wcl_typical
          Group: clk
     Startpoint: (R) rst
          Clock: (R) sclk
       Endpoint: (F) fifo_inst/data_out_reg[11]/D
          Clock: (R) clk

                     Capture       Launch     
        Clock Edge:+  100000        93750     
        Drv Adjust:+       0            0     
       Src Latency:+       0            0     
       Net Latency:+       0 (I)        0 (I) 
           Arrival:=  100000        93750     
                                              
             Setup:-      -8                  
     Required Time:=  100008                  
      Launch Clock:-   93750                  
       Input Delay:-    1250                  
         Data Path:-      38                  
             Slack:=    4970                  

Exceptions/Constraints:
  input_delay             1250            topVCODigital_struct_2_line_23 

#------------------------------------------------------------------------------------------------------------------
#        Timing Point          Flags   Arc   Edge          Cell           Fanout Load Trans Delay Arrival Instance 
#                                                                                (fF)  (ps)  (ps)   (ps)  Location 
#------------------------------------------------------------------------------------------------------------------
  rst                          (a)     -     R     (arrival)                 102 50.3     0     0   95000    (-,-) 
  fifo_inst/g14781__2346/X     -       A1->X F     UDBSLT28_ND2_MM_10         16 12.7    24    11   95011    (-,-) 
  fifo_inst/g14558__2398/X     -       B1->X F     UDBSLT28_AO22_2             1  1.6     9    27   95038    (-,-) 
  fifo_inst/data_out_reg[11]/D -       -     F     UDBSLT28_FSDPQ_F4SU3_2      1    -     -     0   95038    (-,-) 
#------------------------------------------------------------------------------------------------------------------

(a) : Net has asynchronous load pins which are being considered ideal.



Path 6: MET (4970 ps) Setup Check with Pin fifo_inst/data_out_reg[10]/CK->D
           View: view_wcl_typical
          Group: clk
     Startpoint: (R) rst
          Clock: (R) sclk
       Endpoint: (F) fifo_inst/data_out_reg[10]/D
          Clock: (R) clk

                     Capture       Launch     
        Clock Edge:+  100000        93750     
        Drv Adjust:+       0            0     
       Src Latency:+       0            0     
       Net Latency:+       0 (I)        0 (I) 
           Arrival:=  100000        93750     
                                              
             Setup:-      -8                  
     Required Time:=  100008                  
      Launch Clock:-   93750                  
       Input Delay:-    1250                  
         Data Path:-      38                  
             Slack:=    4970                  

Exceptions/Constraints:
  input_delay             1250            topVCODigital_struct_2_line_23 

#------------------------------------------------------------------------------------------------------------------
#        Timing Point          Flags   Arc   Edge          Cell           Fanout Load Trans Delay Arrival Instance 
#                                                                                (fF)  (ps)  (ps)   (ps)  Location 
#------------------------------------------------------------------------------------------------------------------
  rst                          (a)     -     R     (arrival)                 102 50.3     0     0   95000    (-,-) 
  fifo_inst/g14781__2346/X     -       A1->X F     UDBSLT28_ND2_MM_10         16 12.7    24    11   95011    (-,-) 
  fifo_inst/g14564__5526/X     -       B1->X F     UDBSLT28_AO22_2             1  1.6     9    27   95038    (-,-) 
  fifo_inst/data_out_reg[10]/D -       -     F     UDBSLT28_FSDPQ_F4SU3_2      1    -     -     0   95038    (-,-) 
#------------------------------------------------------------------------------------------------------------------

(a) : Net has asynchronous load pins which are being considered ideal.



Path 7: MET (4970 ps) Setup Check with Pin fifo_inst/data_out_reg[9]/CK->D
           View: view_wcl_typical
          Group: clk
     Startpoint: (R) rst
          Clock: (R) sclk
       Endpoint: (F) fifo_inst/data_out_reg[9]/D
          Clock: (R) clk

                     Capture       Launch     
        Clock Edge:+  100000        93750     
        Drv Adjust:+       0            0     
       Src Latency:+       0            0     
       Net Latency:+       0 (I)        0 (I) 
           Arrival:=  100000        93750     
                                              
             Setup:-      -8                  
     Required Time:=  100008                  
      Launch Clock:-   93750                  
       Input Delay:-    1250                  
         Data Path:-      38                  
             Slack:=    4970                  

Exceptions/Constraints:
  input_delay             1250            topVCODigital_struct_2_line_23 

#-----------------------------------------------------------------------------------------------------------------
#        Timing Point         Flags   Arc   Edge          Cell           Fanout Load Trans Delay Arrival Instance 
#                                                                               (fF)  (ps)  (ps)   (ps)  Location 
#-----------------------------------------------------------------------------------------------------------------
  rst                         (a)     -     R     (arrival)                 102 50.3     0     0   95000    (-,-) 
  fifo_inst/g14781__2346/X    -       A1->X F     UDBSLT28_ND2_MM_10         16 12.7    24    11   95011    (-,-) 
  fifo_inst/g14570__5122/X    -       B1->X F     UDBSLT28_AO22_2             1  1.6     9    27   95038    (-,-) 
  fifo_inst/data_out_reg[9]/D -       -     F     UDBSLT28_FSDPQ_F4SU3_2      1    -     -     0   95038    (-,-) 
#-----------------------------------------------------------------------------------------------------------------

(a) : Net has asynchronous load pins which are being considered ideal.



Path 8: MET (4970 ps) Setup Check with Pin fifo_inst/data_out_reg[8]/CK->D
           View: view_wcl_typical
          Group: clk
     Startpoint: (R) rst
          Clock: (R) sclk
       Endpoint: (F) fifo_inst/data_out_reg[8]/D
          Clock: (R) clk

                     Capture       Launch     
        Clock Edge:+  100000        93750     
        Drv Adjust:+       0            0     
       Src Latency:+       0            0     
       Net Latency:+       0 (I)        0 (I) 
           Arrival:=  100000        93750     
                                              
             Setup:-      -8                  
     Required Time:=  100008                  
      Launch Clock:-   93750                  
       Input Delay:-    1250                  
         Data Path:-      38                  
             Slack:=    4970                  

Exceptions/Constraints:
  input_delay             1250            topVCODigital_struct_2_line_23 

#-----------------------------------------------------------------------------------------------------------------
#        Timing Point         Flags   Arc   Edge          Cell           Fanout Load Trans Delay Arrival Instance 
#                                                                               (fF)  (ps)  (ps)   (ps)  Location 
#-----------------------------------------------------------------------------------------------------------------
  rst                         (a)     -     R     (arrival)                 102 50.3     0     0   95000    (-,-) 
  fifo_inst/g14781__2346/X    -       A1->X F     UDBSLT28_ND2_MM_10         16 12.7    24    11   95011    (-,-) 
  fifo_inst/g14569__1705/X    -       B1->X F     UDBSLT28_AO22_2             1  1.6     9    27   95038    (-,-) 
  fifo_inst/data_out_reg[8]/D -       -     F     UDBSLT28_FSDPQ_F4SU3_2      1    -     -     0   95038    (-,-) 
#-----------------------------------------------------------------------------------------------------------------

(a) : Net has asynchronous load pins which are being considered ideal.



Path 9: MET (4970 ps) Setup Check with Pin fifo_inst/data_out_reg[7]/CK->D
           View: view_wcl_typical
          Group: clk
     Startpoint: (R) rst
          Clock: (R) sclk
       Endpoint: (F) fifo_inst/data_out_reg[7]/D
          Clock: (R) clk

                     Capture       Launch     
        Clock Edge:+  100000        93750     
        Drv Adjust:+       0            0     
       Src Latency:+       0            0     
       Net Latency:+       0 (I)        0 (I) 
           Arrival:=  100000        93750     
                                              
             Setup:-      -8                  
     Required Time:=  100008                  
      Launch Clock:-   93750                  
       Input Delay:-    1250                  
         Data Path:-      38                  
             Slack:=    4970                  

Exceptions/Constraints:
  input_delay             1250            topVCODigital_struct_2_line_23 

#-----------------------------------------------------------------------------------------------------------------
#        Timing Point         Flags   Arc   Edge          Cell           Fanout Load Trans Delay Arrival Instance 
#                                                                               (fF)  (ps)  (ps)   (ps)  Location 
#-----------------------------------------------------------------------------------------------------------------
  rst                         (a)     -     R     (arrival)                 102 50.3     0     0   95000    (-,-) 
  fifo_inst/g14781__2346/X    -       A1->X F     UDBSLT28_ND2_MM_10         16 12.7    24    11   95011    (-,-) 
  fifo_inst/g14567__1617/X    -       B1->X F     UDBSLT28_AO22_2             1  1.6     9    27   95038    (-,-) 
  fifo_inst/data_out_reg[7]/D -       -     F     UDBSLT28_FSDPQ_F4SU3_2      1    -     -     0   95038    (-,-) 
#-----------------------------------------------------------------------------------------------------------------

(a) : Net has asynchronous load pins which are being considered ideal.



Path 10: MET (4970 ps) Setup Check with Pin fifo_inst/data_out_reg[6]/CK->D
           View: view_wcl_typical
          Group: clk
     Startpoint: (R) rst
          Clock: (R) sclk
       Endpoint: (F) fifo_inst/data_out_reg[6]/D
          Clock: (R) clk

                     Capture       Launch     
        Clock Edge:+  100000        93750     
        Drv Adjust:+       0            0     
       Src Latency:+       0            0     
       Net Latency:+       0 (I)        0 (I) 
           Arrival:=  100000        93750     
                                              
             Setup:-      -8                  
     Required Time:=  100008                  
      Launch Clock:-   93750                  
       Input Delay:-    1250                  
         Data Path:-      38                  
             Slack:=    4970                  

Exceptions/Constraints:
  input_delay             1250            topVCODigital_struct_2_line_23 

#-----------------------------------------------------------------------------------------------------------------
#        Timing Point         Flags   Arc   Edge          Cell           Fanout Load Trans Delay Arrival Instance 
#                                                                               (fF)  (ps)  (ps)   (ps)  Location 
#-----------------------------------------------------------------------------------------------------------------
  rst                         (a)     -     R     (arrival)                 102 50.3     0     0   95000    (-,-) 
  fifo_inst/g14781__2346/X    -       A1->X F     UDBSLT28_ND2_MM_10         16 12.7    24    11   95011    (-,-) 
  fifo_inst/g14566__3680/X    -       B1->X F     UDBSLT28_AO22_2             1  1.6     9    27   95038    (-,-) 
  fifo_inst/data_out_reg[6]/D -       -     F     UDBSLT28_FSDPQ_F4SU3_2      1    -     -     0   95038    (-,-) 
#-----------------------------------------------------------------------------------------------------------------

(a) : Net has asynchronous load pins which are being considered ideal.



Path 11: MET (4970 ps) Setup Check with Pin fifo_inst/data_out_reg[5]/CK->D
           View: view_wcl_typical
          Group: clk
     Startpoint: (R) rst
          Clock: (R) sclk
       Endpoint: (F) fifo_inst/data_out_reg[5]/D
          Clock: (R) clk

                     Capture       Launch     
        Clock Edge:+  100000        93750     
        Drv Adjust:+       0            0     
       Src Latency:+       0            0     
       Net Latency:+       0 (I)        0 (I) 
           Arrival:=  100000        93750     
                                              
             Setup:-      -8                  
     Required Time:=  100008                  
      Launch Clock:-   93750                  
       Input Delay:-    1250                  
         Data Path:-      38                  
             Slack:=    4970                  

Exceptions/Constraints:
  input_delay             1250            topVCODigital_struct_2_line_23 

#-----------------------------------------------------------------------------------------------------------------
#        Timing Point         Flags   Arc   Edge          Cell           Fanout Load Trans Delay Arrival Instance 
#                                                                               (fF)  (ps)  (ps)   (ps)  Location 
#-----------------------------------------------------------------------------------------------------------------
  rst                         (a)     -     R     (arrival)                 102 50.3     0     0   95000    (-,-) 
  fifo_inst/g14781__2346/X    -       A1->X F     UDBSLT28_ND2_MM_10         16 12.7    24    11   95011    (-,-) 
  fifo_inst/g14561__4319/X    -       B1->X F     UDBSLT28_AO22_2             1  1.6     9    27   95038    (-,-) 
  fifo_inst/data_out_reg[5]/D -       -     F     UDBSLT28_FSDPQ_F4SU3_2      1    -     -     0   95038    (-,-) 
#-----------------------------------------------------------------------------------------------------------------

(a) : Net has asynchronous load pins which are being considered ideal.



Path 12: MET (4970 ps) Setup Check with Pin fifo_inst/data_out_reg[4]/CK->D
           View: view_wcl_typical
          Group: clk
     Startpoint: (R) rst
          Clock: (R) sclk
       Endpoint: (F) fifo_inst/data_out_reg[4]/D
          Clock: (R) clk

                     Capture       Launch     
        Clock Edge:+  100000        93750     
        Drv Adjust:+       0            0     
       Src Latency:+       0            0     
       Net Latency:+       0 (I)        0 (I) 
           Arrival:=  100000        93750     
                                              
             Setup:-      -8                  
     Required Time:=  100008                  
      Launch Clock:-   93750                  
       Input Delay:-    1250                  
         Data Path:-      38                  
             Slack:=    4970                  

Exceptions/Constraints:
  input_delay             1250            topVCODigital_struct_2_line_23 

#-----------------------------------------------------------------------------------------------------------------
#        Timing Point         Flags   Arc   Edge          Cell           Fanout Load Trans Delay Arrival Instance 
#                                                                               (fF)  (ps)  (ps)   (ps)  Location 
#-----------------------------------------------------------------------------------------------------------------
  rst                         (a)     -     R     (arrival)                 102 50.3     0     0   95000    (-,-) 
  fifo_inst/g14781__2346/X    -       A1->X F     UDBSLT28_ND2_MM_10         16 12.7    24    11   95011    (-,-) 
  fifo_inst/g14559__5107/X    -       B1->X F     UDBSLT28_AO22_2             1  1.6     9    27   95038    (-,-) 
  fifo_inst/data_out_reg[4]/D -       -     F     UDBSLT28_FSDPQ_F4SU3_2      1    -     -     0   95038    (-,-) 
#-----------------------------------------------------------------------------------------------------------------

(a) : Net has asynchronous load pins which are being considered ideal.



Path 13: MET (4970 ps) Setup Check with Pin fifo_inst/data_out_reg[3]/CK->D
           View: view_wcl_typical
          Group: clk
     Startpoint: (R) rst
          Clock: (R) sclk
       Endpoint: (F) fifo_inst/data_out_reg[3]/D
          Clock: (R) clk

                     Capture       Launch     
        Clock Edge:+  100000        93750     
        Drv Adjust:+       0            0     
       Src Latency:+       0            0     
       Net Latency:+       0 (I)        0 (I) 
           Arrival:=  100000        93750     
                                              
             Setup:-      -8                  
     Required Time:=  100008                  
      Launch Clock:-   93750                  
       Input Delay:-    1250                  
         Data Path:-      38                  
             Slack:=    4970                  

Exceptions/Constraints:
  input_delay             1250            topVCODigital_struct_2_line_23 

#-----------------------------------------------------------------------------------------------------------------
#        Timing Point         Flags   Arc   Edge          Cell           Fanout Load Trans Delay Arrival Instance 
#                                                                               (fF)  (ps)  (ps)   (ps)  Location 
#-----------------------------------------------------------------------------------------------------------------
  rst                         (a)     -     R     (arrival)                 102 50.3     0     0   95000    (-,-) 
  fifo_inst/g14781__2346/X    -       A1->X F     UDBSLT28_ND2_MM_10         16 12.7    24    11   95011    (-,-) 
  fifo_inst/g14571__8246/X    -       B1->X F     UDBSLT28_AO22_2             1  1.6     9    27   95038    (-,-) 
  fifo_inst/data_out_reg[3]/D -       -     F     UDBSLT28_FSDPQ_F4SU3_2      1    -     -     0   95038    (-,-) 
#-----------------------------------------------------------------------------------------------------------------

(a) : Net has asynchronous load pins which are being considered ideal.



Path 14: MET (4970 ps) Setup Check with Pin fifo_inst/data_out_reg[2]/CK->D
           View: view_wcl_typical
          Group: clk
     Startpoint: (R) rst
          Clock: (R) sclk
       Endpoint: (F) fifo_inst/data_out_reg[2]/D
          Clock: (R) clk

                     Capture       Launch     
        Clock Edge:+  100000        93750     
        Drv Adjust:+       0            0     
       Src Latency:+       0            0     
       Net Latency:+       0 (I)        0 (I) 
           Arrival:=  100000        93750     
                                              
             Setup:-      -8                  
     Required Time:=  100008                  
      Launch Clock:-   93750                  
       Input Delay:-    1250                  
         Data Path:-      38                  
             Slack:=    4970                  

Exceptions/Constraints:
  input_delay             1250            topVCODigital_struct_2_line_23 

#-----------------------------------------------------------------------------------------------------------------
#        Timing Point         Flags   Arc   Edge          Cell           Fanout Load Trans Delay Arrival Instance 
#                                                                               (fF)  (ps)  (ps)   (ps)  Location 
#-----------------------------------------------------------------------------------------------------------------
  rst                         (a)     -     R     (arrival)                 102 50.3     0     0   95000    (-,-) 
  fifo_inst/g14781__2346/X    -       A1->X F     UDBSLT28_ND2_MM_10         16 12.7    24    11   95011    (-,-) 
  fifo_inst/g14568__2802/X    -       B1->X F     UDBSLT28_AO22_2             1  1.6     9    27   95038    (-,-) 
  fifo_inst/data_out_reg[2]/D -       -     F     UDBSLT28_FSDPQ_F4SU3_2      1    -     -     0   95038    (-,-) 
#-----------------------------------------------------------------------------------------------------------------

(a) : Net has asynchronous load pins which are being considered ideal.



Path 15: MET (4970 ps) Setup Check with Pin fifo_inst/data_out_reg[1]/CK->D
           View: view_wcl_typical
          Group: clk
     Startpoint: (R) rst
          Clock: (R) sclk
       Endpoint: (F) fifo_inst/data_out_reg[1]/D
          Clock: (R) clk

                     Capture       Launch     
        Clock Edge:+  100000        93750     
        Drv Adjust:+       0            0     
       Src Latency:+       0            0     
       Net Latency:+       0 (I)        0 (I) 
           Arrival:=  100000        93750     
                                              
             Setup:-      -8                  
     Required Time:=  100008                  
      Launch Clock:-   93750                  
       Input Delay:-    1250                  
         Data Path:-      38                  
             Slack:=    4970                  

Exceptions/Constraints:
  input_delay             1250            topVCODigital_struct_2_line_23 

#-----------------------------------------------------------------------------------------------------------------
#        Timing Point         Flags   Arc   Edge          Cell           Fanout Load Trans Delay Arrival Instance 
#                                                                               (fF)  (ps)  (ps)   (ps)  Location 
#-----------------------------------------------------------------------------------------------------------------
  rst                         (a)     -     R     (arrival)                 102 50.3     0     0   95000    (-,-) 
  fifo_inst/g14781__2346/X    -       A1->X F     UDBSLT28_ND2_MM_10         16 12.7    24    11   95011    (-,-) 
  fifo_inst/g14560__6260/X    -       B1->X F     UDBSLT28_AO22_2             1  1.6     9    27   95038    (-,-) 
  fifo_inst/data_out_reg[1]/D -       -     F     UDBSLT28_FSDPQ_F4SU3_2      1    -     -     0   95038    (-,-) 
#-----------------------------------------------------------------------------------------------------------------

(a) : Net has asynchronous load pins which are being considered ideal.



Path 16: MET (4970 ps) Setup Check with Pin fifo_inst/data_out_reg[0]/CK->D
           View: view_wcl_typical
          Group: clk
     Startpoint: (R) rst
          Clock: (R) sclk
       Endpoint: (F) fifo_inst/data_out_reg[0]/D
          Clock: (R) clk

                     Capture       Launch     
        Clock Edge:+  100000        93750     
        Drv Adjust:+       0            0     
       Src Latency:+       0            0     
       Net Latency:+       0 (I)        0 (I) 
           Arrival:=  100000        93750     
                                              
             Setup:-      -8                  
     Required Time:=  100008                  
      Launch Clock:-   93750                  
       Input Delay:-    1250                  
         Data Path:-      38                  
             Slack:=    4970                  

Exceptions/Constraints:
  input_delay             1250            topVCODigital_struct_2_line_23 

#-----------------------------------------------------------------------------------------------------------------
#        Timing Point         Flags   Arc   Edge          Cell           Fanout Load Trans Delay Arrival Instance 
#                                                                               (fF)  (ps)  (ps)   (ps)  Location 
#-----------------------------------------------------------------------------------------------------------------
  rst                         (a)     -     R     (arrival)                 102 50.3     0     0   95000    (-,-) 
  fifo_inst/g14781__2346/X    -       A1->X F     UDBSLT28_ND2_MM_10         16 12.7    24    11   95011    (-,-) 
  fifo_inst/g14557__5477/X    -       B1->X F     UDBSLT28_AO22_2             1  1.6     9    27   95038    (-,-) 
  fifo_inst/data_out_reg[0]/D -       -     F     UDBSLT28_FSDPQ_F4SU3_2      1    -     -     0   95038    (-,-) 
#-----------------------------------------------------------------------------------------------------------------

(a) : Net has asynchronous load pins which are being considered ideal.



Path 17: MET (4971 ps) Setup Check with Pin fifo_inst/fifo_mem_reg[4][15]/CK->SE
           View: view_wcl_typical
          Group: clk
     Startpoint: (F) rst
          Clock: (R) sclk
       Endpoint: (R) fifo_inst/fifo_mem_reg[4][15]/SE
          Clock: (R) clk

                     Capture       Launch     
        Clock Edge:+  100000        93750     
        Drv Adjust:+       0            0     
       Src Latency:+       0            0     
       Net Latency:+       0 (I)        0 (I) 
           Arrival:=  100000        93750     
                                              
             Setup:-      19                  
     Required Time:=   99981                  
      Launch Clock:-   93750                  
       Input Delay:-    1250                  
         Data Path:-      10                  
             Slack:=    4971                  

Exceptions/Constraints:
  input_delay             1250            topVCODigital_struct_2_line_23 

#--------------------------------------------------------------------------------------------------------------------
#          Timing Point            Flags   Arc   Edge         Cell          Fanout Load Trans Delay Arrival Instance 
#                                                                                  (fF)  (ps)  (ps)   (ps)  Location 
#--------------------------------------------------------------------------------------------------------------------
  rst                              (a)     -     F     (arrival)               102 53.0     0     0   95000    (-,-) 
  fifo_inst/g14754__6417/X         -       A1->X R     UDBSLT28_ND2_MM_12       16 22.3    26    10   95010    (-,-) 
  fifo_inst/fifo_mem_reg[4][15]/SE -       -     R     UDBSLT28_FSDPQ_SU3_4     16    -     -     0   95010    (-,-) 
#--------------------------------------------------------------------------------------------------------------------

(a) : Net has asynchronous load pins which are being considered ideal.



Path 18: MET (4971 ps) Setup Check with Pin fifo_inst/fifo_mem_reg[4][12]/CK->SE
           View: view_wcl_typical
          Group: clk
     Startpoint: (F) rst
          Clock: (R) sclk
       Endpoint: (R) fifo_inst/fifo_mem_reg[4][12]/SE
          Clock: (R) clk

                     Capture       Launch     
        Clock Edge:+  100000        93750     
        Drv Adjust:+       0            0     
       Src Latency:+       0            0     
       Net Latency:+       0 (I)        0 (I) 
           Arrival:=  100000        93750     
                                              
             Setup:-      19                  
     Required Time:=   99981                  
      Launch Clock:-   93750                  
       Input Delay:-    1250                  
         Data Path:-      10                  
             Slack:=    4971                  

Exceptions/Constraints:
  input_delay             1250            topVCODigital_struct_2_line_23 

#--------------------------------------------------------------------------------------------------------------------
#          Timing Point            Flags   Arc   Edge         Cell          Fanout Load Trans Delay Arrival Instance 
#                                                                                  (fF)  (ps)  (ps)   (ps)  Location 
#--------------------------------------------------------------------------------------------------------------------
  rst                              (a)     -     F     (arrival)               102 53.0     0     0   95000    (-,-) 
  fifo_inst/g14754__6417/X         -       A1->X R     UDBSLT28_ND2_MM_12       16 22.3    26    10   95010    (-,-) 
  fifo_inst/fifo_mem_reg[4][12]/SE -       -     R     UDBSLT28_FSDPQ_SU3_4     16    -     -     0   95010    (-,-) 
#--------------------------------------------------------------------------------------------------------------------

(a) : Net has asynchronous load pins which are being considered ideal.



Path 19: MET (4971 ps) Setup Check with Pin fifo_inst/fifo_mem_reg[4][10]/CK->SE
           View: view_wcl_typical
          Group: clk
     Startpoint: (F) rst
          Clock: (R) sclk
       Endpoint: (R) fifo_inst/fifo_mem_reg[4][10]/SE
          Clock: (R) clk

                     Capture       Launch     
        Clock Edge:+  100000        93750     
        Drv Adjust:+       0            0     
       Src Latency:+       0            0     
       Net Latency:+       0 (I)        0 (I) 
           Arrival:=  100000        93750     
                                              
             Setup:-      19                  
     Required Time:=   99981                  
      Launch Clock:-   93750                  
       Input Delay:-    1250                  
         Data Path:-      10                  
             Slack:=    4971                  

Exceptions/Constraints:
  input_delay             1250            topVCODigital_struct_2_line_23 

#--------------------------------------------------------------------------------------------------------------------
#          Timing Point            Flags   Arc   Edge         Cell          Fanout Load Trans Delay Arrival Instance 
#                                                                                  (fF)  (ps)  (ps)   (ps)  Location 
#--------------------------------------------------------------------------------------------------------------------
  rst                              (a)     -     F     (arrival)               102 53.0     0     0   95000    (-,-) 
  fifo_inst/g14754__6417/X         -       A1->X R     UDBSLT28_ND2_MM_12       16 22.3    26    10   95010    (-,-) 
  fifo_inst/fifo_mem_reg[4][10]/SE -       -     R     UDBSLT28_FSDPQ_SU3_4     16    -     -     0   95010    (-,-) 
#--------------------------------------------------------------------------------------------------------------------

(a) : Net has asynchronous load pins which are being considered ideal.



Path 20: MET (4971 ps) Setup Check with Pin fifo_inst/fifo_mem_reg[4][9]/CK->SE
           View: view_wcl_typical
          Group: clk
     Startpoint: (F) rst
          Clock: (R) sclk
       Endpoint: (R) fifo_inst/fifo_mem_reg[4][9]/SE
          Clock: (R) clk

                     Capture       Launch     
        Clock Edge:+  100000        93750     
        Drv Adjust:+       0            0     
       Src Latency:+       0            0     
       Net Latency:+       0 (I)        0 (I) 
           Arrival:=  100000        93750     
                                              
             Setup:-      19                  
     Required Time:=   99981                  
      Launch Clock:-   93750                  
       Input Delay:-    1250                  
         Data Path:-      10                  
             Slack:=    4971                  

Exceptions/Constraints:
  input_delay             1250            topVCODigital_struct_2_line_23 

#-------------------------------------------------------------------------------------------------------------------
#          Timing Point           Flags   Arc   Edge         Cell          Fanout Load Trans Delay Arrival Instance 
#                                                                                 (fF)  (ps)  (ps)   (ps)  Location 
#-------------------------------------------------------------------------------------------------------------------
  rst                             (a)     -     F     (arrival)               102 53.0     0     0   95000    (-,-) 
  fifo_inst/g14754__6417/X        -       A1->X R     UDBSLT28_ND2_MM_12       16 22.3    26    10   95010    (-,-) 
  fifo_inst/fifo_mem_reg[4][9]/SE -       -     R     UDBSLT28_FSDPQ_SU3_4     16    -     -     0   95010    (-,-) 
#-------------------------------------------------------------------------------------------------------------------

(a) : Net has asynchronous load pins which are being considered ideal.



Path 21: MET (4971 ps) Setup Check with Pin fifo_inst/fifo_mem_reg[4][7]/CK->SE
           View: view_wcl_typical
          Group: clk
     Startpoint: (F) rst
          Clock: (R) sclk
       Endpoint: (R) fifo_inst/fifo_mem_reg[4][7]/SE
          Clock: (R) clk

                     Capture       Launch     
        Clock Edge:+  100000        93750     
        Drv Adjust:+       0            0     
       Src Latency:+       0            0     
       Net Latency:+       0 (I)        0 (I) 
           Arrival:=  100000        93750     
                                              
             Setup:-      19                  
     Required Time:=   99981                  
      Launch Clock:-   93750                  
       Input Delay:-    1250                  
         Data Path:-      10                  
             Slack:=    4971                  

Exceptions/Constraints:
  input_delay             1250            topVCODigital_struct_2_line_23 

#-------------------------------------------------------------------------------------------------------------------
#          Timing Point           Flags   Arc   Edge         Cell          Fanout Load Trans Delay Arrival Instance 
#                                                                                 (fF)  (ps)  (ps)   (ps)  Location 
#-------------------------------------------------------------------------------------------------------------------
  rst                             (a)     -     F     (arrival)               102 53.0     0     0   95000    (-,-) 
  fifo_inst/g14754__6417/X        -       A1->X R     UDBSLT28_ND2_MM_12       16 22.3    26    10   95010    (-,-) 
  fifo_inst/fifo_mem_reg[4][7]/SE -       -     R     UDBSLT28_FSDPQ_SU3_4     16    -     -     0   95010    (-,-) 
#-------------------------------------------------------------------------------------------------------------------

(a) : Net has asynchronous load pins which are being considered ideal.



Path 22: MET (4971 ps) Setup Check with Pin fifo_inst/fifo_mem_reg[4][5]/CK->SE
           View: view_wcl_typical
          Group: clk
     Startpoint: (F) rst
          Clock: (R) sclk
       Endpoint: (R) fifo_inst/fifo_mem_reg[4][5]/SE
          Clock: (R) clk

                     Capture       Launch     
        Clock Edge:+  100000        93750     
        Drv Adjust:+       0            0     
       Src Latency:+       0            0     
       Net Latency:+       0 (I)        0 (I) 
           Arrival:=  100000        93750     
                                              
             Setup:-      19                  
     Required Time:=   99981                  
      Launch Clock:-   93750                  
       Input Delay:-    1250                  
         Data Path:-      10                  
             Slack:=    4971                  

Exceptions/Constraints:
  input_delay             1250            topVCODigital_struct_2_line_23 

#-------------------------------------------------------------------------------------------------------------------
#          Timing Point           Flags   Arc   Edge         Cell          Fanout Load Trans Delay Arrival Instance 
#                                                                                 (fF)  (ps)  (ps)   (ps)  Location 
#-------------------------------------------------------------------------------------------------------------------
  rst                             (a)     -     F     (arrival)               102 53.0     0     0   95000    (-,-) 
  fifo_inst/g14754__6417/X        -       A1->X R     UDBSLT28_ND2_MM_12       16 22.3    26    10   95010    (-,-) 
  fifo_inst/fifo_mem_reg[4][5]/SE -       -     R     UDBSLT28_FSDPQ_SU3_4     16    -     -     0   95010    (-,-) 
#-------------------------------------------------------------------------------------------------------------------

(a) : Net has asynchronous load pins which are being considered ideal.



Path 23: MET (4971 ps) Setup Check with Pin fifo_inst/fifo_mem_reg[4][3]/CK->SE
           View: view_wcl_typical
          Group: clk
     Startpoint: (F) rst
          Clock: (R) sclk
       Endpoint: (R) fifo_inst/fifo_mem_reg[4][3]/SE
          Clock: (R) clk

                     Capture       Launch     
        Clock Edge:+  100000        93750     
        Drv Adjust:+       0            0     
       Src Latency:+       0            0     
       Net Latency:+       0 (I)        0 (I) 
           Arrival:=  100000        93750     
                                              
             Setup:-      19                  
     Required Time:=   99981                  
      Launch Clock:-   93750                  
       Input Delay:-    1250                  
         Data Path:-      10                  
             Slack:=    4971                  

Exceptions/Constraints:
  input_delay             1250            topVCODigital_struct_2_line_23 

#-------------------------------------------------------------------------------------------------------------------
#          Timing Point           Flags   Arc   Edge         Cell          Fanout Load Trans Delay Arrival Instance 
#                                                                                 (fF)  (ps)  (ps)   (ps)  Location 
#-------------------------------------------------------------------------------------------------------------------
  rst                             (a)     -     F     (arrival)               102 53.0     0     0   95000    (-,-) 
  fifo_inst/g14754__6417/X        -       A1->X R     UDBSLT28_ND2_MM_12       16 22.3    26    10   95010    (-,-) 
  fifo_inst/fifo_mem_reg[4][3]/SE -       -     R     UDBSLT28_FSDPQ_SU3_4     16    -     -     0   95010    (-,-) 
#-------------------------------------------------------------------------------------------------------------------

(a) : Net has asynchronous load pins which are being considered ideal.



Path 24: MET (4971 ps) Setup Check with Pin fifo_inst/fifo_mem_reg[4][2]/CK->SE
           View: view_wcl_typical
          Group: clk
     Startpoint: (F) rst
          Clock: (R) sclk
       Endpoint: (R) fifo_inst/fifo_mem_reg[4][2]/SE
          Clock: (R) clk

                     Capture       Launch     
        Clock Edge:+  100000        93750     
        Drv Adjust:+       0            0     
       Src Latency:+       0            0     
       Net Latency:+       0 (I)        0 (I) 
           Arrival:=  100000        93750     
                                              
             Setup:-      19                  
     Required Time:=   99981                  
      Launch Clock:-   93750                  
       Input Delay:-    1250                  
         Data Path:-      10                  
             Slack:=    4971                  

Exceptions/Constraints:
  input_delay             1250            topVCODigital_struct_2_line_23 

#-------------------------------------------------------------------------------------------------------------------
#          Timing Point           Flags   Arc   Edge         Cell          Fanout Load Trans Delay Arrival Instance 
#                                                                                 (fF)  (ps)  (ps)   (ps)  Location 
#-------------------------------------------------------------------------------------------------------------------
  rst                             (a)     -     F     (arrival)               102 53.0     0     0   95000    (-,-) 
  fifo_inst/g14754__6417/X        -       A1->X R     UDBSLT28_ND2_MM_12       16 22.3    26    10   95010    (-,-) 
  fifo_inst/fifo_mem_reg[4][2]/SE -       -     R     UDBSLT28_FSDPQ_SU3_4     16    -     -     0   95010    (-,-) 
#-------------------------------------------------------------------------------------------------------------------

(a) : Net has asynchronous load pins which are being considered ideal.



Path 25: MET (4971 ps) Setup Check with Pin fifo_inst/fifo_mem_reg[2][15]/CK->SE
           View: view_wcl_typical
          Group: clk
     Startpoint: (F) rst
          Clock: (R) sclk
       Endpoint: (R) fifo_inst/fifo_mem_reg[2][15]/SE
          Clock: (R) clk

                     Capture       Launch     
        Clock Edge:+  100000        93750     
        Drv Adjust:+       0            0     
       Src Latency:+       0            0     
       Net Latency:+       0 (I)        0 (I) 
           Arrival:=  100000        93750     
                                              
             Setup:-      19                  
     Required Time:=   99981                  
      Launch Clock:-   93750                  
       Input Delay:-    1250                  
         Data Path:-      10                  
             Slack:=    4971                  

Exceptions/Constraints:
  input_delay             1250            topVCODigital_struct_2_line_23 

#--------------------------------------------------------------------------------------------------------------------
#          Timing Point            Flags   Arc   Edge         Cell          Fanout Load Trans Delay Arrival Instance 
#                                                                                  (fF)  (ps)  (ps)   (ps)  Location 
#--------------------------------------------------------------------------------------------------------------------
  rst                              (a)     -     F     (arrival)               102 53.0     0     0   95000    (-,-) 
  fifo_inst/g14755__5477/X         -       A1->X R     UDBSLT28_ND2_MM_12       16 22.3    26    10   95010    (-,-) 
  fifo_inst/fifo_mem_reg[2][15]/SE -       -     R     UDBSLT28_FSDPQ_SU3_4     16    -     -     0   95010    (-,-) 
#--------------------------------------------------------------------------------------------------------------------

(a) : Net has asynchronous load pins which are being considered ideal.



Path 26: MET (4971 ps) Setup Check with Pin fifo_inst/fifo_mem_reg[2][13]/CK->SE
           View: view_wcl_typical
          Group: clk
     Startpoint: (F) rst
          Clock: (R) sclk
       Endpoint: (R) fifo_inst/fifo_mem_reg[2][13]/SE
          Clock: (R) clk

                     Capture       Launch     
        Clock Edge:+  100000        93750     
        Drv Adjust:+       0            0     
       Src Latency:+       0            0     
       Net Latency:+       0 (I)        0 (I) 
           Arrival:=  100000        93750     
                                              
             Setup:-      19                  
     Required Time:=   99981                  
      Launch Clock:-   93750                  
       Input Delay:-    1250                  
         Data Path:-      10                  
             Slack:=    4971                  

Exceptions/Constraints:
  input_delay             1250            topVCODigital_struct_2_line_23 

#--------------------------------------------------------------------------------------------------------------------
#          Timing Point            Flags   Arc   Edge         Cell          Fanout Load Trans Delay Arrival Instance 
#                                                                                  (fF)  (ps)  (ps)   (ps)  Location 
#--------------------------------------------------------------------------------------------------------------------
  rst                              (a)     -     F     (arrival)               102 53.0     0     0   95000    (-,-) 
  fifo_inst/g14755__5477/X         -       A1->X R     UDBSLT28_ND2_MM_12       16 22.3    26    10   95010    (-,-) 
  fifo_inst/fifo_mem_reg[2][13]/SE -       -     R     UDBSLT28_FSDPQ_SU3_4     16    -     -     0   95010    (-,-) 
#--------------------------------------------------------------------------------------------------------------------

(a) : Net has asynchronous load pins which are being considered ideal.



Path 27: MET (4971 ps) Setup Check with Pin fifo_inst/fifo_mem_reg[2][12]/CK->SE
           View: view_wcl_typical
          Group: clk
     Startpoint: (F) rst
          Clock: (R) sclk
       Endpoint: (R) fifo_inst/fifo_mem_reg[2][12]/SE
          Clock: (R) clk

                     Capture       Launch     
        Clock Edge:+  100000        93750     
        Drv Adjust:+       0            0     
       Src Latency:+       0            0     
       Net Latency:+       0 (I)        0 (I) 
           Arrival:=  100000        93750     
                                              
             Setup:-      19                  
     Required Time:=   99981                  
      Launch Clock:-   93750                  
       Input Delay:-    1250                  
         Data Path:-      10                  
             Slack:=    4971                  

Exceptions/Constraints:
  input_delay             1250            topVCODigital_struct_2_line_23 

#--------------------------------------------------------------------------------------------------------------------
#          Timing Point            Flags   Arc   Edge         Cell          Fanout Load Trans Delay Arrival Instance 
#                                                                                  (fF)  (ps)  (ps)   (ps)  Location 
#--------------------------------------------------------------------------------------------------------------------
  rst                              (a)     -     F     (arrival)               102 53.0     0     0   95000    (-,-) 
  fifo_inst/g14755__5477/X         -       A1->X R     UDBSLT28_ND2_MM_12       16 22.3    26    10   95010    (-,-) 
  fifo_inst/fifo_mem_reg[2][12]/SE -       -     R     UDBSLT28_FSDPQ_SU3_4     16    -     -     0   95010    (-,-) 
#--------------------------------------------------------------------------------------------------------------------

(a) : Net has asynchronous load pins which are being considered ideal.



Path 28: MET (4971 ps) Setup Check with Pin fifo_inst/fifo_mem_reg[2][10]/CK->SE
           View: view_wcl_typical
          Group: clk
     Startpoint: (F) rst
          Clock: (R) sclk
       Endpoint: (R) fifo_inst/fifo_mem_reg[2][10]/SE
          Clock: (R) clk

                     Capture       Launch     
        Clock Edge:+  100000        93750     
        Drv Adjust:+       0            0     
       Src Latency:+       0            0     
       Net Latency:+       0 (I)        0 (I) 
           Arrival:=  100000        93750     
                                              
             Setup:-      19                  
     Required Time:=   99981                  
      Launch Clock:-   93750                  
       Input Delay:-    1250                  
         Data Path:-      10                  
             Slack:=    4971                  

Exceptions/Constraints:
  input_delay             1250            topVCODigital_struct_2_line_23 

#--------------------------------------------------------------------------------------------------------------------
#          Timing Point            Flags   Arc   Edge         Cell          Fanout Load Trans Delay Arrival Instance 
#                                                                                  (fF)  (ps)  (ps)   (ps)  Location 
#--------------------------------------------------------------------------------------------------------------------
  rst                              (a)     -     F     (arrival)               102 53.0     0     0   95000    (-,-) 
  fifo_inst/g14755__5477/X         -       A1->X R     UDBSLT28_ND2_MM_12       16 22.3    26    10   95010    (-,-) 
  fifo_inst/fifo_mem_reg[2][10]/SE -       -     R     UDBSLT28_FSDPQ_SU3_4     16    -     -     0   95010    (-,-) 
#--------------------------------------------------------------------------------------------------------------------

(a) : Net has asynchronous load pins which are being considered ideal.



Path 29: MET (4971 ps) Setup Check with Pin fifo_inst/fifo_mem_reg[2][8]/CK->SE
           View: view_wcl_typical
          Group: clk
     Startpoint: (F) rst
          Clock: (R) sclk
       Endpoint: (R) fifo_inst/fifo_mem_reg[2][8]/SE
          Clock: (R) clk

                     Capture       Launch     
        Clock Edge:+  100000        93750     
        Drv Adjust:+       0            0     
       Src Latency:+       0            0     
       Net Latency:+       0 (I)        0 (I) 
           Arrival:=  100000        93750     
                                              
             Setup:-      19                  
     Required Time:=   99981                  
      Launch Clock:-   93750                  
       Input Delay:-    1250                  
         Data Path:-      10                  
             Slack:=    4971                  

Exceptions/Constraints:
  input_delay             1250            topVCODigital_struct_2_line_23 

#-------------------------------------------------------------------------------------------------------------------
#          Timing Point           Flags   Arc   Edge         Cell          Fanout Load Trans Delay Arrival Instance 
#                                                                                 (fF)  (ps)  (ps)   (ps)  Location 
#-------------------------------------------------------------------------------------------------------------------
  rst                             (a)     -     F     (arrival)               102 53.0     0     0   95000    (-,-) 
  fifo_inst/g14755__5477/X        -       A1->X R     UDBSLT28_ND2_MM_12       16 22.3    26    10   95010    (-,-) 
  fifo_inst/fifo_mem_reg[2][8]/SE -       -     R     UDBSLT28_FSDPQ_SU3_4     16    -     -     0   95010    (-,-) 
#-------------------------------------------------------------------------------------------------------------------

(a) : Net has asynchronous load pins which are being considered ideal.



Path 30: MET (4971 ps) Setup Check with Pin fifo_inst/fifo_mem_reg[2][7]/CK->SE
           View: view_wcl_typical
          Group: clk
     Startpoint: (F) rst
          Clock: (R) sclk
       Endpoint: (R) fifo_inst/fifo_mem_reg[2][7]/SE
          Clock: (R) clk

                     Capture       Launch     
        Clock Edge:+  100000        93750     
        Drv Adjust:+       0            0     
       Src Latency:+       0            0     
       Net Latency:+       0 (I)        0 (I) 
           Arrival:=  100000        93750     
                                              
             Setup:-      19                  
     Required Time:=   99981                  
      Launch Clock:-   93750                  
       Input Delay:-    1250                  
         Data Path:-      10                  
             Slack:=    4971                  

Exceptions/Constraints:
  input_delay             1250            topVCODigital_struct_2_line_23 

#-------------------------------------------------------------------------------------------------------------------
#          Timing Point           Flags   Arc   Edge         Cell          Fanout Load Trans Delay Arrival Instance 
#                                                                                 (fF)  (ps)  (ps)   (ps)  Location 
#-------------------------------------------------------------------------------------------------------------------
  rst                             (a)     -     F     (arrival)               102 53.0     0     0   95000    (-,-) 
  fifo_inst/g14755__5477/X        -       A1->X R     UDBSLT28_ND2_MM_12       16 22.3    26    10   95010    (-,-) 
  fifo_inst/fifo_mem_reg[2][7]/SE -       -     R     UDBSLT28_FSDPQ_SU3_4     16    -     -     0   95010    (-,-) 
#-------------------------------------------------------------------------------------------------------------------

(a) : Net has asynchronous load pins which are being considered ideal.



Path 31: MET (4971 ps) Setup Check with Pin fifo_inst/fifo_mem_reg[2][5]/CK->SE
           View: view_wcl_typical
          Group: clk
     Startpoint: (F) rst
          Clock: (R) sclk
       Endpoint: (R) fifo_inst/fifo_mem_reg[2][5]/SE
          Clock: (R) clk

                     Capture       Launch     
        Clock Edge:+  100000        93750     
        Drv Adjust:+       0            0     
       Src Latency:+       0            0     
       Net Latency:+       0 (I)        0 (I) 
           Arrival:=  100000        93750     
                                              
             Setup:-      19                  
     Required Time:=   99981                  
      Launch Clock:-   93750                  
       Input Delay:-    1250                  
         Data Path:-      10                  
             Slack:=    4971                  

Exceptions/Constraints:
  input_delay             1250            topVCODigital_struct_2_line_23 

#-------------------------------------------------------------------------------------------------------------------
#          Timing Point           Flags   Arc   Edge         Cell          Fanout Load Trans Delay Arrival Instance 
#                                                                                 (fF)  (ps)  (ps)   (ps)  Location 
#-------------------------------------------------------------------------------------------------------------------
  rst                             (a)     -     F     (arrival)               102 53.0     0     0   95000    (-,-) 
  fifo_inst/g14755__5477/X        -       A1->X R     UDBSLT28_ND2_MM_12       16 22.3    26    10   95010    (-,-) 
  fifo_inst/fifo_mem_reg[2][5]/SE -       -     R     UDBSLT28_FSDPQ_SU3_4     16    -     -     0   95010    (-,-) 
#-------------------------------------------------------------------------------------------------------------------

(a) : Net has asynchronous load pins which are being considered ideal.



Path 32: MET (4971 ps) Setup Check with Pin fifo_inst/fifo_mem_reg[2][1]/CK->SE
           View: view_wcl_typical
          Group: clk
     Startpoint: (F) rst
          Clock: (R) sclk
       Endpoint: (R) fifo_inst/fifo_mem_reg[2][1]/SE
          Clock: (R) clk

                     Capture       Launch     
        Clock Edge:+  100000        93750     
        Drv Adjust:+       0            0     
       Src Latency:+       0            0     
       Net Latency:+       0 (I)        0 (I) 
           Arrival:=  100000        93750     
                                              
             Setup:-      19                  
     Required Time:=   99981                  
      Launch Clock:-   93750                  
       Input Delay:-    1250                  
         Data Path:-      10                  
             Slack:=    4971                  

Exceptions/Constraints:
  input_delay             1250            topVCODigital_struct_2_line_23 

#-------------------------------------------------------------------------------------------------------------------
#          Timing Point           Flags   Arc   Edge         Cell          Fanout Load Trans Delay Arrival Instance 
#                                                                                 (fF)  (ps)  (ps)   (ps)  Location 
#-------------------------------------------------------------------------------------------------------------------
  rst                             (a)     -     F     (arrival)               102 53.0     0     0   95000    (-,-) 
  fifo_inst/g14755__5477/X        -       A1->X R     UDBSLT28_ND2_MM_12       16 22.3    26    10   95010    (-,-) 
  fifo_inst/fifo_mem_reg[2][1]/SE -       -     R     UDBSLT28_FSDPQ_SU3_4     16    -     -     0   95010    (-,-) 
#-------------------------------------------------------------------------------------------------------------------

(a) : Net has asynchronous load pins which are being considered ideal.



Path 33: MET (4971 ps) Setup Check with Pin fifo_inst/fifo_mem_reg[1][14]/CK->SE
           View: view_wcl_typical
          Group: clk
     Startpoint: (F) rst
          Clock: (R) sclk
       Endpoint: (R) fifo_inst/fifo_mem_reg[1][14]/SE
          Clock: (R) clk

                     Capture       Launch     
        Clock Edge:+  100000        93750     
        Drv Adjust:+       0            0     
       Src Latency:+       0            0     
       Net Latency:+       0 (I)        0 (I) 
           Arrival:=  100000        93750     
                                              
             Setup:-      19                  
     Required Time:=   99981                  
      Launch Clock:-   93750                  
       Input Delay:-    1250                  
         Data Path:-      10                  
             Slack:=    4971                  

Exceptions/Constraints:
  input_delay             1250            topVCODigital_struct_2_line_23 

#--------------------------------------------------------------------------------------------------------------------
#          Timing Point            Flags   Arc   Edge         Cell          Fanout Load Trans Delay Arrival Instance 
#                                                                                  (fF)  (ps)  (ps)   (ps)  Location 
#--------------------------------------------------------------------------------------------------------------------
  rst                              (a)     -     F     (arrival)               102 53.0     0     0   95000    (-,-) 
  fifo_inst/g14752__1666/X         -       A1->X R     UDBSLT28_ND2_MM_12       16 22.3    26    10   95010    (-,-) 
  fifo_inst/fifo_mem_reg[1][14]/SE -       -     R     UDBSLT28_FSDPQ_SU3_4     16    -     -     0   95010    (-,-) 
#--------------------------------------------------------------------------------------------------------------------

(a) : Net has asynchronous load pins which are being considered ideal.



Path 34: MET (4971 ps) Setup Check with Pin fifo_inst/fifo_mem_reg[1][12]/CK->SE
           View: view_wcl_typical
          Group: clk
     Startpoint: (F) rst
          Clock: (R) sclk
       Endpoint: (R) fifo_inst/fifo_mem_reg[1][12]/SE
          Clock: (R) clk

                     Capture       Launch     
        Clock Edge:+  100000        93750     
        Drv Adjust:+       0            0     
       Src Latency:+       0            0     
       Net Latency:+       0 (I)        0 (I) 
           Arrival:=  100000        93750     
                                              
             Setup:-      19                  
     Required Time:=   99981                  
      Launch Clock:-   93750                  
       Input Delay:-    1250                  
         Data Path:-      10                  
             Slack:=    4971                  

Exceptions/Constraints:
  input_delay             1250            topVCODigital_struct_2_line_23 

#--------------------------------------------------------------------------------------------------------------------
#          Timing Point            Flags   Arc   Edge         Cell          Fanout Load Trans Delay Arrival Instance 
#                                                                                  (fF)  (ps)  (ps)   (ps)  Location 
#--------------------------------------------------------------------------------------------------------------------
  rst                              (a)     -     F     (arrival)               102 53.0     0     0   95000    (-,-) 
  fifo_inst/g14752__1666/X         -       A1->X R     UDBSLT28_ND2_MM_12       16 22.3    26    10   95010    (-,-) 
  fifo_inst/fifo_mem_reg[1][12]/SE -       -     R     UDBSLT28_FSDPQ_SU3_4     16    -     -     0   95010    (-,-) 
#--------------------------------------------------------------------------------------------------------------------

(a) : Net has asynchronous load pins which are being considered ideal.



Path 35: MET (4971 ps) Setup Check with Pin fifo_inst/fifo_mem_reg[1][11]/CK->SE
           View: view_wcl_typical
          Group: clk
     Startpoint: (F) rst
          Clock: (R) sclk
       Endpoint: (R) fifo_inst/fifo_mem_reg[1][11]/SE
          Clock: (R) clk

                     Capture       Launch     
        Clock Edge:+  100000        93750     
        Drv Adjust:+       0            0     
       Src Latency:+       0            0     
       Net Latency:+       0 (I)        0 (I) 
           Arrival:=  100000        93750     
                                              
             Setup:-      19                  
     Required Time:=   99981                  
      Launch Clock:-   93750                  
       Input Delay:-    1250                  
         Data Path:-      10                  
             Slack:=    4971                  

Exceptions/Constraints:
  input_delay             1250            topVCODigital_struct_2_line_23 

#--------------------------------------------------------------------------------------------------------------------
#          Timing Point            Flags   Arc   Edge         Cell          Fanout Load Trans Delay Arrival Instance 
#                                                                                  (fF)  (ps)  (ps)   (ps)  Location 
#--------------------------------------------------------------------------------------------------------------------
  rst                              (a)     -     F     (arrival)               102 53.0     0     0   95000    (-,-) 
  fifo_inst/g14752__1666/X         -       A1->X R     UDBSLT28_ND2_MM_12       16 22.3    26    10   95010    (-,-) 
  fifo_inst/fifo_mem_reg[1][11]/SE -       -     R     UDBSLT28_FSDPQ_SU3_4     16    -     -     0   95010    (-,-) 
#--------------------------------------------------------------------------------------------------------------------

(a) : Net has asynchronous load pins which are being considered ideal.



Path 36: MET (4971 ps) Setup Check with Pin fifo_inst/fifo_mem_reg[1][8]/CK->SE
           View: view_wcl_typical
          Group: clk
     Startpoint: (F) rst
          Clock: (R) sclk
       Endpoint: (R) fifo_inst/fifo_mem_reg[1][8]/SE
          Clock: (R) clk

                     Capture       Launch     
        Clock Edge:+  100000        93750     
        Drv Adjust:+       0            0     
       Src Latency:+       0            0     
       Net Latency:+       0 (I)        0 (I) 
           Arrival:=  100000        93750     
                                              
             Setup:-      19                  
     Required Time:=   99981                  
      Launch Clock:-   93750                  
       Input Delay:-    1250                  
         Data Path:-      10                  
             Slack:=    4971                  

Exceptions/Constraints:
  input_delay             1250            topVCODigital_struct_2_line_23 

#-------------------------------------------------------------------------------------------------------------------
#          Timing Point           Flags   Arc   Edge         Cell          Fanout Load Trans Delay Arrival Instance 
#                                                                                 (fF)  (ps)  (ps)   (ps)  Location 
#-------------------------------------------------------------------------------------------------------------------
  rst                             (a)     -     F     (arrival)               102 53.0     0     0   95000    (-,-) 
  fifo_inst/g14752__1666/X        -       A1->X R     UDBSLT28_ND2_MM_12       16 22.3    26    10   95010    (-,-) 
  fifo_inst/fifo_mem_reg[1][8]/SE -       -     R     UDBSLT28_FSDPQ_SU3_4     16    -     -     0   95010    (-,-) 
#-------------------------------------------------------------------------------------------------------------------

(a) : Net has asynchronous load pins which are being considered ideal.



Path 37: MET (4971 ps) Setup Check with Pin fifo_inst/fifo_mem_reg[1][5]/CK->SE
           View: view_wcl_typical
          Group: clk
     Startpoint: (F) rst
          Clock: (R) sclk
       Endpoint: (R) fifo_inst/fifo_mem_reg[1][5]/SE
          Clock: (R) clk

                     Capture       Launch     
        Clock Edge:+  100000        93750     
        Drv Adjust:+       0            0     
       Src Latency:+       0            0     
       Net Latency:+       0 (I)        0 (I) 
           Arrival:=  100000        93750     
                                              
             Setup:-      19                  
     Required Time:=   99981                  
      Launch Clock:-   93750                  
       Input Delay:-    1250                  
         Data Path:-      10                  
             Slack:=    4971                  

Exceptions/Constraints:
  input_delay             1250            topVCODigital_struct_2_line_23 

#-------------------------------------------------------------------------------------------------------------------
#          Timing Point           Flags   Arc   Edge         Cell          Fanout Load Trans Delay Arrival Instance 
#                                                                                 (fF)  (ps)  (ps)   (ps)  Location 
#-------------------------------------------------------------------------------------------------------------------
  rst                             (a)     -     F     (arrival)               102 53.0     0     0   95000    (-,-) 
  fifo_inst/g14752__1666/X        -       A1->X R     UDBSLT28_ND2_MM_12       16 22.3    26    10   95010    (-,-) 
  fifo_inst/fifo_mem_reg[1][5]/SE -       -     R     UDBSLT28_FSDPQ_SU3_4     16    -     -     0   95010    (-,-) 
#-------------------------------------------------------------------------------------------------------------------

(a) : Net has asynchronous load pins which are being considered ideal.



Path 38: MET (4971 ps) Setup Check with Pin fifo_inst/fifo_mem_reg[1][3]/CK->SE
           View: view_wcl_typical
          Group: clk
     Startpoint: (F) rst
          Clock: (R) sclk
       Endpoint: (R) fifo_inst/fifo_mem_reg[1][3]/SE
          Clock: (R) clk

                     Capture       Launch     
        Clock Edge:+  100000        93750     
        Drv Adjust:+       0            0     
       Src Latency:+       0            0     
       Net Latency:+       0 (I)        0 (I) 
           Arrival:=  100000        93750     
                                              
             Setup:-      19                  
     Required Time:=   99981                  
      Launch Clock:-   93750                  
       Input Delay:-    1250                  
         Data Path:-      10                  
             Slack:=    4971                  

Exceptions/Constraints:
  input_delay             1250            topVCODigital_struct_2_line_23 

#-------------------------------------------------------------------------------------------------------------------
#          Timing Point           Flags   Arc   Edge         Cell          Fanout Load Trans Delay Arrival Instance 
#                                                                                 (fF)  (ps)  (ps)   (ps)  Location 
#-------------------------------------------------------------------------------------------------------------------
  rst                             (a)     -     F     (arrival)               102 53.0     0     0   95000    (-,-) 
  fifo_inst/g14752__1666/X        -       A1->X R     UDBSLT28_ND2_MM_12       16 22.3    26    10   95010    (-,-) 
  fifo_inst/fifo_mem_reg[1][3]/SE -       -     R     UDBSLT28_FSDPQ_SU3_4     16    -     -     0   95010    (-,-) 
#-------------------------------------------------------------------------------------------------------------------

(a) : Net has asynchronous load pins which are being considered ideal.



Path 39: MET (4971 ps) Setup Check with Pin fifo_inst/fifo_mem_reg[1][2]/CK->SE
           View: view_wcl_typical
          Group: clk
     Startpoint: (F) rst
          Clock: (R) sclk
       Endpoint: (R) fifo_inst/fifo_mem_reg[1][2]/SE
          Clock: (R) clk

                     Capture       Launch     
        Clock Edge:+  100000        93750     
        Drv Adjust:+       0            0     
       Src Latency:+       0            0     
       Net Latency:+       0 (I)        0 (I) 
           Arrival:=  100000        93750     
                                              
             Setup:-      19                  
     Required Time:=   99981                  
      Launch Clock:-   93750                  
       Input Delay:-    1250                  
         Data Path:-      10                  
             Slack:=    4971                  

Exceptions/Constraints:
  input_delay             1250            topVCODigital_struct_2_line_23 

#-------------------------------------------------------------------------------------------------------------------
#          Timing Point           Flags   Arc   Edge         Cell          Fanout Load Trans Delay Arrival Instance 
#                                                                                 (fF)  (ps)  (ps)   (ps)  Location 
#-------------------------------------------------------------------------------------------------------------------
  rst                             (a)     -     F     (arrival)               102 53.0     0     0   95000    (-,-) 
  fifo_inst/g14752__1666/X        -       A1->X R     UDBSLT28_ND2_MM_12       16 22.3    26    10   95010    (-,-) 
  fifo_inst/fifo_mem_reg[1][2]/SE -       -     R     UDBSLT28_FSDPQ_SU3_4     16    -     -     0   95010    (-,-) 
#-------------------------------------------------------------------------------------------------------------------

(a) : Net has asynchronous load pins which are being considered ideal.



Path 40: MET (4971 ps) Setup Check with Pin fifo_inst/fifo_mem_reg[1][0]/CK->SE
           View: view_wcl_typical
          Group: clk
     Startpoint: (F) rst
          Clock: (R) sclk
       Endpoint: (R) fifo_inst/fifo_mem_reg[1][0]/SE
          Clock: (R) clk

                     Capture       Launch     
        Clock Edge:+  100000        93750     
        Drv Adjust:+       0            0     
       Src Latency:+       0            0     
       Net Latency:+       0 (I)        0 (I) 
           Arrival:=  100000        93750     
                                              
             Setup:-      19                  
     Required Time:=   99981                  
      Launch Clock:-   93750                  
       Input Delay:-    1250                  
         Data Path:-      10                  
             Slack:=    4971                  

Exceptions/Constraints:
  input_delay             1250            topVCODigital_struct_2_line_23 

#-------------------------------------------------------------------------------------------------------------------
#          Timing Point           Flags   Arc   Edge         Cell          Fanout Load Trans Delay Arrival Instance 
#                                                                                 (fF)  (ps)  (ps)   (ps)  Location 
#-------------------------------------------------------------------------------------------------------------------
  rst                             (a)     -     F     (arrival)               102 53.0     0     0   95000    (-,-) 
  fifo_inst/g14752__1666/X        -       A1->X R     UDBSLT28_ND2_MM_12       16 22.3    26    10   95010    (-,-) 
  fifo_inst/fifo_mem_reg[1][0]/SE -       -     R     UDBSLT28_FSDPQ_SU3_4     16    -     -     0   95010    (-,-) 
#-------------------------------------------------------------------------------------------------------------------

(a) : Net has asynchronous load pins which are being considered ideal.



Path 41: MET (4971 ps) Setup Check with Pin fifo_inst/fifo_mem_reg[5][14]/CK->SE
           View: view_wcl_typical
          Group: clk
     Startpoint: (R) rst
          Clock: (R) sclk
       Endpoint: (F) fifo_inst/fifo_mem_reg[5][14]/SE
          Clock: (R) clk

                     Capture       Launch     
        Clock Edge:+  100000        93750     
        Drv Adjust:+       0            0     
       Src Latency:+       0            0     
       Net Latency:+       0 (I)        0 (I) 
           Arrival:=  100000        93750     
                                              
             Setup:-      13                  
     Required Time:=   99987                  
      Launch Clock:-   93750                  
       Input Delay:-    1250                  
         Data Path:-      16                  
             Slack:=    4971                  

Exceptions/Constraints:
  input_delay             1250            topVCODigital_struct_2_line_23 

#--------------------------------------------------------------------------------------------------------------------
#          Timing Point            Flags   Arc   Edge         Cell          Fanout Load Trans Delay Arrival Instance 
#                                                                                  (fF)  (ps)  (ps)   (ps)  Location 
#--------------------------------------------------------------------------------------------------------------------
  rst                              (a)     -     R     (arrival)               102 50.3     0     0   95000    (-,-) 
  fifo_inst/g14753__7410/X         -       A1->X F     UDBSLT28_ND2_MM_12       16 23.9    31    16   95016    (-,-) 
  fifo_inst/fifo_mem_reg[5][14]/SE -       -     F     UDBSLT28_FSDPQ_SU3_4     16    -     -     0   95016    (-,-) 
#--------------------------------------------------------------------------------------------------------------------

(a) : Net has asynchronous load pins which are being considered ideal.



Path 42: MET (4971 ps) Setup Check with Pin fifo_inst/fifo_mem_reg[5][12]/CK->SE
           View: view_wcl_typical
          Group: clk
     Startpoint: (R) rst
          Clock: (R) sclk
       Endpoint: (F) fifo_inst/fifo_mem_reg[5][12]/SE
          Clock: (R) clk

                     Capture       Launch     
        Clock Edge:+  100000        93750     
        Drv Adjust:+       0            0     
       Src Latency:+       0            0     
       Net Latency:+       0 (I)        0 (I) 
           Arrival:=  100000        93750     
                                              
             Setup:-      13                  
     Required Time:=   99987                  
      Launch Clock:-   93750                  
       Input Delay:-    1250                  
         Data Path:-      16                  
             Slack:=    4971                  

Exceptions/Constraints:
  input_delay             1250            topVCODigital_struct_2_line_23 

#--------------------------------------------------------------------------------------------------------------------
#          Timing Point            Flags   Arc   Edge         Cell          Fanout Load Trans Delay Arrival Instance 
#                                                                                  (fF)  (ps)  (ps)   (ps)  Location 
#--------------------------------------------------------------------------------------------------------------------
  rst                              (a)     -     R     (arrival)               102 50.3     0     0   95000    (-,-) 
  fifo_inst/g14753__7410/X         -       A1->X F     UDBSLT28_ND2_MM_12       16 23.9    31    16   95016    (-,-) 
  fifo_inst/fifo_mem_reg[5][12]/SE -       -     F     UDBSLT28_FSDPQ_SU3_4     16    -     -     0   95016    (-,-) 
#--------------------------------------------------------------------------------------------------------------------

(a) : Net has asynchronous load pins which are being considered ideal.



Path 43: MET (4971 ps) Setup Check with Pin fifo_inst/fifo_mem_reg[5][11]/CK->SE
           View: view_wcl_typical
          Group: clk
     Startpoint: (R) rst
          Clock: (R) sclk
       Endpoint: (F) fifo_inst/fifo_mem_reg[5][11]/SE
          Clock: (R) clk

                     Capture       Launch     
        Clock Edge:+  100000        93750     
        Drv Adjust:+       0            0     
       Src Latency:+       0            0     
       Net Latency:+       0 (I)        0 (I) 
           Arrival:=  100000        93750     
                                              
             Setup:-      13                  
     Required Time:=   99987                  
      Launch Clock:-   93750                  
       Input Delay:-    1250                  
         Data Path:-      16                  
             Slack:=    4971                  

Exceptions/Constraints:
  input_delay             1250            topVCODigital_struct_2_line_23 

#--------------------------------------------------------------------------------------------------------------------
#          Timing Point            Flags   Arc   Edge         Cell          Fanout Load Trans Delay Arrival Instance 
#                                                                                  (fF)  (ps)  (ps)   (ps)  Location 
#--------------------------------------------------------------------------------------------------------------------
  rst                              (a)     -     R     (arrival)               102 50.3     0     0   95000    (-,-) 
  fifo_inst/g14753__7410/X         -       A1->X F     UDBSLT28_ND2_MM_12       16 23.9    31    16   95016    (-,-) 
  fifo_inst/fifo_mem_reg[5][11]/SE -       -     F     UDBSLT28_FSDPQ_SU3_4     16    -     -     0   95016    (-,-) 
#--------------------------------------------------------------------------------------------------------------------

(a) : Net has asynchronous load pins which are being considered ideal.



Path 44: MET (4971 ps) Setup Check with Pin fifo_inst/fifo_mem_reg[5][8]/CK->SE
           View: view_wcl_typical
          Group: clk
     Startpoint: (R) rst
          Clock: (R) sclk
       Endpoint: (F) fifo_inst/fifo_mem_reg[5][8]/SE
          Clock: (R) clk

                     Capture       Launch     
        Clock Edge:+  100000        93750     
        Drv Adjust:+       0            0     
       Src Latency:+       0            0     
       Net Latency:+       0 (I)        0 (I) 
           Arrival:=  100000        93750     
                                              
             Setup:-      13                  
     Required Time:=   99987                  
      Launch Clock:-   93750                  
       Input Delay:-    1250                  
         Data Path:-      16                  
             Slack:=    4971                  

Exceptions/Constraints:
  input_delay             1250            topVCODigital_struct_2_line_23 

#-------------------------------------------------------------------------------------------------------------------
#          Timing Point           Flags   Arc   Edge         Cell          Fanout Load Trans Delay Arrival Instance 
#                                                                                 (fF)  (ps)  (ps)   (ps)  Location 
#-------------------------------------------------------------------------------------------------------------------
  rst                             (a)     -     R     (arrival)               102 50.3     0     0   95000    (-,-) 
  fifo_inst/g14753__7410/X        -       A1->X F     UDBSLT28_ND2_MM_12       16 23.9    31    16   95016    (-,-) 
  fifo_inst/fifo_mem_reg[5][8]/SE -       -     F     UDBSLT28_FSDPQ_SU3_4     16    -     -     0   95016    (-,-) 
#-------------------------------------------------------------------------------------------------------------------

(a) : Net has asynchronous load pins which are being considered ideal.



Path 45: MET (4971 ps) Setup Check with Pin fifo_inst/fifo_mem_reg[5][5]/CK->SE
           View: view_wcl_typical
          Group: clk
     Startpoint: (R) rst
          Clock: (R) sclk
       Endpoint: (F) fifo_inst/fifo_mem_reg[5][5]/SE
          Clock: (R) clk

                     Capture       Launch     
        Clock Edge:+  100000        93750     
        Drv Adjust:+       0            0     
       Src Latency:+       0            0     
       Net Latency:+       0 (I)        0 (I) 
           Arrival:=  100000        93750     
                                              
             Setup:-      13                  
     Required Time:=   99987                  
      Launch Clock:-   93750                  
       Input Delay:-    1250                  
         Data Path:-      16                  
             Slack:=    4971                  

Exceptions/Constraints:
  input_delay             1250            topVCODigital_struct_2_line_23 

#-------------------------------------------------------------------------------------------------------------------
#          Timing Point           Flags   Arc   Edge         Cell          Fanout Load Trans Delay Arrival Instance 
#                                                                                 (fF)  (ps)  (ps)   (ps)  Location 
#-------------------------------------------------------------------------------------------------------------------
  rst                             (a)     -     R     (arrival)               102 50.3     0     0   95000    (-,-) 
  fifo_inst/g14753__7410/X        -       A1->X F     UDBSLT28_ND2_MM_12       16 23.9    31    16   95016    (-,-) 
  fifo_inst/fifo_mem_reg[5][5]/SE -       -     F     UDBSLT28_FSDPQ_SU3_4     16    -     -     0   95016    (-,-) 
#-------------------------------------------------------------------------------------------------------------------

(a) : Net has asynchronous load pins which are being considered ideal.



Path 46: MET (4971 ps) Setup Check with Pin fifo_inst/fifo_mem_reg[5][4]/CK->SE
           View: view_wcl_typical
          Group: clk
     Startpoint: (R) rst
          Clock: (R) sclk
       Endpoint: (F) fifo_inst/fifo_mem_reg[5][4]/SE
          Clock: (R) clk

                     Capture       Launch     
        Clock Edge:+  100000        93750     
        Drv Adjust:+       0            0     
       Src Latency:+       0            0     
       Net Latency:+       0 (I)        0 (I) 
           Arrival:=  100000        93750     
                                              
             Setup:-      13                  
     Required Time:=   99987                  
      Launch Clock:-   93750                  
       Input Delay:-    1250                  
         Data Path:-      16                  
             Slack:=    4971                  

Exceptions/Constraints:
  input_delay             1250            topVCODigital_struct_2_line_23 

#-------------------------------------------------------------------------------------------------------------------
#          Timing Point           Flags   Arc   Edge         Cell          Fanout Load Trans Delay Arrival Instance 
#                                                                                 (fF)  (ps)  (ps)   (ps)  Location 
#-------------------------------------------------------------------------------------------------------------------
  rst                             (a)     -     R     (arrival)               102 50.3     0     0   95000    (-,-) 
  fifo_inst/g14753__7410/X        -       A1->X F     UDBSLT28_ND2_MM_12       16 23.9    31    16   95016    (-,-) 
  fifo_inst/fifo_mem_reg[5][4]/SE -       -     F     UDBSLT28_FSDPQ_SU3_4     16    -     -     0   95016    (-,-) 
#-------------------------------------------------------------------------------------------------------------------

(a) : Net has asynchronous load pins which are being considered ideal.



Path 47: MET (4971 ps) Setup Check with Pin fifo_inst/fifo_mem_reg[5][2]/CK->SE
           View: view_wcl_typical
          Group: clk
     Startpoint: (R) rst
          Clock: (R) sclk
       Endpoint: (F) fifo_inst/fifo_mem_reg[5][2]/SE
          Clock: (R) clk

                     Capture       Launch     
        Clock Edge:+  100000        93750     
        Drv Adjust:+       0            0     
       Src Latency:+       0            0     
       Net Latency:+       0 (I)        0 (I) 
           Arrival:=  100000        93750     
                                              
             Setup:-      13                  
     Required Time:=   99987                  
      Launch Clock:-   93750                  
       Input Delay:-    1250                  
         Data Path:-      16                  
             Slack:=    4971                  

Exceptions/Constraints:
  input_delay             1250            topVCODigital_struct_2_line_23 

#-------------------------------------------------------------------------------------------------------------------
#          Timing Point           Flags   Arc   Edge         Cell          Fanout Load Trans Delay Arrival Instance 
#                                                                                 (fF)  (ps)  (ps)   (ps)  Location 
#-------------------------------------------------------------------------------------------------------------------
  rst                             (a)     -     R     (arrival)               102 50.3     0     0   95000    (-,-) 
  fifo_inst/g14753__7410/X        -       A1->X F     UDBSLT28_ND2_MM_12       16 23.9    31    16   95016    (-,-) 
  fifo_inst/fifo_mem_reg[5][2]/SE -       -     F     UDBSLT28_FSDPQ_SU3_4     16    -     -     0   95016    (-,-) 
#-------------------------------------------------------------------------------------------------------------------

(a) : Net has asynchronous load pins which are being considered ideal.



Path 48: MET (4971 ps) Setup Check with Pin fifo_inst/fifo_mem_reg[5][1]/CK->SE
           View: view_wcl_typical
          Group: clk
     Startpoint: (R) rst
          Clock: (R) sclk
       Endpoint: (F) fifo_inst/fifo_mem_reg[5][1]/SE
          Clock: (R) clk

                     Capture       Launch     
        Clock Edge:+  100000        93750     
        Drv Adjust:+       0            0     
       Src Latency:+       0            0     
       Net Latency:+       0 (I)        0 (I) 
           Arrival:=  100000        93750     
                                              
             Setup:-      13                  
     Required Time:=   99987                  
      Launch Clock:-   93750                  
       Input Delay:-    1250                  
         Data Path:-      16                  
             Slack:=    4971                  

Exceptions/Constraints:
  input_delay             1250            topVCODigital_struct_2_line_23 

#-------------------------------------------------------------------------------------------------------------------
#          Timing Point           Flags   Arc   Edge         Cell          Fanout Load Trans Delay Arrival Instance 
#                                                                                 (fF)  (ps)  (ps)   (ps)  Location 
#-------------------------------------------------------------------------------------------------------------------
  rst                             (a)     -     R     (arrival)               102 50.3     0     0   95000    (-,-) 
  fifo_inst/g14753__7410/X        -       A1->X F     UDBSLT28_ND2_MM_12       16 23.9    31    16   95016    (-,-) 
  fifo_inst/fifo_mem_reg[5][1]/SE -       -     F     UDBSLT28_FSDPQ_SU3_4     16    -     -     0   95016    (-,-) 
#-------------------------------------------------------------------------------------------------------------------

(a) : Net has asynchronous load pins which are being considered ideal.



Path 49: MET (4971 ps) Setup Check with Pin fifo_inst/fifo_mem_reg[3][15]/CK->SE
           View: view_wcl_typical
          Group: clk
     Startpoint: (R) rst
          Clock: (R) sclk
       Endpoint: (F) fifo_inst/fifo_mem_reg[3][15]/SE
          Clock: (R) clk

                     Capture       Launch     
        Clock Edge:+  100000        93750     
        Drv Adjust:+       0            0     
       Src Latency:+       0            0     
       Net Latency:+       0 (I)        0 (I) 
           Arrival:=  100000        93750     
                                              
             Setup:-      13                  
     Required Time:=   99987                  
      Launch Clock:-   93750                  
       Input Delay:-    1250                  
         Data Path:-      16                  
             Slack:=    4971                  

Exceptions/Constraints:
  input_delay             1250            topVCODigital_struct_2_line_23 

#--------------------------------------------------------------------------------------------------------------------
#          Timing Point            Flags   Arc   Edge         Cell          Fanout Load Trans Delay Arrival Instance 
#                                                                                  (fF)  (ps)  (ps)   (ps)  Location 
#--------------------------------------------------------------------------------------------------------------------
  rst                              (a)     -     R     (arrival)               102 50.3     0     0   95000    (-,-) 
  fifo_inst/g14756__2398/X         -       A1->X F     UDBSLT28_ND2_MM_12       16 23.9    30    16   95016    (-,-) 
  fifo_inst/fifo_mem_reg[3][15]/SE -       -     F     UDBSLT28_FSDPQ_SU3_4     16    -     -     0   95016    (-,-) 
#--------------------------------------------------------------------------------------------------------------------

(a) : Net has asynchronous load pins which are being considered ideal.



Path 50: MET (4971 ps) Setup Check with Pin fifo_inst/fifo_mem_reg[3][13]/CK->SE
           View: view_wcl_typical
          Group: clk
     Startpoint: (R) rst
          Clock: (R) sclk
       Endpoint: (F) fifo_inst/fifo_mem_reg[3][13]/SE
          Clock: (R) clk

                     Capture       Launch     
        Clock Edge:+  100000        93750     
        Drv Adjust:+       0            0     
       Src Latency:+       0            0     
       Net Latency:+       0 (I)        0 (I) 
           Arrival:=  100000        93750     
                                              
             Setup:-      13                  
     Required Time:=   99987                  
      Launch Clock:-   93750                  
       Input Delay:-    1250                  
         Data Path:-      16                  
             Slack:=    4971                  

Exceptions/Constraints:
  input_delay             1250            topVCODigital_struct_2_line_23 

#--------------------------------------------------------------------------------------------------------------------
#          Timing Point            Flags   Arc   Edge         Cell          Fanout Load Trans Delay Arrival Instance 
#                                                                                  (fF)  (ps)  (ps)   (ps)  Location 
#--------------------------------------------------------------------------------------------------------------------
  rst                              (a)     -     R     (arrival)               102 50.3     0     0   95000    (-,-) 
  fifo_inst/g14756__2398/X         -       A1->X F     UDBSLT28_ND2_MM_12       16 23.9    30    16   95016    (-,-) 
  fifo_inst/fifo_mem_reg[3][13]/SE -       -     F     UDBSLT28_FSDPQ_SU3_4     16    -     -     0   95016    (-,-) 
#--------------------------------------------------------------------------------------------------------------------

(a) : Net has asynchronous load pins which are being considered ideal.


