============================================================
  Generated by:           Genus(TM) Synthesis Solution 22.10-p001_1
  Generated on:           Jan 20 2025  10:14:45 pm
  Module:                 pp_fir_u_5
  Operating conditions:   ssg_cworstt_max_0p81v_125c 
  Operating conditions:   ffg_cbestt_min_0p99v_m40c 
  Operating conditions:   tt_ctypical_max_0p90v_25c 
  Interconnect mode:      placement
  Area mode:              physical library
============================================================


Path 1: VIOLATED (-1 ps) Setup Check with Pin pp_fir_5_1_1_sum1_14_im_1_reg[21]/CK->D
           View: view_wcl_slow
          Group: clk
     Startpoint: (R) pp_fir_5_1_1_Delay_Pipeline_reg_im_reg[5][11]/CK
          Clock: (R) clk
       Endpoint: (R) pp_fir_5_1_1_sum1_14_im_1_reg[21]/D
          Clock: (R) clk

                     Capture       Launch     
        Clock Edge:+     500            0     
       Src Latency:+       0            0     
       Net Latency:+       0 (I)        0 (I) 
           Arrival:=     500            0     
                                              
             Setup:-      17                  
       Uncertainty:-     125                  
     Required Time:=     358                  
      Launch Clock:-       0                  
         Data Path:-     359                  
             Slack:=      -1                  

#-------------------------------------------------------------------------------------------------------------------------------------------------------------------
#                         Timing Point                          Flags    Arc   Edge            Cell             Fanout Load Trans Delay Arrival       Instance      
#                                                                                                                      (fF)  (ps)  (ps)   (ps)        Location      
#-------------------------------------------------------------------------------------------------------------------------------------------------------------------
  pp_fir_5_1_1_Delay_Pipeline_reg_im_reg[5][11]/CK              -       -      R     (arrival)                    3620    -    25     0       0               (-,-) 
  pp_fir_5_1_1_Delay_Pipeline_reg_im_reg[5][11]/Q               (@)     CK->Q  R     DFFRPQA_X1M_A9PP140ZTL_C30      8 10.1    53    59      59   (183.8400,1.8000) 
  FE_OFC3513_pp_fir_5_1_1_Delay_Pipeline_reg_im_5__11/Y         (@)     A->Y   F     INV_X2M_A9PP140ZTL_C30          5  5.0    25    16      76   (187.7600,2.7000) 
  pp_fir_5_1_1_csa_tree_ADD_TC_OP_groupi3953_g8691/Y            (@)     A->Y   R     NAND2_X1B_A9PP140ZTL_C30        2  2.1    20    17      92   (188.3200,2.7000) 
  pp_fir_5_1_1_csa_tree_ADD_TC_OP_groupi3953_g8663/Y            (@)     B0N->Y F     AO21B_X2M_A9PP140ZTL_C30        2  2.3    16    12     104   (188.3200,1.8000) 
  pp_fir_5_1_1_csa_tree_ADD_TC_OP_groupi3953_g8641/Y            (@)     A->Y   R     NAND2_X2B_A9PP140ZTL_C30        4  3.6    16    13     117   (190.2800,0.9000) 
  pp_fir_5_1_1_csa_tree_ADD_TC_OP_groupi3953_g8788/Y            (@)     B0->Y  F     OAI21_X1M_A9PP140ZTL_C30        2  2.5    30    20     137   (189.3000,0.9000) 
  pp_fir_5_1_1_csa_tree_ADD_TC_OP_groupi3953_g8498/Y            (@)     B->Y   F     XNOR3_X2M_A9PP140ZTL_C30        1  1.9    18    48     185   (188.8800,7.2000) 
  pp_fir_5_1_1_csa_tree_ADD_TC_OP_groupi3953_g8441/S            (@)     CI->S  R     ADDF_X1M_A9PP140ZTL_C30         2  2.2    23    47     232   (189.7200,8.1000) 
  pp_fir_5_1_1_csa_tree_ADD_TC_OP_groupi3953_g8411/Y            (@)     A->Y   F     NOR2_X1M_A9PP140ZTL_C30         2  1.9    24    18     250   (189.1600,9.9000) 
  pp_fir_5_1_1_csa_tree_ADD_TC_OP_groupi3953_g8387/Y            (@)     B0->Y  R     AOI21_X2M_A9PP140ZTL_C30        2  2.7    24    19     269  (188.3200,11.7000) 
  pp_fir_5_1_1_csa_tree_ADD_TC_OP_groupi3953_g8386/Y            (@)     A->Y   F     INV_X2M_A9PP140ZTL_C30          1  1.5    10     7     276  (189.8600,12.6000) 
  pp_fir_5_1_1_csa_tree_ADD_TC_OP_groupi3953_g8378/Y            (@)     A0->Y  R     AOI21_X2M_A9PP140ZTL_C30        1  1.7    20    13     289  (190.8400,10.8000) 
  pp_fir_5_1_1_csa_tree_ADD_TC_OP_groupi3953_g8371/Y            (@)     A0->Y  F     OAI21_X2M_A9PP140ZTL_C30        1  1.8    20    13     302   (192.6600,9.9000) 
  pp_fir_5_1_1_csa_tree_ADD_TC_OP_groupi3953_g8358/Y            (@)     B0->Y  R     AOI21_X3M_A9PP140ZTL_C30        2  3.4    22    17     319  (193.6400,10.8000) 
  FE_OFC2697_pp_fir_5_1_1_csa_tree_ADD_TC_OP_groupi3953_n_457/Y (@)     A->Y   F     INV_X2M_A9PP140ZTL_C30          3  3.9    15    11     331   (198.4000,9.0000) 
  pp_fir_5_1_1_csa_tree_ADD_TC_OP_groupi3953_g8347/Y            (@)     A0->Y  R     AOI21_X2M_A9PP140ZTL_C30        1  1.5    18    14     345   (200.0800,9.9000) 
  pp_fir_5_1_1_csa_tree_ADD_TC_OP_groupi3953_g8342/Y            (@)     S0->Y  R     MXIT2_X1P4M_A9PP140ZTL_C30      1  0.8    17    14     359  (200.0800,11.7000) 
  pp_fir_5_1_1_sum1_14_im_1_reg[21]/D                           -       -      R     SDFFRPQ_X1M_A9PP140ZTL_C30      1    -     -     0     359  (195.6000,12.6000) 
#-------------------------------------------------------------------------------------------------------------------------------------------------------------------

(@) : Annotated capacitance.



Path 2: MET (-0 ps) Setup Check with Pin pp_fir_5_1_1_sum1_11_re_1_reg[22]/CK->D
           View: view_wcl_slow
          Group: clk
     Startpoint: (R) pp_fir_5_1_1_Delay_Pipeline_reg_re_reg[10][1]/CK
          Clock: (R) clk
       Endpoint: (F) pp_fir_5_1_1_sum1_11_re_1_reg[22]/D
          Clock: (R) clk

                     Capture       Launch     
        Clock Edge:+     500            0     
       Src Latency:+       0            0     
       Net Latency:+       0 (I)        0 (I) 
           Arrival:=     500            0     
                                              
             Setup:-      15                  
       Uncertainty:-     125                  
     Required Time:=     360                  
      Launch Clock:-       0                  
         Data Path:-     360                  
             Slack:=      -0                  

#--------------------------------------------------------------------------------------------------------------------------------------------------------------------
#                         Timing Point                          Flags    Arc   Edge             Cell              Fanout Load Trans Delay Arrival      Instance      
#                                                                                                                        (fF)  (ps)  (ps)   (ps)       Location      
#--------------------------------------------------------------------------------------------------------------------------------------------------------------------
  pp_fir_5_1_1_Delay_Pipeline_reg_re_reg[10][1]/CK              -       -      R     (arrival)                      3620    -    25     0       0              (-,-) 
  pp_fir_5_1_1_Delay_Pipeline_reg_re_reg[10][1]/Q               (@)     CK->Q  F     DFFRPQ_X4M_A9PP140ZTL_C30        10 17.4    24    60      60   (62.1800,7.2000) 
  pp_fir_5_1_1_csa_tree_ADD_TC_OP_groupi3960_g11644/Y           (@)     A->Y   R     INV_X2M_A9PP140ZTL_C30            1  3.0    15    15      75   (70.8600,8.1000) 
  FE_RC_3695_0/Y                                                (@)     A->Y   F     MXIT2_X4M_A9PP140ZTL_C30          3  4.2    22    14      89   (71.7000,7.2000) 
  pp_fir_5_1_1_csa_tree_ADD_TC_OP_groupi3960_g11394/Y           (@)     A->Y   R     NOR2_X2M_A9PP140ZTL_C30           2  1.6    16    13     102   (69.7400,8.1000) 
  pp_fir_5_1_1_csa_tree_ADD_TC_OP_groupi3960_g11380/Y           (@)     A->Y   F     INV_X1M_A9PP140ZTL_C30            3  3.0    18    13     115   (69.3200,8.1000) 
  pp_fir_5_1_1_csa_tree_ADD_TC_OP_groupi3960_g11292/Y           (@)     A1->Y  R     AOI21_X2M_A9PP140ZTL_C30          1  1.0    16    15     130   (68.0600,8.1000) 
  pp_fir_5_1_1_csa_tree_ADD_TC_OP_groupi3960_g11270/Y           (@)     B->Y   F     NOR2_X1A_A9PP140ZTL_C30           2  2.0    20    15     145   (66.8000,6.3000) 
  pp_fir_5_1_1_csa_tree_ADD_TC_OP_groupi3960_g11244/Y           (@)     A0->Y  R     OAI21_X2M_A9PP140ZTL_C30          2  2.5    23    18     163   (66.5200,4.5000) 
  FE_RC_2985_0/Y                                                (@)     A1->Y  F     AOI21_X2M_A9PP140ZTL_C30          2  3.1    23    18     180   (67.9200,5.4000) 
  FE_RC_1656_0/Y                                                (@)     A1->Y  F     OA21_X3M_A9PP140ZTL_C30           2  4.3    13    26     207  (71.1400,10.8000) 
  FE_RC_1653_0/Y                                                (@)     B0->Y  R     AO21A1AI2_X6M_A9PP140ZTL_C30      3  5.0    22    16     223  (71.1400,10.8000) 
  FE_RC_1996_0/Y                                                (@)     C->Y   F     NAND3BB_X4M_A9PP140ZTL_C30        2  2.7    13    10     233   (72.9600,3.6000) 
  FE_RC_2714_0/Y                                                (@)     A0->Y  R     OAI31_X3M_A9PP140ZTL_C30          1  2.8    29    20     253   (72.9600,1.8000) 
  pp_fir_5_1_1_csa_tree_ADD_TC_OP_groupi3960_g10994/Y           (@)     B0N->Y F     OA21B_X4M_A9PP140ZTL_C30          3  5.9    16    12     265   (75.7600,1.8000) 
  pp_fir_5_1_1_csa_tree_ADD_TC_OP_groupi3960_g10988/Y           (@)     A->Y   R     NOR2_X4A_A9PP140ZTL_C30           2  3.0    14    12     277  (73.8000,15.3000) 
  pp_fir_5_1_1_csa_tree_ADD_TC_OP_groupi3960_g10981/Y           (@)     B0->Y  R     AO1B2_X6M_A9PP140ZTL_C30          6 14.5    23    24     302  (71.5600,14.4000) 
  pp_fir_5_1_1_csa_tree_ADD_TC_OP_groupi3960_g10968/Y           (@)     A0->Y  F     AOI21_X6M_A9PP140ZTL_C30          4  5.4    20    18     319  (72.9600,36.0000) 
  FE_OFC2676_pp_fir_5_1_1_csa_tree_ADD_TC_OP_groupi3960_n_779/Y (@)     A->Y   R     INV_X2M_A9PP140ZTL_C30            1  1.9    12    10     330  (73.6600,38.7000) 
  pp_fir_5_1_1_csa_tree_ADD_TC_OP_groupi3960_g10957/Y           (@)     A0->Y  F     AOI21_X3M_A9PP140ZTL_C30          1  2.8    18    13     343  (73.8000,38.7000) 
  FE_RC_2393_0/Y                                                (@)     S0->Y  F     MXIT2_X4M_A9PP140ZTL_C30          1  2.3    20    17     360  (71.7000,39.6000) 
  pp_fir_5_1_1_sum1_11_re_1_reg[22]/D                           -       -      F     SDFFRPQ_X1M_A9PP140ZTL_C30        1    -     -     0     360  (70.4400,52.2000) 
#--------------------------------------------------------------------------------------------------------------------------------------------------------------------

(@) : Annotated capacitance.



Path 3: MET (-0 ps) Setup Check with Pin pp_fir_5_1_1_sum1_10_im_1_reg[25]/CK->D
           View: view_wcl_slow
          Group: clk
     Startpoint: (R) pp_fir_5_1_1_Delay_Pipeline_reg_im_reg[13][8]/CK
          Clock: (R) clk
       Endpoint: (F) pp_fir_5_1_1_sum1_10_im_1_reg[25]/D
          Clock: (R) clk

                     Capture       Launch     
        Clock Edge:+     500            0     
       Src Latency:+       0            0     
       Net Latency:+       0 (I)        0 (I) 
           Arrival:=     500            0     
                                              
             Setup:-      14                  
       Uncertainty:-     125                  
     Required Time:=     361                  
      Launch Clock:-       0                  
         Data Path:-     361                  
             Slack:=      -0                  

#-------------------------------------------------------------------------------------------------------------------------------------------------------------------
#                         Timing Point                          Flags   Arc   Edge            Cell              Fanout Load Trans Delay Arrival       Instance      
#                                                                                                                      (fF)  (ps)  (ps)   (ps)        Location      
#-------------------------------------------------------------------------------------------------------------------------------------------------------------------
  pp_fir_5_1_1_Delay_Pipeline_reg_im_reg[13][8]/CK              -       -     R     (arrival)                     3620    -    25     0       0               (-,-) 
  pp_fir_5_1_1_Delay_Pipeline_reg_im_reg[13][8]/Q               (@)     CK->Q R     SDFFRPQA_X1M_A9PP140ZTL_C30      2  3.7    23    43      43  (131.4800,63.9000) 
  FE_OFC3729_pp_fir_5_1_1_Delay_Pipeline_reg_im_13__8/Y         (@)     A->Y  F     INV_X3P5M_A9PP140ZTL_C30         6 13.3    22    16      59  (132.0400,63.9000) 
  pp_fir_5_1_1_csa_tree_ADD_TC_OP_groupi3961_g12595/Y           (@)     B->Y  F     AND2_X4M_A9PP140ZTL_C30          2  5.0    12    25      84  (141.7000,66.6000) 
  pp_fir_5_1_1_csa_tree_ADD_TC_OP_groupi3961_g12580/Y           (@)     A->Y  R     INV_X4M_A9PP140ZTL_C30           2  3.1     8     8      92  (142.6800,60.3000) 
  pp_fir_5_1_1_csa_tree_ADD_TC_OP_groupi3961_g12399/Y           (@)     C->Y  F     XNOR3_X3M_A9PP140ZTL_C30         2  3.6    18    42     134  (141.5600,57.6000) 
  pp_fir_5_1_1_csa_tree_ADD_TC_OP_groupi3961_g12261/Y           (@)     B->Y  R     XNOR3_X3M_A9PP140ZTL_C30         2  2.8    18    43     177  (142.1200,54.0000) 
  FE_RC_4092_0/Y                                                (@)     A->Y  F     XOR3_X3M_A9PP140ZTL_C30          2  2.8    18    25     202  (145.0600,52.2000) 
  pp_fir_5_1_1_csa_tree_ADD_TC_OP_groupi3961_g12178/Y           (@)     A->Y  R     XOR3_X3M_A9PP140ZTL_C30          2  2.6    18    28     230  (145.6200,49.5000) 
  pp_fir_5_1_1_csa_tree_ADD_TC_OP_groupi3961_g12140/Y           (@)     A->Y  F     NAND2_X2M_A9PP140ZTL_C30         3  3.2    18    13     242  (147.5800,50.4000) 
  pp_fir_5_1_1_csa_tree_ADD_TC_OP_groupi3961_g12084/Y           (@)     B->Y  R     NAND2_X2A_A9PP140ZTL_C30         2  3.4    18    15     258  (149.1200,53.1000) 
  FE_RC_2605_0/Y                                                (@)     A->Y  F     NOR3_X4M_A9PP140ZTL_C30          1  2.4    20    12     269  (149.2600,56.7000) 
  FE_RC_3746_0/Y                                                (@)     B1->Y F     AO1B2_X6M_A9PP140ZTL_C30         4  8.8    18    25     294  (150.8000,55.8000) 
  FE_OFC2698_pp_fir_5_1_1_csa_tree_ADD_TC_OP_groupi3961_n_792/Y (@)     A->Y  R     INV_X4M_A9PP140ZTL_C30           2  5.2    13    13     307  (149.1200,79.2000) 
  pp_fir_5_1_1_csa_tree_ADD_TC_OP_groupi3961_g12051/Y           (@)     A->Y  F     NOR2_X6A_A9PP140ZTL_C30          3  6.2    15    10     316  (148.1400,80.1000) 
  FE_RC_3830_0/Y                                                (@)     A->Y  R     NOR2_X3A_A9PP140ZTL_C30          1  2.1    15    12     328  (141.7000,86.4000) 
  FE_RC_3827_0/Y                                                (@)     A0->Y F     OAI211_X3M_A9PP140ZTL_C30        1  1.5    22    15     343  (141.7000,86.4000) 
  pp_fir_5_1_1_csa_tree_ADD_TC_OP_groupi3961_g12025/Y           (@)     S0->Y F     MXIT2_X1P4M_A9PP140ZTL_C30       1  0.9    17    18     361  (141.8400,87.3000) 
  pp_fir_5_1_1_sum1_10_im_1_reg[25]/D                           -       -     F     SDFFRPQ_X2M_A9PP140ZTL_C30       1    -     -     0     361  (141.1400,90.0000) 
#-------------------------------------------------------------------------------------------------------------------------------------------------------------------

(@) : Annotated capacitance.



Path 4: MET (-0 ps) Setup Check with Pin pp_fir_5_1_1_sum2_4_im_1_reg[30]/CK->D
           View: view_wcl_slow
          Group: clk
     Startpoint: (R) pp_fir_5_1_1_sum1_8_im_1_reg[1]/CK
          Clock: (R) clk
       Endpoint: (F) pp_fir_5_1_1_sum2_4_im_1_reg[30]/D
          Clock: (R) clk

                     Capture       Launch     
        Clock Edge:+     500            0     
       Src Latency:+       0            0     
       Net Latency:+       0 (I)        0 (I) 
           Arrival:=     500            0     
                                              
             Setup:-      21                  
       Uncertainty:-     125                  
     Required Time:=     354                  
      Launch Clock:-       0                  
         Data Path:-     354                  
             Slack:=      -0                  

#-----------------------------------------------------------------------------------------------------------------------------------------
#           Timing Point             Flags   Arc   Edge            Cell              Fanout Load Trans Delay Arrival       Instance       
#                                                                                           (fF)  (ps)  (ps)   (ps)        Location       
#-----------------------------------------------------------------------------------------------------------------------------------------
  pp_fir_5_1_1_sum1_8_im_1_reg[1]/CK -       -     R     (arrival)                     3620    -    25     0       0                (-,-) 
  pp_fir_5_1_1_sum1_8_im_1_reg[1]/Q  (@)     CK->Q R     SDFFRPQA_X1M_A9PP140ZTL_C30      3  3.5    22    43      43   (126.7200,99.9000) 
  pp_fir_5_1_1_add_850_34_g1257/Y    (@)     A->Y  F     NAND2_X1M_A9PP140ZTL_C30         3  2.7    28    19      62  (133.0200,107.1000) 
  pp_fir_5_1_1_add_850_34_g1140/Y    (@)     A0->Y R     OAI21_X1M_A9PP140ZTL_C30         2  2.4    37    28      90  (131.4800,108.0000) 
  pp_fir_5_1_1_add_850_34_g1129/Y    (@)     A0->Y F     AOI21_X2M_A9PP140ZTL_C30         2  2.4    25    18     108  (131.6200,105.3000) 
  pp_fir_5_1_1_add_850_34_g1127/Y    (@)     A0->Y R     OAI21_X2M_A9PP140ZTL_C30         3  3.7    29    23     131  (131.2000,103.5000) 
  g2874044/Y                         (@)     A0->Y F     AOI31_X3M_A9PP140ZTL_C30         4  4.9    37    25     156  (133.4400,103.5000) 
  pp_fir_5_1_1_add_850_34_g1116/Y    (@)     A0->Y R     OAI21_X2M_A9PP140ZTL_C30         3  4.4    34    28     183  (133.7200,114.3000) 
  pp_fir_5_1_1_add_850_34_g1108/Y    (@)     A0->Y F     AOI21_X3M_A9PP140ZTL_C30         3 10.8    44    30     213  (129.6600,119.7000) 
  pp_fir_5_1_1_add_850_34_g1099/Y    (@)     A0->Y R     OAI21_X3M_A9PP140ZTL_C30         3  4.3    31    27     241   (97.1800,143.1000) 
  pp_fir_5_1_1_add_850_34_g1095/Y    (@)     A->Y  F     NAND2_X4M_A9PP140ZTL_C30         2  2.3    15     9     249   (97.4600,144.9000) 
  pp_fir_5_1_1_add_850_34_g1087/Y    (@)     A0->Y R     OAI21_X2M_A9PP140ZTL_C30         3  4.0    28    21     270   (94.5200,144.9000) 
  pp_fir_5_1_1_add_850_34_g1077/Y    (@)     A0->Y F     AOI31_X1M_A9PP140ZTL_C30         2  2.9    46    31     301  (106.0000,139.5000) 
  pp_fir_5_1_1_add_850_34_g1072/Y    (@)     A0->Y R     OAI21_X1M_A9PP140ZTL_C30         1  1.6    34    28     329  (106.5600,132.3000) 
  pp_fir_5_1_1_add_850_34_g1070/Y    (@)     A->Y  F     XNOR2_X1M_A9PP140ZTL_C30         1  3.4    47    24     354  (107.2600,131.4000) 
  pp_fir_5_1_1_sum2_4_im_1_reg[30]/D -       -     F     SDFFRPQ_X1M_A9PP140ZTL_C30       1    -     -     1     354  (125.4600,126.9000) 
#-----------------------------------------------------------------------------------------------------------------------------------------

(@) : Annotated capacitance.



Path 5: MET (-0 ps) Setup Check with Pin pp_fir_5_1_1_sum1_12_re_1_reg[22]/CK->D
           View: view_wcl_slow
          Group: clk
     Startpoint: (R) pp_fir_5_1_1_Delay_Pipeline_reg_re_reg[8][0]/CK
          Clock: (R) clk
       Endpoint: (F) pp_fir_5_1_1_sum1_12_re_1_reg[22]/D
          Clock: (R) clk

                     Capture       Launch     
        Clock Edge:+     500            0     
       Src Latency:+       0            0     
       Net Latency:+       0 (I)        0 (I) 
           Arrival:=     500            0     
                                              
             Setup:-      14                  
       Uncertainty:-     125                  
     Required Time:=     361                  
      Launch Clock:-       0                  
         Data Path:-     361                  
             Slack:=      -0                  

#------------------------------------------------------------------------------------------------------------------------------------------------------------------
#                         Timing Point                          Flags    Arc   Edge            Cell             Fanout Load Trans Delay Arrival      Instance      
#                                                                                                                      (fF)  (ps)  (ps)   (ps)       Location      
#------------------------------------------------------------------------------------------------------------------------------------------------------------------
  pp_fir_5_1_1_Delay_Pipeline_reg_re_reg[8][0]/CK               -       -      R     (arrival)                    3620    -    25     0       0              (-,-) 
  pp_fir_5_1_1_Delay_Pipeline_reg_re_reg[8][0]/Q                (@)     CK->Q  F     SDFFRPQ_X4M_A9PP140ZTL_C30      7  9.2    15    58      58  (41.7400,24.3000) 
  pp_fir_5_1_1_csa_tree_ADD_TC_OP_groupi3958_g4093/Y            (@)     A->Y   R     INV_X1P7M_A9PP140ZTL_C30        2  3.4    15    14      72  (51.9600,20.7000) 
  pp_fir_5_1_1_csa_tree_ADD_TC_OP_groupi3958_g4001/Y            (@)     B->Y   F     NOR2_X2A_A9PP140ZTL_C30         2  3.3    19    13      85  (52.5200,18.9000) 
  pp_fir_5_1_1_csa_tree_ADD_TC_OP_groupi3958_g3991/Y            (@)     B0N->Y R     OA21B_X1M_A9PP140ZTL_C30        3  1.9    26    20     105  (51.5400,18.0000) 
  FE_OFC3217_pp_fir_5_1_1_csa_tree_ADD_TC_OP_groupi3958_n_111/Y (@)     A->Y   F     INV_X0P6B_A9PP140ZTL_C30        1  0.7    17    12     116  (52.2400,18.0000) 
  FE_RC_668_0/Y                                                 (@)     A->Y   R     MXIT2_X1M_A9PP140ZTL_C30        2  2.2    32    21     138  (51.9600,17.1000) 
  pp_fir_5_1_1_csa_tree_ADD_TC_OP_groupi3958_g3967/Y            (@)     A->Y   F     NAND2XB_X1M_A9PP140ZTL_C30      2  1.9    25    17     155  (53.7800,15.3000) 
  pp_fir_5_1_1_csa_tree_ADD_TC_OP_groupi3958_g3964/Y            (@)     B0->Y  R     OAI21_X2M_A9PP140ZTL_C30        1  2.5    22    16     171  (54.6200,15.3000) 
  pp_fir_5_1_1_csa_tree_ADD_TC_OP_groupi3958_g3952/CO           (@)     B->CO  R     ADDF_X2M_A9PP140ZTL_C30         2  2.7    16    33     204  (54.0600,16.2000) 
  pp_fir_5_1_1_csa_tree_ADD_TC_OP_groupi3958_g3951/Y            (@)     A0->Y  F     AOI21_X2M_A9PP140ZTL_C30        2  4.0    28    19     223  (57.8400,17.1000) 
  FE_RC_3592_0/Y                                                (@)     A0->Y  R     OAI21_X4M_A9PP140ZTL_C30        4  3.8    23    18     241  (60.6400,21.6000) 
  pp_fir_5_1_1_csa_tree_ADD_TC_OP_groupi3958_g3921/Y            (@)     A0->Y  F     AOI2XB1_X2M_A9PP140ZTL_C30      3  3.0    25    18     259  (60.7800,22.5000) 
  FE_RC_3178_0/Y                                                (@)     AN->Y  F     NAND3BB_X4M_A9PP140ZTL_C30      1  2.9    13    22     281  (59.2400,25.2000) 
  pp_fir_5_1_1_csa_tree_ADD_TC_OP_groupi3958_g3808/Y            (@)     A0->Y  R     AOI21_X4M_A9PP140ZTL_C30        1  3.9    19    15     295  (58.5400,28.8000) 
  pp_fir_5_1_1_csa_tree_ADD_TC_OP_groupi3958_g3805/Y            (@)     A->Y   F     NOR2_X6A_A9PP140ZTL_C30         6 12.8    20    15     310  (58.6800,32.4000) 
  pp_fir_5_1_1_csa_tree_ADD_TC_OP_groupi3958_g3784/Y            (@)     A0->Y  R     OAI21_X3M_A9PP140ZTL_C30        2  2.9    21    19     330  (55.7400,50.4000) 
  pp_fir_5_1_1_csa_tree_ADD_TC_OP_groupi3958_g3771/Y            (@)     A0->Y  F     AOI21_X2M_A9PP140ZTL_C30        1  1.9    20    14     344  (51.5400,51.3000) 
  pp_fir_5_1_1_csa_tree_ADD_TC_OP_groupi3958_g3763/Y            (@)     S0->Y  F     MXIT2_X1P4M_A9PP140ZTL_C30      1  0.6    15    17     361  (50.8400,55.8000) 
  pp_fir_5_1_1_sum1_12_re_1_reg[22]/D                           -       -      F     SDFFRPQ_X1M_A9PP140ZTL_C30      1    -     -     0     361  (50.9800,57.6000) 
#------------------------------------------------------------------------------------------------------------------------------------------------------------------

(@) : Annotated capacitance.



Path 6: MET (-0 ps) Setup Check with Pin pp_fir_5_1_1_sum1_11_im_1_reg[26]/CK->D
           View: view_wcl_slow
          Group: clk
     Startpoint: (R) pp_fir_5_1_1_Delay_Pipeline_reg_im_reg[10][8]/CK
          Clock: (R) clk
       Endpoint: (R) pp_fir_5_1_1_sum1_11_im_1_reg[26]/D
          Clock: (R) clk

                     Capture       Launch     
        Clock Edge:+     500            0     
       Src Latency:+       0            0     
       Net Latency:+       0 (I)        0 (I) 
           Arrival:=     500            0     
                                              
             Setup:-      16                  
       Uncertainty:-     125                  
     Required Time:=     360                  
      Launch Clock:-       0                  
         Data Path:-     360                  
             Slack:=      -0                  

#------------------------------------------------------------------------------------------------------------------------------------------------------------------
#                         Timing Point                          Flags   Arc   Edge            Cell             Fanout Load Trans Delay Arrival       Instance      
#                                                                                                                     (fF)  (ps)  (ps)   (ps)        Location      
#------------------------------------------------------------------------------------------------------------------------------------------------------------------
  pp_fir_5_1_1_Delay_Pipeline_reg_im_reg[10][8]/CK              -       -     R     (arrival)                    3620    -    25     0       0               (-,-) 
  pp_fir_5_1_1_Delay_Pipeline_reg_im_reg[10][8]/Q               (@)     CK->Q F     DFFRPQ_X4M_A9PP140ZTL_C30       6 16.7    23    59      59  (190.1400,54.0000) 
  pp_fir_5_1_1_csa_tree_ADD_TC_OP_groupi3959_g11543/Y           (@)     A->Y  R     INV_X7P5M_A9PP140ZTL_C30        5  8.8    13    15      74  (177.5400,68.4000) 
  pp_fir_5_1_1_csa_tree_ADD_TC_OP_groupi3959_g11495/Y           (@)     S0->Y F     MXT2_X6M_A9PP140ZTL_C30         2  6.3    13    22      96  (176.4200,63.9000) 
  FE_RC_3869_0/Y                                                (@)     S0->Y F     MXIT2_X4M_A9PP140ZTL_C30        2  5.1    25    19     115  (177.1200,71.1000) 
  pp_fir_5_1_1_csa_tree_ADD_TC_OP_groupi3959_g11238/Y           (@)     B->Y  F     XNOR3_X3M_A9PP140ZTL_C30        2  4.6    20    46     162  (187.0600,72.0000) 
  FE_RC_2191_0/Y                                                (@)     B->Y  R     XNOR3_X3M_A9PP140ZTL_C30        3  4.9    22    46     208  (189.8600,71.1000) 
  FE_OFC2968_pp_fir_5_1_1_csa_tree_ADD_TC_OP_groupi3959_n_627/Y (@)     A->Y  F     INV_X1M_A9PP140ZTL_C30          1  3.0    20    15     223  (192.8000,71.1000) 
  FE_RC_393_0/Y                                                 (@)     A->Y  R     MXIT2_X4M_A9PP140ZTL_C30        2  3.3    21    16     239  (190.2800,72.0000) 
  pp_fir_5_1_1_csa_tree_ADD_TC_OP_groupi3959_g11013/Y           (@)     A->Y  F     NAND2_X3A_A9PP140ZTL_C30        2  3.6    18    13     251  (190.5600,70.2000) 
  FE_RC_1990_0/Y                                                (@)     A0->Y R     OAI21_X4M_A9PP140ZTL_C30        2  4.1    20    16     268  (192.3800,72.9000) 
  pp_fir_5_1_1_csa_tree_ADD_TC_OP_groupi3959_g10982/Y           (@)     A0->Y F     AOI2XB1_X4M_A9PP140ZTL_C30      1  2.8    18    14     281  (191.9600,78.3000) 
  pp_fir_5_1_1_csa_tree_ADD_TC_OP_groupi3959_g10970/Y           (@)     A0->Y R     OAI21_X4M_A9PP140ZTL_C30        2  3.7    20    16     297  (191.5400,81.0000) 
  pp_fir_5_1_1_csa_tree_ADD_TC_OP_groupi3959_g10963/Y           (@)     A0->Y F     AOI21_X2M_A9PP140ZTL_C30        2  3.6    26    18     316  (191.6800,84.6000) 
  FE_OFC2686_pp_fir_5_1_1_csa_tree_ADD_TC_OP_groupi3959_n_783/Y (@)     A->Y  R     INV_X1M_A9PP140ZTL_C30          1  1.5    17    15     330  (192.1000,88.2000) 
  FE_RC_2002_0/Y                                                (@)     A->Y  F     NAND2_X2M_A9PP140ZTL_C30        1  1.5    12     8     339  (188.4600,88.2000) 
  FE_RC_2001_0/Y                                                (@)     A->Y  R     NAND2_X2A_A9PP140ZTL_C30        1  1.4    12     9     347  (189.0200,87.3000) 
  pp_fir_5_1_1_csa_tree_ADD_TC_OP_groupi3959_g10946/Y           (@)     S0->Y R     MXIT2_X1P4M_A9PP140ZTL_C30      1  0.6    16    12     360  (189.0200,87.3000) 
  pp_fir_5_1_1_sum1_11_im_1_reg[26]/D                           -       -     R     SDFFRPQ_X2M_A9PP140ZTL_C30      1    -     -     0     360  (189.0200,87.3000) 
#------------------------------------------------------------------------------------------------------------------------------------------------------------------

(@) : Annotated capacitance.



Path 7: MET (-0 ps) Setup Check with Pin pp_fir_5_1_1_sum1_10_re_1_reg[26]/CK->D
           View: view_wcl_slow
          Group: clk
     Startpoint: (R) pp_fir_5_1_1_Delay_Pipeline_reg_re_reg[12][11]/CK
          Clock: (R) clk
       Endpoint: (F) pp_fir_5_1_1_sum1_10_re_1_reg[26]/D
          Clock: (R) clk

                     Capture       Launch     
        Clock Edge:+     500            0     
       Src Latency:+       0            0     
       Net Latency:+       0 (I)        0 (I) 
           Arrival:=     500            0     
                                              
             Setup:-      15                  
       Uncertainty:-     125                  
     Required Time:=     360                  
      Launch Clock:-       0                  
         Data Path:-     360                  
             Slack:=      -0                  

#--------------------------------------------------------------------------------------------------------------------------------------------------------------------
#                         Timing Point                          Flags    Arc    Edge            Cell             Fanout Load Trans Delay Arrival       Instance      
#                                                                                                                       (fF)  (ps)  (ps)   (ps)        Location      
#--------------------------------------------------------------------------------------------------------------------------------------------------------------------
  pp_fir_5_1_1_Delay_Pipeline_reg_re_reg[12][11]/CK             -       -       R     (arrival)                    3620    -    25     0       0               (-,-) 
  pp_fir_5_1_1_Delay_Pipeline_reg_re_reg[12][11]/Q              (@)     CK->Q   F     DFFRPQ_X4M_A9PP140ZTL_C30       5 11.0    17    58      58   (90.6000,30.6000) 
  FE_OFC1779_pp_fir_5_1_1_Delay_Pipeline_reg_re_12__11/Y        (@)     A->Y    R     INV_X5M_A9PP140ZTL_C30          4  8.2    14    13      71  (108.5200,31.5000) 
  FE_RC_325_0/CON                                               (@)     A->CON  F     CGENI_X2M_A9PP140ZTL_C30        1  2.9    28    19      89  (108.6600,30.6000) 
  pp_fir_5_1_1_csa_tree_ADD_TC_OP_groupi3962_g12371/CO          (@)     CI->CO  F     ADDF_X1P4M_A9PP140ZTL_C30       2  4.6    22    38     128  (112.5800,36.0000) 
  pp_fir_5_1_1_csa_tree_ADD_TC_OP_groupi3962_g2/CO              (@)     A->CO   F     CGEN_X1P4M_A9PP140ZTL_C30       2  2.5    14    28     156  (115.2400,36.0000) 
  FE_RC_1299_0/Y                                                (@)     C->Y    R     XOR3_X2M_A9PP140ZTL_C30         2  4.5    24    50     206  (114.9600,36.9000) 
  FE_RC_3713_0/CON                                              (@)     CI->CON F     CGENI_X2M_A9PP140ZTL_C30        1  1.9    24    17     222  (101.1000,36.9000) 
  FE_OFC2876_FE_RN_1863_0/Y                                     (@)     A->Y    R     INV_X3M_A9PP140ZTL_C30          2  4.5    15    13     236  (102.0800,36.9000) 
  pp_fir_5_1_1_csa_tree_ADD_TC_OP_groupi3962_g12103/Y           (@)     B->Y    F     NOR2_X3M_A9PP140ZTL_C30         3  4.2    20    15     251   (95.9200,39.6000) 
  pp_fir_5_1_1_csa_tree_ADD_TC_OP_groupi3962_g12073/Y           (@)     A1->Y   R     AOI21_X4M_A9PP140ZTL_C30        2  3.5    18    17     268   (96.2000,41.4000) 
  pp_fir_5_1_1_csa_tree_ADD_TC_OP_groupi3962_g12060/Y           (@)     A0->Y   F     OAI21_X4M_A9PP140ZTL_C30        1  2.7    16    11     279   (96.6200,44.1000) 
  pp_fir_5_1_1_csa_tree_ADD_TC_OP_groupi3962_g12050/Y           (@)     A0->Y   R     AOI21_X4M_A9PP140ZTL_C30        2  6.5    26    18     298   (96.7600,45.0000) 
  FE_OFC2692_pp_fir_5_1_1_csa_tree_ADD_TC_OP_groupi3962_n_798/Y (@)     A->Y    F     INV_X4M_A9PP140ZTL_C30          3  9.3    18    13     310   (97.6000,46.8000) 
  FE_RC_2557_0/Y                                                (@)     A1->Y   R     AOI21_X4M_A9PP140ZTL_C30        1  3.1    17    17     327   (96.9000,49.5000) 
  FE_RC_2040_0/Y                                                (@)     B0->Y   F     OAI21_X6M_A9PP140ZTL_C30        2  6.2    26    13     340   (96.9000,49.5000) 
  pp_fir_5_1_1_csa_tree_ADD_TC_OP_groupi3962_g12027/Y           (#)     S0->Y   F     MXIT2_X4M_A9PP140ZTL_C30        1  2.0    20    19     360   (87.1000,52.2000) 
  pp_fir_5_1_1_sum1_10_re_1_reg[26]/D                           -       -       F     SDFFRPQ_X1M_A9PP140ZTL_C30      1    -     -     0     360   (79.1200,64.8000) 
#--------------------------------------------------------------------------------------------------------------------------------------------------------------------

(#) : Net either has Non-default Routes or has been promoted to higher metal layers.
(@) : Annotated capacitance.



Path 8: MET (-0 ps) Setup Check with Pin pp_fir_5_1_1_sum1_9_re_1_reg[26]/CK->D
           View: view_wcl_slow
          Group: clk
     Startpoint: (R) pp_fir_5_1_1_Delay_Pipeline_reg_re_reg[14][11]/CK
          Clock: (R) clk
       Endpoint: (F) pp_fir_5_1_1_sum1_9_re_1_reg[26]/D
          Clock: (R) clk

                     Capture       Launch     
        Clock Edge:+     500            0     
       Src Latency:+       0            0     
       Net Latency:+       0 (I)        0 (I) 
           Arrival:=     500            0     
                                              
             Setup:-      15                  
       Uncertainty:-     125                  
     Required Time:=     360                  
      Launch Clock:-       0                  
         Data Path:-     360                  
             Slack:=      -0                  

#----------------------------------------------------------------------------------------------------------------------------------------------------------------
#                       Timing Point                         Flags   Arc   Edge            Cell              Fanout Load Trans Delay Arrival       Instance      
#                                                                                                                   (fF)  (ps)  (ps)   (ps)        Location      
#----------------------------------------------------------------------------------------------------------------------------------------------------------------
  pp_fir_5_1_1_Delay_Pipeline_reg_re_reg[14][11]/CK          -       -     R     (arrival)                     3620    -    25     0       0               (-,-) 
  pp_fir_5_1_1_Delay_Pipeline_reg_re_reg[14][11]/Q           (@)     CK->Q R     SDFFRPQA_X1M_A9PP140ZTL_C30      3  4.7    28    46      46  (101.6600,63.9000) 
  FE_RC_1283_0/Y                                             (@)     A->Y  F     INV_X1P7M_A9PP140ZTL_C30         2  2.6    14    10      56  (105.7200,67.5000) 
  FE_RC_1282_0/Y                                             (@)     A->Y  R     INV_X3M_A9PP140ZTL_C30           1  4.7    13    11      67  (105.7200,67.5000) 
  pp_fir_5_1_1_csa_tree_ADD_TC_OP_groupi3964_cdnfadd_019_2/S (@)     B->S  F     ADDF_X1P4M_A9PP140ZTL_C30        3  6.5    31    52     119  (105.7200,84.6000) 
  FE_RC_1849_0/Y                                             (@)     B->Y  F     XNOR2_X3M_A9PP140ZTL_C30         1  3.3    28    24     142   (95.6400,76.5000) 
  FE_RC_1303_0/Y                                             (@)     A->Y  F     XNOR2_X4M_A9PP140ZTL_C30         3  3.8    27    20     162   (95.6400,76.5000) 
  FE_RC_1113_0/Y                                             (@)     A->Y  R     INV_X2M_A9PP140ZTL_C30           1  1.4    11    10     172   (95.6400,76.5000) 
  FE_RC_1112_0/Y                                             (@)     B->Y  F     MXIT2_X1P4M_A9PP140ZTL_C30       1  1.8    24    13     185   (95.6400,76.5000) 
  FE_RC_1111_0/Y                                             (@)     A->Y  F     XOR2_X2M_A9PP140ZTL_C30          2  3.1    28    23     208   (95.6400,76.5000) 
  FE_RC_843_0/CO                                             (@)     A->CO F     CGEN_X1M_A9PP140ZTL_C30          2  3.1    20    34     242   (95.6400,76.5000) 
  pp_fir_5_1_1_csa_tree_ADD_TC_OP_groupi3964_g1727/Y         (@)     B->Y  R     NAND2_X3M_A9PP140ZTL_C30         2  2.7    16    15     256   (94.6600,76.5000) 
  pp_fir_5_1_1_csa_tree_ADD_TC_OP_groupi3964_g1676/Y         (@)     B0->Y R     OA1B2_X3M_A9PP140ZTL_C30         2  3.4    16    20     276   (92.8400,76.5000) 
  pp_fir_5_1_1_csa_tree_ADD_TC_OP_groupi3964_g1663/Y         (@)     A0->Y F     OAI2XB1_X4M_A9PP140ZTL_C30       2  5.1    25    15     291   (91.7200,77.4000) 
  pp_fir_5_1_1_csa_tree_ADD_TC_OP_groupi3964_g1656/Y         (@)     A0->Y R     AOI2XB1_X4M_A9PP140ZTL_C30       1  3.9    22    17     308   (87.6600,78.3000) 
  FE_RC_3719_0/Y                                             (@)     B0->Y F     OAI2XB1_X8M_A9PP140ZTL_C30       6  7.6    20    14     322   (84.5800,77.4000) 
  pp_fir_5_1_1_csa_tree_ADD_TC_OP_groupi3964_g1638/Y         (@)     A0->Y F     AO21B_X4M_A9PP140ZTL_C30         1  2.9    16    22     344   (84.8600,83.7000) 
  pp_fir_5_1_1_csa_tree_ADD_TC_OP_groupi3964_g1631/Y         (@)     S0->Y F     MXIT2_X4M_A9PP140ZTL_C30         1  1.8    20    16     360   (82.2000,82.8000) 
  pp_fir_5_1_1_sum1_9_re_1_reg[26]/D                         -       -     F     SDFFRPQ_X1M_A9PP140ZTL_C30       1    -     -     0     360   (78.2800,75.6000) 
#----------------------------------------------------------------------------------------------------------------------------------------------------------------

(@) : Annotated capacitance.



Path 9: MET (-0 ps) Setup Check with Pin pp_fir_5_1_1_sum1_8_re_1_reg[27]/CK->D
           View: view_wcl_slow
          Group: clk
     Startpoint: (R) pp_fir_5_1_1_Delay_Pipeline_reg_re_reg[16][9]/CK
          Clock: (R) clk
       Endpoint: (F) pp_fir_5_1_1_sum1_8_re_1_reg[27]/D
          Clock: (R) clk

                     Capture       Launch     
        Clock Edge:+     500            0     
       Src Latency:+       0            0     
       Net Latency:+       0 (I)        0 (I) 
           Arrival:=     500            0     
                                              
             Setup:-      15                  
       Uncertainty:-     125                  
     Required Time:=     360                  
      Launch Clock:-       0                  
         Data Path:-     360                  
             Slack:=      -0                  

#-------------------------------------------------------------------------------------------------------------------------------------------------------------------
#                         Timing Point                          Flags   Arc   Edge            Cell              Fanout Load Trans Delay Arrival       Instance      
#                                                                                                                      (fF)  (ps)  (ps)   (ps)        Location      
#-------------------------------------------------------------------------------------------------------------------------------------------------------------------
  pp_fir_5_1_1_Delay_Pipeline_reg_re_reg[16][9]/CK              -       -     R     (arrival)                     3620    -    25     0       0               (-,-) 
  pp_fir_5_1_1_Delay_Pipeline_reg_re_reg[16][9]/Q               (@)     CK->Q R     SDFFRPQA_X1M_A9PP140ZTL_C30      2  1.6    13    37      37   (89.0600,89.1000) 
  FE_OFC3619_pp_fir_5_1_1_Delay_Pipeline_reg_re_16__9/Y         (@)     A->Y  R     BUF_X3M_A9PP140ZTL_C30          11 15.2    30    28      65   (89.4800,89.1000) 
  pp_fir_5_1_1_csa_tree_ADD_TC_OP_groupi3966_g12268/Y           (@)     B->Y  R     XNOR3_X3M_A9PP140ZTL_C30         2  3.2    19    43     108   (88.0800,92.7000) 
  pp_fir_5_1_1_csa_tree_ADD_TC_OP_groupi3966_g12194/Y           (@)     A->Y  F     INV_X1P7M_A9PP140ZTL_C30         2  2.6    12     9     118   (92.1400,95.4000) 
  pp_fir_5_1_1_csa_tree_ADD_TC_OP_groupi3966_g12189/Y           (@)     B->Y  R     NOR2_X2M_A9PP140ZTL_C30          1  1.6    15    12     130   (93.1200,95.4000) 
  FE_RC_3737_0/Y                                                (@)     A0->Y F     OAI21_X2M_A9PP140ZTL_C30         2  3.3    23    16     145   (93.5400,97.2000) 
  pp_fir_5_1_1_csa_tree_ADD_TC_OP_groupi3966_g12041/Y           (@)     C->Y  F     XNOR3_X3M_A9PP140ZTL_C30         2  4.2    20    48     194   (92.7000,98.1000) 
  pp_fir_5_1_1_csa_tree_ADD_TC_OP_groupi3966_g11964/Y           (@)     B->Y  F     XNOR3_X3M_A9PP140ZTL_C30         2  4.4    20    45     238  (90.7400,106.2000) 
  pp_fir_5_1_1_csa_tree_ADD_TC_OP_groupi3966_g11894/Y           (@)     A->Y  R     NOR2XB_X3M_A9PP140ZTL_C30        2  3.2    18    15     253  (90.3200,114.3000) 
  FE_RC_4000_0/Y                                                (@)     A1->Y F     AOI21_X3M_A9PP140ZTL_C30         1  2.3    17    14     267  (90.6000,120.6000) 
  FE_OFC2760_pp_fir_5_1_1_csa_tree_ADD_TC_OP_groupi3966_n_756/Y (@)     A->Y  R     INV_X3P5M_A9PP140ZTL_C30         3  4.7    12    11     277  (92.1400,120.6000) 
  FE_RC_3997_0/Y                                                (@)     C->Y  F     NAND3BB_X4M_A9PP140ZTL_C30       1  3.5    14    10     288  (90.6000,120.6000) 
  FE_RC_3996_0/Y                                                (@)     C->Y  R     NAND3BB_X6M_A9PP140ZTL_C30       5  7.1    16    14     302  (90.6000,120.6000) 
  FE_RC_2434_0/Y                                                (@)     A0->Y F     AOI21_X4M_A9PP140ZTL_C30         3  7.7    29    19     320  (84.8600,126.9000) 
  FE_OFC2681_pp_fir_5_1_1_csa_tree_ADD_TC_OP_groupi3966_n_789/Y (@)     A->Y  R     INV_X6M_A9PP140ZTL_C30           3  5.6    13    11     332  (85.9800,127.8000) 
  FE_RC_3845_0/Y                                                (@)     A0->Y F     AOI21_X3M_A9PP140ZTL_C30         1  1.6    16    12     343  (84.8600,131.4000) 
  pp_fir_5_1_1_csa_tree_ADD_TC_OP_groupi3966_g11818/Y           (@)     S0->Y F     MXIT2_X1P4M_A9PP140ZTL_C30       1  1.1    19    17     360  (84.8600,134.1000) 
  pp_fir_5_1_1_sum1_8_re_1_reg[27]/D                            -       -     F     SDFFRPQ_X2M_A9PP140ZTL_C30       1    -     -     0     360  (83.8800,138.6000) 
#-------------------------------------------------------------------------------------------------------------------------------------------------------------------

(@) : Annotated capacitance.



Path 10: MET (-0 ps) Setup Check with Pin pp_fir_5_1_1_sum1_4_re_1_reg[21]/CK->D
           View: view_wcl_slow
          Group: clk
     Startpoint: (R) pp_fir_5_1_1_Delay_Pipeline_reg_re_reg[24][10]/CK
          Clock: (R) clk
       Endpoint: (R) pp_fir_5_1_1_sum1_4_re_1_reg[21]/D
          Clock: (R) clk

                     Capture       Launch     
        Clock Edge:+     500            0     
       Src Latency:+       0            0     
       Net Latency:+       0 (I)        0 (I) 
           Arrival:=     500            0     
                                              
             Setup:-      17                  
       Uncertainty:-     125                  
     Required Time:=     358                  
      Launch Clock:-       0                  
         Data Path:-     358                  
             Slack:=      -0                  

#-------------------------------------------------------------------------------------------------------------------------------------------------------------------
#                         Timing Point                          Flags    Arc   Edge            Cell             Fanout Load Trans Delay Arrival       Instance      
#                                                                                                                      (fF)  (ps)  (ps)   (ps)        Location      
#-------------------------------------------------------------------------------------------------------------------------------------------------------------------
  pp_fir_5_1_1_Delay_Pipeline_reg_re_reg[24][10]/CK             -       -      R     (arrival)                    3620    -    25     0       0               (-,-) 
  pp_fir_5_1_1_Delay_Pipeline_reg_re_reg[24][10]/Q              (@)     CK->Q  R     DFFRPQA_X1M_A9PP140ZTL_C30      1  1.4    12    36      36  (29.4200,132.3000) 
  FE_OFC1829_pp_fir_5_1_1_Delay_Pipeline_reg_re_24__10/Y        (@)     A->Y   F     INV_X2M_A9PP140ZTL_C30          6 14.2    33    21      57  (29.4200,132.3000) 
  pp_fir_5_1_1_csa_tree_ADD_TC_OP_groupi3974_cdnfadd_011_0/CO   (@)     CI->CO F     ADDF_X1P4M_A9PP140ZTL_C30       1  3.6    19    38      95  (24.5200,122.4000) 
  pp_fir_5_1_1_csa_tree_ADD_TC_OP_groupi3974_cdnfadd_012_2/CO   (@)     B->CO  F     ADDF_X1M_A9PP140ZTL_C30         3  2.7    21    36     132  (23.4000,130.5000) 
  FE_RC_2851_0/Y                                                (@)     B->Y   R     NAND2_X1A_A9PP140ZTL_C30        1  1.2    16    14     146  (23.8200,131.4000) 
  FE_RC_2850_0/Y                                                (@)     B0N->Y F     AO21B_X2M_A9PP140ZTL_C30        4  3.7    20    14     160  (23.8200,131.4000) 
  FE_RC_659_0/Y                                                 (@)     B->Y   R     NAND2_X1B_A9PP140ZTL_C30        1  1.2    15    13     174  (24.8000,132.3000) 
  FE_RC_657_0/Y                                                 (@)     B0->Y  F     OAI21_X2M_A9PP140ZTL_C30        2  2.0    17    12     186  (24.8000,132.3000) 
  FE_RC_662_0/Y                                                 (@)     A->Y   R     NAND2_X1A_A9PP140ZTL_C30        1  1.2    14    13     198  (24.8000,132.3000) 
  FE_RC_656_0/Y                                                 (@)     B0->Y  F     OAI21_X2M_A9PP140ZTL_C30        2  2.2    18    13     211  (24.8000,132.3000) 
  pp_fir_5_1_1_csa_tree_ADD_TC_OP_groupi3974_g2325/Y            (@)     A->Y   R     NOR2_X2A_A9PP140ZTL_C30         4  5.0    29    21     233  (22.5600,131.4000) 
  FE_OFC2839_pp_fir_5_1_1_csa_tree_ADD_TC_OP_groupi3974_n_171/Y (@)     A->Y   F     INV_X2M_A9PP140ZTL_C30          3  4.7    18    14     246  (20.6000,127.8000) 
  FE_RC_4100_0/Y                                                (@)     B->Y   R     NAND3_X2A_A9PP140ZTL_C30        1  0.8    15    12     258  (20.3200,124.2000) 
  pp_fir_5_1_1_csa_tree_ADD_TC_OP_groupi3974_g2493/Y            (@)     B0N->Y R     AOI22BB_X2M_A9PP140ZTL_C30      1  1.9    19    24     283  (18.3600,124.2000) 
  pp_fir_5_1_1_csa_tree_ADD_TC_OP_groupi3974_g2257/Y            (@)     C->Y   F     NAND3BB_X3M_A9PP140ZTL_C30      2  5.2    20    15     297  (16.5400,124.2000) 
  FE_OFC2710_pp_fir_5_1_1_csa_tree_ADD_TC_OP_groupi3974_n_238/Y (@)     A->Y   R     INV_X2M_A9PP140ZTL_C30          1  3.8    16    14     312  (21.0200,133.2000) 
  pp_fir_5_1_1_csa_tree_ADD_TC_OP_groupi3974_g2250/Y            (@)     C->Y   F     NAND3BB_X6M_A9PP140ZTL_C30      7 11.4    21    15     327  (19.0600,135.0000) 
  pp_fir_5_1_1_csa_tree_ADD_TC_OP_groupi3974_g2243/Y            (@)     A0->Y  R     AOI21_X2M_A9PP140ZTL_C30        1  1.5    19    17     344  (28.7200,147.6000) 
  pp_fir_5_1_1_csa_tree_ADD_TC_OP_groupi3974_g2232/Y            (@)     S0->Y  R     MXIT2_X1P4M_A9PP140ZTL_C30      1  0.7    17    14     358  (28.4400,149.4000) 
  pp_fir_5_1_1_sum1_4_re_1_reg[21]/D                            -       -      R     SDFFRPQ_X1M_A9PP140ZTL_C30      1    -     -     0     358  (26.2000,151.2000) 
#-------------------------------------------------------------------------------------------------------------------------------------------------------------------

(@) : Annotated capacitance.



Path 11: MET (-0 ps) Setup Check with Pin pp_fir_5_1_1_sum1_11_re_1_reg[26]/CK->D
           View: view_wcl_slow
          Group: clk
     Startpoint: (R) pp_fir_5_1_1_Delay_Pipeline_reg_re_reg[11][10]/CK
          Clock: (R) clk
       Endpoint: (F) pp_fir_5_1_1_sum1_11_re_1_reg[26]/D
          Clock: (R) clk

                     Capture       Launch     
        Clock Edge:+     500            0     
       Src Latency:+       0            0     
       Net Latency:+       0 (I)        0 (I) 
           Arrival:=     500            0     
                                              
             Setup:-      15                  
       Uncertainty:-     125                  
     Required Time:=     360                  
      Launch Clock:-       0                  
         Data Path:-     360                  
             Slack:=      -0                  

#-------------------------------------------------------------------------------------------------------------------------------------------------------------
#                     Timing Point                       Flags    Arc    Edge            Cell              Fanout Load Trans Delay Arrival      Instance      
#                                                                                                                 (fF)  (ps)  (ps)   (ps)       Location      
#-------------------------------------------------------------------------------------------------------------------------------------------------------------
  pp_fir_5_1_1_Delay_Pipeline_reg_re_reg[11][10]/CK      -       -       R     (arrival)                     3620    -    25     0       0              (-,-) 
  pp_fir_5_1_1_Delay_Pipeline_reg_re_reg[11][10]/Q       (@)     CK->Q   R     SDFFRPQA_X1M_A9PP140ZTL_C30      1  2.5    17    40      40  (89.2000,26.1000) 
  FE_OFC1481_pp_fir_5_1_1_Delay_Pipeline_reg_re_11__10/Y (@)     A->Y    F     INV_X4M_A9PP140ZTL_C30           9 15.9    22    16      56  (92.1400,26.1000) 
  FE_OFC3444_pp_fir_5_1_1_Delay_Pipeline_reg_re_11__10/Y (@)     A->Y    F     BUFH_X1M_A9PP140ZTL_C30          3  7.5    35    32      88  (91.7200,26.1000) 
  FE_RC_4082_0/Y                                         (@)     A->Y    R     MXIT2_X1P4M_A9PP140ZTL_C30       2  2.8    30    23     111  (80.2400,30.6000) 
  pp_fir_5_1_1_csa_tree_ADD_TC_OP_groupi3960_g11281/CON  (@)     CI->CON F     CGENI_X1M_A9PP140ZTL_C30         2  2.5    36    25     137  (78.8400,26.1000) 
  pp_fir_5_1_1_csa_tree_ADD_TC_OP_groupi3960_g11183/Y    (@)     B->Y    F     XOR3_X3M_A9PP140ZTL_C30          4  3.3    19    47     184  (75.7600,26.1000) 
  FE_RC_355_0/Y                                          (@)     A->Y    R     INV_X1M_A9PP140ZTL_C30           1  1.8    16    14     198  (76.0400,26.1000) 
  FE_RC_354_0/Y                                          (@)     A->Y    F     NAND2_X2B_A9PP140ZTL_C30         1  1.7    18    10     208  (71.8400,26.1000) 
  FE_RC_2241_0/Y                                         (@)     B0->Y   R     OAI21_X3M_A9PP140ZTL_C30         1  2.7    25    13     222  (71.8400,26.1000) 
  FE_RC_3210_0/Y                                         (@)     S0->Y   R     MXIT2_X4M_A9PP140ZTL_C30         2  4.9    25    18     239  (71.8400,26.1000) 
  pp_fir_5_1_1_csa_tree_ADD_TC_OP_groupi3960_g11012/Y    (@)     A->Y    F     NOR2_X6A_A9PP140ZTL_C30          3  4.7    14    10     249  (72.5400,27.0000) 
  pp_fir_5_1_1_csa_tree_ADD_TC_OP_groupi3960_g11005/Y    (@)     A->Y    R     INV_X1P4M_A9PP140ZTL_C30         1  1.3    10     9     258  (73.1000,28.8000) 
  pp_fir_5_1_1_csa_tree_ADD_TC_OP_groupi3960_g11002/Y    (@)     B->Y    F     NAND2_X2M_A9PP140ZTL_C30         2  2.9    17    12     270  (72.5400,29.7000) 
  pp_fir_5_1_1_csa_tree_ADD_TC_OP_groupi3960_g10991/Y    (@)     A->Y    R     NOR2_X3A_A9PP140ZTL_C30          2  5.6    24    18     288  (72.6800,35.1000) 
  pp_fir_5_1_1_csa_tree_ADD_TC_OP_groupi3960_g10984/Y    (@)     A->Y    F     NAND2_X2A_A9PP140ZTL_C30         1  1.8    16    11     299  (75.7600,36.9000) 
  pp_fir_5_1_1_csa_tree_ADD_TC_OP_groupi3960_g10976/Y    (@)     BN->Y   F     NAND2XB_X8M_A9PP140ZTL_C30       3  7.0    15    22     321  (75.7600,36.0000) 
  pp_fir_5_1_1_csa_tree_ADD_TC_OP_groupi3960_g10975/Y    (@)     A->Y    R     INV_X3P5M_A9PP140ZTL_C30         2  2.8    10     9     330  (76.1800,44.1000) 
  FE_RC_3774_0/Y                                         (@)     B->Y    R     OR4_X3M_A9PP140ZTL_C30           1  1.7    13    18     348  (76.0400,46.8000) 
  FE_RC_3770_0/Y                                         (@)     A->Y    F     NAND3_X3M_A9PP140ZTL_C30         1  2.4    19    12     360  (76.0400,46.8000) 
  pp_fir_5_1_1_sum1_11_re_1_reg[26]/D                    -       -       F     SDFFRPQ_X2M_A9PP140ZTL_C30       1    -     -     0     360  (70.8600,58.5000) 
#-------------------------------------------------------------------------------------------------------------------------------------------------------------

(@) : Annotated capacitance.



Path 12: MET (-0 ps) Setup Check with Pin pp_fir_5_1_1_sum1_8_im_1_reg[29]/CK->D
           View: view_wcl_slow
          Group: clk
     Startpoint: (R) pp_fir_5_1_1_Delay_Pipeline_reg_im_reg[17][2]/CK
          Clock: (R) clk
       Endpoint: (R) pp_fir_5_1_1_sum1_8_im_1_reg[29]/D
          Clock: (R) clk

                     Capture       Launch     
        Clock Edge:+     500            0     
       Src Latency:+       0            0     
       Net Latency:+       0 (I)        0 (I) 
           Arrival:=     500            0     
                                              
             Setup:-      17                  
       Uncertainty:-     125                  
     Required Time:=     358                  
      Launch Clock:-       0                  
         Data Path:-     358                  
             Slack:=      -0                  

#----------------------------------------------------------------------------------------------------------------------------------------------------------------------
#                         Timing Point                          Flags    Arc    Edge            Cell              Fanout Load Trans Delay Arrival       Instance       
#                                                                                                                        (fF)  (ps)  (ps)   (ps)        Location       
#----------------------------------------------------------------------------------------------------------------------------------------------------------------------
  pp_fir_5_1_1_Delay_Pipeline_reg_im_reg[17][2]/CK              -       -       R     (arrival)                     3620    -    25     0       0                (-,-) 
  pp_fir_5_1_1_Delay_Pipeline_reg_im_reg[17][2]/Q               (@)     CK->Q   R     SDFFRPQA_X1M_A9PP140ZTL_C30      3  3.3    21    42      42   (108.8000,94.5000) 
  FE_OFC3657_pp_fir_5_1_1_Delay_Pipeline_reg_im_17__2/Y         (@)     A->Y    R     BUFH_X4M_A9PP140ZTL_C30          8 14.4    21    22      64   (111.7400,94.5000) 
  pp_fir_5_1_1_csa_tree_ADD_TC_OP_groupi3965_g12325/Y           (@)     B->Y    F     MXIT2_X1P4M_A9PP140ZTL_C30       1  1.6    21    15      80  (109.3600,102.6000) 
  pp_fir_5_1_1_csa_tree_ADD_TC_OP_groupi3965_g12227/Y           (@)     S0->Y   F     MXIT2_X1P4M_A9PP140ZTL_C30       4  3.5    32    25     104  (111.0400,102.6000) 
  FE_RC_568_0/Y                                                 (@)     A->Y    R     NOR2XB_X1M_A9PP140ZTL_C30        1  2.1    30    24     128  (117.6200,100.8000) 
  FE_RC_567_0/Y                                                 (@)     A0->Y   F     OAI21_X3M_A9PP140ZTL_C30         2  2.8    18    14     142  (117.6200,100.8000) 
  pp_fir_5_1_1_csa_tree_ADD_TC_OP_groupi3965_g12073/Y           (@)     A0->Y   R     AOI21_X2M_A9PP140ZTL_C30         2  2.5    22    18     159   (120.9800,98.1000) 
  pp_fir_5_1_1_csa_tree_ADD_TC_OP_groupi3965_g12051/Y           (@)     A0->Y   F     OAI21_X2M_A9PP140ZTL_C30         3  2.7    20    15     174   (119.0200,97.2000) 
  FE_RC_3017_0/Y                                                (@)     A->Y    R     NAND2_X2M_A9PP140ZTL_C30         1  1.2    14    12     186   (118.1800,99.0000) 
  FE_RC_378_0/Y                                                 (@)     B0N->Y  F     AO21B_X2M_A9PP140ZTL_C30         2  2.8    17    12     198   (118.1800,99.0000) 
  FE_RC_2574_0/CON                                              (@)     CI->CON R     CGENI_X2M_A9PP140ZTL_C30         1  1.4    21    15     213  (118.3200,103.5000) 
  FE_OFC2772_FE_RN_1352_0/Y                                     (@)     A->Y    F     INV_X2M_A9PP140ZTL_C30           2  3.8    14    11     224  (119.4400,103.5000) 
  pp_fir_5_1_1_csa_tree_ADD_TC_OP_groupi3965_g11938/Y           (@)     A0->Y   R     AOI21_X4M_A9PP140ZTL_C30         3  3.6    18    14     238  (119.8600,106.2000) 
  pp_fir_5_1_1_csa_tree_ADD_TC_OP_groupi3965_g11907/Y           (@)     A->Y    F     NOR3_X3M_A9PP140ZTL_C30          1  2.7    23    14     251  (121.6800,106.2000) 
  pp_fir_5_1_1_csa_tree_ADD_TC_OP_groupi3965_g11897/Y           (@)     B->Y    R     NOR2_X4A_A9PP140ZTL_C30          4  5.3    19    17     268  (121.9600,108.9000) 
  FE_RC_2224_0/Y                                                (@)     A->Y    F     NOR3_X4A_A9PP140ZTL_C30          1  3.6    18    11     280  (119.0200,113.4000) 
  pp_fir_5_1_1_csa_tree_ADD_TC_OP_groupi3965_g11869/Y           (@)     B->Y    R     NOR2_X6A_A9PP140ZTL_C30          8 16.3    32    21     301  (117.4800,114.3000) 
  FE_OFC2678_pp_fir_5_1_1_csa_tree_ADD_TC_OP_groupi3965_n_759/Y (@)     A->Y    F     INV_X4M_A9PP140ZTL_C30           7  9.0    19    18     318   (97.1800,128.7000) 
  pp_fir_5_1_1_csa_tree_ADD_TC_OP_groupi3965_g11833/Y           (@)     A0->Y   F     AO21B_X3M_A9PP140ZTL_C30         2  3.2    18    23     342   (96.4800,135.0000) 
  pp_fir_5_1_1_csa_tree_ADD_TC_OP_groupi3965_g11821/Y           (@)     A0->Y   R     AOI2XB1_X1M_A9PP140ZTL_C30       1  0.9    20    17     358  (103.4800,134.1000) 
  pp_fir_5_1_1_sum1_8_im_1_reg[29]/D                            -       -       R     SDFFRPQ_X1M_A9PP140ZTL_C30       1    -     -     0     358  (105.7200,135.0000) 
#----------------------------------------------------------------------------------------------------------------------------------------------------------------------

(@) : Annotated capacitance.



Path 13: MET (-0 ps) Setup Check with Pin pp_fir_5_1_1_sum1_8_im_1_reg[23]/CK->D
           View: view_wcl_slow
          Group: clk
     Startpoint: (R) pp_fir_5_1_1_Delay_Pipeline_reg_im_reg[17][2]/CK
          Clock: (R) clk
       Endpoint: (F) pp_fir_5_1_1_sum1_8_im_1_reg[23]/D
          Clock: (R) clk

                     Capture       Launch     
        Clock Edge:+     500            0     
       Src Latency:+       0            0     
       Net Latency:+       0 (I)        0 (I) 
           Arrival:=     500            0     
                                              
             Setup:-      16                  
       Uncertainty:-     125                  
     Required Time:=     359                  
      Launch Clock:-       0                  
         Data Path:-     359                  
             Slack:=      -0                  

#----------------------------------------------------------------------------------------------------------------------------------------------------------------------
#                         Timing Point                          Flags    Arc    Edge            Cell              Fanout Load Trans Delay Arrival       Instance       
#                                                                                                                        (fF)  (ps)  (ps)   (ps)        Location       
#----------------------------------------------------------------------------------------------------------------------------------------------------------------------
  pp_fir_5_1_1_Delay_Pipeline_reg_im_reg[17][2]/CK              -       -       R     (arrival)                     3620    -    25     0       0                (-,-) 
  pp_fir_5_1_1_Delay_Pipeline_reg_im_reg[17][2]/Q               (@)     CK->Q   R     SDFFRPQA_X1M_A9PP140ZTL_C30      3  3.3    21    42      42   (108.8000,94.5000) 
  FE_OFC3657_pp_fir_5_1_1_Delay_Pipeline_reg_im_17__2/Y         (@)     A->Y    R     BUFH_X4M_A9PP140ZTL_C30          8 14.4    21    22      64   (111.7400,94.5000) 
  pp_fir_5_1_1_csa_tree_ADD_TC_OP_groupi3965_g12325/Y           (@)     B->Y    F     MXIT2_X1P4M_A9PP140ZTL_C30       1  1.6    21    15      80  (109.3600,102.6000) 
  pp_fir_5_1_1_csa_tree_ADD_TC_OP_groupi3965_g12227/Y           (@)     S0->Y   F     MXIT2_X1P4M_A9PP140ZTL_C30       4  3.5    32    25     104  (111.0400,102.6000) 
  FE_RC_568_0/Y                                                 (@)     A->Y    R     NOR2XB_X1M_A9PP140ZTL_C30        1  2.1    30    24     128  (117.6200,100.8000) 
  FE_RC_567_0/Y                                                 (@)     A0->Y   F     OAI21_X3M_A9PP140ZTL_C30         2  2.8    18    14     142  (117.6200,100.8000) 
  pp_fir_5_1_1_csa_tree_ADD_TC_OP_groupi3965_g12073/Y           (@)     A0->Y   R     AOI21_X2M_A9PP140ZTL_C30         2  2.5    22    18     159   (120.9800,98.1000) 
  pp_fir_5_1_1_csa_tree_ADD_TC_OP_groupi3965_g12051/Y           (@)     A0->Y   F     OAI21_X2M_A9PP140ZTL_C30         3  2.7    20    15     174   (119.0200,97.2000) 
  FE_RC_3017_0/Y                                                (@)     A->Y    R     NAND2_X2M_A9PP140ZTL_C30         1  1.2    14    12     186   (118.1800,99.0000) 
  FE_RC_378_0/Y                                                 (@)     B0N->Y  F     AO21B_X2M_A9PP140ZTL_C30         2  2.8    17    12     198   (118.1800,99.0000) 
  FE_RC_2574_0/CON                                              (@)     CI->CON R     CGENI_X2M_A9PP140ZTL_C30         1  1.4    21    15     213  (118.3200,103.5000) 
  FE_OFC2772_FE_RN_1352_0/Y                                     (@)     A->Y    F     INV_X2M_A9PP140ZTL_C30           2  3.8    14    11     224  (119.4400,103.5000) 
  pp_fir_5_1_1_csa_tree_ADD_TC_OP_groupi3965_g11938/Y           (@)     A0->Y   R     AOI21_X4M_A9PP140ZTL_C30         3  3.6    18    14     238  (119.8600,106.2000) 
  pp_fir_5_1_1_csa_tree_ADD_TC_OP_groupi3965_g11907/Y           (@)     A->Y    F     NOR3_X3M_A9PP140ZTL_C30          1  2.7    23    14     251  (121.6800,106.2000) 
  pp_fir_5_1_1_csa_tree_ADD_TC_OP_groupi3965_g11897/Y           (@)     B->Y    R     NOR2_X4A_A9PP140ZTL_C30          4  5.3    19    17     268  (121.9600,108.9000) 
  FE_RC_2224_0/Y                                                (@)     A->Y    F     NOR3_X4A_A9PP140ZTL_C30          1  3.6    18    11     280  (119.0200,113.4000) 
  pp_fir_5_1_1_csa_tree_ADD_TC_OP_groupi3965_g11869/Y           (@)     B->Y    R     NOR2_X6A_A9PP140ZTL_C30          8 16.3    32    21     301  (117.4800,114.3000) 
  FE_OFC2678_pp_fir_5_1_1_csa_tree_ADD_TC_OP_groupi3965_n_759/Y (@)     A->Y    F     INV_X4M_A9PP140ZTL_C30           7  9.0    19    18     318   (97.1800,128.7000) 
  pp_fir_5_1_1_csa_tree_ADD_TC_OP_groupi3965_g11831/Y           (@)     A0->Y   F     AO21B_X2M_A9PP140ZTL_C30         1  1.5    14    22     340   (95.3600,135.9000) 
  pp_fir_5_1_1_csa_tree_ADD_TC_OP_groupi3965_g11823/Y           (@)     S0->Y   F     MXIT2_X1P4M_A9PP140ZTL_C30       1  2.0    24    19     359   (94.8000,136.8000) 
  pp_fir_5_1_1_sum1_8_im_1_reg[23]/D                            -       -       F     SDFFRPQ_X2M_A9PP140ZTL_C30       1    -     -     0     359   (90.8800,147.6000) 
#----------------------------------------------------------------------------------------------------------------------------------------------------------------------

(@) : Annotated capacitance.



Path 14: MET (-0 ps) Setup Check with Pin pp_fir_5_1_1_sum1_6_im_1_reg[21]/CK->D
           View: view_wcl_slow
          Group: clk
     Startpoint: (R) pp_fir_5_1_1_Delay_Pipeline_reg_im_reg[20][8]/CK
          Clock: (R) clk
       Endpoint: (F) pp_fir_5_1_1_sum1_6_im_1_reg[21]/D
          Clock: (R) clk

                     Capture       Launch     
        Clock Edge:+     500            0     
       Src Latency:+       0            0     
       Net Latency:+       0 (I)        0 (I) 
           Arrival:=     500            0     
                                              
             Setup:-      14                  
       Uncertainty:-     125                  
     Required Time:=     361                  
      Launch Clock:-       0                  
         Data Path:-     361                  
             Slack:=      -0                  

#--------------------------------------------------------------------------------------------------------------------------------------------------------------------
#                         Timing Point                          Flags    Arc   Edge            Cell             Fanout Load Trans Delay Arrival       Instance       
#                                                                                                                      (fF)  (ps)  (ps)   (ps)        Location       
#--------------------------------------------------------------------------------------------------------------------------------------------------------------------
  pp_fir_5_1_1_Delay_Pipeline_reg_im_reg[20][8]/CK              -       -      R     (arrival)                    3620    -    25     0       0                (-,-) 
  pp_fir_5_1_1_Delay_Pipeline_reg_im_reg[20][8]/Q               (@)     CK->Q  F     DFFRPQ_X4M_A9PP140ZTL_C30       4  6.7    12    55      55  (120.9800,140.4000) 
  pp_fir_5_1_1_csa_tree_ADD_TC_OP_groupi3969_g1926/Y            (@)     A->Y   R     INV_X3M_A9PP140ZTL_C30          3  6.6    16    13      68  (125.4600,143.1000) 
  pp_fir_5_1_1_csa_tree_ADD_TC_OP_groupi3969_cdnfadd_017_0/CO   (@)     B->CO  R     ADDF_X1M_A9PP140ZTL_C30         1  2.9    24    35     103  (125.3200,148.5000) 
  pp_fir_5_1_1_csa_tree_ADD_TC_OP_groupi3969_cdnfadd_018_2/S    (@)     B->S   F     ADDF_X1P4M_A9PP140ZTL_C30       1  2.7    21    47     150  (125.4600,152.1000) 
  pp_fir_5_1_1_csa_tree_ADD_TC_OP_groupi3969_cdnfadd_018_4/S    (@)     A->S   R     ADDF_X1M_A9PP140ZTL_C30         1  2.0    22    49     199  (126.3000,151.2000) 
  pp_fir_5_1_1_csa_tree_ADD_TC_OP_groupi3969_cdnfadd_018_5/S    (@)     CI->S  F     ADDF_X1P4M_A9PP140ZTL_C30       2  2.4    21    45     243  (127.7000,152.1000) 
  pp_fir_5_1_1_csa_tree_ADD_TC_OP_groupi3969_g1830/Y            (@)     A->Y   R     NOR2_X2A_A9PP140ZTL_C30         2  2.8    21    16     260  (129.8000,151.2000) 
  pp_fir_5_1_1_csa_tree_ADD_TC_OP_groupi3969_g1776/Y            (@)     B->Y   F     NOR2_X3A_A9PP140ZTL_C30         2  3.5    17    12     272  (131.6200,153.0000) 
  pp_fir_5_1_1_csa_tree_ADD_TC_OP_groupi3969_g1757/Y            (@)     B->Y   F     AND2_X2M_A9PP140ZTL_C30         3  4.7    16    26     298  (132.6000,153.9000) 
  FE_OFC2757_pp_fir_5_1_1_csa_tree_ADD_TC_OP_groupi3969_n_263/Y (@)     A->Y   R     INV_X2M_A9PP140ZTL_C30          3  3.2    13    12     310  (133.5800,157.5000) 
  pp_fir_5_1_1_csa_tree_ADD_TC_OP_groupi3969_g1744/Y            (@)     A->Y   F     NOR2XB_X1M_A9PP140ZTL_C30       1  0.8    13     9     319  (132.6000,159.3000) 
  pp_fir_5_1_1_csa_tree_ADD_TC_OP_groupi3969_g1701/Y            (@)     A1N->Y F     OAI2XB1_X3M_A9PP140ZTL_C30      1  1.6    18    26     345  (133.4400,159.3000) 
  pp_fir_5_1_1_csa_tree_ADD_TC_OP_groupi3969_g1689/Y            (@)     S0->Y  F     MXIT2_X1P4M_A9PP140ZTL_C30      1  0.6    16    16     361  (135.9600,159.3000) 
  pp_fir_5_1_1_sum1_6_im_1_reg[21]/D                            -       -      F     SDFFRPQ_X1M_A9PP140ZTL_C30      1    -     -     0     361  (137.6400,159.3000) 
#--------------------------------------------------------------------------------------------------------------------------------------------------------------------

(@) : Annotated capacitance.



Path 15: MET (-0 ps) Setup Check with Pin pp_fir_5_1_1_sum1_4_im_1_reg[21]/CK->D
           View: view_wcl_slow
          Group: clk
     Startpoint: (R) pp_fir_5_1_1_Delay_Pipeline_reg_im_reg[24][8]/CK
          Clock: (R) clk
       Endpoint: (R) pp_fir_5_1_1_sum1_4_im_1_reg[21]/D
          Clock: (R) clk

                     Capture       Launch     
        Clock Edge:+     500            0     
       Src Latency:+       0            0     
       Net Latency:+       0 (I)        0 (I) 
           Arrival:=     500            0     
                                              
             Setup:-      17                  
       Uncertainty:-     125                  
     Required Time:=     358                  
      Launch Clock:-       0                  
         Data Path:-     358                  
             Slack:=      -0                  

#-------------------------------------------------------------------------------------------------------------------------------------------------------------------
#                         Timing Point                          Flags   Arc   Edge            Cell             Fanout Load Trans Delay Arrival       Instance       
#                                                                                                                     (fF)  (ps)  (ps)   (ps)        Location       
#-------------------------------------------------------------------------------------------------------------------------------------------------------------------
  pp_fir_5_1_1_Delay_Pipeline_reg_im_reg[24][8]/CK              -       -     R     (arrival)                    3620    -    25     0       0                (-,-) 
  pp_fir_5_1_1_Delay_Pipeline_reg_im_reg[24][8]/Q               (@)     CK->Q R     DFFRPQA_X1M_A9PP140ZTL_C30      3  3.9    24    44      44  (169.4200,145.8000) 
  FE_OFC3752_pp_fir_5_1_1_Delay_Pipeline_reg_im_24__8/Y         (@)     A->Y  F     INV_X4M_A9PP140ZTL_C30          5 14.0    22    16      60  (169.7000,145.8000) 
  pp_fir_5_1_1_csa_tree_ADD_TC_OP_groupi3973_cdnfadd_009_1/CO   (@)     A->CO F     ADDF_X1M_A9PP140ZTL_C30         1  2.1    19    37      97  (175.0200,140.4000) 
  pp_fir_5_1_1_csa_tree_ADD_TC_OP_groupi3973_cdnfadd_010_2/S    (@)     CI->S F     ADDF_X1P4M_A9PP140ZTL_C30       3  2.7    21    44     141  (174.7400,141.3000) 
  FE_RC_2873_0/Y                                                (@)     A->Y  R     NAND2XB_X1M_A9PP140ZTL_C30      1  0.7    15    14     154  (174.8800,142.2000) 
  FE_RC_2872_0/Y                                                (@)     A->Y  F     NAND2_X1A_A9PP140ZTL_C30        2  2.4    25    17     171  (174.8800,142.2000) 
  FE_RC_3183_0/Y                                                (@)     C->Y  F     XOR3_X2M_A9PP140ZTL_C30         2  2.6    19    51     222  (176.9800,140.4000) 
  pp_fir_5_1_1_csa_tree_ADD_TC_OP_groupi3973_g2342/Y            (@)     B->Y  R     NOR2_X3A_A9PP140ZTL_C30         5  5.3    24    19     241  (178.1000,140.4000) 
  pp_fir_5_1_1_csa_tree_ADD_TC_OP_groupi3973_g2281/Y            (@)     BN->Y R     NAND3BB_X1M_A9PP140ZTL_C30      1  1.1    18    24     265  (181.0400,140.4000) 
  pp_fir_5_1_1_csa_tree_ADD_TC_OP_groupi3973_g2271/Y            (@)     A->Y  F     NOR3_X2A_A9PP140ZTL_C30         1  1.0    15     9     273  (180.7600,141.3000) 
  FE_RC_3559_0/Y                                                (@)     AN->Y F     NAND3BB_X2M_A9PP140ZTL_C30      2  3.2    19    26     299  (182.1600,142.2000) 
  FE_OFC2696_pp_fir_5_1_1_csa_tree_ADD_TC_OP_groupi3973_n_238/Y (@)     A->Y  R     INV_X2M_A9PP140ZTL_C30          1  3.7    16    14     312  (183.4200,146.7000) 
  FE_RC_2866_0/Y                                                (@)     C->Y  F     NAND3BB_X6M_A9PP140ZTL_C30      7 10.2    20    14     327  (182.5800,148.5000) 
  pp_fir_5_1_1_csa_tree_ADD_TC_OP_groupi3973_g2243/Y            (@)     A0->Y R     AOI21_X2M_A9PP140ZTL_C30        1  1.2    17    16     342  (184.9600,160.2000) 
  pp_fir_5_1_1_csa_tree_ADD_TC_OP_groupi3973_g2232/Y            (@)     S0->Y R     MXIT2_X1M_A9PP140ZTL_C30        1  0.8    23    16     358  (186.2200,160.2000) 
  pp_fir_5_1_1_sum1_4_im_1_reg[21]/D                            -       -     R     SDFFRPQ_X1M_A9PP140ZTL_C30      1    -     -     0     358  (187.7600,159.3000) 
#-------------------------------------------------------------------------------------------------------------------------------------------------------------------

(@) : Annotated capacitance.



Path 16: MET (-0 ps) Setup Check with Pin pp_fir_5_1_1_sum1_3_im_1_reg[15]/CK->D
           View: view_wcl_slow
          Group: clk
     Startpoint: (R) pp_fir_5_1_1_Delay_Pipeline_reg_im_reg[27][8]/CK
          Clock: (R) clk
       Endpoint: (F) pp_fir_5_1_1_sum1_3_im_1_reg[15]/D
          Clock: (R) clk

                     Capture       Launch     
        Clock Edge:+     500            0     
       Src Latency:+       0            0     
       Net Latency:+       0 (I)        0 (I) 
           Arrival:=     500            0     
                                              
             Setup:-      15                  
       Uncertainty:-     125                  
     Required Time:=     360                  
      Launch Clock:-       0                  
         Data Path:-     360                  
             Slack:=      -0                  

#-------------------------------------------------------------------------------------------------------------------------------------------------------------------
#                         Timing Point                          Flags   Arc   Edge            Cell             Fanout Load Trans Delay Arrival       Instance       
#                                                                                                                     (fF)  (ps)  (ps)   (ps)        Location       
#-------------------------------------------------------------------------------------------------------------------------------------------------------------------
  pp_fir_5_1_1_Delay_Pipeline_reg_im_reg[27][8]/CK              -       -     R     (arrival)                    3620    -    25     0       0                (-,-) 
  pp_fir_5_1_1_Delay_Pipeline_reg_im_reg[27][8]/Q               (@)     CK->Q R     DFFRPQA_X1M_A9PP140ZTL_C30      3  3.9    24    44      44  (202.1800,132.3000) 
  FE_OFC3755_pp_fir_5_1_1_Delay_Pipeline_reg_im_27__8/Y         (@)     A->Y  R     BUFH_X1M_A9PP140ZTL_C30         2  4.2    26    24      68  (203.8600,133.2000) 
  pp_fir_5_1_1_csa_tree_ADD_TC_OP_groupi3975_cdnfadd_008_0/CO   (@)     A->CO R     ADDF_X2M_A9PP140ZTL_C30         1  3.1    17    35     103  (198.6800,128.7000) 
  pp_fir_5_1_1_csa_tree_ADD_TC_OP_groupi3975_cdnfadd_009_2/CO   (@)     B->CO R     ADDF_X2M_A9PP140ZTL_C30         1  2.3    15    32     134  (196.3000,130.5000) 
  pp_fir_5_1_1_csa_tree_ADD_TC_OP_groupi3975_cdnfadd_010_3/S    (@)     CI->S F     ADDF_X1M_A9PP140ZTL_C30         2  2.3    24    44     178  (196.4400,133.2000) 
  FE_RC_3338_0/Y                                                (@)     B->Y  F     XOR3_X2M_A9PP140ZTL_C30         2  3.7    21    50     227  (196.0200,132.3000) 
  pp_fir_5_1_1_csa_tree_ADD_TC_OP_groupi3975_g1850/Y            (@)     A->Y  R     NAND2_X2A_A9PP140ZTL_C30        3  2.2    18    13     240  (192.1000,132.3000) 
  pp_fir_5_1_1_csa_tree_ADD_TC_OP_groupi3975_g1805/Y            (@)     B0->Y R     OA1B2_X1P4M_A9PP140ZTL_C30      1  1.4    16    20     260  (193.3600,132.3000) 
  pp_fir_5_1_1_csa_tree_ADD_TC_OP_groupi3975_g1789/Y            (@)     B0->Y F     OAI21_X2M_A9PP140ZTL_C30        1  1.6    17    12     272  (193.3600,134.1000) 
  pp_fir_5_1_1_csa_tree_ADD_TC_OP_groupi3975_g1785/Y            (@)     B0->Y R     AOI21_X3M_A9PP140ZTL_C30        3  6.1    29    21     293  (192.5200,135.0000) 
  FE_OFC2740_pp_fir_5_1_1_csa_tree_ADD_TC_OP_groupi3975_n_192/Y (@)     A->Y  F     INV_X1P7M_A9PP140ZTL_C30        3  4.1    18    13     306  (195.6000,140.4000) 
  pp_fir_5_1_1_csa_tree_ADD_TC_OP_groupi3975_g1774/Y            (@)     A0->Y R     AOI21_X2M_A9PP140ZTL_C30        2  2.3    22    17     323  (196.1600,140.4000) 
  pp_fir_5_1_1_csa_tree_ADD_TC_OP_groupi3975_g1766/Y            (@)     A0->Y F     OAI2XB1_X1M_A9PP140ZTL_C30      1  1.2    22    15     338  (195.6000,142.2000) 
  pp_fir_5_1_1_csa_tree_ADD_TC_OP_groupi3975_g1761/Y            (@)     S0->Y F     MXIT2_X1M_A9PP140ZTL_C30        1  0.9    22    22     360  (195.6000,143.1000) 
  pp_fir_5_1_1_sum1_3_im_1_reg[15]/D                            -       -     F     SDFFRPQ_X1M_A9PP140ZTL_C30      1    -     -     0     360  (189.5800,143.1000) 
#-------------------------------------------------------------------------------------------------------------------------------------------------------------------

(@) : Annotated capacitance.



Path 17: MET (0 ps) Setup Check with Pin pp_fir_5_1_1_sum1_12_im_1_reg[24]/CK->D
           View: view_wcl_slow
          Group: clk
     Startpoint: (R) pp_fir_5_1_1_Delay_Pipeline_reg_im_reg[9][2]/CK
          Clock: (R) clk
       Endpoint: (R) pp_fir_5_1_1_sum1_12_im_1_reg[24]/D
          Clock: (R) clk

                     Capture       Launch     
        Clock Edge:+     500            0     
       Src Latency:+       0            0     
       Net Latency:+       0 (I)        0 (I) 
           Arrival:=     500            0     
                                              
             Setup:-      17                  
       Uncertainty:-     125                  
     Required Time:=     358                  
      Launch Clock:-       0                  
         Data Path:-     358                  
             Slack:=       0                  

#--------------------------------------------------------------------------------------------------------------------------------------------------------------------
#                         Timing Point                          Flags    Arc   Edge            Cell              Fanout Load Trans Delay Arrival       Instance      
#                                                                                                                       (fF)  (ps)  (ps)   (ps)        Location      
#--------------------------------------------------------------------------------------------------------------------------------------------------------------------
  pp_fir_5_1_1_Delay_Pipeline_reg_im_reg[9][2]/CK               -       -      R     (arrival)                     3620    -    25     0       0               (-,-) 
  pp_fir_5_1_1_Delay_Pipeline_reg_im_reg[9][2]/Q                (@)     CK->Q  R     SDFFRPQA_X1M_A9PP140ZTL_C30      2  1.9    14    38      38  (184.6800,40.5000) 
  FE_OFC3708_pp_fir_5_1_1_Delay_Pipeline_reg_im_9__2/Y          (@)     A->Y   F     INV_X1P7M_A9PP140ZTL_C30         4 10.9    29    19      57  (187.6200,40.5000) 
  pp_fir_5_1_1_csa_tree_ADD_TC_OP_groupi3957_cdnfadd_008_0/CO   (@)     A->CO  F     ADDF_X1M_A9PP140ZTL_C30          1  2.6    20    40      97  (190.0000,44.1000) 
  pp_fir_5_1_1_csa_tree_ADD_TC_OP_groupi3957_cdnfadd_009_2/S    (@)     B->S   R     ADDF_X1P4M_A9PP140ZTL_C30        3  2.9    22    52     149  (190.2800,45.0000) 
  FE_RC_697_0/Y                                                 (@)     B0N->Y F     AO21B_X1M_A9PP140ZTL_C30         1  1.3    18    13     162  (192.2400,46.8000) 
  FE_RC_696_0/Y                                                 (@)     B0N->Y R     AO21B_X2M_A9PP140ZTL_C30         2  2.4    16    12     174  (192.2400,46.8000) 
  FE_RC_4096_0/Y                                                (@)     B->Y   R     XOR3_X1P4M_A9PP140ZTL_C30        2  3.1    24    46     220  (192.1000,42.3000) 
  pp_fir_5_1_1_csa_tree_ADD_TC_OP_groupi3957_g3906/Y            (@)     A->Y   F     NOR2_X3M_A9PP140ZTL_C30          3  3.5    19    13     234  (195.6000,41.4000) 
  pp_fir_5_1_1_csa_tree_ADD_TC_OP_groupi3957_g3873/Y            (@)     B->Y   R     NOR2_X3A_A9PP140ZTL_C30          4  6.0    25    20     254  (196.4400,40.5000) 
  pp_fir_5_1_1_csa_tree_ADD_TC_OP_groupi3957_g3826/Y            (@)     A0->Y  F     AOI21_X3M_A9PP140ZTL_C30         1  3.0    21    16     269  (197.7000,40.5000) 
  pp_fir_5_1_1_csa_tree_ADD_TC_OP_groupi3957_g3808/Y            (@)     A1->Y  R     AOI21_X4M_A9PP140ZTL_C30         1  3.0    17    17     286  (201.4800,40.5000) 
  pp_fir_5_1_1_csa_tree_ADD_TC_OP_groupi3957_g3805/Y            (@)     A->Y   F     NOR2_X4A_A9PP140ZTL_C30          6 12.0    24    17     303  (203.7200,44.1000) 
  FE_OFC2685_pp_fir_5_1_1_csa_tree_ADD_TC_OP_groupi3957_n_300/Y (@)     A->Y   R     INV_X4M_A9PP140ZTL_C30           3  3.9    12    13     316  (206.1000,73.8000) 
  pp_fir_5_1_1_csa_tree_ADD_TC_OP_groupi3957_g3794/Y            (@)     A->Y   F     NAND2_X1B_A9PP140ZTL_C30         1  0.9    14    11     327  (204.7000,78.3000) 
  pp_fir_5_1_1_csa_tree_ADD_TC_OP_groupi3957_g3776/Y            (@)     B->Y   R     NAND3_X1A_A9PP140ZTL_C30         1  1.6    23    16     343  (202.4600,78.3000) 
  pp_fir_5_1_1_csa_tree_ADD_TC_OP_groupi3957_g3766/Y            (@)     S0->Y  R     MXIT2_X1P4M_A9PP140ZTL_C30       1  0.6    17    15     358  (201.9000,81.0000) 
  pp_fir_5_1_1_sum1_12_im_1_reg[24]/D                           -       -      R     SDFFRPQ_X1M_A9PP140ZTL_C30       1    -     -     0     358  (201.4800,82.8000) 
#--------------------------------------------------------------------------------------------------------------------------------------------------------------------

(@) : Annotated capacitance.



Path 18: MET (0 ps) Setup Check with Pin pp_fir_5_1_1_sum1_12_im_1_reg[22]/CK->D
           View: view_wcl_slow
          Group: clk
     Startpoint: (R) pp_fir_5_1_1_Delay_Pipeline_reg_im_reg[9][2]/CK
          Clock: (R) clk
       Endpoint: (F) pp_fir_5_1_1_sum1_12_im_1_reg[22]/D
          Clock: (R) clk

                     Capture       Launch     
        Clock Edge:+     500            0     
       Src Latency:+       0            0     
       Net Latency:+       0 (I)        0 (I) 
           Arrival:=     500            0     
                                              
             Setup:-      15                  
       Uncertainty:-     125                  
     Required Time:=     360                  
      Launch Clock:-       0                  
         Data Path:-     360                  
             Slack:=       0                  

#------------------------------------------------------------------------------------------------------------------------------------------------------------------
#                        Timing Point                         Flags    Arc   Edge            Cell              Fanout Load Trans Delay Arrival       Instance      
#                                                                                                                     (fF)  (ps)  (ps)   (ps)        Location      
#------------------------------------------------------------------------------------------------------------------------------------------------------------------
  pp_fir_5_1_1_Delay_Pipeline_reg_im_reg[9][2]/CK             -       -      R     (arrival)                     3620    -    25     0       0               (-,-) 
  pp_fir_5_1_1_Delay_Pipeline_reg_im_reg[9][2]/Q              (@)     CK->Q  R     SDFFRPQA_X1M_A9PP140ZTL_C30      2  1.9    14    38      38  (184.6800,40.5000) 
  FE_OFC3708_pp_fir_5_1_1_Delay_Pipeline_reg_im_9__2/Y        (@)     A->Y   F     INV_X1P7M_A9PP140ZTL_C30         4 10.9    29    19      57  (187.6200,40.5000) 
  pp_fir_5_1_1_csa_tree_ADD_TC_OP_groupi3957_cdnfadd_008_0/CO (@)     A->CO  F     ADDF_X1M_A9PP140ZTL_C30          1  2.6    20    40      97  (190.0000,44.1000) 
  pp_fir_5_1_1_csa_tree_ADD_TC_OP_groupi3957_cdnfadd_009_2/S  (@)     B->S   R     ADDF_X1P4M_A9PP140ZTL_C30        3  2.9    22    52     149  (190.2800,45.0000) 
  FE_RC_697_0/Y                                               (@)     B0N->Y F     AO21B_X1M_A9PP140ZTL_C30         1  1.3    18    13     162  (192.2400,46.8000) 
  FE_RC_696_0/Y                                               (@)     B0N->Y R     AO21B_X2M_A9PP140ZTL_C30         2  2.4    16    12     174  (192.2400,46.8000) 
  FE_RC_4096_0/Y                                              (@)     B->Y   R     XOR3_X1P4M_A9PP140ZTL_C30        2  3.1    24    46     220  (192.1000,42.3000) 
  pp_fir_5_1_1_csa_tree_ADD_TC_OP_groupi3957_g3906/Y          (@)     A->Y   F     NOR2_X3M_A9PP140ZTL_C30          3  3.5    19    13     234  (195.6000,41.4000) 
  pp_fir_5_1_1_csa_tree_ADD_TC_OP_groupi3957_g3873/Y          (@)     B->Y   R     NOR2_X3A_A9PP140ZTL_C30          4  6.0    25    20     254  (196.4400,40.5000) 
  pp_fir_5_1_1_csa_tree_ADD_TC_OP_groupi3957_g3826/Y          (@)     A0->Y  F     AOI21_X3M_A9PP140ZTL_C30         1  3.0    21    16     269  (197.7000,40.5000) 
  pp_fir_5_1_1_csa_tree_ADD_TC_OP_groupi3957_g3808/Y          (@)     A1->Y  R     AOI21_X4M_A9PP140ZTL_C30         1  3.0    17    17     286  (201.4800,40.5000) 
  pp_fir_5_1_1_csa_tree_ADD_TC_OP_groupi3957_g3805/Y          (@)     A->Y   F     NOR2_X4A_A9PP140ZTL_C30          6 12.0    24    17     303  (203.7200,44.1000) 
  pp_fir_5_1_1_csa_tree_ADD_TC_OP_groupi3957_g3784/Y          (@)     A0->Y  R     OAI21_X2M_A9PP140ZTL_C30         2  2.5    25    22     326  (205.1200,74.7000) 
  pp_fir_5_1_1_csa_tree_ADD_TC_OP_groupi3957_g3771/Y          (@)     A0->Y  F     AOI21_X2M_A9PP140ZTL_C30         1  2.1    21    15     341  (202.7400,74.7000) 
  pp_fir_5_1_1_csa_tree_ADD_TC_OP_groupi3957_g3763/Y          (@)     S0->Y  F     MXIT2_X1P4M_A9PP140ZTL_C30       1  1.3    19    19     360  (202.1800,80.1000) 
  pp_fir_5_1_1_sum1_12_im_1_reg[22]/D                         -       -      F     SDFFRPQ_X1M_A9PP140ZTL_C30       1    -     -     0     360  (201.0600,86.4000) 
#------------------------------------------------------------------------------------------------------------------------------------------------------------------

(@) : Annotated capacitance.



Path 19: MET (0 ps) Setup Check with Pin pp_fir_5_1_1_sum1_10_im_1_reg[26]/CK->D
           View: view_wcl_slow
          Group: clk
     Startpoint: (R) pp_fir_5_1_1_Delay_Pipeline_reg_im_reg[13][0]/CK
          Clock: (R) clk
       Endpoint: (R) pp_fir_5_1_1_sum1_10_im_1_reg[26]/D
          Clock: (R) clk

                     Capture       Launch     
        Clock Edge:+     500            0     
       Src Latency:+       0            0     
       Net Latency:+       0 (I)        0 (I) 
           Arrival:=     500            0     
                                              
             Setup:-      16                  
       Uncertainty:-     125                  
     Required Time:=     359                  
      Launch Clock:-       0                  
         Data Path:-     359                  
             Slack:=       0                  

#-------------------------------------------------------------------------------------------------------------------------------------------------------------------
#                         Timing Point                          Flags    Arc   Edge            Cell             Fanout Load Trans Delay Arrival       Instance      
#                                                                                                                      (fF)  (ps)  (ps)   (ps)        Location      
#-------------------------------------------------------------------------------------------------------------------------------------------------------------------
  pp_fir_5_1_1_Delay_Pipeline_reg_im_reg[13][0]/CK              -       -      R     (arrival)                    3620    -    25     0       0               (-,-) 
  pp_fir_5_1_1_Delay_Pipeline_reg_im_reg[13][0]/Q               (@)     CK->Q  R     DFFRPQ_X3M_A9PP140ZTL_C30       4  8.6    20    56      56  (124.3400,52.2000) 
  FE_OCPC2259_pp_fir_5_1_1_Delay_Pipeline_reg_im_13__0/Y        (@)     A->Y   R     BUFH_X3M_A9PP140ZTL_C30         6  7.5    16    19      75  (127.2800,52.2000) 
  pp_fir_5_1_1_csa_tree_ADD_TC_OP_groupi3961_g12540/CO          (@)     B->CO  R     CGEN_X1M_A9PP140ZTL_C30         3  4.0    26    33     108  (130.9200,49.5000) 
  FE_OFC3322_pp_fir_5_1_1_csa_tree_ADD_TC_OP_groupi3961_n_269/Y (@)     A->Y   F     INV_X1B_A9PP140ZTL_C30          1  1.5    19    14     122  (129.8000,47.7000) 
  pp_fir_5_1_1_csa_tree_ADD_TC_OP_groupi3961_g12404/Y           (@)     A->Y   R     MXIT2_X1P4M_A9PP140ZTL_C30      1  1.6    22    16     138  (130.0800,46.8000) 
  pp_fir_5_1_1_csa_tree_ADD_TC_OP_groupi3961_g12354/Y           (@)     B->Y   R     XNOR2_X2M_A9PP140ZTL_C30        2  2.4    28    23     161  (129.6600,45.0000) 
  pp_fir_5_1_1_csa_tree_ADD_TC_OP_groupi3961_g12324/Y           (@)     A->Y   F     NOR2_X2M_A9PP140ZTL_C30         2  2.0    18    13     174  (128.1200,45.0000) 
  FE_RC_2502_0/Y                                                (@)     A0->Y  R     OAI21_X2M_A9PP140ZTL_C30        2  1.9    20    16     190  (128.2600,44.1000) 
  FE_RC_2130_0/CO                                               (@)     CI->CO R     CGEN_X1P4M_A9PP140ZTL_C30       2  3.4    19    30     220  (128.9600,43.2000) 
  FE_RC_3723_0/Y                                                (@)     A0->Y  F     AOI21_X3M_A9PP140ZTL_C30        2  1.7    18    13     233  (131.3400,42.3000) 
  pp_fir_5_1_1_csa_tree_ADD_TC_OP_groupi3961_g12160/Y           (@)     A->Y   R     NOR2_X2A_A9PP140ZTL_C30         2  3.3    22    17     250  (133.0200,43.2000) 
  FE_RC_3299_0/Y                                                (@)     A1->Y  R     AO21B_X3M_A9PP140ZTL_C30        3  5.6    18    26     275  (143.2400,43.2000) 
  FE_RC_3746_0/Y                                                (@)     B0->Y  R     AO1B2_X6M_A9PP140ZTL_C30        4  8.7    16    24     299  (150.8000,55.8000) 
  FE_OFC2698_pp_fir_5_1_1_csa_tree_ADD_TC_OP_groupi3961_n_792/Y (@)     A->Y   F     INV_X4M_A9PP140ZTL_C30          2  4.9    11    10     309  (149.1200,79.2000) 
  pp_fir_5_1_1_csa_tree_ADD_TC_OP_groupi3961_g12051/Y           (@)     A->Y   R     NOR2_X6A_A9PP140ZTL_C30         3  6.7    16    12     321  (148.1400,80.1000) 
  FE_RC_2686_0/Y                                                (@)     A->Y   F     NOR2_X3A_A9PP140ZTL_C30         2  2.5    16    10     331  (140.1600,89.1000) 
  FE_RC_2682_0/Y                                                (@)     A0->Y  R     OAI21_X2M_A9PP140ZTL_C30        1  1.4    21    14     345  (140.1600,89.1000) 
  FE_RC_2681_0/Y                                                (@)     S0->Y  R     MXIT2_X1P4M_A9PP140ZTL_C30      1  0.7    17    14     359  (140.1600,89.1000) 
  pp_fir_5_1_1_sum1_10_im_1_reg[26]/D                           -       -      R     SDFFRPQ_X2M_A9PP140ZTL_C30      1    -     -     0     359  (139.6000,90.9000) 
#-------------------------------------------------------------------------------------------------------------------------------------------------------------------

(@) : Annotated capacitance.



Path 20: MET (0 ps) Setup Check with Pin pp_fir_5_1_1_sum1_8_re_1_reg[25]/CK->D
           View: view_wcl_slow
          Group: clk
     Startpoint: (R) pp_fir_5_1_1_Delay_Pipeline_reg_re_reg[16][4]/CK
          Clock: (R) clk
       Endpoint: (R) pp_fir_5_1_1_sum1_8_re_1_reg[25]/D
          Clock: (R) clk

                     Capture       Launch     
        Clock Edge:+     500            0     
       Src Latency:+       0            0     
       Net Latency:+       0 (I)        0 (I) 
           Arrival:=     500            0     
                                              
             Setup:-      17                  
       Uncertainty:-     125                  
     Required Time:=     358                  
      Launch Clock:-       0                  
         Data Path:-     358                  
             Slack:=       0                  

#-------------------------------------------------------------------------------------------------------------------------------------------------------------
#                     Timing Point                      Flags    Arc   Edge             Cell              Fanout Load Trans Delay Arrival       Instance      
#                                                                                                                (fF)  (ps)  (ps)   (ps)        Location      
#-------------------------------------------------------------------------------------------------------------------------------------------------------------
  pp_fir_5_1_1_Delay_Pipeline_reg_re_reg[16][4]/CK      -       -      R     (arrival)                      3620    -    25     0       0               (-,-) 
  pp_fir_5_1_1_Delay_Pipeline_reg_re_reg[16][4]/Q       (@)     CK->Q  R     SDFFRPQA_X1M_A9PP140ZTL_C30       3  3.9    24    44      44   (90.6000,81.0000) 
  FE_OFC1319_pp_fir_5_1_1_Delay_Pipeline_reg_re_16__4/Y (@)     A->Y   F     INV_X3P5M_A9PP140ZTL_C30          9 11.6    21    15      59   (90.6000,82.8000) 
  pp_fir_5_1_1_csa_tree_ADD_TC_OP_groupi3966_g12365/Y   (@)     A->Y   R     NAND2_X2M_A9PP140ZTL_C30          2  2.1    17    15      74   (76.8800,84.6000) 
  pp_fir_5_1_1_csa_tree_ADD_TC_OP_groupi3966_g12281/Y   (@)     A->Y   F     INV_X1M_A9PP140ZTL_C30            2  2.1    15    12      86   (76.6000,84.6000) 
  pp_fir_5_1_1_csa_tree_ADD_TC_OP_groupi3966_g12315/Y   (@)     B0N->Y R     OA21B_X1M_A9PP140ZTL_C30          2  2.5    29    21     107   (75.7600,83.7000) 
  pp_fir_5_1_1_csa_tree_ADD_TC_OP_groupi3966_g12121/Y   (@)     B->Y   R     XNOR3_X2M_A9PP140ZTL_C30          3  2.4    19    44     151   (70.7200,82.8000) 
  FE_RC_445_0/Y                                         (@)     B->Y   F     NOR2_X1A_A9PP140ZTL_C30           1  0.6    12    10     161   (68.2000,82.8000) 
  FE_RC_444_0/Y                                         (@)     BN->Y  F     NAND2XB_X1P4M_A9PP140ZTL_C30      1  1.2    14    21     182   (68.2000,82.8000) 
  FE_RC_3119_0/Y                                        (@)     A->Y   R     NAND2XB_X2M_A9PP140ZTL_C30        2  2.1    16    12     194   (68.2000,82.8000) 
  FE_RC_2589_0/Y                                        (@)     B0->Y  F     OAI2XB1_X2M_A9PP140ZTL_C30        1  1.3    15    11     205   (68.4800,83.7000) 
  FE_RC_2588_0/Y                                        (@)     B0N->Y R     AO21B_X2M_A9PP140ZTL_C30          2  2.3    16    11     216   (68.4800,83.7000) 
  pp_fir_5_1_1_csa_tree_ADD_TC_OP_groupi3966_g11938/Y   (@)     A0->Y  F     AOI21_X2M_A9PP140ZTL_C30          3  4.0    27    19     235   (67.7800,85.5000) 
  FE_RC_4221_0/Y                                        (@)     A->Y   R     NOR3_X4A_A9PP140ZTL_C30           1  2.6    22    16     251   (67.0800,90.0000) 
  pp_fir_5_1_1_csa_tree_ADD_TC_OP_groupi3966_g11897/Y   (@)     B->Y   F     NOR2_X4A_A9PP140ZTL_C30           4  6.0    18    14     265   (68.0600,91.8000) 
  FE_RC_2425_0/Y                                        (@)     A->Y   R     NOR3_X4A_A9PP140ZTL_C30           1  3.9    24    17     282  (71.1400,102.6000) 
  pp_fir_5_1_1_csa_tree_ADD_TC_OP_groupi3966_g11869/Y   (@)     B->Y   F     NOR2_X6A_A9PP140ZTL_C30           8 15.7    26    17     299  (72.9600,105.3000) 
  FE_RC_2121_0/Y                                        (@)     B->Y   R     NOR3_X2A_A9PP140ZTL_C30           1  1.2    20    22     321  (83.0400,126.9000) 
  FE_RC_2120_0/Y                                        (@)     A->Y   F     NOR2XB_X2M_A9PP140ZTL_C30         1  1.2    12     8     330  (83.0400,126.9000) 
  FE_RC_2119_0/Y                                        (@)     B0->Y  R     OAI21_X2M_A9PP140ZTL_C30          1  1.5    21    11     340  (83.0400,126.9000) 
  pp_fir_5_1_1_csa_tree_ADD_TC_OP_groupi3966_g11820/Y   (@)     S0->Y  R     MXIT2_X1P4M_A9PP140ZTL_C30        1  2.0    23    18     358  (81.7800,127.8000) 
  pp_fir_5_1_1_sum1_8_re_1_reg[25]/D                    -       -      R     SDFFRPQ_X1M_A9PP140ZTL_C30        1    -     -     0     358  (80.8000,139.5000) 
#-------------------------------------------------------------------------------------------------------------------------------------------------------------

(@) : Annotated capacitance.



Path 21: MET (0 ps) Setup Check with Pin pp_fir_5_1_1_sum1_8_im_1_reg[22]/CK->D
           View: view_wcl_slow
          Group: clk
     Startpoint: (R) pp_fir_5_1_1_Delay_Pipeline_reg_im_reg[17][7]/CK
          Clock: (R) clk
       Endpoint: (R) pp_fir_5_1_1_sum1_8_im_1_reg[22]/D
          Clock: (R) clk

                     Capture       Launch     
        Clock Edge:+     500            0     
       Src Latency:+       0            0     
       Net Latency:+       0 (I)        0 (I) 
           Arrival:=     500            0     
                                              
             Setup:-      17                  
       Uncertainty:-     125                  
     Required Time:=     358                  
      Launch Clock:-       0                  
         Data Path:-     358                  
             Slack:=       0                  

#--------------------------------------------------------------------------------------------------------------------------------------------------------------------
#                         Timing Point                          Flags    Arc   Edge            Cell             Fanout Load Trans Delay Arrival       Instance       
#                                                                                                                      (fF)  (ps)  (ps)   (ps)        Location       
#--------------------------------------------------------------------------------------------------------------------------------------------------------------------
  pp_fir_5_1_1_Delay_Pipeline_reg_im_reg[17][7]/CK              -       -      R     (arrival)                    3620    -    25     0       0                (-,-) 
  pp_fir_5_1_1_Delay_Pipeline_reg_im_reg[17][7]/Q               (@)     CK->Q  F     SDFFRPQ_X4M_A9PP140ZTL_C30      7 10.8    17    59      59  (108.1000,116.1000) 
  FE_OFC3544_pp_fir_5_1_1_Delay_Pipeline_reg_im_17__7/Y         (@)     A->Y   R     INV_X4M_A9PP140ZTL_C30          5  7.9    15    14      73  (107.1200,116.1000) 
  FE_RC_615_0/Y                                                 (@)     B->Y   R     XNOR3_X2M_A9PP140ZTL_C30        3  4.2    23    46     119  (106.1400,106.2000) 
  FE_RC_3825_0/Y                                                (@)     B0->Y  F     OAI2XB1_X2M_A9PP140ZTL_C30      1  1.3    16    12     130  (106.1400,105.3000) 
  FE_RC_3824_0/Y                                                (@)     B0N->Y R     AO21B_X2M_A9PP140ZTL_C30        2  2.8    17    12     143  (106.1400,105.3000) 
  FE_RC_2579_0/Y                                                (@)     C->Y   R     XOR3_X2M_A9PP140ZTL_C30         2  3.0    20    48     191  (108.9400,108.9000) 
  pp_fir_5_1_1_csa_tree_ADD_TC_OP_groupi3965_g12023/CO          (@)     CI->CO R     CGEN_X1M_A9PP140ZTL_C30         2  2.7    20    29     220  (117.0600,108.9000) 
  pp_fir_5_1_1_csa_tree_ADD_TC_OP_groupi3965_g11971/Y           (@)     B->Y   F     NAND2_X2A_A9PP140ZTL_C30        3  3.6    20    15     235  (118.1800,108.9000) 
  FE_RC_2666_0/Y                                                (@)     A1->Y  R     AOI21_X3M_A9PP140ZTL_C30        2  2.7    19    18     253  (118.0400,109.8000) 
  FE_RC_2398_0/Y                                                (@)     A0->Y  F     AOI21_X3M_A9PP140ZTL_C30        1  2.7    19    14     267  (118.0400,111.6000) 
  pp_fir_5_1_1_csa_tree_ADD_TC_OP_groupi3965_g11873/Y           (@)     A0->Y  R     OAI21_X4M_A9PP140ZTL_C30        1  3.7    21    16     283  (117.0600,113.4000) 
  pp_fir_5_1_1_csa_tree_ADD_TC_OP_groupi3965_g11869/Y           (@)     A->Y   F     NOR2_X6A_A9PP140ZTL_C30         8 16.1    26    15     298  (117.4800,114.3000) 
  FE_OFC2678_pp_fir_5_1_1_csa_tree_ADD_TC_OP_groupi3965_n_759/Y (@)     A->Y   R     INV_X4M_A9PP140ZTL_C30          7  8.9    20    20     318   (97.1800,128.7000) 
  pp_fir_5_1_1_csa_tree_ADD_TC_OP_groupi3965_g11830/Y           (@)     A0->Y  R     AO21B_X1P4M_A9PP140ZTL_C30      1  1.5    15    25     344   (93.1200,135.0000) 
  pp_fir_5_1_1_csa_tree_ADD_TC_OP_groupi3965_g11824/Y           (@)     S0->Y  R     MXIT2_X1P4M_A9PP140ZTL_C30      1  1.1    20    14     358   (92.8400,136.8000) 
  pp_fir_5_1_1_sum1_8_im_1_reg[22]/D                            -       -      R     SDFFRPQ_X1M_A9PP140ZTL_C30      1    -     -     0     358   (91.1600,143.1000) 
#--------------------------------------------------------------------------------------------------------------------------------------------------------------------

(@) : Annotated capacitance.



Path 22: MET (0 ps) Setup Check with Pin pp_fir_5_1_1_sum1_5_re_1_reg[24]/CK->D
           View: view_wcl_slow
          Group: clk
     Startpoint: (R) pp_fir_5_1_1_Delay_Pipeline_reg_re_reg[23][8]/CK
          Clock: (R) clk
       Endpoint: (F) pp_fir_5_1_1_sum1_5_re_1_reg[24]/D
          Clock: (R) clk

                     Capture       Launch     
        Clock Edge:+     500            0     
       Src Latency:+       0            0     
       Net Latency:+       0 (I)        0 (I) 
           Arrival:=     500            0     
                                              
             Setup:-      16                  
       Uncertainty:-     125                  
     Required Time:=     359                  
      Launch Clock:-       0                  
         Data Path:-     359                  
             Slack:=       0                  

#-------------------------------------------------------------------------------------------------------------------------------------------------------------------
#                         Timing Point                          Flags    Arc   Edge            Cell             Fanout Load Trans Delay Arrival       Instance      
#                                                                                                                      (fF)  (ps)  (ps)   (ps)        Location      
#-------------------------------------------------------------------------------------------------------------------------------------------------------------------
  pp_fir_5_1_1_Delay_Pipeline_reg_re_reg[23][8]/CK              -       -      R     (arrival)                    3620    -    25     0       0               (-,-) 
  pp_fir_5_1_1_Delay_Pipeline_reg_re_reg[23][8]/Q               (@)     CK->Q  F     DFFRPQ_X4M_A9PP140ZTL_C30       7 14.3    20    60      60  (31.2400,127.8000) 
  FE_OFC658_pp_fir_5_1_1_Delay_Pipeline_reg_re_23__8/Y          (@)     A->Y   R     INV_X2M_A9PP140ZTL_C30          2  5.7    21    18      78  (33.9000,120.6000) 
  FE_RC_2972_0/Y                                                (@)     B0->Y  R     OA1B2_X3M_A9PP140ZTL_C30        1  2.8    16    20      98  (34.0400,111.6000) 
  pp_fir_5_1_1_csa_tree_ADD_TC_OP_groupi3972_cdnfadd_008_1/S    (@)     B->S   F     ADDF_X1M_A9PP140ZTL_C30         1  2.0    22    44     142  (33.2000,108.9000) 
  pp_fir_5_1_1_csa_tree_ADD_TC_OP_groupi3972_cdnfadd_008_2/CO   (@)     CI->CO F     ADDF_X1M_A9PP140ZTL_C30         1  0.8    12    29     171  (31.3800,108.0000) 
  pp_fir_5_1_1_csa_tree_ADD_TC_OP_groupi3972_g1817/Y            (@)     A->Y   R     INV_X1M_A9PP140ZTL_C30          2  2.1    16    13     184  (33.6200,107.1000) 
  pp_fir_5_1_1_csa_tree_ADD_TC_OP_groupi3972_g1811/Y            (@)     BN->Y  R     NOR2XB_X3M_A9PP140ZTL_C30       3  2.4    18    22     206  (34.3200,107.1000) 
  pp_fir_5_1_1_csa_tree_ADD_TC_OP_groupi3972_g1797/Y            (@)     B0->Y  R     OA1B2_X1P4M_A9PP140ZTL_C30      2  3.0    25    25     232  (34.3200,106.2000) 
  pp_fir_5_1_1_csa_tree_ADD_TC_OP_groupi3972_g1793/Y            (@)     B0N->Y F     AO21B_X4M_A9PP140ZTL_C30        3  5.0    19    13     244  (35.7200,105.3000) 
  pp_fir_5_1_1_csa_tree_ADD_TC_OP_groupi3972_g1702/Y            (@)     A1->Y  R     AOI21_X4M_A9PP140ZTL_C30        1  3.4    19    17     261  (38.5200,108.9000) 
  pp_fir_5_1_1_csa_tree_ADD_TC_OP_groupi3972_g1906/Y            (@)     C->Y   F     NOR3BB_X4M_A9PP140ZTL_C30       1  1.9    15    12     274  (37.8200,117.9000) 
  pp_fir_5_1_1_csa_tree_ADD_TC_OP_groupi3972_g1694/Y            (@)     B->Y   R     NOR2_X3A_A9PP140ZTL_C30         5  9.5    34    24     298  (39.6400,117.9000) 
  FE_OFC2707_pp_fir_5_1_1_csa_tree_ADD_TC_OP_groupi3972_n_212/Y (@)     A->Y   F     INV_X2M_A9PP140ZTL_C30          1  2.2    14    10     308  (42.5800,139.5000) 
  pp_fir_5_1_1_csa_tree_ADD_TC_OP_groupi3972_g1679/Y            (@)     A0->Y  R     AOI21_X3M_A9PP140ZTL_C30        2  3.7    22    16     324  (42.4400,141.3000) 
  FE_RC_4280_0/Y                                                (@)     A0->Y  F     OAI2XB1_X3M_A9PP140ZTL_C30      2  2.9    23    14     338  (42.4400,142.2000) 
  pp_fir_5_1_1_csa_tree_ADD_TC_OP_groupi3972_g1666/Y            (@)     S0->Y  F     MXIT2_X1P4M_A9PP140ZTL_C30      1  1.8    23    21     359  (45.8000,142.2000) 
  pp_fir_5_1_1_sum1_5_re_1_reg[24]/D                            -       -      F     SDFFRPQ_X1M_A9PP140ZTL_C30      1    -     -     0     359  (55.6000,143.1000) 
#-------------------------------------------------------------------------------------------------------------------------------------------------------------------

(@) : Annotated capacitance.



Path 23: MET (0 ps) Setup Check with Pin pp_fir_5_1_1_sum1_4_re_1_reg[20]/CK->D
           View: view_wcl_slow
          Group: clk
     Startpoint: (R) pp_fir_5_1_1_Delay_Pipeline_reg_re_reg[24][6]/CK
          Clock: (R) clk
       Endpoint: (R) pp_fir_5_1_1_sum1_4_re_1_reg[20]/D
          Clock: (R) clk

                     Capture       Launch     
        Clock Edge:+     500            0     
       Src Latency:+       0            0     
       Net Latency:+       0 (I)        0 (I) 
           Arrival:=     500            0     
                                              
             Setup:-      17                  
       Uncertainty:-     125                  
     Required Time:=     358                  
      Launch Clock:-       0                  
         Data Path:-     358                  
             Slack:=       0                  

#---------------------------------------------------------------------------------------------------------------------------------------------------------------------
#                         Timing Point                           Flags    Arc   Edge            Cell              Fanout Load Trans Delay Arrival       Instance      
#                                                                                                                        (fF)  (ps)  (ps)   (ps)        Location      
#---------------------------------------------------------------------------------------------------------------------------------------------------------------------
  pp_fir_5_1_1_Delay_Pipeline_reg_re_reg[24][6]/CK               -       -      R     (arrival)                     3620    -    25     0       0               (-,-) 
  pp_fir_5_1_1_Delay_Pipeline_reg_re_reg[24][6]/Q                (@)     CK->Q  R     SDFFRPQA_X1M_A9PP140ZTL_C30      3  3.6    22    43      43  (27.0400,121.5000) 
  FE_OFC1847_pp_fir_5_1_1_Delay_Pipeline_reg_re_24__6/Y          (@)     A->Y   F     INV_X4M_A9PP140ZTL_C30           5 14.4    22    16      59  (27.0400,121.5000) 
  pp_fir_5_1_1_csa_tree_ADD_TC_OP_groupi3974_cdnfadd_009_1/CO    (@)     B->CO  F     ADDF_X1P4M_A9PP140ZTL_C30        1  2.0    15    33      92  (24.5200,120.6000) 
  pp_fir_5_1_1_csa_tree_ADD_TC_OP_groupi3974_cdnfadd_010_2/CO    (@)     CI->CO F     ADDF_X1P4M_A9PP140ZTL_C30        1  2.2    15    30     122  (24.5200,121.5000) 
  pp_fir_5_1_1_csa_tree_ADD_TC_OP_groupi3974_cdnfadd_011_3/S     (@)     CI->S  F     ADDF_X1P4M_A9PP140ZTL_C30        1  2.6    21    43     165  (24.3800,123.3000) 
  pp_fir_5_1_1_csa_tree_ADD_TC_OP_groupi3974_cdnfadd_011_4/S     (@)     B->S   R     ADDF_X1M_A9PP140ZTL_C30          2  2.3    24    50     214  (21.5800,123.3000) 
  pp_fir_5_1_1_csa_tree_ADD_TC_OP_groupi3974_g2342/Y             (@)     B->Y   F     NOR2_X2A_A9PP140ZTL_C30          3  2.6    17    13     227  (20.1800,120.6000) 
  FE_OCPC2490_pp_fir_5_1_1_csa_tree_ADD_TC_OP_groupi3974_n_154/Y (@)     A->Y   F     BUFH_X2M_A9PP140ZTL_C30          3  3.1    11    18     246  (18.5000,120.6000) 
  pp_fir_5_1_1_csa_tree_ADD_TC_OP_groupi3974_g2295/Y             (@)     B->Y   R     NOR2_X2A_A9PP140ZTL_C30          2  3.0    21    16     261  (16.9600,119.7000) 
  FE_OFC2851_pp_fir_5_1_1_csa_tree_ADD_TC_OP_groupi3974_n_205/Y  (@)     A->Y   F     INV_X1M_A9PP140ZTL_C30           1  1.6    13    10     272  (17.5200,120.6000) 
  pp_fir_5_1_1_csa_tree_ADD_TC_OP_groupi3974_g2267/Y             (@)     D->Y   R     NOR4BB_X3M_A9PP140ZTL_C30        2  6.3    38    28     299  (18.2200,120.6000) 
  pp_fir_5_1_1_csa_tree_ADD_TC_OP_groupi3974_g2251/Y             (@)     D->Y   F     NOR4BB_X4M_A9PP140ZTL_C30        1  4.9    31    23     323  (21.0200,133.2000) 
  pp_fir_5_1_1_csa_tree_ADD_TC_OP_groupi3974_g2237/Y             (@)     A0->Y  R     OAI21_X4M_A9PP140ZTL_C30         2  3.1    22    19     341  (27.4600,145.8000) 
  pp_fir_5_1_1_csa_tree_ADD_TC_OP_groupi3974_g2233/Y             (@)     S0->Y  R     MXIT2_X1M_A9PP140ZTL_C30         1  0.7    20    17     358  (27.7400,148.5000) 
  pp_fir_5_1_1_sum1_4_re_1_reg[20]/D                             -       -      R     SDFFRPQ_X1M_A9PP140ZTL_C30       1    -     -     0     358  (26.2000,150.3000) 
#---------------------------------------------------------------------------------------------------------------------------------------------------------------------

(@) : Annotated capacitance.



Path 24: MET (0 ps) Setup Check with Pin pp_fir_5_1_1_sum1_4_im_1_reg[22]/CK->D
           View: view_wcl_slow
          Group: clk
     Startpoint: (R) pp_fir_5_1_1_Delay_Pipeline_reg_im_reg[24][8]/CK
          Clock: (R) clk
       Endpoint: (R) pp_fir_5_1_1_sum1_4_im_1_reg[22]/D
          Clock: (R) clk

                     Capture       Launch     
        Clock Edge:+     500            0     
       Src Latency:+       0            0     
       Net Latency:+       0 (I)        0 (I) 
           Arrival:=     500            0     
                                              
             Setup:-      17                  
       Uncertainty:-     125                  
     Required Time:=     358                  
      Launch Clock:-       0                  
         Data Path:-     358                  
             Slack:=       0                  

#-------------------------------------------------------------------------------------------------------------------------------------------------------------------
#                         Timing Point                          Flags   Arc   Edge            Cell             Fanout Load Trans Delay Arrival       Instance       
#                                                                                                                     (fF)  (ps)  (ps)   (ps)        Location       
#-------------------------------------------------------------------------------------------------------------------------------------------------------------------
  pp_fir_5_1_1_Delay_Pipeline_reg_im_reg[24][8]/CK              -       -     R     (arrival)                    3620    -    25     0       0                (-,-) 
  pp_fir_5_1_1_Delay_Pipeline_reg_im_reg[24][8]/Q               (@)     CK->Q R     DFFRPQA_X1M_A9PP140ZTL_C30      3  3.9    24    44      44  (169.4200,145.8000) 
  FE_OFC3752_pp_fir_5_1_1_Delay_Pipeline_reg_im_24__8/Y         (@)     A->Y  F     INV_X4M_A9PP140ZTL_C30          5 14.0    22    16      60  (169.7000,145.8000) 
  pp_fir_5_1_1_csa_tree_ADD_TC_OP_groupi3973_cdnfadd_009_1/CO   (@)     A->CO F     ADDF_X1M_A9PP140ZTL_C30         1  2.1    19    37      97  (175.0200,140.4000) 
  pp_fir_5_1_1_csa_tree_ADD_TC_OP_groupi3973_cdnfadd_010_2/S    (@)     CI->S F     ADDF_X1P4M_A9PP140ZTL_C30       3  2.7    21    44     141  (174.7400,141.3000) 
  FE_RC_2873_0/Y                                                (@)     A->Y  R     NAND2XB_X1M_A9PP140ZTL_C30      1  0.7    15    14     154  (174.8800,142.2000) 
  FE_RC_2872_0/Y                                                (@)     A->Y  F     NAND2_X1A_A9PP140ZTL_C30        2  2.4    25    17     171  (174.8800,142.2000) 
  FE_RC_3183_0/Y                                                (@)     C->Y  F     XOR3_X2M_A9PP140ZTL_C30         2  2.6    19    51     222  (176.9800,140.4000) 
  pp_fir_5_1_1_csa_tree_ADD_TC_OP_groupi3973_g2342/Y            (@)     B->Y  R     NOR2_X3A_A9PP140ZTL_C30         5  5.3    24    19     241  (178.1000,140.4000) 
  pp_fir_5_1_1_csa_tree_ADD_TC_OP_groupi3973_g2281/Y            (@)     BN->Y R     NAND3BB_X1M_A9PP140ZTL_C30      1  1.1    18    24     265  (181.0400,140.4000) 
  pp_fir_5_1_1_csa_tree_ADD_TC_OP_groupi3973_g2271/Y            (@)     A->Y  F     NOR3_X2A_A9PP140ZTL_C30         1  1.0    15     9     273  (180.7600,141.3000) 
  FE_RC_3559_0/Y                                                (@)     AN->Y F     NAND3BB_X2M_A9PP140ZTL_C30      2  3.2    19    26     299  (182.1600,142.2000) 
  FE_OFC2696_pp_fir_5_1_1_csa_tree_ADD_TC_OP_groupi3973_n_238/Y (@)     A->Y  R     INV_X2M_A9PP140ZTL_C30          1  3.7    16    14     312  (183.4200,146.7000) 
  FE_RC_2866_0/Y                                                (@)     C->Y  F     NAND3BB_X6M_A9PP140ZTL_C30      7 10.2    20    14     327  (182.5800,148.5000) 
  pp_fir_5_1_1_csa_tree_ADD_TC_OP_groupi3973_g2242/Y            (@)     A0->Y R     AOI21_X2M_A9PP140ZTL_C30        1  1.1    17    16     342  (184.4000,161.1000) 
  pp_fir_5_1_1_csa_tree_ADD_TC_OP_groupi3973_g2231/Y            (@)     S0->Y R     MXIT2_X1M_A9PP140ZTL_C30        1  0.7    21    16     358  (185.5200,161.1000) 
  pp_fir_5_1_1_sum1_4_im_1_reg[22]/D                            -       -     R     SDFFRPQ_X1M_A9PP140ZTL_C30      1    -     -     0     358  (184.2600,159.3000) 
#-------------------------------------------------------------------------------------------------------------------------------------------------------------------

(@) : Annotated capacitance.



Path 25: MET (0 ps) Setup Check with Pin pp_fir_5_1_1_sum1_2_im_1_reg[21]/CK->D
           View: view_wcl_slow
          Group: clk
     Startpoint: (R) pp_fir_5_1_1_Delay_Pipeline_reg_im_reg[28][7]/CK
          Clock: (R) clk
       Endpoint: (F) pp_fir_5_1_1_sum1_2_im_1_reg[21]/D
          Clock: (R) clk

                     Capture       Launch     
        Clock Edge:+     500            0     
       Src Latency:+       0            0     
       Net Latency:+       0 (I)        0 (I) 
           Arrival:=     500            0     
                                              
             Setup:-      15                  
       Uncertainty:-     125                  
     Required Time:=     360                  
      Launch Clock:-       0                  
         Data Path:-     360                  
             Slack:=       0                  

#-------------------------------------------------------------------------------------------------------------------------------------------------------------------
#                        Timing Point                          Flags    Arc   Edge            Cell             Fanout Load Trans Delay Arrival       Instance       
#                                                                                                                     (fF)  (ps)  (ps)   (ps)        Location       
#-------------------------------------------------------------------------------------------------------------------------------------------------------------------
  pp_fir_5_1_1_Delay_Pipeline_reg_im_reg[28][7]/CK             -       -      R     (arrival)                    3620    -    25     0       0                (-,-) 
  pp_fir_5_1_1_Delay_Pipeline_reg_im_reg[28][7]/Q              (@)     CK->Q  F     DFFRPQ_X4M_A9PP140ZTL_C30       5  6.3    12    54      54  (203.5800,122.4000) 
  pp_fir_5_1_1_csa_tree_SUB_TC_OP_1_pad_groupi_g1270/Y         (@)     A->Y   R     INV_X2M_A9PP140ZTL_C30          4  7.0    22    17      71  (203.7200,109.8000) 
  pp_fir_5_1_1_csa_tree_SUB_TC_OP_1_pad_groupi_g1210/Y         (@)     A1->Y  R     OA21B_X1M_A9PP140ZTL_C30        1  2.6    35    30     102  (203.5800,100.8000) 
  pp_fir_5_1_1_csa_tree_SUB_TC_OP_1_pad_groupi_cdnfadd_008_1/S (@)     A->S   F     ADDF_X1M_A9PP140ZTL_C30         1  2.9    26    50     151   (202.4600,99.9000) 
  pp_fir_5_1_1_csa_tree_SUB_TC_OP_1_pad_groupi_cdnfadd_008_2/S (@)     B->S   F     ADDF_X1M_A9PP140ZTL_C30         2  2.0    22    47     199   (199.9400,97.2000) 
  pp_fir_5_1_1_csa_tree_SUB_TC_OP_1_pad_groupi_g1166/Y         (@)     A->Y   R     NOR2_X1B_A9PP140ZTL_C30         2  1.7    24    19     218   (198.5400,97.2000) 
  pp_fir_5_1_1_csa_tree_SUB_TC_OP_1_pad_groupi_g1136/Y         (@)     B->Y   F     NOR2_X1A_A9PP140ZTL_C30         2  2.1    22    16     234   (198.6800,96.3000) 
  pp_fir_5_1_1_csa_tree_SUB_TC_OP_1_pad_groupi_g1115/Y         (@)     C->Y   R     NAND3BB_X2M_A9PP140ZTL_C30      2  3.3    22    18     253   (197.2800,96.3000) 
  FE_RC_2945_0/Y                                               (@)     B->Y   F     NOR2_X2M_A9PP140ZTL_C30         1  1.1    14    12     264  (195.7400,102.6000) 
  FE_RC_2944_0/Y                                               (@)     A->Y   R     NAND2_X1P4B_A9PP140ZTL_C30      1  1.3    15    10     274  (195.7400,102.6000) 
  pp_fir_5_1_1_csa_tree_SUB_TC_OP_1_pad_groupi_g1092/Y         (@)     B0->Y  F     OAI211_X2M_A9PP140ZTL_C30       5  5.9    47    29     303  (195.6000,104.4000) 
  pp_fir_5_1_1_csa_tree_SUB_TC_OP_1_pad_groupi_g1080/Y         (@)     A0->Y  R     AOI21_X1M_A9PP140ZTL_C30        1  0.9    22    22     326  (195.7400,117.9000) 
  pp_fir_5_1_1_csa_tree_SUB_TC_OP_1_pad_groupi_g1073/Y         (@)     B0N->Y F     AO21B_X1M_A9PP140ZTL_C30        1  1.6    21    15     340  (196.3000,119.7000) 
  pp_fir_5_1_1_csa_tree_SUB_TC_OP_1_pad_groupi_g1066/Y         (@)     S0->Y  F     MXIT2_X1P4M_A9PP140ZTL_C30      1  1.4    20    20     360  (197.9800,120.6000) 
  pp_fir_5_1_1_sum1_2_im_1_reg[21]/D                           -       -      F     SDFFRPQ_X1M_A9PP140ZTL_C30      1    -     -     0     360  (188.0400,120.6000) 
#-------------------------------------------------------------------------------------------------------------------------------------------------------------------

(@) : Annotated capacitance.



Path 26: MET (0 ps) Setup Check with Pin pp_fir_5_1_1_sum1_10_re_1_reg[25]/CK->D
           View: view_wcl_slow
          Group: clk
     Startpoint: (R) pp_fir_5_1_1_Delay_Pipeline_reg_re_reg[12][11]/CK
          Clock: (R) clk
       Endpoint: (R) pp_fir_5_1_1_sum1_10_re_1_reg[25]/D
          Clock: (R) clk

                     Capture       Launch     
        Clock Edge:+     500            0     
       Src Latency:+       0            0     
       Net Latency:+       0 (I)        0 (I) 
           Arrival:=     500            0     
                                              
             Setup:-      16                  
       Uncertainty:-     125                  
     Required Time:=     359                  
      Launch Clock:-       0                  
         Data Path:-     359                  
             Slack:=       0                  

#--------------------------------------------------------------------------------------------------------------------------------------------------------------------
#                         Timing Point                          Flags    Arc    Edge            Cell             Fanout Load Trans Delay Arrival       Instance      
#                                                                                                                       (fF)  (ps)  (ps)   (ps)        Location      
#--------------------------------------------------------------------------------------------------------------------------------------------------------------------
  pp_fir_5_1_1_Delay_Pipeline_reg_re_reg[12][11]/CK             -       -       R     (arrival)                    3620    -    25     0       0               (-,-) 
  pp_fir_5_1_1_Delay_Pipeline_reg_re_reg[12][11]/Q              (@)     CK->Q   F     DFFRPQ_X4M_A9PP140ZTL_C30       5 11.0    17    58      58   (90.6000,30.6000) 
  FE_OFC1779_pp_fir_5_1_1_Delay_Pipeline_reg_re_12__11/Y        (@)     A->Y    R     INV_X5M_A9PP140ZTL_C30          4  8.2    14    13      71  (108.5200,31.5000) 
  FE_RC_325_0/CON                                               (@)     A->CON  F     CGENI_X2M_A9PP140ZTL_C30        1  2.9    28    19      89  (108.6600,30.6000) 
  pp_fir_5_1_1_csa_tree_ADD_TC_OP_groupi3962_g12371/CO          (@)     CI->CO  F     ADDF_X1P4M_A9PP140ZTL_C30       2  4.6    22    38     128  (112.5800,36.0000) 
  pp_fir_5_1_1_csa_tree_ADD_TC_OP_groupi3962_g2/CO              (@)     A->CO   F     CGEN_X1P4M_A9PP140ZTL_C30       2  2.5    14    28     156  (115.2400,36.0000) 
  FE_RC_1299_0/Y                                                (@)     C->Y    F     XOR3_X2M_A9PP140ZTL_C30         2  4.5    23    52     208  (114.9600,36.9000) 
  FE_RC_3713_0/CON                                              (@)     CI->CON R     CGENI_X2M_A9PP140ZTL_C30        1  1.9    25    18     226  (101.1000,36.9000) 
  FE_OFC2876_FE_RN_1863_0/Y                                     (@)     A->Y    F     INV_X3M_A9PP140ZTL_C30          2  4.5    14    10     236  (102.0800,36.9000) 
  pp_fir_5_1_1_csa_tree_ADD_TC_OP_groupi3962_g12103/Y           (@)     B->Y    R     NOR2_X3M_A9PP140ZTL_C30         3  4.1    20    16     252   (95.9200,39.6000) 
  pp_fir_5_1_1_csa_tree_ADD_TC_OP_groupi3962_g12073/Y           (@)     A1->Y   F     AOI21_X4M_A9PP140ZTL_C30        2  3.3    18    14     266   (96.2000,41.4000) 
  pp_fir_5_1_1_csa_tree_ADD_TC_OP_groupi3962_g12060/Y           (@)     A0->Y   R     OAI21_X4M_A9PP140ZTL_C30        1  2.5    18    14     280   (96.6200,44.1000) 
  pp_fir_5_1_1_csa_tree_ADD_TC_OP_groupi3962_g12050/Y           (@)     A0->Y   F     AOI21_X4M_A9PP140ZTL_C30        2  6.4    24    17     298   (96.7600,45.0000) 
  FE_OFC2692_pp_fir_5_1_1_csa_tree_ADD_TC_OP_groupi3962_n_798/Y (@)     A->Y    R     INV_X4M_A9PP140ZTL_C30          3  8.6    19    16     314   (97.6000,46.8000) 
  FE_RC_3401_0/Y                                                (@)     A0->Y   F     AOI31_X6M_A9PP140ZTL_C30        1  2.4    25    15     329   (98.5800,50.4000) 
  FE_RC_3400_0/Y                                                (@)     B0->Y   R     OAI21_X4M_A9PP140ZTL_C30        1  2.8    18    13     342   (98.5800,50.4000) 
  pp_fir_5_1_1_csa_tree_ADD_TC_OP_groupi3962_g12025/Y           (@)     S0->Y   R     MXIT2_X4M_A9PP140ZTL_C30        1  4.3    25    16     358   (98.1600,51.3000) 
  pp_fir_5_1_1_sum1_10_re_1_reg[25]/D                           -       -       R     SDFFRPQ_X2M_A9PP140ZTL_C30      1    -     -     1     359   (79.5400,62.1000) 
#--------------------------------------------------------------------------------------------------------------------------------------------------------------------

(@) : Annotated capacitance.



Path 27: MET (0 ps) Setup Check with Pin pp_fir_5_1_1_sum1_9_im_1_reg[30]/CK->D
           View: view_wcl_slow
          Group: clk
     Startpoint: (R) pp_fir_5_1_1_Delay_Pipeline_reg_im_reg[14][8]/CK
          Clock: (R) clk
       Endpoint: (R) pp_fir_5_1_1_sum1_9_im_1_reg[30]/D
          Clock: (R) clk

                     Capture       Launch     
        Clock Edge:+     500            0     
       Src Latency:+       0            0     
       Net Latency:+       0 (I)        0 (I) 
           Arrival:=     500            0     
                                              
             Setup:-      16                  
       Uncertainty:-     125                  
     Required Time:=     360                  
      Launch Clock:-       0                  
         Data Path:-     359                  
             Slack:=       0                  

#------------------------------------------------------------------------------------------------------------------------------------------------------------------
#                         Timing Point                          Flags   Arc   Edge            Cell             Fanout Load Trans Delay Arrival       Instance      
#                                                                                                                     (fF)  (ps)  (ps)   (ps)        Location      
#------------------------------------------------------------------------------------------------------------------------------------------------------------------
  pp_fir_5_1_1_Delay_Pipeline_reg_im_reg[14][8]/CK              -       -     R     (arrival)                    3620    -    25     0       0               (-,-) 
  pp_fir_5_1_1_Delay_Pipeline_reg_im_reg[14][8]/Q               (@)     CK->Q R     DFFRPQA_X1M_A9PP140ZTL_C30      1  2.6    17    40      40  (127.7000,68.4000) 
  FE_OCPC2127_pp_fir_5_1_1_Delay_Pipeline_reg_im_14__8/Y        (@)     A->Y  R     BUF_X11M_A9PP140ZTL_C30        16 30.9    18    19      59  (128.1200,68.4000) 
  pp_fir_5_1_1_csa_tree_ADD_TC_OP_groupi3963_cdnfadd_020_0/S    (@)     B->S  F     ADDF_X1P4M_A9PP140ZTL_C30       3  9.1    37    62     121  (114.9600,86.4000) 
  FE_RC_1781_0/Y                                                (@)     A->Y  R     INV_X4M_A9PP140ZTL_C30          1  4.1    15    14     135  (121.8200,73.8000) 
  FE_RC_1780_0/Y                                                (@)     B->Y  F     MXIT2_X4M_A9PP140ZTL_C30        2  6.5    32    16     151  (124.9000,81.9000) 
  FE_RC_1593_0/Y                                                (@)     S0->Y F     MXIT2_X1P4M_A9PP140ZTL_C30      1  2.9    31    27     178  (122.2400,88.2000) 
  FE_RC_1388_0/Y                                                (@)     B->Y  R     MXIT2_X4M_A9PP140ZTL_C30        1  3.7    24    18     196  (123.7800,87.3000) 
  FE_RC_2918_0/Y                                                (@)     A->Y  F     XNOR2_X4M_A9PP140ZTL_C30        3  4.6    26    14     210  (127.9800,87.3000) 
  FE_RC_787_0/Y                                                 (@)     B->Y  F     XOR3_X3M_A9PP140ZTL_C30         2  4.1    20    46     256  (123.2200,85.5000) 
  pp_fir_5_1_1_csa_tree_ADD_TC_OP_groupi3963_g1727/Y            (@)     A->Y  R     NAND2_X4A_A9PP140ZTL_C30        3  5.1    15    13     269  (125.8800,85.5000) 
  FE_RC_2231_0/Y                                                (@)     A->Y  F     NOR2_X4M_A9PP140ZTL_C30         2  1.8    13     8     277  (131.2000,90.0000) 
  FE_RC_2227_0/Y                                                (@)     AN->Y F     NAND3BB_X3M_A9PP140ZTL_C30      1  2.2    12    19     296  (131.2000,90.0000) 
  FE_RC_2226_0/Y                                                (@)     B0->Y R     OAI21_X4M_A9PP140ZTL_C30        2  5.2    24    13     309  (131.2000,90.0000) 
  FE_RC_2122_0/Y                                                (@)     B0->Y F     OAI21_X4M_A9PP140ZTL_C30        2  3.4    18    13     322  (130.7800,90.9000) 
  pp_fir_5_1_1_csa_tree_ADD_TC_OP_groupi3963_g1644/Y            (@)     A->Y  R     NOR2_X2A_A9PP140ZTL_C30         2  2.2    17    14     337  (133.4400,95.4000) 
  FE_OFC2675_pp_fir_5_1_1_csa_tree_ADD_TC_OP_groupi3963_n_443/Y (@)     A->Y  F     INV_X1M_A9PP140ZTL_C30          1  1.7    13    10     347  (134.0000,95.4000) 
  FE_RC_3946_0/Y                                                (@)     A0->Y R     AOI21_X2M_A9PP140ZTL_C30        1  0.9    16    12     359  (133.4400,99.0000) 
  pp_fir_5_1_1_sum1_9_im_1_reg[30]/D                            -       -     R     SDFFRPQ_X2M_A9PP140ZTL_C30      1    -     -     0     359  (135.9600,99.0000) 
#------------------------------------------------------------------------------------------------------------------------------------------------------------------

(@) : Annotated capacitance.



Path 28: MET (0 ps) Setup Check with Pin pp_fir_5_1_1_sum1_9_im_1_reg[29]/CK->D
           View: view_wcl_slow
          Group: clk
     Startpoint: (R) pp_fir_5_1_1_Delay_Pipeline_reg_im_reg[14][8]/CK
          Clock: (R) clk
       Endpoint: (R) pp_fir_5_1_1_sum1_9_im_1_reg[29]/D
          Clock: (R) clk

                     Capture       Launch     
        Clock Edge:+     500            0     
       Src Latency:+       0            0     
       Net Latency:+       0 (I)        0 (I) 
           Arrival:=     500            0     
                                              
             Setup:-      17                  
       Uncertainty:-     125                  
     Required Time:=     358                  
      Launch Clock:-       0                  
         Data Path:-     358                  
             Slack:=       0                  

#---------------------------------------------------------------------------------------------------------------------------------------------------------------
#                       Timing Point                         Flags   Arc   Edge            Cell             Fanout Load Trans Delay Arrival       Instance      
#                                                                                                                  (fF)  (ps)  (ps)   (ps)        Location      
#---------------------------------------------------------------------------------------------------------------------------------------------------------------
  pp_fir_5_1_1_Delay_Pipeline_reg_im_reg[14][8]/CK           -       -     R     (arrival)                    3620    -    25     0       0               (-,-) 
  pp_fir_5_1_1_Delay_Pipeline_reg_im_reg[14][8]/Q            (@)     CK->Q R     DFFRPQA_X1M_A9PP140ZTL_C30      1  2.6    17    40      40  (127.7000,68.4000) 
  FE_OCPC2127_pp_fir_5_1_1_Delay_Pipeline_reg_im_14__8/Y     (@)     A->Y  R     BUF_X11M_A9PP140ZTL_C30        16 30.9    18    19      59  (128.1200,68.4000) 
  pp_fir_5_1_1_csa_tree_ADD_TC_OP_groupi3963_cdnfadd_020_0/S (@)     B->S  F     ADDF_X1P4M_A9PP140ZTL_C30       3  9.1    37    62     121  (114.9600,86.4000) 
  FE_RC_1781_0/Y                                             (@)     A->Y  R     INV_X4M_A9PP140ZTL_C30          1  4.1    15    14     135  (121.8200,73.8000) 
  FE_RC_1780_0/Y                                             (@)     B->Y  F     MXIT2_X4M_A9PP140ZTL_C30        2  6.5    32    16     151  (124.9000,81.9000) 
  FE_RC_1593_0/Y                                             (@)     S0->Y F     MXIT2_X1P4M_A9PP140ZTL_C30      1  2.9    31    27     178  (122.2400,88.2000) 
  FE_RC_1388_0/Y                                             (@)     B->Y  R     MXIT2_X4M_A9PP140ZTL_C30        1  3.7    24    18     196  (123.7800,87.3000) 
  FE_RC_2918_0/Y                                             (@)     A->Y  F     XNOR2_X4M_A9PP140ZTL_C30        3  4.6    26    14     210  (127.9800,87.3000) 
  FE_RC_787_0/Y                                              (@)     B->Y  R     XOR3_X3M_A9PP140ZTL_C30         2  4.1    20    47     257  (123.2200,85.5000) 
  pp_fir_5_1_1_csa_tree_ADD_TC_OP_groupi3963_g1727/Y         (@)     A->Y  F     NAND2_X4A_A9PP140ZTL_C30        3  4.8    17    12     270  (125.8800,85.5000) 
  FE_RC_2231_0/Y                                             (@)     A->Y  R     NOR2_X4M_A9PP140ZTL_C30         2  1.8    12    10     279  (131.2000,90.0000) 
  FE_RC_2227_0/Y                                             (@)     AN->Y R     NAND3BB_X3M_A9PP140ZTL_C30      1  2.1    13    18     297  (131.2000,90.0000) 
  FE_RC_2226_0/Y                                             (@)     B0->Y F     OAI21_X4M_A9PP140ZTL_C30        2  5.5    22    14     311  (131.2000,90.0000) 
  FE_RC_2122_0/Y                                             (@)     B0->Y R     OAI21_X4M_A9PP140ZTL_C30        2  3.4    21    14     325  (130.7800,90.9000) 
  FE_RC_3364_0/Y                                             (@)     A->Y  F     NAND2_X2B_A9PP140ZTL_C30        1  1.4    14    10     335  (132.3200,98.1000) 
  FE_RC_3363_0/Y                                             (@)     B->Y  R     NAND2_X2A_A9PP140ZTL_C30        1  1.5    12    10     345  (132.3200,98.1000) 
  pp_fir_5_1_1_csa_tree_ADD_TC_OP_groupi3963_g1628/Y         (@)     S0->Y R     MXIT2_X1P4M_A9PP140ZTL_C30      1  0.8    17    13     358  (133.3000,98.1000) 
  pp_fir_5_1_1_sum1_9_im_1_reg[29]/D                         -       -     R     SDFFRPQ_X1M_A9PP140ZTL_C30      1    -     -     0     358  (136.1000,98.1000) 
#---------------------------------------------------------------------------------------------------------------------------------------------------------------

(@) : Annotated capacitance.



Path 29: MET (0 ps) Setup Check with Pin pp_fir_5_1_1_sum1_5_im_1_reg[19]/CK->D
           View: view_wcl_slow
          Group: clk
     Startpoint: (R) pp_fir_5_1_1_Delay_Pipeline_reg_im_reg[23][8]/CK
          Clock: (R) clk
       Endpoint: (F) pp_fir_5_1_1_sum1_5_im_1_reg[19]/D
          Clock: (R) clk

                     Capture       Launch     
        Clock Edge:+     500            0     
       Src Latency:+       0            0     
       Net Latency:+       0 (I)        0 (I) 
           Arrival:=     500            0     
                                              
             Setup:-      16                  
       Uncertainty:-     125                  
     Required Time:=     360                  
      Launch Clock:-       0                  
         Data Path:-     359                  
             Slack:=       0                  

#-----------------------------------------------------------------------------------------------------------------------------------------------------------------
#                       Timing Point                         Flags    Arc   Edge            Cell             Fanout Load Trans Delay Arrival       Instance       
#                                                                                                                   (fF)  (ps)  (ps)   (ps)        Location       
#-----------------------------------------------------------------------------------------------------------------------------------------------------------------
  pp_fir_5_1_1_Delay_Pipeline_reg_im_reg[23][8]/CK           -       -      R     (arrival)                    3620    -    25     0       0                (-,-) 
  pp_fir_5_1_1_Delay_Pipeline_reg_im_reg[23][8]/Q            (@)     CK->Q  F     DFFRPQ_X3M_A9PP140ZTL_C30       7 14.3    26    63      63  (161.3000,144.9000) 
  FE_OFC1826_pp_fir_5_1_1_Delay_Pipeline_reg_im_23__8/Y      (@)     A->Y   R     INV_X2M_A9PP140ZTL_C30          2  5.2    21    19      82  (161.1600,141.3000) 
  pp_fir_5_1_1_csa_tree_ADD_TC_OP_groupi3971_g1854/Y         (@)     A1->Y  R     OA21B_X1P4M_A9PP140ZTL_C30      1  3.1    26    29     110  (159.6200,133.2000) 
  pp_fir_5_1_1_csa_tree_ADD_TC_OP_groupi3971_cdnfadd_008_1/S (@)     B->S   F     ADDF_X1M_A9PP140ZTL_C30         1  2.0    22    46     156  (155.2800,132.3000) 
  pp_fir_5_1_1_csa_tree_ADD_TC_OP_groupi3971_cdnfadd_008_2/S (@)     CI->S  R     ADDF_X1M_A9PP140ZTL_C30         2  2.1    23    48     204  (155.5600,131.4000) 
  pp_fir_5_1_1_csa_tree_ADD_TC_OP_groupi3971_g1809/Y         (@)     A->Y   F     NAND2_X1B_A9PP140ZTL_C30        3  2.4    28    20     223  (155.5600,129.6000) 
  pp_fir_5_1_1_csa_tree_ADD_TC_OP_groupi3971_g1797/Y         (@)     B1->Y  F     OA1B2_X1P4M_A9PP140ZTL_C30      2  3.3    17    29     252  (153.1800,129.6000) 
  FE_RC_3686_0/Y                                             (@)     B0N->Y R     AO21B_X4M_A9PP140ZTL_C30        3  6.0    16    13     265  (151.6400,130.5000) 
  pp_fir_5_1_1_csa_tree_ADD_TC_OP_groupi3971_g1702/Y         (@)     A1->Y  F     AOI21_X6M_A9PP140ZTL_C30        1  4.0    19    13     278  (152.7600,134.1000) 
  pp_fir_5_1_1_csa_tree_ADD_TC_OP_groupi3971_g1906/Y         (@)     C->Y   R     NOR3BB_X6M_A9PP140ZTL_C30       1  4.1    14    13     290  (153.0400,139.5000) 
  pp_fir_5_1_1_csa_tree_ADD_TC_OP_groupi3971_g1694/Y         (@)     B->Y   F     NOR2_X6A_A9PP140ZTL_C30         5  6.5    16    11     302  (152.4800,144.0000) 
  pp_fir_5_1_1_csa_tree_ADD_TC_OP_groupi3971_g1682/Y         (@)     A0->Y  R     OAI21_X1P4M_A9PP140ZTL_C30      2  2.1    24    19     320  (152.9000,149.4000) 
  pp_fir_5_1_1_csa_tree_ADD_TC_OP_groupi3971_g1671/Y         (@)     A0->Y  F     AOI21_X1M_A9PP140ZTL_C30        1  1.2    23    17     337  (152.3400,151.2000) 
  pp_fir_5_1_1_csa_tree_ADD_TC_OP_groupi3971_g1664/Y         (@)     S0->Y  F     MXIT2_X1M_A9PP140ZTL_C30        1  0.9    22    22     359  (150.9400,151.2000) 
  pp_fir_5_1_1_sum1_5_im_1_reg[19]/D                         -       -      F     SDFFRPQ_X1M_A9PP140ZTL_C30      1    -     -     0     359  (144.7800,151.2000) 
#-----------------------------------------------------------------------------------------------------------------------------------------------------------------

(@) : Annotated capacitance.



Path 30: MET (0 ps) Setup Check with Pin pp_fir_5_1_1_sum1_4_re_1_reg[23]/CK->D
           View: view_wcl_slow
          Group: clk
     Startpoint: (R) pp_fir_5_1_1_Delay_Pipeline_reg_re_reg[24][10]/CK
          Clock: (R) clk
       Endpoint: (R) pp_fir_5_1_1_sum1_4_re_1_reg[23]/D
          Clock: (R) clk

                     Capture       Launch     
        Clock Edge:+     500            0     
       Src Latency:+       0            0     
       Net Latency:+       0 (I)        0 (I) 
           Arrival:=     500            0     
                                              
             Setup:-      17                  
       Uncertainty:-     125                  
     Required Time:=     358                  
      Launch Clock:-       0                  
         Data Path:-     358                  
             Slack:=       0                  

#-------------------------------------------------------------------------------------------------------------------------------------------------------------------
#                         Timing Point                          Flags    Arc   Edge            Cell             Fanout Load Trans Delay Arrival       Instance      
#                                                                                                                      (fF)  (ps)  (ps)   (ps)        Location      
#-------------------------------------------------------------------------------------------------------------------------------------------------------------------
  pp_fir_5_1_1_Delay_Pipeline_reg_re_reg[24][10]/CK             -       -      R     (arrival)                    3620    -    25     0       0               (-,-) 
  pp_fir_5_1_1_Delay_Pipeline_reg_re_reg[24][10]/Q              (@)     CK->Q  R     DFFRPQA_X1M_A9PP140ZTL_C30      1  1.4    12    36      36  (29.4200,132.3000) 
  FE_OFC1829_pp_fir_5_1_1_Delay_Pipeline_reg_re_24__10/Y        (@)     A->Y   F     INV_X2M_A9PP140ZTL_C30          6 14.2    33    21      57  (29.4200,132.3000) 
  pp_fir_5_1_1_csa_tree_ADD_TC_OP_groupi3974_cdnfadd_011_0/CO   (@)     CI->CO F     ADDF_X1P4M_A9PP140ZTL_C30       1  3.6    19    38      95  (24.5200,122.4000) 
  pp_fir_5_1_1_csa_tree_ADD_TC_OP_groupi3974_cdnfadd_012_2/CO   (@)     B->CO  F     ADDF_X1M_A9PP140ZTL_C30         3  2.7    21    36     132  (23.4000,130.5000) 
  FE_RC_2851_0/Y                                                (@)     B->Y   R     NAND2_X1A_A9PP140ZTL_C30        1  1.2    16    14     146  (23.8200,131.4000) 
  FE_RC_2850_0/Y                                                (@)     B0N->Y F     AO21B_X2M_A9PP140ZTL_C30        4  3.7    20    14     160  (23.8200,131.4000) 
  FE_RC_659_0/Y                                                 (@)     B->Y   R     NAND2_X1B_A9PP140ZTL_C30        1  1.2    15    13     174  (24.8000,132.3000) 
  FE_RC_657_0/Y                                                 (@)     B0->Y  F     OAI21_X2M_A9PP140ZTL_C30        2  2.0    17    12     186  (24.8000,132.3000) 
  FE_RC_662_0/Y                                                 (@)     A->Y   R     NAND2_X1A_A9PP140ZTL_C30        1  1.2    14    13     198  (24.8000,132.3000) 
  FE_RC_656_0/Y                                                 (@)     B0->Y  F     OAI21_X2M_A9PP140ZTL_C30        2  2.2    18    13     211  (24.8000,132.3000) 
  pp_fir_5_1_1_csa_tree_ADD_TC_OP_groupi3974_g2325/Y            (@)     A->Y   R     NOR2_X2A_A9PP140ZTL_C30         4  5.0    29    21     233  (22.5600,131.4000) 
  FE_OFC2839_pp_fir_5_1_1_csa_tree_ADD_TC_OP_groupi3974_n_171/Y (@)     A->Y   F     INV_X2M_A9PP140ZTL_C30          3  4.7    18    14     246  (20.6000,127.8000) 
  FE_RC_4100_0/Y                                                (@)     B->Y   R     NAND3_X2A_A9PP140ZTL_C30        1  0.8    15    12     258  (20.3200,124.2000) 
  pp_fir_5_1_1_csa_tree_ADD_TC_OP_groupi3974_g2493/Y            (@)     B0N->Y R     AOI22BB_X2M_A9PP140ZTL_C30      1  1.9    19    24     283  (18.3600,124.2000) 
  pp_fir_5_1_1_csa_tree_ADD_TC_OP_groupi3974_g2257/Y            (@)     C->Y   F     NAND3BB_X3M_A9PP140ZTL_C30      2  5.2    20    15     297  (16.5400,124.2000) 
  FE_OFC2710_pp_fir_5_1_1_csa_tree_ADD_TC_OP_groupi3974_n_238/Y (@)     A->Y   R     INV_X2M_A9PP140ZTL_C30          1  3.8    16    14     312  (21.0200,133.2000) 
  pp_fir_5_1_1_csa_tree_ADD_TC_OP_groupi3974_g2250/Y            (@)     C->Y   F     NAND3BB_X6M_A9PP140ZTL_C30      7 11.4    21    15     327  (19.0600,135.0000) 
  pp_fir_5_1_1_csa_tree_ADD_TC_OP_groupi3974_g2241/Y            (@)     A0->Y  R     AOI21_X2M_A9PP140ZTL_C30        1  1.5    18    17     344  (32.5000,147.6000) 
  pp_fir_5_1_1_csa_tree_ADD_TC_OP_groupi3974_g2230/Y            (@)     S0->Y  R     MXIT2_X1P4M_A9PP140ZTL_C30      1  0.6    16    14     358  (33.3400,148.5000) 
  pp_fir_5_1_1_sum1_4_re_1_reg[23]/D                            -       -      R     SDFFRPQ_X1M_A9PP140ZTL_C30      1    -     -     0     358  (32.2200,149.4000) 
#-------------------------------------------------------------------------------------------------------------------------------------------------------------------

(@) : Annotated capacitance.



Path 31: MET (0 ps) Setup Check with Pin pp_fir_5_1_1_sum1_4_im_1_reg[17]/CK->D
           View: view_wcl_slow
          Group: clk
     Startpoint: (R) pp_fir_5_1_1_Delay_Pipeline_reg_im_reg[24][8]/CK
          Clock: (R) clk
       Endpoint: (R) pp_fir_5_1_1_sum1_4_im_1_reg[17]/D
          Clock: (R) clk

                     Capture       Launch     
        Clock Edge:+     500            0     
       Src Latency:+       0            0     
       Net Latency:+       0 (I)        0 (I) 
           Arrival:=     500            0     
                                              
             Setup:-      17                  
       Uncertainty:-     125                  
     Required Time:=     358                  
      Launch Clock:-       0                  
         Data Path:-     358                  
             Slack:=       0                  

#-------------------------------------------------------------------------------------------------------------------------------------------------------------------
#                         Timing Point                          Flags   Arc   Edge            Cell             Fanout Load Trans Delay Arrival       Instance       
#                                                                                                                     (fF)  (ps)  (ps)   (ps)        Location       
#-------------------------------------------------------------------------------------------------------------------------------------------------------------------
  pp_fir_5_1_1_Delay_Pipeline_reg_im_reg[24][8]/CK              -       -     R     (arrival)                    3620    -    25     0       0                (-,-) 
  pp_fir_5_1_1_Delay_Pipeline_reg_im_reg[24][8]/Q               (@)     CK->Q R     DFFRPQA_X1M_A9PP140ZTL_C30      3  3.9    24    44      44  (169.4200,145.8000) 
  FE_OFC3752_pp_fir_5_1_1_Delay_Pipeline_reg_im_24__8/Y         (@)     A->Y  F     INV_X4M_A9PP140ZTL_C30          5 14.0    22    16      60  (169.7000,145.8000) 
  pp_fir_5_1_1_csa_tree_ADD_TC_OP_groupi3973_cdnfadd_009_1/CO   (@)     A->CO F     ADDF_X1M_A9PP140ZTL_C30         1  2.1    19    37      97  (175.0200,140.4000) 
  pp_fir_5_1_1_csa_tree_ADD_TC_OP_groupi3973_cdnfadd_010_2/S    (@)     CI->S F     ADDF_X1P4M_A9PP140ZTL_C30       3  2.7    21    44     141  (174.7400,141.3000) 
  FE_RC_2873_0/Y                                                (@)     A->Y  R     NAND2XB_X1M_A9PP140ZTL_C30      1  0.7    15    14     154  (174.8800,142.2000) 
  FE_RC_2872_0/Y                                                (@)     A->Y  F     NAND2_X1A_A9PP140ZTL_C30        2  2.4    25    17     171  (174.8800,142.2000) 
  FE_RC_3183_0/Y                                                (@)     C->Y  F     XOR3_X2M_A9PP140ZTL_C30         2  2.6    19    51     222  (176.9800,140.4000) 
  pp_fir_5_1_1_csa_tree_ADD_TC_OP_groupi3973_g2342/Y            (@)     B->Y  R     NOR2_X3A_A9PP140ZTL_C30         5  5.3    24    19     241  (178.1000,140.4000) 
  pp_fir_5_1_1_csa_tree_ADD_TC_OP_groupi3973_g2281/Y            (@)     BN->Y R     NAND3BB_X1M_A9PP140ZTL_C30      1  1.1    18    24     265  (181.0400,140.4000) 
  pp_fir_5_1_1_csa_tree_ADD_TC_OP_groupi3973_g2271/Y            (@)     A->Y  F     NOR3_X2A_A9PP140ZTL_C30         1  1.0    15     9     273  (180.7600,141.3000) 
  FE_RC_3559_0/Y                                                (@)     AN->Y F     NAND3BB_X2M_A9PP140ZTL_C30      2  3.2    19    26     299  (182.1600,142.2000) 
  FE_OFC2696_pp_fir_5_1_1_csa_tree_ADD_TC_OP_groupi3973_n_238/Y (@)     A->Y  R     INV_X2M_A9PP140ZTL_C30          1  3.7    16    14     312  (183.4200,146.7000) 
  FE_RC_2866_0/Y                                                (@)     C->Y  F     NAND3BB_X6M_A9PP140ZTL_C30      7 10.2    20    14     327  (182.5800,148.5000) 
  pp_fir_5_1_1_csa_tree_ADD_TC_OP_groupi3973_g2240/Y            (@)     A0->Y R     AOI21_X2M_A9PP140ZTL_C30        1  1.2    15    15     342  (184.8200,150.3000) 
  pp_fir_5_1_1_csa_tree_ADD_TC_OP_groupi3973_g2236/Y            (@)     S0->Y R     MXIT2_X1M_A9PP140ZTL_C30        1  1.0    23    16     358  (184.6800,151.2000) 
  pp_fir_5_1_1_sum1_4_im_1_reg[17]/D                            -       -     R     SDFFRPQ_X1M_A9PP140ZTL_C30      1    -     -     0     358  (189.3000,151.2000) 
#-------------------------------------------------------------------------------------------------------------------------------------------------------------------

(@) : Annotated capacitance.



Path 32: MET (0 ps) Setup Check with Pin pp_fir_5_1_1_sum1_12_re_1_reg[15]/CK->D
           View: view_wcl_slow
          Group: clk
     Startpoint: (R) pp_fir_5_1_1_Delay_Pipeline_reg_re_reg[9][6]/CK
          Clock: (R) clk
       Endpoint: (F) pp_fir_5_1_1_sum1_12_re_1_reg[15]/D
          Clock: (R) clk

                     Capture       Launch     
        Clock Edge:+     500            0     
       Src Latency:+       0            0     
       Net Latency:+       0 (I)        0 (I) 
           Arrival:=     500            0     
                                              
             Setup:-      15                  
       Uncertainty:-     125                  
     Required Time:=     360                  
      Launch Clock:-       0                  
         Data Path:-     360                  
             Slack:=       0                  

#----------------------------------------------------------------------------------------------------------------------------------------------------------------
#                        Timing Point                         Flags    Arc   Edge            Cell             Fanout Load Trans Delay Arrival      Instance      
#                                                                                                                    (fF)  (ps)  (ps)   (ps)       Location      
#----------------------------------------------------------------------------------------------------------------------------------------------------------------
  pp_fir_5_1_1_Delay_Pipeline_reg_re_reg[9][6]/CK             -       -      R     (arrival)                    3620    -    25     0       0              (-,-) 
  pp_fir_5_1_1_Delay_Pipeline_reg_re_reg[9][6]/Q              (@)     CK->Q  R     DFFRPQA_X1M_A9PP140ZTL_C30      1  1.9    14    38      38  (49.3000,21.6000) 
  FE_OFC1149_pp_fir_5_1_1_Delay_Pipeline_reg_re_9__6/Y        (@)     A->Y   F     INV_X3M_A9PP140ZTL_C30          6 12.0    22    15      53  (51.5400,21.6000) 
  FE_OFC1150_pp_fir_5_1_1_Delay_Pipeline_reg_re_9__6/Y        (@)     A->Y   R     INV_X1M_A9PP140ZTL_C30          1  2.2    19    17      70  (51.6800,22.5000) 
  pp_fir_5_1_1_csa_tree_ADD_TC_OP_groupi3958_cdnfadd_009_0/CO (@)     CI->CO R     ADDF_X1M_A9PP140ZTL_C30         1  2.1    19    32     102  (51.5400,25.2000) 
  pp_fir_5_1_1_csa_tree_ADD_TC_OP_groupi3958_cdnfadd_010_3/CO (@)     CI->CO R     ADDF_X1M_A9PP140ZTL_C30         1  2.3    20    32     134  (51.2600,27.0000) 
  pp_fir_5_1_1_csa_tree_ADD_TC_OP_groupi3958_cdnfadd_011_4/S  (@)     CI->S  F     ADDF_X1P4M_A9PP140ZTL_C30       2  2.9    22    45     179  (52.8000,28.8000) 
  FE_RC_3021_0/Y                                              (@)     B->Y   F     XOR3_X3M_A9PP140ZTL_C30         2  2.7    18    43     223  (55.3200,28.8000) 
  pp_fir_5_1_1_csa_tree_ADD_TC_OP_groupi3958_g3901/Y          (@)     A->Y   R     NOR2_X3M_A9PP140ZTL_C30         3  3.5    18    14     237  (56.3000,27.0000) 
  pp_fir_5_1_1_csa_tree_ADD_TC_OP_groupi3958_g3873/Y          (@)     A->Y   F     NOR2_X3A_A9PP140ZTL_C30         4  5.5    19    13     250  (58.4000,26.1000) 
  pp_fir_5_1_1_csa_tree_ADD_TC_OP_groupi3958_g3863/Y          (@)     A->Y   R     INV_X1M_A9PP140ZTL_C30          1  0.7    11    10     260  (60.7800,26.1000) 
  pp_fir_5_1_1_csa_tree_ADD_TC_OP_groupi3958_g3828/Y          (@)     A->Y   F     NOR2XB_X1M_A9PP140ZTL_C30       1  1.4    17    11     271  (60.7800,25.2000) 
  pp_fir_5_1_1_csa_tree_ADD_TC_OP_groupi3958_g3823/Y          (@)     A->Y   R     NAND2_X2B_A9PP140ZTL_C30        1  2.0    14    11     282  (61.7600,25.2000) 
  FE_RC_3560_0/Y                                              (@)     A->Y   F     NAND3_X3A_A9PP140ZTL_C30        3  4.6    28    18     299  (60.9200,27.0000) 
  pp_fir_5_1_1_csa_tree_ADD_TC_OP_groupi3958_g3799/Y          (@)     B0->Y  F     AO1B2_X4M_A9PP140ZTL_C30        2  3.2    14    22     322  (58.1200,31.5000) 
  pp_fir_5_1_1_csa_tree_ADD_TC_OP_groupi3958_g3793/Y          (@)     A->Y   R     INV_X1P7M_A9PP140ZTL_C30        1  1.5    10     9     330  (60.7800,33.3000) 
  pp_fir_5_1_1_csa_tree_ADD_TC_OP_groupi3958_g3780/Y          (@)     A0->Y  F     OAI2XB1_X2M_A9PP140ZTL_C30      1  1.3    16    11     341  (59.1000,34.2000) 
  pp_fir_5_1_1_csa_tree_ADD_TC_OP_groupi3958_g3768/Y          (@)     S0->Y  F     MXIT2_X1M_A9PP140ZTL_C30        1  0.6    20    19     360  (59.6600,36.0000) 
  pp_fir_5_1_1_sum1_12_re_1_reg[15]/D                         -       -      F     SDFFRPQ_X1M_A9PP140ZTL_C30      1    -     -     0     360  (60.9200,36.0000) 
#----------------------------------------------------------------------------------------------------------------------------------------------------------------

(@) : Annotated capacitance.



Path 33: MET (0 ps) Setup Check with Pin pp_fir_5_1_1_sum1_10_re_1_reg[22]/CK->D
           View: view_wcl_slow
          Group: clk
     Startpoint: (R) pp_fir_5_1_1_Delay_Pipeline_reg_re_reg[13][3]/CK
          Clock: (R) clk
       Endpoint: (R) pp_fir_5_1_1_sum1_10_re_1_reg[22]/D
          Clock: (R) clk

                     Capture       Launch     
        Clock Edge:+     500            0     
       Src Latency:+       0            0     
       Net Latency:+       0 (I)      -12 (I) 
           Arrival:=     500          -12     
                                              
             Setup:-      17                  
       Uncertainty:-     125                  
     Required Time:=     358                  
      Launch Clock:-     -12                  
         Data Path:-     370                  
             Slack:=       0                  

#-------------------------------------------------------------------------------------------------------------------------------------------------------------------
#                         Timing Point                          Flags    Arc   Edge            Cell             Fanout Load Trans Delay Arrival       Instance      
#                                                                                                                      (fF)  (ps)  (ps)   (ps)        Location      
#-------------------------------------------------------------------------------------------------------------------------------------------------------------------
  pp_fir_5_1_1_Delay_Pipeline_reg_re_reg[13][3]/CK              -       -      R     (arrival)                    3620    -    25     0     -12               (-,-) 
  pp_fir_5_1_1_Delay_Pipeline_reg_re_reg[13][3]/Q               (@)     CK->Q  R     DFFRPQ_X4M_A9PP140ZTL_C30       7 13.1    20    56      44  (105.7200,12.6000) 
  FE_OFC3523_pp_fir_5_1_1_Delay_Pipeline_reg_re_13__3/Y         (@)     A->Y   R     BUFH_X2M_A9PP140ZTL_C30         3  7.0    21    25      69  (101.9400,27.9000) 
  pp_fir_5_1_1_csa_tree_ADD_TC_OP_groupi3962_g12564/Y           (@)     B->Y   F     MXIT2_X1P4M_A9PP140ZTL_C30      1  2.1    28    16      84  (106.7000,29.7000) 
  pp_fir_5_1_1_csa_tree_ADD_TC_OP_groupi3962_g12471/Y           (@)     S0->Y  F     MXIT2_X3M_A9PP140ZTL_C30        2  3.6    26    24     108  (108.3800,29.7000) 
  FE_RC_2360_0/Y                                                (@)     B->Y   F     XOR3_X3M_A9PP140ZTL_C30         3  4.6    20    47     155  (115.6600,27.9000) 
  pp_fir_5_1_1_csa_tree_ADD_TC_OP_groupi3962_g12209/Y           (@)     B->Y   R     XOR3_X3M_A9PP140ZTL_C30         2  5.7    23    48     203  (113.2800,27.0000) 
  FE_RC_3365_0/Y                                                (@)     A->Y   F     XOR3_X3M_A9PP140ZTL_C30         2  3.6    19    28     230   (98.8600,29.7000) 
  FE_OFC2944_pp_fir_5_1_1_csa_tree_ADD_TC_OP_groupi3962_n_669/Y (@)     A->Y   R     INV_X2M_A9PP140ZTL_C30          1  1.5    10     9     239   (99.0000,30.6000) 
  pp_fir_5_1_1_csa_tree_ADD_TC_OP_groupi3962_g12141/Y           (@)     A->Y   F     NAND2_X2B_A9PP140ZTL_C30        2  2.7    16    11     251   (97.0400,30.6000) 
  pp_fir_5_1_1_csa_tree_ADD_TC_OP_groupi3962_g12075/Y           (@)     A1->Y  R     AOI21_X3M_A9PP140ZTL_C30        2  3.4    20    18     269   (96.7600,31.5000) 
  pp_fir_5_1_1_csa_tree_ADD_TC_OP_groupi3962_g12061/Y           (@)     A0->Y  F     AOI21_X4M_A9PP140ZTL_C30        1  3.9    20    15     283   (96.7600,34.2000) 
  FE_RC_4275_0/Y                                                (@)     A0N->Y R     AO1B2_X6M_A9PP140ZTL_C30        5  8.6    16    14     298   (94.5200,34.2000) 
  pp_fir_5_1_1_csa_tree_ADD_TC_OP_groupi3962_g12044/Y           (@)     B0->Y  R     AO1B2_X6M_A9PP140ZTL_C30        4  6.5    16    22     320   (97.1800,46.8000) 
  FE_RC_1614_0/Y                                                (@)     A->Y   F     NAND2XB_X3M_A9PP140ZTL_C30      1  1.3    10     8     328  (101.5200,55.8000) 
  pp_fir_5_1_1_csa_tree_ADD_TC_OP_groupi3962_g12036/Y           (@)     A->Y   R     NAND2_X2M_A9PP140ZTL_C30        1  1.8    16    11     338  (100.4000,55.8000) 
  pp_fir_5_1_1_csa_tree_ADD_TC_OP_groupi3962_g12032/Y           (@)     S0->Y  R     MXIT2_X2M_A9PP140ZTL_C30        1  3.4    32    19     357   (99.4200,57.6000) 
  pp_fir_5_1_1_sum1_10_re_1_reg[22]/D                           -       -      R     SDFFRPQ_X1M_A9PP140ZTL_C30      1    -     -     1     358   (78.9800,61.2000) 
#-------------------------------------------------------------------------------------------------------------------------------------------------------------------

(@) : Annotated capacitance.



Path 34: MET (0 ps) Setup Check with Pin pp_fir_5_1_1_sum1_9_re_1_reg[27]/CK->D
           View: view_wcl_slow
          Group: clk
     Startpoint: (R) pp_fir_5_1_1_Delay_Pipeline_reg_re_reg[14][11]/CK
          Clock: (R) clk
       Endpoint: (F) pp_fir_5_1_1_sum1_9_re_1_reg[27]/D
          Clock: (R) clk

                     Capture       Launch     
        Clock Edge:+     500            0     
       Src Latency:+       0            0     
       Net Latency:+       0 (I)        0 (I) 
           Arrival:=     500            0     
                                              
             Setup:-      16                  
       Uncertainty:-     125                  
     Required Time:=     360                  
      Launch Clock:-       0                  
         Data Path:-     359                  
             Slack:=       0                  

#----------------------------------------------------------------------------------------------------------------------------------------------------------------
#                       Timing Point                         Flags   Arc   Edge            Cell              Fanout Load Trans Delay Arrival       Instance      
#                                                                                                                   (fF)  (ps)  (ps)   (ps)        Location      
#----------------------------------------------------------------------------------------------------------------------------------------------------------------
  pp_fir_5_1_1_Delay_Pipeline_reg_re_reg[14][11]/CK          -       -     R     (arrival)                     3620    -    25     0       0               (-,-) 
  pp_fir_5_1_1_Delay_Pipeline_reg_re_reg[14][11]/Q           (@)     CK->Q R     SDFFRPQA_X1M_A9PP140ZTL_C30      3  4.7    28    46      46  (101.6600,63.9000) 
  FE_RC_1283_0/Y                                             (@)     A->Y  F     INV_X1P7M_A9PP140ZTL_C30         2  2.6    14    10      56  (105.7200,67.5000) 
  FE_RC_1282_0/Y                                             (@)     A->Y  R     INV_X3M_A9PP140ZTL_C30           1  4.7    13    11      67  (105.7200,67.5000) 
  pp_fir_5_1_1_csa_tree_ADD_TC_OP_groupi3964_cdnfadd_019_2/S (@)     B->S  F     ADDF_X1P4M_A9PP140ZTL_C30        3  6.5    31    52     119  (105.7200,84.6000) 
  FE_RC_1849_0/Y                                             (@)     B->Y  F     XNOR2_X3M_A9PP140ZTL_C30         1  3.3    28    24     142   (95.6400,76.5000) 
  FE_RC_1303_0/Y                                             (@)     A->Y  F     XNOR2_X4M_A9PP140ZTL_C30         3  3.8    27    20     162   (95.6400,76.5000) 
  FE_RC_1113_0/Y                                             (@)     A->Y  R     INV_X2M_A9PP140ZTL_C30           1  1.4    11    10     172   (95.6400,76.5000) 
  FE_RC_1112_0/Y                                             (@)     B->Y  F     MXIT2_X1P4M_A9PP140ZTL_C30       1  1.8    24    13     185   (95.6400,76.5000) 
  FE_RC_1111_0/Y                                             (@)     A->Y  F     XOR2_X2M_A9PP140ZTL_C30          2  3.1    28    23     208   (95.6400,76.5000) 
  FE_RC_843_0/CO                                             (@)     A->CO F     CGEN_X1M_A9PP140ZTL_C30          2  3.1    20    34     242   (95.6400,76.5000) 
  pp_fir_5_1_1_csa_tree_ADD_TC_OP_groupi3964_g1727/Y         (@)     B->Y  R     NAND2_X3M_A9PP140ZTL_C30         2  2.7    16    15     256   (94.6600,76.5000) 
  pp_fir_5_1_1_csa_tree_ADD_TC_OP_groupi3964_g1676/Y         (@)     B0->Y R     OA1B2_X3M_A9PP140ZTL_C30         2  3.4    16    20     276   (92.8400,76.5000) 
  pp_fir_5_1_1_csa_tree_ADD_TC_OP_groupi3964_g1663/Y         (@)     A0->Y F     OAI2XB1_X4M_A9PP140ZTL_C30       2  5.1    25    15     291   (91.7200,77.4000) 
  pp_fir_5_1_1_csa_tree_ADD_TC_OP_groupi3964_g1656/Y         (@)     A0->Y R     AOI2XB1_X4M_A9PP140ZTL_C30       1  3.9    22    17     308   (87.6600,78.3000) 
  FE_RC_3719_0/Y                                             (@)     B0->Y F     OAI2XB1_X8M_A9PP140ZTL_C30       6  7.6    20    14     322   (84.5800,77.4000) 
  FE_RC_4261_0/Y                                             (@)     A->Y  R     NAND2_X2B_A9PP140ZTL_C30         1  1.3    11    10     332   (83.3200,81.9000) 
  FE_RC_4260_0/Y                                             (@)     A->Y  F     NAND2_X2B_A9PP140ZTL_C30         1  1.6    15     9     341   (83.3200,81.9000) 
  pp_fir_5_1_1_csa_tree_ADD_TC_OP_groupi3964_g1630/Y         (@)     S0->Y F     MXIT2_X1P4M_A9PP140ZTL_C30       1  1.5    22    18     359   (81.2200,81.9000) 
  pp_fir_5_1_1_sum1_9_re_1_reg[27]/D                         -       -     F     SDFFRPQ_X1M_A9PP140ZTL_C30       1    -     -     0     359   (75.7600,76.5000) 
#----------------------------------------------------------------------------------------------------------------------------------------------------------------

(@) : Annotated capacitance.



Path 35: MET (0 ps) Setup Check with Pin pp_fir_5_1_1_sum1_8_im_1_reg[24]/CK->D
           View: view_wcl_slow
          Group: clk
     Startpoint: (R) pp_fir_5_1_1_Delay_Pipeline_reg_im_reg[17][2]/CK
          Clock: (R) clk
       Endpoint: (F) pp_fir_5_1_1_sum1_8_im_1_reg[24]/D
          Clock: (R) clk

                     Capture       Launch     
        Clock Edge:+     500            0     
       Src Latency:+       0            0     
       Net Latency:+       0 (I)        0 (I) 
           Arrival:=     500            0     
                                              
             Setup:-      15                  
       Uncertainty:-     125                  
     Required Time:=     360                  
      Launch Clock:-       0                  
         Data Path:-     360                  
             Slack:=       0                  

#----------------------------------------------------------------------------------------------------------------------------------------------------------------------
#                         Timing Point                          Flags    Arc    Edge            Cell              Fanout Load Trans Delay Arrival       Instance       
#                                                                                                                        (fF)  (ps)  (ps)   (ps)        Location       
#----------------------------------------------------------------------------------------------------------------------------------------------------------------------
  pp_fir_5_1_1_Delay_Pipeline_reg_im_reg[17][2]/CK              -       -       R     (arrival)                     3620    -    25     0       0                (-,-) 
  pp_fir_5_1_1_Delay_Pipeline_reg_im_reg[17][2]/Q               (@)     CK->Q   R     SDFFRPQA_X1M_A9PP140ZTL_C30      3  3.3    21    42      42   (108.8000,94.5000) 
  FE_OFC3657_pp_fir_5_1_1_Delay_Pipeline_reg_im_17__2/Y         (@)     A->Y    R     BUFH_X4M_A9PP140ZTL_C30          8 14.4    21    22      64   (111.7400,94.5000) 
  pp_fir_5_1_1_csa_tree_ADD_TC_OP_groupi3965_g12325/Y           (@)     B->Y    F     MXIT2_X1P4M_A9PP140ZTL_C30       1  1.6    21    15      80  (109.3600,102.6000) 
  pp_fir_5_1_1_csa_tree_ADD_TC_OP_groupi3965_g12227/Y           (@)     S0->Y   F     MXIT2_X1P4M_A9PP140ZTL_C30       4  3.5    32    25     104  (111.0400,102.6000) 
  FE_RC_568_0/Y                                                 (@)     A->Y    R     NOR2XB_X1M_A9PP140ZTL_C30        1  2.1    30    24     128  (117.6200,100.8000) 
  FE_RC_567_0/Y                                                 (@)     A0->Y   F     OAI21_X3M_A9PP140ZTL_C30         2  2.8    18    14     142  (117.6200,100.8000) 
  pp_fir_5_1_1_csa_tree_ADD_TC_OP_groupi3965_g12073/Y           (@)     A0->Y   R     AOI21_X2M_A9PP140ZTL_C30         2  2.5    22    18     159   (120.9800,98.1000) 
  pp_fir_5_1_1_csa_tree_ADD_TC_OP_groupi3965_g12051/Y           (@)     A0->Y   F     OAI21_X2M_A9PP140ZTL_C30         3  2.7    20    15     174   (119.0200,97.2000) 
  FE_RC_3017_0/Y                                                (@)     A->Y    R     NAND2_X2M_A9PP140ZTL_C30         1  1.2    14    12     186   (118.1800,99.0000) 
  FE_RC_378_0/Y                                                 (@)     B0N->Y  F     AO21B_X2M_A9PP140ZTL_C30         2  2.8    17    12     198   (118.1800,99.0000) 
  FE_RC_2574_0/CON                                              (@)     CI->CON R     CGENI_X2M_A9PP140ZTL_C30         1  1.4    21    15     213  (118.3200,103.5000) 
  FE_OFC2772_FE_RN_1352_0/Y                                     (@)     A->Y    F     INV_X2M_A9PP140ZTL_C30           2  3.8    14    11     224  (119.4400,103.5000) 
  pp_fir_5_1_1_csa_tree_ADD_TC_OP_groupi3965_g11938/Y           (@)     A0->Y   R     AOI21_X4M_A9PP140ZTL_C30         3  3.6    18    14     238  (119.8600,106.2000) 
  pp_fir_5_1_1_csa_tree_ADD_TC_OP_groupi3965_g11907/Y           (@)     A->Y    F     NOR3_X3M_A9PP140ZTL_C30          1  2.7    23    14     251  (121.6800,106.2000) 
  pp_fir_5_1_1_csa_tree_ADD_TC_OP_groupi3965_g11897/Y           (@)     B->Y    R     NOR2_X4A_A9PP140ZTL_C30          4  5.3    19    17     268  (121.9600,108.9000) 
  FE_RC_2224_0/Y                                                (@)     A->Y    F     NOR3_X4A_A9PP140ZTL_C30          1  3.6    18    11     280  (119.0200,113.4000) 
  pp_fir_5_1_1_csa_tree_ADD_TC_OP_groupi3965_g11869/Y           (@)     B->Y    R     NOR2_X6A_A9PP140ZTL_C30          8 16.3    32    21     301  (117.4800,114.3000) 
  FE_OFC2678_pp_fir_5_1_1_csa_tree_ADD_TC_OP_groupi3965_n_759/Y (@)     A->Y    F     INV_X4M_A9PP140ZTL_C30           7  9.0    19    18     318   (97.1800,128.7000) 
  pp_fir_5_1_1_csa_tree_ADD_TC_OP_groupi3965_g11833/Y           (@)     A0->Y   F     AO21B_X3M_A9PP140ZTL_C30         2  3.2    18    23     342   (96.4800,135.0000) 
  FE_RC_3626_0/Y                                                (@)     S0->Y   F     MXIT2_X1P4M_A9PP140ZTL_C30       1  1.2    20    18     360   (96.2000,136.8000) 
  pp_fir_5_1_1_sum1_8_im_1_reg[24]/D                            -       -       F     SDFFRPQ_X1M_A9PP140ZTL_C30       1    -     -     0     360   (91.4400,141.3000) 
#----------------------------------------------------------------------------------------------------------------------------------------------------------------------

(@) : Annotated capacitance.



Path 36: MET (0 ps) Setup Check with Pin pp_fir_5_1_1_sum1_6_re_1_reg[22]/CK->D
           View: view_wcl_slow
          Group: clk
     Startpoint: (R) pp_fir_5_1_1_Delay_Pipeline_reg_re_reg[20][8]/CK
          Clock: (R) clk
       Endpoint: (F) pp_fir_5_1_1_sum1_6_re_1_reg[22]/D
          Clock: (R) clk

                     Capture       Launch     
        Clock Edge:+     500            0     
       Src Latency:+       0            0     
       Net Latency:+       0 (I)        0 (I) 
           Arrival:=     500            0     
                                              
             Setup:-      14                  
       Uncertainty:-     125                  
     Required Time:=     361                  
      Launch Clock:-       0                  
         Data Path:-     360                  
             Slack:=       0                  

#---------------------------------------------------------------------------------------------------------------------------------------------------------------------
#                         Timing Point                          Flags    Arc   Edge             Cell              Fanout Load Trans Delay Arrival       Instance      
#                                                                                                                        (fF)  (ps)  (ps)   (ps)        Location      
#---------------------------------------------------------------------------------------------------------------------------------------------------------------------
  pp_fir_5_1_1_Delay_Pipeline_reg_re_reg[20][8]/CK              -       -      R     (arrival)                      3620    -    25     0       0               (-,-) 
  pp_fir_5_1_1_Delay_Pipeline_reg_re_reg[20][8]/Q               (@)     CK->Q  R     DFFRPQA_X1M_A9PP140ZTL_C30        3  5.0    28    46      46  (56.5800,116.1000) 
  FE_OFC699_pp_fir_5_1_1_Delay_Pipeline_reg_re_20__8/Y          (@)     A->Y   F     INV_X2M_A9PP140ZTL_C30            4  8.1    25    18      64  (56.0200,116.1000) 
  pp_fir_5_1_1_csa_tree_ADD_TC_OP_groupi3970_cdnfadd_017_0/CO   (@)     B->CO  F     ADDF_X1M_A9PP140ZTL_C30           1  3.4    23    40     104  (54.7600,126.0000) 
  pp_fir_5_1_1_csa_tree_ADD_TC_OP_groupi3970_cdnfadd_018_2/CO   (@)     B->CO  F     ADDF_X1M_A9PP140ZTL_C30           4  3.1    22    38     142  (58.1200,127.8000) 
  FE_RC_2795_0/Y                                                (@)     B->Y   R     NAND2_X1B_A9PP140ZTL_C30          1  0.9    14    13     155  (60.6400,128.7000) 
  FE_RC_2794_0/Y                                                (@)     B0->Y  F     OAI2XB1_X1P4M_A9PP140ZTL_C30      2  2.0    22    14     170  (60.6400,128.7000) 
  FE_RC_2798_0/Y                                                (@)     A->Y   R     NAND2_X1B_A9PP140ZTL_C30          1  1.2    14    13     182  (60.6400,128.7000) 
  FE_RC_2793_0/Y                                                (@)     B0->Y  F     OAI21_X2M_A9PP140ZTL_C30          1  2.8    20    14     196  (60.6400,128.7000) 
  pp_fir_5_1_1_csa_tree_ADD_TC_OP_groupi3970_cdnfadd_019_4/S    (@)     B->S   F     ADDF_X1M_A9PP140ZTL_C30           2  2.2    23    47     243  (59.6600,131.4000) 
  pp_fir_5_1_1_csa_tree_ADD_TC_OP_groupi3970_g1847/Y            (@)     A->Y   R     NOR2_X2A_A9PP140ZTL_C30           4  4.0    26    20     263  (58.6800,134.1000) 
  pp_fir_5_1_1_csa_tree_ADD_TC_OP_groupi3970_g1776/Y            (@)     A->Y   F     NOR2_X2A_A9PP140ZTL_C30           2  2.4    16    11     275  (58.8200,135.0000) 
  pp_fir_5_1_1_csa_tree_ADD_TC_OP_groupi3970_g1757/Y            (@)     B->Y   F     AND2_X2M_A9PP140ZTL_C30           3  3.9    14    25     299  (58.5400,137.7000) 
  FE_OFC2747_pp_fir_5_1_1_csa_tree_ADD_TC_OP_groupi3970_n_263/Y (@)     A->Y   R     INV_X1P7M_A9PP140ZTL_C30          3  3.9    16    13     313  (62.8800,137.7000) 
  pp_fir_5_1_1_csa_tree_ADD_TC_OP_groupi3970_g1742/Y            (@)     A->Y   F     NOR2_X2A_A9PP140ZTL_C30           1  0.9    12     7     320  (63.7200,138.6000) 
  pp_fir_5_1_1_csa_tree_ADD_TC_OP_groupi3970_g1700/Y            (@)     A1N->Y F     OAI2XB1_X3M_A9PP140ZTL_C30        1  1.4    15    25     345  (63.3000,139.5000) 
  pp_fir_5_1_1_csa_tree_ADD_TC_OP_groupi3970_g1688/Y            (@)     S0->Y  F     MXIT2_X1P4M_A9PP140ZTL_C30        1  0.6    17    16     360  (63.5800,140.4000) 
  pp_fir_5_1_1_sum1_6_re_1_reg[22]/D                            -       -      F     SDFFRPQ_X1M_A9PP140ZTL_C30        1    -     -     0     360  (61.9000,141.3000) 
#---------------------------------------------------------------------------------------------------------------------------------------------------------------------

(@) : Annotated capacitance.



Path 37: MET (0 ps) Setup Check with Pin pp_fir_5_1_1_sum1_6_im_1_reg[15]/CK->D
           View: view_wcl_slow
          Group: clk
     Startpoint: (R) pp_fir_5_1_1_Delay_Pipeline_reg_im_reg[20][5]/CK
          Clock: (R) clk
       Endpoint: (F) pp_fir_5_1_1_sum1_6_im_1_reg[15]/D
          Clock: (R) clk

                     Capture       Launch     
        Clock Edge:+     500            0     
       Src Latency:+       0            0     
       Net Latency:+       0 (I)        0 (I) 
           Arrival:=     500            0     
                                              
             Setup:-      16                  
       Uncertainty:-     125                  
     Required Time:=     359                  
      Launch Clock:-       0                  
         Data Path:-     359                  
             Slack:=       0                  

#-------------------------------------------------------------------------------------------------------------------------------------------------------------------
#                         Timing Point                          Flags   Arc   Edge            Cell             Fanout Load Trans Delay Arrival       Instance       
#                                                                                                                     (fF)  (ps)  (ps)   (ps)        Location       
#-------------------------------------------------------------------------------------------------------------------------------------------------------------------
  pp_fir_5_1_1_Delay_Pipeline_reg_im_reg[20][5]/CK              -       -     R     (arrival)                    3620    -    25     0       0                (-,-) 
  pp_fir_5_1_1_Delay_Pipeline_reg_im_reg[20][5]/Q               (@)     CK->Q R     DFFRPQA_X1M_A9PP140ZTL_C30      4  5.6    32    48      48  (122.5200,136.8000) 
  FE_OFC3549_pp_fir_5_1_1_Delay_Pipeline_reg_im_20__5/Y         (@)     A->Y  F     INV_X2M_A9PP140ZTL_C30          3  8.9    27    20      68  (124.7600,136.8000) 
  pp_fir_5_1_1_csa_tree_ADD_TC_OP_groupi3969_cdnfadd_010_2/CO   (@)     A->CO F     ADDF_X1M_A9PP140ZTL_C30         2  4.1    26    43     111  (124.7600,137.7000) 
  FE_RC_3628_0/Y                                                (@)     B->Y  F     XOR3_X3M_A9PP140ZTL_C30         2  2.5    17    44     155  (132.0400,139.5000) 
  FE_RC_2990_0/Y                                                (@)     C->Y  R     XOR3_X3M_A9PP140ZTL_C30         1  2.1    17    46     201  (133.1600,138.6000) 
  pp_fir_5_1_1_csa_tree_ADD_TC_OP_groupi3969_cdnfadd_011_6/S    (@)     CI->S F     ADDF_X1M_A9PP140ZTL_C30         1  0.8    16    39     240  (132.1800,138.6000) 
  FE_OFC3016_pp_fir_5_1_1_csa_tree_ADD_TC_OP_groupi3969_n_496/Y (@)     A->Y  R     INV_X1M_A9PP140ZTL_C30          2  2.8    21    17     256  (134.5600,138.6000) 
  pp_fir_5_1_1_csa_tree_ADD_TC_OP_groupi3969_g1837/Y            (@)     A->Y  F     NAND2_X2A_A9PP140ZTL_C30        2  3.6    21    15     271  (135.6800,136.8000) 
  pp_fir_5_1_1_csa_tree_ADD_TC_OP_groupi3969_g1719/Y            (@)     A1->Y R     AOI21_X4M_A9PP140ZTL_C30        4  6.5    25    21     292  (135.6800,135.0000) 
  pp_fir_5_1_1_csa_tree_ADD_TC_OP_groupi3969_g1710/Y            (@)     A0->Y F     OAI21_X1M_A9PP140ZTL_C30        2  2.1    26    19     312  (135.6800,143.1000) 
  FE_OFC2701_pp_fir_5_1_1_csa_tree_ADD_TC_OP_groupi3969_n_306/Y (@)     A->Y  R     INV_X0P8M_A9PP140ZTL_C30        1  0.8    14    12     324  (137.5000,143.1000) 
  pp_fir_5_1_1_csa_tree_ADD_TC_OP_groupi3969_g1696/Y            (@)     A0->Y F     OAI2XB1_X1M_A9PP140ZTL_C30      1  1.2    22    14     338  (137.0800,144.0000) 
  pp_fir_5_1_1_csa_tree_ADD_TC_OP_groupi3969_g1694/Y            (@)     S0->Y F     MXIT2_X1M_A9PP140ZTL_C30        1  0.8    24    21     359  (137.5000,144.9000) 
  pp_fir_5_1_1_sum1_6_im_1_reg[15]/D                            -       -     F     SDFFRPQ_X1M_A9PP140ZTL_C30      1    -     -     0     359  (137.6400,142.2000) 
#-------------------------------------------------------------------------------------------------------------------------------------------------------------------

(@) : Annotated capacitance.



Path 38: MET (0 ps) Setup Check with Pin pp_fir_5_1_1_sum1_9_re_1_reg[28]/CK->D
           View: view_wcl_slow
          Group: clk
     Startpoint: (R) pp_fir_5_1_1_Delay_Pipeline_reg_re_reg[14][11]/CK
          Clock: (R) clk
       Endpoint: (F) pp_fir_5_1_1_sum1_9_re_1_reg[28]/D
          Clock: (R) clk

                     Capture       Launch     
        Clock Edge:+     500            0     
       Src Latency:+       0            0     
       Net Latency:+       0 (I)        0 (I) 
           Arrival:=     500            0     
                                              
             Setup:-      14                  
       Uncertainty:-     125                  
     Required Time:=     361                  
      Launch Clock:-       0                  
         Data Path:-     360                  
             Slack:=       0                  

#----------------------------------------------------------------------------------------------------------------------------------------------------------------
#                       Timing Point                         Flags   Arc   Edge            Cell              Fanout Load Trans Delay Arrival       Instance      
#                                                                                                                   (fF)  (ps)  (ps)   (ps)        Location      
#----------------------------------------------------------------------------------------------------------------------------------------------------------------
  pp_fir_5_1_1_Delay_Pipeline_reg_re_reg[14][11]/CK          -       -     R     (arrival)                     3620    -    25     0       0               (-,-) 
  pp_fir_5_1_1_Delay_Pipeline_reg_re_reg[14][11]/Q           (@)     CK->Q R     SDFFRPQA_X1M_A9PP140ZTL_C30      3  4.7    28    46      46  (101.6600,63.9000) 
  FE_RC_1283_0/Y                                             (@)     A->Y  F     INV_X1P7M_A9PP140ZTL_C30         2  2.6    14    10      56  (105.7200,67.5000) 
  FE_RC_1282_0/Y                                             (@)     A->Y  R     INV_X3M_A9PP140ZTL_C30           1  4.7    13    11      67  (105.7200,67.5000) 
  pp_fir_5_1_1_csa_tree_ADD_TC_OP_groupi3964_cdnfadd_019_2/S (@)     B->S  F     ADDF_X1P4M_A9PP140ZTL_C30        3  6.5    31    52     119  (105.7200,84.6000) 
  FE_RC_1849_0/Y                                             (@)     B->Y  F     XNOR2_X3M_A9PP140ZTL_C30         1  3.3    28    24     142   (95.6400,76.5000) 
  FE_RC_1303_0/Y                                             (@)     A->Y  F     XNOR2_X4M_A9PP140ZTL_C30         3  3.8    27    20     162   (95.6400,76.5000) 
  FE_RC_1113_0/Y                                             (@)     A->Y  R     INV_X2M_A9PP140ZTL_C30           1  1.4    11    10     172   (95.6400,76.5000) 
  FE_RC_1112_0/Y                                             (@)     B->Y  F     MXIT2_X1P4M_A9PP140ZTL_C30       1  1.8    24    13     185   (95.6400,76.5000) 
  FE_RC_1111_0/Y                                             (@)     A->Y  F     XOR2_X2M_A9PP140ZTL_C30          2  3.1    28    23     208   (95.6400,76.5000) 
  FE_RC_843_0/CO                                             (@)     A->CO F     CGEN_X1M_A9PP140ZTL_C30          2  3.1    20    34     242   (95.6400,76.5000) 
  pp_fir_5_1_1_csa_tree_ADD_TC_OP_groupi3964_g1727/Y         (@)     B->Y  R     NAND2_X3M_A9PP140ZTL_C30         2  2.7    16    15     256   (94.6600,76.5000) 
  pp_fir_5_1_1_csa_tree_ADD_TC_OP_groupi3964_g1676/Y         (@)     B0->Y R     OA1B2_X3M_A9PP140ZTL_C30         2  3.4    16    20     276   (92.8400,76.5000) 
  pp_fir_5_1_1_csa_tree_ADD_TC_OP_groupi3964_g1663/Y         (@)     A0->Y F     OAI2XB1_X4M_A9PP140ZTL_C30       2  5.1    25    15     291   (91.7200,77.4000) 
  pp_fir_5_1_1_csa_tree_ADD_TC_OP_groupi3964_g1656/Y         (@)     A0->Y R     AOI2XB1_X4M_A9PP140ZTL_C30       1  3.9    22    17     308   (87.6600,78.3000) 
  FE_RC_3719_0/Y                                             (@)     B0->Y F     OAI2XB1_X8M_A9PP140ZTL_C30       6  7.6    20    14     322   (84.5800,77.4000) 
  pp_fir_5_1_1_csa_tree_ADD_TC_OP_groupi3964_g1636/Y         (@)     A0->Y F     AO21B_X2M_A9PP140ZTL_C30         1  1.7    14    23     345   (82.9000,78.3000) 
  pp_fir_5_1_1_csa_tree_ADD_TC_OP_groupi3964_g1629/Y         (@)     S0->Y F     MXIT2_X1P4M_A9PP140ZTL_C30       1  0.7    18    15     360   (79.5400,78.3000) 
  pp_fir_5_1_1_sum1_9_re_1_reg[28]/D                         -       -     F     SDFFRPQ_X2M_A9PP140ZTL_C30       1    -     -     0     360   (75.7600,78.3000) 
#----------------------------------------------------------------------------------------------------------------------------------------------------------------

(@) : Annotated capacitance.



Path 39: MET (0 ps) Setup Check with Pin pp_fir_5_1_1_sum1_9_im_1_reg[15]/CK->D
           View: view_wcl_slow
          Group: clk
     Startpoint: (R) pp_fir_5_1_1_Delay_Pipeline_reg_im_reg[14][6]/CK
          Clock: (R) clk
       Endpoint: (F) pp_fir_5_1_1_sum1_9_im_1_reg[15]/D
          Clock: (R) clk

                     Capture       Launch     
        Clock Edge:+     500            0     
       Src Latency:+       0            0     
       Net Latency:+       0 (I)        0 (I) 
           Arrival:=     500            0     
                                              
             Setup:-      47                  
       Uncertainty:-     125                  
     Required Time:=     328                  
      Launch Clock:-       0                  
         Data Path:-     328                  
             Slack:=       0                  

#-----------------------------------------------------------------------------------------------------------------------------------------------------------------------
#                          Timing Point                            Flags    Arc   Edge            Cell              Fanout Load Trans Delay Arrival       Instance      
#                                                                                                                          (fF)  (ps)  (ps)   (ps)        Location      
#-----------------------------------------------------------------------------------------------------------------------------------------------------------------------
  pp_fir_5_1_1_Delay_Pipeline_reg_im_reg[14][6]/CK                 -       -      R     (arrival)                     3620    -    25     0       0               (-,-) 
  pp_fir_5_1_1_Delay_Pipeline_reg_im_reg[14][6]/Q                  (@)     CK->Q  R     SDFFRPQA_X1M_A9PP140ZTL_C30      1  2.6    17    40      40  (127.5600,63.0000) 
  FE_OFC1555_pp_fir_5_1_1_Delay_Pipeline_reg_im_14__6/Y            (@)     A->Y   R     BUF_X11M_A9PP140ZTL_C30         13 26.4    16    20      60  (127.5600,63.0000) 
  FE_OCPC2279_FE_OFN395_pp_fir_5_1_1_Delay_Pipeline_reg_im_14__6/Y (@)     A->Y   R     BUF_X6M_A9PP140ZTL_C30           7 12.1    15    20      80  (128.2600,63.0000) 
  FE_RC_1859_0/CO                                                  (@)     CI->CO R     CGEN_X1M_A9PP140ZTL_C30          2  3.6    24    33     113  (116.2200,71.1000) 
  FE_RC_1798_0/Y                                                   (@)     C->Y   F     XOR3_X3M_A9PP140ZTL_C30          3  6.5    23    48     161  (112.1600,70.2000) 
  FE_RC_1797_0/Y                                                   (@)     A->Y   R     INV_X2M_A9PP140ZTL_C30           1  2.9    15    13     174  (119.1600,69.3000) 
  FE_RC_1796_0/Y                                                   (@)     B->Y   F     MXIT2_X4M_A9PP140ZTL_C30         1  3.2    22    12     186  (119.3000,68.4000) 
  FE_RC_1109_0/Y                                                   (@)     A->Y   F     XNOR2_X4M_A9PP140ZTL_C30         2  3.4    22    18     204  (119.3000,68.4000) 
  FE_RC_1108_0/Y                                                   (@)     A->Y   R     INV_X3M_A9PP140ZTL_C30           1  3.0    12    11     215  (119.3000,68.4000) 
  FE_RC_1708_0/Y                                                   (@)     S0->Y  R     MXIT2_X4M_A9PP140ZTL_C30         3  6.9    30    17     233  (120.5600,67.5000) 
  FE_RC_1549_0/Y                                                   (@)     A->Y   F     NOR2_X4A_A9PP140ZTL_C30          1  2.5    14     9     242  (121.2600,65.7000) 
  FE_RC_1547_0/Y                                                   (@)     A0->Y  R     OAI21_X4M_A9PP140ZTL_C30         2  5.4    22    17     259  (122.2400,65.7000) 
  pp_fir_5_1_1_csa_tree_ADD_TC_OP_groupi3963_g1751/Y               (@)     A->Y   F     INV_X1B_A9PP140ZTL_C30           1  0.8    14    11     269  (126.1600,65.7000) 
  pp_fir_5_1_1_csa_tree_ADD_TC_OP_groupi3963_g1737/Y               (@)     B0->Y  R     OAI21_X1M_A9PP140ZTL_C30         2  2.0    32    18     287  (125.4600,64.8000) 
  pp_fir_5_1_1_csa_tree_ADD_TC_OP_groupi3963_g1725/Y               (@)     A0->Y  F     AOI21_X1M_A9PP140ZTL_C30         1  1.3    26    18     306  (127.1400,66.6000) 
  pp_fir_5_1_1_csa_tree_ADD_TC_OP_groupi3963_g1677/Y               (@)     S0->Y  F     MXIT2_X1M_A9PP140ZTL_C30         1  0.7    20    22     328  (128.4000,65.7000) 
  pp_fir_5_1_1_sum1_9_im_1_reg[15]/D                               -       -      F     SDFFRPQA_X1M_A9PP140ZTL_C30      1    -     -     0     328  (127.7000,63.9000) 
#-----------------------------------------------------------------------------------------------------------------------------------------------------------------------

(@) : Annotated capacitance.



Path 40: MET (0 ps) Setup Check with Pin pp_fir_5_1_1_sum1_4_im_1_reg[19]/CK->D
           View: view_wcl_slow
          Group: clk
     Startpoint: (R) pp_fir_5_1_1_Delay_Pipeline_reg_im_reg[24][8]/CK
          Clock: (R) clk
       Endpoint: (R) pp_fir_5_1_1_sum1_4_im_1_reg[19]/D
          Clock: (R) clk

                     Capture       Launch     
        Clock Edge:+     500            0     
       Src Latency:+       0            0     
       Net Latency:+       0 (I)        0 (I) 
           Arrival:=     500            0     
                                              
             Setup:-      17                  
       Uncertainty:-     125                  
     Required Time:=     358                  
      Launch Clock:-       0                  
         Data Path:-     358                  
             Slack:=       0                  

#-------------------------------------------------------------------------------------------------------------------------------------------------------------------
#                         Timing Point                          Flags   Arc   Edge            Cell             Fanout Load Trans Delay Arrival       Instance       
#                                                                                                                     (fF)  (ps)  (ps)   (ps)        Location       
#-------------------------------------------------------------------------------------------------------------------------------------------------------------------
  pp_fir_5_1_1_Delay_Pipeline_reg_im_reg[24][8]/CK              -       -     R     (arrival)                    3620    -    25     0       0                (-,-) 
  pp_fir_5_1_1_Delay_Pipeline_reg_im_reg[24][8]/Q               (@)     CK->Q R     DFFRPQA_X1M_A9PP140ZTL_C30      3  3.9    24    44      44  (169.4200,145.8000) 
  FE_OFC3752_pp_fir_5_1_1_Delay_Pipeline_reg_im_24__8/Y         (@)     A->Y  F     INV_X4M_A9PP140ZTL_C30          5 14.0    22    16      60  (169.7000,145.8000) 
  pp_fir_5_1_1_csa_tree_ADD_TC_OP_groupi3973_cdnfadd_009_1/CO   (@)     A->CO F     ADDF_X1M_A9PP140ZTL_C30         1  2.1    19    37      97  (175.0200,140.4000) 
  pp_fir_5_1_1_csa_tree_ADD_TC_OP_groupi3973_cdnfadd_010_2/S    (@)     CI->S F     ADDF_X1P4M_A9PP140ZTL_C30       3  2.7    21    44     141  (174.7400,141.3000) 
  FE_RC_2873_0/Y                                                (@)     A->Y  R     NAND2XB_X1M_A9PP140ZTL_C30      1  0.7    15    14     154  (174.8800,142.2000) 
  FE_RC_2872_0/Y                                                (@)     A->Y  F     NAND2_X1A_A9PP140ZTL_C30        2  2.4    25    17     171  (174.8800,142.2000) 
  FE_RC_3183_0/Y                                                (@)     C->Y  F     XOR3_X2M_A9PP140ZTL_C30         2  2.6    19    51     222  (176.9800,140.4000) 
  pp_fir_5_1_1_csa_tree_ADD_TC_OP_groupi3973_g2342/Y            (@)     B->Y  R     NOR2_X3A_A9PP140ZTL_C30         5  5.3    24    19     241  (178.1000,140.4000) 
  pp_fir_5_1_1_csa_tree_ADD_TC_OP_groupi3973_g2281/Y            (@)     BN->Y R     NAND3BB_X1M_A9PP140ZTL_C30      1  1.1    18    24     265  (181.0400,140.4000) 
  pp_fir_5_1_1_csa_tree_ADD_TC_OP_groupi3973_g2271/Y            (@)     A->Y  F     NOR3_X2A_A9PP140ZTL_C30         1  1.0    15     9     273  (180.7600,141.3000) 
  FE_RC_3559_0/Y                                                (@)     AN->Y F     NAND3BB_X2M_A9PP140ZTL_C30      2  3.2    19    26     299  (182.1600,142.2000) 
  FE_OFC2696_pp_fir_5_1_1_csa_tree_ADD_TC_OP_groupi3973_n_238/Y (@)     A->Y  R     INV_X2M_A9PP140ZTL_C30          1  3.7    16    14     312  (183.4200,146.7000) 
  FE_RC_2866_0/Y                                                (@)     C->Y  F     NAND3BB_X6M_A9PP140ZTL_C30      7 10.2    20    14     327  (182.5800,148.5000) 
  pp_fir_5_1_1_csa_tree_ADD_TC_OP_groupi3973_g2238/Y            (@)     A0->Y R     AOI21_X2M_A9PP140ZTL_C30        1  1.2    16    15     342  (184.5400,154.8000) 
  pp_fir_5_1_1_csa_tree_ADD_TC_OP_groupi3973_g2234/Y            (@)     S0->Y R     MXIT2_X1M_A9PP140ZTL_C30        1  0.8    21    16     358  (185.1000,155.7000) 
  pp_fir_5_1_1_sum1_4_im_1_reg[19]/D                            -       -     R     SDFFRPQ_X1M_A9PP140ZTL_C30      1    -     -     0     358  (187.7600,155.7000) 
#-------------------------------------------------------------------------------------------------------------------------------------------------------------------

(@) : Annotated capacitance.



Path 41: MET (0 ps) Setup Check with Pin pp_fir_5_1_1_sum1_4_im_1_reg[18]/CK->D
           View: view_wcl_slow
          Group: clk
     Startpoint: (R) pp_fir_5_1_1_Delay_Pipeline_reg_im_reg[24][8]/CK
          Clock: (R) clk
       Endpoint: (R) pp_fir_5_1_1_sum1_4_im_1_reg[18]/D
          Clock: (R) clk

                     Capture       Launch     
        Clock Edge:+     500            0     
       Src Latency:+       0            0     
       Net Latency:+       0 (I)        0 (I) 
           Arrival:=     500            0     
                                              
             Setup:-      17                  
       Uncertainty:-     125                  
     Required Time:=     358                  
      Launch Clock:-       0                  
         Data Path:-     358                  
             Slack:=       0                  

#-------------------------------------------------------------------------------------------------------------------------------------------------------------------
#                         Timing Point                          Flags   Arc   Edge            Cell             Fanout Load Trans Delay Arrival       Instance       
#                                                                                                                     (fF)  (ps)  (ps)   (ps)        Location       
#-------------------------------------------------------------------------------------------------------------------------------------------------------------------
  pp_fir_5_1_1_Delay_Pipeline_reg_im_reg[24][8]/CK              -       -     R     (arrival)                    3620    -    25     0       0                (-,-) 
  pp_fir_5_1_1_Delay_Pipeline_reg_im_reg[24][8]/Q               (@)     CK->Q R     DFFRPQA_X1M_A9PP140ZTL_C30      3  3.9    24    44      44  (169.4200,145.8000) 
  FE_OFC3752_pp_fir_5_1_1_Delay_Pipeline_reg_im_24__8/Y         (@)     A->Y  F     INV_X4M_A9PP140ZTL_C30          5 14.0    22    16      60  (169.7000,145.8000) 
  pp_fir_5_1_1_csa_tree_ADD_TC_OP_groupi3973_cdnfadd_009_1/CO   (@)     A->CO F     ADDF_X1M_A9PP140ZTL_C30         1  2.1    19    37      97  (175.0200,140.4000) 
  pp_fir_5_1_1_csa_tree_ADD_TC_OP_groupi3973_cdnfadd_010_2/S    (@)     CI->S F     ADDF_X1P4M_A9PP140ZTL_C30       3  2.7    21    44     141  (174.7400,141.3000) 
  FE_RC_2873_0/Y                                                (@)     A->Y  R     NAND2XB_X1M_A9PP140ZTL_C30      1  0.7    15    14     154  (174.8800,142.2000) 
  FE_RC_2872_0/Y                                                (@)     A->Y  F     NAND2_X1A_A9PP140ZTL_C30        2  2.4    25    17     171  (174.8800,142.2000) 
  FE_RC_3183_0/Y                                                (@)     C->Y  F     XOR3_X2M_A9PP140ZTL_C30         2  2.6    19    51     222  (176.9800,140.4000) 
  pp_fir_5_1_1_csa_tree_ADD_TC_OP_groupi3973_g2342/Y            (@)     B->Y  R     NOR2_X3A_A9PP140ZTL_C30         5  5.3    24    19     241  (178.1000,140.4000) 
  pp_fir_5_1_1_csa_tree_ADD_TC_OP_groupi3973_g2281/Y            (@)     BN->Y R     NAND3BB_X1M_A9PP140ZTL_C30      1  1.1    18    24     265  (181.0400,140.4000) 
  pp_fir_5_1_1_csa_tree_ADD_TC_OP_groupi3973_g2271/Y            (@)     A->Y  F     NOR3_X2A_A9PP140ZTL_C30         1  1.0    15     9     273  (180.7600,141.3000) 
  FE_RC_3559_0/Y                                                (@)     AN->Y F     NAND3BB_X2M_A9PP140ZTL_C30      2  3.2    19    26     299  (182.1600,142.2000) 
  FE_OFC2696_pp_fir_5_1_1_csa_tree_ADD_TC_OP_groupi3973_n_238/Y (@)     A->Y  R     INV_X2M_A9PP140ZTL_C30          1  3.7    16    14     312  (183.4200,146.7000) 
  FE_RC_2866_0/Y                                                (@)     C->Y  F     NAND3BB_X6M_A9PP140ZTL_C30      7 10.2    20    14     327  (182.5800,148.5000) 
  pp_fir_5_1_1_csa_tree_ADD_TC_OP_groupi3973_g2239/Y            (@)     A0->Y R     AOI21_X2M_A9PP140ZTL_C30        1  1.1    17    15     342  (183.5600,153.0000) 
  pp_fir_5_1_1_csa_tree_ADD_TC_OP_groupi3973_g2235/Y            (@)     S0->Y R     MXIT2_X1M_A9PP140ZTL_C30        1  0.8    21    16     358  (184.6800,153.0000) 
  pp_fir_5_1_1_sum1_4_im_1_reg[18]/D                            -       -     R     SDFFRPQ_X1M_A9PP140ZTL_C30      1    -     -     0     358  (187.7600,153.0000) 
#-------------------------------------------------------------------------------------------------------------------------------------------------------------------

(@) : Annotated capacitance.



Path 42: MET (0 ps) Setup Check with Pin pp_fir_5_1_1_sum1_16_re_1_reg[19]/CK->D
           View: view_wcl_slow
          Group: clk
     Startpoint: (R) pp_fir_5_1_1_Delay_Pipeline_reg_re_reg[0][0]/CK
          Clock: (R) clk
       Endpoint: (F) pp_fir_5_1_1_sum1_16_re_1_reg[19]/D
          Clock: (R) clk

                     Capture       Launch     
        Clock Edge:+     500            0     
       Src Latency:+       0            0     
       Net Latency:+       0 (I)        0 (I) 
           Arrival:=     500            0     
                                              
             Setup:-      15                  
       Uncertainty:-     125                  
     Required Time:=     360                  
      Launch Clock:-       0                  
         Data Path:-     360                  
             Slack:=       0                  

#----------------------------------------------------------------------------------------------------------------------------------------------------------------
#                        Timing Point                          Flags    Arc   Edge            Cell             Fanout Load Trans Delay Arrival      Instance     
#                                                                                                                     (fF)  (ps)  (ps)   (ps)       Location     
#----------------------------------------------------------------------------------------------------------------------------------------------------------------
  pp_fir_5_1_1_Delay_Pipeline_reg_re_reg[0][0]/CK              -       -      R     (arrival)                    3620    -    25     0       0             (-,-) 
  pp_fir_5_1_1_Delay_Pipeline_reg_re_reg[0][0]/Q               (@)     CK->Q  R     SDFFRPQ_X4M_A9PP140ZTL_C30      4  7.8    14    53      53  (97.8800,0.9000) 
  pp_fir_5_1_1_csa_tree_ADD_TC_OP_groupi3950_g1101/Y           (@)     B->Y   R     AND2_X1M_A9PP140ZTL_C30         3  2.4    19    25      77  (56.3000,5.4000) 
  pp_fir_5_1_1_csa_tree_ADD_TC_OP_groupi3950_g1080/Y           (@)     A1->Y  F     AOI21_X1M_A9PP140ZTL_C30        2  1.6    24    18      95  (54.7600,5.4000) 
  pp_fir_5_1_1_csa_tree_ADD_TC_OP_groupi3950_g1073/Y           (@)     A0->Y  R     OAI21_X1M_A9PP140ZTL_C30        2  2.0    31    24     120  (55.3200,7.2000) 
  FE_OFC3120_pp_fir_5_1_1_csa_tree_ADD_TC_OP_groupi3950_n_56/Y (@)     A->Y   F     INV_X1M_A9PP140ZTL_C30          1  1.3    15    11     130  (54.7600,8.1000) 
  pp_fir_5_1_1_csa_tree_ADD_TC_OP_groupi3950_g1058/Y           (@)     A0->Y  R     OAI21_X2M_A9PP140ZTL_C30        2  2.4    22    17     147  (53.2200,8.1000) 
  pp_fir_5_1_1_csa_tree_ADD_TC_OP_groupi3950_g1054/Y           (@)     A0->Y  F     AOI21_X2M_A9PP140ZTL_C30        2  2.5    22    16     163  (50.9800,7.2000) 
  pp_fir_5_1_1_csa_tree_ADD_TC_OP_groupi3950_g998/Y            (@)     A0->Y  R     OAI21_X2M_A9PP140ZTL_C30        1  2.1    22    18     181  (48.7400,7.2000) 
  pp_fir_5_1_1_csa_tree_ADD_TC_OP_groupi3950_g985/CO           (@)     CI->CO R     ADDF_X1M_A9PP140ZTL_C30         2  2.9    23    35     216  (47.0600,5.4000) 
  pp_fir_5_1_1_csa_tree_ADD_TC_OP_groupi3950_g983/Y            (@)     B0->Y  R     AO1B2_X3M_A9PP140ZTL_C30        4  3.9    19    23     239  (43.0000,4.5000) 
  pp_fir_5_1_1_csa_tree_ADD_TC_OP_groupi3950_g982/Y            (@)     A->Y   F     NAND3_X2A_A9PP140ZTL_C30        1  2.2    24    15     254  (38.9400,4.5000) 
  pp_fir_5_1_1_csa_tree_ADD_TC_OP_groupi3950_g980/Y            (@)     C->Y   R     NAND3BB_X3M_A9PP140ZTL_C30      4  6.6    26    21     276  (34.8800,3.6000) 
  FE_RC_3337_0/Y                                               (@)     A0->Y  F     AOI31_X4M_A9PP140ZTL_C30        4  6.0    39    24     300  (20.8800,4.5000) 
  pp_fir_5_1_1_csa_tree_ADD_TC_OP_groupi3950_g963/Y            (@)     A0->Y  R     OAI21_X2M_A9PP140ZTL_C30        2  1.9    25    21     321   (9.2600,3.6000) 
  pp_fir_5_1_1_csa_tree_ADD_TC_OP_groupi3950_g957/Y            (@)     A0->Y  F     AOI21_X1M_A9PP140ZTL_C30        1  1.3    24    17     338   (8.1400,4.5000) 
  pp_fir_5_1_1_csa_tree_ADD_TC_OP_groupi3950_g956/Y            (@)     S0->Y  F     MXIT2_X1M_A9PP140ZTL_C30        1  0.6    20    21     360   (6.8800,5.4000) 
  pp_fir_5_1_1_sum1_16_re_1_reg[19]/D                          -       -      F     SDFFRPQ_X1M_A9PP140ZTL_C30      1    -     -     0     360   (4.6400,7.2000) 
#----------------------------------------------------------------------------------------------------------------------------------------------------------------

(@) : Annotated capacitance.



Path 43: MET (0 ps) Setup Check with Pin pp_fir_5_1_1_sum1_6_re_1_reg[25]/CK->D
           View: view_wcl_slow
          Group: clk
     Startpoint: (R) pp_fir_5_1_1_Delay_Pipeline_reg_re_reg[20][8]/CK
          Clock: (R) clk
       Endpoint: (R) pp_fir_5_1_1_sum1_6_re_1_reg[25]/D
          Clock: (R) clk

                     Capture       Launch     
        Clock Edge:+     500            0     
       Src Latency:+       0            0     
       Net Latency:+       0 (I)        0 (I) 
           Arrival:=     500            0     
                                              
             Setup:-      17                  
       Uncertainty:-     125                  
     Required Time:=     358                  
      Launch Clock:-       0                  
         Data Path:-     358                  
             Slack:=       0                  

#------------------------------------------------------------------------------------------------------------------------------------------------------------------
#                        Timing Point                         Flags   Arc   Edge             Cell              Fanout Load Trans Delay Arrival       Instance      
#                                                                                                                     (fF)  (ps)  (ps)   (ps)        Location      
#------------------------------------------------------------------------------------------------------------------------------------------------------------------
  pp_fir_5_1_1_Delay_Pipeline_reg_re_reg[20][8]/CK            -       -     R     (arrival)                      3620    -    25     0       0               (-,-) 
  pp_fir_5_1_1_Delay_Pipeline_reg_re_reg[20][8]/Q             (@)     CK->Q R     DFFRPQA_X1M_A9PP140ZTL_C30        3  5.0    28    46      46  (56.5800,116.1000) 
  FE_OFC699_pp_fir_5_1_1_Delay_Pipeline_reg_re_20__8/Y        (@)     A->Y  F     INV_X2M_A9PP140ZTL_C30            4  8.1    25    18      64  (56.0200,116.1000) 
  pp_fir_5_1_1_csa_tree_ADD_TC_OP_groupi3970_cdnfadd_017_0/CO (@)     B->CO F     ADDF_X1M_A9PP140ZTL_C30           1  3.4    23    40     104  (54.7600,126.0000) 
  pp_fir_5_1_1_csa_tree_ADD_TC_OP_groupi3970_cdnfadd_018_2/CO (@)     B->CO F     ADDF_X1M_A9PP140ZTL_C30           4  3.1    22    38     142  (58.1200,127.8000) 
  FE_RC_2795_0/Y                                              (@)     B->Y  R     NAND2_X1B_A9PP140ZTL_C30          1  0.9    14    13     155  (60.6400,128.7000) 
  FE_RC_2794_0/Y                                              (@)     B0->Y F     OAI2XB1_X1P4M_A9PP140ZTL_C30      2  2.0    22    14     170  (60.6400,128.7000) 
  FE_RC_2798_0/Y                                              (@)     A->Y  R     NAND2_X1B_A9PP140ZTL_C30          1  1.2    14    13     182  (60.6400,128.7000) 
  FE_RC_2793_0/Y                                              (@)     B0->Y F     OAI21_X2M_A9PP140ZTL_C30          1  2.8    20    14     196  (60.6400,128.7000) 
  pp_fir_5_1_1_csa_tree_ADD_TC_OP_groupi3970_cdnfadd_019_4/S  (@)     B->S  R     ADDF_X1M_A9PP140ZTL_C30           2  2.2    24    49     245  (59.6600,131.4000) 
  pp_fir_5_1_1_csa_tree_ADD_TC_OP_groupi3970_g1847/Y          (@)     A->Y  F     NOR2_X2A_A9PP140ZTL_C30           4  3.9    22    15     260  (58.6800,134.1000) 
  pp_fir_5_1_1_csa_tree_ADD_TC_OP_groupi3970_g1776/Y          (@)     A->Y  R     NOR2_X2A_A9PP140ZTL_C30           2  2.4    19    16     275  (58.8200,135.0000) 
  pp_fir_5_1_1_csa_tree_ADD_TC_OP_groupi3970_g1757/Y          (@)     B->Y  R     AND2_X2M_A9PP140ZTL_C30           3  3.9    16    24     299  (58.5400,137.7000) 
  pp_fir_5_1_1_csa_tree_ADD_TC_OP_groupi3970_g1741/Y          (@)     A->Y  F     NAND2_X2A_A9PP140ZTL_C30          3  3.6    21    14     313  (65.1200,136.8000) 
  pp_fir_5_1_1_csa_tree_ADD_TC_OP_groupi3970_g1730/Y          (@)     A->Y  R     NOR2XB_X2M_A9PP140ZTL_C30         1  1.4    15    12     326  (67.2200,135.9000) 
  FE_RC_3572_0/Y                                              (@)     A->Y  F     NAND2_X2A_A9PP140ZTL_C30          1  1.4    14     9     334  (69.0400,135.9000) 
  FE_RC_3571_0/Y                                              (@)     B->Y  R     NAND2_X2B_A9PP140ZTL_C30          1  1.6    12    10     345  (69.0400,135.9000) 
  pp_fir_5_1_1_csa_tree_ADD_TC_OP_groupi3970_g1685/Y          (@)     S0->Y R     MXIT2_X1P4M_A9PP140ZTL_C30        1  0.9    17    13     358  (70.0200,136.8000) 
  pp_fir_5_1_1_sum1_6_re_1_reg[25]/D                          -       -     R     SDFFRPQ_X1M_A9PP140ZTL_C30        1    -     -     0     358  (69.1800,140.4000) 
#------------------------------------------------------------------------------------------------------------------------------------------------------------------

(@) : Annotated capacitance.



Path 44: MET (0 ps) Setup Check with Pin pp_fir_5_1_1_sum1_6_re_1_reg[23]/CK->D
           View: view_wcl_slow
          Group: clk
     Startpoint: (R) pp_fir_5_1_1_Delay_Pipeline_reg_re_reg[20][8]/CK
          Clock: (R) clk
       Endpoint: (R) pp_fir_5_1_1_sum1_6_re_1_reg[23]/D
          Clock: (R) clk

                     Capture       Launch     
        Clock Edge:+     500            0     
       Src Latency:+       0            0     
       Net Latency:+       0 (I)        0 (I) 
           Arrival:=     500            0     
                                              
             Setup:-      16                  
       Uncertainty:-     125                  
     Required Time:=     359                  
      Launch Clock:-       0                  
         Data Path:-     359                  
             Slack:=       0                  

#-------------------------------------------------------------------------------------------------------------------------------------------------------------------
#                         Timing Point                          Flags    Arc   Edge            Cell             Fanout Load Trans Delay Arrival       Instance      
#                                                                                                                      (fF)  (ps)  (ps)   (ps)        Location      
#-------------------------------------------------------------------------------------------------------------------------------------------------------------------
  pp_fir_5_1_1_Delay_Pipeline_reg_re_reg[20][8]/CK              -       -      R     (arrival)                    3620    -    25     0       0               (-,-) 
  pp_fir_5_1_1_Delay_Pipeline_reg_re_reg[20][8]/Q               (@)     CK->Q  R     DFFRPQA_X1M_A9PP140ZTL_C30      3  5.0    28    46      46  (56.5800,116.1000) 
  FE_OFC699_pp_fir_5_1_1_Delay_Pipeline_reg_re_20__8/Y          (@)     A->Y   F     INV_X2M_A9PP140ZTL_C30          4  8.1    25    18      64  (56.0200,116.1000) 
  pp_fir_5_1_1_csa_tree_ADD_TC_OP_groupi3970_cdnfadd_017_0/CO   (@)     B->CO  F     ADDF_X1M_A9PP140ZTL_C30         1  3.4    23    40     104  (54.7600,126.0000) 
  pp_fir_5_1_1_csa_tree_ADD_TC_OP_groupi3970_cdnfadd_018_2/S    (@)     B->S   R     ADDF_X1M_A9PP140ZTL_C30         1  2.9    27    52     156  (58.1200,127.8000) 
  pp_fir_5_1_1_csa_tree_ADD_TC_OP_groupi3970_cdnfadd_018_4/S    (@)     A->S   F     ADDF_X1M_A9PP140ZTL_C30         2  1.9    21    46     202  (57.5600,130.5000) 
  FE_OFC3085_pp_fir_5_1_1_csa_tree_ADD_TC_OP_groupi3970_n_340/Y (@)     A->Y   R     INV_X1M_A9PP140ZTL_C30          2  3.1    23    19     221  (59.6600,130.5000) 
  FE_RC_3228_0/Y                                                (@)     B->Y   F     NAND2_X1P4B_A9PP140ZTL_C30      1  1.2    16    10     231  (57.2800,132.3000) 
  FE_RC_3223_0/Y                                                (@)     B0->Y  R     OAI21_X2M_A9PP140ZTL_C30        2  1.9    22    12     244  (57.2800,132.3000) 
  pp_fir_5_1_1_csa_tree_ADD_TC_OP_groupi3970_g1829/Y            (@)     A->Y   F     NAND2_X1M_A9PP140ZTL_C30        3  3.1    31    21     264  (57.5600,133.2000) 
  pp_fir_5_1_1_csa_tree_ADD_TC_OP_groupi3970_g1760/Y            (@)     A1->Y  R     OAI21_X2M_A9PP140ZTL_C30        1  1.3    19    18     282  (58.8200,135.9000) 
  pp_fir_5_1_1_csa_tree_ADD_TC_OP_groupi3970_g1737/Y            (@)     B0->Y  F     AOI21_X2M_A9PP140ZTL_C30        3  2.5    22    12     294  (59.2400,136.8000) 
  pp_fir_5_1_1_csa_tree_ADD_TC_OP_groupi3970_g1725/Y            (@)     A0->Y  R     OAI21_X1M_A9PP140ZTL_C30        2  2.0    32    25     319  (62.3200,136.8000) 
  pp_fir_5_1_1_csa_tree_ADD_TC_OP_groupi3970_g1718/Y            (@)     A0->Y  F     AOI21_X2M_A9PP140ZTL_C30        1  1.7    21    15     334  (63.5800,136.8000) 
  pp_fir_5_1_1_csa_tree_ADD_TC_OP_groupi3970_g1699/Y            (@)     A0N->Y R     AO1B2_X2M_A9PP140ZTL_C30        1  1.5    13    12     346  (64.9800,138.6000) 
  pp_fir_5_1_1_csa_tree_ADD_TC_OP_groupi3970_g1687/Y            (@)     S0->Y  R     MXIT2_X1P4M_A9PP140ZTL_C30      1  0.8    18    13     359  (65.2600,140.4000) 
  pp_fir_5_1_1_sum1_6_re_1_reg[23]/D                            -       -      R     SDFFRPQ_X2M_A9PP140ZTL_C30      1    -     -     0     359  (65.1200,142.2000) 
#-------------------------------------------------------------------------------------------------------------------------------------------------------------------

(@) : Annotated capacitance.



Path 45: MET (0 ps) Setup Check with Pin pp_fir_5_1_1_sum1_6_re_1_reg[21]/CK->D
           View: view_wcl_slow
          Group: clk
     Startpoint: (R) pp_fir_5_1_1_Delay_Pipeline_reg_re_reg[20][8]/CK
          Clock: (R) clk
       Endpoint: (F) pp_fir_5_1_1_sum1_6_re_1_reg[21]/D
          Clock: (R) clk

                     Capture       Launch     
        Clock Edge:+     500            0     
       Src Latency:+       0            0     
       Net Latency:+       0 (I)        0 (I) 
           Arrival:=     500            0     
                                              
             Setup:-      14                  
       Uncertainty:-     125                  
     Required Time:=     361                  
      Launch Clock:-       0                  
         Data Path:-     361                  
             Slack:=       0                  

#---------------------------------------------------------------------------------------------------------------------------------------------------------------------
#                         Timing Point                          Flags    Arc   Edge             Cell              Fanout Load Trans Delay Arrival       Instance      
#                                                                                                                        (fF)  (ps)  (ps)   (ps)        Location      
#---------------------------------------------------------------------------------------------------------------------------------------------------------------------
  pp_fir_5_1_1_Delay_Pipeline_reg_re_reg[20][8]/CK              -       -      R     (arrival)                      3620    -    25     0       0               (-,-) 
  pp_fir_5_1_1_Delay_Pipeline_reg_re_reg[20][8]/Q               (@)     CK->Q  R     DFFRPQA_X1M_A9PP140ZTL_C30        3  5.0    28    46      46  (56.5800,116.1000) 
  FE_OFC699_pp_fir_5_1_1_Delay_Pipeline_reg_re_20__8/Y          (@)     A->Y   F     INV_X2M_A9PP140ZTL_C30            4  8.1    25    18      64  (56.0200,116.1000) 
  pp_fir_5_1_1_csa_tree_ADD_TC_OP_groupi3970_cdnfadd_017_0/CO   (@)     B->CO  F     ADDF_X1M_A9PP140ZTL_C30           1  3.4    23    40     104  (54.7600,126.0000) 
  pp_fir_5_1_1_csa_tree_ADD_TC_OP_groupi3970_cdnfadd_018_2/CO   (@)     B->CO  F     ADDF_X1M_A9PP140ZTL_C30           4  3.1    22    38     142  (58.1200,127.8000) 
  FE_RC_2795_0/Y                                                (@)     B->Y   R     NAND2_X1B_A9PP140ZTL_C30          1  0.9    14    13     155  (60.6400,128.7000) 
  FE_RC_2794_0/Y                                                (@)     B0->Y  F     OAI2XB1_X1P4M_A9PP140ZTL_C30      2  2.0    22    14     170  (60.6400,128.7000) 
  FE_RC_2798_0/Y                                                (@)     A->Y   R     NAND2_X1B_A9PP140ZTL_C30          1  1.2    14    13     182  (60.6400,128.7000) 
  FE_RC_2793_0/Y                                                (@)     B0->Y  F     OAI21_X2M_A9PP140ZTL_C30          1  2.8    20    14     196  (60.6400,128.7000) 
  pp_fir_5_1_1_csa_tree_ADD_TC_OP_groupi3970_cdnfadd_019_4/S    (@)     B->S   F     ADDF_X1M_A9PP140ZTL_C30           2  2.2    23    47     243  (59.6600,131.4000) 
  pp_fir_5_1_1_csa_tree_ADD_TC_OP_groupi3970_g1847/Y            (@)     A->Y   R     NOR2_X2A_A9PP140ZTL_C30           4  4.0    26    20     263  (58.6800,134.1000) 
  pp_fir_5_1_1_csa_tree_ADD_TC_OP_groupi3970_g1776/Y            (@)     A->Y   F     NOR2_X2A_A9PP140ZTL_C30           2  2.4    16    11     275  (58.8200,135.0000) 
  pp_fir_5_1_1_csa_tree_ADD_TC_OP_groupi3970_g1757/Y            (@)     B->Y   F     AND2_X2M_A9PP140ZTL_C30           3  3.9    14    25     299  (58.5400,137.7000) 
  FE_OFC2747_pp_fir_5_1_1_csa_tree_ADD_TC_OP_groupi3970_n_263/Y (@)     A->Y   R     INV_X1P7M_A9PP140ZTL_C30          3  3.9    16    13     313  (62.8800,137.7000) 
  pp_fir_5_1_1_csa_tree_ADD_TC_OP_groupi3970_g1744/Y            (@)     A->Y   F     NOR2XB_X2M_A9PP140ZTL_C30         1  0.8    11     7     320  (62.0400,138.6000) 
  pp_fir_5_1_1_csa_tree_ADD_TC_OP_groupi3970_g1701/Y            (@)     A1N->Y F     OAI2XB1_X3M_A9PP140ZTL_C30        1  1.5    17    24     344  (60.7800,138.6000) 
  pp_fir_5_1_1_csa_tree_ADD_TC_OP_groupi3970_g1689/Y            (@)     S0->Y  F     MXIT2_X1P4M_A9PP140ZTL_C30        1  0.6    15    16     361  (61.3400,139.5000) 
  pp_fir_5_1_1_sum1_6_re_1_reg[21]/D                            -       -      F     SDFFRPQ_X1M_A9PP140ZTL_C30        1    -     -     0     361  (59.8000,140.4000) 
#---------------------------------------------------------------------------------------------------------------------------------------------------------------------

(@) : Annotated capacitance.



Path 46: MET (0 ps) Setup Check with Pin pp_fir_5_1_1_sum1_6_re_1_reg[20]/CK->D
           View: view_wcl_slow
          Group: clk
     Startpoint: (R) pp_fir_5_1_1_Delay_Pipeline_reg_re_reg[21][10]/CK
          Clock: (R) clk
       Endpoint: (F) pp_fir_5_1_1_sum1_6_re_1_reg[20]/D
          Clock: (R) clk

                     Capture       Launch     
        Clock Edge:+     500            0     
       Src Latency:+       0            0     
       Net Latency:+       0 (I)        0 (I) 
           Arrival:=     500            0     
                                              
             Setup:-      15                  
       Uncertainty:-     125                  
     Required Time:=     360                  
      Launch Clock:-       0                  
         Data Path:-     360                  
             Slack:=       0                  

#--------------------------------------------------------------------------------------------------------------------------------------------------------------------
#                         Timing Point                          Flags    Arc   Edge            Cell              Fanout Load Trans Delay Arrival       Instance      
#                                                                                                                       (fF)  (ps)  (ps)   (ps)        Location      
#--------------------------------------------------------------------------------------------------------------------------------------------------------------------
  pp_fir_5_1_1_Delay_Pipeline_reg_re_reg[21][10]/CK             -       -      R     (arrival)                     3620    -    25     0       0               (-,-) 
  pp_fir_5_1_1_Delay_Pipeline_reg_re_reg[21][10]/Q              (@)     CK->Q  R     SDFFRPQA_X1M_A9PP140ZTL_C30      3  5.3    30    47      47  (49.8600,126.9000) 
  pp_fir_5_1_1_csa_tree_ADD_TC_OP_groupi3970_g1942/Y            (@)     A->Y   F     INV_X5M_A9PP140ZTL_C30           5 15.9    23    17      64  (51.6800,125.1000) 
  pp_fir_5_1_1_csa_tree_ADD_TC_OP_groupi3970_cdnfadd_012_0/S    (@)     A->S   R     ADDF_X1M_A9PP140ZTL_C30          1  2.2    23    51     115  (52.8000,113.4000) 
  pp_fir_5_1_1_csa_tree_ADD_TC_OP_groupi3970_cdnfadd_012_3/CO   (@)     CI->CO R     ADDF_X1M_A9PP140ZTL_C30          3  3.4    25    37     152  (51.8200,115.2000) 
  FE_RC_701_0/Y                                                 (@)     B->Y   R     XOR2_X2M_A9PP140ZTL_C30          2  1.5    25    21     173  (51.6800,118.8000) 
  FE_RC_3512_0/Y                                                (@)     A->Y   R     OR2_X2M_A9PP140ZTL_C30           1  1.3     9    19     193  (51.6800,118.8000) 
  FE_RC_3511_0/Y                                                (@)     A->Y   F     NAND2_X2B_A9PP140ZTL_C30         2  2.2    15    10     203  (51.6800,118.8000) 
  FE_RC_2819_0/CO                                               (@)     CI->CO F     CGEN_X1M_A9PP140ZTL_C30          2  2.5    18    27     230  (49.1600,118.8000) 
  FE_OFC2967_pp_fir_5_1_1_csa_tree_ADD_TC_OP_groupi3970_n_166/Y (@)     A->Y   R     INV_X0P8M_A9PP140ZTL_C30         1  0.8    12    11     241  (50.5600,119.7000) 
  pp_fir_5_1_1_csa_tree_ADD_TC_OP_groupi3970_g1820/Y            (@)     BN->Y  R     NOR2XB_X2M_A9PP140ZTL_C30        2  3.1    22    25     266  (49.4400,120.6000) 
  pp_fir_5_1_1_csa_tree_ADD_TC_OP_groupi3970_g1778/Y            (@)     B->Y   F     NOR2_X4A_A9PP140ZTL_C30          2  5.3    17    13     279  (48.1800,121.5000) 
  pp_fir_5_1_1_csa_tree_ADD_TC_OP_groupi3970_g1733/Y            (@)     A1->Y  R     AOI21_X4M_A9PP140ZTL_C30         1  4.3    20    18     297  (47.6200,120.6000) 
  pp_fir_5_1_1_csa_tree_ADD_TC_OP_groupi3970_g1713/Y            (@)     B0->Y  F     OAI21_X8M_A9PP140ZTL_C30         4 14.7    26    18     315  (47.4800,119.7000) 
  pp_fir_5_1_1_csa_tree_ADD_TC_OP_groupi3970_g1712/Y            (@)     A->Y   R     INV_X11M_A9PP140ZTL_C30          8 15.2    15    15     330  (53.9200,135.0000) 
  FE_RC_689_0/Y                                                 (@)     A0->Y  F     OAI21_X3M_A9PP140ZTL_C30         1  1.4    13    12     341  (58.9600,138.6000) 
  pp_fir_5_1_1_csa_tree_ADD_TC_OP_groupi3970_g1690/Y            (@)     S0->Y  F     MXIT2_X1M_A9PP140ZTL_C30         1  0.7    20    18     360  (58.4000,140.4000) 
  pp_fir_5_1_1_sum1_6_re_1_reg[20]/D                            -       -      F     SDFFRPQ_X1M_A9PP140ZTL_C30       1    -     -     0     360  (55.6000,142.2000) 
#--------------------------------------------------------------------------------------------------------------------------------------------------------------------

(@) : Annotated capacitance.



Path 47: MET (0 ps) Setup Check with Pin pp_fir_5_1_1_sum1_5_im_1_reg[24]/CK->D
           View: view_wcl_slow
          Group: clk
     Startpoint: (R) pp_fir_5_1_1_Delay_Pipeline_reg_im_reg[23][8]/CK
          Clock: (R) clk
       Endpoint: (F) pp_fir_5_1_1_sum1_5_im_1_reg[24]/D
          Clock: (R) clk

                     Capture       Launch     
        Clock Edge:+     500            0     
       Src Latency:+       0            0     
       Net Latency:+       0 (I)        0 (I) 
           Arrival:=     500            0     
                                              
             Setup:-      14                  
       Uncertainty:-     125                  
     Required Time:=     361                  
      Launch Clock:-       0                  
         Data Path:-     360                  
             Slack:=       0                  

#------------------------------------------------------------------------------------------------------------------------------------------------------------------
#                        Timing Point                         Flags    Arc   Edge            Cell             Fanout Load Trans Delay Arrival       Instance       
#                                                                                                                    (fF)  (ps)  (ps)   (ps)        Location       
#------------------------------------------------------------------------------------------------------------------------------------------------------------------
  pp_fir_5_1_1_Delay_Pipeline_reg_im_reg[23][8]/CK            -       -      R     (arrival)                    3620    -    25     0       0                (-,-) 
  pp_fir_5_1_1_Delay_Pipeline_reg_im_reg[23][8]/Q             (@)     CK->Q  F     DFFRPQ_X3M_A9PP140ZTL_C30       7 14.3    26    63      63  (161.3000,144.9000) 
  FE_OFC1826_pp_fir_5_1_1_Delay_Pipeline_reg_im_23__8/Y       (@)     A->Y   R     INV_X2M_A9PP140ZTL_C30          2  5.2    21    19      82  (161.1600,141.3000) 
  pp_fir_5_1_1_csa_tree_ADD_TC_OP_groupi3971_g1854/Y          (@)     A1->Y  R     OA21B_X1P4M_A9PP140ZTL_C30      1  3.1    26    29     110  (159.6200,133.2000) 
  pp_fir_5_1_1_csa_tree_ADD_TC_OP_groupi3971_cdnfadd_008_1/S  (@)     B->S   F     ADDF_X1M_A9PP140ZTL_C30         1  2.0    22    46     156  (155.2800,132.3000) 
  pp_fir_5_1_1_csa_tree_ADD_TC_OP_groupi3971_cdnfadd_008_2/CO (@)     CI->CO F     ADDF_X1M_A9PP140ZTL_C30         1  0.9    12    29     185  (155.5600,131.4000) 
  pp_fir_5_1_1_csa_tree_ADD_TC_OP_groupi3971_g1817/Y          (@)     A->Y   R     INV_X1B_A9PP140ZTL_C30          2  2.2    16    13     198  (156.1200,130.5000) 
  pp_fir_5_1_1_csa_tree_ADD_TC_OP_groupi3971_g1811/Y          (@)     BN->Y  R     NOR2XB_X3M_A9PP140ZTL_C30       3  2.4    16    22     220  (154.3000,131.4000) 
  pp_fir_5_1_1_csa_tree_ADD_TC_OP_groupi3971_g1797/Y          (@)     B0->Y  R     OA1B2_X1P4M_A9PP140ZTL_C30      2  3.2    26    25     246  (153.1800,129.6000) 
  FE_RC_3686_0/Y                                              (@)     B0N->Y F     AO21B_X4M_A9PP140ZTL_C30        3  6.0    21    14     260  (151.6400,130.5000) 
  pp_fir_5_1_1_csa_tree_ADD_TC_OP_groupi3971_g1702/Y          (@)     A1->Y  R     AOI21_X6M_A9PP140ZTL_C30        1  3.8    18    16     276  (152.7600,134.1000) 
  pp_fir_5_1_1_csa_tree_ADD_TC_OP_groupi3971_g1906/Y          (@)     C->Y   F     NOR3BB_X6M_A9PP140ZTL_C30       1  4.1    17    14     290  (153.0400,139.5000) 
  pp_fir_5_1_1_csa_tree_ADD_TC_OP_groupi3971_g1694/Y          (@)     B->Y   R     NOR2_X6A_A9PP140ZTL_C30         5  6.8    19    15     304  (152.4800,144.0000) 
  pp_fir_5_1_1_csa_tree_ADD_TC_OP_groupi3971_g1693/Y          (@)     A->Y   F     INV_X2M_A9PP140ZTL_C30          1  2.0    10     8     312  (151.7800,153.9000) 
  FE_RC_3575_0/Y                                              (@)     A0->Y  R     AOI21_X3M_A9PP140ZTL_C30        2  2.9    20    14     326  (150.8000,154.8000) 
  pp_fir_5_1_1_csa_tree_ADD_TC_OP_groupi3971_g1672/Y          (@)     A0->Y  F     OAI21_X2M_A9PP140ZTL_C30        2  3.0    24    16     342  (150.6600,156.6000) 
  pp_fir_5_1_1_csa_tree_ADD_TC_OP_groupi3971_g1666/Y          (@)     S0->Y  F     MXIT2_X1P4M_A9PP140ZTL_C30      1  0.8    16    18     360  (148.4200,156.6000) 
  pp_fir_5_1_1_sum1_5_im_1_reg[24]/D                          -       -      F     SDFFRPQ_X2M_A9PP140ZTL_C30      1    -     -     0     360  (144.7800,155.7000) 
#------------------------------------------------------------------------------------------------------------------------------------------------------------------

(@) : Annotated capacitance.



Path 48: MET (0 ps) Setup Check with Pin pp_fir_5_1_1_sum1_4_re_1_reg[22]/CK->D
           View: view_wcl_slow
          Group: clk
     Startpoint: (R) pp_fir_5_1_1_Delay_Pipeline_reg_re_reg[24][10]/CK
          Clock: (R) clk
       Endpoint: (R) pp_fir_5_1_1_sum1_4_re_1_reg[22]/D
          Clock: (R) clk

                     Capture       Launch     
        Clock Edge:+     500            0     
       Src Latency:+       0            0     
       Net Latency:+       0 (I)        0 (I) 
           Arrival:=     500            0     
                                              
             Setup:-      17                  
       Uncertainty:-     125                  
     Required Time:=     358                  
      Launch Clock:-       0                  
         Data Path:-     358                  
             Slack:=       0                  

#-------------------------------------------------------------------------------------------------------------------------------------------------------------------
#                         Timing Point                          Flags    Arc   Edge            Cell             Fanout Load Trans Delay Arrival       Instance      
#                                                                                                                      (fF)  (ps)  (ps)   (ps)        Location      
#-------------------------------------------------------------------------------------------------------------------------------------------------------------------
  pp_fir_5_1_1_Delay_Pipeline_reg_re_reg[24][10]/CK             -       -      R     (arrival)                    3620    -    25     0       0               (-,-) 
  pp_fir_5_1_1_Delay_Pipeline_reg_re_reg[24][10]/Q              (@)     CK->Q  R     DFFRPQA_X1M_A9PP140ZTL_C30      1  1.4    12    36      36  (29.4200,132.3000) 
  FE_OFC1829_pp_fir_5_1_1_Delay_Pipeline_reg_re_24__10/Y        (@)     A->Y   F     INV_X2M_A9PP140ZTL_C30          6 14.2    33    21      57  (29.4200,132.3000) 
  pp_fir_5_1_1_csa_tree_ADD_TC_OP_groupi3974_cdnfadd_011_0/CO   (@)     CI->CO F     ADDF_X1P4M_A9PP140ZTL_C30       1  3.6    19    38      95  (24.5200,122.4000) 
  pp_fir_5_1_1_csa_tree_ADD_TC_OP_groupi3974_cdnfadd_012_2/CO   (@)     B->CO  F     ADDF_X1M_A9PP140ZTL_C30         3  2.7    21    36     132  (23.4000,130.5000) 
  FE_RC_2851_0/Y                                                (@)     B->Y   R     NAND2_X1A_A9PP140ZTL_C30        1  1.2    16    14     146  (23.8200,131.4000) 
  FE_RC_2850_0/Y                                                (@)     B0N->Y F     AO21B_X2M_A9PP140ZTL_C30        4  3.7    20    14     160  (23.8200,131.4000) 
  FE_RC_659_0/Y                                                 (@)     B->Y   R     NAND2_X1B_A9PP140ZTL_C30        1  1.2    15    13     174  (24.8000,132.3000) 
  FE_RC_657_0/Y                                                 (@)     B0->Y  F     OAI21_X2M_A9PP140ZTL_C30        2  2.0    17    12     186  (24.8000,132.3000) 
  FE_RC_662_0/Y                                                 (@)     A->Y   R     NAND2_X1A_A9PP140ZTL_C30        1  1.2    14    13     198  (24.8000,132.3000) 
  FE_RC_656_0/Y                                                 (@)     B0->Y  F     OAI21_X2M_A9PP140ZTL_C30        2  2.2    18    13     211  (24.8000,132.3000) 
  pp_fir_5_1_1_csa_tree_ADD_TC_OP_groupi3974_g2325/Y            (@)     A->Y   R     NOR2_X2A_A9PP140ZTL_C30         4  5.0    29    21     233  (22.5600,131.4000) 
  FE_OFC2839_pp_fir_5_1_1_csa_tree_ADD_TC_OP_groupi3974_n_171/Y (@)     A->Y   F     INV_X2M_A9PP140ZTL_C30          3  4.7    18    14     246  (20.6000,127.8000) 
  FE_RC_4100_0/Y                                                (@)     B->Y   R     NAND3_X2A_A9PP140ZTL_C30        1  0.8    15    12     258  (20.3200,124.2000) 
  pp_fir_5_1_1_csa_tree_ADD_TC_OP_groupi3974_g2493/Y            (@)     B0N->Y R     AOI22BB_X2M_A9PP140ZTL_C30      1  1.9    19    24     283  (18.3600,124.2000) 
  pp_fir_5_1_1_csa_tree_ADD_TC_OP_groupi3974_g2257/Y            (@)     C->Y   F     NAND3BB_X3M_A9PP140ZTL_C30      2  5.2    20    15     297  (16.5400,124.2000) 
  FE_OFC2710_pp_fir_5_1_1_csa_tree_ADD_TC_OP_groupi3974_n_238/Y (@)     A->Y   R     INV_X2M_A9PP140ZTL_C30          1  3.8    16    14     312  (21.0200,133.2000) 
  pp_fir_5_1_1_csa_tree_ADD_TC_OP_groupi3974_g2250/Y            (@)     C->Y   F     NAND3BB_X6M_A9PP140ZTL_C30      7 11.4    21    15     327  (19.0600,135.0000) 
  pp_fir_5_1_1_csa_tree_ADD_TC_OP_groupi3974_g2242/Y            (@)     A0->Y  R     AOI21_X2M_A9PP140ZTL_C30        1  1.4    18    17     344  (30.9600,147.6000) 
  pp_fir_5_1_1_csa_tree_ADD_TC_OP_groupi3974_g2231/Y            (@)     S0->Y  R     MXIT2_X1P4M_A9PP140ZTL_C30      1  0.7    16    14     358  (30.5400,148.5000) 
  pp_fir_5_1_1_sum1_4_re_1_reg[22]/D                            -       -      R     SDFFRPQ_X1M_A9PP140ZTL_C30      1    -     -     0     358  (29.7000,150.3000) 
#-------------------------------------------------------------------------------------------------------------------------------------------------------------------

(@) : Annotated capacitance.



Path 49: MET (0 ps) Setup Check with Pin pp_fir_5_1_1_sum1_4_re_1_reg[18]/CK->D
           View: view_wcl_slow
          Group: clk
     Startpoint: (R) pp_fir_5_1_1_Delay_Pipeline_reg_re_reg[24][10]/CK
          Clock: (R) clk
       Endpoint: (R) pp_fir_5_1_1_sum1_4_re_1_reg[18]/D
          Clock: (R) clk

                     Capture       Launch     
        Clock Edge:+     500            0     
       Src Latency:+       0            0     
       Net Latency:+       0 (I)        0 (I) 
           Arrival:=     500            0     
                                              
             Setup:-      17                  
       Uncertainty:-     125                  
     Required Time:=     358                  
      Launch Clock:-       0                  
         Data Path:-     358                  
             Slack:=       0                  

#-------------------------------------------------------------------------------------------------------------------------------------------------------------------
#                         Timing Point                          Flags    Arc   Edge            Cell             Fanout Load Trans Delay Arrival       Instance      
#                                                                                                                      (fF)  (ps)  (ps)   (ps)        Location      
#-------------------------------------------------------------------------------------------------------------------------------------------------------------------
  pp_fir_5_1_1_Delay_Pipeline_reg_re_reg[24][10]/CK             -       -      R     (arrival)                    3620    -    25     0       0               (-,-) 
  pp_fir_5_1_1_Delay_Pipeline_reg_re_reg[24][10]/Q              (@)     CK->Q  R     DFFRPQA_X1M_A9PP140ZTL_C30      1  1.4    12    36      36  (29.4200,132.3000) 
  FE_OFC1829_pp_fir_5_1_1_Delay_Pipeline_reg_re_24__10/Y        (@)     A->Y   F     INV_X2M_A9PP140ZTL_C30          6 14.2    33    21      57  (29.4200,132.3000) 
  pp_fir_5_1_1_csa_tree_ADD_TC_OP_groupi3974_cdnfadd_011_0/CO   (@)     CI->CO F     ADDF_X1P4M_A9PP140ZTL_C30       1  3.6    19    38      95  (24.5200,122.4000) 
  pp_fir_5_1_1_csa_tree_ADD_TC_OP_groupi3974_cdnfadd_012_2/CO   (@)     B->CO  F     ADDF_X1M_A9PP140ZTL_C30         3  2.7    21    36     132  (23.4000,130.5000) 
  FE_RC_2851_0/Y                                                (@)     B->Y   R     NAND2_X1A_A9PP140ZTL_C30        1  1.2    16    14     146  (23.8200,131.4000) 
  FE_RC_2850_0/Y                                                (@)     B0N->Y F     AO21B_X2M_A9PP140ZTL_C30        4  3.7    20    14     160  (23.8200,131.4000) 
  FE_RC_659_0/Y                                                 (@)     B->Y   R     NAND2_X1B_A9PP140ZTL_C30        1  1.2    15    13     174  (24.8000,132.3000) 
  FE_RC_657_0/Y                                                 (@)     B0->Y  F     OAI21_X2M_A9PP140ZTL_C30        2  2.0    17    12     186  (24.8000,132.3000) 
  FE_RC_662_0/Y                                                 (@)     A->Y   R     NAND2_X1A_A9PP140ZTL_C30        1  1.2    14    13     198  (24.8000,132.3000) 
  FE_RC_656_0/Y                                                 (@)     B0->Y  F     OAI21_X2M_A9PP140ZTL_C30        2  2.2    18    13     211  (24.8000,132.3000) 
  pp_fir_5_1_1_csa_tree_ADD_TC_OP_groupi3974_g2325/Y            (@)     A->Y   R     NOR2_X2A_A9PP140ZTL_C30         4  5.0    29    21     233  (22.5600,131.4000) 
  FE_OFC2839_pp_fir_5_1_1_csa_tree_ADD_TC_OP_groupi3974_n_171/Y (@)     A->Y   F     INV_X2M_A9PP140ZTL_C30          3  4.7    18    14     246  (20.6000,127.8000) 
  FE_RC_4100_0/Y                                                (@)     B->Y   R     NAND3_X2A_A9PP140ZTL_C30        1  0.8    15    12     258  (20.3200,124.2000) 
  pp_fir_5_1_1_csa_tree_ADD_TC_OP_groupi3974_g2493/Y            (@)     B0N->Y R     AOI22BB_X2M_A9PP140ZTL_C30      1  1.9    19    24     283  (18.3600,124.2000) 
  pp_fir_5_1_1_csa_tree_ADD_TC_OP_groupi3974_g2257/Y            (@)     C->Y   F     NAND3BB_X3M_A9PP140ZTL_C30      2  5.2    20    15     297  (16.5400,124.2000) 
  FE_OFC2710_pp_fir_5_1_1_csa_tree_ADD_TC_OP_groupi3974_n_238/Y (@)     A->Y   R     INV_X2M_A9PP140ZTL_C30          1  3.8    16    14     312  (21.0200,133.2000) 
  pp_fir_5_1_1_csa_tree_ADD_TC_OP_groupi3974_g2250/Y            (@)     C->Y   F     NAND3BB_X6M_A9PP140ZTL_C30      7 11.4    21    15     327  (19.0600,135.0000) 
  pp_fir_5_1_1_csa_tree_ADD_TC_OP_groupi3974_g2239/Y            (@)     A0->Y  R     AOI21_X2M_A9PP140ZTL_C30        1  1.5    18    17     344  (22.9800,145.8000) 
  pp_fir_5_1_1_csa_tree_ADD_TC_OP_groupi3974_g2235/Y            (@)     S0->Y  R     MXIT2_X1P4M_A9PP140ZTL_C30      1  0.7    16    14     358  (22.2800,146.7000) 
  pp_fir_5_1_1_sum1_4_re_1_reg[18]/D                            -       -      R     SDFFRPQ_X1M_A9PP140ZTL_C30      1    -     -     0     358  (21.3000,148.5000) 
#-------------------------------------------------------------------------------------------------------------------------------------------------------------------

(@) : Annotated capacitance.



Path 50: MET (0 ps) Setup Check with Pin pp_fir_5_1_1_sum1_14_im_1_reg[22]/CK->D
           View: view_wcl_slow
          Group: clk
     Startpoint: (R) pp_fir_5_1_1_Delay_Pipeline_reg_im_reg[5][11]/CK
          Clock: (R) clk
       Endpoint: (R) pp_fir_5_1_1_sum1_14_im_1_reg[22]/D
          Clock: (R) clk

                     Capture       Launch     
        Clock Edge:+     500            0     
       Src Latency:+       0            0     
       Net Latency:+       0 (I)        0 (I) 
           Arrival:=     500            0     
                                              
             Setup:-      16                  
       Uncertainty:-     125                  
     Required Time:=     359                  
      Launch Clock:-       0                  
         Data Path:-     359                  
             Slack:=       0                  

#-------------------------------------------------------------------------------------------------------------------------------------------------------------------
#                         Timing Point                          Flags    Arc   Edge            Cell             Fanout Load Trans Delay Arrival       Instance      
#                                                                                                                      (fF)  (ps)  (ps)   (ps)        Location      
#-------------------------------------------------------------------------------------------------------------------------------------------------------------------
  pp_fir_5_1_1_Delay_Pipeline_reg_im_reg[5][11]/CK              -       -      R     (arrival)                    3620    -    25     0       0               (-,-) 
  pp_fir_5_1_1_Delay_Pipeline_reg_im_reg[5][11]/Q               (@)     CK->Q  R     DFFRPQA_X1M_A9PP140ZTL_C30      8 10.1    53    59      59   (183.8400,1.8000) 
  FE_OFC3513_pp_fir_5_1_1_Delay_Pipeline_reg_im_5__11/Y         (@)     A->Y   F     INV_X2M_A9PP140ZTL_C30          5  5.0    25    16      76   (187.7600,2.7000) 
  pp_fir_5_1_1_csa_tree_ADD_TC_OP_groupi3953_g8691/Y            (@)     A->Y   R     NAND2_X1B_A9PP140ZTL_C30        2  2.1    20    17      92   (188.3200,2.7000) 
  pp_fir_5_1_1_csa_tree_ADD_TC_OP_groupi3953_g8663/Y            (@)     B0N->Y F     AO21B_X2M_A9PP140ZTL_C30        2  2.3    16    12     104   (188.3200,1.8000) 
  pp_fir_5_1_1_csa_tree_ADD_TC_OP_groupi3953_g8641/Y            (@)     A->Y   R     NAND2_X2B_A9PP140ZTL_C30        4  3.6    16    13     117   (190.2800,0.9000) 
  pp_fir_5_1_1_csa_tree_ADD_TC_OP_groupi3953_g8788/Y            (@)     B0->Y  F     OAI21_X1M_A9PP140ZTL_C30        2  2.5    30    20     137   (189.3000,0.9000) 
  pp_fir_5_1_1_csa_tree_ADD_TC_OP_groupi3953_g8498/Y            (@)     B->Y   F     XNOR3_X2M_A9PP140ZTL_C30        1  1.9    18    48     185   (188.8800,7.2000) 
  pp_fir_5_1_1_csa_tree_ADD_TC_OP_groupi3953_g8441/S            (@)     CI->S  R     ADDF_X1M_A9PP140ZTL_C30         2  2.2    23    47     232   (189.7200,8.1000) 
  pp_fir_5_1_1_csa_tree_ADD_TC_OP_groupi3953_g8411/Y            (@)     A->Y   F     NOR2_X1M_A9PP140ZTL_C30         2  1.9    24    18     250   (189.1600,9.9000) 
  pp_fir_5_1_1_csa_tree_ADD_TC_OP_groupi3953_g8387/Y            (@)     B0->Y  R     AOI21_X2M_A9PP140ZTL_C30        2  2.7    24    19     269  (188.3200,11.7000) 
  pp_fir_5_1_1_csa_tree_ADD_TC_OP_groupi3953_g8386/Y            (@)     A->Y   F     INV_X2M_A9PP140ZTL_C30          1  1.5    10     7     276  (189.8600,12.6000) 
  pp_fir_5_1_1_csa_tree_ADD_TC_OP_groupi3953_g8378/Y            (@)     A0->Y  R     AOI21_X2M_A9PP140ZTL_C30        1  1.7    20    13     289  (190.8400,10.8000) 
  pp_fir_5_1_1_csa_tree_ADD_TC_OP_groupi3953_g8371/Y            (@)     A0->Y  F     OAI21_X2M_A9PP140ZTL_C30        1  1.8    20    13     302   (192.6600,9.9000) 
  pp_fir_5_1_1_csa_tree_ADD_TC_OP_groupi3953_g8358/Y            (@)     B0->Y  R     AOI21_X3M_A9PP140ZTL_C30        2  3.4    22    17     319  (193.6400,10.8000) 
  FE_OFC2697_pp_fir_5_1_1_csa_tree_ADD_TC_OP_groupi3953_n_457/Y (@)     A->Y   F     INV_X2M_A9PP140ZTL_C30          3  3.9    15    11     331   (198.4000,9.0000) 
  pp_fir_5_1_1_csa_tree_ADD_TC_OP_groupi3953_g8346/Y            (@)     A0->Y  R     AOI21_X2M_A9PP140ZTL_C30        1  1.5    18    14     345   (201.4800,9.9000) 
  pp_fir_5_1_1_csa_tree_ADD_TC_OP_groupi3953_g8341/Y            (@)     S0->Y  R     MXIT2_X1P4M_A9PP140ZTL_C30      1  0.8    17    14     359  (201.4800,10.8000) 
  pp_fir_5_1_1_sum1_14_im_1_reg[22]/D                           -       -      R     SDFFRPQ_X2M_A9PP140ZTL_C30      1    -     -     0     359  (199.1000,13.5000) 
#-------------------------------------------------------------------------------------------------------------------------------------------------------------------

(@) : Annotated capacitance.

