============================================================
  Generated by:           Genus(TM) Synthesis Solution 22.10-p001_1
  Generated on:           Jan 08 2025  11:24:12 am
  Module:                 pp_fir_u_0
  Operating conditions:   ssg_cworstt_max_0p81v_125c 
  Operating conditions:   ffg_cbestt_min_0p99v_m40c 
  Operating conditions:   tt_ctypical_max_0p90v_25c 
  Interconnect mode:      spatial
  Area mode:              physical library
============================================================


Path 1: MET (57 ps) Setup Check with Pin signed_mag_0_sign_re_stage1_reg/clk->sena
           View: view_wcl_typical
          Group: clk
     Startpoint: (R) rst_n
          Clock: (R) clk
       Endpoint: (R) signed_mag_0_sign_re_stage1_reg/sena
          Clock: (R) clk

                     Capture       Launch     
        Clock Edge:+     500            0     
        Drv Adjust:+       0            0     
       Src Latency:+       0            0     
       Net Latency:+     200 (I)      200 (I) 
           Arrival:=     700          200     
                                              
             Setup:-      18                  
       Uncertainty:-     125                  
     Required Time:=     557                  
      Launch Clock:-     200                  
       Input Delay:-     300                  
         Data Path:-       0                  
             Slack:=      57                  

Exceptions/Constraints:
  input_delay             300             tmp_sdc_view_wcl_slo_1_line_533 

#-----------------------------------------------------------------------------------------------------------------------------
#            Timing Point              Flags   Arc   Edge      Cell        Fanout Load Trans Delay Arrival      Instance      
#                                                                                 (fF)  (ps)  (ps)   (ps)       Location      
#-----------------------------------------------------------------------------------------------------------------------------
  rst_n                                (a,u)   -     R     (arrival)            5  3.6     0     0     500              (-,-) 
  signed_mag_0_sign_re_stage1_reg/sena -       -     R     unmapped_d_flop      5    -     -     0     500  (0.0220,113.8335) 
#-----------------------------------------------------------------------------------------------------------------------------

(u) : Net has unmapped pin(s).
(a) : Net has asynchronous load pins which are being considered ideal.



Path 2: MET (57 ps) Setup Check with Pin pp_fir_0_1_1/Delay_Pipeline_reg_re_reg[0][15]/clk->d
           View: view_wcl_typical
          Group: clk
     Startpoint: (R) In1_re[15]
          Clock: (R) clk
       Endpoint: (R) pp_fir_0_1_1/Delay_Pipeline_reg_re_reg[0][15]/d
          Clock: (R) clk

                     Capture       Launch     
        Clock Edge:+     500            0     
        Drv Adjust:+       0            0     
       Src Latency:+       0            0     
       Net Latency:+     200 (I)      200 (I) 
           Arrival:=     700          200     
                                              
             Setup:-      18                  
       Uncertainty:-     125                  
     Required Time:=     557                  
      Launch Clock:-     200                  
       Input Delay:-     300                  
         Data Path:-       0                  
             Slack:=      57                  

Exceptions/Constraints:
  input_delay             300             tmp_sdc_view_wcl_slo_1_line_535 

#--------------------------------------------------------------------------------------------------------------------------------------
#                  Timing Point                   Flags   Arc   Edge      Cell        Fanout Load Trans Delay Arrival     Instance     
#                                                                                            (fF)  (ps)  (ps)   (ps)      Location     
#--------------------------------------------------------------------------------------------------------------------------------------
  In1_re[15]                                      (u)     -     R     (arrival)            1  1.8     0     0     500            (-,-) 
  pp_fir_0_1_1/Delay_Pipeline_reg_re_reg[0][15]/d -       -     R     unmapped_d_flop      1    -     -     0     500  (2.8320,0.1455) 
#--------------------------------------------------------------------------------------------------------------------------------------

(u) : Net has unmapped pin(s).



Path 3: MET (57 ps) Setup Check with Pin pp_fir_0_1_1/Delay_Pipeline_reg_re_reg[0][14]/clk->d
           View: view_wcl_typical
          Group: clk
     Startpoint: (R) In1_re[14]
          Clock: (R) clk
       Endpoint: (R) pp_fir_0_1_1/Delay_Pipeline_reg_re_reg[0][14]/d
          Clock: (R) clk

                     Capture       Launch     
        Clock Edge:+     500            0     
        Drv Adjust:+       0            0     
       Src Latency:+       0            0     
       Net Latency:+     200 (I)      200 (I) 
           Arrival:=     700          200     
                                              
             Setup:-      18                  
       Uncertainty:-     125                  
     Required Time:=     557                  
      Launch Clock:-     200                  
       Input Delay:-     300                  
         Data Path:-       0                  
             Slack:=      57                  

Exceptions/Constraints:
  input_delay             300             tmp_sdc_view_wcl_slo_1_line_536 

#--------------------------------------------------------------------------------------------------------------------------------------
#                  Timing Point                   Flags   Arc   Edge      Cell        Fanout Load Trans Delay Arrival     Instance     
#                                                                                            (fF)  (ps)  (ps)   (ps)      Location     
#--------------------------------------------------------------------------------------------------------------------------------------
  In1_re[14]                                      (u)     -     R     (arrival)            1  1.8     0     0     500            (-,-) 
  pp_fir_0_1_1/Delay_Pipeline_reg_re_reg[0][14]/d -       -     R     unmapped_d_flop      1    -     -     0     500  (6.2175,0.0760) 
#--------------------------------------------------------------------------------------------------------------------------------------

(u) : Net has unmapped pin(s).



Path 4: MET (57 ps) Setup Check with Pin pp_fir_0_1_1/Delay_Pipeline_reg_re_reg[0][13]/clk->d
           View: view_wcl_typical
          Group: clk
     Startpoint: (R) In1_re[13]
          Clock: (R) clk
       Endpoint: (R) pp_fir_0_1_1/Delay_Pipeline_reg_re_reg[0][13]/d
          Clock: (R) clk

                     Capture       Launch     
        Clock Edge:+     500            0     
        Drv Adjust:+       0            0     
       Src Latency:+       0            0     
       Net Latency:+     200 (I)      200 (I) 
           Arrival:=     700          200     
                                              
             Setup:-      18                  
       Uncertainty:-     125                  
     Required Time:=     557                  
      Launch Clock:-     200                  
       Input Delay:-     300                  
         Data Path:-       0                  
             Slack:=      57                  

Exceptions/Constraints:
  input_delay             300             tmp_sdc_view_wcl_slo_1_line_537 

#---------------------------------------------------------------------------------------------------------------------------------------
#                  Timing Point                   Flags   Arc   Edge      Cell        Fanout Load Trans Delay Arrival      Instance     
#                                                                                            (fF)  (ps)  (ps)   (ps)       Location     
#---------------------------------------------------------------------------------------------------------------------------------------
  In1_re[13]                                      (u)     -     R     (arrival)            1  1.8     0     0     500             (-,-) 
  pp_fir_0_1_1/Delay_Pipeline_reg_re_reg[0][13]/d -       -     R     unmapped_d_flop      1    -     -     0     500  (13.5165,0.0335) 
#---------------------------------------------------------------------------------------------------------------------------------------

(u) : Net has unmapped pin(s).



Path 5: MET (57 ps) Setup Check with Pin pp_fir_0_1_1/Delay_Pipeline_reg_re_reg[0][12]/clk->d
           View: view_wcl_typical
          Group: clk
     Startpoint: (R) In1_re[12]
          Clock: (R) clk
       Endpoint: (R) pp_fir_0_1_1/Delay_Pipeline_reg_re_reg[0][12]/d
          Clock: (R) clk

                     Capture       Launch     
        Clock Edge:+     500            0     
        Drv Adjust:+       0            0     
       Src Latency:+       0            0     
       Net Latency:+     200 (I)      200 (I) 
           Arrival:=     700          200     
                                              
             Setup:-      18                  
       Uncertainty:-     125                  
     Required Time:=     557                  
      Launch Clock:-     200                  
       Input Delay:-     300                  
         Data Path:-       0                  
             Slack:=      57                  

Exceptions/Constraints:
  input_delay             300             tmp_sdc_view_wcl_slo_1_line_538 

#---------------------------------------------------------------------------------------------------------------------------------------
#                  Timing Point                   Flags   Arc   Edge      Cell        Fanout Load Trans Delay Arrival      Instance     
#                                                                                            (fF)  (ps)  (ps)   (ps)       Location     
#---------------------------------------------------------------------------------------------------------------------------------------
  In1_re[12]                                      (u)     -     R     (arrival)            1  1.8     0     0     500             (-,-) 
  pp_fir_0_1_1/Delay_Pipeline_reg_re_reg[0][12]/d -       -     R     unmapped_d_flop      1    -     -     0     500  (41.0970,7.0130) 
#---------------------------------------------------------------------------------------------------------------------------------------

(u) : Net has unmapped pin(s).



Path 6: MET (57 ps) Setup Check with Pin pp_fir_0_1_1/Delay_Pipeline_reg_re_reg[0][11]/clk->d
           View: view_wcl_typical
          Group: clk
     Startpoint: (R) In1_re[11]
          Clock: (R) clk
       Endpoint: (R) pp_fir_0_1_1/Delay_Pipeline_reg_re_reg[0][11]/d
          Clock: (R) clk

                     Capture       Launch     
        Clock Edge:+     500            0     
        Drv Adjust:+       0            0     
       Src Latency:+       0            0     
       Net Latency:+     200 (I)      200 (I) 
           Arrival:=     700          200     
                                              
             Setup:-      18                  
       Uncertainty:-     125                  
     Required Time:=     557                  
      Launch Clock:-     200                  
       Input Delay:-     300                  
         Data Path:-       0                  
             Slack:=      57                  

Exceptions/Constraints:
  input_delay             300             tmp_sdc_view_wcl_slo_1_line_539 

#---------------------------------------------------------------------------------------------------------------------------------------
#                  Timing Point                   Flags   Arc   Edge      Cell        Fanout Load Trans Delay Arrival      Instance     
#                                                                                            (fF)  (ps)  (ps)   (ps)       Location     
#---------------------------------------------------------------------------------------------------------------------------------------
  In1_re[11]                                      (u)     -     R     (arrival)            1  1.8     0     0     500             (-,-) 
  pp_fir_0_1_1/Delay_Pipeline_reg_re_reg[0][11]/d -       -     R     unmapped_d_flop      1    -     -     0     500  (50.5000,1.1455) 
#---------------------------------------------------------------------------------------------------------------------------------------

(u) : Net has unmapped pin(s).



Path 7: MET (57 ps) Setup Check with Pin pp_fir_0_1_1/Delay_Pipeline_reg_re_reg[0][10]/clk->d
           View: view_wcl_typical
          Group: clk
     Startpoint: (R) In1_re[10]
          Clock: (R) clk
       Endpoint: (R) pp_fir_0_1_1/Delay_Pipeline_reg_re_reg[0][10]/d
          Clock: (R) clk

                     Capture       Launch     
        Clock Edge:+     500            0     
        Drv Adjust:+       0            0     
       Src Latency:+       0            0     
       Net Latency:+     200 (I)      200 (I) 
           Arrival:=     700          200     
                                              
             Setup:-      18                  
       Uncertainty:-     125                  
     Required Time:=     557                  
      Launch Clock:-     200                  
       Input Delay:-     300                  
         Data Path:-       0                  
             Slack:=      57                  

Exceptions/Constraints:
  input_delay             300             tmp_sdc_view_wcl_slo_1_line_540 

#---------------------------------------------------------------------------------------------------------------------------------------
#                  Timing Point                   Flags   Arc   Edge      Cell        Fanout Load Trans Delay Arrival      Instance     
#                                                                                            (fF)  (ps)  (ps)   (ps)       Location     
#---------------------------------------------------------------------------------------------------------------------------------------
  In1_re[10]                                      (u)     -     R     (arrival)            1  1.8     0     0     500             (-,-) 
  pp_fir_0_1_1/Delay_Pipeline_reg_re_reg[0][10]/d -       -     R     unmapped_d_flop      1    -     -     0     500  (60.5890,0.1015) 
#---------------------------------------------------------------------------------------------------------------------------------------

(u) : Net has unmapped pin(s).



Path 8: MET (57 ps) Setup Check with Pin pp_fir_0_1_1/Delay_Pipeline_reg_re_reg[0][9]/clk->d
           View: view_wcl_typical
          Group: clk
     Startpoint: (R) In1_re[9]
          Clock: (R) clk
       Endpoint: (R) pp_fir_0_1_1/Delay_Pipeline_reg_re_reg[0][9]/d
          Clock: (R) clk

                     Capture       Launch     
        Clock Edge:+     500            0     
        Drv Adjust:+       0            0     
       Src Latency:+       0            0     
       Net Latency:+     200 (I)      200 (I) 
           Arrival:=     700          200     
                                              
             Setup:-      18                  
       Uncertainty:-     125                  
     Required Time:=     557                  
      Launch Clock:-     200                  
       Input Delay:-     300                  
         Data Path:-       0                  
             Slack:=      57                  

Exceptions/Constraints:
  input_delay             300             tmp_sdc_view_wcl_slo_1_line_541 

#--------------------------------------------------------------------------------------------------------------------------------------
#                 Timing Point                   Flags   Arc   Edge      Cell        Fanout Load Trans Delay Arrival      Instance     
#                                                                                           (fF)  (ps)  (ps)   (ps)       Location     
#--------------------------------------------------------------------------------------------------------------------------------------
  In1_re[9]                                      (u)     -     R     (arrival)            1  1.8     0     0     500             (-,-) 
  pp_fir_0_1_1/Delay_Pipeline_reg_re_reg[0][9]/d -       -     R     unmapped_d_flop      1    -     -     0     500  (57.8095,1.1730) 
#--------------------------------------------------------------------------------------------------------------------------------------

(u) : Net has unmapped pin(s).



Path 9: MET (57 ps) Setup Check with Pin pp_fir_0_1_1/Delay_Pipeline_reg_re_reg[0][8]/clk->d
           View: view_wcl_typical
          Group: clk
     Startpoint: (R) In1_re[8]
          Clock: (R) clk
       Endpoint: (R) pp_fir_0_1_1/Delay_Pipeline_reg_re_reg[0][8]/d
          Clock: (R) clk

                     Capture       Launch     
        Clock Edge:+     500            0     
        Drv Adjust:+       0            0     
       Src Latency:+       0            0     
       Net Latency:+     200 (I)      200 (I) 
           Arrival:=     700          200     
                                              
             Setup:-      18                  
       Uncertainty:-     125                  
     Required Time:=     557                  
      Launch Clock:-     200                  
       Input Delay:-     300                  
         Data Path:-       0                  
             Slack:=      57                  

Exceptions/Constraints:
  input_delay             300             tmp_sdc_view_wcl_slo_1_line_542 

#--------------------------------------------------------------------------------------------------------------------------------------
#                 Timing Point                   Flags   Arc   Edge      Cell        Fanout Load Trans Delay Arrival      Instance     
#                                                                                           (fF)  (ps)  (ps)   (ps)       Location     
#--------------------------------------------------------------------------------------------------------------------------------------
  In1_re[8]                                      (u)     -     R     (arrival)            1  1.8     0     0     500             (-,-) 
  pp_fir_0_1_1/Delay_Pipeline_reg_re_reg[0][8]/d -       -     R     unmapped_d_flop      1    -     -     0     500  (78.0785,0.5035) 
#--------------------------------------------------------------------------------------------------------------------------------------

(u) : Net has unmapped pin(s).



Path 10: MET (57 ps) Setup Check with Pin pp_fir_0_1_1/Delay_Pipeline_reg_re_reg[0][7]/clk->d
           View: view_wcl_typical
          Group: clk
     Startpoint: (R) In1_re[7]
          Clock: (R) clk
       Endpoint: (R) pp_fir_0_1_1/Delay_Pipeline_reg_re_reg[0][7]/d
          Clock: (R) clk

                     Capture       Launch     
        Clock Edge:+     500            0     
        Drv Adjust:+       0            0     
       Src Latency:+       0            0     
       Net Latency:+     200 (I)      200 (I) 
           Arrival:=     700          200     
                                              
             Setup:-      18                  
       Uncertainty:-     125                  
     Required Time:=     557                  
      Launch Clock:-     200                  
       Input Delay:-     300                  
         Data Path:-       0                  
             Slack:=      57                  

Exceptions/Constraints:
  input_delay             300             tmp_sdc_view_wcl_slo_1_line_543 

#--------------------------------------------------------------------------------------------------------------------------------------
#                 Timing Point                   Flags   Arc   Edge      Cell        Fanout Load Trans Delay Arrival      Instance     
#                                                                                           (fF)  (ps)  (ps)   (ps)       Location     
#--------------------------------------------------------------------------------------------------------------------------------------
  In1_re[7]                                      (u)     -     R     (arrival)            1  1.8     0     0     500             (-,-) 
  pp_fir_0_1_1/Delay_Pipeline_reg_re_reg[0][7]/d -       -     R     unmapped_d_flop      1    -     -     0     500  (93.2605,0.1250) 
#--------------------------------------------------------------------------------------------------------------------------------------

(u) : Net has unmapped pin(s).



Path 11: MET (57 ps) Setup Check with Pin pp_fir_0_1_1/Delay_Pipeline_reg_re_reg[0][6]/clk->d
           View: view_wcl_typical
          Group: clk
     Startpoint: (R) In1_re[6]
          Clock: (R) clk
       Endpoint: (R) pp_fir_0_1_1/Delay_Pipeline_reg_re_reg[0][6]/d
          Clock: (R) clk

                     Capture       Launch     
        Clock Edge:+     500            0     
        Drv Adjust:+       0            0     
       Src Latency:+       0            0     
       Net Latency:+     200 (I)      200 (I) 
           Arrival:=     700          200     
                                              
             Setup:-      18                  
       Uncertainty:-     125                  
     Required Time:=     557                  
      Launch Clock:-     200                  
       Input Delay:-     300                  
         Data Path:-       0                  
             Slack:=      57                  

Exceptions/Constraints:
  input_delay             300             tmp_sdc_view_wcl_slo_1_line_544 

#--------------------------------------------------------------------------------------------------------------------------------------
#                 Timing Point                   Flags   Arc   Edge      Cell        Fanout Load Trans Delay Arrival      Instance     
#                                                                                           (fF)  (ps)  (ps)   (ps)       Location     
#--------------------------------------------------------------------------------------------------------------------------------------
  In1_re[6]                                      (u)     -     R     (arrival)            1  1.8     0     0     500             (-,-) 
  pp_fir_0_1_1/Delay_Pipeline_reg_re_reg[0][6]/d -       -     R     unmapped_d_flop      1    -     -     0     500  (96.7150,0.0735) 
#--------------------------------------------------------------------------------------------------------------------------------------

(u) : Net has unmapped pin(s).



Path 12: MET (57 ps) Setup Check with Pin pp_fir_0_1_1/Delay_Pipeline_reg_re_reg[0][5]/clk->d
           View: view_wcl_typical
          Group: clk
     Startpoint: (R) In1_re[5]
          Clock: (R) clk
       Endpoint: (R) pp_fir_0_1_1/Delay_Pipeline_reg_re_reg[0][5]/d
          Clock: (R) clk

                     Capture       Launch     
        Clock Edge:+     500            0     
        Drv Adjust:+       0            0     
       Src Latency:+       0            0     
       Net Latency:+     200 (I)      200 (I) 
           Arrival:=     700          200     
                                              
             Setup:-      18                  
       Uncertainty:-     125                  
     Required Time:=     557                  
      Launch Clock:-     200                  
       Input Delay:-     300                  
         Data Path:-       0                  
             Slack:=      57                  

Exceptions/Constraints:
  input_delay             300             tmp_sdc_view_wcl_slo_1_line_545 

#---------------------------------------------------------------------------------------------------------------------------------------
#                 Timing Point                   Flags   Arc   Edge      Cell        Fanout Load Trans Delay Arrival      Instance      
#                                                                                           (fF)  (ps)  (ps)   (ps)       Location      
#---------------------------------------------------------------------------------------------------------------------------------------
  In1_re[5]                                      (u)     -     R     (arrival)            1  1.8     0     0     500              (-,-) 
  pp_fir_0_1_1/Delay_Pipeline_reg_re_reg[0][5]/d -       -     R     unmapped_d_flop      1    -     -     0     500  (100.1675,0.1260) 
#---------------------------------------------------------------------------------------------------------------------------------------

(u) : Net has unmapped pin(s).



Path 13: MET (57 ps) Setup Check with Pin pp_fir_0_1_1/Delay_Pipeline_reg_re_reg[0][4]/clk->d
           View: view_wcl_typical
          Group: clk
     Startpoint: (R) In1_re[4]
          Clock: (R) clk
       Endpoint: (R) pp_fir_0_1_1/Delay_Pipeline_reg_re_reg[0][4]/d
          Clock: (R) clk

                     Capture       Launch     
        Clock Edge:+     500            0     
        Drv Adjust:+       0            0     
       Src Latency:+       0            0     
       Net Latency:+     200 (I)      200 (I) 
           Arrival:=     700          200     
                                              
             Setup:-      18                  
       Uncertainty:-     125                  
     Required Time:=     557                  
      Launch Clock:-     200                  
       Input Delay:-     300                  
         Data Path:-       0                  
             Slack:=      57                  

Exceptions/Constraints:
  input_delay             300             tmp_sdc_view_wcl_slo_1_line_546 

#---------------------------------------------------------------------------------------------------------------------------------------
#                 Timing Point                   Flags   Arc   Edge      Cell        Fanout Load Trans Delay Arrival      Instance      
#                                                                                           (fF)  (ps)  (ps)   (ps)       Location      
#---------------------------------------------------------------------------------------------------------------------------------------
  In1_re[4]                                      (u)     -     R     (arrival)            1  1.8     0     0     500              (-,-) 
  pp_fir_0_1_1/Delay_Pipeline_reg_re_reg[0][4]/d -       -     R     unmapped_d_flop      1    -     -     0     500  (102.4550,1.1985) 
#---------------------------------------------------------------------------------------------------------------------------------------

(u) : Net has unmapped pin(s).



Path 14: MET (57 ps) Setup Check with Pin pp_fir_0_1_1/Delay_Pipeline_reg_re_reg[0][3]/clk->d
           View: view_wcl_typical
          Group: clk
     Startpoint: (R) In1_re[3]
          Clock: (R) clk
       Endpoint: (R) pp_fir_0_1_1/Delay_Pipeline_reg_re_reg[0][3]/d
          Clock: (R) clk

                     Capture       Launch     
        Clock Edge:+     500            0     
        Drv Adjust:+       0            0     
       Src Latency:+       0            0     
       Net Latency:+     200 (I)      200 (I) 
           Arrival:=     700          200     
                                              
             Setup:-      18                  
       Uncertainty:-     125                  
     Required Time:=     557                  
      Launch Clock:-     200                  
       Input Delay:-     300                  
         Data Path:-       0                  
             Slack:=      57                  

Exceptions/Constraints:
  input_delay             300             tmp_sdc_view_wcl_slo_1_line_547 

#---------------------------------------------------------------------------------------------------------------------------------------
#                 Timing Point                   Flags   Arc   Edge      Cell        Fanout Load Trans Delay Arrival      Instance      
#                                                                                           (fF)  (ps)  (ps)   (ps)       Location      
#---------------------------------------------------------------------------------------------------------------------------------------
  In1_re[3]                                      (u)     -     R     (arrival)            1  1.8     0     0     500              (-,-) 
  pp_fir_0_1_1/Delay_Pipeline_reg_re_reg[0][3]/d -       -     R     unmapped_d_flop      1    -     -     0     500  (103.8615,0.0880) 
#---------------------------------------------------------------------------------------------------------------------------------------

(u) : Net has unmapped pin(s).



Path 15: MET (57 ps) Setup Check with Pin pp_fir_0_1_1/Delay_Pipeline_reg_re_reg[0][2]/clk->d
           View: view_wcl_typical
          Group: clk
     Startpoint: (R) In1_re[2]
          Clock: (R) clk
       Endpoint: (R) pp_fir_0_1_1/Delay_Pipeline_reg_re_reg[0][2]/d
          Clock: (R) clk

                     Capture       Launch     
        Clock Edge:+     500            0     
        Drv Adjust:+       0            0     
       Src Latency:+       0            0     
       Net Latency:+     200 (I)      200 (I) 
           Arrival:=     700          200     
                                              
             Setup:-      18                  
       Uncertainty:-     125                  
     Required Time:=     557                  
      Launch Clock:-     200                  
       Input Delay:-     300                  
         Data Path:-       0                  
             Slack:=      57                  

Exceptions/Constraints:
  input_delay             300             tmp_sdc_view_wcl_slo_1_line_548 

#---------------------------------------------------------------------------------------------------------------------------------------
#                 Timing Point                   Flags   Arc   Edge      Cell        Fanout Load Trans Delay Arrival      Instance      
#                                                                                           (fF)  (ps)  (ps)   (ps)       Location      
#---------------------------------------------------------------------------------------------------------------------------------------
  In1_re[2]                                      (u)     -     R     (arrival)            1  1.8     0     0     500              (-,-) 
  pp_fir_0_1_1/Delay_Pipeline_reg_re_reg[0][2]/d -       -     R     unmapped_d_flop      1    -     -     0     500  (151.8050,0.0925) 
#---------------------------------------------------------------------------------------------------------------------------------------

(u) : Net has unmapped pin(s).



Path 16: MET (57 ps) Setup Check with Pin pp_fir_0_1_1/Delay_Pipeline_reg_re_reg[0][1]/clk->d
           View: view_wcl_typical
          Group: clk
     Startpoint: (R) In1_re[1]
          Clock: (R) clk
       Endpoint: (R) pp_fir_0_1_1/Delay_Pipeline_reg_re_reg[0][1]/d
          Clock: (R) clk

                     Capture       Launch     
        Clock Edge:+     500            0     
        Drv Adjust:+       0            0     
       Src Latency:+       0            0     
       Net Latency:+     200 (I)      200 (I) 
           Arrival:=     700          200     
                                              
             Setup:-      18                  
       Uncertainty:-     125                  
     Required Time:=     557                  
      Launch Clock:-     200                  
       Input Delay:-     300                  
         Data Path:-       0                  
             Slack:=      57                  

Exceptions/Constraints:
  input_delay             300             tmp_sdc_view_wcl_slo_1_line_549 

#---------------------------------------------------------------------------------------------------------------------------------------
#                 Timing Point                   Flags   Arc   Edge      Cell        Fanout Load Trans Delay Arrival      Instance      
#                                                                                           (fF)  (ps)  (ps)   (ps)       Location      
#---------------------------------------------------------------------------------------------------------------------------------------
  In1_re[1]                                      (u)     -     R     (arrival)            1  1.8     0     0     500              (-,-) 
  pp_fir_0_1_1/Delay_Pipeline_reg_re_reg[0][1]/d -       -     R     unmapped_d_flop      1    -     -     0     500  (157.8275,0.9755) 
#---------------------------------------------------------------------------------------------------------------------------------------

(u) : Net has unmapped pin(s).



Path 17: MET (57 ps) Setup Check with Pin pp_fir_0_1_1/Delay_Pipeline_reg_re_reg[0][0]/clk->d
           View: view_wcl_typical
          Group: clk
     Startpoint: (R) In1_re[0]
          Clock: (R) clk
       Endpoint: (R) pp_fir_0_1_1/Delay_Pipeline_reg_re_reg[0][0]/d
          Clock: (R) clk

                     Capture       Launch     
        Clock Edge:+     500            0     
        Drv Adjust:+       0            0     
       Src Latency:+       0            0     
       Net Latency:+     200 (I)      200 (I) 
           Arrival:=     700          200     
                                              
             Setup:-      18                  
       Uncertainty:-     125                  
     Required Time:=     557                  
      Launch Clock:-     200                  
       Input Delay:-     300                  
         Data Path:-       0                  
             Slack:=      57                  

Exceptions/Constraints:
  input_delay             300             tmp_sdc_view_wcl_slo_1_line_550 

#---------------------------------------------------------------------------------------------------------------------------------------
#                 Timing Point                   Flags   Arc   Edge      Cell        Fanout Load Trans Delay Arrival      Instance      
#                                                                                           (fF)  (ps)  (ps)   (ps)       Location      
#---------------------------------------------------------------------------------------------------------------------------------------
  In1_re[0]                                      (u)     -     R     (arrival)            1  1.8     0     0     500              (-,-) 
  pp_fir_0_1_1/Delay_Pipeline_reg_re_reg[0][0]/d -       -     R     unmapped_d_flop      1    -     -     0     500  (163.6560,0.0705) 
#---------------------------------------------------------------------------------------------------------------------------------------

(u) : Net has unmapped pin(s).



Path 18: MET (57 ps) Setup Check with Pin pp_fir_0_1_1/Delay_Pipeline_reg_im_reg[0][15]/clk->d
           View: view_wcl_typical
          Group: clk
     Startpoint: (R) In1_im[15]
          Clock: (R) clk
       Endpoint: (R) pp_fir_0_1_1/Delay_Pipeline_reg_im_reg[0][15]/d
          Clock: (R) clk

                     Capture       Launch     
        Clock Edge:+     500            0     
        Drv Adjust:+       0            0     
       Src Latency:+       0            0     
       Net Latency:+     200 (I)      200 (I) 
           Arrival:=     700          200     
                                              
             Setup:-      18                  
       Uncertainty:-     125                  
     Required Time:=     557                  
      Launch Clock:-     200                  
       Input Delay:-     300                  
         Data Path:-       0                  
             Slack:=      57                  

Exceptions/Constraints:
  input_delay             300             tmp_sdc_view_wcl_slo_1_line_551 

#---------------------------------------------------------------------------------------------------------------------------------------
#                  Timing Point                   Flags   Arc   Edge      Cell        Fanout Load Trans Delay Arrival      Instance     
#                                                                                            (fF)  (ps)  (ps)   (ps)       Location     
#---------------------------------------------------------------------------------------------------------------------------------------
  In1_im[15]                                      (u)     -     R     (arrival)            1  1.8     0     0     500             (-,-) 
  pp_fir_0_1_1/Delay_Pipeline_reg_im_reg[0][15]/d -       -     R     unmapped_d_flop      1    -     -     0     500  (56.3165,2.1930) 
#---------------------------------------------------------------------------------------------------------------------------------------

(u) : Net has unmapped pin(s).



Path 19: MET (57 ps) Setup Check with Pin pp_fir_0_1_1/Delay_Pipeline_reg_im_reg[0][14]/clk->d
           View: view_wcl_typical
          Group: clk
     Startpoint: (R) In1_im[14]
          Clock: (R) clk
       Endpoint: (R) pp_fir_0_1_1/Delay_Pipeline_reg_im_reg[0][14]/d
          Clock: (R) clk

                     Capture       Launch     
        Clock Edge:+     500            0     
        Drv Adjust:+       0            0     
       Src Latency:+       0            0     
       Net Latency:+     200 (I)      200 (I) 
           Arrival:=     700          200     
                                              
             Setup:-      18                  
       Uncertainty:-     125                  
     Required Time:=     557                  
      Launch Clock:-     200                  
       Input Delay:-     300                  
         Data Path:-       0                  
             Slack:=      57                  

Exceptions/Constraints:
  input_delay             300             tmp_sdc_view_wcl_slo_1_line_552 

#---------------------------------------------------------------------------------------------------------------------------------------
#                  Timing Point                   Flags   Arc   Edge      Cell        Fanout Load Trans Delay Arrival      Instance     
#                                                                                            (fF)  (ps)  (ps)   (ps)       Location     
#---------------------------------------------------------------------------------------------------------------------------------------
  In1_im[14]                                      (u)     -     R     (arrival)            1  1.8     0     0     500             (-,-) 
  pp_fir_0_1_1/Delay_Pipeline_reg_im_reg[0][14]/d -       -     R     unmapped_d_flop      1    -     -     0     500  (57.2135,0.1035) 
#---------------------------------------------------------------------------------------------------------------------------------------

(u) : Net has unmapped pin(s).



Path 20: MET (57 ps) Setup Check with Pin pp_fir_0_1_1/Delay_Pipeline_reg_im_reg[0][13]/clk->d
           View: view_wcl_typical
          Group: clk
     Startpoint: (R) In1_im[13]
          Clock: (R) clk
       Endpoint: (R) pp_fir_0_1_1/Delay_Pipeline_reg_im_reg[0][13]/d
          Clock: (R) clk

                     Capture       Launch     
        Clock Edge:+     500            0     
        Drv Adjust:+       0            0     
       Src Latency:+       0            0     
       Net Latency:+     200 (I)      200 (I) 
           Arrival:=     700          200     
                                              
             Setup:-      18                  
       Uncertainty:-     125                  
     Required Time:=     557                  
      Launch Clock:-     200                  
       Input Delay:-     300                  
         Data Path:-       0                  
             Slack:=      57                  

Exceptions/Constraints:
  input_delay             300             tmp_sdc_view_wcl_slo_1_line_553 

#---------------------------------------------------------------------------------------------------------------------------------------
#                  Timing Point                   Flags   Arc   Edge      Cell        Fanout Load Trans Delay Arrival      Instance     
#                                                                                            (fF)  (ps)  (ps)   (ps)       Location     
#---------------------------------------------------------------------------------------------------------------------------------------
  In1_im[13]                                      (u)     -     R     (arrival)            1  1.8     0     0     500             (-,-) 
  pp_fir_0_1_1/Delay_Pipeline_reg_im_reg[0][13]/d -       -     R     unmapped_d_flop      1    -     -     0     500  (89.8275,0.0685) 
#---------------------------------------------------------------------------------------------------------------------------------------

(u) : Net has unmapped pin(s).



Path 21: MET (57 ps) Setup Check with Pin pp_fir_0_1_1/Delay_Pipeline_reg_im_reg[0][12]/clk->d
           View: view_wcl_typical
          Group: clk
     Startpoint: (R) In1_im[12]
          Clock: (R) clk
       Endpoint: (R) pp_fir_0_1_1/Delay_Pipeline_reg_im_reg[0][12]/d
          Clock: (R) clk

                     Capture       Launch     
        Clock Edge:+     500            0     
        Drv Adjust:+       0            0     
       Src Latency:+       0            0     
       Net Latency:+     200 (I)      200 (I) 
           Arrival:=     700          200     
                                              
             Setup:-      18                  
       Uncertainty:-     125                  
     Required Time:=     557                  
      Launch Clock:-     200                  
       Input Delay:-     300                  
         Data Path:-       0                  
             Slack:=      57                  

Exceptions/Constraints:
  input_delay             300             tmp_sdc_view_wcl_slo_1_line_554 

#---------------------------------------------------------------------------------------------------------------------------------------
#                  Timing Point                   Flags   Arc   Edge      Cell        Fanout Load Trans Delay Arrival      Instance     
#                                                                                            (fF)  (ps)  (ps)   (ps)       Location     
#---------------------------------------------------------------------------------------------------------------------------------------
  In1_im[12]                                      (u)     -     R     (arrival)            1  1.8     0     0     500             (-,-) 
  pp_fir_0_1_1/Delay_Pipeline_reg_im_reg[0][12]/d -       -     R     unmapped_d_flop      1    -     -     0     500  (87.4220,1.0200) 
#---------------------------------------------------------------------------------------------------------------------------------------

(u) : Net has unmapped pin(s).



Path 22: MET (57 ps) Setup Check with Pin pp_fir_0_1_1/Delay_Pipeline_reg_im_reg[0][11]/clk->d
           View: view_wcl_typical
          Group: clk
     Startpoint: (R) In1_im[11]
          Clock: (R) clk
       Endpoint: (R) pp_fir_0_1_1/Delay_Pipeline_reg_im_reg[0][11]/d
          Clock: (R) clk

                     Capture       Launch     
        Clock Edge:+     500            0     
        Drv Adjust:+       0            0     
       Src Latency:+       0            0     
       Net Latency:+     200 (I)      200 (I) 
           Arrival:=     700          200     
                                              
             Setup:-      18                  
       Uncertainty:-     125                  
     Required Time:=     557                  
      Launch Clock:-     200                  
       Input Delay:-     300                  
         Data Path:-       0                  
             Slack:=      57                  

Exceptions/Constraints:
  input_delay             300             tmp_sdc_view_wcl_slo_1_line_555 

#---------------------------------------------------------------------------------------------------------------------------------------
#                  Timing Point                   Flags   Arc   Edge      Cell        Fanout Load Trans Delay Arrival      Instance     
#                                                                                            (fF)  (ps)  (ps)   (ps)       Location     
#---------------------------------------------------------------------------------------------------------------------------------------
  In1_im[11]                                      (u)     -     R     (arrival)            1  1.8     0     0     500             (-,-) 
  pp_fir_0_1_1/Delay_Pipeline_reg_im_reg[0][11]/d -       -     R     unmapped_d_flop      1    -     -     0     500  (91.1120,1.3245) 
#---------------------------------------------------------------------------------------------------------------------------------------

(u) : Net has unmapped pin(s).



Path 23: MET (57 ps) Setup Check with Pin pp_fir_0_1_1/Delay_Pipeline_reg_im_reg[0][10]/clk->d
           View: view_wcl_typical
          Group: clk
     Startpoint: (R) In1_im[10]
          Clock: (R) clk
       Endpoint: (R) pp_fir_0_1_1/Delay_Pipeline_reg_im_reg[0][10]/d
          Clock: (R) clk

                     Capture       Launch     
        Clock Edge:+     500            0     
        Drv Adjust:+       0            0     
       Src Latency:+       0            0     
       Net Latency:+     200 (I)      200 (I) 
           Arrival:=     700          200     
                                              
             Setup:-      18                  
       Uncertainty:-     125                  
     Required Time:=     557                  
      Launch Clock:-     200                  
       Input Delay:-     300                  
         Data Path:-       0                  
             Slack:=      57                  

Exceptions/Constraints:
  input_delay             300             tmp_sdc_view_wcl_slo_1_line_556 

#---------------------------------------------------------------------------------------------------------------------------------------
#                  Timing Point                   Flags   Arc   Edge      Cell        Fanout Load Trans Delay Arrival      Instance     
#                                                                                            (fF)  (ps)  (ps)   (ps)       Location     
#---------------------------------------------------------------------------------------------------------------------------------------
  In1_im[10]                                      (u)     -     R     (arrival)            1  1.8     0     0     500             (-,-) 
  pp_fir_0_1_1/Delay_Pipeline_reg_im_reg[0][10]/d -       -     R     unmapped_d_flop      1    -     -     0     500  (93.4445,2.9120) 
#---------------------------------------------------------------------------------------------------------------------------------------

(u) : Net has unmapped pin(s).



Path 24: MET (57 ps) Setup Check with Pin pp_fir_0_1_1/Delay_Pipeline_reg_im_reg[0][9]/clk->d
           View: view_wcl_typical
          Group: clk
     Startpoint: (R) In1_im[9]
          Clock: (R) clk
       Endpoint: (R) pp_fir_0_1_1/Delay_Pipeline_reg_im_reg[0][9]/d
          Clock: (R) clk

                     Capture       Launch     
        Clock Edge:+     500            0     
        Drv Adjust:+       0            0     
       Src Latency:+       0            0     
       Net Latency:+     200 (I)      200 (I) 
           Arrival:=     700          200     
                                              
             Setup:-      18                  
       Uncertainty:-     125                  
     Required Time:=     557                  
      Launch Clock:-     200                  
       Input Delay:-     300                  
         Data Path:-       0                  
             Slack:=      57                  

Exceptions/Constraints:
  input_delay             300             tmp_sdc_view_wcl_slo_1_line_557 

#--------------------------------------------------------------------------------------------------------------------------------------
#                 Timing Point                   Flags   Arc   Edge      Cell        Fanout Load Trans Delay Arrival      Instance     
#                                                                                           (fF)  (ps)  (ps)   (ps)       Location     
#--------------------------------------------------------------------------------------------------------------------------------------
  In1_im[9]                                      (u)     -     R     (arrival)            1  1.8     0     0     500             (-,-) 
  pp_fir_0_1_1/Delay_Pipeline_reg_im_reg[0][9]/d -       -     R     unmapped_d_flop      1    -     -     0     500  (97.7990,1.1555) 
#--------------------------------------------------------------------------------------------------------------------------------------

(u) : Net has unmapped pin(s).



Path 25: MET (57 ps) Setup Check with Pin pp_fir_0_1_1/Delay_Pipeline_reg_im_reg[0][8]/clk->d
           View: view_wcl_typical
          Group: clk
     Startpoint: (R) In1_im[8]
          Clock: (R) clk
       Endpoint: (R) pp_fir_0_1_1/Delay_Pipeline_reg_im_reg[0][8]/d
          Clock: (R) clk

                     Capture       Launch     
        Clock Edge:+     500            0     
        Drv Adjust:+       0            0     
       Src Latency:+       0            0     
       Net Latency:+     200 (I)      200 (I) 
           Arrival:=     700          200     
                                              
             Setup:-      18                  
       Uncertainty:-     125                  
     Required Time:=     557                  
      Launch Clock:-     200                  
       Input Delay:-     300                  
         Data Path:-       0                  
             Slack:=      57                  

Exceptions/Constraints:
  input_delay             300             tmp_sdc_view_wcl_slo_1_line_558 

#---------------------------------------------------------------------------------------------------------------------------------------
#                 Timing Point                   Flags   Arc   Edge      Cell        Fanout Load Trans Delay Arrival      Instance      
#                                                                                           (fF)  (ps)  (ps)   (ps)       Location      
#---------------------------------------------------------------------------------------------------------------------------------------
  In1_im[8]                                      (u)     -     R     (arrival)            1  1.8     0     0     500              (-,-) 
  pp_fir_0_1_1/Delay_Pipeline_reg_im_reg[0][8]/d -       -     R     unmapped_d_flop      1    -     -     0     500  (100.0650,2.0925) 
#---------------------------------------------------------------------------------------------------------------------------------------

(u) : Net has unmapped pin(s).



Path 26: MET (57 ps) Setup Check with Pin pp_fir_0_1_1/Delay_Pipeline_reg_im_reg[0][7]/clk->d
           View: view_wcl_typical
          Group: clk
     Startpoint: (R) In1_im[7]
          Clock: (R) clk
       Endpoint: (R) pp_fir_0_1_1/Delay_Pipeline_reg_im_reg[0][7]/d
          Clock: (R) clk

                     Capture       Launch     
        Clock Edge:+     500            0     
        Drv Adjust:+       0            0     
       Src Latency:+       0            0     
       Net Latency:+     200 (I)      200 (I) 
           Arrival:=     700          200     
                                              
             Setup:-      18                  
       Uncertainty:-     125                  
     Required Time:=     557                  
      Launch Clock:-     200                  
       Input Delay:-     300                  
         Data Path:-       0                  
             Slack:=      57                  

Exceptions/Constraints:
  input_delay             300             tmp_sdc_view_wcl_slo_1_line_559 

#---------------------------------------------------------------------------------------------------------------------------------------
#                 Timing Point                   Flags   Arc   Edge      Cell        Fanout Load Trans Delay Arrival      Instance      
#                                                                                           (fF)  (ps)  (ps)   (ps)       Location      
#---------------------------------------------------------------------------------------------------------------------------------------
  In1_im[7]                                      (u)     -     R     (arrival)            1  1.8     0     0     500              (-,-) 
  pp_fir_0_1_1/Delay_Pipeline_reg_im_reg[0][7]/d -       -     R     unmapped_d_flop      1    -     -     0     500  (107.8055,0.0460) 
#---------------------------------------------------------------------------------------------------------------------------------------

(u) : Net has unmapped pin(s).



Path 27: MET (57 ps) Setup Check with Pin pp_fir_0_1_1/Delay_Pipeline_reg_im_reg[0][6]/clk->d
           View: view_wcl_typical
          Group: clk
     Startpoint: (R) In1_im[6]
          Clock: (R) clk
       Endpoint: (R) pp_fir_0_1_1/Delay_Pipeline_reg_im_reg[0][6]/d
          Clock: (R) clk

                     Capture       Launch     
        Clock Edge:+     500            0     
        Drv Adjust:+       0            0     
       Src Latency:+       0            0     
       Net Latency:+     200 (I)      200 (I) 
           Arrival:=     700          200     
                                              
             Setup:-      18                  
       Uncertainty:-     125                  
     Required Time:=     557                  
      Launch Clock:-     200                  
       Input Delay:-     300                  
         Data Path:-       0                  
             Slack:=      57                  

Exceptions/Constraints:
  input_delay             300             tmp_sdc_view_wcl_slo_1_line_560 

#---------------------------------------------------------------------------------------------------------------------------------------
#                 Timing Point                   Flags   Arc   Edge      Cell        Fanout Load Trans Delay Arrival      Instance      
#                                                                                           (fF)  (ps)  (ps)   (ps)       Location      
#---------------------------------------------------------------------------------------------------------------------------------------
  In1_im[6]                                      (u)     -     R     (arrival)            1  1.8     0     0     500              (-,-) 
  pp_fir_0_1_1/Delay_Pipeline_reg_im_reg[0][6]/d -       -     R     unmapped_d_flop      1    -     -     0     500  (115.0200,0.0240) 
#---------------------------------------------------------------------------------------------------------------------------------------

(u) : Net has unmapped pin(s).



Path 28: MET (57 ps) Setup Check with Pin pp_fir_0_1_1/Delay_Pipeline_reg_im_reg[0][5]/clk->d
           View: view_wcl_typical
          Group: clk
     Startpoint: (R) In1_im[5]
          Clock: (R) clk
       Endpoint: (R) pp_fir_0_1_1/Delay_Pipeline_reg_im_reg[0][5]/d
          Clock: (R) clk

                     Capture       Launch     
        Clock Edge:+     500            0     
        Drv Adjust:+       0            0     
       Src Latency:+       0            0     
       Net Latency:+     200 (I)      200 (I) 
           Arrival:=     700          200     
                                              
             Setup:-      18                  
       Uncertainty:-     125                  
     Required Time:=     557                  
      Launch Clock:-     200                  
       Input Delay:-     300                  
         Data Path:-       0                  
             Slack:=      57                  

Exceptions/Constraints:
  input_delay             300             tmp_sdc_view_wcl_slo_1_line_561 

#---------------------------------------------------------------------------------------------------------------------------------------
#                 Timing Point                   Flags   Arc   Edge      Cell        Fanout Load Trans Delay Arrival      Instance      
#                                                                                           (fF)  (ps)  (ps)   (ps)       Location      
#---------------------------------------------------------------------------------------------------------------------------------------
  In1_im[5]                                      (u)     -     R     (arrival)            1  1.8     0     0     500              (-,-) 
  pp_fir_0_1_1/Delay_Pipeline_reg_im_reg[0][5]/d -       -     R     unmapped_d_flop      1    -     -     0     500  (133.7340,0.0330) 
#---------------------------------------------------------------------------------------------------------------------------------------

(u) : Net has unmapped pin(s).



Path 29: MET (57 ps) Setup Check with Pin pp_fir_0_1_1/Delay_Pipeline_reg_im_reg[0][4]/clk->d
           View: view_wcl_typical
          Group: clk
     Startpoint: (R) In1_im[4]
          Clock: (R) clk
       Endpoint: (R) pp_fir_0_1_1/Delay_Pipeline_reg_im_reg[0][4]/d
          Clock: (R) clk

                     Capture       Launch     
        Clock Edge:+     500            0     
        Drv Adjust:+       0            0     
       Src Latency:+       0            0     
       Net Latency:+     200 (I)      200 (I) 
           Arrival:=     700          200     
                                              
             Setup:-      18                  
       Uncertainty:-     125                  
     Required Time:=     557                  
      Launch Clock:-     200                  
       Input Delay:-     300                  
         Data Path:-       0                  
             Slack:=      57                  

Exceptions/Constraints:
  input_delay             300             tmp_sdc_view_wcl_slo_1_line_562 

#---------------------------------------------------------------------------------------------------------------------------------------
#                 Timing Point                   Flags   Arc   Edge      Cell        Fanout Load Trans Delay Arrival      Instance      
#                                                                                           (fF)  (ps)  (ps)   (ps)       Location      
#---------------------------------------------------------------------------------------------------------------------------------------
  In1_im[4]                                      (u)     -     R     (arrival)            1  1.8     0     0     500              (-,-) 
  pp_fir_0_1_1/Delay_Pipeline_reg_im_reg[0][4]/d -       -     R     unmapped_d_flop      1    -     -     0     500  (144.6655,0.0800) 
#---------------------------------------------------------------------------------------------------------------------------------------

(u) : Net has unmapped pin(s).



Path 30: MET (57 ps) Setup Check with Pin pp_fir_0_1_1/Delay_Pipeline_reg_im_reg[0][3]/clk->d
           View: view_wcl_typical
          Group: clk
     Startpoint: (R) In1_im[3]
          Clock: (R) clk
       Endpoint: (R) pp_fir_0_1_1/Delay_Pipeline_reg_im_reg[0][3]/d
          Clock: (R) clk

                     Capture       Launch     
        Clock Edge:+     500            0     
        Drv Adjust:+       0            0     
       Src Latency:+       0            0     
       Net Latency:+     200 (I)      200 (I) 
           Arrival:=     700          200     
                                              
             Setup:-      18                  
       Uncertainty:-     125                  
     Required Time:=     557                  
      Launch Clock:-     200                  
       Input Delay:-     300                  
         Data Path:-       0                  
             Slack:=      57                  

Exceptions/Constraints:
  input_delay             300             tmp_sdc_view_wcl_slo_1_line_563 

#---------------------------------------------------------------------------------------------------------------------------------------
#                 Timing Point                   Flags   Arc   Edge      Cell        Fanout Load Trans Delay Arrival      Instance      
#                                                                                           (fF)  (ps)  (ps)   (ps)       Location      
#---------------------------------------------------------------------------------------------------------------------------------------
  In1_im[3]                                      (u)     -     R     (arrival)            1  1.8     0     0     500              (-,-) 
  pp_fir_0_1_1/Delay_Pipeline_reg_im_reg[0][3]/d -       -     R     unmapped_d_flop      1    -     -     0     500  (155.2995,0.0625) 
#---------------------------------------------------------------------------------------------------------------------------------------

(u) : Net has unmapped pin(s).



Path 31: MET (57 ps) Setup Check with Pin pp_fir_0_1_1/Delay_Pipeline_reg_im_reg[0][2]/clk->d
           View: view_wcl_typical
          Group: clk
     Startpoint: (R) In1_im[2]
          Clock: (R) clk
       Endpoint: (R) pp_fir_0_1_1/Delay_Pipeline_reg_im_reg[0][2]/d
          Clock: (R) clk

                     Capture       Launch     
        Clock Edge:+     500            0     
        Drv Adjust:+       0            0     
       Src Latency:+       0            0     
       Net Latency:+     200 (I)      200 (I) 
           Arrival:=     700          200     
                                              
             Setup:-      18                  
       Uncertainty:-     125                  
     Required Time:=     557                  
      Launch Clock:-     200                  
       Input Delay:-     300                  
         Data Path:-       0                  
             Slack:=      57                  

Exceptions/Constraints:
  input_delay             300             tmp_sdc_view_wcl_slo_1_line_564 

#---------------------------------------------------------------------------------------------------------------------------------------
#                 Timing Point                   Flags   Arc   Edge      Cell        Fanout Load Trans Delay Arrival      Instance      
#                                                                                           (fF)  (ps)  (ps)   (ps)       Location      
#---------------------------------------------------------------------------------------------------------------------------------------
  In1_im[2]                                      (u)     -     R     (arrival)            1  1.8     0     0     500              (-,-) 
  pp_fir_0_1_1/Delay_Pipeline_reg_im_reg[0][2]/d -       -     R     unmapped_d_flop      1    -     -     0     500  (161.9790,1.1355) 
#---------------------------------------------------------------------------------------------------------------------------------------

(u) : Net has unmapped pin(s).



Path 32: MET (57 ps) Setup Check with Pin pp_fir_0_1_1/Delay_Pipeline_reg_im_reg[0][1]/clk->d
           View: view_wcl_typical
          Group: clk
     Startpoint: (R) In1_im[1]
          Clock: (R) clk
       Endpoint: (R) pp_fir_0_1_1/Delay_Pipeline_reg_im_reg[0][1]/d
          Clock: (R) clk

                     Capture       Launch     
        Clock Edge:+     500            0     
        Drv Adjust:+       0            0     
       Src Latency:+       0            0     
       Net Latency:+     200 (I)      200 (I) 
           Arrival:=     700          200     
                                              
             Setup:-      18                  
       Uncertainty:-     125                  
     Required Time:=     557                  
      Launch Clock:-     200                  
       Input Delay:-     300                  
         Data Path:-       0                  
             Slack:=      57                  

Exceptions/Constraints:
  input_delay             300             tmp_sdc_view_wcl_slo_1_line_565 

#---------------------------------------------------------------------------------------------------------------------------------------
#                 Timing Point                   Flags   Arc   Edge      Cell        Fanout Load Trans Delay Arrival      Instance      
#                                                                                           (fF)  (ps)  (ps)   (ps)       Location      
#---------------------------------------------------------------------------------------------------------------------------------------
  In1_im[1]                                      (u)     -     R     (arrival)            1  1.8     0     0     500              (-,-) 
  pp_fir_0_1_1/Delay_Pipeline_reg_im_reg[0][1]/d -       -     R     unmapped_d_flop      1    -     -     0     500  (167.2215,0.0660) 
#---------------------------------------------------------------------------------------------------------------------------------------

(u) : Net has unmapped pin(s).



Path 33: MET (57 ps) Setup Check with Pin pp_fir_0_1_1/Delay_Pipeline_reg_im_reg[0][0]/clk->d
           View: view_wcl_typical
          Group: clk
     Startpoint: (R) In1_im[0]
          Clock: (R) clk
       Endpoint: (R) pp_fir_0_1_1/Delay_Pipeline_reg_im_reg[0][0]/d
          Clock: (R) clk

                     Capture       Launch     
        Clock Edge:+     500            0     
        Drv Adjust:+       0            0     
       Src Latency:+       0            0     
       Net Latency:+     200 (I)      200 (I) 
           Arrival:=     700          200     
                                              
             Setup:-      18                  
       Uncertainty:-     125                  
     Required Time:=     557                  
      Launch Clock:-     200                  
       Input Delay:-     300                  
         Data Path:-       0                  
             Slack:=      57                  

Exceptions/Constraints:
  input_delay             300             tmp_sdc_view_wcl_slo_1_line_566 

#---------------------------------------------------------------------------------------------------------------------------------------
#                 Timing Point                   Flags   Arc   Edge      Cell        Fanout Load Trans Delay Arrival      Instance      
#                                                                                           (fF)  (ps)  (ps)   (ps)       Location      
#---------------------------------------------------------------------------------------------------------------------------------------
  In1_im[0]                                      (u)     -     R     (arrival)            1  1.8     0     0     500              (-,-) 
  pp_fir_0_1_1/Delay_Pipeline_reg_im_reg[0][0]/d -       -     R     unmapped_d_flop      1    -     -     0     500  (189.3665,0.0525) 
#---------------------------------------------------------------------------------------------------------------------------------------

(u) : Net has unmapped pin(s).



Path 34: MET (70 ps) Setup Check with Pin pp_fir_0_1_1/sum1_9_re_1_reg[29]/clk->d
           View: view_wcl_typical
          Group: clk
     Startpoint: (R) pp_fir_0_1_1/Delay_Pipeline_reg_re_reg[15][11]/clk
          Clock: (R) clk
       Endpoint: (R) pp_fir_0_1_1/sum1_9_re_1_reg[29]/d
          Clock: (R) clk

                     Capture       Launch     
        Clock Edge:+     500            0     
       Src Latency:+       0            0     
       Net Latency:+     200 (I)      200 (I) 
           Arrival:=     700          200     
                                              
             Setup:-       7                  
       Uncertainty:-     125                  
     Required Time:=     568                  
      Launch Clock:-     200                  
         Data Path:-     298                  
             Slack:=      70                  

#-----------------------------------------------------------------------------------------------------------------------------------------------
#                   Timing Point                     Flags    Arc    Edge       Cell         Fanout Load Trans Delay Arrival      Instance      
#                                                                                                   (fF)  (ps)  (ps)   (ps)       Location      
#-----------------------------------------------------------------------------------------------------------------------------------------------
  pp_fir_0_1_1/Delay_Pipeline_reg_re_reg[15][11]/clk -       -       R     (arrival)           3606    -    25     0     200              (-,-) 
  pp_fir_0_1_1/Delay_Pipeline_reg_re_reg[15][11]/q   (u)     clk->q  R     unmapped_d_flop       18 32.4     0    59     259  (60.0020,88.4810) 
  pp_fir_0_1_1/csa_tree_ADD_TC_OP_groupi3955/g4918/z (u)     in_1->z R     unmapped_xor2          1  1.8     0    14     273  (69.0395,82.1425) 
  pp_fir_0_1_1/csa_tree_ADD_TC_OP_groupi3955/g5071/z (u)     in_0->z R     unmapped_xor2          3  5.4     0    16     289  (73.1735,81.7245) 
  pp_fir_0_1_1/csa_tree_ADD_TC_OP_groupi3955/g5291/z (u)     in_2->z R     unmapped_complex4      3  5.4     0    24     313  (77.0945,81.5700) 
  pp_fir_0_1_1/csa_tree_ADD_TC_OP_groupi3955/g5438/z (u)     in_3->z R     unmapped_complex4      2  3.6     0    23     336  (75.9770,79.4085) 
  pp_fir_0_1_1/csa_tree_ADD_TC_OP_groupi3955/g5525/z (u)     in_0->z R     unmapped_xor2          3  5.4     0    16     352  (74.8095,76.8215) 
  pp_fir_0_1_1/csa_tree_ADD_TC_OP_groupi3955/g5587/z (u)     in_0->z R     unmapped_xor2          1  1.8     0    14     366  (74.3935,75.3055) 
  pp_fir_0_1_1/csa_tree_ADD_TC_OP_groupi3955/g5610/z (u)     in_1->z R     unmapped_xor2          2  3.6     0    15     381  (75.2955,74.9090) 
  pp_fir_0_1_1/csa_tree_ADD_TC_OP_groupi3955/g3639/z (u)     in_1->z R     unmapped_or2           3  5.4     0    10     391  (76.0365,73.3770) 
  pp_fir_0_1_1/csa_tree_ADD_TC_OP_groupi3955/g5629/z (u)     in_2->z R     unmapped_complex3      2  3.6     0    16     406  (75.1955,71.9635) 
  pp_fir_0_1_1/csa_tree_ADD_TC_OP_groupi3955/g3577/z (u)     in_1->z F     unmapped_complex2      1  1.8     0     7     413  (73.3840,70.9100) 
  pp_fir_0_1_1/csa_tree_ADD_TC_OP_groupi3955/g5628/z (u)     in_0->z R     unmapped_complex4      2  3.6     0    12     426  (71.9205,71.2590) 
  pp_fir_0_1_1/csa_tree_ADD_TC_OP_groupi3955/g3544/z (u)     in_1->z F     unmapped_complex2      1  1.8     0     7     432  (69.3385,70.4040) 
  pp_fir_0_1_1/csa_tree_ADD_TC_OP_groupi3955/g5642/z (u)     in_0->z R     unmapped_complex4      1  1.8     0    11     443  (68.2340,71.5270) 
  pp_fir_0_1_1/csa_tree_ADD_TC_OP_groupi3955/g5638/z (u)     in_0->z R     unmapped_complex4      7 12.6     0    14     457  (70.1560,71.4440) 
  pp_fir_0_1_1/csa_tree_ADD_TC_OP_groupi3955/g5665/z (u)     in_1->z R     unmapped_complex3      1  1.8     0    14     471  (55.2220,73.4920) 
  pp_fir_0_1_1/csa_tree_ADD_TC_OP_groupi3955/g5682/z (u)     in_0->z R     unmapped_xor2          1  1.8     0    14     484  (53.8810,73.3465) 
  pp_fir_0_1_1/g7718/z                               (u)     in_1->z R     unmapped_complex3      1  1.8     0    14     498  (54.2035,72.3495) 
  pp_fir_0_1_1/sum1_9_re_1_reg[29]/d                 -       -       R     unmapped_d_flop        1    -     -     0     498  (53.1370,71.2235) 
#-----------------------------------------------------------------------------------------------------------------------------------------------

(u) : Net has unmapped pin(s).



Path 35: MET (70 ps) Setup Check with Pin pp_fir_0_1_1/sum1_9_re_1_reg[28]/clk->d
           View: view_wcl_typical
          Group: clk
     Startpoint: (R) pp_fir_0_1_1/Delay_Pipeline_reg_re_reg[15][11]/clk
          Clock: (R) clk
       Endpoint: (R) pp_fir_0_1_1/sum1_9_re_1_reg[28]/d
          Clock: (R) clk

                     Capture       Launch     
        Clock Edge:+     500            0     
       Src Latency:+       0            0     
       Net Latency:+     200 (I)      200 (I) 
           Arrival:=     700          200     
                                              
             Setup:-       7                  
       Uncertainty:-     125                  
     Required Time:=     568                  
      Launch Clock:-     200                  
         Data Path:-     298                  
             Slack:=      70                  

#-----------------------------------------------------------------------------------------------------------------------------------------------
#                   Timing Point                     Flags    Arc    Edge       Cell         Fanout Load Trans Delay Arrival      Instance      
#                                                                                                   (fF)  (ps)  (ps)   (ps)       Location      
#-----------------------------------------------------------------------------------------------------------------------------------------------
  pp_fir_0_1_1/Delay_Pipeline_reg_re_reg[15][11]/clk -       -       R     (arrival)           3606    -    25     0     200              (-,-) 
  pp_fir_0_1_1/Delay_Pipeline_reg_re_reg[15][11]/q   (u)     clk->q  R     unmapped_d_flop       18 32.4     0    59     259  (60.0020,88.4810) 
  pp_fir_0_1_1/csa_tree_ADD_TC_OP_groupi3955/g4918/z (u)     in_1->z R     unmapped_xor2          1  1.8     0    14     273  (69.0395,82.1425) 
  pp_fir_0_1_1/csa_tree_ADD_TC_OP_groupi3955/g5071/z (u)     in_0->z R     unmapped_xor2          3  5.4     0    16     289  (73.1735,81.7245) 
  pp_fir_0_1_1/csa_tree_ADD_TC_OP_groupi3955/g5291/z (u)     in_2->z R     unmapped_complex4      3  5.4     0    24     313  (77.0945,81.5700) 
  pp_fir_0_1_1/csa_tree_ADD_TC_OP_groupi3955/g5438/z (u)     in_3->z R     unmapped_complex4      2  3.6     0    23     336  (75.9770,79.4085) 
  pp_fir_0_1_1/csa_tree_ADD_TC_OP_groupi3955/g5525/z (u)     in_0->z R     unmapped_xor2          3  5.4     0    16     352  (74.8095,76.8215) 
  pp_fir_0_1_1/csa_tree_ADD_TC_OP_groupi3955/g5587/z (u)     in_0->z R     unmapped_xor2          1  1.8     0    14     366  (74.3935,75.3055) 
  pp_fir_0_1_1/csa_tree_ADD_TC_OP_groupi3955/g5610/z (u)     in_1->z R     unmapped_xor2          2  3.6     0    15     381  (75.2955,74.9090) 
  pp_fir_0_1_1/csa_tree_ADD_TC_OP_groupi3955/g3639/z (u)     in_1->z R     unmapped_or2           3  5.4     0    10     391  (76.0365,73.3770) 
  pp_fir_0_1_1/csa_tree_ADD_TC_OP_groupi3955/g5629/z (u)     in_2->z R     unmapped_complex3      2  3.6     0    16     406  (75.1955,71.9635) 
  pp_fir_0_1_1/csa_tree_ADD_TC_OP_groupi3955/g3577/z (u)     in_1->z F     unmapped_complex2      1  1.8     0     7     413  (73.3840,70.9100) 
  pp_fir_0_1_1/csa_tree_ADD_TC_OP_groupi3955/g5628/z (u)     in_0->z R     unmapped_complex4      2  3.6     0    12     426  (71.9205,71.2590) 
  pp_fir_0_1_1/csa_tree_ADD_TC_OP_groupi3955/g3544/z (u)     in_1->z F     unmapped_complex2      1  1.8     0     7     432  (69.3385,70.4040) 
  pp_fir_0_1_1/csa_tree_ADD_TC_OP_groupi3955/g5642/z (u)     in_0->z R     unmapped_complex4      1  1.8     0    11     443  (68.2340,71.5270) 
  pp_fir_0_1_1/csa_tree_ADD_TC_OP_groupi3955/g5638/z (u)     in_0->z R     unmapped_complex4      7 12.6     0    14     457  (70.1560,71.4440) 
  pp_fir_0_1_1/csa_tree_ADD_TC_OP_groupi3955/g5667/z (u)     in_1->z R     unmapped_complex3      1  1.8     0    14     471  (56.8495,74.0780) 
  pp_fir_0_1_1/csa_tree_ADD_TC_OP_groupi3955/g5688/z (u)     in_0->z R     unmapped_xnor2         1  1.8     0    14     484  (56.2725,73.1315) 
  pp_fir_0_1_1/g7237/z                               (u)     in_1->z R     unmapped_complex3      1  1.8     0    14     498  (55.6610,72.3560) 
  pp_fir_0_1_1/sum1_9_re_1_reg[28]/d                 -       -       R     unmapped_d_flop        1    -     -     0     498  (55.6200,71.4175) 
#-----------------------------------------------------------------------------------------------------------------------------------------------

(u) : Net has unmapped pin(s).



Path 36: MET (70 ps) Setup Check with Pin pp_fir_0_1_1/sum1_9_re_1_reg[27]/clk->d
           View: view_wcl_typical
          Group: clk
     Startpoint: (R) pp_fir_0_1_1/Delay_Pipeline_reg_re_reg[15][11]/clk
          Clock: (R) clk
       Endpoint: (R) pp_fir_0_1_1/sum1_9_re_1_reg[27]/d
          Clock: (R) clk

                     Capture       Launch     
        Clock Edge:+     500            0     
       Src Latency:+       0            0     
       Net Latency:+     200 (I)      200 (I) 
           Arrival:=     700          200     
                                              
             Setup:-       7                  
       Uncertainty:-     125                  
     Required Time:=     568                  
      Launch Clock:-     200                  
         Data Path:-     298                  
             Slack:=      70                  

#-----------------------------------------------------------------------------------------------------------------------------------------------
#                   Timing Point                     Flags    Arc    Edge       Cell         Fanout Load Trans Delay Arrival      Instance      
#                                                                                                   (fF)  (ps)  (ps)   (ps)       Location      
#-----------------------------------------------------------------------------------------------------------------------------------------------
  pp_fir_0_1_1/Delay_Pipeline_reg_re_reg[15][11]/clk -       -       R     (arrival)           3606    -    25     0     200              (-,-) 
  pp_fir_0_1_1/Delay_Pipeline_reg_re_reg[15][11]/q   (u)     clk->q  R     unmapped_d_flop       18 32.4     0    59     259  (60.0020,88.4810) 
  pp_fir_0_1_1/csa_tree_ADD_TC_OP_groupi3955/g4918/z (u)     in_1->z R     unmapped_xor2          1  1.8     0    14     273  (69.0395,82.1425) 
  pp_fir_0_1_1/csa_tree_ADD_TC_OP_groupi3955/g5071/z (u)     in_0->z R     unmapped_xor2          3  5.4     0    16     289  (73.1735,81.7245) 
  pp_fir_0_1_1/csa_tree_ADD_TC_OP_groupi3955/g5291/z (u)     in_2->z R     unmapped_complex4      3  5.4     0    24     313  (77.0945,81.5700) 
  pp_fir_0_1_1/csa_tree_ADD_TC_OP_groupi3955/g5438/z (u)     in_3->z R     unmapped_complex4      2  3.6     0    23     336  (75.9770,79.4085) 
  pp_fir_0_1_1/csa_tree_ADD_TC_OP_groupi3955/g5525/z (u)     in_0->z R     unmapped_xor2          3  5.4     0    16     352  (74.8095,76.8215) 
  pp_fir_0_1_1/csa_tree_ADD_TC_OP_groupi3955/g5587/z (u)     in_0->z R     unmapped_xor2          1  1.8     0    14     366  (74.3935,75.3055) 
  pp_fir_0_1_1/csa_tree_ADD_TC_OP_groupi3955/g5610/z (u)     in_1->z R     unmapped_xor2          2  3.6     0    15     381  (75.2955,74.9090) 
  pp_fir_0_1_1/csa_tree_ADD_TC_OP_groupi3955/g3639/z (u)     in_1->z R     unmapped_or2           3  5.4     0    10     391  (76.0365,73.3770) 
  pp_fir_0_1_1/csa_tree_ADD_TC_OP_groupi3955/g5629/z (u)     in_2->z R     unmapped_complex3      2  3.6     0    16     406  (75.1955,71.9635) 
  pp_fir_0_1_1/csa_tree_ADD_TC_OP_groupi3955/g3577/z (u)     in_1->z F     unmapped_complex2      1  1.8     0     7     413  (73.3840,70.9100) 
  pp_fir_0_1_1/csa_tree_ADD_TC_OP_groupi3955/g5628/z (u)     in_0->z R     unmapped_complex4      2  3.6     0    12     426  (71.9205,71.2590) 
  pp_fir_0_1_1/csa_tree_ADD_TC_OP_groupi3955/g3544/z (u)     in_1->z F     unmapped_complex2      1  1.8     0     7     432  (69.3385,70.4040) 
  pp_fir_0_1_1/csa_tree_ADD_TC_OP_groupi3955/g5642/z (u)     in_0->z R     unmapped_complex4      1  1.8     0    11     443  (68.2340,71.5270) 
  pp_fir_0_1_1/csa_tree_ADD_TC_OP_groupi3955/g5638/z (u)     in_0->z R     unmapped_complex4      7 12.6     0    14     457  (70.1560,71.4440) 
  pp_fir_0_1_1/csa_tree_ADD_TC_OP_groupi3955/g5670/z (u)     in_1->z R     unmapped_complex3      1  1.8     0    14     471  (57.3645,72.4350) 
  pp_fir_0_1_1/csa_tree_ADD_TC_OP_groupi3955/g5689/z (u)     in_0->z R     unmapped_xnor2         1  1.8     0    14     484  (58.4510,72.0465) 
  pp_fir_0_1_1/g7384/z                               (u)     in_1->z R     unmapped_complex3      1  1.8     0    14     498  (58.3855,71.0100) 
  pp_fir_0_1_1/sum1_9_re_1_reg[27]/d                 -       -       R     unmapped_d_flop        1    -     -     0     498  (57.4710,70.0085) 
#-----------------------------------------------------------------------------------------------------------------------------------------------

(u) : Net has unmapped pin(s).



Path 37: MET (70 ps) Setup Check with Pin pp_fir_0_1_1/sum1_9_re_1_reg[26]/clk->d
           View: view_wcl_typical
          Group: clk
     Startpoint: (R) pp_fir_0_1_1/Delay_Pipeline_reg_re_reg[15][11]/clk
          Clock: (R) clk
       Endpoint: (R) pp_fir_0_1_1/sum1_9_re_1_reg[26]/d
          Clock: (R) clk

                     Capture       Launch     
        Clock Edge:+     500            0     
       Src Latency:+       0            0     
       Net Latency:+     200 (I)      200 (I) 
           Arrival:=     700          200     
                                              
             Setup:-       7                  
       Uncertainty:-     125                  
     Required Time:=     568                  
      Launch Clock:-     200                  
         Data Path:-     298                  
             Slack:=      70                  

#-----------------------------------------------------------------------------------------------------------------------------------------------
#                   Timing Point                     Flags    Arc    Edge       Cell         Fanout Load Trans Delay Arrival      Instance      
#                                                                                                   (fF)  (ps)  (ps)   (ps)       Location      
#-----------------------------------------------------------------------------------------------------------------------------------------------
  pp_fir_0_1_1/Delay_Pipeline_reg_re_reg[15][11]/clk -       -       R     (arrival)           3606    -    25     0     200              (-,-) 
  pp_fir_0_1_1/Delay_Pipeline_reg_re_reg[15][11]/q   (u)     clk->q  R     unmapped_d_flop       18 32.4     0    59     259  (60.0020,88.4810) 
  pp_fir_0_1_1/csa_tree_ADD_TC_OP_groupi3955/g4918/z (u)     in_1->z R     unmapped_xor2          1  1.8     0    14     273  (69.0395,82.1425) 
  pp_fir_0_1_1/csa_tree_ADD_TC_OP_groupi3955/g5071/z (u)     in_0->z R     unmapped_xor2          3  5.4     0    16     289  (73.1735,81.7245) 
  pp_fir_0_1_1/csa_tree_ADD_TC_OP_groupi3955/g5291/z (u)     in_2->z R     unmapped_complex4      3  5.4     0    24     313  (77.0945,81.5700) 
  pp_fir_0_1_1/csa_tree_ADD_TC_OP_groupi3955/g5438/z (u)     in_3->z R     unmapped_complex4      2  3.6     0    23     336  (75.9770,79.4085) 
  pp_fir_0_1_1/csa_tree_ADD_TC_OP_groupi3955/g5525/z (u)     in_0->z R     unmapped_xor2          3  5.4     0    16     352  (74.8095,76.8215) 
  pp_fir_0_1_1/csa_tree_ADD_TC_OP_groupi3955/g5587/z (u)     in_0->z R     unmapped_xor2          1  1.8     0    14     366  (74.3935,75.3055) 
  pp_fir_0_1_1/csa_tree_ADD_TC_OP_groupi3955/g5610/z (u)     in_1->z R     unmapped_xor2          2  3.6     0    15     381  (75.2955,74.9090) 
  pp_fir_0_1_1/csa_tree_ADD_TC_OP_groupi3955/g3639/z (u)     in_1->z R     unmapped_or2           3  5.4     0    10     391  (76.0365,73.3770) 
  pp_fir_0_1_1/csa_tree_ADD_TC_OP_groupi3955/g5629/z (u)     in_2->z R     unmapped_complex3      2  3.6     0    16     406  (75.1955,71.9635) 
  pp_fir_0_1_1/csa_tree_ADD_TC_OP_groupi3955/g3577/z (u)     in_1->z F     unmapped_complex2      1  1.8     0     7     413  (73.3840,70.9100) 
  pp_fir_0_1_1/csa_tree_ADD_TC_OP_groupi3955/g5628/z (u)     in_0->z R     unmapped_complex4      2  3.6     0    12     426  (71.9205,71.2590) 
  pp_fir_0_1_1/csa_tree_ADD_TC_OP_groupi3955/g3544/z (u)     in_1->z F     unmapped_complex2      1  1.8     0     7     432  (69.3385,70.4040) 
  pp_fir_0_1_1/csa_tree_ADD_TC_OP_groupi3955/g5642/z (u)     in_0->z R     unmapped_complex4      1  1.8     0    11     443  (68.2340,71.5270) 
  pp_fir_0_1_1/csa_tree_ADD_TC_OP_groupi3955/g5638/z (u)     in_0->z R     unmapped_complex4      7 12.6     0    14     457  (70.1560,71.4440) 
  pp_fir_0_1_1/csa_tree_ADD_TC_OP_groupi3955/g5669/z (u)     in_1->z R     unmapped_complex3      1  1.8     0    14     471  (59.7995,72.1210) 
  pp_fir_0_1_1/csa_tree_ADD_TC_OP_groupi3955/g5687/z (u)     in_0->z R     unmapped_xnor2         1  1.8     0    14     484  (59.5515,71.1065) 
  pp_fir_0_1_1/g7447/z                               (u)     in_1->z R     unmapped_complex3      1  1.8     0    14     498  (60.5040,70.3625) 
  pp_fir_0_1_1/sum1_9_re_1_reg[26]/d                 -       -       R     unmapped_d_flop        1    -     -     0     498  (59.7710,69.3430) 
#-----------------------------------------------------------------------------------------------------------------------------------------------

(u) : Net has unmapped pin(s).



Path 38: MET (70 ps) Setup Check with Pin pp_fir_0_1_1/sum1_9_re_1_reg[25]/clk->d
           View: view_wcl_typical
          Group: clk
     Startpoint: (R) pp_fir_0_1_1/Delay_Pipeline_reg_re_reg[15][11]/clk
          Clock: (R) clk
       Endpoint: (R) pp_fir_0_1_1/sum1_9_re_1_reg[25]/d
          Clock: (R) clk

                     Capture       Launch     
        Clock Edge:+     500            0     
       Src Latency:+       0            0     
       Net Latency:+     200 (I)      200 (I) 
           Arrival:=     700          200     
                                              
             Setup:-       7                  
       Uncertainty:-     125                  
     Required Time:=     568                  
      Launch Clock:-     200                  
         Data Path:-     298                  
             Slack:=      70                  

#-----------------------------------------------------------------------------------------------------------------------------------------------
#                   Timing Point                     Flags    Arc    Edge       Cell         Fanout Load Trans Delay Arrival      Instance      
#                                                                                                   (fF)  (ps)  (ps)   (ps)       Location      
#-----------------------------------------------------------------------------------------------------------------------------------------------
  pp_fir_0_1_1/Delay_Pipeline_reg_re_reg[15][11]/clk -       -       R     (arrival)           3606    -    25     0     200              (-,-) 
  pp_fir_0_1_1/Delay_Pipeline_reg_re_reg[15][11]/q   (u)     clk->q  R     unmapped_d_flop       18 32.4     0    59     259  (60.0020,88.4810) 
  pp_fir_0_1_1/csa_tree_ADD_TC_OP_groupi3955/g4918/z (u)     in_1->z R     unmapped_xor2          1  1.8     0    14     273  (69.0395,82.1425) 
  pp_fir_0_1_1/csa_tree_ADD_TC_OP_groupi3955/g5071/z (u)     in_0->z R     unmapped_xor2          3  5.4     0    16     289  (73.1735,81.7245) 
  pp_fir_0_1_1/csa_tree_ADD_TC_OP_groupi3955/g5291/z (u)     in_2->z R     unmapped_complex4      3  5.4     0    24     313  (77.0945,81.5700) 
  pp_fir_0_1_1/csa_tree_ADD_TC_OP_groupi3955/g5438/z (u)     in_3->z R     unmapped_complex4      2  3.6     0    23     336  (75.9770,79.4085) 
  pp_fir_0_1_1/csa_tree_ADD_TC_OP_groupi3955/g5525/z (u)     in_0->z R     unmapped_xor2          3  5.4     0    16     352  (74.8095,76.8215) 
  pp_fir_0_1_1/csa_tree_ADD_TC_OP_groupi3955/g5587/z (u)     in_0->z R     unmapped_xor2          1  1.8     0    14     366  (74.3935,75.3055) 
  pp_fir_0_1_1/csa_tree_ADD_TC_OP_groupi3955/g5610/z (u)     in_1->z R     unmapped_xor2          2  3.6     0    15     381  (75.2955,74.9090) 
  pp_fir_0_1_1/csa_tree_ADD_TC_OP_groupi3955/g3639/z (u)     in_1->z R     unmapped_or2           3  5.4     0    10     391  (76.0365,73.3770) 
  pp_fir_0_1_1/csa_tree_ADD_TC_OP_groupi3955/g5629/z (u)     in_2->z R     unmapped_complex3      2  3.6     0    16     406  (75.1955,71.9635) 
  pp_fir_0_1_1/csa_tree_ADD_TC_OP_groupi3955/g3577/z (u)     in_1->z F     unmapped_complex2      1  1.8     0     7     413  (73.3840,70.9100) 
  pp_fir_0_1_1/csa_tree_ADD_TC_OP_groupi3955/g5628/z (u)     in_0->z R     unmapped_complex4      2  3.6     0    12     426  (71.9205,71.2590) 
  pp_fir_0_1_1/csa_tree_ADD_TC_OP_groupi3955/g3544/z (u)     in_1->z F     unmapped_complex2      1  1.8     0     7     432  (69.3385,70.4040) 
  pp_fir_0_1_1/csa_tree_ADD_TC_OP_groupi3955/g5642/z (u)     in_0->z R     unmapped_complex4      1  1.8     0    11     443  (68.2340,71.5270) 
  pp_fir_0_1_1/csa_tree_ADD_TC_OP_groupi3955/g5638/z (u)     in_0->z R     unmapped_complex4      7 12.6     0    14     457  (70.1560,71.4440) 
  pp_fir_0_1_1/csa_tree_ADD_TC_OP_groupi3955/g5666/z (u)     in_2->z R     unmapped_complex3      1  1.8     0    14     471  (60.9605,71.3995) 
  pp_fir_0_1_1/csa_tree_ADD_TC_OP_groupi3955/g5685/z (u)     in_0->z R     unmapped_xnor2         1  1.8     0    14     484  (62.1500,71.4805) 
  pp_fir_0_1_1/g7695/z                               (u)     in_1->z R     unmapped_complex3      1  1.8     0    14     498  (61.9410,70.4455) 
  pp_fir_0_1_1/sum1_9_re_1_reg[25]/d                 -       -       R     unmapped_d_flop        1    -     -     0     498  (61.3075,68.3305) 
#-----------------------------------------------------------------------------------------------------------------------------------------------

(u) : Net has unmapped pin(s).



Path 39: MET (70 ps) Setup Check with Pin pp_fir_0_1_1/sum1_9_im_1_reg[29]/clk->d
           View: view_wcl_typical
          Group: clk
     Startpoint: (R) pp_fir_0_1_1/Delay_Pipeline_reg_im_reg[15][11]/clk
          Clock: (R) clk
       Endpoint: (R) pp_fir_0_1_1/sum1_9_im_1_reg[29]/d
          Clock: (R) clk

                     Capture       Launch     
        Clock Edge:+     500            0     
       Src Latency:+       0            0     
       Net Latency:+     200 (I)      200 (I) 
           Arrival:=     700          200     
                                              
             Setup:-       7                  
       Uncertainty:-     125                  
     Required Time:=     568                  
      Launch Clock:-     200                  
         Data Path:-     298                  
             Slack:=      70                  

#------------------------------------------------------------------------------------------------------------------------------------------------
#                   Timing Point                     Flags    Arc    Edge       Cell         Fanout Load Trans Delay Arrival       Instance      
#                                                                                                   (fF)  (ps)  (ps)   (ps)        Location      
#------------------------------------------------------------------------------------------------------------------------------------------------
  pp_fir_0_1_1/Delay_Pipeline_reg_im_reg[15][11]/clk -       -       R     (arrival)           3606    -    25     0     200               (-,-) 
  pp_fir_0_1_1/Delay_Pipeline_reg_im_reg[15][11]/q   (u)     clk->q  R     unmapped_d_flop       18 32.4     0    59     259  (159.2625,90.7195) 
  pp_fir_0_1_1/csa_tree_ADD_TC_OP_groupi3954/g4918/z (u)     in_1->z R     unmapped_xor2          1  1.8     0    14     273  (163.8855,90.0620) 
  pp_fir_0_1_1/csa_tree_ADD_TC_OP_groupi3954/g5071/z (u)     in_0->z R     unmapped_xor2          3  5.4     0    16     289  (164.5405,91.1630) 
  pp_fir_0_1_1/csa_tree_ADD_TC_OP_groupi3954/g5291/z (u)     in_2->z R     unmapped_complex4      3  5.4     0    24     313  (173.0620,94.7755) 
  pp_fir_0_1_1/csa_tree_ADD_TC_OP_groupi3954/g5438/z (u)     in_3->z R     unmapped_complex4      2  3.6     0    23     336  (169.0635,96.2180) 
  pp_fir_0_1_1/csa_tree_ADD_TC_OP_groupi3954/g5525/z (u)     in_0->z R     unmapped_xor2          3  5.4     0    16     352  (167.6850,96.4350) 
  pp_fir_0_1_1/csa_tree_ADD_TC_OP_groupi3954/g5587/z (u)     in_0->z R     unmapped_xor2          1  1.8     0    14     366  (167.9600,98.7565) 
  pp_fir_0_1_1/csa_tree_ADD_TC_OP_groupi3954/g5610/z (u)     in_1->z R     unmapped_xor2          2  3.6     0    15     381  (168.9460,99.4120) 
  pp_fir_0_1_1/csa_tree_ADD_TC_OP_groupi3954/g3639/z (u)     in_1->z R     unmapped_or2           3  5.4     0    10     391  (172.2485,97.8595) 
  pp_fir_0_1_1/csa_tree_ADD_TC_OP_groupi3954/g5629/z (u)     in_2->z R     unmapped_complex3      2  3.6     0    16     406  (172.3135,96.7880) 
  pp_fir_0_1_1/csa_tree_ADD_TC_OP_groupi3954/g3577/z (u)     in_1->z F     unmapped_complex2      1  1.8     0     7     413  (172.3690,79.2950) 
  pp_fir_0_1_1/csa_tree_ADD_TC_OP_groupi3954/g5628/z (u)     in_0->z R     unmapped_complex4      2  3.6     0    12     426  (170.3495,78.2080) 
  pp_fir_0_1_1/csa_tree_ADD_TC_OP_groupi3954/g3544/z (u)     in_1->z F     unmapped_complex2      1  1.8     0     7     432  (169.2515,75.3100) 
  pp_fir_0_1_1/csa_tree_ADD_TC_OP_groupi3954/g5642/z (u)     in_0->z R     unmapped_complex4      1  1.8     0    11     443  (167.6595,75.0150) 
  pp_fir_0_1_1/csa_tree_ADD_TC_OP_groupi3954/g5638/z (u)     in_0->z R     unmapped_complex4      7 12.6     0    14     457  (167.5175,76.0340) 
  pp_fir_0_1_1/csa_tree_ADD_TC_OP_groupi3954/g5665/z (u)     in_1->z R     unmapped_complex3      1  1.8     0    14     471  (157.0725,75.0250) 
  pp_fir_0_1_1/csa_tree_ADD_TC_OP_groupi3954/g5682/z (u)     in_0->z R     unmapped_xor2          1  1.8     0    14     484  (155.5750,74.7960) 
  pp_fir_0_1_1/g7715/z                               (u)     in_1->z R     unmapped_complex3      1  1.8     0    14     498  (157.2230,72.8000) 
  pp_fir_0_1_1/sum1_9_im_1_reg[29]/d                 -       -       R     unmapped_d_flop        1    -     -     0     498  (154.2725,72.6850) 
#------------------------------------------------------------------------------------------------------------------------------------------------

(u) : Net has unmapped pin(s).



Path 40: MET (70 ps) Setup Check with Pin pp_fir_0_1_1/sum1_9_im_1_reg[28]/clk->d
           View: view_wcl_typical
          Group: clk
     Startpoint: (R) pp_fir_0_1_1/Delay_Pipeline_reg_im_reg[15][11]/clk
          Clock: (R) clk
       Endpoint: (R) pp_fir_0_1_1/sum1_9_im_1_reg[28]/d
          Clock: (R) clk

                     Capture       Launch     
        Clock Edge:+     500            0     
       Src Latency:+       0            0     
       Net Latency:+     200 (I)      200 (I) 
           Arrival:=     700          200     
                                              
             Setup:-       7                  
       Uncertainty:-     125                  
     Required Time:=     568                  
      Launch Clock:-     200                  
         Data Path:-     298                  
             Slack:=      70                  

#------------------------------------------------------------------------------------------------------------------------------------------------
#                   Timing Point                     Flags    Arc    Edge       Cell         Fanout Load Trans Delay Arrival       Instance      
#                                                                                                   (fF)  (ps)  (ps)   (ps)        Location      
#------------------------------------------------------------------------------------------------------------------------------------------------
  pp_fir_0_1_1/Delay_Pipeline_reg_im_reg[15][11]/clk -       -       R     (arrival)           3606    -    25     0     200               (-,-) 
  pp_fir_0_1_1/Delay_Pipeline_reg_im_reg[15][11]/q   (u)     clk->q  R     unmapped_d_flop       18 32.4     0    59     259  (159.2625,90.7195) 
  pp_fir_0_1_1/csa_tree_ADD_TC_OP_groupi3954/g4918/z (u)     in_1->z R     unmapped_xor2          1  1.8     0    14     273  (163.8855,90.0620) 
  pp_fir_0_1_1/csa_tree_ADD_TC_OP_groupi3954/g5071/z (u)     in_0->z R     unmapped_xor2          3  5.4     0    16     289  (164.5405,91.1630) 
  pp_fir_0_1_1/csa_tree_ADD_TC_OP_groupi3954/g5291/z (u)     in_2->z R     unmapped_complex4      3  5.4     0    24     313  (173.0620,94.7755) 
  pp_fir_0_1_1/csa_tree_ADD_TC_OP_groupi3954/g5438/z (u)     in_3->z R     unmapped_complex4      2  3.6     0    23     336  (169.0635,96.2180) 
  pp_fir_0_1_1/csa_tree_ADD_TC_OP_groupi3954/g5525/z (u)     in_0->z R     unmapped_xor2          3  5.4     0    16     352  (167.6850,96.4350) 
  pp_fir_0_1_1/csa_tree_ADD_TC_OP_groupi3954/g5587/z (u)     in_0->z R     unmapped_xor2          1  1.8     0    14     366  (167.9600,98.7565) 
  pp_fir_0_1_1/csa_tree_ADD_TC_OP_groupi3954/g5610/z (u)     in_1->z R     unmapped_xor2          2  3.6     0    15     381  (168.9460,99.4120) 
  pp_fir_0_1_1/csa_tree_ADD_TC_OP_groupi3954/g3639/z (u)     in_1->z R     unmapped_or2           3  5.4     0    10     391  (172.2485,97.8595) 
  pp_fir_0_1_1/csa_tree_ADD_TC_OP_groupi3954/g5629/z (u)     in_2->z R     unmapped_complex3      2  3.6     0    16     406  (172.3135,96.7880) 
  pp_fir_0_1_1/csa_tree_ADD_TC_OP_groupi3954/g3577/z (u)     in_1->z F     unmapped_complex2      1  1.8     0     7     413  (172.3690,79.2950) 
  pp_fir_0_1_1/csa_tree_ADD_TC_OP_groupi3954/g5628/z (u)     in_0->z R     unmapped_complex4      2  3.6     0    12     426  (170.3495,78.2080) 
  pp_fir_0_1_1/csa_tree_ADD_TC_OP_groupi3954/g3544/z (u)     in_1->z F     unmapped_complex2      1  1.8     0     7     432  (169.2515,75.3100) 
  pp_fir_0_1_1/csa_tree_ADD_TC_OP_groupi3954/g5642/z (u)     in_0->z R     unmapped_complex4      1  1.8     0    11     443  (167.6595,75.0150) 
  pp_fir_0_1_1/csa_tree_ADD_TC_OP_groupi3954/g5638/z (u)     in_0->z R     unmapped_complex4      7 12.6     0    14     457  (167.5175,76.0340) 
  pp_fir_0_1_1/csa_tree_ADD_TC_OP_groupi3954/g5667/z (u)     in_1->z R     unmapped_complex3      1  1.8     0    14     471  (158.9235,73.4410) 
  pp_fir_0_1_1/csa_tree_ADD_TC_OP_groupi3954/g5688/z (u)     in_0->z R     unmapped_xnor2         1  1.8     0    14     484  (158.6115,72.4850) 
  pp_fir_0_1_1/g7732/z                               (u)     in_1->z R     unmapped_complex3      1  1.8     0    14     498  (158.1325,71.5435) 
  pp_fir_0_1_1/sum1_9_im_1_reg[28]/d                 -       -       R     unmapped_d_flop        1    -     -     0     498  (156.7340,70.4275) 
#------------------------------------------------------------------------------------------------------------------------------------------------

(u) : Net has unmapped pin(s).



Path 41: MET (70 ps) Setup Check with Pin pp_fir_0_1_1/sum1_9_im_1_reg[27]/clk->d
           View: view_wcl_typical
          Group: clk
     Startpoint: (R) pp_fir_0_1_1/Delay_Pipeline_reg_im_reg[15][11]/clk
          Clock: (R) clk
       Endpoint: (R) pp_fir_0_1_1/sum1_9_im_1_reg[27]/d
          Clock: (R) clk

                     Capture       Launch     
        Clock Edge:+     500            0     
       Src Latency:+       0            0     
       Net Latency:+     200 (I)      200 (I) 
           Arrival:=     700          200     
                                              
             Setup:-       7                  
       Uncertainty:-     125                  
     Required Time:=     568                  
      Launch Clock:-     200                  
         Data Path:-     298                  
             Slack:=      70                  

#------------------------------------------------------------------------------------------------------------------------------------------------
#                   Timing Point                     Flags    Arc    Edge       Cell         Fanout Load Trans Delay Arrival       Instance      
#                                                                                                   (fF)  (ps)  (ps)   (ps)        Location      
#------------------------------------------------------------------------------------------------------------------------------------------------
  pp_fir_0_1_1/Delay_Pipeline_reg_im_reg[15][11]/clk -       -       R     (arrival)           3606    -    25     0     200               (-,-) 
  pp_fir_0_1_1/Delay_Pipeline_reg_im_reg[15][11]/q   (u)     clk->q  R     unmapped_d_flop       18 32.4     0    59     259  (159.2625,90.7195) 
  pp_fir_0_1_1/csa_tree_ADD_TC_OP_groupi3954/g4918/z (u)     in_1->z R     unmapped_xor2          1  1.8     0    14     273  (163.8855,90.0620) 
  pp_fir_0_1_1/csa_tree_ADD_TC_OP_groupi3954/g5071/z (u)     in_0->z R     unmapped_xor2          3  5.4     0    16     289  (164.5405,91.1630) 
  pp_fir_0_1_1/csa_tree_ADD_TC_OP_groupi3954/g5291/z (u)     in_2->z R     unmapped_complex4      3  5.4     0    24     313  (173.0620,94.7755) 
  pp_fir_0_1_1/csa_tree_ADD_TC_OP_groupi3954/g5438/z (u)     in_3->z R     unmapped_complex4      2  3.6     0    23     336  (169.0635,96.2180) 
  pp_fir_0_1_1/csa_tree_ADD_TC_OP_groupi3954/g5525/z (u)     in_0->z R     unmapped_xor2          3  5.4     0    16     352  (167.6850,96.4350) 
  pp_fir_0_1_1/csa_tree_ADD_TC_OP_groupi3954/g5587/z (u)     in_0->z R     unmapped_xor2          1  1.8     0    14     366  (167.9600,98.7565) 
  pp_fir_0_1_1/csa_tree_ADD_TC_OP_groupi3954/g5610/z (u)     in_1->z R     unmapped_xor2          2  3.6     0    15     381  (168.9460,99.4120) 
  pp_fir_0_1_1/csa_tree_ADD_TC_OP_groupi3954/g3639/z (u)     in_1->z R     unmapped_or2           3  5.4     0    10     391  (172.2485,97.8595) 
  pp_fir_0_1_1/csa_tree_ADD_TC_OP_groupi3954/g5629/z (u)     in_2->z R     unmapped_complex3      2  3.6     0    16     406  (172.3135,96.7880) 
  pp_fir_0_1_1/csa_tree_ADD_TC_OP_groupi3954/g3577/z (u)     in_1->z F     unmapped_complex2      1  1.8     0     7     413  (172.3690,79.2950) 
  pp_fir_0_1_1/csa_tree_ADD_TC_OP_groupi3954/g5628/z (u)     in_0->z R     unmapped_complex4      2  3.6     0    12     426  (170.3495,78.2080) 
  pp_fir_0_1_1/csa_tree_ADD_TC_OP_groupi3954/g3544/z (u)     in_1->z F     unmapped_complex2      1  1.8     0     7     432  (169.2515,75.3100) 
  pp_fir_0_1_1/csa_tree_ADD_TC_OP_groupi3954/g5642/z (u)     in_0->z R     unmapped_complex4      1  1.8     0    11     443  (167.6595,75.0150) 
  pp_fir_0_1_1/csa_tree_ADD_TC_OP_groupi3954/g5638/z (u)     in_0->z R     unmapped_complex4      7 12.6     0    14     457  (167.5175,76.0340) 
  pp_fir_0_1_1/csa_tree_ADD_TC_OP_groupi3954/g5670/z (u)     in_1->z R     unmapped_complex3      1  1.8     0    14     471  (160.0285,74.2185) 
  pp_fir_0_1_1/csa_tree_ADD_TC_OP_groupi3954/g5689/z (u)     in_0->z R     unmapped_xnor2         1  1.8     0    14     484  (160.2585,73.1955) 
  pp_fir_0_1_1/g7191/z                               (u)     in_1->z R     unmapped_complex3      1  1.8     0    14     498  (160.1960,72.1865) 
  pp_fir_0_1_1/sum1_9_im_1_reg[27]/d                 -       -       R     unmapped_d_flop        1    -     -     0     498  (159.3135,71.2330) 
#------------------------------------------------------------------------------------------------------------------------------------------------

(u) : Net has unmapped pin(s).



Path 42: MET (70 ps) Setup Check with Pin pp_fir_0_1_1/sum1_9_im_1_reg[26]/clk->d
           View: view_wcl_typical
          Group: clk
     Startpoint: (R) pp_fir_0_1_1/Delay_Pipeline_reg_im_reg[15][11]/clk
          Clock: (R) clk
       Endpoint: (R) pp_fir_0_1_1/sum1_9_im_1_reg[26]/d
          Clock: (R) clk

                     Capture       Launch     
        Clock Edge:+     500            0     
       Src Latency:+       0            0     
       Net Latency:+     200 (I)      200 (I) 
           Arrival:=     700          200     
                                              
             Setup:-       7                  
       Uncertainty:-     125                  
     Required Time:=     568                  
      Launch Clock:-     200                  
         Data Path:-     298                  
             Slack:=      70                  

#------------------------------------------------------------------------------------------------------------------------------------------------
#                   Timing Point                     Flags    Arc    Edge       Cell         Fanout Load Trans Delay Arrival       Instance      
#                                                                                                   (fF)  (ps)  (ps)   (ps)        Location      
#------------------------------------------------------------------------------------------------------------------------------------------------
  pp_fir_0_1_1/Delay_Pipeline_reg_im_reg[15][11]/clk -       -       R     (arrival)           3606    -    25     0     200               (-,-) 
  pp_fir_0_1_1/Delay_Pipeline_reg_im_reg[15][11]/q   (u)     clk->q  R     unmapped_d_flop       18 32.4     0    59     259  (159.2625,90.7195) 
  pp_fir_0_1_1/csa_tree_ADD_TC_OP_groupi3954/g4918/z (u)     in_1->z R     unmapped_xor2          1  1.8     0    14     273  (163.8855,90.0620) 
  pp_fir_0_1_1/csa_tree_ADD_TC_OP_groupi3954/g5071/z (u)     in_0->z R     unmapped_xor2          3  5.4     0    16     289  (164.5405,91.1630) 
  pp_fir_0_1_1/csa_tree_ADD_TC_OP_groupi3954/g5291/z (u)     in_2->z R     unmapped_complex4      3  5.4     0    24     313  (173.0620,94.7755) 
  pp_fir_0_1_1/csa_tree_ADD_TC_OP_groupi3954/g5438/z (u)     in_3->z R     unmapped_complex4      2  3.6     0    23     336  (169.0635,96.2180) 
  pp_fir_0_1_1/csa_tree_ADD_TC_OP_groupi3954/g5525/z (u)     in_0->z R     unmapped_xor2          3  5.4     0    16     352  (167.6850,96.4350) 
  pp_fir_0_1_1/csa_tree_ADD_TC_OP_groupi3954/g5587/z (u)     in_0->z R     unmapped_xor2          1  1.8     0    14     366  (167.9600,98.7565) 
  pp_fir_0_1_1/csa_tree_ADD_TC_OP_groupi3954/g5610/z (u)     in_1->z R     unmapped_xor2          2  3.6     0    15     381  (168.9460,99.4120) 
  pp_fir_0_1_1/csa_tree_ADD_TC_OP_groupi3954/g3639/z (u)     in_1->z R     unmapped_or2           3  5.4     0    10     391  (172.2485,97.8595) 
  pp_fir_0_1_1/csa_tree_ADD_TC_OP_groupi3954/g5629/z (u)     in_2->z R     unmapped_complex3      2  3.6     0    16     406  (172.3135,96.7880) 
  pp_fir_0_1_1/csa_tree_ADD_TC_OP_groupi3954/g3577/z (u)     in_1->z F     unmapped_complex2      1  1.8     0     7     413  (172.3690,79.2950) 
  pp_fir_0_1_1/csa_tree_ADD_TC_OP_groupi3954/g5628/z (u)     in_0->z R     unmapped_complex4      2  3.6     0    12     426  (170.3495,78.2080) 
  pp_fir_0_1_1/csa_tree_ADD_TC_OP_groupi3954/g3544/z (u)     in_1->z F     unmapped_complex2      1  1.8     0     7     432  (169.2515,75.3100) 
  pp_fir_0_1_1/csa_tree_ADD_TC_OP_groupi3954/g5642/z (u)     in_0->z R     unmapped_complex4      1  1.8     0    11     443  (167.6595,75.0150) 
  pp_fir_0_1_1/csa_tree_ADD_TC_OP_groupi3954/g5638/z (u)     in_0->z R     unmapped_complex4      7 12.6     0    14     457  (167.5175,76.0340) 
  pp_fir_0_1_1/csa_tree_ADD_TC_OP_groupi3954/g5669/z (u)     in_1->z R     unmapped_complex3      1  1.8     0    14     471  (162.8790,72.2975) 
  pp_fir_0_1_1/csa_tree_ADD_TC_OP_groupi3954/g5687/z (u)     in_0->z R     unmapped_xnor2         1  1.8     0    14     484  (161.5895,72.0005) 
  pp_fir_0_1_1/g7254/z                               (u)     in_1->z R     unmapped_complex3      1  1.8     0    14     498  (162.6915,71.0920) 
  pp_fir_0_1_1/sum1_9_im_1_reg[26]/d                 -       -       R     unmapped_d_flop        1    -     -     0     498  (162.0135,70.0615) 
#------------------------------------------------------------------------------------------------------------------------------------------------

(u) : Net has unmapped pin(s).



Path 43: MET (70 ps) Setup Check with Pin pp_fir_0_1_1/sum1_9_im_1_reg[25]/clk->d
           View: view_wcl_typical
          Group: clk
     Startpoint: (R) pp_fir_0_1_1/Delay_Pipeline_reg_im_reg[15][11]/clk
          Clock: (R) clk
       Endpoint: (R) pp_fir_0_1_1/sum1_9_im_1_reg[25]/d
          Clock: (R) clk

                     Capture       Launch     
        Clock Edge:+     500            0     
       Src Latency:+       0            0     
       Net Latency:+     200 (I)      200 (I) 
           Arrival:=     700          200     
                                              
             Setup:-       7                  
       Uncertainty:-     125                  
     Required Time:=     568                  
      Launch Clock:-     200                  
         Data Path:-     298                  
             Slack:=      70                  

#------------------------------------------------------------------------------------------------------------------------------------------------
#                   Timing Point                     Flags    Arc    Edge       Cell         Fanout Load Trans Delay Arrival       Instance      
#                                                                                                   (fF)  (ps)  (ps)   (ps)        Location      
#------------------------------------------------------------------------------------------------------------------------------------------------
  pp_fir_0_1_1/Delay_Pipeline_reg_im_reg[15][11]/clk -       -       R     (arrival)           3606    -    25     0     200               (-,-) 
  pp_fir_0_1_1/Delay_Pipeline_reg_im_reg[15][11]/q   (u)     clk->q  R     unmapped_d_flop       18 32.4     0    59     259  (159.2625,90.7195) 
  pp_fir_0_1_1/csa_tree_ADD_TC_OP_groupi3954/g4918/z (u)     in_1->z R     unmapped_xor2          1  1.8     0    14     273  (163.8855,90.0620) 
  pp_fir_0_1_1/csa_tree_ADD_TC_OP_groupi3954/g5071/z (u)     in_0->z R     unmapped_xor2          3  5.4     0    16     289  (164.5405,91.1630) 
  pp_fir_0_1_1/csa_tree_ADD_TC_OP_groupi3954/g5291/z (u)     in_2->z R     unmapped_complex4      3  5.4     0    24     313  (173.0620,94.7755) 
  pp_fir_0_1_1/csa_tree_ADD_TC_OP_groupi3954/g5438/z (u)     in_3->z R     unmapped_complex4      2  3.6     0    23     336  (169.0635,96.2180) 
  pp_fir_0_1_1/csa_tree_ADD_TC_OP_groupi3954/g5525/z (u)     in_0->z R     unmapped_xor2          3  5.4     0    16     352  (167.6850,96.4350) 
  pp_fir_0_1_1/csa_tree_ADD_TC_OP_groupi3954/g5587/z (u)     in_0->z R     unmapped_xor2          1  1.8     0    14     366  (167.9600,98.7565) 
  pp_fir_0_1_1/csa_tree_ADD_TC_OP_groupi3954/g5610/z (u)     in_1->z R     unmapped_xor2          2  3.6     0    15     381  (168.9460,99.4120) 
  pp_fir_0_1_1/csa_tree_ADD_TC_OP_groupi3954/g3639/z (u)     in_1->z R     unmapped_or2           3  5.4     0    10     391  (172.2485,97.8595) 
  pp_fir_0_1_1/csa_tree_ADD_TC_OP_groupi3954/g5629/z (u)     in_2->z R     unmapped_complex3      2  3.6     0    16     406  (172.3135,96.7880) 
  pp_fir_0_1_1/csa_tree_ADD_TC_OP_groupi3954/g3577/z (u)     in_1->z F     unmapped_complex2      1  1.8     0     7     413  (172.3690,79.2950) 
  pp_fir_0_1_1/csa_tree_ADD_TC_OP_groupi3954/g5628/z (u)     in_0->z R     unmapped_complex4      2  3.6     0    12     426  (170.3495,78.2080) 
  pp_fir_0_1_1/csa_tree_ADD_TC_OP_groupi3954/g3544/z (u)     in_1->z F     unmapped_complex2      1  1.8     0     7     432  (169.2515,75.3100) 
  pp_fir_0_1_1/csa_tree_ADD_TC_OP_groupi3954/g5642/z (u)     in_0->z R     unmapped_complex4      1  1.8     0    11     443  (167.6595,75.0150) 
  pp_fir_0_1_1/csa_tree_ADD_TC_OP_groupi3954/g5638/z (u)     in_0->z R     unmapped_complex4      7 12.6     0    14     457  (167.5175,76.0340) 
  pp_fir_0_1_1/csa_tree_ADD_TC_OP_groupi3954/g5666/z (u)     in_2->z R     unmapped_complex3      1  1.8     0    14     471  (164.9860,74.0395) 
  pp_fir_0_1_1/csa_tree_ADD_TC_OP_groupi3954/g5685/z (u)     in_0->z R     unmapped_xnor2         1  1.8     0    14     484  (164.1285,73.3655) 
  pp_fir_0_1_1/g7281/z                               (u)     in_1->z R     unmapped_complex3      1  1.8     0    14     498  (164.1560,72.3715) 
  pp_fir_0_1_1/sum1_9_im_1_reg[25]/d                 -       -       R     unmapped_d_flop        1    -     -     0     498  (163.5545,71.3135) 
#------------------------------------------------------------------------------------------------------------------------------------------------

(u) : Net has unmapped pin(s).



Path 44: MET (73 ps) Setup Check with Pin pp_fir_0_1_1/sum1_6_re_1_reg[26]/clk->d
           View: view_wcl_typical
          Group: clk
     Startpoint: (R) pp_fir_0_1_1/Delay_Pipeline_reg_re_reg[20][2]/clk
          Clock: (R) clk
       Endpoint: (R) pp_fir_0_1_1/sum1_6_re_1_reg[26]/d
          Clock: (R) clk

                     Capture       Launch     
        Clock Edge:+     500            0     
       Src Latency:+       0            0     
       Net Latency:+     200 (I)      200 (I) 
           Arrival:=     700          200     
                                              
             Setup:-       7                  
       Uncertainty:-     125                  
     Required Time:=     568                  
      Launch Clock:-     200                  
         Data Path:-     295                  
             Slack:=      73                  

#------------------------------------------------------------------------------------------------------------------------------------------------
#                   Timing Point                     Flags    Arc    Edge       Cell         Fanout Load Trans Delay Arrival       Instance      
#                                                                                                   (fF)  (ps)  (ps)   (ps)        Location      
#------------------------------------------------------------------------------------------------------------------------------------------------
  pp_fir_0_1_1/Delay_Pipeline_reg_re_reg[20][2]/clk  -       -       R     (arrival)           3606    -    25     0     200               (-,-) 
  pp_fir_0_1_1/Delay_Pipeline_reg_re_reg[20][2]/q    (u)     clk->q  R     unmapped_d_flop       16 28.8     0    58     258   (8.8070,118.6560) 
  pp_fir_0_1_1/csa_tree_ADD_TC_OP_groupi3961/g4234/z (u)     in_1->z R     unmapped_xnor2         1  1.8     0    14     272  (27.3475,120.6795) 
  pp_fir_0_1_1/csa_tree_ADD_TC_OP_groupi3961/g4344/z (u)     in_0->z R     unmapped_xor2          2  3.6     0    15     287  (28.1885,120.8420) 
  pp_fir_0_1_1/csa_tree_ADD_TC_OP_groupi3961/g3631/z (u)     in_0->z R     unmapped_or2           2  3.6     0     9     296  (30.0880,121.1260) 
  pp_fir_0_1_1/csa_tree_ADD_TC_OP_groupi3961/g4499/z (u)     in_2->z R     unmapped_complex3      2  3.6     0    16     312  (30.5420,122.2230) 
  pp_fir_0_1_1/csa_tree_ADD_TC_OP_groupi3961/g4564/z (u)     in_2->z R     unmapped_complex3      3  5.4     0    17     328  (30.9090,124.1955) 
  pp_fir_0_1_1/csa_tree_ADD_TC_OP_groupi3961/g4613/z (u)     in_1->z R     unmapped_complex4      2  3.6     0    19     348  (30.5210,126.6795) 
  pp_fir_0_1_1/csa_tree_ADD_TC_OP_groupi3961/g4680/z (u)     in_2->z R     unmapped_complex3      2  3.6     0    16     363  (29.7385,127.7180) 
  pp_fir_0_1_1/csa_tree_ADD_TC_OP_groupi3961/g4698/z (u)     in_2->z R     unmapped_complex3      4  7.2     0    18     381  (27.8860,129.7325) 
  pp_fir_0_1_1/csa_tree_ADD_TC_OP_groupi3961/g4702/z (u)     in_0->z F     unmapped_complex4      1  1.8     0    15     396  (24.1945,132.6995) 
  pp_fir_0_1_1/csa_tree_ADD_TC_OP_groupi3961/g4723/z (u)     in_0->z R     unmapped_nand3         4  7.2     0    15     411  (22.9040,133.6570) 
  pp_fir_0_1_1/csa_tree_ADD_TC_OP_groupi3961/g4741/z (u)     in_1->z R     unmapped_complex4      9 16.2     0    26     436  (18.6380,140.7195) 
  pp_fir_0_1_1/csa_tree_ADD_TC_OP_groupi3961/g4720/z (u)     in_0->z F     unmapped_complex3      3  5.4     0    14     450   (7.7060,153.4295) 
  pp_fir_0_1_1/csa_tree_ADD_TC_OP_groupi3961/g2931/z (u)     in_1->z F     unmapped_or2           1  1.8     0     7     457   (7.4605,156.3935) 
  pp_fir_0_1_1/csa_tree_ADD_TC_OP_groupi3961/g4754/z (u)     in_0->z R     unmapped_complex4      1  1.8     0    11     468   (7.0240,157.4745) 
  pp_fir_0_1_1/csa_tree_ADD_TC_OP_groupi3961/g4779/z (u)     in_0->z R     unmapped_xnor2         1  1.8     0    14     481   (7.2965,158.5755) 
  pp_fir_0_1_1/g7195/z                               (u)     in_1->z R     unmapped_complex3      1  1.8     0    14     495   (6.2500,159.5735) 
  pp_fir_0_1_1/sum1_6_re_1_reg[26]/d                 -       -       R     unmapped_d_flop        1    -     -     0     495   (6.0675,160.6450) 
#------------------------------------------------------------------------------------------------------------------------------------------------

(u) : Net has unmapped pin(s).



Path 45: MET (73 ps) Setup Check with Pin pp_fir_0_1_1/sum1_6_re_1_reg[25]/clk->d
           View: view_wcl_typical
          Group: clk
     Startpoint: (R) pp_fir_0_1_1/Delay_Pipeline_reg_re_reg[20][2]/clk
          Clock: (R) clk
       Endpoint: (R) pp_fir_0_1_1/sum1_6_re_1_reg[25]/d
          Clock: (R) clk

                     Capture       Launch     
        Clock Edge:+     500            0     
       Src Latency:+       0            0     
       Net Latency:+     200 (I)      200 (I) 
           Arrival:=     700          200     
                                              
             Setup:-       7                  
       Uncertainty:-     125                  
     Required Time:=     568                  
      Launch Clock:-     200                  
         Data Path:-     295                  
             Slack:=      73                  

#------------------------------------------------------------------------------------------------------------------------------------------------
#                   Timing Point                     Flags    Arc    Edge       Cell         Fanout Load Trans Delay Arrival       Instance      
#                                                                                                   (fF)  (ps)  (ps)   (ps)        Location      
#------------------------------------------------------------------------------------------------------------------------------------------------
  pp_fir_0_1_1/Delay_Pipeline_reg_re_reg[20][2]/clk  -       -       R     (arrival)           3606    -    25     0     200               (-,-) 
  pp_fir_0_1_1/Delay_Pipeline_reg_re_reg[20][2]/q    (u)     clk->q  R     unmapped_d_flop       16 28.8     0    58     258   (8.8070,118.6560) 
  pp_fir_0_1_1/csa_tree_ADD_TC_OP_groupi3961/g4234/z (u)     in_1->z R     unmapped_xnor2         1  1.8     0    14     272  (27.3475,120.6795) 
  pp_fir_0_1_1/csa_tree_ADD_TC_OP_groupi3961/g4344/z (u)     in_0->z R     unmapped_xor2          2  3.6     0    15     287  (28.1885,120.8420) 
  pp_fir_0_1_1/csa_tree_ADD_TC_OP_groupi3961/g3631/z (u)     in_0->z R     unmapped_or2           2  3.6     0     9     296  (30.0880,121.1260) 
  pp_fir_0_1_1/csa_tree_ADD_TC_OP_groupi3961/g4499/z (u)     in_2->z R     unmapped_complex3      2  3.6     0    16     312  (30.5420,122.2230) 
  pp_fir_0_1_1/csa_tree_ADD_TC_OP_groupi3961/g4564/z (u)     in_2->z R     unmapped_complex3      3  5.4     0    17     328  (30.9090,124.1955) 
  pp_fir_0_1_1/csa_tree_ADD_TC_OP_groupi3961/g4613/z (u)     in_1->z R     unmapped_complex4      2  3.6     0    19     348  (30.5210,126.6795) 
  pp_fir_0_1_1/csa_tree_ADD_TC_OP_groupi3961/g4680/z (u)     in_2->z R     unmapped_complex3      2  3.6     0    16     363  (29.7385,127.7180) 
  pp_fir_0_1_1/csa_tree_ADD_TC_OP_groupi3961/g4698/z (u)     in_2->z R     unmapped_complex3      4  7.2     0    18     381  (27.8860,129.7325) 
  pp_fir_0_1_1/csa_tree_ADD_TC_OP_groupi3961/g4702/z (u)     in_0->z F     unmapped_complex4      1  1.8     0    15     396  (24.1945,132.6995) 
  pp_fir_0_1_1/csa_tree_ADD_TC_OP_groupi3961/g4723/z (u)     in_0->z R     unmapped_nand3         4  7.2     0    15     411  (22.9040,133.6570) 
  pp_fir_0_1_1/csa_tree_ADD_TC_OP_groupi3961/g4741/z (u)     in_1->z R     unmapped_complex4      9 16.2     0    26     436  (18.6380,140.7195) 
  pp_fir_0_1_1/csa_tree_ADD_TC_OP_groupi3961/g4720/z (u)     in_0->z F     unmapped_complex3      3  5.4     0    14     450   (7.7060,153.4295) 
  pp_fir_0_1_1/csa_tree_ADD_TC_OP_groupi3961/g2935/z (u)     in_0->z F     unmapped_complex2      1  1.8     0     7     457   (8.4865,155.9870) 
  pp_fir_0_1_1/csa_tree_ADD_TC_OP_groupi3961/g4758/z (u)     in_0->z R     unmapped_complex4      1  1.8     0    11     468   (9.5365,155.3480) 
  pp_fir_0_1_1/csa_tree_ADD_TC_OP_groupi3961/g4780/z (u)     in_0->z R     unmapped_xnor2         1  1.8     0    14     481  (11.0445,154.7600) 
  pp_fir_0_1_1/g7205/z                               (u)     in_1->z R     unmapped_complex3      1  1.8     0    14     495  (11.2495,155.7435) 
  pp_fir_0_1_1/sum1_6_re_1_reg[25]/d                 -       -       R     unmapped_d_flop        1    -     -     0     495  (10.5275,156.7165) 
#------------------------------------------------------------------------------------------------------------------------------------------------

(u) : Net has unmapped pin(s).



Path 46: MET (73 ps) Setup Check with Pin pp_fir_0_1_1/sum1_6_im_1_reg[26]/clk->d
           View: view_wcl_typical
          Group: clk
     Startpoint: (R) pp_fir_0_1_1/Delay_Pipeline_reg_im_reg[20][2]/clk
          Clock: (R) clk
       Endpoint: (R) pp_fir_0_1_1/sum1_6_im_1_reg[26]/d
          Clock: (R) clk

                     Capture       Launch     
        Clock Edge:+     500            0     
       Src Latency:+       0            0     
       Net Latency:+     200 (I)      200 (I) 
           Arrival:=     700          200     
                                              
             Setup:-       7                  
       Uncertainty:-     125                  
     Required Time:=     568                  
      Launch Clock:-     200                  
         Data Path:-     295                  
             Slack:=      73                  

#-------------------------------------------------------------------------------------------------------------------------------------------------
#                   Timing Point                     Flags    Arc    Edge       Cell         Fanout Load Trans Delay Arrival       Instance       
#                                                                                                   (fF)  (ps)  (ps)   (ps)        Location       
#-------------------------------------------------------------------------------------------------------------------------------------------------
  pp_fir_0_1_1/Delay_Pipeline_reg_im_reg[20][2]/clk  -       -       R     (arrival)           3606    -    25     0     200                (-,-) 
  pp_fir_0_1_1/Delay_Pipeline_reg_im_reg[20][2]/q    (u)     clk->q  R     unmapped_d_flop       16 28.8     0    58     258  (114.2025,121.3215) 
  pp_fir_0_1_1/csa_tree_ADD_TC_OP_groupi3960/g4234/z (u)     in_1->z R     unmapped_xnor2         1  1.8     0    14     272  (130.9380,121.3680) 
  pp_fir_0_1_1/csa_tree_ADD_TC_OP_groupi3960/g4344/z (u)     in_0->z R     unmapped_xor2          2  3.6     0    15     287  (131.7640,121.3695) 
  pp_fir_0_1_1/csa_tree_ADD_TC_OP_groupi3960/g3631/z (u)     in_0->z R     unmapped_or2           2  3.6     0     9     296  (132.9070,122.8795) 
  pp_fir_0_1_1/csa_tree_ADD_TC_OP_groupi3960/g4499/z (u)     in_2->z R     unmapped_complex3      2  3.6     0    16     312  (134.5980,121.9110) 
  pp_fir_0_1_1/csa_tree_ADD_TC_OP_groupi3960/g4564/z (u)     in_2->z R     unmapped_complex3      3  5.4     0    17     328  (134.5920,124.0215) 
  pp_fir_0_1_1/csa_tree_ADD_TC_OP_groupi3960/g4613/z (u)     in_1->z R     unmapped_complex4      2  3.6     0    19     348  (134.5880,127.2830) 
  pp_fir_0_1_1/csa_tree_ADD_TC_OP_groupi3960/g4680/z (u)     in_2->z R     unmapped_complex3      2  3.6     0    16     363  (133.8555,129.3665) 
  pp_fir_0_1_1/csa_tree_ADD_TC_OP_groupi3960/g4698/z (u)     in_2->z R     unmapped_complex3      4  7.2     0    18     381  (131.7265,131.3950) 
  pp_fir_0_1_1/csa_tree_ADD_TC_OP_groupi3960/g4702/z (u)     in_0->z F     unmapped_complex4      1  1.8     0    15     396  (128.8585,133.0595) 
  pp_fir_0_1_1/csa_tree_ADD_TC_OP_groupi3960/g4723/z (u)     in_0->z R     unmapped_nand3         4  7.2     0    15     411  (127.8015,135.0070) 
  pp_fir_0_1_1/csa_tree_ADD_TC_OP_groupi3960/g4741/z (u)     in_1->z R     unmapped_complex4      9 16.2     0    26     436  (125.6765,142.9690) 
  pp_fir_0_1_1/csa_tree_ADD_TC_OP_groupi3960/g4720/z (u)     in_0->z F     unmapped_complex3      3  5.4     0    14     450  (110.3930,152.6220) 
  pp_fir_0_1_1/csa_tree_ADD_TC_OP_groupi3960/g2931/z (u)     in_1->z F     unmapped_or2           1  1.8     0     7     457  (111.6265,154.3690) 
  pp_fir_0_1_1/csa_tree_ADD_TC_OP_groupi3960/g4754/z (u)     in_0->z R     unmapped_complex4      1  1.8     0    11     468  (110.6255,155.3750) 
  pp_fir_0_1_1/csa_tree_ADD_TC_OP_groupi3960/g4779/z (u)     in_0->z R     unmapped_xnor2         1  1.8     0    14     481  (110.7355,156.3725) 
  pp_fir_0_1_1/g7211/z                               (u)     in_2->z R     unmapped_complex3      1  1.8     0    14     495  (113.6355,156.3765) 
  pp_fir_0_1_1/sum1_6_im_1_reg[26]/d                 -       -       R     unmapped_d_flop        1    -     -     0     495  (112.9175,157.4910) 
#-------------------------------------------------------------------------------------------------------------------------------------------------

(u) : Net has unmapped pin(s).



Path 47: MET (73 ps) Setup Check with Pin pp_fir_0_1_1/sum1_6_im_1_reg[25]/clk->d
           View: view_wcl_typical
          Group: clk
     Startpoint: (R) pp_fir_0_1_1/Delay_Pipeline_reg_im_reg[20][2]/clk
          Clock: (R) clk
       Endpoint: (R) pp_fir_0_1_1/sum1_6_im_1_reg[25]/d
          Clock: (R) clk

                     Capture       Launch     
        Clock Edge:+     500            0     
       Src Latency:+       0            0     
       Net Latency:+     200 (I)      200 (I) 
           Arrival:=     700          200     
                                              
             Setup:-       7                  
       Uncertainty:-     125                  
     Required Time:=     568                  
      Launch Clock:-     200                  
         Data Path:-     295                  
             Slack:=      73                  

#-------------------------------------------------------------------------------------------------------------------------------------------------
#                   Timing Point                     Flags    Arc    Edge       Cell         Fanout Load Trans Delay Arrival       Instance       
#                                                                                                   (fF)  (ps)  (ps)   (ps)        Location       
#-------------------------------------------------------------------------------------------------------------------------------------------------
  pp_fir_0_1_1/Delay_Pipeline_reg_im_reg[20][2]/clk  -       -       R     (arrival)           3606    -    25     0     200                (-,-) 
  pp_fir_0_1_1/Delay_Pipeline_reg_im_reg[20][2]/q    (u)     clk->q  R     unmapped_d_flop       16 28.8     0    58     258  (114.2025,121.3215) 
  pp_fir_0_1_1/csa_tree_ADD_TC_OP_groupi3960/g4234/z (u)     in_1->z R     unmapped_xnor2         1  1.8     0    14     272  (130.9380,121.3680) 
  pp_fir_0_1_1/csa_tree_ADD_TC_OP_groupi3960/g4344/z (u)     in_0->z R     unmapped_xor2          2  3.6     0    15     287  (131.7640,121.3695) 
  pp_fir_0_1_1/csa_tree_ADD_TC_OP_groupi3960/g3631/z (u)     in_0->z R     unmapped_or2           2  3.6     0     9     296  (132.9070,122.8795) 
  pp_fir_0_1_1/csa_tree_ADD_TC_OP_groupi3960/g4499/z (u)     in_2->z R     unmapped_complex3      2  3.6     0    16     312  (134.5980,121.9110) 
  pp_fir_0_1_1/csa_tree_ADD_TC_OP_groupi3960/g4564/z (u)     in_2->z R     unmapped_complex3      3  5.4     0    17     328  (134.5920,124.0215) 
  pp_fir_0_1_1/csa_tree_ADD_TC_OP_groupi3960/g4613/z (u)     in_1->z R     unmapped_complex4      2  3.6     0    19     348  (134.5880,127.2830) 
  pp_fir_0_1_1/csa_tree_ADD_TC_OP_groupi3960/g4680/z (u)     in_2->z R     unmapped_complex3      2  3.6     0    16     363  (133.8555,129.3665) 
  pp_fir_0_1_1/csa_tree_ADD_TC_OP_groupi3960/g4698/z (u)     in_2->z R     unmapped_complex3      4  7.2     0    18     381  (131.7265,131.3950) 
  pp_fir_0_1_1/csa_tree_ADD_TC_OP_groupi3960/g4702/z (u)     in_0->z F     unmapped_complex4      1  1.8     0    15     396  (128.8585,133.0595) 
  pp_fir_0_1_1/csa_tree_ADD_TC_OP_groupi3960/g4723/z (u)     in_0->z R     unmapped_nand3         4  7.2     0    15     411  (127.8015,135.0070) 
  pp_fir_0_1_1/csa_tree_ADD_TC_OP_groupi3960/g4741/z (u)     in_1->z R     unmapped_complex4      9 16.2     0    26     436  (125.6765,142.9690) 
  pp_fir_0_1_1/csa_tree_ADD_TC_OP_groupi3960/g4720/z (u)     in_0->z F     unmapped_complex3      3  5.4     0    14     450  (110.3930,152.6220) 
  pp_fir_0_1_1/csa_tree_ADD_TC_OP_groupi3960/g2935/z (u)     in_0->z F     unmapped_complex2      1  1.8     0     7     457  (110.4795,153.5200) 
  pp_fir_0_1_1/csa_tree_ADD_TC_OP_groupi3960/g4758/z (u)     in_0->z R     unmapped_complex4      1  1.8     0    11     468  (111.8290,153.3080) 
  pp_fir_0_1_1/csa_tree_ADD_TC_OP_groupi3960/g4780/z (u)     in_0->z R     unmapped_xnor2         1  1.8     0    14     481  (114.4715,153.2775) 
  pp_fir_0_1_1/g7198/z                               (u)     in_2->z R     unmapped_complex3      1  1.8     0    14     495  (115.8130,152.7770) 
  pp_fir_0_1_1/sum1_6_im_1_reg[25]/d                 -       -       R     unmapped_d_flop        1    -     -     0     495  (115.9590,153.5895) 
#-------------------------------------------------------------------------------------------------------------------------------------------------

(u) : Net has unmapped pin(s).



Path 48: MET (74 ps) Setup Check with Pin pp_fir_0_1_1/sum1_6_re_1_reg[27]/clk->d
           View: view_wcl_typical
          Group: clk
     Startpoint: (R) pp_fir_0_1_1/Delay_Pipeline_reg_re_reg[20][2]/clk
          Clock: (R) clk
       Endpoint: (R) pp_fir_0_1_1/sum1_6_re_1_reg[27]/d
          Clock: (R) clk

                     Capture       Launch     
        Clock Edge:+     500            0     
       Src Latency:+       0            0     
       Net Latency:+     200 (I)      200 (I) 
           Arrival:=     700          200     
                                              
             Setup:-       7                  
       Uncertainty:-     125                  
     Required Time:=     568                  
      Launch Clock:-     200                  
         Data Path:-     294                  
             Slack:=      74                  

#------------------------------------------------------------------------------------------------------------------------------------------------
#                   Timing Point                     Flags    Arc    Edge       Cell         Fanout Load Trans Delay Arrival       Instance      
#                                                                                                   (fF)  (ps)  (ps)   (ps)        Location      
#------------------------------------------------------------------------------------------------------------------------------------------------
  pp_fir_0_1_1/Delay_Pipeline_reg_re_reg[20][2]/clk  -       -       R     (arrival)           3606    -    25     0     200               (-,-) 
  pp_fir_0_1_1/Delay_Pipeline_reg_re_reg[20][2]/q    (u)     clk->q  R     unmapped_d_flop       16 28.8     0    58     258   (8.8070,118.6560) 
  pp_fir_0_1_1/csa_tree_ADD_TC_OP_groupi3961/g4234/z (u)     in_1->z R     unmapped_xnor2         1  1.8     0    14     272  (27.3475,120.6795) 
  pp_fir_0_1_1/csa_tree_ADD_TC_OP_groupi3961/g4344/z (u)     in_0->z F     unmapped_xor2          2  3.6     0    15     287  (28.1885,120.8420) 
  pp_fir_0_1_1/csa_tree_ADD_TC_OP_groupi3961/g3631/z (u)     in_0->z F     unmapped_or2           2  3.6     0     9     296  (30.0880,121.1260) 
  pp_fir_0_1_1/csa_tree_ADD_TC_OP_groupi3961/g4499/z (u)     in_2->z F     unmapped_complex3      2  3.6     0    16     312  (30.5420,122.2230) 
  pp_fir_0_1_1/csa_tree_ADD_TC_OP_groupi3961/g4564/z (u)     in_2->z F     unmapped_complex3      3  5.4     0    17     328  (30.9090,124.1955) 
  pp_fir_0_1_1/csa_tree_ADD_TC_OP_groupi3961/g4613/z (u)     in_1->z F     unmapped_complex4      2  3.6     0    19     348  (30.5210,126.6795) 
  pp_fir_0_1_1/csa_tree_ADD_TC_OP_groupi3961/g4680/z (u)     in_2->z F     unmapped_complex3      2  3.6     0    16     363  (29.7385,127.7180) 
  pp_fir_0_1_1/csa_tree_ADD_TC_OP_groupi3961/g4698/z (u)     in_2->z F     unmapped_complex3      4  7.2     0    18     381  (27.8860,129.7325) 
  pp_fir_0_1_1/csa_tree_ADD_TC_OP_groupi3961/g4702/z (u)     in_0->z R     unmapped_complex4      1  1.8     0    15     396  (24.1945,132.6995) 
  pp_fir_0_1_1/csa_tree_ADD_TC_OP_groupi3961/g4723/z (u)     in_0->z F     unmapped_nand3         4  7.2     0    15     411  (22.9040,133.6570) 
  pp_fir_0_1_1/csa_tree_ADD_TC_OP_groupi3961/g4741/z (u)     in_1->z F     unmapped_complex4      9 16.2     0    26     436  (18.6380,140.7195) 
  pp_fir_0_1_1/csa_tree_ADD_TC_OP_groupi3961/g4720/z (u)     in_0->z R     unmapped_complex3      3  5.4     0    14     450   (7.7060,153.4295) 
  pp_fir_0_1_1/csa_tree_ADD_TC_OP_groupi3961/g2934/z (u)     in_0->z F     unmapped_complex2      2  3.6     0     9     458   (8.6565,157.1770) 
  pp_fir_0_1_1/csa_tree_ADD_TC_OP_groupi3961/g4632/z (u)     in_0->z R     unmapped_complex3      1  1.8     0    11     469   (5.3530,157.5110) 
  pp_fir_0_1_1/csa_tree_ADD_TC_OP_groupi3961/g4659/z (u)     in_0->z R     unmapped_complex4      1  1.8     0    11     480   (4.6560,158.6405) 
  pp_fir_0_1_1/g7596/z                               (u)     in_2->z R     unmapped_complex3      1  1.8     0    14     494   (4.6945,159.7250) 
  pp_fir_0_1_1/sum1_6_re_1_reg[27]/d                 -       -       R     unmapped_d_flop        1    -     -     0     494   (3.3455,160.7895) 
#------------------------------------------------------------------------------------------------------------------------------------------------

(u) : Net has unmapped pin(s).



Path 49: MET (74 ps) Setup Check with Pin pp_fir_0_1_1/sum1_6_im_1_reg[27]/clk->d
           View: view_wcl_typical
          Group: clk
     Startpoint: (R) pp_fir_0_1_1/Delay_Pipeline_reg_im_reg[20][2]/clk
          Clock: (R) clk
       Endpoint: (R) pp_fir_0_1_1/sum1_6_im_1_reg[27]/d
          Clock: (R) clk

                     Capture       Launch     
        Clock Edge:+     500            0     
       Src Latency:+       0            0     
       Net Latency:+     200 (I)      200 (I) 
           Arrival:=     700          200     
                                              
             Setup:-       7                  
       Uncertainty:-     125                  
     Required Time:=     568                  
      Launch Clock:-     200                  
         Data Path:-     294                  
             Slack:=      74                  

#-------------------------------------------------------------------------------------------------------------------------------------------------
#                   Timing Point                     Flags    Arc    Edge       Cell         Fanout Load Trans Delay Arrival       Instance       
#                                                                                                   (fF)  (ps)  (ps)   (ps)        Location       
#-------------------------------------------------------------------------------------------------------------------------------------------------
  pp_fir_0_1_1/Delay_Pipeline_reg_im_reg[20][2]/clk  -       -       R     (arrival)           3606    -    25     0     200                (-,-) 
  pp_fir_0_1_1/Delay_Pipeline_reg_im_reg[20][2]/q    (u)     clk->q  R     unmapped_d_flop       16 28.8     0    58     258  (114.2025,121.3215) 
  pp_fir_0_1_1/csa_tree_ADD_TC_OP_groupi3960/g4234/z (u)     in_1->z R     unmapped_xnor2         1  1.8     0    14     272  (130.9380,121.3680) 
  pp_fir_0_1_1/csa_tree_ADD_TC_OP_groupi3960/g4344/z (u)     in_0->z F     unmapped_xor2          2  3.6     0    15     287  (131.7640,121.3695) 
  pp_fir_0_1_1/csa_tree_ADD_TC_OP_groupi3960/g3631/z (u)     in_0->z F     unmapped_or2           2  3.6     0     9     296  (132.9070,122.8795) 
  pp_fir_0_1_1/csa_tree_ADD_TC_OP_groupi3960/g4499/z (u)     in_2->z F     unmapped_complex3      2  3.6     0    16     312  (134.5980,121.9110) 
  pp_fir_0_1_1/csa_tree_ADD_TC_OP_groupi3960/g4564/z (u)     in_2->z F     unmapped_complex3      3  5.4     0    17     328  (134.5920,124.0215) 
  pp_fir_0_1_1/csa_tree_ADD_TC_OP_groupi3960/g4613/z (u)     in_1->z F     unmapped_complex4      2  3.6     0    19     348  (134.5880,127.2830) 
  pp_fir_0_1_1/csa_tree_ADD_TC_OP_groupi3960/g4680/z (u)     in_2->z F     unmapped_complex3      2  3.6     0    16     363  (133.8555,129.3665) 
  pp_fir_0_1_1/csa_tree_ADD_TC_OP_groupi3960/g4698/z (u)     in_2->z F     unmapped_complex3      4  7.2     0    18     381  (131.7265,131.3950) 
  pp_fir_0_1_1/csa_tree_ADD_TC_OP_groupi3960/g4702/z (u)     in_0->z R     unmapped_complex4      1  1.8     0    15     396  (128.8585,133.0595) 
  pp_fir_0_1_1/csa_tree_ADD_TC_OP_groupi3960/g4723/z (u)     in_0->z F     unmapped_nand3         4  7.2     0    15     411  (127.8015,135.0070) 
  pp_fir_0_1_1/csa_tree_ADD_TC_OP_groupi3960/g4741/z (u)     in_1->z F     unmapped_complex4      9 16.2     0    26     436  (125.6765,142.9690) 
  pp_fir_0_1_1/csa_tree_ADD_TC_OP_groupi3960/g4720/z (u)     in_0->z R     unmapped_complex3      3  5.4     0    14     450  (110.3930,152.6220) 
  pp_fir_0_1_1/csa_tree_ADD_TC_OP_groupi3960/g2934/z (u)     in_0->z F     unmapped_complex2      2  3.6     0     9     458  (110.4805,154.4420) 
  pp_fir_0_1_1/csa_tree_ADD_TC_OP_groupi3960/g4632/z (u)     in_0->z R     unmapped_complex3      1  1.8     0    11     469  (112.5790,155.3570) 
  pp_fir_0_1_1/csa_tree_ADD_TC_OP_groupi3960/g4659/z (u)     in_0->z R     unmapped_complex4      1  1.8     0    11     480  (114.2435,154.2600) 
  pp_fir_0_1_1/g7217/z                               (u)     in_2->z R     unmapped_complex3      1  1.8     0    14     494  (116.0940,154.5420) 
  pp_fir_0_1_1/sum1_6_im_1_reg[27]/d                 -       -       R     unmapped_d_flop        1    -     -     0     494  (116.5830,155.4980) 
#-------------------------------------------------------------------------------------------------------------------------------------------------

(u) : Net has unmapped pin(s).



Path 50: MET (76 ps) Setup Check with Pin pp_fir_0_1_1/sum1_9_re_1_reg[30]/clk->d
           View: view_wcl_typical
          Group: clk
     Startpoint: (R) pp_fir_0_1_1/Delay_Pipeline_reg_re_reg[15][11]/clk
          Clock: (R) clk
       Endpoint: (R) pp_fir_0_1_1/sum1_9_re_1_reg[30]/d
          Clock: (R) clk

                     Capture       Launch     
        Clock Edge:+     500            0     
       Src Latency:+       0            0     
       Net Latency:+     200 (I)      200 (I) 
           Arrival:=     700          200     
                                              
             Setup:-       7                  
       Uncertainty:-     125                  
     Required Time:=     568                  
      Launch Clock:-     200                  
         Data Path:-     292                  
             Slack:=      76                  

#-----------------------------------------------------------------------------------------------------------------------------------------------
#                   Timing Point                     Flags    Arc    Edge       Cell         Fanout Load Trans Delay Arrival      Instance      
#                                                                                                   (fF)  (ps)  (ps)   (ps)       Location      
#-----------------------------------------------------------------------------------------------------------------------------------------------
  pp_fir_0_1_1/Delay_Pipeline_reg_re_reg[15][11]/clk -       -       R     (arrival)           3606    -    25     0     200              (-,-) 
  pp_fir_0_1_1/Delay_Pipeline_reg_re_reg[15][11]/q   (u)     clk->q  R     unmapped_d_flop       18 32.4     0    59     259  (60.0020,88.4810) 
  pp_fir_0_1_1/csa_tree_ADD_TC_OP_groupi3955/g4918/z (u)     in_1->z R     unmapped_xor2          1  1.8     0    14     273  (69.0395,82.1425) 
  pp_fir_0_1_1/csa_tree_ADD_TC_OP_groupi3955/g5071/z (u)     in_0->z R     unmapped_xor2          3  5.4     0    16     289  (73.1735,81.7245) 
  pp_fir_0_1_1/csa_tree_ADD_TC_OP_groupi3955/g5291/z (u)     in_2->z R     unmapped_complex4      3  5.4     0    24     313  (77.0945,81.5700) 
  pp_fir_0_1_1/csa_tree_ADD_TC_OP_groupi3955/g5438/z (u)     in_3->z R     unmapped_complex4      2  3.6     0    23     336  (75.9770,79.4085) 
  pp_fir_0_1_1/csa_tree_ADD_TC_OP_groupi3955/g5525/z (u)     in_0->z R     unmapped_xor2          3  5.4     0    16     352  (74.8095,76.8215) 
  pp_fir_0_1_1/csa_tree_ADD_TC_OP_groupi3955/g5587/z (u)     in_0->z R     unmapped_xor2          1  1.8     0    14     366  (74.3935,75.3055) 
  pp_fir_0_1_1/csa_tree_ADD_TC_OP_groupi3955/g5610/z (u)     in_1->z F     unmapped_xor2          2  3.6     0    15     381  (75.2955,74.9090) 
  pp_fir_0_1_1/csa_tree_ADD_TC_OP_groupi3955/g3639/z (u)     in_1->z F     unmapped_or2           3  5.4     0    10     391  (76.0365,73.3770) 
  pp_fir_0_1_1/csa_tree_ADD_TC_OP_groupi3955/g5629/z (u)     in_2->z F     unmapped_complex3      2  3.6     0    16     406  (75.1955,71.9635) 
  pp_fir_0_1_1/csa_tree_ADD_TC_OP_groupi3955/g3577/z (u)     in_1->z R     unmapped_complex2      1  1.8     0     7     413  (73.3840,70.9100) 
  pp_fir_0_1_1/csa_tree_ADD_TC_OP_groupi3955/g5628/z (u)     in_0->z F     unmapped_complex4      2  3.6     0    12     426  (71.9205,71.2590) 
  pp_fir_0_1_1/csa_tree_ADD_TC_OP_groupi3955/g3544/z (u)     in_1->z R     unmapped_complex2      1  1.8     0     7     432  (69.3385,70.4040) 
  pp_fir_0_1_1/csa_tree_ADD_TC_OP_groupi3955/g5642/z (u)     in_0->z F     unmapped_complex4      1  1.8     0    11     443  (68.2340,71.5270) 
  pp_fir_0_1_1/csa_tree_ADD_TC_OP_groupi3955/g5638/z (u)     in_0->z F     unmapped_complex4      7 12.6     0    14     457  (70.1560,71.4440) 
  pp_fir_0_1_1/csa_tree_ADD_TC_OP_groupi3955/g5619/z (u)     in_0->z R     unmapped_complex3      1  1.8     0    11     468  (54.5255,74.5940) 
  pp_fir_0_1_1/csa_tree_ADD_TC_OP_groupi3955/g5645/z (u)     in_0->z R     unmapped_complex4      1  1.8     0    11     478  (54.1920,75.6205) 
  pp_fir_0_1_1/g7415/z                               (u)     in_1->z R     unmapped_complex3      1  1.8     0    14     492  (52.5170,75.2800) 
  pp_fir_0_1_1/sum1_9_re_1_reg[30]/d                 -       -       R     unmapped_d_flop        1    -     -     0     492  (51.6370,74.1705) 
#-----------------------------------------------------------------------------------------------------------------------------------------------

(u) : Net has unmapped pin(s).

