============================================================
  Generated by:           Genus(TM) Synthesis Solution 23.10-p004_1
  Generated on:           Feb 17 2025  08:40:30 pm
  Module:                 pp_fir_u_6
  Operating conditions:   ssg_cworstt_max_0p81v_125c 
  Operating conditions:   ffg_cbestt_min_0p99v_m40c 
  Operating conditions:   tt_ctypical_max_0p90v_25c 
  Interconnect mode:      spatial
  Area mode:              physical library
============================================================


Path 1: VIOLATED (-18 ps) Setup Check with Pin pp_fir_6_1_1_sum1_9_re_1_reg[28]/CK->D
           View: view_wcl_slow
          Group: clk
     Startpoint: (R) pp_fir_6_1_1_Delay_Pipeline_reg_re_reg[15][9]/CK
          Clock: (R) clk
       Endpoint: (R) pp_fir_6_1_1_sum1_9_re_1_reg[28]/D
          Clock: (R) clk

                     Capture       Launch     
        Clock Edge:+     500            0     
       Src Latency:+       0            0     
       Net Latency:+     200 (I)      200 (I) 
           Arrival:=     700          200     
                                              
             Setup:-       7                  
       Uncertainty:-     125                  
     Required Time:=     568                  
      Launch Clock:-     200                  
         Data Path:-     386                  
             Slack:=     -18                  

#----------------------------------------------------------------------------------------------------------------------------------------------------------
#                    Timing Point                      Flags    Arc   Edge            Cell             Fanout Load Trans Delay Arrival       Instance      
#                                                                                                             (fF)  (ps)  (ps)   (ps)        Location      
#----------------------------------------------------------------------------------------------------------------------------------------------------------
  pp_fir_6_1_1_Delay_Pipeline_reg_re_reg[15][9]/CK     -       -      R     (arrival)                    3590    -    25     0     200               (-,-) 
  pp_fir_6_1_1_Delay_Pipeline_reg_re_reg[15][9]/Q      -       CK->Q  F     DFFRPQ_X4M_A9PP140ZTL_C30      13 17.3    23    61     261   (8.2185,116.0855) 
  pp_fir_6_1_1_csa_tree_ADD_TC_OP_groupi3955_g11702/CO -       A->CO  F     ADDF_X2M_A9PP140ZTL_C30         1  3.0    16    37     298               (-,-) 
  pp_fir_6_1_1_csa_tree_ADD_TC_OP_groupi3955_g11576/CO -       A->CO  F     ADDF_X2M_A9PP140ZTL_C30         3  4.3    19    36     334               (-,-) 
  pp_fir_6_1_1_csa_tree_ADD_TC_OP_groupi3955_g11552/Y  -       A->Y   R     NOR2_X2A_A9PP140ZTL_C30         1  1.7    16    13     346               (-,-) 
  pp_fir_6_1_1_csa_tree_ADD_TC_OP_groupi3955_g12087/Y  -       A0->Y  F     OAI22BB_X2M_A9PP140ZTL_C30      2  2.6    23    15     361               (-,-) 
  pp_fir_6_1_1_csa_tree_ADD_TC_OP_groupi3955_g11462/CO -       CI->CO F     CGEN_X2M_A9PP140ZTL_C30         3  4.3    18    31     392               (-,-) 
  pp_fir_6_1_1_csa_tree_ADD_TC_OP_groupi3955_g11430/Y  -       B->Y   F     XOR3_X3M_A9PP140ZTL_C30         2  3.1    18    42     434               (-,-) 
  pp_fir_6_1_1_csa_tree_ADD_TC_OP_groupi3955_g11352/Y  -       B->Y   R     NAND2_X2M_A9PP140ZTL_C30        2  2.4    19    16     450               (-,-) 
  pp_fir_6_1_1_csa_tree_ADD_TC_OP_groupi3955_g11344/Y  -       A->Y   R     BUF_X4M_A9PP140ZTL_C30          3  4.6    11    17     467               (-,-) 
  pp_fir_6_1_1_csa_tree_ADD_TC_OP_groupi3955_g11333/Y  -       B->Y   F     NAND2_X2A_A9PP140ZTL_C30        1  3.2    18    13     480               (-,-) 
  pp_fir_6_1_1_csa_tree_ADD_TC_OP_groupi3955_g11319/Y  -       A1->Y  R     OAI21_X4M_A9PP140ZTL_C30        2  4.5    21    17     497               (-,-) 
  pp_fir_6_1_1_csa_tree_ADD_TC_OP_groupi3955_g11308/Y  -       A0->Y  F     AOI21_X4M_A9PP140ZTL_C30        1  4.2    21    15     512               (-,-) 
  pp_fir_6_1_1_csa_tree_ADD_TC_OP_groupi3955_g11303/Y  -       B0N->Y R     AO21B_X6M_A9PP140ZTL_C30        4  8.0    16    12     524               (-,-) 
  pp_fir_6_1_1_csa_tree_ADD_TC_OP_groupi3955_g11295/Y  -       A->Y   F     NAND2_X4M_A9PP140ZTL_C30        2  3.0    20     9     533               (-,-) 
  pp_fir_6_1_1_csa_tree_ADD_TC_OP_groupi3955_g11285/Y  -       A0->Y  R     OAI21_X2M_A9PP140ZTL_C30        1  1.8    21    16     550               (-,-) 
  pp_fir_6_1_1_csa_tree_ADD_TC_OP_groupi3955_g11278/Y  -       S0->Y  R     MXIT2_X1P4M_A9PP140ZTL_C30      1  1.2    20    16     565               (-,-) 
  g10287/Y                                             -       A->Y   R     MX2_X2B_A9PP140ZTL_C30          1  1.1    12    21     586               (-,-) 
  pp_fir_6_1_1_sum1_9_re_1_reg[28]/D                   -       -      R     DFFRPQ_X3M_A9PP140ZTL_C30       1    -     -     0     586  (34.1930,108.4780) 
#----------------------------------------------------------------------------------------------------------------------------------------------------------



Path 2: VIOLATED (-18 ps) Setup Check with Pin pp_fir_6_1_1_sum1_9_re_1_reg[26]/CK->D
           View: view_wcl_slow
          Group: clk
     Startpoint: (R) pp_fir_6_1_1_Delay_Pipeline_reg_re_reg[15][9]/CK
          Clock: (R) clk
       Endpoint: (R) pp_fir_6_1_1_sum1_9_re_1_reg[26]/D
          Clock: (R) clk

                     Capture       Launch     
        Clock Edge:+     500            0     
       Src Latency:+       0            0     
       Net Latency:+     200 (I)      200 (I) 
           Arrival:=     700          200     
                                              
             Setup:-       7                  
       Uncertainty:-     125                  
     Required Time:=     568                  
      Launch Clock:-     200                  
         Data Path:-     386                  
             Slack:=     -18                  

#----------------------------------------------------------------------------------------------------------------------------------------------------------
#                    Timing Point                      Flags    Arc   Edge            Cell             Fanout Load Trans Delay Arrival       Instance      
#                                                                                                             (fF)  (ps)  (ps)   (ps)        Location      
#----------------------------------------------------------------------------------------------------------------------------------------------------------
  pp_fir_6_1_1_Delay_Pipeline_reg_re_reg[15][9]/CK     -       -      R     (arrival)                    3590    -    25     0     200               (-,-) 
  pp_fir_6_1_1_Delay_Pipeline_reg_re_reg[15][9]/Q      -       CK->Q  F     DFFRPQ_X4M_A9PP140ZTL_C30      13 17.3    23    61     261   (8.2185,116.0855) 
  pp_fir_6_1_1_csa_tree_ADD_TC_OP_groupi3955_g11702/CO -       A->CO  F     ADDF_X2M_A9PP140ZTL_C30         1  3.0    16    37     298               (-,-) 
  pp_fir_6_1_1_csa_tree_ADD_TC_OP_groupi3955_g11576/CO -       A->CO  F     ADDF_X2M_A9PP140ZTL_C30         3  4.3    19    36     334               (-,-) 
  pp_fir_6_1_1_csa_tree_ADD_TC_OP_groupi3955_g11552/Y  -       A->Y   R     NOR2_X2A_A9PP140ZTL_C30         1  1.7    16    13     346               (-,-) 
  pp_fir_6_1_1_csa_tree_ADD_TC_OP_groupi3955_g12087/Y  -       A0->Y  F     OAI22BB_X2M_A9PP140ZTL_C30      2  2.6    23    15     361               (-,-) 
  pp_fir_6_1_1_csa_tree_ADD_TC_OP_groupi3955_g11462/CO -       CI->CO F     CGEN_X2M_A9PP140ZTL_C30         3  4.3    18    31     392               (-,-) 
  pp_fir_6_1_1_csa_tree_ADD_TC_OP_groupi3955_g11430/Y  -       B->Y   F     XOR3_X3M_A9PP140ZTL_C30         2  3.1    18    42     434               (-,-) 
  pp_fir_6_1_1_csa_tree_ADD_TC_OP_groupi3955_g11352/Y  -       B->Y   R     NAND2_X2M_A9PP140ZTL_C30        2  2.4    19    16     450               (-,-) 
  pp_fir_6_1_1_csa_tree_ADD_TC_OP_groupi3955_g11344/Y  -       A->Y   R     BUF_X4M_A9PP140ZTL_C30          3  4.6    11    17     467               (-,-) 
  pp_fir_6_1_1_csa_tree_ADD_TC_OP_groupi3955_g11333/Y  -       B->Y   F     NAND2_X2A_A9PP140ZTL_C30        1  3.2    18    13     480               (-,-) 
  pp_fir_6_1_1_csa_tree_ADD_TC_OP_groupi3955_g11319/Y  -       A1->Y  R     OAI21_X4M_A9PP140ZTL_C30        2  4.5    21    17     497               (-,-) 
  pp_fir_6_1_1_csa_tree_ADD_TC_OP_groupi3955_g11308/Y  -       A0->Y  F     AOI21_X4M_A9PP140ZTL_C30        1  4.2    21    15     512               (-,-) 
  pp_fir_6_1_1_csa_tree_ADD_TC_OP_groupi3955_g11303/Y  -       B0N->Y R     AO21B_X6M_A9PP140ZTL_C30        4  8.0    16    12     524               (-,-) 
  pp_fir_6_1_1_csa_tree_ADD_TC_OP_groupi3955_g11296/Y  -       A->Y   F     NAND2XB_X3M_A9PP140ZTL_C30      2  3.0    15    10     535               (-,-) 
  pp_fir_6_1_1_csa_tree_ADD_TC_OP_groupi3955_g11284/Y  -       A0->Y  R     OAI21_X2M_A9PP140ZTL_C30        1  1.8    20    15     550               (-,-) 
  pp_fir_6_1_1_csa_tree_ADD_TC_OP_groupi3955_g11279/Y  -       S0->Y  R     MXIT2_X1P4M_A9PP140ZTL_C30      1  1.2    20    15     565               (-,-) 
  g10283/Y                                             -       A->Y   R     MX2_X2B_A9PP140ZTL_C30          1  1.1    12    21     586               (-,-) 
  pp_fir_6_1_1_sum1_9_re_1_reg[26]/D                   -       -      R     DFFRPQ_X3M_A9PP140ZTL_C30       1    -     -     0     586  (30.7095,106.8205) 
#----------------------------------------------------------------------------------------------------------------------------------------------------------



Path 3: VIOLATED (-18 ps) Setup Check with Pin pp_fir_6_1_1_sum1_9_im_1_reg[28]/CK->D
           View: view_wcl_slow
          Group: clk
     Startpoint: (R) pp_fir_6_1_1_Delay_Pipeline_reg_im_reg[14][10]/CK
          Clock: (R) clk
       Endpoint: (R) pp_fir_6_1_1_sum1_9_im_1_reg[28]/D
          Clock: (R) clk

                     Capture       Launch     
        Clock Edge:+     500            0     
       Src Latency:+       0            0     
       Net Latency:+     200 (I)      200 (I) 
           Arrival:=     700          200     
                                              
             Setup:-       7                  
       Uncertainty:-     125                  
     Required Time:=     568                  
      Launch Clock:-     200                  
         Data Path:-     386                  
             Slack:=     -18                  

#---------------------------------------------------------------------------------------------------------------------------------------------------------
#                    Timing Point                     Flags    Arc   Edge            Cell             Fanout Load Trans Delay Arrival       Instance      
#                                                                                                            (fF)  (ps)  (ps)   (ps)        Location      
#---------------------------------------------------------------------------------------------------------------------------------------------------------
  pp_fir_6_1_1_Delay_Pipeline_reg_im_reg[14][10]/CK   -       -      R     (arrival)                    3590    -    25     0     200               (-,-) 
  pp_fir_6_1_1_Delay_Pipeline_reg_im_reg[14][10]/Q    -       CK->Q  F     DFFRPQ_X4M_A9PP140ZTL_C30       6  7.5    13    55     255  (190.1555,70.6290) 
  pp_fir_6_1_1_csa_tree_ADD_TC_OP_groupi3954_g11999/Y -       A->Y   R     INV_X1P7M_A9PP140ZTL_C30        2  2.2    11    10     265               (-,-) 
  pp_fir_6_1_1_csa_tree_ADD_TC_OP_groupi3954_g11998/Y -       A->Y   R     BUFH_X1P7M_A9PP140ZTL_C30       5  7.5    25    23     289               (-,-) 
  pp_fir_6_1_1_csa_tree_ADD_TC_OP_groupi3954_g11997/Y -       A->Y   F     INV_X1P7M_A9PP140ZTL_C30        1  2.0    12     8     297               (-,-) 
  pp_fir_6_1_1_csa_tree_ADD_TC_OP_groupi3954_g11852/Y -       S0->Y  F     MXIT2_X2M_A9PP140ZTL_C30        2  3.3    28    20     316               (-,-) 
  pp_fir_6_1_1_csa_tree_ADD_TC_OP_groupi3954_g11751/Y -       S0->Y  F     MXIT2_X3M_A9PP140ZTL_C30        2  4.4    29    25     342               (-,-) 
  pp_fir_6_1_1_csa_tree_ADD_TC_OP_groupi3954_g11607/Y -       B->Y   F     XNOR3_X3M_A9PP140ZTL_C30        3  3.9    19    46     388               (-,-) 
  pp_fir_6_1_1_csa_tree_ADD_TC_OP_groupi3954_g11440/Y -       C->Y   R     XOR3_X3M_A9PP140ZTL_C30         2  3.4    19    48     436               (-,-) 
  pp_fir_6_1_1_csa_tree_ADD_TC_OP_groupi3954_g11378/Y -       A->Y   F     NAND2_X3M_A9PP140ZTL_C30        3  3.9    19    12     448               (-,-) 
  pp_fir_6_1_1_csa_tree_ADD_TC_OP_groupi3954_g11363/Y -       A0->Y  R     OAI21_X2M_A9PP140ZTL_C30        2  2.4    23    18     466               (-,-) 
  pp_fir_6_1_1_csa_tree_ADD_TC_OP_groupi3954_g11330/Y -       A0->Y  F     AOI21_X2M_A9PP140ZTL_C30        2  2.5    22    16     481               (-,-) 
  pp_fir_6_1_1_csa_tree_ADD_TC_OP_groupi3954_g11315/Y -       A0->Y  R     OAI21_X2M_A9PP140ZTL_C30        1  3.6    28    21     503               (-,-) 
  pp_fir_6_1_1_csa_tree_ADD_TC_OP_groupi3954_g11308/Y -       B0->Y  F     AOI21_X6M_A9PP140ZTL_C30        1  4.2    18    10     513               (-,-) 
  pp_fir_6_1_1_csa_tree_ADD_TC_OP_groupi3954_g11303/Y -       B0N->Y R     AO21B_X6M_A9PP140ZTL_C30        4  8.0    16    12     525               (-,-) 
  pp_fir_6_1_1_csa_tree_ADD_TC_OP_groupi3954_g11295/Y -       A->Y   F     NAND2_X4M_A9PP140ZTL_C30        2  3.6    21    10     535               (-,-) 
  pp_fir_6_1_1_csa_tree_ADD_TC_OP_groupi3954_g11285/Y -       A0->Y  R     OAI21_X3M_A9PP140ZTL_C30        1  1.8    19    15     550               (-,-) 
  pp_fir_6_1_1_csa_tree_ADD_TC_OP_groupi3954_g11278/Y -       S0->Y  R     MXIT2_X1P4M_A9PP140ZTL_C30      1  1.2    19    15     565               (-,-) 
  g10239/Y                                            -       A->Y   R     MX2_X2B_A9PP140ZTL_C30          1  1.1    12    21     586               (-,-) 
  pp_fir_6_1_1_sum1_9_im_1_reg[28]/D                  -       -      R     DFFRPQ_X3M_A9PP140ZTL_C30       1    -     -     0     586  (195.7115,60.4630) 
#---------------------------------------------------------------------------------------------------------------------------------------------------------



Path 4: VIOLATED (-18 ps) Setup Check with Pin pp_fir_6_1_1_sum1_9_im_1_reg[26]/CK->D
           View: view_wcl_slow
          Group: clk
     Startpoint: (R) pp_fir_6_1_1_Delay_Pipeline_reg_im_reg[14][10]/CK
          Clock: (R) clk
       Endpoint: (R) pp_fir_6_1_1_sum1_9_im_1_reg[26]/D
          Clock: (R) clk

                     Capture       Launch     
        Clock Edge:+     500            0     
       Src Latency:+       0            0     
       Net Latency:+     200 (I)      200 (I) 
           Arrival:=     700          200     
                                              
             Setup:-       7                  
       Uncertainty:-     125                  
     Required Time:=     568                  
      Launch Clock:-     200                  
         Data Path:-     386                  
             Slack:=     -18                  

#---------------------------------------------------------------------------------------------------------------------------------------------------------
#                    Timing Point                     Flags    Arc   Edge            Cell             Fanout Load Trans Delay Arrival       Instance      
#                                                                                                            (fF)  (ps)  (ps)   (ps)        Location      
#---------------------------------------------------------------------------------------------------------------------------------------------------------
  pp_fir_6_1_1_Delay_Pipeline_reg_im_reg[14][10]/CK   -       -      R     (arrival)                    3590    -    25     0     200               (-,-) 
  pp_fir_6_1_1_Delay_Pipeline_reg_im_reg[14][10]/Q    -       CK->Q  F     DFFRPQ_X4M_A9PP140ZTL_C30       6  7.5    13    55     255  (190.1555,70.6290) 
  pp_fir_6_1_1_csa_tree_ADD_TC_OP_groupi3954_g11999/Y -       A->Y   R     INV_X1P7M_A9PP140ZTL_C30        2  2.2    11    10     265               (-,-) 
  pp_fir_6_1_1_csa_tree_ADD_TC_OP_groupi3954_g11998/Y -       A->Y   R     BUFH_X1P7M_A9PP140ZTL_C30       5  7.5    25    23     289               (-,-) 
  pp_fir_6_1_1_csa_tree_ADD_TC_OP_groupi3954_g11997/Y -       A->Y   F     INV_X1P7M_A9PP140ZTL_C30        1  2.0    12     8     297               (-,-) 
  pp_fir_6_1_1_csa_tree_ADD_TC_OP_groupi3954_g11852/Y -       S0->Y  F     MXIT2_X2M_A9PP140ZTL_C30        2  3.3    28    20     316               (-,-) 
  pp_fir_6_1_1_csa_tree_ADD_TC_OP_groupi3954_g11751/Y -       S0->Y  F     MXIT2_X3M_A9PP140ZTL_C30        2  4.4    29    25     342               (-,-) 
  pp_fir_6_1_1_csa_tree_ADD_TC_OP_groupi3954_g11607/Y -       B->Y   F     XNOR3_X3M_A9PP140ZTL_C30        3  3.9    19    46     388               (-,-) 
  pp_fir_6_1_1_csa_tree_ADD_TC_OP_groupi3954_g11440/Y -       C->Y   R     XOR3_X3M_A9PP140ZTL_C30         2  3.4    19    48     436               (-,-) 
  pp_fir_6_1_1_csa_tree_ADD_TC_OP_groupi3954_g11378/Y -       A->Y   F     NAND2_X3M_A9PP140ZTL_C30        3  3.9    19    12     448               (-,-) 
  pp_fir_6_1_1_csa_tree_ADD_TC_OP_groupi3954_g11363/Y -       A0->Y  R     OAI21_X2M_A9PP140ZTL_C30        2  2.4    23    18     466               (-,-) 
  pp_fir_6_1_1_csa_tree_ADD_TC_OP_groupi3954_g11330/Y -       A0->Y  F     AOI21_X2M_A9PP140ZTL_C30        2  2.5    22    16     481               (-,-) 
  pp_fir_6_1_1_csa_tree_ADD_TC_OP_groupi3954_g11315/Y -       A0->Y  R     OAI21_X2M_A9PP140ZTL_C30        1  3.6    28    21     503               (-,-) 
  pp_fir_6_1_1_csa_tree_ADD_TC_OP_groupi3954_g11308/Y -       B0->Y  F     AOI21_X6M_A9PP140ZTL_C30        1  4.2    18    10     513               (-,-) 
  pp_fir_6_1_1_csa_tree_ADD_TC_OP_groupi3954_g11303/Y -       B0N->Y R     AO21B_X6M_A9PP140ZTL_C30        4  8.0    16    12     525               (-,-) 
  pp_fir_6_1_1_csa_tree_ADD_TC_OP_groupi3954_g11296/Y -       A->Y   F     NAND2XB_X3M_A9PP140ZTL_C30      2  4.2    17    12     537               (-,-) 
  pp_fir_6_1_1_csa_tree_ADD_TC_OP_groupi3954_g11284/Y -       A0->Y  R     OAI21_X4M_A9PP140ZTL_C30        1  1.8    17    13     550               (-,-) 
  pp_fir_6_1_1_csa_tree_ADD_TC_OP_groupi3954_g11279/Y -       S0->Y  R     MXIT2_X1P4M_A9PP140ZTL_C30      1  1.2    20    15     565               (-,-) 
  g10237/Y                                            -       A->Y   R     MX2_X2B_A9PP140ZTL_C30          1  1.1    12    21     586               (-,-) 
  pp_fir_6_1_1_sum1_9_im_1_reg[26]/D                  -       -      R     DFFRPQ_X3M_A9PP140ZTL_C30       1    -     -     0     586  (201.6810,60.9470) 
#---------------------------------------------------------------------------------------------------------------------------------------------------------



Path 5: VIOLATED (-18 ps) Setup Check with Pin pp_fir_6_1_1_sum1_9_im_1_reg[25]/CK->D
           View: view_wcl_slow
          Group: clk
     Startpoint: (R) pp_fir_6_1_1_Delay_Pipeline_reg_im_reg[14][10]/CK
          Clock: (R) clk
       Endpoint: (R) pp_fir_6_1_1_sum1_9_im_1_reg[25]/D
          Clock: (R) clk

                     Capture       Launch     
        Clock Edge:+     500            0     
       Src Latency:+       0            0     
       Net Latency:+     200 (I)      200 (I) 
           Arrival:=     700          200     
                                              
             Setup:-       7                  
       Uncertainty:-     125                  
     Required Time:=     568                  
      Launch Clock:-     200                  
         Data Path:-     386                  
             Slack:=     -18                  

#---------------------------------------------------------------------------------------------------------------------------------------------------------
#                    Timing Point                     Flags    Arc   Edge            Cell             Fanout Load Trans Delay Arrival       Instance      
#                                                                                                            (fF)  (ps)  (ps)   (ps)        Location      
#---------------------------------------------------------------------------------------------------------------------------------------------------------
  pp_fir_6_1_1_Delay_Pipeline_reg_im_reg[14][10]/CK   -       -      R     (arrival)                    3590    -    25     0     200               (-,-) 
  pp_fir_6_1_1_Delay_Pipeline_reg_im_reg[14][10]/Q    -       CK->Q  F     DFFRPQ_X4M_A9PP140ZTL_C30       6  7.5    13    55     255  (190.1555,70.6290) 
  pp_fir_6_1_1_csa_tree_ADD_TC_OP_groupi3954_g11999/Y -       A->Y   R     INV_X1P7M_A9PP140ZTL_C30        2  2.2    11    10     265               (-,-) 
  pp_fir_6_1_1_csa_tree_ADD_TC_OP_groupi3954_g11998/Y -       A->Y   R     BUFH_X1P7M_A9PP140ZTL_C30       5  7.5    25    23     289               (-,-) 
  pp_fir_6_1_1_csa_tree_ADD_TC_OP_groupi3954_g11997/Y -       A->Y   F     INV_X1P7M_A9PP140ZTL_C30        1  2.0    12     8     297               (-,-) 
  pp_fir_6_1_1_csa_tree_ADD_TC_OP_groupi3954_g11852/Y -       S0->Y  F     MXIT2_X2M_A9PP140ZTL_C30        2  3.3    28    20     316               (-,-) 
  pp_fir_6_1_1_csa_tree_ADD_TC_OP_groupi3954_g11751/Y -       S0->Y  F     MXIT2_X3M_A9PP140ZTL_C30        2  4.4    29    25     342               (-,-) 
  pp_fir_6_1_1_csa_tree_ADD_TC_OP_groupi3954_g11607/Y -       B->Y   F     XNOR3_X3M_A9PP140ZTL_C30        3  3.9    19    46     388               (-,-) 
  pp_fir_6_1_1_csa_tree_ADD_TC_OP_groupi3954_g11440/Y -       C->Y   R     XOR3_X3M_A9PP140ZTL_C30         2  3.4    19    48     436               (-,-) 
  pp_fir_6_1_1_csa_tree_ADD_TC_OP_groupi3954_g11378/Y -       A->Y   F     NAND2_X3M_A9PP140ZTL_C30        3  3.9    19    12     448               (-,-) 
  pp_fir_6_1_1_csa_tree_ADD_TC_OP_groupi3954_g11363/Y -       A0->Y  R     OAI21_X2M_A9PP140ZTL_C30        2  2.4    23    18     466               (-,-) 
  pp_fir_6_1_1_csa_tree_ADD_TC_OP_groupi3954_g11330/Y -       A0->Y  F     AOI21_X2M_A9PP140ZTL_C30        2  2.5    22    16     481               (-,-) 
  pp_fir_6_1_1_csa_tree_ADD_TC_OP_groupi3954_g11315/Y -       A0->Y  R     OAI21_X2M_A9PP140ZTL_C30        1  3.6    28    21     503               (-,-) 
  pp_fir_6_1_1_csa_tree_ADD_TC_OP_groupi3954_g11308/Y -       B0->Y  F     AOI21_X6M_A9PP140ZTL_C30        1  4.2    18    10     513               (-,-) 
  pp_fir_6_1_1_csa_tree_ADD_TC_OP_groupi3954_g11303/Y -       B0N->Y R     AO21B_X6M_A9PP140ZTL_C30        4  8.0    16    12     525               (-,-) 
  pp_fir_6_1_1_csa_tree_ADD_TC_OP_groupi3954_g11296/Y -       A->Y   F     NAND2XB_X3M_A9PP140ZTL_C30      2  4.2    17    12     537               (-,-) 
  pp_fir_6_1_1_csa_tree_ADD_TC_OP_groupi3954_g11291/Y -       A->Y   R     NAND2_X2M_A9PP140ZTL_C30        1  1.8    17    13     550               (-,-) 
  pp_fir_6_1_1_csa_tree_ADD_TC_OP_groupi3954_g11283/Y -       S0->Y  R     MXIT2_X1P4M_A9PP140ZTL_C30      1  1.2    20    15     564               (-,-) 
  g10235/Y                                            -       A->Y   R     MX2_X2B_A9PP140ZTL_C30          1  1.1    12    21     586               (-,-) 
  pp_fir_6_1_1_sum1_9_im_1_reg[25]/D                  -       -      R     DFFRPQ_X3M_A9PP140ZTL_C30       1    -     -     0     586  (204.4995,62.2705) 
#---------------------------------------------------------------------------------------------------------------------------------------------------------



Path 6: VIOLATED (-17 ps) Setup Check with Pin pp_fir_6_1_1_sum1_9_im_1_reg[30]/CK->D
           View: view_wcl_slow
          Group: clk
     Startpoint: (R) pp_fir_6_1_1_Delay_Pipeline_reg_im_reg[14][10]/CK
          Clock: (R) clk
       Endpoint: (R) pp_fir_6_1_1_sum1_9_im_1_reg[30]/D
          Clock: (R) clk

                     Capture       Launch     
        Clock Edge:+     500            0     
       Src Latency:+       0            0     
       Net Latency:+     200 (I)      200 (I) 
           Arrival:=     700          200     
                                              
             Setup:-       7                  
       Uncertainty:-     125                  
     Required Time:=     568                  
      Launch Clock:-     200                  
         Data Path:-     385                  
             Slack:=     -17                  

#---------------------------------------------------------------------------------------------------------------------------------------------------------
#                    Timing Point                     Flags    Arc   Edge            Cell             Fanout Load Trans Delay Arrival       Instance      
#                                                                                                            (fF)  (ps)  (ps)   (ps)        Location      
#---------------------------------------------------------------------------------------------------------------------------------------------------------
  pp_fir_6_1_1_Delay_Pipeline_reg_im_reg[14][10]/CK   -       -      R     (arrival)                    3590    -    25     0     200               (-,-) 
  pp_fir_6_1_1_Delay_Pipeline_reg_im_reg[14][10]/Q    -       CK->Q  F     DFFRPQ_X4M_A9PP140ZTL_C30       6  7.5    13    55     255  (190.1555,70.6290) 
  pp_fir_6_1_1_csa_tree_ADD_TC_OP_groupi3954_g11999/Y -       A->Y   R     INV_X1P7M_A9PP140ZTL_C30        2  2.2    11    10     265               (-,-) 
  pp_fir_6_1_1_csa_tree_ADD_TC_OP_groupi3954_g11998/Y -       A->Y   R     BUFH_X1P7M_A9PP140ZTL_C30       5  7.5    25    23     289               (-,-) 
  pp_fir_6_1_1_csa_tree_ADD_TC_OP_groupi3954_g11997/Y -       A->Y   F     INV_X1P7M_A9PP140ZTL_C30        1  2.0    12     8     297               (-,-) 
  pp_fir_6_1_1_csa_tree_ADD_TC_OP_groupi3954_g11852/Y -       S0->Y  F     MXIT2_X2M_A9PP140ZTL_C30        2  3.3    28    20     316               (-,-) 
  pp_fir_6_1_1_csa_tree_ADD_TC_OP_groupi3954_g11751/Y -       S0->Y  F     MXIT2_X3M_A9PP140ZTL_C30        2  4.4    29    25     342               (-,-) 
  pp_fir_6_1_1_csa_tree_ADD_TC_OP_groupi3954_g11607/Y -       B->Y   F     XNOR3_X3M_A9PP140ZTL_C30        3  3.9    19    46     388               (-,-) 
  pp_fir_6_1_1_csa_tree_ADD_TC_OP_groupi3954_g11440/Y -       C->Y   R     XOR3_X3M_A9PP140ZTL_C30         2  3.4    19    48     436               (-,-) 
  pp_fir_6_1_1_csa_tree_ADD_TC_OP_groupi3954_g11378/Y -       A->Y   F     NAND2_X3M_A9PP140ZTL_C30        3  3.9    19    12     448               (-,-) 
  pp_fir_6_1_1_csa_tree_ADD_TC_OP_groupi3954_g11363/Y -       A0->Y  R     OAI21_X2M_A9PP140ZTL_C30        2  2.4    23    18     466               (-,-) 
  pp_fir_6_1_1_csa_tree_ADD_TC_OP_groupi3954_g11330/Y -       A0->Y  F     AOI21_X2M_A9PP140ZTL_C30        2  2.5    22    16     481               (-,-) 
  pp_fir_6_1_1_csa_tree_ADD_TC_OP_groupi3954_g11315/Y -       A0->Y  R     OAI21_X2M_A9PP140ZTL_C30        1  3.6    28    21     503               (-,-) 
  pp_fir_6_1_1_csa_tree_ADD_TC_OP_groupi3954_g11308/Y -       B0->Y  F     AOI21_X6M_A9PP140ZTL_C30        1  4.2    18    10     513               (-,-) 
  pp_fir_6_1_1_csa_tree_ADD_TC_OP_groupi3954_g11303/Y -       B0N->Y R     AO21B_X6M_A9PP140ZTL_C30        4  8.0    16    12     525               (-,-) 
  pp_fir_6_1_1_csa_tree_ADD_TC_OP_groupi3954_g11299/Y -       A->Y   F     NAND2XB_X4M_A9PP140ZTL_C30      2  3.1    13     9     534               (-,-) 
  pp_fir_6_1_1_csa_tree_ADD_TC_OP_groupi3954_g11286/Y -       A0->Y  R     OAI21_X2M_A9PP140ZTL_C30        1  1.8    19    15     549               (-,-) 
  pp_fir_6_1_1_csa_tree_ADD_TC_OP_groupi3954_g11280/Y -       S0->Y  R     MXIT2_X1P4M_A9PP140ZTL_C30      1  1.2    23    15     564               (-,-) 
  g10243/Y                                            -       A->Y   R     MX2_X2B_A9PP140ZTL_C30          1  1.1    12    22     585               (-,-) 
  pp_fir_6_1_1_sum1_9_im_1_reg[30]/D                  -       -      R     DFFRPQ_X3M_A9PP140ZTL_C30       1    -     -     0     585  (191.3960,60.5925) 
#---------------------------------------------------------------------------------------------------------------------------------------------------------



Path 7: VIOLATED (-17 ps) Setup Check with Pin pp_fir_6_1_1_sum1_9_re_1_reg[30]/CK->D
           View: view_wcl_slow
          Group: clk
     Startpoint: (R) pp_fir_6_1_1_Delay_Pipeline_reg_re_reg[15][9]/CK
          Clock: (R) clk
       Endpoint: (R) pp_fir_6_1_1_sum1_9_re_1_reg[30]/D
          Clock: (R) clk

                     Capture       Launch     
        Clock Edge:+     500            0     
       Src Latency:+       0            0     
       Net Latency:+     200 (I)      200 (I) 
           Arrival:=     700          200     
                                              
             Setup:-       7                  
       Uncertainty:-     125                  
     Required Time:=     568                  
      Launch Clock:-     200                  
         Data Path:-     385                  
             Slack:=     -17                  

#----------------------------------------------------------------------------------------------------------------------------------------------------------
#                    Timing Point                      Flags    Arc   Edge            Cell             Fanout Load Trans Delay Arrival       Instance      
#                                                                                                             (fF)  (ps)  (ps)   (ps)        Location      
#----------------------------------------------------------------------------------------------------------------------------------------------------------
  pp_fir_6_1_1_Delay_Pipeline_reg_re_reg[15][9]/CK     -       -      R     (arrival)                    3590    -    25     0     200               (-,-) 
  pp_fir_6_1_1_Delay_Pipeline_reg_re_reg[15][9]/Q      -       CK->Q  F     DFFRPQ_X4M_A9PP140ZTL_C30      13 17.3    23    61     261   (8.2185,116.0855) 
  pp_fir_6_1_1_csa_tree_ADD_TC_OP_groupi3955_g11702/CO -       A->CO  F     ADDF_X2M_A9PP140ZTL_C30         1  3.0    16    37     298               (-,-) 
  pp_fir_6_1_1_csa_tree_ADD_TC_OP_groupi3955_g11576/CO -       A->CO  F     ADDF_X2M_A9PP140ZTL_C30         3  4.3    19    36     334               (-,-) 
  pp_fir_6_1_1_csa_tree_ADD_TC_OP_groupi3955_g11552/Y  -       A->Y   R     NOR2_X2A_A9PP140ZTL_C30         1  1.7    16    13     346               (-,-) 
  pp_fir_6_1_1_csa_tree_ADD_TC_OP_groupi3955_g12087/Y  -       A0->Y  F     OAI22BB_X2M_A9PP140ZTL_C30      2  2.6    23    15     361               (-,-) 
  pp_fir_6_1_1_csa_tree_ADD_TC_OP_groupi3955_g11462/CO -       CI->CO F     CGEN_X2M_A9PP140ZTL_C30         3  4.3    18    31     392               (-,-) 
  pp_fir_6_1_1_csa_tree_ADD_TC_OP_groupi3955_g11430/Y  -       B->Y   F     XOR3_X3M_A9PP140ZTL_C30         2  3.1    18    42     434               (-,-) 
  pp_fir_6_1_1_csa_tree_ADD_TC_OP_groupi3955_g11352/Y  -       B->Y   R     NAND2_X2M_A9PP140ZTL_C30        2  2.4    19    16     450               (-,-) 
  pp_fir_6_1_1_csa_tree_ADD_TC_OP_groupi3955_g11344/Y  -       A->Y   R     BUF_X4M_A9PP140ZTL_C30          3  4.6    11    17     467               (-,-) 
  pp_fir_6_1_1_csa_tree_ADD_TC_OP_groupi3955_g11333/Y  -       B->Y   F     NAND2_X2A_A9PP140ZTL_C30        1  3.2    18    13     480               (-,-) 
  pp_fir_6_1_1_csa_tree_ADD_TC_OP_groupi3955_g11319/Y  -       A1->Y  R     OAI21_X4M_A9PP140ZTL_C30        2  4.5    21    17     497               (-,-) 
  pp_fir_6_1_1_csa_tree_ADD_TC_OP_groupi3955_g11308/Y  -       A0->Y  F     AOI21_X4M_A9PP140ZTL_C30        1  4.2    21    15     512               (-,-) 
  pp_fir_6_1_1_csa_tree_ADD_TC_OP_groupi3955_g11303/Y  -       B0N->Y R     AO21B_X6M_A9PP140ZTL_C30        4  8.0    16    12     524               (-,-) 
  pp_fir_6_1_1_csa_tree_ADD_TC_OP_groupi3955_g11299/Y  -       A->Y   F     NAND2XB_X4M_A9PP140ZTL_C30      2  3.1    13     9     533               (-,-) 
  pp_fir_6_1_1_csa_tree_ADD_TC_OP_groupi3955_g11286/Y  -       A0->Y  R     OAI21_X2M_A9PP140ZTL_C30        1  1.8    20    15     548               (-,-) 
  pp_fir_6_1_1_csa_tree_ADD_TC_OP_groupi3955_g11280/Y  -       S0->Y  R     MXIT2_X1P4M_A9PP140ZTL_C30      1  1.2    23    15     563               (-,-) 
  g10290/Y                                             -       A->Y   R     MX2_X2B_A9PP140ZTL_C30          1  1.1    12    22     585               (-,-) 
  pp_fir_6_1_1_sum1_9_re_1_reg[30]/D                   -       -      R     DFFRPQ_X3M_A9PP140ZTL_C30       1    -     -     0     585  (34.7895,111.5500) 
#----------------------------------------------------------------------------------------------------------------------------------------------------------



Path 8: VIOLATED (-16 ps) Setup Check with Pin pp_fir_6_1_1_sum3_4_im_1_reg[23]/CK->D
           View: view_wcl_slow
          Group: clk
     Startpoint: (R) enb_1_8_0
          Clock: (R) clk
       Endpoint: (F) pp_fir_6_1_1_sum3_4_im_1_reg[23]/D
          Clock: (R) clk

                     Capture       Launch     
        Clock Edge:+     500            0     
        Drv Adjust:+       0            0     
       Src Latency:+       0            0     
       Net Latency:+     200 (I)      200 (I) 
           Arrival:=     700          200     
                                              
             Setup:-       6                  
       Uncertainty:-     125                  
     Required Time:=     569                  
      Launch Clock:-     200                  
       Input Delay:-     300                  
         Data Path:-      85                  
             Slack:=     -16                  

Exceptions/Constraints:
  input_delay             300             pp_int_x4_struct.sdc_line_20_1_1 

#------------------------------------------------------------------------------------------------------------------------------------------
#           Timing Point             Flags   Arc   Edge             Cell               Fanout Load Trans Delay Arrival       Instance      
#                                                                                             (fF)  (ps)  (ps)   (ps)        Location      
#------------------------------------------------------------------------------------------------------------------------------------------
  enb_1_8_0                          -       -     R     (arrival)                         21 72.0     0     0     500               (-,-) 
  g12572/Y                           -       A->Y  F     INV_X7P5M_A9PP140ZTL_C30           2 13.7    10    11     511               (-,-) 
  g12571/Y                           -       A->Y  R     INV_X11M_A9PP140ZTL_C30            4 25.6    15    12     523               (-,-) 
  g12570_0/Y                         -       A->Y  F     INV_X9B_A9PP140ZTL_C30_XGCAP9      4 19.2    21    16     539               (-,-) 
  g13296/Y                           -       A->Y  R     INV_X7P5M_A9PP140ZTL_C30          16 18.6    18    16     554               (-,-) 
  g11753/Y                           -       S0->Y F     MX2_X1B_A9PP140ZTL_C30             1  1.1    17    31     585               (-,-) 
  pp_fir_6_1_1_sum3_4_im_1_reg[23]/D -       -     F     DFFRPQ_X3M_A9PP140ZTL_C30          1    -     -     0     585  (151.6970,37.9430) 
#------------------------------------------------------------------------------------------------------------------------------------------



Path 9: VIOLATED (-16 ps) Setup Check with Pin pp_fir_6_1_1_sum2_8_re_1_reg[15]/CK->D
           View: view_wcl_slow
          Group: clk
     Startpoint: (R) enb_1_8_0
          Clock: (R) clk
       Endpoint: (F) pp_fir_6_1_1_sum2_8_re_1_reg[15]/D
          Clock: (R) clk

                     Capture       Launch     
        Clock Edge:+     500            0     
        Drv Adjust:+       0            0     
       Src Latency:+       0            0     
       Net Latency:+     200 (I)      200 (I) 
           Arrival:=     700          200     
                                              
             Setup:-       6                  
       Uncertainty:-     125                  
     Required Time:=     569                  
      Launch Clock:-     200                  
       Input Delay:-     300                  
         Data Path:-      85                  
             Slack:=     -16                  

Exceptions/Constraints:
  input_delay             300             pp_int_x4_struct.sdc_line_20_1_1 

#-----------------------------------------------------------------------------------------------------------------------------------------
#           Timing Point             Flags   Arc   Edge             Cell               Fanout Load Trans Delay Arrival      Instance      
#                                                                                             (fF)  (ps)  (ps)   (ps)       Location      
#-----------------------------------------------------------------------------------------------------------------------------------------
  enb_1_8_0                          -       -     R     (arrival)                         21 72.0     0     0     500              (-,-) 
  g12572/Y                           -       A->Y  F     INV_X7P5M_A9PP140ZTL_C30           2 13.7    10    11     511              (-,-) 
  g12571/Y                           -       A->Y  R     INV_X11M_A9PP140ZTL_C30            4 25.6    15    12     523              (-,-) 
  g12570_0/Y                         -       A->Y  F     INV_X9B_A9PP140ZTL_C30_XGCAP9      4 19.2    21    16     539              (-,-) 
  g13296/Y                           -       A->Y  R     INV_X7P5M_A9PP140ZTL_C30          16 18.6    18    16     554              (-,-) 
  g11479/Y                           -       S0->Y F     MX2_X1B_A9PP140ZTL_C30             1  1.1    17    31     585              (-,-) 
  pp_fir_6_1_1_sum2_8_re_1_reg[15]/D -       -     F     DFFRPQ_X3M_A9PP140ZTL_C30          1    -     -     0     585  (58.3325,40.4975) 
#-----------------------------------------------------------------------------------------------------------------------------------------



Path 10: VIOLATED (-16 ps) Setup Check with Pin pp_fir_6_1_1_sum2_8_im_1_reg[15]/CK->D
           View: view_wcl_slow
          Group: clk
     Startpoint: (R) enb_1_8_0
          Clock: (R) clk
       Endpoint: (F) pp_fir_6_1_1_sum2_8_im_1_reg[15]/D
          Clock: (R) clk

                     Capture       Launch     
        Clock Edge:+     500            0     
        Drv Adjust:+       0            0     
       Src Latency:+       0            0     
       Net Latency:+     200 (I)      200 (I) 
           Arrival:=     700          200     
                                              
             Setup:-       6                  
       Uncertainty:-     125                  
     Required Time:=     569                  
      Launch Clock:-     200                  
       Input Delay:-     300                  
         Data Path:-      85                  
             Slack:=     -16                  

Exceptions/Constraints:
  input_delay             300             pp_int_x4_struct.sdc_line_20_1_1 

#------------------------------------------------------------------------------------------------------------------------------------------
#           Timing Point             Flags   Arc   Edge             Cell               Fanout Load Trans Delay Arrival       Instance      
#                                                                                             (fF)  (ps)  (ps)   (ps)        Location      
#------------------------------------------------------------------------------------------------------------------------------------------
  enb_1_8_0                          -       -     R     (arrival)                         21 72.0     0     0     500               (-,-) 
  g12572/Y                           -       A->Y  F     INV_X7P5M_A9PP140ZTL_C30           2 13.7    10    11     511               (-,-) 
  g12571/Y                           -       A->Y  R     INV_X11M_A9PP140ZTL_C30            4 25.6    15    12     523               (-,-) 
  g12570_0/Y                         -       A->Y  F     INV_X9B_A9PP140ZTL_C30_XGCAP9      4 19.2    21    16     539               (-,-) 
  g13296/Y                           -       A->Y  R     INV_X7P5M_A9PP140ZTL_C30          16 18.6    18    16     554               (-,-) 
  g11441/Y                           -       S0->Y F     MX2_X1B_A9PP140ZTL_C30             1  1.1    17    31     585               (-,-) 
  pp_fir_6_1_1_sum2_8_im_1_reg[15]/D -       -     F     DFFRPQ_X3M_A9PP140ZTL_C30          1    -     -     0     585  (114.4060,37.6205) 
#------------------------------------------------------------------------------------------------------------------------------------------



Path 11: VIOLATED (-16 ps) Setup Check with Pin pp_fir_6_1_1_sum2_6_re_1_reg[24]/CK->D
           View: view_wcl_slow
          Group: clk
     Startpoint: (R) enb_1_8_0
          Clock: (R) clk
       Endpoint: (F) pp_fir_6_1_1_sum2_6_re_1_reg[24]/D
          Clock: (R) clk

                     Capture       Launch     
        Clock Edge:+     500            0     
        Drv Adjust:+       0            0     
       Src Latency:+       0            0     
       Net Latency:+     200 (I)      200 (I) 
           Arrival:=     700          200     
                                              
             Setup:-       6                  
       Uncertainty:-     125                  
     Required Time:=     569                  
      Launch Clock:-     200                  
       Input Delay:-     300                  
         Data Path:-      85                  
             Slack:=     -16                  

Exceptions/Constraints:
  input_delay             300             pp_int_x4_struct.sdc_line_20_1_1 

#-----------------------------------------------------------------------------------------------------------------------------------------
#           Timing Point             Flags   Arc   Edge             Cell               Fanout Load Trans Delay Arrival      Instance      
#                                                                                             (fF)  (ps)  (ps)   (ps)       Location      
#-----------------------------------------------------------------------------------------------------------------------------------------
  enb_1_8_0                          -       -     R     (arrival)                         21 72.0     0     0     500              (-,-) 
  g12572/Y                           -       A->Y  F     INV_X7P5M_A9PP140ZTL_C30           2 13.7    10    11     511              (-,-) 
  g12571/Y                           -       A->Y  R     INV_X11M_A9PP140ZTL_C30            4 25.6    15    12     523              (-,-) 
  g13283/Y                           -       A->Y  F     INV_X9B_A9PP140ZTL_C30_XGCAP9      4 19.2    21    16     539              (-,-) 
  g13317/Y                           -       A->Y  R     INV_X7P5M_A9PP140ZTL_C30          16 18.6    18    16     554              (-,-) 
  g11320/Y                           -       S0->Y F     MX2_X1B_A9PP140ZTL_C30             1  1.1    17    31     585              (-,-) 
  pp_fir_6_1_1_sum2_6_re_1_reg[24]/D -       -     F     DFFRPQ_X3M_A9PP140ZTL_C30          1    -     -     0     585  (33.0840,71.3880) 
#-----------------------------------------------------------------------------------------------------------------------------------------



Path 12: VIOLATED (-16 ps) Setup Check with Pin pp_fir_6_1_1_sum2_5_im_1_reg[13]/CK->D
           View: view_wcl_slow
          Group: clk
     Startpoint: (R) enb_1_8_0
          Clock: (R) clk
       Endpoint: (F) pp_fir_6_1_1_sum2_5_im_1_reg[13]/D
          Clock: (R) clk

                     Capture       Launch     
        Clock Edge:+     500            0     
        Drv Adjust:+       0            0     
       Src Latency:+       0            0     
       Net Latency:+     200 (I)      200 (I) 
           Arrival:=     700          200     
                                              
             Setup:-       6                  
       Uncertainty:-     125                  
     Required Time:=     569                  
      Launch Clock:-     200                  
       Input Delay:-     300                  
         Data Path:-      85                  
             Slack:=     -16                  

Exceptions/Constraints:
  input_delay             300             pp_int_x4_struct.sdc_line_20_1_1 

#------------------------------------------------------------------------------------------------------------------------------------------
#           Timing Point             Flags   Arc   Edge             Cell               Fanout Load Trans Delay Arrival       Instance      
#                                                                                             (fF)  (ps)  (ps)   (ps)        Location      
#------------------------------------------------------------------------------------------------------------------------------------------
  enb_1_8_0                          -       -     R     (arrival)                         21 72.0     0     0     500               (-,-) 
  g12572/Y                           -       A->Y  F     INV_X7P5M_A9PP140ZTL_C30           2 13.7    10    11     511               (-,-) 
  g12571/Y                           -       A->Y  R     INV_X11M_A9PP140ZTL_C30            4 25.6    15    12     523               (-,-) 
  g13283/Y                           -       A->Y  F     INV_X9B_A9PP140ZTL_C30_XGCAP9      4 19.2    21    16     539               (-,-) 
  g13317/Y                           -       A->Y  R     INV_X7P5M_A9PP140ZTL_C30          16 18.6    18    16     554               (-,-) 
  g11170/Y                           -       S0->Y F     MX2_X1B_A9PP140ZTL_C30             1  1.1    17    31     585               (-,-) 
  pp_fir_6_1_1_sum2_5_im_1_reg[13]/D -       -     F     DFFRPQ_X3M_A9PP140ZTL_C30          1    -     -     0     585  (171.2825,50.2985) 
#------------------------------------------------------------------------------------------------------------------------------------------



Path 13: VIOLATED (-16 ps) Setup Check with Pin pp_fir_6_1_1_sum1_13_im_1_reg[8]/CK->D
           View: view_wcl_slow
          Group: clk
     Startpoint: (R) enb_1_8_0
          Clock: (R) clk
       Endpoint: (F) pp_fir_6_1_1_sum1_13_im_1_reg[8]/D
          Clock: (R) clk

                     Capture       Launch     
        Clock Edge:+     500            0     
        Drv Adjust:+       0            0     
       Src Latency:+       0            0     
       Net Latency:+     200 (I)      200 (I) 
           Arrival:=     700          200     
                                              
             Setup:-       6                  
       Uncertainty:-     125                  
     Required Time:=     569                  
      Launch Clock:-     200                  
       Input Delay:-     300                  
         Data Path:-      85                  
             Slack:=     -16                  

Exceptions/Constraints:
  input_delay             300             pp_int_x4_struct.sdc_line_20_1_1 

#------------------------------------------------------------------------------------------------------------------------------------------
#           Timing Point             Flags   Arc   Edge             Cell               Fanout Load Trans Delay Arrival       Instance      
#                                                                                             (fF)  (ps)  (ps)   (ps)        Location      
#------------------------------------------------------------------------------------------------------------------------------------------
  enb_1_8_0                          -       -     R     (arrival)                         21 72.0     0     0     500               (-,-) 
  g12572/Y                           -       A->Y  F     INV_X7P5M_A9PP140ZTL_C30           2 13.7    10    11     511               (-,-) 
  g12571/Y                           -       A->Y  R     INV_X11M_A9PP140ZTL_C30            4 25.6    15    12     523               (-,-) 
  g13283/Y                           -       A->Y  F     INV_X9B_A9PP140ZTL_C30_XGCAP9      4 19.2    21    16     539               (-,-) 
  g13317/Y                           -       A->Y  R     INV_X7P5M_A9PP140ZTL_C30          16 18.6    18    16     554               (-,-) 
  g10545/Y                           -       S0->Y F     MX2_X1B_A9PP140ZTL_C30             1  1.1    17    31     585               (-,-) 
  pp_fir_6_1_1_sum1_13_im_1_reg[8]/D -       -     F     DFFRPQ_X3M_A9PP140ZTL_C30          1    -     -     0     585  (134.6010,35.9345) 
#------------------------------------------------------------------------------------------------------------------------------------------



Path 14: VIOLATED (-16 ps) Setup Check with Pin pp_fir_6_1_1_sum1_12_re_1_reg[9]/CK->D
           View: view_wcl_slow
          Group: clk
     Startpoint: (R) enb_1_8_0
          Clock: (R) clk
       Endpoint: (F) pp_fir_6_1_1_sum1_12_re_1_reg[9]/D
          Clock: (R) clk

                     Capture       Launch     
        Clock Edge:+     500            0     
        Drv Adjust:+       0            0     
       Src Latency:+       0            0     
       Net Latency:+     200 (I)      200 (I) 
           Arrival:=     700          200     
                                              
             Setup:-       6                  
       Uncertainty:-     125                  
     Required Time:=     569                  
      Launch Clock:-     200                  
       Input Delay:-     300                  
         Data Path:-      85                  
             Slack:=     -16                  

Exceptions/Constraints:
  input_delay             300             pp_int_x4_struct.sdc_line_20_1_1 

#-----------------------------------------------------------------------------------------------------------------------------------------
#           Timing Point             Flags   Arc   Edge             Cell               Fanout Load Trans Delay Arrival      Instance      
#                                                                                             (fF)  (ps)  (ps)   (ps)       Location      
#-----------------------------------------------------------------------------------------------------------------------------------------
  enb_1_8_0                          -       -     R     (arrival)                         21 72.0     0     0     500              (-,-) 
  g12572/Y                           -       A->Y  F     INV_X7P5M_A9PP140ZTL_C30           2 13.7    10    11     511              (-,-) 
  g12571/Y                           -       A->Y  R     INV_X11M_A9PP140ZTL_C30            4 25.6    15    12     523              (-,-) 
  g12570_0/Y                         -       A->Y  F     INV_X9B_A9PP140ZTL_C30_XGCAP9      4 19.2    21    16     539              (-,-) 
  g13296/Y                           -       A->Y  R     INV_X7P5M_A9PP140ZTL_C30          16 18.6    18    16     554              (-,-) 
  g10506/Y                           -       S0->Y F     MX2_X1B_A9PP140ZTL_C30             1  1.1    17    31     585              (-,-) 
  pp_fir_6_1_1_sum1_12_re_1_reg[9]/D -       -     F     DFFRPQ_X3M_A9PP140ZTL_C30          1    -     -     0     585  (29.7495,34.1985) 
#-----------------------------------------------------------------------------------------------------------------------------------------



Path 15: VIOLATED (-16 ps) Setup Check with Pin pp_fir_6_1_1_sum1_3_im_1_reg[5]/CK->D
           View: view_wcl_slow
          Group: clk
     Startpoint: (R) enb_1_8_0
          Clock: (R) clk
       Endpoint: (F) pp_fir_6_1_1_sum1_3_im_1_reg[5]/D
          Clock: (R) clk

                     Capture       Launch     
        Clock Edge:+     500            0     
        Drv Adjust:+       0            0     
       Src Latency:+       0            0     
       Net Latency:+     200 (I)      200 (I) 
           Arrival:=     700          200     
                                              
             Setup:-       6                  
       Uncertainty:-     125                  
     Required Time:=     569                  
      Launch Clock:-     200                  
       Input Delay:-     300                  
         Data Path:-      85                  
             Slack:=     -16                  

Exceptions/Constraints:
  input_delay             300             pp_int_x4_struct.sdc_line_20_1_1 

#------------------------------------------------------------------------------------------------------------------------------------------
#           Timing Point            Flags   Arc   Edge             Cell               Fanout Load Trans Delay Arrival       Instance       
#                                                                                            (fF)  (ps)  (ps)   (ps)        Location       
#------------------------------------------------------------------------------------------------------------------------------------------
  enb_1_8_0                         -       -     R     (arrival)                         21 72.0     0     0     500                (-,-) 
  g12572/Y                          -       A->Y  F     INV_X7P5M_A9PP140ZTL_C30           2 13.7    10    11     511                (-,-) 
  g12571/Y                          -       A->Y  R     INV_X11M_A9PP140ZTL_C30            4 25.6    15    12     523                (-,-) 
  g13283/Y                          -       A->Y  F     INV_X9B_A9PP140ZTL_C30_XGCAP9      4 19.2    21    16     539                (-,-) 
  g13317/Y                          -       A->Y  R     INV_X7P5M_A9PP140ZTL_C30          16 18.6    18    16     554                (-,-) 
  g12260/Y                          -       S0->Y F     MX2_X1B_A9PP140ZTL_C30             1  1.1    17    31     585                (-,-) 
  pp_fir_6_1_1_sum1_3_im_1_reg[5]/D -       -     F     DFFRPQ_X3M_A9PP140ZTL_C30          1    -     -     0     585  (187.2890,105.3990) 
#------------------------------------------------------------------------------------------------------------------------------------------



Path 16: VIOLATED (-16 ps) Setup Check with Pin pp_fir_6_1_1_sum4_2_im_1_reg[30]/CK->D
           View: view_wcl_slow
          Group: clk
     Startpoint: (R) enb_1_8_0
          Clock: (R) clk
       Endpoint: (F) pp_fir_6_1_1_sum4_2_im_1_reg[30]/D
          Clock: (R) clk

                     Capture       Launch     
        Clock Edge:+     500            0     
        Drv Adjust:+       0            0     
       Src Latency:+       0            0     
       Net Latency:+     200 (I)      200 (I) 
           Arrival:=     700          200     
                                              
             Setup:-       6                  
       Uncertainty:-     125                  
     Required Time:=     569                  
      Launch Clock:-     200                  
       Input Delay:-     300                  
         Data Path:-      85                  
             Slack:=     -16                  

Exceptions/Constraints:
  input_delay             300             pp_int_x4_struct.sdc_line_20_1_1 

#------------------------------------------------------------------------------------------------------------------------------------------
#           Timing Point             Flags   Arc   Edge             Cell               Fanout Load Trans Delay Arrival       Instance      
#                                                                                             (fF)  (ps)  (ps)   (ps)        Location      
#------------------------------------------------------------------------------------------------------------------------------------------
  enb_1_8_0                          -       -     R     (arrival)                         21 72.0     0     0     500               (-,-) 
  g12572/Y                           -       A->Y  F     INV_X7P5M_A9PP140ZTL_C30           2 13.7    10    11     511               (-,-) 
  g12571/Y                           -       A->Y  R     INV_X11M_A9PP140ZTL_C30            4 25.6    15    12     523               (-,-) 
  g13283/Y                           -       A->Y  F     INV_X9B_A9PP140ZTL_C30_XGCAP9      4 19.2    21    16     539               (-,-) 
  g13317/Y                           -       A->Y  R     INV_X7P5M_A9PP140ZTL_C30          16 18.6    18    16     554               (-,-) 
  g11923/Y                           -       S0->Y F     MX2_X1B_A9PP140ZTL_C30             1  1.1    17    31     585               (-,-) 
  pp_fir_6_1_1_sum4_2_im_1_reg[30]/D -       -     F     DFFRPQ_X3M_A9PP140ZTL_C30          1    -     -     0     585  (151.3665,85.9875) 
#------------------------------------------------------------------------------------------------------------------------------------------



Path 17: VIOLATED (-16 ps) Setup Check with Pin pp_fir_6_1_1_sum3_1_re_1_reg[21]/CK->D
           View: view_wcl_slow
          Group: clk
     Startpoint: (R) enb_1_8_0
          Clock: (R) clk
       Endpoint: (F) pp_fir_6_1_1_sum3_1_re_1_reg[21]/D
          Clock: (R) clk

                     Capture       Launch     
        Clock Edge:+     500            0     
        Drv Adjust:+       0            0     
       Src Latency:+       0            0     
       Net Latency:+     200 (I)      200 (I) 
           Arrival:=     700          200     
                                              
             Setup:-       6                  
       Uncertainty:-     125                  
     Required Time:=     569                  
      Launch Clock:-     200                  
       Input Delay:-     300                  
         Data Path:-      85                  
             Slack:=     -16                  

Exceptions/Constraints:
  input_delay             300             pp_int_x4_struct.sdc_line_20_1_1 

#-----------------------------------------------------------------------------------------------------------------------------------------
#           Timing Point             Flags   Arc   Edge             Cell               Fanout Load Trans Delay Arrival      Instance      
#                                                                                             (fF)  (ps)  (ps)   (ps)       Location      
#-----------------------------------------------------------------------------------------------------------------------------------------
  enb_1_8_0                          -       -     R     (arrival)                         21 72.0     0     0     500              (-,-) 
  g12572/Y                           -       A->Y  F     INV_X7P5M_A9PP140ZTL_C30           2 13.7    10    11     511              (-,-) 
  g12571/Y                           -       A->Y  R     INV_X11M_A9PP140ZTL_C30            4 25.6    15    12     523              (-,-) 
  g12570_0/Y                         -       A->Y  F     INV_X9B_A9PP140ZTL_C30_XGCAP9      4 19.2    21    16     539              (-,-) 
  g13296/Y                           -       A->Y  R     INV_X7P5M_A9PP140ZTL_C30          16 18.6    18    16     554              (-,-) 
  g11553/Y                           -       S0->Y F     MX2_X1B_A9PP140ZTL_C30             1  1.1    17    31     585              (-,-) 
  pp_fir_6_1_1_sum3_1_re_1_reg[21]/D -       -     F     DFFRPQ_X3M_A9PP140ZTL_C30          1    -     -     0     585  (64.2840,91.6085) 
#-----------------------------------------------------------------------------------------------------------------------------------------



Path 18: VIOLATED (-16 ps) Setup Check with Pin pp_fir_6_1_1_sum2_2_re_1_reg[8]/CK->D
           View: view_wcl_slow
          Group: clk
     Startpoint: (R) enb_1_8_0
          Clock: (R) clk
       Endpoint: (F) pp_fir_6_1_1_sum2_2_re_1_reg[8]/D
          Clock: (R) clk

                     Capture       Launch     
        Clock Edge:+     500            0     
        Drv Adjust:+       0            0     
       Src Latency:+       0            0     
       Net Latency:+     200 (I)      200 (I) 
           Arrival:=     700          200     
                                              
             Setup:-       6                  
       Uncertainty:-     125                  
     Required Time:=     569                  
      Launch Clock:-     200                  
       Input Delay:-     300                  
         Data Path:-      85                  
             Slack:=     -16                  

Exceptions/Constraints:
  input_delay             300             pp_int_x4_struct.sdc_line_20_1_1 

#----------------------------------------------------------------------------------------------------------------------------------------
#           Timing Point            Flags   Arc   Edge             Cell               Fanout Load Trans Delay Arrival      Instance      
#                                                                                            (fF)  (ps)  (ps)   (ps)       Location      
#----------------------------------------------------------------------------------------------------------------------------------------
  enb_1_8_0                         -       -     R     (arrival)                         21 72.0     0     0     500              (-,-) 
  g12572/Y                          -       A->Y  F     INV_X7P5M_A9PP140ZTL_C30           2 13.7    10    11     511              (-,-) 
  g12571/Y                          -       A->Y  R     INV_X11M_A9PP140ZTL_C30            4 25.6    15    12     523              (-,-) 
  g12570_0/Y                        -       A->Y  F     INV_X9B_A9PP140ZTL_C30_XGCAP9      4 19.2    21    16     539              (-,-) 
  g13296/Y                          -       A->Y  R     INV_X7P5M_A9PP140ZTL_C30          16 18.6    18    16     554              (-,-) 
  g10941/Y                          -       S0->Y F     MX2_X1B_A9PP140ZTL_C30             1  1.1    16    31     585              (-,-) 
  pp_fir_6_1_1_sum2_2_re_1_reg[8]/D -       -     F     DFFRPQ_X3M_A9PP140ZTL_C30          1    -     -     0     585  (77.1355,61.4670) 
#----------------------------------------------------------------------------------------------------------------------------------------



Path 19: VIOLATED (-16 ps) Setup Check with Pin pp_fir_6_1_1_sum1_15_im_1_reg[17]/CK->D
           View: view_wcl_slow
          Group: clk
     Startpoint: (R) enb_1_8_0
          Clock: (R) clk
       Endpoint: (F) pp_fir_6_1_1_sum1_15_im_1_reg[17]/D
          Clock: (R) clk

                     Capture       Launch     
        Clock Edge:+     500            0     
        Drv Adjust:+       0            0     
       Src Latency:+       0            0     
       Net Latency:+     200 (I)      200 (I) 
           Arrival:=     700          200     
                                              
             Setup:-       6                  
       Uncertainty:-     125                  
     Required Time:=     569                  
      Launch Clock:-     200                  
       Input Delay:-     300                  
         Data Path:-      85                  
             Slack:=     -16                  

Exceptions/Constraints:
  input_delay             300             pp_int_x4_struct.sdc_line_20_1_1 

#-------------------------------------------------------------------------------------------------------------------------------------------
#            Timing Point             Flags   Arc   Edge             Cell               Fanout Load Trans Delay Arrival       Instance      
#                                                                                              (fF)  (ps)  (ps)   (ps)        Location      
#-------------------------------------------------------------------------------------------------------------------------------------------
  enb_1_8_0                           -       -     R     (arrival)                         21 72.0     0     0     500               (-,-) 
  g12572/Y                            -       A->Y  F     INV_X7P5M_A9PP140ZTL_C30           2 13.7    10    11     511               (-,-) 
  g12571/Y                            -       A->Y  R     INV_X11M_A9PP140ZTL_C30            4 25.6    15    12     523               (-,-) 
  g13283/Y                            -       A->Y  F     INV_X9B_A9PP140ZTL_C30_XGCAP9      4 19.2    21    16     539               (-,-) 
  g13317/Y                            -       A->Y  R     INV_X7P5M_A9PP140ZTL_C30          16 18.6    18    16     554               (-,-) 
  g10710/Y                            -       S0->Y F     MX2_X1B_A9PP140ZTL_C30             1  1.1    16    31     585               (-,-) 
  pp_fir_6_1_1_sum1_15_im_1_reg[17]/D -       -     F     DFFRPQ_X3M_A9PP140ZTL_C30          1    -     -     0     585  (105.7120,19.9635) 
#-------------------------------------------------------------------------------------------------------------------------------------------



Path 20: VIOLATED (-16 ps) Setup Check with Pin pp_fir_6_1_1_sum1_11_im_1_reg[21]/CK->D
           View: view_wcl_slow
          Group: clk
     Startpoint: (R) enb_1_8_0
          Clock: (R) clk
       Endpoint: (F) pp_fir_6_1_1_sum1_11_im_1_reg[21]/D
          Clock: (R) clk

                     Capture       Launch     
        Clock Edge:+     500            0     
        Drv Adjust:+       0            0     
       Src Latency:+       0            0     
       Net Latency:+     200 (I)      200 (I) 
           Arrival:=     700          200     
                                              
             Setup:-       6                  
       Uncertainty:-     125                  
     Required Time:=     569                  
      Launch Clock:-     200                  
       Input Delay:-     300                  
         Data Path:-      85                  
             Slack:=     -16                  

Exceptions/Constraints:
  input_delay             300             pp_int_x4_struct.sdc_line_20_1_1 

#-------------------------------------------------------------------------------------------------------------------------------------------
#            Timing Point             Flags   Arc   Edge             Cell               Fanout Load Trans Delay Arrival       Instance      
#                                                                                              (fF)  (ps)  (ps)   (ps)        Location      
#-------------------------------------------------------------------------------------------------------------------------------------------
  enb_1_8_0                           -       -     R     (arrival)                         21 72.0     0     0     500               (-,-) 
  g12572/Y                            -       A->Y  F     INV_X7P5M_A9PP140ZTL_C30           2 13.7    10    11     511               (-,-) 
  g12571/Y                            -       A->Y  R     INV_X11M_A9PP140ZTL_C30            4 25.6    15    12     523               (-,-) 
  g13283/Y                            -       A->Y  F     INV_X9B_A9PP140ZTL_C30_XGCAP9      4 19.2    21    16     539               (-,-) 
  g13317/Y                            -       A->Y  R     INV_X7P5M_A9PP140ZTL_C30          16 18.6    18    16     554               (-,-) 
  g10402/Y                            -       S0->Y F     MX2_X1B_A9PP140ZTL_C30             1  1.1    16    31     585               (-,-) 
  pp_fir_6_1_1_sum1_11_im_1_reg[21]/D -       -     F     DFFRPQ_X3M_A9PP140ZTL_C30          1    -     -     0     585  (193.1410,-0.0860) 
#-------------------------------------------------------------------------------------------------------------------------------------------



Path 21: VIOLATED (-16 ps) Setup Check with Pin pp_fir_6_1_1_sum1_10_re_1_reg[25]/CK->D
           View: view_wcl_slow
          Group: clk
     Startpoint: (R) enb_1_8_0
          Clock: (R) clk
       Endpoint: (F) pp_fir_6_1_1_sum1_10_re_1_reg[25]/D
          Clock: (R) clk

                     Capture       Launch     
        Clock Edge:+     500            0     
        Drv Adjust:+       0            0     
       Src Latency:+       0            0     
       Net Latency:+     200 (I)      200 (I) 
           Arrival:=     700          200     
                                              
             Setup:-       6                  
       Uncertainty:-     125                  
     Required Time:=     569                  
      Launch Clock:-     200                  
       Input Delay:-     300                  
         Data Path:-      85                  
             Slack:=     -16                  

Exceptions/Constraints:
  input_delay             300             pp_int_x4_struct.sdc_line_20_1_1 

#-------------------------------------------------------------------------------------------------------------------------------------------
#            Timing Point             Flags   Arc   Edge             Cell               Fanout Load Trans Delay Arrival       Instance      
#                                                                                              (fF)  (ps)  (ps)   (ps)        Location      
#-------------------------------------------------------------------------------------------------------------------------------------------
  enb_1_8_0                           -       -     R     (arrival)                         21 72.0     0     0     500               (-,-) 
  g12572/Y                            -       A->Y  F     INV_X7P5M_A9PP140ZTL_C30           2 13.7    10    11     511               (-,-) 
  g12571/Y                            -       A->Y  R     INV_X11M_A9PP140ZTL_C30            4 25.6    15    12     523               (-,-) 
  g13283/Y                            -       A->Y  F     INV_X9B_A9PP140ZTL_C30_XGCAP9      4 19.2    21    16     539               (-,-) 
  g13317/Y                            -       A->Y  R     INV_X7P5M_A9PP140ZTL_C30          16 18.6    18    16     554               (-,-) 
  g10364/Y                            -       S0->Y F     MX2_X1B_A9PP140ZTL_C30             1  1.1    16    31     585               (-,-) 
  pp_fir_6_1_1_sum1_10_re_1_reg[25]/D -       -     F     DFFRPQ_X3M_A9PP140ZTL_C30          1    -     -     0     585  (33.2595,101.3645) 
#-------------------------------------------------------------------------------------------------------------------------------------------



Path 22: VIOLATED (-16 ps) Setup Check with Pin pp_fir_6_1_1_sum1_9_im_1_reg[27]/CK->D
           View: view_wcl_slow
          Group: clk
     Startpoint: (R) pp_fir_6_1_1_Delay_Pipeline_reg_im_reg[14][10]/CK
          Clock: (R) clk
       Endpoint: (R) pp_fir_6_1_1_sum1_9_im_1_reg[27]/D
          Clock: (R) clk

                     Capture       Launch     
        Clock Edge:+     500            0     
       Src Latency:+       0            0     
       Net Latency:+     200 (I)      200 (I) 
           Arrival:=     700          200     
                                              
             Setup:-       7                  
       Uncertainty:-     125                  
     Required Time:=     568                  
      Launch Clock:-     200                  
         Data Path:-     384                  
             Slack:=     -16                  

#---------------------------------------------------------------------------------------------------------------------------------------------------------
#                    Timing Point                     Flags    Arc   Edge            Cell             Fanout Load Trans Delay Arrival       Instance      
#                                                                                                            (fF)  (ps)  (ps)   (ps)        Location      
#---------------------------------------------------------------------------------------------------------------------------------------------------------
  pp_fir_6_1_1_Delay_Pipeline_reg_im_reg[14][10]/CK   -       -      R     (arrival)                    3590    -    25     0     200               (-,-) 
  pp_fir_6_1_1_Delay_Pipeline_reg_im_reg[14][10]/Q    -       CK->Q  F     DFFRPQ_X4M_A9PP140ZTL_C30       6  7.5    13    55     255  (190.1555,70.6290) 
  pp_fir_6_1_1_csa_tree_ADD_TC_OP_groupi3954_g11999/Y -       A->Y   R     INV_X1P7M_A9PP140ZTL_C30        2  2.2    11    10     265               (-,-) 
  pp_fir_6_1_1_csa_tree_ADD_TC_OP_groupi3954_g11998/Y -       A->Y   R     BUFH_X1P7M_A9PP140ZTL_C30       5  7.5    25    23     289               (-,-) 
  pp_fir_6_1_1_csa_tree_ADD_TC_OP_groupi3954_g11997/Y -       A->Y   F     INV_X1P7M_A9PP140ZTL_C30        1  2.0    12     8     297               (-,-) 
  pp_fir_6_1_1_csa_tree_ADD_TC_OP_groupi3954_g11852/Y -       S0->Y  F     MXIT2_X2M_A9PP140ZTL_C30        2  3.3    28    20     316               (-,-) 
  pp_fir_6_1_1_csa_tree_ADD_TC_OP_groupi3954_g11751/Y -       S0->Y  F     MXIT2_X3M_A9PP140ZTL_C30        2  4.4    29    25     342               (-,-) 
  pp_fir_6_1_1_csa_tree_ADD_TC_OP_groupi3954_g11607/Y -       B->Y   F     XNOR3_X3M_A9PP140ZTL_C30        3  3.9    19    46     388               (-,-) 
  pp_fir_6_1_1_csa_tree_ADD_TC_OP_groupi3954_g11440/Y -       C->Y   R     XOR3_X3M_A9PP140ZTL_C30         2  3.4    19    48     436               (-,-) 
  pp_fir_6_1_1_csa_tree_ADD_TC_OP_groupi3954_g11378/Y -       A->Y   F     NAND2_X3M_A9PP140ZTL_C30        3  3.9    19    12     448               (-,-) 
  pp_fir_6_1_1_csa_tree_ADD_TC_OP_groupi3954_g11363/Y -       A0->Y  R     OAI21_X2M_A9PP140ZTL_C30        2  2.4    23    18     466               (-,-) 
  pp_fir_6_1_1_csa_tree_ADD_TC_OP_groupi3954_g11330/Y -       A0->Y  F     AOI21_X2M_A9PP140ZTL_C30        2  2.5    22    16     481               (-,-) 
  pp_fir_6_1_1_csa_tree_ADD_TC_OP_groupi3954_g11315/Y -       A0->Y  R     OAI21_X2M_A9PP140ZTL_C30        1  3.6    28    21     503               (-,-) 
  pp_fir_6_1_1_csa_tree_ADD_TC_OP_groupi3954_g11308/Y -       B0->Y  F     AOI21_X6M_A9PP140ZTL_C30        1  4.2    18    10     513               (-,-) 
  pp_fir_6_1_1_csa_tree_ADD_TC_OP_groupi3954_g11303/Y -       B0N->Y R     AO21B_X6M_A9PP140ZTL_C30        4  8.0    16    12     525               (-,-) 
  pp_fir_6_1_1_csa_tree_ADD_TC_OP_groupi3954_g11295/Y -       A->Y   F     NAND2_X4M_A9PP140ZTL_C30        2  3.6    21    10     535               (-,-) 
  pp_fir_6_1_1_csa_tree_ADD_TC_OP_groupi3954_g11290/Y -       A->Y   R     NAND2XB_X2M_A9PP140ZTL_C30      1  1.8    16    13     548               (-,-) 
  pp_fir_6_1_1_csa_tree_ADD_TC_OP_groupi3954_g11282/Y -       S0->Y  R     MXIT2_X1P4M_A9PP140ZTL_C30      1  1.2    22    15     563               (-,-) 
  g10238/Y                                            -       A->Y   R     MX2_X2B_A9PP140ZTL_C30          1  1.1    12    21     584               (-,-) 
  pp_fir_6_1_1_sum1_9_im_1_reg[27]/D                  -       -      R     DFFRPQ_X3M_A9PP140ZTL_C30       1    -     -     0     584  (199.1295,60.4230) 
#---------------------------------------------------------------------------------------------------------------------------------------------------------



Path 23: VIOLATED (-16 ps) Setup Check with Pin pp_fir_6_1_1_sum1_7_im_1_reg[13]/CK->D
           View: view_wcl_slow
          Group: clk
     Startpoint: (R) enb_1_8_0
          Clock: (R) clk
       Endpoint: (F) pp_fir_6_1_1_sum1_7_im_1_reg[13]/D
          Clock: (R) clk

                     Capture       Launch     
        Clock Edge:+     500            0     
        Drv Adjust:+       0            0     
       Src Latency:+       0            0     
       Net Latency:+     200 (I)      200 (I) 
           Arrival:=     700          200     
                                              
             Setup:-       6                  
       Uncertainty:-     125                  
     Required Time:=     569                  
      Launch Clock:-     200                  
       Input Delay:-     300                  
         Data Path:-      85                  
             Slack:=     -16                  

Exceptions/Constraints:
  input_delay             300             pp_int_x4_struct.sdc_line_20_1_1 

#------------------------------------------------------------------------------------------------------------------------------------------
#           Timing Point             Flags   Arc   Edge             Cell               Fanout Load Trans Delay Arrival       Instance      
#                                                                                             (fF)  (ps)  (ps)   (ps)        Location      
#------------------------------------------------------------------------------------------------------------------------------------------
  enb_1_8_0                          -       -     R     (arrival)                         21 72.0     0     0     500               (-,-) 
  g12572/Y                           -       A->Y  F     INV_X7P5M_A9PP140ZTL_C30           2 13.7    10    11     511               (-,-) 
  g12571/Y                           -       A->Y  R     INV_X11M_A9PP140ZTL_C30            4 25.6    15    12     523               (-,-) 
  g13283/Y                           -       A->Y  F     INV_X9B_A9PP140ZTL_C30_XGCAP9      4 19.2    21    16     539               (-,-) 
  g13317/Y                           -       A->Y  R     INV_X7P5M_A9PP140ZTL_C30          16 18.6    18    16     554               (-,-) 
  g10051__6260/Y                     -       S0->Y F     MX2_X1B_A9PP140ZTL_C30             1  1.1    17    31     585               (-,-) 
  pp_fir_6_1_1_sum1_7_im_1_reg[13]/D -       -     F     DFFRPQ_X3M_A9PP140ZTL_C30          1    -     -     0     585  (128.0565,96.7225) 
#------------------------------------------------------------------------------------------------------------------------------------------



Path 24: VIOLATED (-16 ps) Setup Check with Pin pp_fir_6_1_1_sum1_6_im_1_reg[13]/CK->D
           View: view_wcl_slow
          Group: clk
     Startpoint: (R) enb_1_8_0
          Clock: (R) clk
       Endpoint: (F) pp_fir_6_1_1_sum1_6_im_1_reg[13]/D
          Clock: (R) clk

                     Capture       Launch     
        Clock Edge:+     500            0     
        Drv Adjust:+       0            0     
       Src Latency:+       0            0     
       Net Latency:+     200 (I)      200 (I) 
           Arrival:=     700          200     
                                              
             Setup:-       6                  
       Uncertainty:-     125                  
     Required Time:=     569                  
      Launch Clock:-     200                  
       Input Delay:-     300                  
         Data Path:-      85                  
             Slack:=     -16                  

Exceptions/Constraints:
  input_delay             300             pp_int_x4_struct.sdc_line_20_1_1 

#-------------------------------------------------------------------------------------------------------------------------------------------
#           Timing Point             Flags   Arc   Edge             Cell               Fanout Load Trans Delay Arrival       Instance       
#                                                                                             (fF)  (ps)  (ps)   (ps)        Location       
#-------------------------------------------------------------------------------------------------------------------------------------------
  enb_1_8_0                          -       -     R     (arrival)                         21 72.0     0     0     500                (-,-) 
  g12572/Y                           -       A->Y  F     INV_X7P5M_A9PP140ZTL_C30           2 13.7    10    11     511                (-,-) 
  g12571/Y                           -       A->Y  R     INV_X11M_A9PP140ZTL_C30            4 25.6    15    12     523                (-,-) 
  g13283/Y                           -       A->Y  F     INV_X9B_A9PP140ZTL_C30_XGCAP9      4 19.2    21    16     539                (-,-) 
  g13317/Y                           -       A->Y  R     INV_X7P5M_A9PP140ZTL_C30          16 18.6    18    16     554                (-,-) 
  g9967__4319/Y                      -       S0->Y F     MX2_X1B_A9PP140ZTL_C30             1  1.1    17    31     585                (-,-) 
  pp_fir_6_1_1_sum1_6_im_1_reg[13]/D -       -     F     DFFRPQ_X3M_A9PP140ZTL_C30          1    -     -     0     585  (137.4470,131.8105) 
#-------------------------------------------------------------------------------------------------------------------------------------------



Path 25: VIOLATED (-16 ps) Setup Check with Pin pp_fir_6_1_1_sum1_5_re_1_reg[25]/CK->D
           View: view_wcl_slow
          Group: clk
     Startpoint: (R) enb_1_8_0
          Clock: (R) clk
       Endpoint: (F) pp_fir_6_1_1_sum1_5_re_1_reg[25]/D
          Clock: (R) clk

                     Capture       Launch     
        Clock Edge:+     500            0     
        Drv Adjust:+       0            0     
       Src Latency:+       0            0     
       Net Latency:+     200 (I)      200 (I) 
           Arrival:=     700          200     
                                              
             Setup:-       6                  
       Uncertainty:-     125                  
     Required Time:=     569                  
      Launch Clock:-     200                  
       Input Delay:-     300                  
         Data Path:-      85                  
             Slack:=     -16                  

Exceptions/Constraints:
  input_delay             300             pp_int_x4_struct.sdc_line_20_1_1 

#------------------------------------------------------------------------------------------------------------------------------------------
#           Timing Point             Flags   Arc   Edge             Cell               Fanout Load Trans Delay Arrival       Instance      
#                                                                                             (fF)  (ps)  (ps)   (ps)        Location      
#------------------------------------------------------------------------------------------------------------------------------------------
  enb_1_8_0                          -       -     R     (arrival)                         21 72.0     0     0     500               (-,-) 
  g12572/Y                           -       A->Y  F     INV_X7P5M_A9PP140ZTL_C30           2 13.7    10    11     511               (-,-) 
  g12571/Y                           -       A->Y  R     INV_X11M_A9PP140ZTL_C30            4 25.6    15    12     523               (-,-) 
  g13283/Y                           -       A->Y  F     INV_X9B_A9PP140ZTL_C30_XGCAP9      4 19.2    21    16     539               (-,-) 
  g13317/Y                           -       A->Y  R     INV_X7P5M_A9PP140ZTL_C30          16 18.6    18    16     554               (-,-) 
  g9945__2802/Y                      -       S0->Y F     MX2_X1B_A9PP140ZTL_C30             1  1.1    16    31     585               (-,-) 
  pp_fir_6_1_1_sum1_5_re_1_reg[25]/D -       -     F     DFFRPQ_X3M_A9PP140ZTL_C30          1    -     -     0     585  (99.6205,131.2150) 
#------------------------------------------------------------------------------------------------------------------------------------------



Path 26: VIOLATED (-16 ps) Setup Check with Pin pp_fir_6_1_1_sum1_3_im_1_reg[19]/CK->D
           View: view_wcl_slow
          Group: clk
     Startpoint: (R) enb_1_8_0
          Clock: (R) clk
       Endpoint: (F) pp_fir_6_1_1_sum1_3_im_1_reg[19]/D
          Clock: (R) clk

                     Capture       Launch     
        Clock Edge:+     500            0     
        Drv Adjust:+       0            0     
       Src Latency:+       0            0     
       Net Latency:+     200 (I)      200 (I) 
           Arrival:=     700          200     
                                              
             Setup:-       6                  
       Uncertainty:-     125                  
     Required Time:=     569                  
      Launch Clock:-     200                  
       Input Delay:-     300                  
         Data Path:-      85                  
             Slack:=     -16                  

Exceptions/Constraints:
  input_delay             300             pp_int_x4_struct.sdc_line_20_1_1 

#-------------------------------------------------------------------------------------------------------------------------------------------
#           Timing Point             Flags   Arc   Edge             Cell               Fanout Load Trans Delay Arrival       Instance       
#                                                                                             (fF)  (ps)  (ps)   (ps)        Location       
#-------------------------------------------------------------------------------------------------------------------------------------------
  enb_1_8_0                          -       -     R     (arrival)                         21 72.0     0     0     500                (-,-) 
  g12572/Y                           -       A->Y  F     INV_X7P5M_A9PP140ZTL_C30           2 13.7    10    11     511                (-,-) 
  g12571/Y                           -       A->Y  R     INV_X11M_A9PP140ZTL_C30            4 25.6    15    12     523                (-,-) 
  g12570_0/Y                         -       A->Y  F     INV_X9B_A9PP140ZTL_C30_XGCAP9      4 19.2    21    16     539                (-,-) 
  g13296/Y                           -       A->Y  R     INV_X7P5M_A9PP140ZTL_C30          16 18.6    18    16     554                (-,-) 
  g12281/Y                           -       S0->Y F     MX2_X1B_A9PP140ZTL_C30             1  1.1    16    31     585                (-,-) 
  pp_fir_6_1_1_sum1_3_im_1_reg[19]/D -       -     F     DFFRPQ_X3M_A9PP140ZTL_C30          1    -     -     0     585  (195.1640,148.1825) 
#-------------------------------------------------------------------------------------------------------------------------------------------



Path 27: VIOLATED (-16 ps) Setup Check with Pin pp_fir_6_1_1_Delay_Pipeline_reg_re_reg[25][10]/CK->D
           View: view_wcl_slow
          Group: clk
     Startpoint: (R) enb_1_8_0
          Clock: (R) clk
       Endpoint: (F) pp_fir_6_1_1_Delay_Pipeline_reg_re_reg[25][10]/D
          Clock: (R) clk

                     Capture       Launch     
        Clock Edge:+     500            0     
        Drv Adjust:+       0            0     
       Src Latency:+       0            0     
       Net Latency:+     200 (I)      200 (I) 
           Arrival:=     700          200     
                                              
             Setup:-       6                  
       Uncertainty:-     125                  
     Required Time:=     569                  
      Launch Clock:-     200                  
       Input Delay:-     300                  
         Data Path:-      85                  
             Slack:=     -16                  

Exceptions/Constraints:
  input_delay             300             pp_int_x4_struct.sdc_line_20_1_1 

#--------------------------------------------------------------------------------------------------------------------------------------------------------
#                  Timing Point                    Flags   Arc   Edge             Cell               Fanout Load Trans Delay Arrival       Instance      
#                                                                                                           (fF)  (ps)  (ps)   (ps)        Location      
#--------------------------------------------------------------------------------------------------------------------------------------------------------
  enb_1_8_0                                        -       -     R     (arrival)                         21 72.0     0     0     500               (-,-) 
  g12572/Y                                         -       A->Y  F     INV_X7P5M_A9PP140ZTL_C30           2 13.7    10    11     511               (-,-) 
  g12571/Y                                         -       A->Y  R     INV_X11M_A9PP140ZTL_C30            4 25.6    15    12     523               (-,-) 
  g12570_0/Y                                       -       A->Y  F     INV_X9B_A9PP140ZTL_C30_XGCAP9      4 19.2    21    16     539               (-,-) 
  g13296/Y                                         -       A->Y  R     INV_X7P5M_A9PP140ZTL_C30          16 18.6    18    16     554               (-,-) 
  g12133/Y                                         -       S0->Y F     MX2_X1B_A9PP140ZTL_C30             1  1.1    16    31     585               (-,-) 
  pp_fir_6_1_1_Delay_Pipeline_reg_re_reg[25][10]/D -       -     F     DFFRPQ_X3M_A9PP140ZTL_C30          1    -     -     0     585  (100.9935,96.9410) 
#--------------------------------------------------------------------------------------------------------------------------------------------------------



Path 28: VIOLATED (-16 ps) Setup Check with Pin pp_fir_6_1_1_Delay_Pipeline_reg_re_reg[19][4]/CK->D
           View: view_wcl_slow
          Group: clk
     Startpoint: (R) enb_1_8_0
          Clock: (R) clk
       Endpoint: (F) pp_fir_6_1_1_Delay_Pipeline_reg_re_reg[19][4]/D
          Clock: (R) clk

                     Capture       Launch     
        Clock Edge:+     500            0     
        Drv Adjust:+       0            0     
       Src Latency:+       0            0     
       Net Latency:+     200 (I)      200 (I) 
           Arrival:=     700          200     
                                              
             Setup:-       6                  
       Uncertainty:-     125                  
     Required Time:=     569                  
      Launch Clock:-     200                  
       Input Delay:-     300                  
         Data Path:-      85                  
             Slack:=     -16                  

Exceptions/Constraints:
  input_delay             300             pp_int_x4_struct.sdc_line_20_1_1 

#-------------------------------------------------------------------------------------------------------------------------------------------------------
#                  Timing Point                   Flags   Arc   Edge             Cell               Fanout Load Trans Delay Arrival       Instance      
#                                                                                                          (fF)  (ps)  (ps)   (ps)        Location      
#-------------------------------------------------------------------------------------------------------------------------------------------------------
  enb_1_8_0                                       -       -     R     (arrival)                         21 72.0     0     0     500               (-,-) 
  g12572/Y                                        -       A->Y  F     INV_X7P5M_A9PP140ZTL_C30           2 13.7    10    11     511               (-,-) 
  g12571/Y                                        -       A->Y  R     INV_X11M_A9PP140ZTL_C30            4 25.6    15    12     523               (-,-) 
  g12570_0/Y                                      -       A->Y  F     INV_X9B_A9PP140ZTL_C30_XGCAP9      4 19.2    21    16     539               (-,-) 
  g13296/Y                                        -       A->Y  R     INV_X7P5M_A9PP140ZTL_C30          16 18.6    18    16     554               (-,-) 
  g12031/Y                                        -       S0->Y F     MX2_X1B_A9PP140ZTL_C30             1  1.1    16    31     585               (-,-) 
  pp_fir_6_1_1_Delay_Pipeline_reg_re_reg[19][4]/D -       -     F     DFFRPQ_X3M_A9PP140ZTL_C30          1    -     -     0     585  (32.7705,140.0595) 
#-------------------------------------------------------------------------------------------------------------------------------------------------------



Path 29: VIOLATED (-16 ps) Setup Check with Pin pp_fir_6_1_1_Delay_Pipeline_reg_im_reg[27][3]/CK->D
           View: view_wcl_slow
          Group: clk
     Startpoint: (R) enb_1_8_0
          Clock: (R) clk
       Endpoint: (F) pp_fir_6_1_1_Delay_Pipeline_reg_im_reg[27][3]/D
          Clock: (R) clk

                     Capture       Launch     
        Clock Edge:+     500            0     
        Drv Adjust:+       0            0     
       Src Latency:+       0            0     
       Net Latency:+     200 (I)      200 (I) 
           Arrival:=     700          200     
                                              
             Setup:-       6                  
       Uncertainty:-     125                  
     Required Time:=     569                  
      Launch Clock:-     200                  
       Input Delay:-     300                  
         Data Path:-      85                  
             Slack:=     -16                  

Exceptions/Constraints:
  input_delay             300             pp_int_x4_struct.sdc_line_20_1_1 

#--------------------------------------------------------------------------------------------------------------------------------------------------------
#                  Timing Point                   Flags   Arc   Edge             Cell               Fanout Load Trans Delay Arrival       Instance       
#                                                                                                          (fF)  (ps)  (ps)   (ps)        Location       
#--------------------------------------------------------------------------------------------------------------------------------------------------------
  enb_1_8_0                                       -       -     R     (arrival)                         21 72.0     0     0     500                (-,-) 
  g12572/Y                                        -       A->Y  F     INV_X7P5M_A9PP140ZTL_C30           2 13.7    10    11     511                (-,-) 
  g12571/Y                                        -       A->Y  R     INV_X11M_A9PP140ZTL_C30            4 25.6    15    12     523                (-,-) 
  g12570_0/Y                                      -       A->Y  F     INV_X9B_A9PP140ZTL_C30_XGCAP9      4 19.2    21    16     539                (-,-) 
  g13296/Y                                        -       A->Y  R     INV_X7P5M_A9PP140ZTL_C30          16 18.6    18    16     554                (-,-) 
  g11054/Y                                        -       S0->Y F     MX2_X1B_A9PP140ZTL_C30             1  1.1    16    31     585                (-,-) 
  pp_fir_6_1_1_Delay_Pipeline_reg_im_reg[27][3]/D -       -     F     DFFRPQ_X3M_A9PP140ZTL_C30          1    -     -     0     585  (194.9860,115.2855) 
#--------------------------------------------------------------------------------------------------------------------------------------------------------



Path 30: VIOLATED (-16 ps) Setup Check with Pin pp_fir_6_1_1_Delay_Pipeline_reg_im_reg[4][12]/CK->D
           View: view_wcl_slow
          Group: clk
     Startpoint: (R) enb_1_8_0
          Clock: (R) clk
       Endpoint: (F) pp_fir_6_1_1_Delay_Pipeline_reg_im_reg[4][12]/D
          Clock: (R) clk

                     Capture       Launch     
        Clock Edge:+     500            0     
        Drv Adjust:+       0            0     
       Src Latency:+       0            0     
       Net Latency:+     200 (I)      200 (I) 
           Arrival:=     700          200     
                                              
             Setup:-       6                  
       Uncertainty:-     125                  
     Required Time:=     569                  
      Launch Clock:-     200                  
       Input Delay:-     300                  
         Data Path:-      85                  
             Slack:=     -16                  

Exceptions/Constraints:
  input_delay             300             pp_int_x4_struct.sdc_line_20_1_1 

#-------------------------------------------------------------------------------------------------------------------------------------------------------
#                  Timing Point                   Flags   Arc   Edge             Cell               Fanout Load Trans Delay Arrival       Instance      
#                                                                                                          (fF)  (ps)  (ps)   (ps)        Location      
#-------------------------------------------------------------------------------------------------------------------------------------------------------
  enb_1_8_0                                       -       -     R     (arrival)                         21 72.0     0     0     500               (-,-) 
  g12572/Y                                        -       A->Y  F     INV_X7P5M_A9PP140ZTL_C30           2 13.7    10    11     511               (-,-) 
  g12571/Y                                        -       A->Y  R     INV_X11M_A9PP140ZTL_C30            4 25.6    15    12     523               (-,-) 
  g12570_0/Y                                      -       A->Y  F     INV_X9B_A9PP140ZTL_C30_XGCAP9      4 19.2    21    16     539               (-,-) 
  g13296/Y                                        -       A->Y  R     INV_X7P5M_A9PP140ZTL_C30          16 18.6    18    16     554               (-,-) 
  g9928__9315/Y                                   -       S0->Y F     MX2_X1B_A9PP140ZTL_C30             1  1.1    16    31     585               (-,-) 
  pp_fir_6_1_1_Delay_Pipeline_reg_im_reg[4][12]/D -       -     F     DFFRPQ_X3M_A9PP140ZTL_C30          1    -     -     0     585  (104.9965,17.1440) 
#-------------------------------------------------------------------------------------------------------------------------------------------------------



Path 31: VIOLATED (-16 ps) Setup Check with Pin pp_fir_6_1_1_sum1_9_im_1_reg[22]/CK->D
           View: view_wcl_slow
          Group: clk
     Startpoint: (R) pp_fir_6_1_1_Delay_Pipeline_reg_im_reg[15][7]/CK
          Clock: (R) clk
       Endpoint: (R) pp_fir_6_1_1_sum1_9_im_1_reg[22]/D
          Clock: (R) clk

                     Capture       Launch     
        Clock Edge:+     500            0     
       Src Latency:+       0            0     
       Net Latency:+     200 (I)      200 (I) 
           Arrival:=     700          200     
                                              
             Setup:-       7                  
       Uncertainty:-     125                  
     Required Time:=     568                  
      Launch Clock:-     200                  
         Data Path:-     384                  
             Slack:=     -16                  

#----------------------------------------------------------------------------------------------------------------------------------------------------------
#                    Timing Point                      Flags    Arc   Edge            Cell             Fanout Load Trans Delay Arrival       Instance      
#                                                                                                             (fF)  (ps)  (ps)   (ps)        Location      
#----------------------------------------------------------------------------------------------------------------------------------------------------------
  pp_fir_6_1_1_Delay_Pipeline_reg_im_reg[15][7]/CK     -       -      R     (arrival)                    3590    -    25     0     200               (-,-) 
  pp_fir_6_1_1_Delay_Pipeline_reg_im_reg[15][7]/Q      -       CK->Q  F     DFFRPQ_X4M_A9PP140ZTL_C30       3  3.6    10    52     252  (172.4445,82.1220) 
  pp_fir_6_1_1_csa_tree_ADD_TC_OP_groupi3954_g11965/Y  -       A->Y   R     INV_X2P5M_A9PP140ZTL_C30        4  5.4    15    12     264               (-,-) 
  pp_fir_6_1_1_csa_tree_ADD_TC_OP_groupi3954_g11960/Y  -       A->Y   R     BUFH_X4M_A9PP140ZTL_C30         5  7.4    13    17     280               (-,-) 
  pp_fir_6_1_1_csa_tree_ADD_TC_OP_groupi3954_g11722/CO -       CI->CO R     CGEN_X2M_A9PP140ZTL_C30         2  4.1    18    29     310               (-,-) 
  pp_fir_6_1_1_csa_tree_ADD_TC_OP_groupi3954_g11651/Y  -       B->Y   R     XNOR2_X2M_A9PP140ZTL_C30        2  4.1    34    26     335               (-,-) 
  pp_fir_6_1_1_csa_tree_ADD_TC_OP_groupi3954_g11647/Y  -       A->Y   F     INV_X4B_A9PP140ZTL_C30          1  1.8    13     8     343               (-,-) 
  pp_fir_6_1_1_csa_tree_ADD_TC_OP_groupi3954_g11625/Y  -       B->Y   R     MXIT2_X2M_A9PP140ZTL_C30        2  3.5    31    18     362               (-,-) 
  pp_fir_6_1_1_csa_tree_ADD_TC_OP_groupi3954_g11463/Y  -       B->Y   R     XOR3_X3M_A9PP140ZTL_C30         2  3.2    19    42     404               (-,-) 
  pp_fir_6_1_1_csa_tree_ADD_TC_OP_groupi3954_g11444/Y  -       A->Y   R     BUFH_X1P7M_A9PP140ZTL_C30       1  1.8    10    16     419               (-,-) 
  pp_fir_6_1_1_csa_tree_ADD_TC_OP_groupi3954_g11385/CO -       A->CO  R     CGEN_X2M_A9PP140ZTL_C30         2  3.5    17    28     447               (-,-) 
  pp_fir_6_1_1_csa_tree_ADD_TC_OP_groupi3954_g11364/Y  -       B->Y   F     NOR2_X3A_A9PP140ZTL_C30         2  2.8    13    10     458               (-,-) 
  pp_fir_6_1_1_csa_tree_ADD_TC_OP_groupi3954_g11357/Y  -       A->Y   R     INV_X1P7M_A9PP140ZTL_C30        2  2.5    12    10     468               (-,-) 
  pp_fir_6_1_1_csa_tree_ADD_TC_OP_groupi3954_g11333/Y  -       A->Y   F     NAND2_X2A_A9PP140ZTL_C30        1  3.2    18    12     480               (-,-) 
  pp_fir_6_1_1_csa_tree_ADD_TC_OP_groupi3954_g11319/Y  -       A1->Y  R     OAI21_X4M_A9PP140ZTL_C30        2  5.8    24    19     499               (-,-) 
  pp_fir_6_1_1_csa_tree_ADD_TC_OP_groupi3954_g11318/Y  -       A->Y   F     INV_X2P5M_A9PP140ZTL_C30        1  3.9    14    10     509               (-,-) 
  pp_fir_6_1_1_csa_tree_ADD_TC_OP_groupi3954_g11309/Y  -       B->Y   R     NAND2_X6M_A9PP140ZTL_C30        3  5.2    14    12     521               (-,-) 
  pp_fir_6_1_1_csa_tree_ADD_TC_OP_groupi3954_g11306/Y  -       A->Y   F     NAND2XB_X4M_A9PP140ZTL_C30      2  3.0    12     8     530               (-,-) 
  pp_fir_6_1_1_csa_tree_ADD_TC_OP_groupi3954_g11297/Y  -       A0->Y  R     OAI21_X2M_A9PP140ZTL_C30        1  1.8    20    14     544               (-,-) 
  pp_fir_6_1_1_csa_tree_ADD_TC_OP_groupi3954_g11287/Y  -       S0->Y  R     MXIT2_X1P4M_A9PP140ZTL_C30      1  1.0    18    15     559               (-,-) 
  g10230/Y                                             -       B->Y   R     MX2_X1B_A9PP140ZTL_C30          1  1.1    15    25     584               (-,-) 
  pp_fir_6_1_1_sum1_9_im_1_reg[22]/D                   -       -      R     DFFRPQ_X3M_A9PP140ZTL_C30       1    -     -     0     584  (204.5595,69.3570) 
#----------------------------------------------------------------------------------------------------------------------------------------------------------



Path 32: VIOLATED (-16 ps) Setup Check with Pin pp_fir_6_1_1_sum4_1_im_1_reg[22]/CK->D
           View: view_wcl_slow
          Group: clk
     Startpoint: (R) enb_1_8_0
          Clock: (R) clk
       Endpoint: (F) pp_fir_6_1_1_sum4_1_im_1_reg[22]/D
          Clock: (R) clk

                     Capture       Launch     
        Clock Edge:+     500            0     
        Drv Adjust:+       0            0     
       Src Latency:+       0            0     
       Net Latency:+     200 (I)      200 (I) 
           Arrival:=     700          200     
                                              
             Setup:-       6                  
       Uncertainty:-     125                  
     Required Time:=     569                  
      Launch Clock:-     200                  
       Input Delay:-     300                  
         Data Path:-      85                  
             Slack:=     -16                  

Exceptions/Constraints:
  input_delay             300             pp_int_x4_struct.sdc_line_20_1_1 

#-------------------------------------------------------------------------------------------------------------------------------------------
#           Timing Point             Flags   Arc   Edge             Cell               Fanout Load Trans Delay Arrival       Instance       
#                                                                                             (fF)  (ps)  (ps)   (ps)        Location       
#-------------------------------------------------------------------------------------------------------------------------------------------
  enb_1_8_0                          -       -     R     (arrival)                         21 72.0     0     0     500                (-,-) 
  g12572/Y                           -       A->Y  F     INV_X7P5M_A9PP140ZTL_C30           2 13.7    10    11     511                (-,-) 
  g12571/Y                           -       A->Y  R     INV_X11M_A9PP140ZTL_C30            4 25.6    15    12     523                (-,-) 
  g12570_0/Y                         -       A->Y  F     INV_X9B_A9PP140ZTL_C30_XGCAP9      4 19.2    21    16     539                (-,-) 
  g13298/Y                           -       A->Y  R     INV_X7P5M_A9PP140ZTL_C30          16 17.7    18    15     554                (-,-) 
  g10381/Y                           -       S0->Y F     MX2_X1B_A9PP140ZTL_C30             1  1.1    17    31     585                (-,-) 
  pp_fir_6_1_1_sum4_1_im_1_reg[22]/D -       -     F     DFFRPQ_X3M_A9PP140ZTL_C30          1    -     -     0     585  (160.0680,101.3540) 
#-------------------------------------------------------------------------------------------------------------------------------------------



Path 33: VIOLATED (-16 ps) Setup Check with Pin pp_fir_6_1_1_sum4_1_im_1_reg[20]/CK->D
           View: view_wcl_slow
          Group: clk
     Startpoint: (R) enb_1_8_0
          Clock: (R) clk
       Endpoint: (F) pp_fir_6_1_1_sum4_1_im_1_reg[20]/D
          Clock: (R) clk

                     Capture       Launch     
        Clock Edge:+     500            0     
        Drv Adjust:+       0            0     
       Src Latency:+       0            0     
       Net Latency:+     200 (I)      200 (I) 
           Arrival:=     700          200     
                                              
             Setup:-       6                  
       Uncertainty:-     125                  
     Required Time:=     569                  
      Launch Clock:-     200                  
       Input Delay:-     300                  
         Data Path:-      85                  
             Slack:=     -16                  

Exceptions/Constraints:
  input_delay             300             pp_int_x4_struct.sdc_line_20_1_1 

#------------------------------------------------------------------------------------------------------------------------------------------
#           Timing Point             Flags   Arc   Edge             Cell               Fanout Load Trans Delay Arrival       Instance      
#                                                                                             (fF)  (ps)  (ps)   (ps)        Location      
#------------------------------------------------------------------------------------------------------------------------------------------
  enb_1_8_0                          -       -     R     (arrival)                         21 72.0     0     0     500               (-,-) 
  g12572/Y                           -       A->Y  F     INV_X7P5M_A9PP140ZTL_C30           2 13.7    10    11     511               (-,-) 
  g12571/Y                           -       A->Y  R     INV_X11M_A9PP140ZTL_C30            4 25.6    15    12     523               (-,-) 
  g12570_0/Y                         -       A->Y  F     INV_X9B_A9PP140ZTL_C30_XGCAP9      4 19.2    21    16     539               (-,-) 
  g13298/Y                           -       A->Y  R     INV_X7P5M_A9PP140ZTL_C30          16 17.7    18    15     554               (-,-) 
  g11828/Y                           -       S0->Y F     MX2_X1B_A9PP140ZTL_C30             1  1.1    17    31     585               (-,-) 
  pp_fir_6_1_1_sum4_1_im_1_reg[20]/D -       -     F     DFFRPQ_X3M_A9PP140ZTL_C30          1    -     -     0     585  (157.8350,98.8390) 
#------------------------------------------------------------------------------------------------------------------------------------------



Path 34: VIOLATED (-16 ps) Setup Check with Pin pp_fir_6_1_1_sum3_1_re_1_reg[17]/CK->D
           View: view_wcl_slow
          Group: clk
     Startpoint: (R) enb_1_8_0
          Clock: (R) clk
       Endpoint: (F) pp_fir_6_1_1_sum3_1_re_1_reg[17]/D
          Clock: (R) clk

                     Capture       Launch     
        Clock Edge:+     500            0     
        Drv Adjust:+       0            0     
       Src Latency:+       0            0     
       Net Latency:+     200 (I)      200 (I) 
           Arrival:=     700          200     
                                              
             Setup:-       6                  
       Uncertainty:-     125                  
     Required Time:=     569                  
      Launch Clock:-     200                  
       Input Delay:-     300                  
         Data Path:-      85                  
             Slack:=     -16                  

Exceptions/Constraints:
  input_delay             300             pp_int_x4_struct.sdc_line_20_1_1 

#-----------------------------------------------------------------------------------------------------------------------------------------
#           Timing Point             Flags   Arc   Edge             Cell               Fanout Load Trans Delay Arrival      Instance      
#                                                                                             (fF)  (ps)  (ps)   (ps)       Location      
#-----------------------------------------------------------------------------------------------------------------------------------------
  enb_1_8_0                          -       -     R     (arrival)                         21 72.0     0     0     500              (-,-) 
  g12572/Y                           -       A->Y  F     INV_X7P5M_A9PP140ZTL_C30           2 13.7    10    11     511              (-,-) 
  g12571/Y                           -       A->Y  R     INV_X11M_A9PP140ZTL_C30            4 25.6    15    12     523              (-,-) 
  g13283/Y                           -       A->Y  F     INV_X9B_A9PP140ZTL_C30_XGCAP9      4 19.2    21    16     539              (-,-) 
  g12563_0/Y                         -       A->Y  R     INV_X7P5M_A9PP140ZTL_C30          16 17.8    18    15     554              (-,-) 
  g11547/Y                           -       S0->Y F     MX2_X1B_A9PP140ZTL_C30             1  1.1    17    31     585              (-,-) 
  pp_fir_6_1_1_sum3_1_re_1_reg[17]/D -       -     F     DFFRPQ_X3M_A9PP140ZTL_C30          1    -     -     0     585  (64.9030,86.0600) 
#-----------------------------------------------------------------------------------------------------------------------------------------



Path 35: VIOLATED (-16 ps) Setup Check with Pin pp_fir_6_1_1_sum2_6_im_1_reg[22]/CK->D
           View: view_wcl_slow
          Group: clk
     Startpoint: (R) enb_1_8_0
          Clock: (R) clk
       Endpoint: (F) pp_fir_6_1_1_sum2_6_im_1_reg[22]/D
          Clock: (R) clk

                     Capture       Launch     
        Clock Edge:+     500            0     
        Drv Adjust:+       0            0     
       Src Latency:+       0            0     
       Net Latency:+     200 (I)      200 (I) 
           Arrival:=     700          200     
                                              
             Setup:-       6                  
       Uncertainty:-     125                  
     Required Time:=     569                  
      Launch Clock:-     200                  
       Input Delay:-     300                  
         Data Path:-      85                  
             Slack:=     -16                  

Exceptions/Constraints:
  input_delay             300             pp_int_x4_struct.sdc_line_20_1_1 

#------------------------------------------------------------------------------------------------------------------------------------------
#           Timing Point             Flags   Arc   Edge             Cell               Fanout Load Trans Delay Arrival       Instance      
#                                                                                             (fF)  (ps)  (ps)   (ps)        Location      
#------------------------------------------------------------------------------------------------------------------------------------------
  enb_1_8_0                          -       -     R     (arrival)                         21 72.0     0     0     500               (-,-) 
  g12572/Y                           -       A->Y  F     INV_X7P5M_A9PP140ZTL_C30           2 13.7    10    11     511               (-,-) 
  g12571/Y                           -       A->Y  R     INV_X11M_A9PP140ZTL_C30            4 25.6    15    12     523               (-,-) 
  g12570_0/Y                         -       A->Y  F     INV_X9B_A9PP140ZTL_C30_XGCAP9      4 19.2    21    16     539               (-,-) 
  g13298/Y                           -       A->Y  R     INV_X7P5M_A9PP140ZTL_C30          16 17.7    18    15     554               (-,-) 
  g11272/Y                           -       S0->Y F     MX2_X1B_A9PP140ZTL_C30             1  1.1    17    31     585               (-,-) 
  pp_fir_6_1_1_sum2_6_im_1_reg[22]/D -       -     F     DFFRPQ_X3M_A9PP140ZTL_C30          1    -     -     0     585  (179.8120,14.5000) 
#------------------------------------------------------------------------------------------------------------------------------------------



Path 36: VIOLATED (-16 ps) Setup Check with Pin pp_fir_6_1_1_sum1_9_re_1_reg[10]/CK->D
           View: view_wcl_slow
          Group: clk
     Startpoint: (R) enb_1_8_0
          Clock: (R) clk
       Endpoint: (F) pp_fir_6_1_1_sum1_9_re_1_reg[10]/D
          Clock: (R) clk

                     Capture       Launch     
        Clock Edge:+     500            0     
        Drv Adjust:+       0            0     
       Src Latency:+       0            0     
       Net Latency:+     200 (I)      200 (I) 
           Arrival:=     700          200     
                                              
             Setup:-       6                  
       Uncertainty:-     125                  
     Required Time:=     569                  
      Launch Clock:-     200                  
       Input Delay:-     300                  
         Data Path:-      85                  
             Slack:=     -16                  

Exceptions/Constraints:
  input_delay             300             pp_int_x4_struct.sdc_line_20_1_1 

#-----------------------------------------------------------------------------------------------------------------------------------------
#           Timing Point             Flags   Arc   Edge             Cell               Fanout Load Trans Delay Arrival      Instance      
#                                                                                             (fF)  (ps)  (ps)   (ps)       Location      
#-----------------------------------------------------------------------------------------------------------------------------------------
  enb_1_8_0                          -       -     R     (arrival)                         21 72.0     0     0     500              (-,-) 
  g12572/Y                           -       A->Y  F     INV_X7P5M_A9PP140ZTL_C30           2 13.7    10    11     511              (-,-) 
  g12571/Y                           -       A->Y  R     INV_X11M_A9PP140ZTL_C30            4 25.6    15    12     523              (-,-) 
  g13283/Y                           -       A->Y  F     INV_X9B_A9PP140ZTL_C30_XGCAP9      4 19.2    21    16     539              (-,-) 
  g12563_0/Y                         -       A->Y  R     INV_X7P5M_A9PP140ZTL_C30          16 17.8    18    15     554              (-,-) 
  g10259/Y                           -       S0->Y F     MX2_X1B_A9PP140ZTL_C30             1  1.1    17    31     585              (-,-) 
  pp_fir_6_1_1_sum1_9_re_1_reg[10]/D -       -     F     DFFRPQ_X3M_A9PP140ZTL_C30          1    -     -     0     585  (10.6640,77.4385) 
#-----------------------------------------------------------------------------------------------------------------------------------------



Path 37: VIOLATED (-16 ps) Setup Check with Pin pp_fir_6_1_1_sum1_5_re_1_reg[14]/CK->D
           View: view_wcl_slow
          Group: clk
     Startpoint: (R) enb_1_8_0
          Clock: (R) clk
       Endpoint: (F) pp_fir_6_1_1_sum1_5_re_1_reg[14]/D
          Clock: (R) clk

                     Capture       Launch     
        Clock Edge:+     500            0     
        Drv Adjust:+       0            0     
       Src Latency:+       0            0     
       Net Latency:+     200 (I)      200 (I) 
           Arrival:=     700          200     
                                              
             Setup:-       6                  
       Uncertainty:-     125                  
     Required Time:=     569                  
      Launch Clock:-     200                  
       Input Delay:-     300                  
         Data Path:-      85                  
             Slack:=     -16                  

Exceptions/Constraints:
  input_delay             300             pp_int_x4_struct.sdc_line_20_1_1 

#------------------------------------------------------------------------------------------------------------------------------------------
#           Timing Point             Flags   Arc   Edge             Cell               Fanout Load Trans Delay Arrival       Instance      
#                                                                                             (fF)  (ps)  (ps)   (ps)        Location      
#------------------------------------------------------------------------------------------------------------------------------------------
  enb_1_8_0                          -       -     R     (arrival)                         21 72.0     0     0     500               (-,-) 
  g12572/Y                           -       A->Y  F     INV_X7P5M_A9PP140ZTL_C30           2 13.7    10    11     511               (-,-) 
  g12571/Y                           -       A->Y  R     INV_X11M_A9PP140ZTL_C30            4 25.6    15    12     523               (-,-) 
  g13283/Y                           -       A->Y  F     INV_X9B_A9PP140ZTL_C30_XGCAP9      4 19.2    21    16     539               (-,-) 
  g12563_0/Y                         -       A->Y  R     INV_X7P5M_A9PP140ZTL_C30          16 17.8    18    15     554               (-,-) 
  g9927__6161/Y                      -       S0->Y F     MX2_X1B_A9PP140ZTL_C30             1  1.1    17    31     585               (-,-) 
  pp_fir_6_1_1_sum1_5_re_1_reg[14]/D -       -     F     DFFRPQ_X3M_A9PP140ZTL_C30          1    -     -     0     585  (83.3425,118.4730) 
#------------------------------------------------------------------------------------------------------------------------------------------



Path 38: VIOLATED (-16 ps) Setup Check with Pin pp_fir_6_1_1_sum1_5_re_1_reg[12]/CK->D
           View: view_wcl_slow
          Group: clk
     Startpoint: (R) enb_1_8_0
          Clock: (R) clk
       Endpoint: (F) pp_fir_6_1_1_sum1_5_re_1_reg[12]/D
          Clock: (R) clk

                     Capture       Launch     
        Clock Edge:+     500            0     
        Drv Adjust:+       0            0     
       Src Latency:+       0            0     
       Net Latency:+     200 (I)      200 (I) 
           Arrival:=     700          200     
                                              
             Setup:-       6                  
       Uncertainty:-     125                  
     Required Time:=     569                  
      Launch Clock:-     200                  
       Input Delay:-     300                  
         Data Path:-      85                  
             Slack:=     -16                  

Exceptions/Constraints:
  input_delay             300             pp_int_x4_struct.sdc_line_20_1_1 

#------------------------------------------------------------------------------------------------------------------------------------------
#           Timing Point             Flags   Arc   Edge             Cell               Fanout Load Trans Delay Arrival       Instance      
#                                                                                             (fF)  (ps)  (ps)   (ps)        Location      
#------------------------------------------------------------------------------------------------------------------------------------------
  enb_1_8_0                          -       -     R     (arrival)                         21 72.0     0     0     500               (-,-) 
  g12572/Y                           -       A->Y  F     INV_X7P5M_A9PP140ZTL_C30           2 13.7    10    11     511               (-,-) 
  g12571/Y                           -       A->Y  R     INV_X11M_A9PP140ZTL_C30            4 25.6    15    12     523               (-,-) 
  g13283/Y                           -       A->Y  F     INV_X9B_A9PP140ZTL_C30_XGCAP9      4 19.2    21    16     539               (-,-) 
  g12563_0/Y                         -       A->Y  R     INV_X7P5M_A9PP140ZTL_C30          16 17.8    18    15     554               (-,-) 
  g9925__7482/Y                      -       S0->Y F     MX2_X1B_A9PP140ZTL_C30             1  1.1    17    31     585               (-,-) 
  pp_fir_6_1_1_sum1_5_re_1_reg[12]/D -       -     F     DFFRPQ_X3M_A9PP140ZTL_C30          1    -     -     0     585  (80.7765,119.0770) 
#------------------------------------------------------------------------------------------------------------------------------------------



Path 39: VIOLATED (-16 ps) Setup Check with Pin pp_fir_6_1_1_sum2_3_re_1_reg[19]/CK->D
           View: view_wcl_slow
          Group: clk
     Startpoint: (R) enb_1_8_0
          Clock: (R) clk
       Endpoint: (F) pp_fir_6_1_1_sum2_3_re_1_reg[19]/D
          Clock: (R) clk

                     Capture       Launch     
        Clock Edge:+     500            0     
        Drv Adjust:+       0            0     
       Src Latency:+       0            0     
       Net Latency:+     200 (I)      200 (I) 
           Arrival:=     700          200     
                                              
             Setup:-       6                  
       Uncertainty:-     125                  
     Required Time:=     569                  
      Launch Clock:-     200                  
       Input Delay:-     300                  
         Data Path:-      85                  
             Slack:=     -16                  

Exceptions/Constraints:
  input_delay             300             pp_int_x4_struct.sdc_line_20_1_1 

#------------------------------------------------------------------------------------------------------------------------------------------
#           Timing Point             Flags   Arc   Edge             Cell               Fanout Load Trans Delay Arrival       Instance      
#                                                                                             (fF)  (ps)  (ps)   (ps)        Location      
#------------------------------------------------------------------------------------------------------------------------------------------
  enb_1_8_0                          -       -     R     (arrival)                         21 72.0     0     0     500               (-,-) 
  g12572/Y                           -       A->Y  F     INV_X7P5M_A9PP140ZTL_C30           2 13.7    10    11     511               (-,-) 
  g12571/Y                           -       A->Y  R     INV_X11M_A9PP140ZTL_C30            4 25.6    15    12     523               (-,-) 
  g13283/Y                           -       A->Y  F     INV_X9B_A9PP140ZTL_C30_XGCAP9      4 19.2    21    16     539               (-,-) 
  g12563_0/Y                         -       A->Y  R     INV_X7P5M_A9PP140ZTL_C30          16 17.8    18    15     554               (-,-) 
  g11040/Y                           -       S0->Y F     MX2_X1B_A9PP140ZTL_C30             1  1.1    17    31     585               (-,-) 
  pp_fir_6_1_1_sum2_3_re_1_reg[19]/D -       -     F     DFFRPQ_X3M_A9PP140ZTL_C30          1    -     -     0     585  (83.4555,123.0295) 
#------------------------------------------------------------------------------------------------------------------------------------------



Path 40: VIOLATED (-16 ps) Setup Check with Pin pp_fir_6_1_1_sum2_2_im_1_reg[21]/CK->D
           View: view_wcl_slow
          Group: clk
     Startpoint: (R) enb_1_8_0
          Clock: (R) clk
       Endpoint: (F) pp_fir_6_1_1_sum2_2_im_1_reg[21]/D
          Clock: (R) clk

                     Capture       Launch     
        Clock Edge:+     500            0     
        Drv Adjust:+       0            0     
       Src Latency:+       0            0     
       Net Latency:+     200 (I)      200 (I) 
           Arrival:=     700          200     
                                              
             Setup:-       6                  
       Uncertainty:-     125                  
     Required Time:=     569                  
      Launch Clock:-     200                  
       Input Delay:-     300                  
         Data Path:-      85                  
             Slack:=     -16                  

Exceptions/Constraints:
  input_delay             300             pp_int_x4_struct.sdc_line_20_1_1 

#-------------------------------------------------------------------------------------------------------------------------------------------
#           Timing Point             Flags   Arc   Edge             Cell               Fanout Load Trans Delay Arrival       Instance       
#                                                                                             (fF)  (ps)  (ps)   (ps)        Location       
#-------------------------------------------------------------------------------------------------------------------------------------------
  enb_1_8_0                          -       -     R     (arrival)                         21 72.0     0     0     500                (-,-) 
  g12572/Y                           -       A->Y  F     INV_X7P5M_A9PP140ZTL_C30           2 13.7    10    11     511                (-,-) 
  g12571/Y                           -       A->Y  R     INV_X11M_A9PP140ZTL_C30            4 25.6    15    12     523                (-,-) 
  g12570_0/Y                         -       A->Y  F     INV_X9B_A9PP140ZTL_C30_XGCAP9      4 19.2    21    16     539                (-,-) 
  g13298/Y                           -       A->Y  R     INV_X7P5M_A9PP140ZTL_C30          16 17.7    18    15     554                (-,-) 
  g10922/Y                           -       S0->Y F     MX2_X1B_A9PP140ZTL_C30             1  1.1    17    31     585                (-,-) 
  pp_fir_6_1_1_sum2_2_im_1_reg[21]/D -       -     F     DFFRPQ_X3M_A9PP140ZTL_C30          1    -     -     0     585  (182.1315,139.7425) 
#-------------------------------------------------------------------------------------------------------------------------------------------



Path 41: VIOLATED (-16 ps) Setup Check with Pin pp_fir_6_1_1_sum1_15_im_1_reg[8]/CK->D
           View: view_wcl_slow
          Group: clk
     Startpoint: (R) enb_1_8_0
          Clock: (R) clk
       Endpoint: (F) pp_fir_6_1_1_sum1_15_im_1_reg[8]/D
          Clock: (R) clk

                     Capture       Launch     
        Clock Edge:+     500            0     
        Drv Adjust:+       0            0     
       Src Latency:+       0            0     
       Net Latency:+     200 (I)      200 (I) 
           Arrival:=     700          200     
                                              
             Setup:-       6                  
       Uncertainty:-     125                  
     Required Time:=     569                  
      Launch Clock:-     200                  
       Input Delay:-     300                  
         Data Path:-      85                  
             Slack:=     -16                  

Exceptions/Constraints:
  input_delay             300             pp_int_x4_struct.sdc_line_20_1_1 

#------------------------------------------------------------------------------------------------------------------------------------------
#           Timing Point             Flags   Arc   Edge             Cell               Fanout Load Trans Delay Arrival       Instance      
#                                                                                             (fF)  (ps)  (ps)   (ps)        Location      
#------------------------------------------------------------------------------------------------------------------------------------------
  enb_1_8_0                          -       -     R     (arrival)                         21 72.0     0     0     500               (-,-) 
  g12572/Y                           -       A->Y  F     INV_X7P5M_A9PP140ZTL_C30           2 13.7    10    11     511               (-,-) 
  g12571/Y                           -       A->Y  R     INV_X11M_A9PP140ZTL_C30            4 25.6    15    12     523               (-,-) 
  g13283/Y                           -       A->Y  F     INV_X9B_A9PP140ZTL_C30_XGCAP9      4 19.2    21    16     539               (-,-) 
  g12563_0/Y                         -       A->Y  R     INV_X7P5M_A9PP140ZTL_C30          16 17.8    18    15     554               (-,-) 
  g10696/Y                           -       S0->Y F     MX2_X1B_A9PP140ZTL_C30             1  1.1    16    31     585               (-,-) 
  pp_fir_6_1_1_sum1_15_im_1_reg[8]/D -       -     F     DFFRPQ_X3M_A9PP140ZTL_C30          1    -     -     0     585  (109.9270,47.2210) 
#------------------------------------------------------------------------------------------------------------------------------------------



Path 42: VIOLATED (-16 ps) Setup Check with Pin pp_fir_6_1_1_sum1_14_re_1_reg[13]/CK->D
           View: view_wcl_slow
          Group: clk
     Startpoint: (R) enb_1_8_0
          Clock: (R) clk
       Endpoint: (F) pp_fir_6_1_1_sum1_14_re_1_reg[13]/D
          Clock: (R) clk

                     Capture       Launch     
        Clock Edge:+     500            0     
        Drv Adjust:+       0            0     
       Src Latency:+       0            0     
       Net Latency:+     200 (I)      200 (I) 
           Arrival:=     700          200     
                                              
             Setup:-       6                  
       Uncertainty:-     125                  
     Required Time:=     569                  
      Launch Clock:-     200                  
       Input Delay:-     300                  
         Data Path:-      85                  
             Slack:=     -16                  

Exceptions/Constraints:
  input_delay             300             pp_int_x4_struct.sdc_line_20_1_1 

#------------------------------------------------------------------------------------------------------------------------------------------
#            Timing Point             Flags   Arc   Edge             Cell               Fanout Load Trans Delay Arrival      Instance      
#                                                                                              (fF)  (ps)  (ps)   (ps)       Location      
#------------------------------------------------------------------------------------------------------------------------------------------
  enb_1_8_0                           -       -     R     (arrival)                         21 72.0     0     0     500              (-,-) 
  g12572/Y                            -       A->Y  F     INV_X7P5M_A9PP140ZTL_C30           2 13.7    10    11     511              (-,-) 
  g12571/Y                            -       A->Y  R     INV_X11M_A9PP140ZTL_C30            4 25.6    15    12     523              (-,-) 
  g12570_0/Y                          -       A->Y  F     INV_X9B_A9PP140ZTL_C30_XGCAP9      4 19.2    21    16     539              (-,-) 
  g13298/Y                            -       A->Y  R     INV_X7P5M_A9PP140ZTL_C30          16 17.7    18    15     554              (-,-) 
  g10667/Y                            -       S0->Y F     MX2_X1B_A9PP140ZTL_C30             1  1.1    17    31     585              (-,-) 
  pp_fir_6_1_1_sum1_14_re_1_reg[13]/D -       -     F     DFFRPQ_X3M_A9PP140ZTL_C30          1    -     -     0     585  (51.2955,28.9165) 
#------------------------------------------------------------------------------------------------------------------------------------------



Path 43: VIOLATED (-16 ps) Setup Check with Pin pp_fir_6_1_1_sum1_13_im_1_reg[14]/CK->D
           View: view_wcl_slow
          Group: clk
     Startpoint: (R) enb_1_8_0
          Clock: (R) clk
       Endpoint: (F) pp_fir_6_1_1_sum1_13_im_1_reg[14]/D
          Clock: (R) clk

                     Capture       Launch     
        Clock Edge:+     500            0     
        Drv Adjust:+       0            0     
       Src Latency:+       0            0     
       Net Latency:+     200 (I)      200 (I) 
           Arrival:=     700          200     
                                              
             Setup:-       6                  
       Uncertainty:-     125                  
     Required Time:=     569                  
      Launch Clock:-     200                  
       Input Delay:-     300                  
         Data Path:-      85                  
             Slack:=     -16                  

Exceptions/Constraints:
  input_delay             300             pp_int_x4_struct.sdc_line_20_1_1 

#-------------------------------------------------------------------------------------------------------------------------------------------
#            Timing Point             Flags   Arc   Edge             Cell               Fanout Load Trans Delay Arrival       Instance      
#                                                                                              (fF)  (ps)  (ps)   (ps)        Location      
#-------------------------------------------------------------------------------------------------------------------------------------------
  enb_1_8_0                           -       -     R     (arrival)                         21 72.0     0     0     500               (-,-) 
  g12572/Y                            -       A->Y  F     INV_X7P5M_A9PP140ZTL_C30           2 13.7    10    11     511               (-,-) 
  g12571/Y                            -       A->Y  R     INV_X11M_A9PP140ZTL_C30            4 25.6    15    12     523               (-,-) 
  g13283/Y                            -       A->Y  F     INV_X9B_A9PP140ZTL_C30_XGCAP9      4 19.2    21    16     539               (-,-) 
  g12563_0/Y                          -       A->Y  R     INV_X7P5M_A9PP140ZTL_C30          16 17.8    18    15     554               (-,-) 
  g10555/Y                            -       S0->Y F     MX2_X1B_A9PP140ZTL_C30             1  1.1    17    31     585               (-,-) 
  pp_fir_6_1_1_sum1_13_im_1_reg[14]/D -       -     F     DFFRPQ_X3M_A9PP140ZTL_C30          1    -     -     0     585  (129.9620,22.2285) 
#-------------------------------------------------------------------------------------------------------------------------------------------



Path 44: VIOLATED (-16 ps) Setup Check with Pin pp_fir_6_1_1_sum1_13_im_1_reg[10]/CK->D
           View: view_wcl_slow
          Group: clk
     Startpoint: (R) enb_1_8_0
          Clock: (R) clk
       Endpoint: (F) pp_fir_6_1_1_sum1_13_im_1_reg[10]/D
          Clock: (R) clk

                     Capture       Launch     
        Clock Edge:+     500            0     
        Drv Adjust:+       0            0     
       Src Latency:+       0            0     
       Net Latency:+     200 (I)      200 (I) 
           Arrival:=     700          200     
                                              
             Setup:-       6                  
       Uncertainty:-     125                  
     Required Time:=     569                  
      Launch Clock:-     200                  
       Input Delay:-     300                  
         Data Path:-      85                  
             Slack:=     -16                  

Exceptions/Constraints:
  input_delay             300             pp_int_x4_struct.sdc_line_20_1_1 

#-------------------------------------------------------------------------------------------------------------------------------------------
#            Timing Point             Flags   Arc   Edge             Cell               Fanout Load Trans Delay Arrival       Instance      
#                                                                                              (fF)  (ps)  (ps)   (ps)        Location      
#-------------------------------------------------------------------------------------------------------------------------------------------
  enb_1_8_0                           -       -     R     (arrival)                         21 72.0     0     0     500               (-,-) 
  g12572/Y                            -       A->Y  F     INV_X7P5M_A9PP140ZTL_C30           2 13.7    10    11     511               (-,-) 
  g12571/Y                            -       A->Y  R     INV_X11M_A9PP140ZTL_C30            4 25.6    15    12     523               (-,-) 
  g12570_0/Y                          -       A->Y  F     INV_X9B_A9PP140ZTL_C30_XGCAP9      4 19.2    21    16     539               (-,-) 
  g13298/Y                            -       A->Y  R     INV_X7P5M_A9PP140ZTL_C30          16 17.7    18    15     554               (-,-) 
  g10549/Y                            -       S0->Y F     MX2_X1B_A9PP140ZTL_C30             1  1.1    17    31     585               (-,-) 
  pp_fir_6_1_1_sum1_13_im_1_reg[10]/D -       -     F     DFFRPQ_X3M_A9PP140ZTL_C30          1    -     -     0     585  (133.3885,32.7245) 
#-------------------------------------------------------------------------------------------------------------------------------------------



Path 45: VIOLATED (-16 ps) Setup Check with Pin pp_fir_6_1_1_sum1_13_im_1_reg[9]/CK->D
           View: view_wcl_slow
          Group: clk
     Startpoint: (R) enb_1_8_0
          Clock: (R) clk
       Endpoint: (F) pp_fir_6_1_1_sum1_13_im_1_reg[9]/D
          Clock: (R) clk

                     Capture       Launch     
        Clock Edge:+     500            0     
        Drv Adjust:+       0            0     
       Src Latency:+       0            0     
       Net Latency:+     200 (I)      200 (I) 
           Arrival:=     700          200     
                                              
             Setup:-       6                  
       Uncertainty:-     125                  
     Required Time:=     569                  
      Launch Clock:-     200                  
       Input Delay:-     300                  
         Data Path:-      85                  
             Slack:=     -16                  

Exceptions/Constraints:
  input_delay             300             pp_int_x4_struct.sdc_line_20_1_1 

#------------------------------------------------------------------------------------------------------------------------------------------
#           Timing Point             Flags   Arc   Edge             Cell               Fanout Load Trans Delay Arrival       Instance      
#                                                                                             (fF)  (ps)  (ps)   (ps)        Location      
#------------------------------------------------------------------------------------------------------------------------------------------
  enb_1_8_0                          -       -     R     (arrival)                         21 72.0     0     0     500               (-,-) 
  g12572/Y                           -       A->Y  F     INV_X7P5M_A9PP140ZTL_C30           2 13.7    10    11     511               (-,-) 
  g12571/Y                           -       A->Y  R     INV_X11M_A9PP140ZTL_C30            4 25.6    15    12     523               (-,-) 
  g12570_0/Y                         -       A->Y  F     INV_X9B_A9PP140ZTL_C30_XGCAP9      4 19.2    21    16     539               (-,-) 
  g13298/Y                           -       A->Y  R     INV_X7P5M_A9PP140ZTL_C30          16 17.7    18    15     554               (-,-) 
  g10547/Y                           -       S0->Y F     MX2_X1B_A9PP140ZTL_C30             1  1.1    17    31     585               (-,-) 
  pp_fir_6_1_1_sum1_13_im_1_reg[9]/D -       -     F     DFFRPQ_X3M_A9PP140ZTL_C30          1    -     -     0     585  (134.4130,35.0095) 
#------------------------------------------------------------------------------------------------------------------------------------------



Path 46: VIOLATED (-16 ps) Setup Check with Pin pp_fir_6_1_1_sum1_11_re_1_reg[18]/CK->D
           View: view_wcl_slow
          Group: clk
     Startpoint: (R) enb_1_8_0
          Clock: (R) clk
       Endpoint: (F) pp_fir_6_1_1_sum1_11_re_1_reg[18]/D
          Clock: (R) clk

                     Capture       Launch     
        Clock Edge:+     500            0     
        Drv Adjust:+       0            0     
       Src Latency:+       0            0     
       Net Latency:+     200 (I)      200 (I) 
           Arrival:=     700          200     
                                              
             Setup:-       6                  
       Uncertainty:-     125                  
     Required Time:=     569                  
      Launch Clock:-     200                  
       Input Delay:-     300                  
         Data Path:-      85                  
             Slack:=     -16                  

Exceptions/Constraints:
  input_delay             300             pp_int_x4_struct.sdc_line_20_1_1 

#------------------------------------------------------------------------------------------------------------------------------------------
#            Timing Point             Flags   Arc   Edge             Cell               Fanout Load Trans Delay Arrival      Instance      
#                                                                                              (fF)  (ps)  (ps)   (ps)       Location      
#------------------------------------------------------------------------------------------------------------------------------------------
  enb_1_8_0                           -       -     R     (arrival)                         21 72.0     0     0     500              (-,-) 
  g12572/Y                            -       A->Y  F     INV_X7P5M_A9PP140ZTL_C30           2 13.7    10    11     511              (-,-) 
  g12571/Y                            -       A->Y  R     INV_X11M_A9PP140ZTL_C30            4 25.6    15    12     523              (-,-) 
  g12570_0/Y                          -       A->Y  F     INV_X9B_A9PP140ZTL_C30_XGCAP9      4 19.2    21    16     539              (-,-) 
  g13298/Y                            -       A->Y  R     INV_X7P5M_A9PP140ZTL_C30          16 17.7    18    15     554              (-,-) 
  g10439/Y                            -       S0->Y F     MX2_X1B_A9PP140ZTL_C30             1  1.1    16    31     585              (-,-) 
  pp_fir_6_1_1_sum1_11_re_1_reg[18]/D -       -     F     DFFRPQ_X3M_A9PP140ZTL_C30          1    -     -     0     585  (23.6670,59.7725) 
#------------------------------------------------------------------------------------------------------------------------------------------



Path 47: VIOLATED (-16 ps) Setup Check with Pin pp_fir_6_1_1_sum1_11_re_1_reg[7]/CK->D
           View: view_wcl_slow
          Group: clk
     Startpoint: (R) enb_1_8_0
          Clock: (R) clk
       Endpoint: (F) pp_fir_6_1_1_sum1_11_re_1_reg[7]/D
          Clock: (R) clk

                     Capture       Launch     
        Clock Edge:+     500            0     
        Drv Adjust:+       0            0     
       Src Latency:+       0            0     
       Net Latency:+     200 (I)      200 (I) 
           Arrival:=     700          200     
                                              
             Setup:-       6                  
       Uncertainty:-     125                  
     Required Time:=     569                  
      Launch Clock:-     200                  
       Input Delay:-     300                  
         Data Path:-      85                  
             Slack:=     -16                  

Exceptions/Constraints:
  input_delay             300             pp_int_x4_struct.sdc_line_20_1_1 

#-----------------------------------------------------------------------------------------------------------------------------------------
#           Timing Point             Flags   Arc   Edge             Cell               Fanout Load Trans Delay Arrival      Instance      
#                                                                                             (fF)  (ps)  (ps)   (ps)       Location      
#-----------------------------------------------------------------------------------------------------------------------------------------
  enb_1_8_0                          -       -     R     (arrival)                         21 72.0     0     0     500              (-,-) 
  g12572/Y                           -       A->Y  F     INV_X7P5M_A9PP140ZTL_C30           2 13.7    10    11     511              (-,-) 
  g12571/Y                           -       A->Y  R     INV_X11M_A9PP140ZTL_C30            4 25.6    15    12     523              (-,-) 
  g12570_0/Y                         -       A->Y  F     INV_X9B_A9PP140ZTL_C30_XGCAP9      4 19.2    21    16     539              (-,-) 
  g13298/Y                           -       A->Y  R     INV_X7P5M_A9PP140ZTL_C30          16 17.7    18    15     554              (-,-) 
  g10423/Y                           -       S0->Y F     MX2_X1B_A9PP140ZTL_C30             1  1.1    17    31     585              (-,-) 
  pp_fir_6_1_1_sum1_11_re_1_reg[7]/D -       -     F     DFFRPQ_X3M_A9PP140ZTL_C30          1    -     -     0     585  (32.0755,36.0395) 
#-----------------------------------------------------------------------------------------------------------------------------------------



Path 48: VIOLATED (-16 ps) Setup Check with Pin pp_fir_6_1_1_sum1_5_re_1_reg[15]/CK->D
           View: view_wcl_slow
          Group: clk
     Startpoint: (R) enb_1_8_0
          Clock: (R) clk
       Endpoint: (F) pp_fir_6_1_1_sum1_5_re_1_reg[15]/D
          Clock: (R) clk

                     Capture       Launch     
        Clock Edge:+     500            0     
        Drv Adjust:+       0            0     
       Src Latency:+       0            0     
       Net Latency:+     200 (I)      200 (I) 
           Arrival:=     700          200     
                                              
             Setup:-       6                  
       Uncertainty:-     125                  
     Required Time:=     569                  
      Launch Clock:-     200                  
       Input Delay:-     300                  
         Data Path:-      85                  
             Slack:=     -16                  

Exceptions/Constraints:
  input_delay             300             pp_int_x4_struct.sdc_line_20_1_1 

#------------------------------------------------------------------------------------------------------------------------------------------
#           Timing Point             Flags   Arc   Edge             Cell               Fanout Load Trans Delay Arrival       Instance      
#                                                                                             (fF)  (ps)  (ps)   (ps)        Location      
#------------------------------------------------------------------------------------------------------------------------------------------
  enb_1_8_0                          -       -     R     (arrival)                         21 72.0     0     0     500               (-,-) 
  g12572/Y                           -       A->Y  F     INV_X7P5M_A9PP140ZTL_C30           2 13.7    10    11     511               (-,-) 
  g12571/Y                           -       A->Y  R     INV_X11M_A9PP140ZTL_C30            4 25.6    15    12     523               (-,-) 
  g13283/Y                           -       A->Y  F     INV_X9B_A9PP140ZTL_C30_XGCAP9      4 19.2    21    16     539               (-,-) 
  g12563_0/Y                         -       A->Y  R     INV_X7P5M_A9PP140ZTL_C30          16 17.8    18    15     554               (-,-) 
  g9929__9945/Y                      -       S0->Y F     MX2_X1B_A9PP140ZTL_C30             1  1.1    16    31     585               (-,-) 
  pp_fir_6_1_1_sum1_5_re_1_reg[15]/D -       -     F     DFFRPQ_X3M_A9PP140ZTL_C30          1    -     -     0     585  (84.3730,119.3365) 
#------------------------------------------------------------------------------------------------------------------------------------------



Path 49: VIOLATED (-16 ps) Setup Check with Pin pp_fir_6_1_1_sum1_4_re_1_reg[16]/CK->D
           View: view_wcl_slow
          Group: clk
     Startpoint: (R) enb_1_8_0
          Clock: (R) clk
       Endpoint: (F) pp_fir_6_1_1_sum1_4_re_1_reg[16]/D
          Clock: (R) clk

                     Capture       Launch     
        Clock Edge:+     500            0     
        Drv Adjust:+       0            0     
       Src Latency:+       0            0     
       Net Latency:+     200 (I)      200 (I) 
           Arrival:=     700          200     
                                              
             Setup:-       6                  
       Uncertainty:-     125                  
     Required Time:=     569                  
      Launch Clock:-     200                  
       Input Delay:-     300                  
         Data Path:-      85                  
             Slack:=     -16                  

Exceptions/Constraints:
  input_delay             300             pp_int_x4_struct.sdc_line_20_1_1 

#-----------------------------------------------------------------------------------------------------------------------------------------
#           Timing Point             Flags   Arc   Edge             Cell               Fanout Load Trans Delay Arrival      Instance      
#                                                                                             (fF)  (ps)  (ps)   (ps)       Location      
#-----------------------------------------------------------------------------------------------------------------------------------------
  enb_1_8_0                          -       -     R     (arrival)                         21 72.0     0     0     500              (-,-) 
  g12572/Y                           -       A->Y  F     INV_X7P5M_A9PP140ZTL_C30           2 13.7    10    11     511              (-,-) 
  g12571/Y                           -       A->Y  R     INV_X11M_A9PP140ZTL_C30            4 25.6    15    12     523              (-,-) 
  g13283/Y                           -       A->Y  F     INV_X9B_A9PP140ZTL_C30_XGCAP9      4 19.2    21    16     539              (-,-) 
  g12563_0/Y                         -       A->Y  R     INV_X7P5M_A9PP140ZTL_C30          16 17.8    18    15     554              (-,-) 
  g9853__5107/Y                      -       S0->Y F     MX2_X1B_A9PP140ZTL_C30             1  1.1    16    31     585              (-,-) 
  pp_fir_6_1_1_sum1_4_re_1_reg[16]/D -       -     F     DFFRPQ_X3M_A9PP140ZTL_C30          1    -     -     0     585  (85.6725,89.7820) 
#-----------------------------------------------------------------------------------------------------------------------------------------



Path 50: VIOLATED (-16 ps) Setup Check with Pin pp_fir_6_1_1_sum1_3_re_1_reg[8]/CK->D
           View: view_wcl_slow
          Group: clk
     Startpoint: (R) enb_1_8_0
          Clock: (R) clk
       Endpoint: (F) pp_fir_6_1_1_sum1_3_re_1_reg[8]/D
          Clock: (R) clk

                     Capture       Launch     
        Clock Edge:+     500            0     
        Drv Adjust:+       0            0     
       Src Latency:+       0            0     
       Net Latency:+     200 (I)      200 (I) 
           Arrival:=     700          200     
                                              
             Setup:-       6                  
       Uncertainty:-     125                  
     Required Time:=     569                  
      Launch Clock:-     200                  
       Input Delay:-     300                  
         Data Path:-      85                  
             Slack:=     -16                  

Exceptions/Constraints:
  input_delay             300             pp_int_x4_struct.sdc_line_20_1_1 

#----------------------------------------------------------------------------------------------------------------------------------------
#           Timing Point            Flags   Arc   Edge             Cell               Fanout Load Trans Delay Arrival      Instance      
#                                                                                            (fF)  (ps)  (ps)   (ps)       Location      
#----------------------------------------------------------------------------------------------------------------------------------------
  enb_1_8_0                         -       -     R     (arrival)                         21 72.0     0     0     500              (-,-) 
  g12572/Y                          -       A->Y  F     INV_X7P5M_A9PP140ZTL_C30           2 13.7    10    11     511              (-,-) 
  g12571/Y                          -       A->Y  R     INV_X11M_A9PP140ZTL_C30            4 25.6    15    12     523              (-,-) 
  g13283/Y                          -       A->Y  F     INV_X9B_A9PP140ZTL_C30_XGCAP9      4 19.2    21    16     539              (-,-) 
  g12563_0/Y                        -       A->Y  R     INV_X7P5M_A9PP140ZTL_C30          16 17.8    18    15     554              (-,-) 
  g12298/Y                          -       S0->Y F     MX2_X1B_A9PP140ZTL_C30             1  1.1    17    31     585              (-,-) 
  pp_fir_6_1_1_sum1_3_re_1_reg[8]/D -       -     F     DFFRPQ_X3M_A9PP140ZTL_C30          1    -     -     0     585  (93.8505,63.4390) 
#----------------------------------------------------------------------------------------------------------------------------------------

