============================================================
  Generated by:           Genus(TM) Synthesis Solution 22.10-p001_1
  Generated on:           Jan 25 2025  12:18:05 pm
  Module:                 pp_int_x4
  Operating conditions:   ssg_cworstt_max_0p81v_125c 
  Operating conditions:   ffg_cbestt_min_0p99v_m40c 
  Operating conditions:   tt_ctypical_max_0p90v_25c 
  Interconnect mode:      global
  Area mode:              physical library
============================================================


Path 1: MET (0 ps) Late External Delay Assertion at pin Out1_im[9]
           View: func-slow-maxrc
          Group: clk
     Startpoint: (R) u_pp_int_x4_tc/phase_1_reg/CK
          Clock: (R) clk
       Endpoint: (F) Out1_im[9]
          Clock: (R) clk

                     Capture       Launch     
        Clock Edge:+     500            0     
       Src Latency:+       0            0     
       Net Latency:+     200 (I)      200 (I) 
           Arrival:=     700          200     
                                              
      Output Delay:-      50                  
       Uncertainty:-     125                  
     Required Time:=     525                  
      Launch Clock:-     200                  
         Data Path:-     325                  
             Slack:=       0                  

Exceptions/Constraints:
  output_delay              50             pp_int_x4_struct.sdc_line_22_49_1 

#-------------------------------------------------------------------------------------------------------------------------------
#            Timing Point             Flags    Arc   Edge            Cell              Fanout Load Trans Delay Arrival Instance 
#                                                                                             (fF)  (ps)  (ps)   (ps)  Location 
#-------------------------------------------------------------------------------------------------------------------------------
  u_pp_int_x4_tc/phase_1_reg/CK       -       -      R     (arrival)                      741    -    25     0     200    (-,-) 
  u_pp_int_x4_tc/phase_1_reg/Q        -       CK->Q  F     SDFFSQA_X1M_A9PP140ZTUL_C30      3  4.3    20    38     238    (-,-) 
  u_pp_int_x4_tc/g52/Y                -       B->Y   F     AND2_X3TM_A9PP140ZTUL_C30        1  4.8    13    25     263    (-,-) 
  g4512/Y                             -       A->Y   R     NAND2_X6B_A9PP140ZTUL_C30        9 14.8    16    13     276    (-,-) 
  g4457/Y                             -       A0->Y  F     OAI2XB1_X3M_A9PP140ZTUL_C30      2  3.2    19    12     288    (-,-) 
  csa_tree_add_441_56_groupi_g2507/CO -       CI->CO F     ADDF_X1M_A9PP140ZTL_C30          1  2.5    20    34     322    (-,-) 
  csa_tree_add_441_56_groupi_g2463/CO -       CI->CO F     ADDF_X1M_A9PP140ZTUL_C30         1  2.6    19    32     353    (-,-) 
  csa_tree_add_441_56_groupi_g2455/CO -       CI->CO F     ADDF_X2M_A9PP140ZTUL_C30         1  2.6    14    29     383    (-,-) 
  csa_tree_add_441_56_groupi_g2447/CO -       CI->CO F     ADDF_X2M_A9PP140ZTUL_C30         2  3.1    17    29     412    (-,-) 
  csa_tree_add_441_56_groupi_g2445/Y  -       A->Y   R     NAND2_X2B_A9PP140ZTUL_C30        2  3.1    15    12     423    (-,-) 
  csa_tree_add_441_56_groupi_g2431/Y  -       A0->Y  R     OA21B_X4M_A9PP140ZTUL_C30        3  7.7    24    23     447    (-,-) 
  csa_tree_add_441_56_groupi_g2428/Y  -       A0->Y  F     OAI21_X6M_A9PP140ZTUL_C30        5 10.0    24    15     462    (-,-) 
  csa_tree_add_441_56_groupi_g2427/Y  -       A->Y   R     INV_X3M_A9PP140ZTUL_C30          1  1.5    10     8     470    (-,-) 
  csa_tree_add_441_56_groupi_g2424/Y  -       A0->Y  F     OAI21_X1A_A9PP140ZTUL_C30        1  2.6    34    18     488    (-,-) 
  csa_tree_add_441_56_groupi_g2419/Y  -       A->Y   F     XOR2_X2M_A9PP140ZTUL_C30         1 10.8    55    36     524    (-,-) 
  Out1_im[9]                          -       -      F     (port)                           -    -     -     1     525    (-,-) 
#-------------------------------------------------------------------------------------------------------------------------------



Path 2: MET (0 ps) Late External Delay Assertion at pin Out1_im[15]
           View: func-slow-maxrc
          Group: clk
     Startpoint: (R) u_pp_int_x4_tc/phase_1_reg/CK
          Clock: (R) clk
       Endpoint: (R) Out1_im[15]
          Clock: (R) clk

                     Capture       Launch     
        Clock Edge:+     500            0     
       Src Latency:+       0            0     
       Net Latency:+     200 (I)      200 (I) 
           Arrival:=     700          200     
                                              
      Output Delay:-      50                  
       Uncertainty:-     125                  
     Required Time:=     525                  
      Launch Clock:-     200                  
         Data Path:-     325                  
             Slack:=       0                  

Exceptions/Constraints:
  output_delay              50             pp_int_x4_struct.sdc_line_22_43_1 

#------------------------------------------------------------------------------------------------------------------------------
#           Timing Point             Flags    Arc   Edge            Cell              Fanout Load Trans Delay Arrival Instance 
#                                                                                            (fF)  (ps)  (ps)   (ps)  Location 
#------------------------------------------------------------------------------------------------------------------------------
  u_pp_int_x4_tc/phase_1_reg/CK      -       -      R     (arrival)                      741    -    25     0     200    (-,-) 
  u_pp_int_x4_tc/phase_1_reg/Q       -       CK->Q  R     SDFFSQA_X1M_A9PP140ZTUL_C30      3  4.4    24    43     243    (-,-) 
  u_pp_int_x4_tc/g52/Y               -       B->Y   R     AND2_X3TM_A9PP140ZTUL_C30        1  4.6    12    16     259    (-,-) 
  g4512/Y                            -       A->Y   F     NAND2_X6B_A9PP140ZTUL_C30        9 13.8    22    15     274    (-,-) 
  g4447/Y                            -       A0->Y  R     OAI2XB1_X1M_A9PP140ZTUL_C30      2  3.2    39    27     300    (-,-) 
  csa_tree_add_441_56_groupi_g2500/S -       CI->S  F     ADDF_X1M_A9PP140ZTUL_C30         2  2.4    23    44     344    (-,-) 
  g6922/Y                            -       A->Y   R     NOR2_X1A_A9PP140ZTL_C30          3  4.7    52    36     380    (-,-) 
  csa_tree_add_441_56_groupi_g2460/Y -       A1->Y  F     OAI21_X2M_A9PP140ZTUL_C30        2  3.4    27    18     398    (-,-) 
  csa_tree_add_441_56_groupi_g2456/Y -       A0->Y  R     AOI2XB1_X2M_A9PP140ZTUL_C30      1  2.1    19    17     415    (-,-) 
  csa_tree_add_441_56_groupi_g2448/Y -       A0->Y  F     OAI21_X2M_A9PP140ZTL_C30         2  3.8    27    17     432    (-,-) 
  csa_tree_add_441_56_groupi_g2446/Y -       A0->Y  R     AOI21_X1A_A9PP140ZTUL_C30        1  1.5    27    20     452    (-,-) 
  csa_tree_add_441_56_groupi_g2433/Y -       A0->Y  R     OA21_X1M_A9PP140ZTUL_C30         1  2.1    17    24     476    (-,-) 
  csa_tree_add_441_56_groupi_g2421/Y -       A0N->Y F     AO1B2_X2M_A9PP140ZTUL_C30        1  2.0    14    10     486    (-,-) 
  csa_tree_add_441_56_groupi_g2420/Y -       A->Y   R     XOR3_X2M_A9PP140ZTUL_C30         1 10.8    36    38     524    (-,-) 
  Out1_im[15]                        -       -      R     (port)                           -    -     -     1     525    (-,-) 
#------------------------------------------------------------------------------------------------------------------------------



Path 3: MET (0 ps) Late External Delay Assertion at pin Out1_re[9]
           View: func-slow-maxrc
          Group: clk
     Startpoint: (R) u_pp_int_x4_tc/phase_1_reg/CK
          Clock: (R) clk
       Endpoint: (F) Out1_re[9]
          Clock: (R) clk

                     Capture       Launch     
        Clock Edge:+     500            0     
       Src Latency:+       0            0     
       Net Latency:+     200 (I)      200 (I) 
           Arrival:=     700          200     
                                              
      Output Delay:-      50                  
       Uncertainty:-     125                  
     Required Time:=     525                  
      Launch Clock:-     200                  
         Data Path:-     325                  
             Slack:=       0                  

Exceptions/Constraints:
  output_delay              50             pp_int_x4_struct.sdc_line_22_33_1 

#-------------------------------------------------------------------------------------------------------------------------------
#            Timing Point             Flags    Arc   Edge            Cell              Fanout Load Trans Delay Arrival Instance 
#                                                                                             (fF)  (ps)  (ps)   (ps)  Location 
#-------------------------------------------------------------------------------------------------------------------------------
  u_pp_int_x4_tc/phase_1_reg/CK       -       -      R     (arrival)                      741    -    25     0     200    (-,-) 
  u_pp_int_x4_tc/phase_1_reg/Q        -       CK->Q  F     SDFFSQA_X1M_A9PP140ZTUL_C30      3  4.3    20    38     238    (-,-) 
  u_pp_int_x4_tc/g52/Y                -       B->Y   F     AND2_X3TM_A9PP140ZTUL_C30        1  4.8    13    25     263    (-,-) 
  g4512/Y                             -       A->Y   R     NAND2_X6B_A9PP140ZTUL_C30        9 14.8    16    13     276    (-,-) 
  g4444/Y                             -       A0->Y  F     OAI2XB1_X3M_A9PP140ZTUL_C30      2  3.2    19    12     288    (-,-) 
  csa_tree_add_437_52_groupi_g2507/CO -       CI->CO F     ADDF_X1M_A9PP140ZTL_C30          1  2.5    20    34     322    (-,-) 
  csa_tree_add_437_52_groupi_g2463/CO -       CI->CO F     ADDF_X1M_A9PP140ZTUL_C30         1  2.6    19    32     353    (-,-) 
  csa_tree_add_437_52_groupi_g2455/CO -       CI->CO F     ADDF_X2M_A9PP140ZTUL_C30         1  2.6    14    29     383    (-,-) 
  csa_tree_add_437_52_groupi_g2447/CO -       CI->CO F     ADDF_X2M_A9PP140ZTUL_C30         2  3.1    17    29     412    (-,-) 
  csa_tree_add_437_52_groupi_g2445/Y  -       A->Y   R     NAND2_X2B_A9PP140ZTUL_C30        2  3.1    15    12     423    (-,-) 
  csa_tree_add_437_52_groupi_g2431/Y  -       A0->Y  R     OA21B_X4M_A9PP140ZTUL_C30        3  7.7    24    23     447    (-,-) 
  csa_tree_add_437_52_groupi_g2428/Y  -       A0->Y  F     OAI21_X6M_A9PP140ZTUL_C30        5 10.0    24    15     462    (-,-) 
  csa_tree_add_437_52_groupi_g2427/Y  -       A->Y   R     INV_X3M_A9PP140ZTUL_C30          1  1.5    10     8     470    (-,-) 
  csa_tree_add_437_52_groupi_g2424/Y  -       A0->Y  F     OAI21_X1A_A9PP140ZTUL_C30        1  2.6    34    18     488    (-,-) 
  csa_tree_add_437_52_groupi_g2419/Y  -       A->Y   F     XOR2_X2M_A9PP140ZTUL_C30         1 10.8    55    36     524    (-,-) 
  Out1_re[9]                          -       -      F     (port)                           -    -     -     1     525    (-,-) 
#-------------------------------------------------------------------------------------------------------------------------------



Path 4: MET (0 ps) Late External Delay Assertion at pin Out1_im[11]
           View: func-slow-maxrc
          Group: clk
     Startpoint: (R) u_pp_int_x4_tc/phase_1_reg/CK
          Clock: (R) clk
       Endpoint: (R) Out1_im[11]
          Clock: (R) clk

                     Capture       Launch     
        Clock Edge:+     500            0     
       Src Latency:+       0            0     
       Net Latency:+     200 (I)      200 (I) 
           Arrival:=     700          200     
                                              
      Output Delay:-      50                  
       Uncertainty:-     125                  
     Required Time:=     525                  
      Launch Clock:-     200                  
         Data Path:-     325                  
             Slack:=       0                  

Exceptions/Constraints:
  output_delay              50             pp_int_x4_struct.sdc_line_22_47_1 

#-------------------------------------------------------------------------------------------------------------------------------
#            Timing Point             Flags    Arc   Edge            Cell              Fanout Load Trans Delay Arrival Instance 
#                                                                                             (fF)  (ps)  (ps)   (ps)  Location 
#-------------------------------------------------------------------------------------------------------------------------------
  u_pp_int_x4_tc/phase_1_reg/CK       -       -      R     (arrival)                      741    -    25     0     200    (-,-) 
  u_pp_int_x4_tc/phase_1_reg/Q        -       CK->Q  R     SDFFSQA_X1M_A9PP140ZTUL_C30      3  4.4    24    43     243    (-,-) 
  u_pp_int_x4_tc/g52/Y                -       B->Y   R     AND2_X3TM_A9PP140ZTUL_C30        1  4.6    12    16     259    (-,-) 
  g4512/Y                             -       A->Y   F     NAND2_X6B_A9PP140ZTUL_C30        9 13.8    22    15     274    (-,-) 
  g4457/Y                             -       A0->Y  R     OAI2XB1_X3M_A9PP140ZTUL_C30      2  3.2    21    16     290    (-,-) 
  csa_tree_add_441_56_groupi_g2507/CO -       CI->CO R     ADDF_X1M_A9PP140ZTL_C30          1  2.5    21    33     323    (-,-) 
  csa_tree_add_441_56_groupi_g2463/CO -       CI->CO R     ADDF_X1M_A9PP140ZTUL_C30         1  2.6    20    31     354    (-,-) 
  csa_tree_add_441_56_groupi_g2455/CO -       CI->CO R     ADDF_X2M_A9PP140ZTUL_C30         1  2.6    15    29     383    (-,-) 
  csa_tree_add_441_56_groupi_g2447/CO -       CI->CO R     ADDF_X2M_A9PP140ZTUL_C30         2  3.1    18    29     412    (-,-) 
  csa_tree_add_441_56_groupi_g2445/Y  -       A->Y   F     NAND2_X2B_A9PP140ZTUL_C30        2  3.1    18    12     424    (-,-) 
  csa_tree_add_441_56_groupi_g2431/Y  -       A0->Y  F     OA21B_X4M_A9PP140ZTUL_C30        3  7.1    16    23     447    (-,-) 
  csa_tree_add_441_56_groupi_g2428/Y  -       A0->Y  R     OAI21_X6M_A9PP140ZTUL_C30        5  9.8    24    18     464    (-,-) 
  csa_tree_add_441_56_groupi_g2423/Y  -       A0->Y  F     AOI21_X2M_A9PP140ZTUL_C30        2  4.7    28    19     484    (-,-) 
  csa_tree_add_441_56_groupi_g2416/Y  -       A0->Y  R     OAI21_X3A_A9PP140ZTUL_C30        1  4.0    25    19     503    (-,-) 
  csa_tree_add_441_56_groupi_g2413/Y  -       A->Y   R     XNOR2_X4M_A9PP140ZTUL_C30        1 10.8    38    21     524    (-,-) 
  Out1_im[11]                         -       -      R     (port)                           -    -     -     1     525    (-,-) 
#-------------------------------------------------------------------------------------------------------------------------------



Path 5: MET (0 ps) Late External Delay Assertion at pin Out1_re[11]
           View: func-slow-maxrc
          Group: clk
     Startpoint: (R) u_pp_int_x4_tc/phase_1_reg/CK
          Clock: (R) clk
       Endpoint: (R) Out1_re[11]
          Clock: (R) clk

                     Capture       Launch     
        Clock Edge:+     500            0     
       Src Latency:+       0            0     
       Net Latency:+     200 (I)      200 (I) 
           Arrival:=     700          200     
                                              
      Output Delay:-      50                  
       Uncertainty:-     125                  
     Required Time:=     525                  
      Launch Clock:-     200                  
         Data Path:-     325                  
             Slack:=       0                  

Exceptions/Constraints:
  output_delay              50             pp_int_x4_struct.sdc_line_22_31_1 

#-------------------------------------------------------------------------------------------------------------------------------
#            Timing Point             Flags    Arc   Edge            Cell              Fanout Load Trans Delay Arrival Instance 
#                                                                                             (fF)  (ps)  (ps)   (ps)  Location 
#-------------------------------------------------------------------------------------------------------------------------------
  u_pp_int_x4_tc/phase_1_reg/CK       -       -      R     (arrival)                      741    -    25     0     200    (-,-) 
  u_pp_int_x4_tc/phase_1_reg/Q        -       CK->Q  R     SDFFSQA_X1M_A9PP140ZTUL_C30      3  4.4    24    43     243    (-,-) 
  u_pp_int_x4_tc/g52/Y                -       B->Y   R     AND2_X3TM_A9PP140ZTUL_C30        1  4.6    12    16     259    (-,-) 
  g4512/Y                             -       A->Y   F     NAND2_X6B_A9PP140ZTUL_C30        9 13.8    22    15     274    (-,-) 
  g4444/Y                             -       A0->Y  R     OAI2XB1_X3M_A9PP140ZTUL_C30      2  3.2    21    16     290    (-,-) 
  csa_tree_add_437_52_groupi_g2507/CO -       CI->CO R     ADDF_X1M_A9PP140ZTL_C30          1  2.5    21    33     323    (-,-) 
  csa_tree_add_437_52_groupi_g2463/CO -       CI->CO R     ADDF_X1M_A9PP140ZTUL_C30         1  2.6    20    31     354    (-,-) 
  csa_tree_add_437_52_groupi_g2455/CO -       CI->CO R     ADDF_X2M_A9PP140ZTUL_C30         1  2.6    15    29     383    (-,-) 
  csa_tree_add_437_52_groupi_g2447/CO -       CI->CO R     ADDF_X2M_A9PP140ZTUL_C30         2  3.1    18    29     412    (-,-) 
  csa_tree_add_437_52_groupi_g2445/Y  -       A->Y   F     NAND2_X2B_A9PP140ZTUL_C30        2  3.1    18    12     424    (-,-) 
  csa_tree_add_437_52_groupi_g2431/Y  -       A0->Y  F     OA21B_X4M_A9PP140ZTUL_C30        3  7.1    16    23     447    (-,-) 
  csa_tree_add_437_52_groupi_g2428/Y  -       A0->Y  R     OAI21_X6M_A9PP140ZTUL_C30        5  9.8    24    18     464    (-,-) 
  csa_tree_add_437_52_groupi_g2423/Y  -       A0->Y  F     AOI21_X2M_A9PP140ZTUL_C30        2  4.7    28    19     484    (-,-) 
  csa_tree_add_437_52_groupi_g2416/Y  -       A0->Y  R     OAI21_X3A_A9PP140ZTUL_C30        1  4.0    25    19     503    (-,-) 
  csa_tree_add_437_52_groupi_g2413/Y  -       A->Y   R     XNOR2_X4M_A9PP140ZTUL_C30        1 10.8    38    21     524    (-,-) 
  Out1_re[11]                         -       -      R     (port)                           -    -     -     1     525    (-,-) 
#-------------------------------------------------------------------------------------------------------------------------------



Path 6: MET (1 ps) Late External Delay Assertion at pin Out1_re[15]
           View: func-slow-maxrc
          Group: clk
     Startpoint: (R) u_pp_int_x4_tc/phase_1_reg/CK
          Clock: (R) clk
       Endpoint: (R) Out1_re[15]
          Clock: (R) clk

                     Capture       Launch     
        Clock Edge:+     500            0     
       Src Latency:+       0            0     
       Net Latency:+     200 (I)      200 (I) 
           Arrival:=     700          200     
                                              
      Output Delay:-      50                  
       Uncertainty:-     125                  
     Required Time:=     525                  
      Launch Clock:-     200                  
         Data Path:-     324                  
             Slack:=       1                  

Exceptions/Constraints:
  output_delay              50             pp_int_x4_struct.sdc_line_22 

#------------------------------------------------------------------------------------------------------------------------------
#           Timing Point             Flags   Arc   Edge             Cell              Fanout Load Trans Delay Arrival Instance 
#                                                                                            (fF)  (ps)  (ps)   (ps)  Location 
#------------------------------------------------------------------------------------------------------------------------------
  u_pp_int_x4_tc/phase_1_reg/CK      -       -     R     (arrival)                       741    -    25     0     200    (-,-) 
  u_pp_int_x4_tc/phase_1_reg/Q       -       CK->Q F     SDFFSQA_X1M_A9PP140ZTUL_C30       3  4.3    20    38     238    (-,-) 
  u_pp_int_x4_tc/g52/Y               -       B->Y  F     AND2_X3TM_A9PP140ZTUL_C30         1  4.8    13    25     263    (-,-) 
  g4512/Y                            -       A->Y  R     NAND2_X6B_A9PP140ZTUL_C30         9 14.8    16    13     276    (-,-) 
  g4501/Y                            -       A->Y  F     INV_X2M_A9PP140ZTUL_C30           4  4.7    14    10     286    (-,-) 
  g6895/Y                            -       A0->Y F     AO22_X2M_A9PP140ZTUL_C30          2  3.2    16    28     314    (-,-) 
  csa_tree_add_437_52_groupi_g2500/S -       CI->S R     ADDF_X1M_A9PP140ZTUL_C30          2  2.7    24    44     358    (-,-) 
  g6921/Y                            -       A->Y  F     NOR2_X1P4TA_A9PP140ZTUL_C30       3  4.7    25    17     375    (-,-) 
  csa_tree_add_437_52_groupi_g2467/Y -       B->Y  R     NOR2_X2A_A9PP140ZTUL_C30          2  3.0    22    18     393    (-,-) 
  csa_tree_add_437_52_groupi_g2462/Y -       A->Y  F     INV_X0P8M_A9PP140ZTUL_C30         1  1.3    13     9     402    (-,-) 
  csa_tree_add_437_52_groupi_g2461/Y -       B->Y  R     NOR3_X1A_A9PP140ZTUL_C30          2  4.2    60    38     440    (-,-) 
  csa_tree_add_437_52_groupi_g2457/Y -       AN->Y R     NOR3BB_X0P7M_A9PP140ZTUL_C30      1  1.5    26    27     467    (-,-) 
  csa_tree_add_437_52_groupi_g2421/Y -       B1->Y R     AO1B2_X2M_A9PP140ZTUL_C30         1  2.1    13    22     488    (-,-) 
  csa_tree_add_437_52_groupi_g2420/Y -       A->Y  R     XOR3_X2M_A9PP140ZTUL_C30          1 10.8    36    35     523    (-,-) 
  Out1_re[15]                        -       -     R     (port)                            -    -     -     1     524    (-,-) 
#------------------------------------------------------------------------------------------------------------------------------



Path 7: MET (2 ps) Late External Delay Assertion at pin Out1_im[13]
           View: func-slow-maxrc
          Group: clk
     Startpoint: (R) u_pp_int_x4_tc/phase_1_reg/CK
          Clock: (R) clk
       Endpoint: (R) Out1_im[13]
          Clock: (R) clk

                     Capture       Launch     
        Clock Edge:+     500            0     
       Src Latency:+       0            0     
       Net Latency:+     200 (I)      200 (I) 
           Arrival:=     700          200     
                                              
      Output Delay:-      50                  
       Uncertainty:-     125                  
     Required Time:=     525                  
      Launch Clock:-     200                  
         Data Path:-     323                  
             Slack:=       2                  

Exceptions/Constraints:
  output_delay              50             pp_int_x4_struct.sdc_line_22_45_1 

#-------------------------------------------------------------------------------------------------------------------------------
#            Timing Point             Flags    Arc   Edge            Cell              Fanout Load Trans Delay Arrival Instance 
#                                                                                             (fF)  (ps)  (ps)   (ps)  Location 
#-------------------------------------------------------------------------------------------------------------------------------
  u_pp_int_x4_tc/phase_1_reg/CK       -       -      R     (arrival)                      741    -    25     0     200    (-,-) 
  u_pp_int_x4_tc/phase_1_reg/Q        -       CK->Q  R     SDFFSQA_X1M_A9PP140ZTUL_C30      3  4.4    24    43     243    (-,-) 
  u_pp_int_x4_tc/g52/Y                -       B->Y   R     AND2_X3TM_A9PP140ZTUL_C30        1  4.6    12    16     259    (-,-) 
  g4512/Y                             -       A->Y   F     NAND2_X6B_A9PP140ZTUL_C30        9 13.8    22    15     274    (-,-) 
  g4457/Y                             -       A0->Y  R     OAI2XB1_X3M_A9PP140ZTUL_C30      2  3.2    21    16     290    (-,-) 
  csa_tree_add_441_56_groupi_g2507/CO -       CI->CO R     ADDF_X1M_A9PP140ZTL_C30          1  2.5    21    33     323    (-,-) 
  csa_tree_add_441_56_groupi_g2463/CO -       CI->CO R     ADDF_X1M_A9PP140ZTUL_C30         1  2.6    20    31     354    (-,-) 
  csa_tree_add_441_56_groupi_g2455/CO -       CI->CO R     ADDF_X2M_A9PP140ZTUL_C30         1  2.6    15    29     383    (-,-) 
  csa_tree_add_441_56_groupi_g2447/CO -       CI->CO R     ADDF_X2M_A9PP140ZTUL_C30         2  3.1    18    29     412    (-,-) 
  csa_tree_add_441_56_groupi_g2445/Y  -       A->Y   F     NAND2_X2B_A9PP140ZTUL_C30        2  3.1    18    12     424    (-,-) 
  csa_tree_add_441_56_groupi_g2431/Y  -       A0->Y  F     OA21B_X4M_A9PP140ZTUL_C30        3  7.1    16    23     447    (-,-) 
  csa_tree_add_441_56_groupi_g2428/Y  -       A0->Y  R     OAI21_X6M_A9PP140ZTUL_C30        5  9.8    24    18     464    (-,-) 
  csa_tree_add_441_56_groupi_g2422/Y  -       A0->Y  F     AOI21_X4M_A9PP140ZTUL_C30        3  6.9    31    17     481    (-,-) 
  csa_tree_add_441_56_groupi_g2415/Y  -       A0->Y  R     OAI21_X3M_A9PP140ZTUL_C30        1  4.1    26    20     501    (-,-) 
  csa_tree_add_441_56_groupi_g2412/Y  -       A->Y   R     XOR2_X4M_A9PP140ZTUL_C30         1 10.8    39    21     522    (-,-) 
  Out1_im[13]                         -       -      R     (port)                           -    -     -     1     523    (-,-) 
#-------------------------------------------------------------------------------------------------------------------------------



Path 8: MET (2 ps) Late External Delay Assertion at pin Out1_re[13]
           View: func-slow-maxrc
          Group: clk
     Startpoint: (R) u_pp_int_x4_tc/phase_1_reg/CK
          Clock: (R) clk
       Endpoint: (R) Out1_re[13]
          Clock: (R) clk

                     Capture       Launch     
        Clock Edge:+     500            0     
       Src Latency:+       0            0     
       Net Latency:+     200 (I)      200 (I) 
           Arrival:=     700          200     
                                              
      Output Delay:-      50                  
       Uncertainty:-     125                  
     Required Time:=     525                  
      Launch Clock:-     200                  
         Data Path:-     323                  
             Slack:=       2                  

Exceptions/Constraints:
  output_delay              50             pp_int_x4_struct.sdc_line_22_29_1 

#-------------------------------------------------------------------------------------------------------------------------------
#            Timing Point             Flags    Arc   Edge            Cell              Fanout Load Trans Delay Arrival Instance 
#                                                                                             (fF)  (ps)  (ps)   (ps)  Location 
#-------------------------------------------------------------------------------------------------------------------------------
  u_pp_int_x4_tc/phase_1_reg/CK       -       -      R     (arrival)                      741    -    25     0     200    (-,-) 
  u_pp_int_x4_tc/phase_1_reg/Q        -       CK->Q  R     SDFFSQA_X1M_A9PP140ZTUL_C30      3  4.4    24    43     243    (-,-) 
  u_pp_int_x4_tc/g52/Y                -       B->Y   R     AND2_X3TM_A9PP140ZTUL_C30        1  4.6    12    16     259    (-,-) 
  g4512/Y                             -       A->Y   F     NAND2_X6B_A9PP140ZTUL_C30        9 13.8    22    15     274    (-,-) 
  g4444/Y                             -       A0->Y  R     OAI2XB1_X3M_A9PP140ZTUL_C30      2  3.2    21    16     290    (-,-) 
  csa_tree_add_437_52_groupi_g2507/CO -       CI->CO R     ADDF_X1M_A9PP140ZTL_C30          1  2.5    21    33     323    (-,-) 
  csa_tree_add_437_52_groupi_g2463/CO -       CI->CO R     ADDF_X1M_A9PP140ZTUL_C30         1  2.6    20    31     354    (-,-) 
  csa_tree_add_437_52_groupi_g2455/CO -       CI->CO R     ADDF_X2M_A9PP140ZTUL_C30         1  2.6    15    29     383    (-,-) 
  csa_tree_add_437_52_groupi_g2447/CO -       CI->CO R     ADDF_X2M_A9PP140ZTUL_C30         2  3.1    18    29     412    (-,-) 
  csa_tree_add_437_52_groupi_g2445/Y  -       A->Y   F     NAND2_X2B_A9PP140ZTUL_C30        2  3.1    18    12     424    (-,-) 
  csa_tree_add_437_52_groupi_g2431/Y  -       A0->Y  F     OA21B_X4M_A9PP140ZTUL_C30        3  7.1    16    23     447    (-,-) 
  csa_tree_add_437_52_groupi_g2428/Y  -       A0->Y  R     OAI21_X6M_A9PP140ZTUL_C30        5  9.8    24    18     464    (-,-) 
  csa_tree_add_437_52_groupi_g2422/Y  -       A0->Y  F     AOI21_X4M_A9PP140ZTUL_C30        3  6.9    31    17     481    (-,-) 
  csa_tree_add_437_52_groupi_g2415/Y  -       A0->Y  R     OAI21_X3M_A9PP140ZTUL_C30        1  4.1    26    20     501    (-,-) 
  csa_tree_add_437_52_groupi_g2412/Y  -       A->Y   R     XOR2_X4M_A9PP140ZTUL_C30         1 10.8    39    21     522    (-,-) 
  Out1_re[13]                         -       -      R     (port)                           -    -     -     1     523    (-,-) 
#-------------------------------------------------------------------------------------------------------------------------------



Path 9: MET (2 ps) Late External Delay Assertion at pin Out1_im[14]
           View: func-slow-maxrc
          Group: clk
     Startpoint: (R) u_pp_int_x4_tc/phase_1_reg/CK
          Clock: (R) clk
       Endpoint: (R) Out1_im[14]
          Clock: (R) clk

                     Capture       Launch     
        Clock Edge:+     500            0     
       Src Latency:+       0            0     
       Net Latency:+     200 (I)      200 (I) 
           Arrival:=     700          200     
                                              
      Output Delay:-      50                  
       Uncertainty:-     125                  
     Required Time:=     525                  
      Launch Clock:-     200                  
         Data Path:-     323                  
             Slack:=       2                  

Exceptions/Constraints:
  output_delay              50             pp_int_x4_struct.sdc_line_22_44_1 

#-------------------------------------------------------------------------------------------------------------------------------
#            Timing Point             Flags    Arc   Edge            Cell              Fanout Load Trans Delay Arrival Instance 
#                                                                                             (fF)  (ps)  (ps)   (ps)  Location 
#-------------------------------------------------------------------------------------------------------------------------------
  u_pp_int_x4_tc/phase_1_reg/CK       -       -      R     (arrival)                      741    -    25     0     200    (-,-) 
  u_pp_int_x4_tc/phase_1_reg/Q        -       CK->Q  R     SDFFSQA_X1M_A9PP140ZTUL_C30      3  4.4    24    43     243    (-,-) 
  u_pp_int_x4_tc/g52/Y                -       B->Y   R     AND2_X3TM_A9PP140ZTUL_C30        1  4.6    12    16     259    (-,-) 
  g4512/Y                             -       A->Y   F     NAND2_X6B_A9PP140ZTUL_C30        9 13.8    22    15     274    (-,-) 
  g4457/Y                             -       A0->Y  R     OAI2XB1_X3M_A9PP140ZTUL_C30      2  3.2    21    16     290    (-,-) 
  csa_tree_add_441_56_groupi_g2507/CO -       CI->CO R     ADDF_X1M_A9PP140ZTL_C30          1  2.5    21    33     323    (-,-) 
  csa_tree_add_441_56_groupi_g2463/CO -       CI->CO R     ADDF_X1M_A9PP140ZTUL_C30         1  2.6    20    31     354    (-,-) 
  csa_tree_add_441_56_groupi_g2455/CO -       CI->CO R     ADDF_X2M_A9PP140ZTUL_C30         1  2.6    15    29     383    (-,-) 
  csa_tree_add_441_56_groupi_g2447/CO -       CI->CO R     ADDF_X2M_A9PP140ZTUL_C30         2  3.1    18    29     412    (-,-) 
  csa_tree_add_441_56_groupi_g2445/Y  -       A->Y   F     NAND2_X2B_A9PP140ZTUL_C30        2  3.1    18    12     424    (-,-) 
  csa_tree_add_441_56_groupi_g2431/Y  -       A0->Y  F     OA21B_X4M_A9PP140ZTUL_C30        3  7.1    16    23     447    (-,-) 
  csa_tree_add_441_56_groupi_g2428/Y  -       A0->Y  R     OAI21_X6M_A9PP140ZTUL_C30        5  9.8    24    18     464    (-,-) 
  csa_tree_add_441_56_groupi_g2422/Y  -       A0->Y  F     AOI21_X4M_A9PP140ZTUL_C30        3  6.9    31    17     481    (-,-) 
  csa_tree_add_441_56_groupi_g2414/Y  -       A0->Y  R     OAI2XB1_X3M_A9PP140ZTUL_C30      1  4.0    25    20     501    (-,-) 
  csa_tree_add_441_56_groupi_g2411/Y  -       A->Y   R     XNOR2_X4M_A9PP140ZTUL_C30        1 10.8    38    21     522    (-,-) 
  Out1_im[14]                         -       -      R     (port)                           -    -     -     1     523    (-,-) 
#-------------------------------------------------------------------------------------------------------------------------------



Path 10: MET (2 ps) Late External Delay Assertion at pin Out1_re[14]
           View: func-slow-maxrc
          Group: clk
     Startpoint: (R) u_pp_int_x4_tc/phase_1_reg/CK
          Clock: (R) clk
       Endpoint: (R) Out1_re[14]
          Clock: (R) clk

                     Capture       Launch     
        Clock Edge:+     500            0     
       Src Latency:+       0            0     
       Net Latency:+     200 (I)      200 (I) 
           Arrival:=     700          200     
                                              
      Output Delay:-      50                  
       Uncertainty:-     125                  
     Required Time:=     525                  
      Launch Clock:-     200                  
         Data Path:-     323                  
             Slack:=       2                  

Exceptions/Constraints:
  output_delay              50             pp_int_x4_struct.sdc_line_22_28_1 

#-------------------------------------------------------------------------------------------------------------------------------
#            Timing Point             Flags    Arc   Edge            Cell              Fanout Load Trans Delay Arrival Instance 
#                                                                                             (fF)  (ps)  (ps)   (ps)  Location 
#-------------------------------------------------------------------------------------------------------------------------------
  u_pp_int_x4_tc/phase_1_reg/CK       -       -      R     (arrival)                      741    -    25     0     200    (-,-) 
  u_pp_int_x4_tc/phase_1_reg/Q        -       CK->Q  R     SDFFSQA_X1M_A9PP140ZTUL_C30      3  4.4    24    43     243    (-,-) 
  u_pp_int_x4_tc/g52/Y                -       B->Y   R     AND2_X3TM_A9PP140ZTUL_C30        1  4.6    12    16     259    (-,-) 
  g4512/Y                             -       A->Y   F     NAND2_X6B_A9PP140ZTUL_C30        9 13.8    22    15     274    (-,-) 
  g4444/Y                             -       A0->Y  R     OAI2XB1_X3M_A9PP140ZTUL_C30      2  3.2    21    16     290    (-,-) 
  csa_tree_add_437_52_groupi_g2507/CO -       CI->CO R     ADDF_X1M_A9PP140ZTL_C30          1  2.5    21    33     323    (-,-) 
  csa_tree_add_437_52_groupi_g2463/CO -       CI->CO R     ADDF_X1M_A9PP140ZTUL_C30         1  2.6    20    31     354    (-,-) 
  csa_tree_add_437_52_groupi_g2455/CO -       CI->CO R     ADDF_X2M_A9PP140ZTUL_C30         1  2.6    15    29     383    (-,-) 
  csa_tree_add_437_52_groupi_g2447/CO -       CI->CO R     ADDF_X2M_A9PP140ZTUL_C30         2  3.1    18    29     412    (-,-) 
  csa_tree_add_437_52_groupi_g2445/Y  -       A->Y   F     NAND2_X2B_A9PP140ZTUL_C30        2  3.1    18    12     424    (-,-) 
  csa_tree_add_437_52_groupi_g2431/Y  -       A0->Y  F     OA21B_X4M_A9PP140ZTUL_C30        3  7.1    16    23     447    (-,-) 
  csa_tree_add_437_52_groupi_g2428/Y  -       A0->Y  R     OAI21_X6M_A9PP140ZTUL_C30        5  9.8    24    18     464    (-,-) 
  csa_tree_add_437_52_groupi_g2422/Y  -       A0->Y  F     AOI21_X4M_A9PP140ZTUL_C30        3  6.9    31    17     481    (-,-) 
  csa_tree_add_437_52_groupi_g2414/Y  -       A0->Y  R     OAI2XB1_X3M_A9PP140ZTUL_C30      1  4.0    25    20     501    (-,-) 
  csa_tree_add_437_52_groupi_g2411/Y  -       A->Y   R     XNOR2_X4M_A9PP140ZTUL_C30        1 10.8    38    21     522    (-,-) 
  Out1_re[14]                         -       -      R     (port)                           -    -     -     1     523    (-,-) 
#-------------------------------------------------------------------------------------------------------------------------------



Path 11: MET (4 ps) Setup Check with Pin delayMatch_reg_re_reg[17][4]/CK->SE
           View: func-slow-maxrc
          Group: clk
     Startpoint: (R) SE
          Clock: (R) clk
       Endpoint: (R) delayMatch_reg_re_reg[17][4]/SE
          Clock: (R) clk

                     Capture       Launch     
        Clock Edge:+     500            0     
        Drv Adjust:+       0            0     
       Src Latency:+       0            0     
       Net Latency:+     200 (I)      200 (I) 
           Arrival:=     700          200     
                                              
             Setup:-      71                  
       Uncertainty:-     125                  
     Required Time:=     504                  
      Launch Clock:-     200                  
       Input Delay:-     300                  
         Data Path:-       0                  
             Slack:=       4                  

Exceptions/Constraints:
  input_delay             300             pp_int_x4_struct.sdc_line_20_28_1 

#------------------------------------------------------------------------------------------------------------------------------
#          Timing Point           Flags   Arc   Edge             Cell               Fanout  Load  Trans Delay Arrival Instance 
#                                                                                           (fF)   (ps)  (ps)   (ps)  Location 
#------------------------------------------------------------------------------------------------------------------------------
  SE                              -       -     R     (arrival)                        741 1012.8     0     0     500    (-,-) 
  delayMatch_reg_re_reg[17][4]/SE -       -     R     SDFFRPQNA_X1M_A9PP140ZTUL_C30    741      -     -     0     500    (-,-) 
#------------------------------------------------------------------------------------------------------------------------------



Path 12: MET (4 ps) Setup Check with Pin delayMatch_reg_re_reg[15][12]/CK->SE
           View: func-slow-maxrc
          Group: clk
     Startpoint: (R) SE
          Clock: (R) clk
       Endpoint: (R) delayMatch_reg_re_reg[15][12]/SE
          Clock: (R) clk

                     Capture       Launch     
        Clock Edge:+     500            0     
        Drv Adjust:+       0            0     
       Src Latency:+       0            0     
       Net Latency:+     200 (I)      200 (I) 
           Arrival:=     700          200     
                                              
             Setup:-      71                  
       Uncertainty:-     125                  
     Required Time:=     504                  
      Launch Clock:-     200                  
       Input Delay:-     300                  
         Data Path:-       0                  
             Slack:=       4                  

Exceptions/Constraints:
  input_delay             300             pp_int_x4_struct.sdc_line_20_28_1 

#-------------------------------------------------------------------------------------------------------------------------------
#          Timing Point            Flags   Arc   Edge             Cell               Fanout  Load  Trans Delay Arrival Instance 
#                                                                                            (fF)   (ps)  (ps)   (ps)  Location 
#-------------------------------------------------------------------------------------------------------------------------------
  SE                               -       -     R     (arrival)                        741 1012.8     0     0     500    (-,-) 
  delayMatch_reg_re_reg[15][12]/SE -       -     R     SDFFRPQNA_X1M_A9PP140ZTUL_C30    741      -     -     0     500    (-,-) 
#-------------------------------------------------------------------------------------------------------------------------------



Path 13: MET (4 ps) Setup Check with Pin delayMatch_reg_re_reg[15][11]/CK->SE
           View: func-slow-maxrc
          Group: clk
     Startpoint: (R) SE
          Clock: (R) clk
       Endpoint: (R) delayMatch_reg_re_reg[15][11]/SE
          Clock: (R) clk

                     Capture       Launch     
        Clock Edge:+     500            0     
        Drv Adjust:+       0            0     
       Src Latency:+       0            0     
       Net Latency:+     200 (I)      200 (I) 
           Arrival:=     700          200     
                                              
             Setup:-      71                  
       Uncertainty:-     125                  
     Required Time:=     504                  
      Launch Clock:-     200                  
       Input Delay:-     300                  
         Data Path:-       0                  
             Slack:=       4                  

Exceptions/Constraints:
  input_delay             300             pp_int_x4_struct.sdc_line_20_28_1 

#-------------------------------------------------------------------------------------------------------------------------------
#          Timing Point            Flags   Arc   Edge             Cell               Fanout  Load  Trans Delay Arrival Instance 
#                                                                                            (fF)   (ps)  (ps)   (ps)  Location 
#-------------------------------------------------------------------------------------------------------------------------------
  SE                               -       -     R     (arrival)                        741 1012.8     0     0     500    (-,-) 
  delayMatch_reg_re_reg[15][11]/SE -       -     R     SDFFRPQNA_X1M_A9PP140ZTUL_C30    741      -     -     0     500    (-,-) 
#-------------------------------------------------------------------------------------------------------------------------------



Path 14: MET (4 ps) Setup Check with Pin delayMatch_reg_re_reg[15][10]/CK->SE
           View: func-slow-maxrc
          Group: clk
     Startpoint: (R) SE
          Clock: (R) clk
       Endpoint: (R) delayMatch_reg_re_reg[15][10]/SE
          Clock: (R) clk

                     Capture       Launch     
        Clock Edge:+     500            0     
        Drv Adjust:+       0            0     
       Src Latency:+       0            0     
       Net Latency:+     200 (I)      200 (I) 
           Arrival:=     700          200     
                                              
             Setup:-      71                  
       Uncertainty:-     125                  
     Required Time:=     504                  
      Launch Clock:-     200                  
       Input Delay:-     300                  
         Data Path:-       0                  
             Slack:=       4                  

Exceptions/Constraints:
  input_delay             300             pp_int_x4_struct.sdc_line_20_28_1 

#-------------------------------------------------------------------------------------------------------------------------------
#          Timing Point            Flags   Arc   Edge             Cell               Fanout  Load  Trans Delay Arrival Instance 
#                                                                                            (fF)   (ps)  (ps)   (ps)  Location 
#-------------------------------------------------------------------------------------------------------------------------------
  SE                               -       -     R     (arrival)                        741 1012.8     0     0     500    (-,-) 
  delayMatch_reg_re_reg[15][10]/SE -       -     R     SDFFRPQNA_X1M_A9PP140ZTUL_C30    741      -     -     0     500    (-,-) 
#-------------------------------------------------------------------------------------------------------------------------------



Path 15: MET (4 ps) Setup Check with Pin delayMatch_reg_re_reg[15][9]/CK->SE
           View: func-slow-maxrc
          Group: clk
     Startpoint: (R) SE
          Clock: (R) clk
       Endpoint: (R) delayMatch_reg_re_reg[15][9]/SE
          Clock: (R) clk

                     Capture       Launch     
        Clock Edge:+     500            0     
        Drv Adjust:+       0            0     
       Src Latency:+       0            0     
       Net Latency:+     200 (I)      200 (I) 
           Arrival:=     700          200     
                                              
             Setup:-      71                  
       Uncertainty:-     125                  
     Required Time:=     504                  
      Launch Clock:-     200                  
       Input Delay:-     300                  
         Data Path:-       0                  
             Slack:=       4                  

Exceptions/Constraints:
  input_delay             300             pp_int_x4_struct.sdc_line_20_28_1 

#------------------------------------------------------------------------------------------------------------------------------
#          Timing Point           Flags   Arc   Edge             Cell               Fanout  Load  Trans Delay Arrival Instance 
#                                                                                           (fF)   (ps)  (ps)   (ps)  Location 
#------------------------------------------------------------------------------------------------------------------------------
  SE                              -       -     R     (arrival)                        741 1012.8     0     0     500    (-,-) 
  delayMatch_reg_re_reg[15][9]/SE -       -     R     SDFFRPQNA_X1M_A9PP140ZTUL_C30    741      -     -     0     500    (-,-) 
#------------------------------------------------------------------------------------------------------------------------------



Path 16: MET (4 ps) Setup Check with Pin delayMatch_reg_re_reg[12][8]/CK->SE
           View: func-slow-maxrc
          Group: clk
     Startpoint: (R) SE
          Clock: (R) clk
       Endpoint: (R) delayMatch_reg_re_reg[12][8]/SE
          Clock: (R) clk

                     Capture       Launch     
        Clock Edge:+     500            0     
        Drv Adjust:+       0            0     
       Src Latency:+       0            0     
       Net Latency:+     200 (I)      200 (I) 
           Arrival:=     700          200     
                                              
             Setup:-      71                  
       Uncertainty:-     125                  
     Required Time:=     504                  
      Launch Clock:-     200                  
       Input Delay:-     300                  
         Data Path:-       0                  
             Slack:=       4                  

Exceptions/Constraints:
  input_delay             300             pp_int_x4_struct.sdc_line_20_28_1 

#------------------------------------------------------------------------------------------------------------------------------
#          Timing Point           Flags   Arc   Edge             Cell               Fanout  Load  Trans Delay Arrival Instance 
#                                                                                           (fF)   (ps)  (ps)   (ps)  Location 
#------------------------------------------------------------------------------------------------------------------------------
  SE                              -       -     R     (arrival)                        741 1012.8     0     0     500    (-,-) 
  delayMatch_reg_re_reg[12][8]/SE -       -     R     SDFFRPQNA_X1M_A9PP140ZTUL_C30    741      -     -     0     500    (-,-) 
#------------------------------------------------------------------------------------------------------------------------------



Path 17: MET (4 ps) Setup Check with Pin delayMatch_reg_re_reg[12][7]/CK->SE
           View: func-slow-maxrc
          Group: clk
     Startpoint: (R) SE
          Clock: (R) clk
       Endpoint: (R) delayMatch_reg_re_reg[12][7]/SE
          Clock: (R) clk

                     Capture       Launch     
        Clock Edge:+     500            0     
        Drv Adjust:+       0            0     
       Src Latency:+       0            0     
       Net Latency:+     200 (I)      200 (I) 
           Arrival:=     700          200     
                                              
             Setup:-      71                  
       Uncertainty:-     125                  
     Required Time:=     504                  
      Launch Clock:-     200                  
       Input Delay:-     300                  
         Data Path:-       0                  
             Slack:=       4                  

Exceptions/Constraints:
  input_delay             300             pp_int_x4_struct.sdc_line_20_28_1 

#------------------------------------------------------------------------------------------------------------------------------
#          Timing Point           Flags   Arc   Edge             Cell               Fanout  Load  Trans Delay Arrival Instance 
#                                                                                           (fF)   (ps)  (ps)   (ps)  Location 
#------------------------------------------------------------------------------------------------------------------------------
  SE                              -       -     R     (arrival)                        741 1012.8     0     0     500    (-,-) 
  delayMatch_reg_re_reg[12][7]/SE -       -     R     SDFFRPQNA_X1M_A9PP140ZTUL_C30    741      -     -     0     500    (-,-) 
#------------------------------------------------------------------------------------------------------------------------------



Path 18: MET (4 ps) Setup Check with Pin delayMatch_reg_re_reg[12][6]/CK->SE
           View: func-slow-maxrc
          Group: clk
     Startpoint: (R) SE
          Clock: (R) clk
       Endpoint: (R) delayMatch_reg_re_reg[12][6]/SE
          Clock: (R) clk

                     Capture       Launch     
        Clock Edge:+     500            0     
        Drv Adjust:+       0            0     
       Src Latency:+       0            0     
       Net Latency:+     200 (I)      200 (I) 
           Arrival:=     700          200     
                                              
             Setup:-      71                  
       Uncertainty:-     125                  
     Required Time:=     504                  
      Launch Clock:-     200                  
       Input Delay:-     300                  
         Data Path:-       0                  
             Slack:=       4                  

Exceptions/Constraints:
  input_delay             300             pp_int_x4_struct.sdc_line_20_28_1 

#------------------------------------------------------------------------------------------------------------------------------
#          Timing Point           Flags   Arc   Edge             Cell               Fanout  Load  Trans Delay Arrival Instance 
#                                                                                           (fF)   (ps)  (ps)   (ps)  Location 
#------------------------------------------------------------------------------------------------------------------------------
  SE                              -       -     R     (arrival)                        741 1012.8     0     0     500    (-,-) 
  delayMatch_reg_re_reg[12][6]/SE -       -     R     SDFFRPQNA_X1M_A9PP140ZTUL_C30    741      -     -     0     500    (-,-) 
#------------------------------------------------------------------------------------------------------------------------------



Path 19: MET (4 ps) Setup Check with Pin delayMatch_reg_re_reg[12][5]/CK->SE
           View: func-slow-maxrc
          Group: clk
     Startpoint: (R) SE
          Clock: (R) clk
       Endpoint: (R) delayMatch_reg_re_reg[12][5]/SE
          Clock: (R) clk

                     Capture       Launch     
        Clock Edge:+     500            0     
        Drv Adjust:+       0            0     
       Src Latency:+       0            0     
       Net Latency:+     200 (I)      200 (I) 
           Arrival:=     700          200     
                                              
             Setup:-      71                  
       Uncertainty:-     125                  
     Required Time:=     504                  
      Launch Clock:-     200                  
       Input Delay:-     300                  
         Data Path:-       0                  
             Slack:=       4                  

Exceptions/Constraints:
  input_delay             300             pp_int_x4_struct.sdc_line_20_28_1 

#------------------------------------------------------------------------------------------------------------------------------
#          Timing Point           Flags   Arc   Edge             Cell               Fanout  Load  Trans Delay Arrival Instance 
#                                                                                           (fF)   (ps)  (ps)   (ps)  Location 
#------------------------------------------------------------------------------------------------------------------------------
  SE                              -       -     R     (arrival)                        741 1012.8     0     0     500    (-,-) 
  delayMatch_reg_re_reg[12][5]/SE -       -     R     SDFFRPQNA_X1M_A9PP140ZTUL_C30    741      -     -     0     500    (-,-) 
#------------------------------------------------------------------------------------------------------------------------------



Path 20: MET (4 ps) Setup Check with Pin delayMatch_reg_re_reg[12][4]/CK->SE
           View: func-slow-maxrc
          Group: clk
     Startpoint: (R) SE
          Clock: (R) clk
       Endpoint: (R) delayMatch_reg_re_reg[12][4]/SE
          Clock: (R) clk

                     Capture       Launch     
        Clock Edge:+     500            0     
        Drv Adjust:+       0            0     
       Src Latency:+       0            0     
       Net Latency:+     200 (I)      200 (I) 
           Arrival:=     700          200     
                                              
             Setup:-      71                  
       Uncertainty:-     125                  
     Required Time:=     504                  
      Launch Clock:-     200                  
       Input Delay:-     300                  
         Data Path:-       0                  
             Slack:=       4                  

Exceptions/Constraints:
  input_delay             300             pp_int_x4_struct.sdc_line_20_28_1 

#------------------------------------------------------------------------------------------------------------------------------
#          Timing Point           Flags   Arc   Edge             Cell               Fanout  Load  Trans Delay Arrival Instance 
#                                                                                           (fF)   (ps)  (ps)   (ps)  Location 
#------------------------------------------------------------------------------------------------------------------------------
  SE                              -       -     R     (arrival)                        741 1012.8     0     0     500    (-,-) 
  delayMatch_reg_re_reg[12][4]/SE -       -     R     SDFFRPQNA_X1M_A9PP140ZTUL_C30    741      -     -     0     500    (-,-) 
#------------------------------------------------------------------------------------------------------------------------------



Path 21: MET (4 ps) Setup Check with Pin delayMatch_reg_re_reg[6][2]/CK->SE
           View: func-slow-maxrc
          Group: clk
     Startpoint: (R) SE
          Clock: (R) clk
       Endpoint: (R) delayMatch_reg_re_reg[6][2]/SE
          Clock: (R) clk

                     Capture       Launch     
        Clock Edge:+     500            0     
        Drv Adjust:+       0            0     
       Src Latency:+       0            0     
       Net Latency:+     200 (I)      200 (I) 
           Arrival:=     700          200     
                                              
             Setup:-      71                  
       Uncertainty:-     125                  
     Required Time:=     504                  
      Launch Clock:-     200                  
       Input Delay:-     300                  
         Data Path:-       0                  
             Slack:=       4                  

Exceptions/Constraints:
  input_delay             300             pp_int_x4_struct.sdc_line_20_28_1 

#-----------------------------------------------------------------------------------------------------------------------------
#         Timing Point           Flags   Arc   Edge             Cell               Fanout  Load  Trans Delay Arrival Instance 
#                                                                                          (fF)   (ps)  (ps)   (ps)  Location 
#-----------------------------------------------------------------------------------------------------------------------------
  SE                             -       -     R     (arrival)                        741 1012.8     0     0     500    (-,-) 
  delayMatch_reg_re_reg[6][2]/SE -       -     R     SDFFRPQNA_X1M_A9PP140ZTUL_C30    741      -     -     0     500    (-,-) 
#-----------------------------------------------------------------------------------------------------------------------------



Path 22: MET (4 ps) Setup Check with Pin delayMatch_reg_re_reg[6][1]/CK->SE
           View: func-slow-maxrc
          Group: clk
     Startpoint: (R) SE
          Clock: (R) clk
       Endpoint: (R) delayMatch_reg_re_reg[6][1]/SE
          Clock: (R) clk

                     Capture       Launch     
        Clock Edge:+     500            0     
        Drv Adjust:+       0            0     
       Src Latency:+       0            0     
       Net Latency:+     200 (I)      200 (I) 
           Arrival:=     700          200     
                                              
             Setup:-      71                  
       Uncertainty:-     125                  
     Required Time:=     504                  
      Launch Clock:-     200                  
       Input Delay:-     300                  
         Data Path:-       0                  
             Slack:=       4                  

Exceptions/Constraints:
  input_delay             300             pp_int_x4_struct.sdc_line_20_28_1 

#-----------------------------------------------------------------------------------------------------------------------------
#         Timing Point           Flags   Arc   Edge             Cell               Fanout  Load  Trans Delay Arrival Instance 
#                                                                                          (fF)   (ps)  (ps)   (ps)  Location 
#-----------------------------------------------------------------------------------------------------------------------------
  SE                             -       -     R     (arrival)                        741 1012.8     0     0     500    (-,-) 
  delayMatch_reg_re_reg[6][1]/SE -       -     R     SDFFRPQNA_X1M_A9PP140ZTUL_C30    741      -     -     0     500    (-,-) 
#-----------------------------------------------------------------------------------------------------------------------------



Path 23: MET (4 ps) Setup Check with Pin delayMatch_reg_re_reg[6][0]/CK->SE
           View: func-slow-maxrc
          Group: clk
     Startpoint: (R) SE
          Clock: (R) clk
       Endpoint: (R) delayMatch_reg_re_reg[6][0]/SE
          Clock: (R) clk

                     Capture       Launch     
        Clock Edge:+     500            0     
        Drv Adjust:+       0            0     
       Src Latency:+       0            0     
       Net Latency:+     200 (I)      200 (I) 
           Arrival:=     700          200     
                                              
             Setup:-      71                  
       Uncertainty:-     125                  
     Required Time:=     504                  
      Launch Clock:-     200                  
       Input Delay:-     300                  
         Data Path:-       0                  
             Slack:=       4                  

Exceptions/Constraints:
  input_delay             300             pp_int_x4_struct.sdc_line_20_28_1 

#-----------------------------------------------------------------------------------------------------------------------------
#         Timing Point           Flags   Arc   Edge             Cell               Fanout  Load  Trans Delay Arrival Instance 
#                                                                                          (fF)   (ps)  (ps)   (ps)  Location 
#-----------------------------------------------------------------------------------------------------------------------------
  SE                             -       -     R     (arrival)                        741 1012.8     0     0     500    (-,-) 
  delayMatch_reg_re_reg[6][0]/SE -       -     R     SDFFRPQNA_X1M_A9PP140ZTUL_C30    741      -     -     0     500    (-,-) 
#-----------------------------------------------------------------------------------------------------------------------------



Path 24: MET (4 ps) Setup Check with Pin delayMatch_reg_re_reg[5][15]/CK->SE
           View: func-slow-maxrc
          Group: clk
     Startpoint: (R) SE
          Clock: (R) clk
       Endpoint: (R) delayMatch_reg_re_reg[5][15]/SE
          Clock: (R) clk

                     Capture       Launch     
        Clock Edge:+     500            0     
        Drv Adjust:+       0            0     
       Src Latency:+       0            0     
       Net Latency:+     200 (I)      200 (I) 
           Arrival:=     700          200     
                                              
             Setup:-      71                  
       Uncertainty:-     125                  
     Required Time:=     504                  
      Launch Clock:-     200                  
       Input Delay:-     300                  
         Data Path:-       0                  
             Slack:=       4                  

Exceptions/Constraints:
  input_delay             300             pp_int_x4_struct.sdc_line_20_28_1 

#------------------------------------------------------------------------------------------------------------------------------
#          Timing Point           Flags   Arc   Edge             Cell               Fanout  Load  Trans Delay Arrival Instance 
#                                                                                           (fF)   (ps)  (ps)   (ps)  Location 
#------------------------------------------------------------------------------------------------------------------------------
  SE                              -       -     R     (arrival)                        741 1012.8     0     0     500    (-,-) 
  delayMatch_reg_re_reg[5][15]/SE -       -     R     SDFFRPQNA_X1M_A9PP140ZTUL_C30    741      -     -     0     500    (-,-) 
#------------------------------------------------------------------------------------------------------------------------------



Path 25: MET (4 ps) Setup Check with Pin delayMatch_reg_re_reg[5][14]/CK->SE
           View: func-slow-maxrc
          Group: clk
     Startpoint: (R) SE
          Clock: (R) clk
       Endpoint: (R) delayMatch_reg_re_reg[5][14]/SE
          Clock: (R) clk

                     Capture       Launch     
        Clock Edge:+     500            0     
        Drv Adjust:+       0            0     
       Src Latency:+       0            0     
       Net Latency:+     200 (I)      200 (I) 
           Arrival:=     700          200     
                                              
             Setup:-      71                  
       Uncertainty:-     125                  
     Required Time:=     504                  
      Launch Clock:-     200                  
       Input Delay:-     300                  
         Data Path:-       0                  
             Slack:=       4                  

Exceptions/Constraints:
  input_delay             300             pp_int_x4_struct.sdc_line_20_28_1 

#------------------------------------------------------------------------------------------------------------------------------
#          Timing Point           Flags   Arc   Edge             Cell               Fanout  Load  Trans Delay Arrival Instance 
#                                                                                           (fF)   (ps)  (ps)   (ps)  Location 
#------------------------------------------------------------------------------------------------------------------------------
  SE                              -       -     R     (arrival)                        741 1012.8     0     0     500    (-,-) 
  delayMatch_reg_re_reg[5][14]/SE -       -     R     SDFFRPQNA_X1M_A9PP140ZTUL_C30    741      -     -     0     500    (-,-) 
#------------------------------------------------------------------------------------------------------------------------------



Path 26: MET (4 ps) Setup Check with Pin delayMatch_reg_re_reg[5][13]/CK->SE
           View: func-slow-maxrc
          Group: clk
     Startpoint: (R) SE
          Clock: (R) clk
       Endpoint: (R) delayMatch_reg_re_reg[5][13]/SE
          Clock: (R) clk

                     Capture       Launch     
        Clock Edge:+     500            0     
        Drv Adjust:+       0            0     
       Src Latency:+       0            0     
       Net Latency:+     200 (I)      200 (I) 
           Arrival:=     700          200     
                                              
             Setup:-      71                  
       Uncertainty:-     125                  
     Required Time:=     504                  
      Launch Clock:-     200                  
       Input Delay:-     300                  
         Data Path:-       0                  
             Slack:=       4                  

Exceptions/Constraints:
  input_delay             300             pp_int_x4_struct.sdc_line_20_28_1 

#------------------------------------------------------------------------------------------------------------------------------
#          Timing Point           Flags   Arc   Edge             Cell               Fanout  Load  Trans Delay Arrival Instance 
#                                                                                           (fF)   (ps)  (ps)   (ps)  Location 
#------------------------------------------------------------------------------------------------------------------------------
  SE                              -       -     R     (arrival)                        741 1012.8     0     0     500    (-,-) 
  delayMatch_reg_re_reg[5][13]/SE -       -     R     SDFFRPQNA_X1M_A9PP140ZTUL_C30    741      -     -     0     500    (-,-) 
#------------------------------------------------------------------------------------------------------------------------------



Path 27: MET (4 ps) Setup Check with Pin delayMatch_reg_re_reg[5][12]/CK->SE
           View: func-slow-maxrc
          Group: clk
     Startpoint: (R) SE
          Clock: (R) clk
       Endpoint: (R) delayMatch_reg_re_reg[5][12]/SE
          Clock: (R) clk

                     Capture       Launch     
        Clock Edge:+     500            0     
        Drv Adjust:+       0            0     
       Src Latency:+       0            0     
       Net Latency:+     200 (I)      200 (I) 
           Arrival:=     700          200     
                                              
             Setup:-      71                  
       Uncertainty:-     125                  
     Required Time:=     504                  
      Launch Clock:-     200                  
       Input Delay:-     300                  
         Data Path:-       0                  
             Slack:=       4                  

Exceptions/Constraints:
  input_delay             300             pp_int_x4_struct.sdc_line_20_28_1 

#------------------------------------------------------------------------------------------------------------------------------
#          Timing Point           Flags   Arc   Edge             Cell               Fanout  Load  Trans Delay Arrival Instance 
#                                                                                           (fF)   (ps)  (ps)   (ps)  Location 
#------------------------------------------------------------------------------------------------------------------------------
  SE                              -       -     R     (arrival)                        741 1012.8     0     0     500    (-,-) 
  delayMatch_reg_re_reg[5][12]/SE -       -     R     SDFFRPQNA_X1M_A9PP140ZTUL_C30    741      -     -     0     500    (-,-) 
#------------------------------------------------------------------------------------------------------------------------------



Path 28: MET (4 ps) Setup Check with Pin delayMatch_reg_re_reg[5][11]/CK->SE
           View: func-slow-maxrc
          Group: clk
     Startpoint: (R) SE
          Clock: (R) clk
       Endpoint: (R) delayMatch_reg_re_reg[5][11]/SE
          Clock: (R) clk

                     Capture       Launch     
        Clock Edge:+     500            0     
        Drv Adjust:+       0            0     
       Src Latency:+       0            0     
       Net Latency:+     200 (I)      200 (I) 
           Arrival:=     700          200     
                                              
             Setup:-      71                  
       Uncertainty:-     125                  
     Required Time:=     504                  
      Launch Clock:-     200                  
       Input Delay:-     300                  
         Data Path:-       0                  
             Slack:=       4                  

Exceptions/Constraints:
  input_delay             300             pp_int_x4_struct.sdc_line_20_28_1 

#------------------------------------------------------------------------------------------------------------------------------
#          Timing Point           Flags   Arc   Edge             Cell               Fanout  Load  Trans Delay Arrival Instance 
#                                                                                           (fF)   (ps)  (ps)   (ps)  Location 
#------------------------------------------------------------------------------------------------------------------------------
  SE                              -       -     R     (arrival)                        741 1012.8     0     0     500    (-,-) 
  delayMatch_reg_re_reg[5][11]/SE -       -     R     SDFFRPQNA_X1M_A9PP140ZTUL_C30    741      -     -     0     500    (-,-) 
#------------------------------------------------------------------------------------------------------------------------------



Path 29: MET (4 ps) Setup Check with Pin delayMatch_reg_re_reg[5][10]/CK->SE
           View: func-slow-maxrc
          Group: clk
     Startpoint: (R) SE
          Clock: (R) clk
       Endpoint: (R) delayMatch_reg_re_reg[5][10]/SE
          Clock: (R) clk

                     Capture       Launch     
        Clock Edge:+     500            0     
        Drv Adjust:+       0            0     
       Src Latency:+       0            0     
       Net Latency:+     200 (I)      200 (I) 
           Arrival:=     700          200     
                                              
             Setup:-      71                  
       Uncertainty:-     125                  
     Required Time:=     504                  
      Launch Clock:-     200                  
       Input Delay:-     300                  
         Data Path:-       0                  
             Slack:=       4                  

Exceptions/Constraints:
  input_delay             300             pp_int_x4_struct.sdc_line_20_28_1 

#------------------------------------------------------------------------------------------------------------------------------
#          Timing Point           Flags   Arc   Edge             Cell               Fanout  Load  Trans Delay Arrival Instance 
#                                                                                           (fF)   (ps)  (ps)   (ps)  Location 
#------------------------------------------------------------------------------------------------------------------------------
  SE                              -       -     R     (arrival)                        741 1012.8     0     0     500    (-,-) 
  delayMatch_reg_re_reg[5][10]/SE -       -     R     SDFFRPQNA_X1M_A9PP140ZTUL_C30    741      -     -     0     500    (-,-) 
#------------------------------------------------------------------------------------------------------------------------------



Path 30: MET (4 ps) Setup Check with Pin delayMatch_reg_re_reg[5][9]/CK->SE
           View: func-slow-maxrc
          Group: clk
     Startpoint: (R) SE
          Clock: (R) clk
       Endpoint: (R) delayMatch_reg_re_reg[5][9]/SE
          Clock: (R) clk

                     Capture       Launch     
        Clock Edge:+     500            0     
        Drv Adjust:+       0            0     
       Src Latency:+       0            0     
       Net Latency:+     200 (I)      200 (I) 
           Arrival:=     700          200     
                                              
             Setup:-      71                  
       Uncertainty:-     125                  
     Required Time:=     504                  
      Launch Clock:-     200                  
       Input Delay:-     300                  
         Data Path:-       0                  
             Slack:=       4                  

Exceptions/Constraints:
  input_delay             300             pp_int_x4_struct.sdc_line_20_28_1 

#-----------------------------------------------------------------------------------------------------------------------------
#         Timing Point           Flags   Arc   Edge             Cell               Fanout  Load  Trans Delay Arrival Instance 
#                                                                                          (fF)   (ps)  (ps)   (ps)  Location 
#-----------------------------------------------------------------------------------------------------------------------------
  SE                             -       -     R     (arrival)                        741 1012.8     0     0     500    (-,-) 
  delayMatch_reg_re_reg[5][9]/SE -       -     R     SDFFRPQNA_X1M_A9PP140ZTUL_C30    741      -     -     0     500    (-,-) 
#-----------------------------------------------------------------------------------------------------------------------------



Path 31: MET (4 ps) Setup Check with Pin delayMatch_reg_im_reg[12][5]/CK->SE
           View: func-slow-maxrc
          Group: clk
     Startpoint: (R) SE
          Clock: (R) clk
       Endpoint: (R) delayMatch_reg_im_reg[12][5]/SE
          Clock: (R) clk

                     Capture       Launch     
        Clock Edge:+     500            0     
        Drv Adjust:+       0            0     
       Src Latency:+       0            0     
       Net Latency:+     200 (I)      200 (I) 
           Arrival:=     700          200     
                                              
             Setup:-      71                  
       Uncertainty:-     125                  
     Required Time:=     504                  
      Launch Clock:-     200                  
       Input Delay:-     300                  
         Data Path:-       0                  
             Slack:=       4                  

Exceptions/Constraints:
  input_delay             300             pp_int_x4_struct.sdc_line_20_28_1 

#------------------------------------------------------------------------------------------------------------------------------
#          Timing Point           Flags   Arc   Edge             Cell               Fanout  Load  Trans Delay Arrival Instance 
#                                                                                           (fF)   (ps)  (ps)   (ps)  Location 
#------------------------------------------------------------------------------------------------------------------------------
  SE                              -       -     R     (arrival)                        741 1012.8     0     0     500    (-,-) 
  delayMatch_reg_im_reg[12][5]/SE -       -     R     SDFFRPQNA_X1M_A9PP140ZTUL_C30    741      -     -     0     500    (-,-) 
#------------------------------------------------------------------------------------------------------------------------------



Path 32: MET (4 ps) Setup Check with Pin delayMatch_reg_im_reg[12][4]/CK->SE
           View: func-slow-maxrc
          Group: clk
     Startpoint: (R) SE
          Clock: (R) clk
       Endpoint: (R) delayMatch_reg_im_reg[12][4]/SE
          Clock: (R) clk

                     Capture       Launch     
        Clock Edge:+     500            0     
        Drv Adjust:+       0            0     
       Src Latency:+       0            0     
       Net Latency:+     200 (I)      200 (I) 
           Arrival:=     700          200     
                                              
             Setup:-      71                  
       Uncertainty:-     125                  
     Required Time:=     504                  
      Launch Clock:-     200                  
       Input Delay:-     300                  
         Data Path:-       0                  
             Slack:=       4                  

Exceptions/Constraints:
  input_delay             300             pp_int_x4_struct.sdc_line_20_28_1 

#------------------------------------------------------------------------------------------------------------------------------
#          Timing Point           Flags   Arc   Edge             Cell               Fanout  Load  Trans Delay Arrival Instance 
#                                                                                           (fF)   (ps)  (ps)   (ps)  Location 
#------------------------------------------------------------------------------------------------------------------------------
  SE                              -       -     R     (arrival)                        741 1012.8     0     0     500    (-,-) 
  delayMatch_reg_im_reg[12][4]/SE -       -     R     SDFFRPQNA_X1M_A9PP140ZTUL_C30    741      -     -     0     500    (-,-) 
#------------------------------------------------------------------------------------------------------------------------------



Path 33: MET (4 ps) Setup Check with Pin delayMatch_reg_im_reg[12][3]/CK->SE
           View: func-slow-maxrc
          Group: clk
     Startpoint: (R) SE
          Clock: (R) clk
       Endpoint: (R) delayMatch_reg_im_reg[12][3]/SE
          Clock: (R) clk

                     Capture       Launch     
        Clock Edge:+     500            0     
        Drv Adjust:+       0            0     
       Src Latency:+       0            0     
       Net Latency:+     200 (I)      200 (I) 
           Arrival:=     700          200     
                                              
             Setup:-      71                  
       Uncertainty:-     125                  
     Required Time:=     504                  
      Launch Clock:-     200                  
       Input Delay:-     300                  
         Data Path:-       0                  
             Slack:=       4                  

Exceptions/Constraints:
  input_delay             300             pp_int_x4_struct.sdc_line_20_28_1 

#------------------------------------------------------------------------------------------------------------------------------
#          Timing Point           Flags   Arc   Edge             Cell               Fanout  Load  Trans Delay Arrival Instance 
#                                                                                           (fF)   (ps)  (ps)   (ps)  Location 
#------------------------------------------------------------------------------------------------------------------------------
  SE                              -       -     R     (arrival)                        741 1012.8     0     0     500    (-,-) 
  delayMatch_reg_im_reg[12][3]/SE -       -     R     SDFFRPQNA_X1M_A9PP140ZTUL_C30    741      -     -     0     500    (-,-) 
#------------------------------------------------------------------------------------------------------------------------------



Path 34: MET (4 ps) Setup Check with Pin delayMatch_reg_im_reg[12][2]/CK->SE
           View: func-slow-maxrc
          Group: clk
     Startpoint: (R) SE
          Clock: (R) clk
       Endpoint: (R) delayMatch_reg_im_reg[12][2]/SE
          Clock: (R) clk

                     Capture       Launch     
        Clock Edge:+     500            0     
        Drv Adjust:+       0            0     
       Src Latency:+       0            0     
       Net Latency:+     200 (I)      200 (I) 
           Arrival:=     700          200     
                                              
             Setup:-      71                  
       Uncertainty:-     125                  
     Required Time:=     504                  
      Launch Clock:-     200                  
       Input Delay:-     300                  
         Data Path:-       0                  
             Slack:=       4                  

Exceptions/Constraints:
  input_delay             300             pp_int_x4_struct.sdc_line_20_28_1 

#------------------------------------------------------------------------------------------------------------------------------
#          Timing Point           Flags   Arc   Edge             Cell               Fanout  Load  Trans Delay Arrival Instance 
#                                                                                           (fF)   (ps)  (ps)   (ps)  Location 
#------------------------------------------------------------------------------------------------------------------------------
  SE                              -       -     R     (arrival)                        741 1012.8     0     0     500    (-,-) 
  delayMatch_reg_im_reg[12][2]/SE -       -     R     SDFFRPQNA_X1M_A9PP140ZTUL_C30    741      -     -     0     500    (-,-) 
#------------------------------------------------------------------------------------------------------------------------------



Path 35: MET (4 ps) Setup Check with Pin delayMatch_reg_im_reg[12][1]/CK->SE
           View: func-slow-maxrc
          Group: clk
     Startpoint: (R) SE
          Clock: (R) clk
       Endpoint: (R) delayMatch_reg_im_reg[12][1]/SE
          Clock: (R) clk

                     Capture       Launch     
        Clock Edge:+     500            0     
        Drv Adjust:+       0            0     
       Src Latency:+       0            0     
       Net Latency:+     200 (I)      200 (I) 
           Arrival:=     700          200     
                                              
             Setup:-      71                  
       Uncertainty:-     125                  
     Required Time:=     504                  
      Launch Clock:-     200                  
       Input Delay:-     300                  
         Data Path:-       0                  
             Slack:=       4                  

Exceptions/Constraints:
  input_delay             300             pp_int_x4_struct.sdc_line_20_28_1 

#------------------------------------------------------------------------------------------------------------------------------
#          Timing Point           Flags   Arc   Edge             Cell               Fanout  Load  Trans Delay Arrival Instance 
#                                                                                           (fF)   (ps)  (ps)   (ps)  Location 
#------------------------------------------------------------------------------------------------------------------------------
  SE                              -       -     R     (arrival)                        741 1012.8     0     0     500    (-,-) 
  delayMatch_reg_im_reg[12][1]/SE -       -     R     SDFFRPQNA_X1M_A9PP140ZTUL_C30    741      -     -     0     500    (-,-) 
#------------------------------------------------------------------------------------------------------------------------------



Path 36: MET (4 ps) Setup Check with Pin delayMatch_reg_im_reg[12][0]/CK->SE
           View: func-slow-maxrc
          Group: clk
     Startpoint: (R) SE
          Clock: (R) clk
       Endpoint: (R) delayMatch_reg_im_reg[12][0]/SE
          Clock: (R) clk

                     Capture       Launch     
        Clock Edge:+     500            0     
        Drv Adjust:+       0            0     
       Src Latency:+       0            0     
       Net Latency:+     200 (I)      200 (I) 
           Arrival:=     700          200     
                                              
             Setup:-      71                  
       Uncertainty:-     125                  
     Required Time:=     504                  
      Launch Clock:-     200                  
       Input Delay:-     300                  
         Data Path:-       0                  
             Slack:=       4                  

Exceptions/Constraints:
  input_delay             300             pp_int_x4_struct.sdc_line_20_28_1 

#------------------------------------------------------------------------------------------------------------------------------
#          Timing Point           Flags   Arc   Edge             Cell               Fanout  Load  Trans Delay Arrival Instance 
#                                                                                           (fF)   (ps)  (ps)   (ps)  Location 
#------------------------------------------------------------------------------------------------------------------------------
  SE                              -       -     R     (arrival)                        741 1012.8     0     0     500    (-,-) 
  delayMatch_reg_im_reg[12][0]/SE -       -     R     SDFFRPQNA_X1M_A9PP140ZTUL_C30    741      -     -     0     500    (-,-) 
#------------------------------------------------------------------------------------------------------------------------------



Path 37: MET (4 ps) Setup Check with Pin delayMatch_reg_im_reg[11][15]/CK->SE
           View: func-slow-maxrc
          Group: clk
     Startpoint: (R) SE
          Clock: (R) clk
       Endpoint: (R) delayMatch_reg_im_reg[11][15]/SE
          Clock: (R) clk

                     Capture       Launch     
        Clock Edge:+     500            0     
        Drv Adjust:+       0            0     
       Src Latency:+       0            0     
       Net Latency:+     200 (I)      200 (I) 
           Arrival:=     700          200     
                                              
             Setup:-      71                  
       Uncertainty:-     125                  
     Required Time:=     504                  
      Launch Clock:-     200                  
       Input Delay:-     300                  
         Data Path:-       0                  
             Slack:=       4                  

Exceptions/Constraints:
  input_delay             300             pp_int_x4_struct.sdc_line_20_28_1 

#-------------------------------------------------------------------------------------------------------------------------------
#          Timing Point            Flags   Arc   Edge             Cell               Fanout  Load  Trans Delay Arrival Instance 
#                                                                                            (fF)   (ps)  (ps)   (ps)  Location 
#-------------------------------------------------------------------------------------------------------------------------------
  SE                               -       -     R     (arrival)                        741 1012.8     0     0     500    (-,-) 
  delayMatch_reg_im_reg[11][15]/SE -       -     R     SDFFRPQNA_X1M_A9PP140ZTUL_C30    741      -     -     0     500    (-,-) 
#-------------------------------------------------------------------------------------------------------------------------------



Path 38: MET (4 ps) Setup Check with Pin delayMatch_reg_im_reg[11][14]/CK->SE
           View: func-slow-maxrc
          Group: clk
     Startpoint: (R) SE
          Clock: (R) clk
       Endpoint: (R) delayMatch_reg_im_reg[11][14]/SE
          Clock: (R) clk

                     Capture       Launch     
        Clock Edge:+     500            0     
        Drv Adjust:+       0            0     
       Src Latency:+       0            0     
       Net Latency:+     200 (I)      200 (I) 
           Arrival:=     700          200     
                                              
             Setup:-      71                  
       Uncertainty:-     125                  
     Required Time:=     504                  
      Launch Clock:-     200                  
       Input Delay:-     300                  
         Data Path:-       0                  
             Slack:=       4                  

Exceptions/Constraints:
  input_delay             300             pp_int_x4_struct.sdc_line_20_28_1 

#-------------------------------------------------------------------------------------------------------------------------------
#          Timing Point            Flags   Arc   Edge             Cell               Fanout  Load  Trans Delay Arrival Instance 
#                                                                                            (fF)   (ps)  (ps)   (ps)  Location 
#-------------------------------------------------------------------------------------------------------------------------------
  SE                               -       -     R     (arrival)                        741 1012.8     0     0     500    (-,-) 
  delayMatch_reg_im_reg[11][14]/SE -       -     R     SDFFRPQNA_X1M_A9PP140ZTUL_C30    741      -     -     0     500    (-,-) 
#-------------------------------------------------------------------------------------------------------------------------------



Path 39: MET (4 ps) Setup Check with Pin delayMatch_reg_im_reg[11][13]/CK->SE
           View: func-slow-maxrc
          Group: clk
     Startpoint: (R) SE
          Clock: (R) clk
       Endpoint: (R) delayMatch_reg_im_reg[11][13]/SE
          Clock: (R) clk

                     Capture       Launch     
        Clock Edge:+     500            0     
        Drv Adjust:+       0            0     
       Src Latency:+       0            0     
       Net Latency:+     200 (I)      200 (I) 
           Arrival:=     700          200     
                                              
             Setup:-      71                  
       Uncertainty:-     125                  
     Required Time:=     504                  
      Launch Clock:-     200                  
       Input Delay:-     300                  
         Data Path:-       0                  
             Slack:=       4                  

Exceptions/Constraints:
  input_delay             300             pp_int_x4_struct.sdc_line_20_28_1 

#-------------------------------------------------------------------------------------------------------------------------------
#          Timing Point            Flags   Arc   Edge             Cell               Fanout  Load  Trans Delay Arrival Instance 
#                                                                                            (fF)   (ps)  (ps)   (ps)  Location 
#-------------------------------------------------------------------------------------------------------------------------------
  SE                               -       -     R     (arrival)                        741 1012.8     0     0     500    (-,-) 
  delayMatch_reg_im_reg[11][13]/SE -       -     R     SDFFRPQNA_X1M_A9PP140ZTUL_C30    741      -     -     0     500    (-,-) 
#-------------------------------------------------------------------------------------------------------------------------------



Path 40: MET (4 ps) Setup Check with Pin delayMatch_reg_im_reg[11][12]/CK->SE
           View: func-slow-maxrc
          Group: clk
     Startpoint: (R) SE
          Clock: (R) clk
       Endpoint: (R) delayMatch_reg_im_reg[11][12]/SE
          Clock: (R) clk

                     Capture       Launch     
        Clock Edge:+     500            0     
        Drv Adjust:+       0            0     
       Src Latency:+       0            0     
       Net Latency:+     200 (I)      200 (I) 
           Arrival:=     700          200     
                                              
             Setup:-      71                  
       Uncertainty:-     125                  
     Required Time:=     504                  
      Launch Clock:-     200                  
       Input Delay:-     300                  
         Data Path:-       0                  
             Slack:=       4                  

Exceptions/Constraints:
  input_delay             300             pp_int_x4_struct.sdc_line_20_28_1 

#-------------------------------------------------------------------------------------------------------------------------------
#          Timing Point            Flags   Arc   Edge             Cell               Fanout  Load  Trans Delay Arrival Instance 
#                                                                                            (fF)   (ps)  (ps)   (ps)  Location 
#-------------------------------------------------------------------------------------------------------------------------------
  SE                               -       -     R     (arrival)                        741 1012.8     0     0     500    (-,-) 
  delayMatch_reg_im_reg[11][12]/SE -       -     R     SDFFRPQNA_X1M_A9PP140ZTUL_C30    741      -     -     0     500    (-,-) 
#-------------------------------------------------------------------------------------------------------------------------------



Path 41: MET (4 ps) Setup Check with Pin delayMatch_reg_im_reg[11][11]/CK->SE
           View: func-slow-maxrc
          Group: clk
     Startpoint: (R) SE
          Clock: (R) clk
       Endpoint: (R) delayMatch_reg_im_reg[11][11]/SE
          Clock: (R) clk

                     Capture       Launch     
        Clock Edge:+     500            0     
        Drv Adjust:+       0            0     
       Src Latency:+       0            0     
       Net Latency:+     200 (I)      200 (I) 
           Arrival:=     700          200     
                                              
             Setup:-      71                  
       Uncertainty:-     125                  
     Required Time:=     504                  
      Launch Clock:-     200                  
       Input Delay:-     300                  
         Data Path:-       0                  
             Slack:=       4                  

Exceptions/Constraints:
  input_delay             300             pp_int_x4_struct.sdc_line_20_28_1 

#-------------------------------------------------------------------------------------------------------------------------------
#          Timing Point            Flags   Arc   Edge             Cell               Fanout  Load  Trans Delay Arrival Instance 
#                                                                                            (fF)   (ps)  (ps)   (ps)  Location 
#-------------------------------------------------------------------------------------------------------------------------------
  SE                               -       -     R     (arrival)                        741 1012.8     0     0     500    (-,-) 
  delayMatch_reg_im_reg[11][11]/SE -       -     R     SDFFRPQNA_X1M_A9PP140ZTUL_C30    741      -     -     0     500    (-,-) 
#-------------------------------------------------------------------------------------------------------------------------------



Path 42: MET (4 ps) Setup Check with Pin delayMatch_reg_im_reg[11][10]/CK->SE
           View: func-slow-maxrc
          Group: clk
     Startpoint: (R) SE
          Clock: (R) clk
       Endpoint: (R) delayMatch_reg_im_reg[11][10]/SE
          Clock: (R) clk

                     Capture       Launch     
        Clock Edge:+     500            0     
        Drv Adjust:+       0            0     
       Src Latency:+       0            0     
       Net Latency:+     200 (I)      200 (I) 
           Arrival:=     700          200     
                                              
             Setup:-      71                  
       Uncertainty:-     125                  
     Required Time:=     504                  
      Launch Clock:-     200                  
       Input Delay:-     300                  
         Data Path:-       0                  
             Slack:=       4                  

Exceptions/Constraints:
  input_delay             300             pp_int_x4_struct.sdc_line_20_28_1 

#-------------------------------------------------------------------------------------------------------------------------------
#          Timing Point            Flags   Arc   Edge             Cell               Fanout  Load  Trans Delay Arrival Instance 
#                                                                                            (fF)   (ps)  (ps)   (ps)  Location 
#-------------------------------------------------------------------------------------------------------------------------------
  SE                               -       -     R     (arrival)                        741 1012.8     0     0     500    (-,-) 
  delayMatch_reg_im_reg[11][10]/SE -       -     R     SDFFRPQNA_X1M_A9PP140ZTUL_C30    741      -     -     0     500    (-,-) 
#-------------------------------------------------------------------------------------------------------------------------------



Path 43: MET (4 ps) Setup Check with Pin delayMatch_reg_im_reg[11][9]/CK->SE
           View: func-slow-maxrc
          Group: clk
     Startpoint: (R) SE
          Clock: (R) clk
       Endpoint: (R) delayMatch_reg_im_reg[11][9]/SE
          Clock: (R) clk

                     Capture       Launch     
        Clock Edge:+     500            0     
        Drv Adjust:+       0            0     
       Src Latency:+       0            0     
       Net Latency:+     200 (I)      200 (I) 
           Arrival:=     700          200     
                                              
             Setup:-      71                  
       Uncertainty:-     125                  
     Required Time:=     504                  
      Launch Clock:-     200                  
       Input Delay:-     300                  
         Data Path:-       0                  
             Slack:=       4                  

Exceptions/Constraints:
  input_delay             300             pp_int_x4_struct.sdc_line_20_28_1 

#------------------------------------------------------------------------------------------------------------------------------
#          Timing Point           Flags   Arc   Edge             Cell               Fanout  Load  Trans Delay Arrival Instance 
#                                                                                           (fF)   (ps)  (ps)   (ps)  Location 
#------------------------------------------------------------------------------------------------------------------------------
  SE                              -       -     R     (arrival)                        741 1012.8     0     0     500    (-,-) 
  delayMatch_reg_im_reg[11][9]/SE -       -     R     SDFFRPQNA_X1M_A9PP140ZTUL_C30    741      -     -     0     500    (-,-) 
#------------------------------------------------------------------------------------------------------------------------------



Path 44: MET (4 ps) Setup Check with Pin delayMatch_reg_im_reg[11][8]/CK->SE
           View: func-slow-maxrc
          Group: clk
     Startpoint: (R) SE
          Clock: (R) clk
       Endpoint: (R) delayMatch_reg_im_reg[11][8]/SE
          Clock: (R) clk

                     Capture       Launch     
        Clock Edge:+     500            0     
        Drv Adjust:+       0            0     
       Src Latency:+       0            0     
       Net Latency:+     200 (I)      200 (I) 
           Arrival:=     700          200     
                                              
             Setup:-      71                  
       Uncertainty:-     125                  
     Required Time:=     504                  
      Launch Clock:-     200                  
       Input Delay:-     300                  
         Data Path:-       0                  
             Slack:=       4                  

Exceptions/Constraints:
  input_delay             300             pp_int_x4_struct.sdc_line_20_28_1 

#------------------------------------------------------------------------------------------------------------------------------
#          Timing Point           Flags   Arc   Edge             Cell               Fanout  Load  Trans Delay Arrival Instance 
#                                                                                           (fF)   (ps)  (ps)   (ps)  Location 
#------------------------------------------------------------------------------------------------------------------------------
  SE                              -       -     R     (arrival)                        741 1012.8     0     0     500    (-,-) 
  delayMatch_reg_im_reg[11][8]/SE -       -     R     SDFFRPQNA_X1M_A9PP140ZTUL_C30    741      -     -     0     500    (-,-) 
#------------------------------------------------------------------------------------------------------------------------------



Path 45: MET (4 ps) Setup Check with Pin delayMatch_reg_im_reg[11][7]/CK->SE
           View: func-slow-maxrc
          Group: clk
     Startpoint: (R) SE
          Clock: (R) clk
       Endpoint: (R) delayMatch_reg_im_reg[11][7]/SE
          Clock: (R) clk

                     Capture       Launch     
        Clock Edge:+     500            0     
        Drv Adjust:+       0            0     
       Src Latency:+       0            0     
       Net Latency:+     200 (I)      200 (I) 
           Arrival:=     700          200     
                                              
             Setup:-      71                  
       Uncertainty:-     125                  
     Required Time:=     504                  
      Launch Clock:-     200                  
       Input Delay:-     300                  
         Data Path:-       0                  
             Slack:=       4                  

Exceptions/Constraints:
  input_delay             300             pp_int_x4_struct.sdc_line_20_28_1 

#------------------------------------------------------------------------------------------------------------------------------
#          Timing Point           Flags   Arc   Edge             Cell               Fanout  Load  Trans Delay Arrival Instance 
#                                                                                           (fF)   (ps)  (ps)   (ps)  Location 
#------------------------------------------------------------------------------------------------------------------------------
  SE                              -       -     R     (arrival)                        741 1012.8     0     0     500    (-,-) 
  delayMatch_reg_im_reg[11][7]/SE -       -     R     SDFFRPQNA_X1M_A9PP140ZTUL_C30    741      -     -     0     500    (-,-) 
#------------------------------------------------------------------------------------------------------------------------------



Path 46: MET (4 ps) Setup Check with Pin delayMatch_reg_im_reg[11][6]/CK->SE
           View: func-slow-maxrc
          Group: clk
     Startpoint: (R) SE
          Clock: (R) clk
       Endpoint: (R) delayMatch_reg_im_reg[11][6]/SE
          Clock: (R) clk

                     Capture       Launch     
        Clock Edge:+     500            0     
        Drv Adjust:+       0            0     
       Src Latency:+       0            0     
       Net Latency:+     200 (I)      200 (I) 
           Arrival:=     700          200     
                                              
             Setup:-      71                  
       Uncertainty:-     125                  
     Required Time:=     504                  
      Launch Clock:-     200                  
       Input Delay:-     300                  
         Data Path:-       0                  
             Slack:=       4                  

Exceptions/Constraints:
  input_delay             300             pp_int_x4_struct.sdc_line_20_28_1 

#------------------------------------------------------------------------------------------------------------------------------
#          Timing Point           Flags   Arc   Edge             Cell               Fanout  Load  Trans Delay Arrival Instance 
#                                                                                           (fF)   (ps)  (ps)   (ps)  Location 
#------------------------------------------------------------------------------------------------------------------------------
  SE                              -       -     R     (arrival)                        741 1012.8     0     0     500    (-,-) 
  delayMatch_reg_im_reg[11][6]/SE -       -     R     SDFFRPQNA_X1M_A9PP140ZTUL_C30    741      -     -     0     500    (-,-) 
#------------------------------------------------------------------------------------------------------------------------------



Path 47: MET (4 ps) Setup Check with Pin delayMatch_reg_im_reg[11][5]/CK->SE
           View: func-slow-maxrc
          Group: clk
     Startpoint: (R) SE
          Clock: (R) clk
       Endpoint: (R) delayMatch_reg_im_reg[11][5]/SE
          Clock: (R) clk

                     Capture       Launch     
        Clock Edge:+     500            0     
        Drv Adjust:+       0            0     
       Src Latency:+       0            0     
       Net Latency:+     200 (I)      200 (I) 
           Arrival:=     700          200     
                                              
             Setup:-      71                  
       Uncertainty:-     125                  
     Required Time:=     504                  
      Launch Clock:-     200                  
       Input Delay:-     300                  
         Data Path:-       0                  
             Slack:=       4                  

Exceptions/Constraints:
  input_delay             300             pp_int_x4_struct.sdc_line_20_28_1 

#------------------------------------------------------------------------------------------------------------------------------
#          Timing Point           Flags   Arc   Edge             Cell               Fanout  Load  Trans Delay Arrival Instance 
#                                                                                           (fF)   (ps)  (ps)   (ps)  Location 
#------------------------------------------------------------------------------------------------------------------------------
  SE                              -       -     R     (arrival)                        741 1012.8     0     0     500    (-,-) 
  delayMatch_reg_im_reg[11][5]/SE -       -     R     SDFFRPQNA_X1M_A9PP140ZTUL_C30    741      -     -     0     500    (-,-) 
#------------------------------------------------------------------------------------------------------------------------------



Path 48: MET (4 ps) Setup Check with Pin delayMatch_reg_im_reg[11][4]/CK->SE
           View: func-slow-maxrc
          Group: clk
     Startpoint: (R) SE
          Clock: (R) clk
       Endpoint: (R) delayMatch_reg_im_reg[11][4]/SE
          Clock: (R) clk

                     Capture       Launch     
        Clock Edge:+     500            0     
        Drv Adjust:+       0            0     
       Src Latency:+       0            0     
       Net Latency:+     200 (I)      200 (I) 
           Arrival:=     700          200     
                                              
             Setup:-      71                  
       Uncertainty:-     125                  
     Required Time:=     504                  
      Launch Clock:-     200                  
       Input Delay:-     300                  
         Data Path:-       0                  
             Slack:=       4                  

Exceptions/Constraints:
  input_delay             300             pp_int_x4_struct.sdc_line_20_28_1 

#------------------------------------------------------------------------------------------------------------------------------
#          Timing Point           Flags   Arc   Edge             Cell               Fanout  Load  Trans Delay Arrival Instance 
#                                                                                           (fF)   (ps)  (ps)   (ps)  Location 
#------------------------------------------------------------------------------------------------------------------------------
  SE                              -       -     R     (arrival)                        741 1012.8     0     0     500    (-,-) 
  delayMatch_reg_im_reg[11][4]/SE -       -     R     SDFFRPQNA_X1M_A9PP140ZTUL_C30    741      -     -     0     500    (-,-) 
#------------------------------------------------------------------------------------------------------------------------------



Path 49: MET (4 ps) Setup Check with Pin delayMatch_reg_im_reg[11][3]/CK->SE
           View: func-slow-maxrc
          Group: clk
     Startpoint: (R) SE
          Clock: (R) clk
       Endpoint: (R) delayMatch_reg_im_reg[11][3]/SE
          Clock: (R) clk

                     Capture       Launch     
        Clock Edge:+     500            0     
        Drv Adjust:+       0            0     
       Src Latency:+       0            0     
       Net Latency:+     200 (I)      200 (I) 
           Arrival:=     700          200     
                                              
             Setup:-      71                  
       Uncertainty:-     125                  
     Required Time:=     504                  
      Launch Clock:-     200                  
       Input Delay:-     300                  
         Data Path:-       0                  
             Slack:=       4                  

Exceptions/Constraints:
  input_delay             300             pp_int_x4_struct.sdc_line_20_28_1 

#------------------------------------------------------------------------------------------------------------------------------
#          Timing Point           Flags   Arc   Edge             Cell               Fanout  Load  Trans Delay Arrival Instance 
#                                                                                           (fF)   (ps)  (ps)   (ps)  Location 
#------------------------------------------------------------------------------------------------------------------------------
  SE                              -       -     R     (arrival)                        741 1012.8     0     0     500    (-,-) 
  delayMatch_reg_im_reg[11][3]/SE -       -     R     SDFFRPQNA_X1M_A9PP140ZTUL_C30    741      -     -     0     500    (-,-) 
#------------------------------------------------------------------------------------------------------------------------------



Path 50: MET (4 ps) Setup Check with Pin delayMatch_reg_im_reg[11][2]/CK->SE
           View: func-slow-maxrc
          Group: clk
     Startpoint: (R) SE
          Clock: (R) clk
       Endpoint: (R) delayMatch_reg_im_reg[11][2]/SE
          Clock: (R) clk

                     Capture       Launch     
        Clock Edge:+     500            0     
        Drv Adjust:+       0            0     
       Src Latency:+       0            0     
       Net Latency:+     200 (I)      200 (I) 
           Arrival:=     700          200     
                                              
             Setup:-      71                  
       Uncertainty:-     125                  
     Required Time:=     504                  
      Launch Clock:-     200                  
       Input Delay:-     300                  
         Data Path:-       0                  
             Slack:=       4                  

Exceptions/Constraints:
  input_delay             300             pp_int_x4_struct.sdc_line_20_28_1 

#------------------------------------------------------------------------------------------------------------------------------
#          Timing Point           Flags   Arc   Edge             Cell               Fanout  Load  Trans Delay Arrival Instance 
#                                                                                           (fF)   (ps)  (ps)   (ps)  Location 
#------------------------------------------------------------------------------------------------------------------------------
  SE                              -       -     R     (arrival)                        741 1012.8     0     0     500    (-,-) 
  delayMatch_reg_im_reg[11][2]/SE -       -     R     SDFFRPQNA_X1M_A9PP140ZTUL_C30    741      -     -     0     500    (-,-) 
#------------------------------------------------------------------------------------------------------------------------------

