============================================================
  Generated by:           Genus(TM) Synthesis Solution 22.10-p001_1
  Generated on:           Jan 25 2025  12:05:41 pm
  Module:                 pp_int_x4
  Operating conditions:   ssg_cworstt_max_0p81v_125c 
  Operating conditions:   ffg_cbestt_min_0p99v_m40c 
  Operating conditions:   tt_ctypical_max_0p90v_25c 
  Interconnect mode:      global
  Area mode:              physical library
============================================================


Path 1: MET (0 ps) Late External Delay Assertion at pin Out1_im[9]
           View: func-slow-maxrc
          Group: clk
     Startpoint: (R) u_pp_int_x4_tc/phase_1_reg/CK
          Clock: (R) clk
       Endpoint: (F) Out1_im[9]
          Clock: (R) clk

                     Capture       Launch     
        Clock Edge:+     500            0     
       Src Latency:+       0            0     
       Net Latency:+     200 (I)      200 (I) 
           Arrival:=     700          200     
                                              
      Output Delay:-      50                  
       Uncertainty:-     125                  
     Required Time:=     525                  
      Launch Clock:-     200                  
         Data Path:-     325                  
             Slack:=       0                  

Exceptions/Constraints:
  output_delay              50             pp_int_x4_struct.sdc_line_22_49_1 

#-------------------------------------------------------------------------------------------------------------------------------
#            Timing Point             Flags    Arc   Edge            Cell              Fanout Load Trans Delay Arrival Instance 
#                                                                                             (fF)  (ps)  (ps)   (ps)  Location 
#-------------------------------------------------------------------------------------------------------------------------------
  u_pp_int_x4_tc/phase_1_reg/CK       -       -      R     (arrival)                      741    -    25     0     200    (-,-) 
  u_pp_int_x4_tc/phase_1_reg/Q        -       CK->Q  F     SDFFSQA_X1M_A9PP140ZTUL_C30      3  4.3    20    38     238    (-,-) 
  u_pp_int_x4_tc/g52/Y                -       B->Y   F     AND2_X3TM_A9PP140ZTUL_C30        1  4.8    13    25     263    (-,-) 
  g4512/Y                             -       A->Y   R     NAND2_X6B_A9PP140ZTUL_C30        9 14.8    20    13     276    (-,-) 
  g4457/Y                             -       A0->Y  F     OAI2XB1_X3M_A9PP140ZTUL_C30      2  3.2    19    12     288    (-,-) 
  csa_tree_add_441_56_groupi_g2507/CO -       CI->CO F     ADDF_X1M_A9PP140ZTL_C30          1  2.5    20    34     322    (-,-) 
  csa_tree_add_441_56_groupi_g2463/CO -       CI->CO F     ADDF_X1M_A9PP140ZTUL_C30         1  2.6    19    32     354    (-,-) 
  csa_tree_add_441_56_groupi_g2455/CO -       CI->CO F     ADDF_X2M_A9PP140ZTUL_C30         1  2.6    14    29     383    (-,-) 
  csa_tree_add_441_56_groupi_g2447/CO -       CI->CO F     ADDF_X2M_A9PP140ZTUL_C30         2  3.1    16    29     412    (-,-) 
  csa_tree_add_441_56_groupi_g2445/Y  -       A->Y   R     NAND2_X2B_A9PP140ZTUL_C30        2  3.1    15    11     423    (-,-) 
  csa_tree_add_441_56_groupi_g2431/Y  -       A0->Y  R     OA21B_X4M_A9PP140ZTUL_C30        3  7.7    24    23     447    (-,-) 
  csa_tree_add_441_56_groupi_g2428/Y  -       A0->Y  F     OAI21_X6M_A9PP140ZTUL_C30        5 10.0    24    15     462    (-,-) 
  csa_tree_add_441_56_groupi_g2427/Y  -       A->Y   R     INV_X3M_A9PP140ZTUL_C30          1  1.5    10     8     470    (-,-) 
  csa_tree_add_441_56_groupi_g2424/Y  -       A0->Y  F     OAI21_X1A_A9PP140ZTUL_C30        1  2.6    34    18     488    (-,-) 
  csa_tree_add_441_56_groupi_g2419/Y  -       A->Y   F     XOR2_X2M_A9PP140ZTUL_C30         1 10.8    55    36     524    (-,-) 
  Out1_im[9]                          -       -      F     (port)                           -    -     -     1     525    (-,-) 
#-------------------------------------------------------------------------------------------------------------------------------



Path 2: MET (0 ps) Late External Delay Assertion at pin Out1_re[9]
           View: func-slow-maxrc
          Group: clk
     Startpoint: (R) u_pp_int_x4_tc/phase_1_reg/CK
          Clock: (R) clk
       Endpoint: (F) Out1_re[9]
          Clock: (R) clk

                     Capture       Launch     
        Clock Edge:+     500            0     
       Src Latency:+       0            0     
       Net Latency:+     200 (I)      200 (I) 
           Arrival:=     700          200     
                                              
      Output Delay:-      50                  
       Uncertainty:-     125                  
     Required Time:=     525                  
      Launch Clock:-     200                  
         Data Path:-     325                  
             Slack:=       0                  

Exceptions/Constraints:
  output_delay              50             pp_int_x4_struct.sdc_line_22_33_1 

#-------------------------------------------------------------------------------------------------------------------------------
#            Timing Point             Flags    Arc   Edge            Cell              Fanout Load Trans Delay Arrival Instance 
#                                                                                             (fF)  (ps)  (ps)   (ps)  Location 
#-------------------------------------------------------------------------------------------------------------------------------
  u_pp_int_x4_tc/phase_1_reg/CK       -       -      R     (arrival)                      741    -    25     0     200    (-,-) 
  u_pp_int_x4_tc/phase_1_reg/Q        -       CK->Q  F     SDFFSQA_X1M_A9PP140ZTUL_C30      3  4.3    20    38     238    (-,-) 
  u_pp_int_x4_tc/g52/Y                -       B->Y   F     AND2_X3TM_A9PP140ZTUL_C30        1  4.8    13    25     263    (-,-) 
  g4512/Y                             -       A->Y   R     NAND2_X6B_A9PP140ZTUL_C30        9 14.8    20    13     276    (-,-) 
  g4444/Y                             -       A0->Y  F     OAI2XB1_X3M_A9PP140ZTUL_C30      2  3.2    19    12     288    (-,-) 
  csa_tree_add_437_52_groupi_g2507/CO -       CI->CO F     ADDF_X1M_A9PP140ZTL_C30          1  2.5    20    34     322    (-,-) 
  csa_tree_add_437_52_groupi_g2463/CO -       CI->CO F     ADDF_X1M_A9PP140ZTUL_C30         1  2.6    19    32     354    (-,-) 
  csa_tree_add_437_52_groupi_g2455/CO -       CI->CO F     ADDF_X2M_A9PP140ZTUL_C30         1  2.6    14    29     383    (-,-) 
  csa_tree_add_437_52_groupi_g2447/CO -       CI->CO F     ADDF_X2M_A9PP140ZTUL_C30         2  3.1    16    29     412    (-,-) 
  csa_tree_add_437_52_groupi_g2445/Y  -       A->Y   R     NAND2_X2B_A9PP140ZTUL_C30        2  3.1    15    11     423    (-,-) 
  csa_tree_add_437_52_groupi_g2431/Y  -       A0->Y  R     OA21B_X4M_A9PP140ZTUL_C30        3  7.7    24    23     447    (-,-) 
  csa_tree_add_437_52_groupi_g2428/Y  -       A0->Y  F     OAI21_X6M_A9PP140ZTUL_C30        5 10.0    24    15     462    (-,-) 
  csa_tree_add_437_52_groupi_g2427/Y  -       A->Y   R     INV_X3M_A9PP140ZTUL_C30          1  1.5    10     8     470    (-,-) 
  csa_tree_add_437_52_groupi_g2424/Y  -       A0->Y  F     OAI21_X1A_A9PP140ZTUL_C30        1  2.6    34    18     488    (-,-) 
  csa_tree_add_437_52_groupi_g2419/Y  -       A->Y   F     XOR2_X2M_A9PP140ZTUL_C30         1 10.8    55    36     524    (-,-) 
  Out1_re[9]                          -       -      F     (port)                           -    -     -     1     525    (-,-) 
#-------------------------------------------------------------------------------------------------------------------------------



Path 3: MET (0 ps) Late External Delay Assertion at pin Out1_im[15]
           View: func-slow-maxrc
          Group: clk
     Startpoint: (R) u_pp_int_x4_tc/phase_1_reg/CK
          Clock: (R) clk
       Endpoint: (R) Out1_im[15]
          Clock: (R) clk

                     Capture       Launch     
        Clock Edge:+     500            0     
       Src Latency:+       0            0     
       Net Latency:+     200 (I)      200 (I) 
           Arrival:=     700          200     
                                              
      Output Delay:-      50                  
       Uncertainty:-     125                  
     Required Time:=     525                  
      Launch Clock:-     200                  
         Data Path:-     325                  
             Slack:=       0                  

Exceptions/Constraints:
  output_delay              50             pp_int_x4_struct.sdc_line_22_43_1 

#------------------------------------------------------------------------------------------------------------------------------
#           Timing Point             Flags    Arc   Edge            Cell              Fanout Load Trans Delay Arrival Instance 
#                                                                                            (fF)  (ps)  (ps)   (ps)  Location 
#------------------------------------------------------------------------------------------------------------------------------
  u_pp_int_x4_tc/phase_1_reg/CK      -       -      R     (arrival)                      741    -    25     0     200    (-,-) 
  u_pp_int_x4_tc/phase_1_reg/Q       -       CK->Q  F     SDFFSQA_X1M_A9PP140ZTUL_C30      3  4.3    20    38     238    (-,-) 
  u_pp_int_x4_tc/g52/Y               -       B->Y   F     AND2_X3TM_A9PP140ZTUL_C30        1  4.8    13    25     263    (-,-) 
  g4512/Y                            -       A->Y   R     NAND2_X6B_A9PP140ZTUL_C30        9 14.8    20    13     276    (-,-) 
  g4501/Y                            -       A->Y   F     INV_X2M_A9PP140ZTUL_C30          4  4.7    15    10     286    (-,-) 
  g4499/Y                            -       A->Y   R     INV_X1M_A9PP140ZTL_C30           2  3.7    25    19     305    (-,-) 
  g4471/Y                            -       A0->Y  F     OAI2XB1_X2M_A9PP140ZTUL_C30      2  3.2    24    15     320    (-,-) 
  csa_tree_add_441_56_groupi_g2498/S -       CI->S  F     ADDF_X1M_A9PP140ZTUL_C30         2  2.8    24    45     365    (-,-) 
  csa_tree_add_441_56_groupi_g2483/Y -       A->Y   R     NOR2_X2A_A9PP140ZTUL_C30         4  6.0    32    24     388    (-,-) 
  csa_tree_add_441_56_groupi_g2456/Y -       A1N->Y R     AOI2XB1_X2M_A9PP140ZTUL_C30      1  2.1    19    27     415    (-,-) 
  csa_tree_add_441_56_groupi_g2448/Y -       A0->Y  F     OAI21_X2M_A9PP140ZTL_C30         2  3.8    26    17     432    (-,-) 
  csa_tree_add_441_56_groupi_g2446/Y -       A0->Y  R     AOI21_X1A_A9PP140ZTUL_C30        1  1.5    27    20     452    (-,-) 
  csa_tree_add_441_56_groupi_g2433/Y -       A0->Y  R     OA21_X1M_A9PP140ZTUL_C30         1  2.1    17    24     476    (-,-) 
  csa_tree_add_441_56_groupi_g2421/Y -       A0N->Y F     AO1B2_X2M_A9PP140ZTUL_C30        1  2.0    14    10     486    (-,-) 
  csa_tree_add_441_56_groupi_g2420/Y -       A->Y   R     XOR3_X2M_A9PP140ZTUL_C30         1 10.8    36    38     524    (-,-) 
  Out1_im[15]                        -       -      R     (port)                           -    -     -     1     525    (-,-) 
#------------------------------------------------------------------------------------------------------------------------------



Path 4: MET (0 ps) Late External Delay Assertion at pin Out1_re[15]
           View: func-slow-maxrc
          Group: clk
     Startpoint: (R) u_pp_int_x4_tc/phase_1_reg/CK
          Clock: (R) clk
       Endpoint: (R) Out1_re[15]
          Clock: (R) clk

                     Capture       Launch     
        Clock Edge:+     500            0     
       Src Latency:+       0            0     
       Net Latency:+     200 (I)      200 (I) 
           Arrival:=     700          200     
                                              
      Output Delay:-      50                  
       Uncertainty:-     125                  
     Required Time:=     525                  
      Launch Clock:-     200                  
         Data Path:-     325                  
             Slack:=       0                  

Exceptions/Constraints:
  output_delay              50             pp_int_x4_struct.sdc_line_22 

#------------------------------------------------------------------------------------------------------------------------------
#           Timing Point             Flags    Arc   Edge            Cell              Fanout Load Trans Delay Arrival Instance 
#                                                                                            (fF)  (ps)  (ps)   (ps)  Location 
#------------------------------------------------------------------------------------------------------------------------------
  u_pp_int_x4_tc/phase_1_reg/CK      -       -      R     (arrival)                      741    -    25     0     200    (-,-) 
  u_pp_int_x4_tc/phase_1_reg/Q       -       CK->Q  F     SDFFSQA_X1M_A9PP140ZTUL_C30      3  4.3    20    38     238    (-,-) 
  u_pp_int_x4_tc/g52/Y               -       B->Y   F     AND2_X3TM_A9PP140ZTUL_C30        1  4.8    13    25     263    (-,-) 
  g4512/Y                            -       A->Y   R     NAND2_X6B_A9PP140ZTUL_C30        9 14.8    20    13     276    (-,-) 
  g4501/Y                            -       A->Y   F     INV_X2M_A9PP140ZTUL_C30          4  4.7    15    10     286    (-,-) 
  g4499/Y                            -       A->Y   R     INV_X1M_A9PP140ZTL_C30           2  3.7    25    19     305    (-,-) 
  g4470/Y                            -       A0->Y  F     OAI2XB1_X2M_A9PP140ZTUL_C30      2  3.2    24    15     320    (-,-) 
  csa_tree_add_437_52_groupi_g2498/S -       CI->S  F     ADDF_X1M_A9PP140ZTUL_C30         2  2.8    24    45     365    (-,-) 
  csa_tree_add_437_52_groupi_g2483/Y -       A->Y   R     NOR2_X2A_A9PP140ZTUL_C30         4  6.0    32    24     388    (-,-) 
  csa_tree_add_437_52_groupi_g2456/Y -       A1N->Y R     AOI2XB1_X2M_A9PP140ZTUL_C30      1  2.1    19    27     415    (-,-) 
  csa_tree_add_437_52_groupi_g2448/Y -       A0->Y  F     OAI21_X2M_A9PP140ZTL_C30         2  3.8    26    17     432    (-,-) 
  csa_tree_add_437_52_groupi_g2446/Y -       A0->Y  R     AOI21_X1A_A9PP140ZTUL_C30        1  1.5    27    20     452    (-,-) 
  csa_tree_add_437_52_groupi_g2433/Y -       A0->Y  R     OA21_X1M_A9PP140ZTUL_C30         1  2.1    17    24     476    (-,-) 
  csa_tree_add_437_52_groupi_g2421/Y -       A0N->Y F     AO1B2_X2M_A9PP140ZTUL_C30        1  2.0    14    10     486    (-,-) 
  csa_tree_add_437_52_groupi_g2420/Y -       A->Y   R     XOR3_X2M_A9PP140ZTUL_C30         1 10.8    36    38     524    (-,-) 
  Out1_re[15]                        -       -      R     (port)                           -    -     -     1     525    (-,-) 
#------------------------------------------------------------------------------------------------------------------------------



Path 5: MET (0 ps) Late External Delay Assertion at pin Out1_im[11]
           View: func-slow-maxrc
          Group: clk
     Startpoint: (R) u_pp_int_x4_tc/phase_1_reg/CK
          Clock: (R) clk
       Endpoint: (R) Out1_im[11]
          Clock: (R) clk

                     Capture       Launch     
        Clock Edge:+     500            0     
       Src Latency:+       0            0     
       Net Latency:+     200 (I)      200 (I) 
           Arrival:=     700          200     
                                              
      Output Delay:-      50                  
       Uncertainty:-     125                  
     Required Time:=     525                  
      Launch Clock:-     200                  
         Data Path:-     325                  
             Slack:=       0                  

Exceptions/Constraints:
  output_delay              50             pp_int_x4_struct.sdc_line_22_47_1 

#-------------------------------------------------------------------------------------------------------------------------------
#            Timing Point             Flags    Arc   Edge            Cell              Fanout Load Trans Delay Arrival Instance 
#                                                                                             (fF)  (ps)  (ps)   (ps)  Location 
#-------------------------------------------------------------------------------------------------------------------------------
  u_pp_int_x4_tc/phase_1_reg/CK       -       -      R     (arrival)                      741    -    25     0     200    (-,-) 
  u_pp_int_x4_tc/phase_1_reg/Q        -       CK->Q  R     SDFFSQA_X1M_A9PP140ZTUL_C30      3  4.4    24    43     243    (-,-) 
  u_pp_int_x4_tc/g52/Y                -       B->Y   R     AND2_X3TM_A9PP140ZTUL_C30        1  4.6    12    16     259    (-,-) 
  g4512/Y                             -       A->Y   F     NAND2_X6B_A9PP140ZTUL_C30        9 13.8    23    15     274    (-,-) 
  g4457/Y                             -       A0->Y  R     OAI2XB1_X3M_A9PP140ZTUL_C30      2  3.2    22    17     290    (-,-) 
  csa_tree_add_441_56_groupi_g2507/CO -       CI->CO R     ADDF_X1M_A9PP140ZTL_C30          1  2.5    21    33     324    (-,-) 
  csa_tree_add_441_56_groupi_g2463/CO -       CI->CO R     ADDF_X1M_A9PP140ZTUL_C30         1  2.6    20    31     354    (-,-) 
  csa_tree_add_441_56_groupi_g2455/CO -       CI->CO R     ADDF_X2M_A9PP140ZTUL_C30         1  2.6    15    29     383    (-,-) 
  csa_tree_add_441_56_groupi_g2447/CO -       CI->CO R     ADDF_X2M_A9PP140ZTUL_C30         2  3.1    16    29     412    (-,-) 
  csa_tree_add_441_56_groupi_g2445/Y  -       A->Y   F     NAND2_X2B_A9PP140ZTUL_C30        2  3.1    17    12     424    (-,-) 
  csa_tree_add_441_56_groupi_g2431/Y  -       A0->Y  F     OA21B_X4M_A9PP140ZTUL_C30        3  7.1    16    23     447    (-,-) 
  csa_tree_add_441_56_groupi_g2428/Y  -       A0->Y  R     OAI21_X6M_A9PP140ZTUL_C30        5  9.8    24    18     465    (-,-) 
  csa_tree_add_441_56_groupi_g2423/Y  -       A0->Y  F     AOI21_X2M_A9PP140ZTUL_C30        2  5.2    30    20     485    (-,-) 
  csa_tree_add_441_56_groupi_g2416/Y  -       A0->Y  R     OAI21_X4A_A9PP140ZTL_C30         1  4.0    23    18     503    (-,-) 
  csa_tree_add_441_56_groupi_g2413/Y  -       A->Y   R     XNOR2_X4M_A9PP140ZTUL_C30        1 10.8    38    21     524    (-,-) 
  Out1_im[11]                         -       -      R     (port)                           -    -     -     1     525    (-,-) 
#-------------------------------------------------------------------------------------------------------------------------------



Path 6: MET (0 ps) Late External Delay Assertion at pin Out1_re[11]
           View: func-slow-maxrc
          Group: clk
     Startpoint: (R) u_pp_int_x4_tc/phase_1_reg/CK
          Clock: (R) clk
       Endpoint: (R) Out1_re[11]
          Clock: (R) clk

                     Capture       Launch     
        Clock Edge:+     500            0     
       Src Latency:+       0            0     
       Net Latency:+     200 (I)      200 (I) 
           Arrival:=     700          200     
                                              
      Output Delay:-      50                  
       Uncertainty:-     125                  
     Required Time:=     525                  
      Launch Clock:-     200                  
         Data Path:-     325                  
             Slack:=       0                  

Exceptions/Constraints:
  output_delay              50             pp_int_x4_struct.sdc_line_22_31_1 

#-------------------------------------------------------------------------------------------------------------------------------
#            Timing Point             Flags    Arc   Edge            Cell              Fanout Load Trans Delay Arrival Instance 
#                                                                                             (fF)  (ps)  (ps)   (ps)  Location 
#-------------------------------------------------------------------------------------------------------------------------------
  u_pp_int_x4_tc/phase_1_reg/CK       -       -      R     (arrival)                      741    -    25     0     200    (-,-) 
  u_pp_int_x4_tc/phase_1_reg/Q        -       CK->Q  R     SDFFSQA_X1M_A9PP140ZTUL_C30      3  4.4    24    43     243    (-,-) 
  u_pp_int_x4_tc/g52/Y                -       B->Y   R     AND2_X3TM_A9PP140ZTUL_C30        1  4.6    12    16     259    (-,-) 
  g4512/Y                             -       A->Y   F     NAND2_X6B_A9PP140ZTUL_C30        9 13.8    23    15     274    (-,-) 
  g4444/Y                             -       A0->Y  R     OAI2XB1_X3M_A9PP140ZTUL_C30      2  3.2    22    17     290    (-,-) 
  csa_tree_add_437_52_groupi_g2507/CO -       CI->CO R     ADDF_X1M_A9PP140ZTL_C30          1  2.5    21    33     324    (-,-) 
  csa_tree_add_437_52_groupi_g2463/CO -       CI->CO R     ADDF_X1M_A9PP140ZTUL_C30         1  2.6    20    31     354    (-,-) 
  csa_tree_add_437_52_groupi_g2455/CO -       CI->CO R     ADDF_X2M_A9PP140ZTUL_C30         1  2.6    15    29     383    (-,-) 
  csa_tree_add_437_52_groupi_g2447/CO -       CI->CO R     ADDF_X2M_A9PP140ZTUL_C30         2  3.1    16    29     412    (-,-) 
  csa_tree_add_437_52_groupi_g2445/Y  -       A->Y   F     NAND2_X2B_A9PP140ZTUL_C30        2  3.1    17    12     424    (-,-) 
  csa_tree_add_437_52_groupi_g2431/Y  -       A0->Y  F     OA21B_X4M_A9PP140ZTUL_C30        3  7.1    16    23     447    (-,-) 
  csa_tree_add_437_52_groupi_g2428/Y  -       A0->Y  R     OAI21_X6M_A9PP140ZTUL_C30        5  9.8    24    18     465    (-,-) 
  csa_tree_add_437_52_groupi_g2423/Y  -       A0->Y  F     AOI21_X2M_A9PP140ZTUL_C30        2  5.2    30    20     485    (-,-) 
  csa_tree_add_437_52_groupi_g2416/Y  -       A0->Y  R     OAI21_X4A_A9PP140ZTL_C30         1  4.0    23    18     503    (-,-) 
  csa_tree_add_437_52_groupi_g2413/Y  -       A->Y   R     XNOR2_X4M_A9PP140ZTUL_C30        1 10.8    38    21     524    (-,-) 
  Out1_re[11]                         -       -      R     (port)                           -    -     -     1     525    (-,-) 
#-------------------------------------------------------------------------------------------------------------------------------



Path 7: MET (2 ps) Late External Delay Assertion at pin Out1_im[13]
           View: func-slow-maxrc
          Group: clk
     Startpoint: (R) u_pp_int_x4_tc/phase_1_reg/CK
          Clock: (R) clk
       Endpoint: (R) Out1_im[13]
          Clock: (R) clk

                     Capture       Launch     
        Clock Edge:+     500            0     
       Src Latency:+       0            0     
       Net Latency:+     200 (I)      200 (I) 
           Arrival:=     700          200     
                                              
      Output Delay:-      50                  
       Uncertainty:-     125                  
     Required Time:=     525                  
      Launch Clock:-     200                  
         Data Path:-     323                  
             Slack:=       2                  

Exceptions/Constraints:
  output_delay              50             pp_int_x4_struct.sdc_line_22_45_1 

#-------------------------------------------------------------------------------------------------------------------------------
#            Timing Point             Flags    Arc   Edge            Cell              Fanout Load Trans Delay Arrival Instance 
#                                                                                             (fF)  (ps)  (ps)   (ps)  Location 
#-------------------------------------------------------------------------------------------------------------------------------
  u_pp_int_x4_tc/phase_1_reg/CK       -       -      R     (arrival)                      741    -    25     0     200    (-,-) 
  u_pp_int_x4_tc/phase_1_reg/Q        -       CK->Q  R     SDFFSQA_X1M_A9PP140ZTUL_C30      3  4.4    24    43     243    (-,-) 
  u_pp_int_x4_tc/g52/Y                -       B->Y   R     AND2_X3TM_A9PP140ZTUL_C30        1  4.6    12    16     259    (-,-) 
  g4512/Y                             -       A->Y   F     NAND2_X6B_A9PP140ZTUL_C30        9 13.8    23    15     274    (-,-) 
  g4457/Y                             -       A0->Y  R     OAI2XB1_X3M_A9PP140ZTUL_C30      2  3.2    22    17     290    (-,-) 
  csa_tree_add_441_56_groupi_g2507/CO -       CI->CO R     ADDF_X1M_A9PP140ZTL_C30          1  2.5    21    33     324    (-,-) 
  csa_tree_add_441_56_groupi_g2463/CO -       CI->CO R     ADDF_X1M_A9PP140ZTUL_C30         1  2.6    20    31     354    (-,-) 
  csa_tree_add_441_56_groupi_g2455/CO -       CI->CO R     ADDF_X2M_A9PP140ZTUL_C30         1  2.6    15    29     383    (-,-) 
  csa_tree_add_441_56_groupi_g2447/CO -       CI->CO R     ADDF_X2M_A9PP140ZTUL_C30         2  3.1    16    29     412    (-,-) 
  csa_tree_add_441_56_groupi_g2445/Y  -       A->Y   F     NAND2_X2B_A9PP140ZTUL_C30        2  3.1    17    12     424    (-,-) 
  csa_tree_add_441_56_groupi_g2431/Y  -       A0->Y  F     OA21B_X4M_A9PP140ZTUL_C30        3  7.1    16    23     447    (-,-) 
  csa_tree_add_441_56_groupi_g2428/Y  -       A0->Y  R     OAI21_X6M_A9PP140ZTUL_C30        5  9.8    24    18     465    (-,-) 
  csa_tree_add_441_56_groupi_g2422/Y  -       A0->Y  F     AOI21_X4M_A9PP140ZTUL_C30        3  6.9    30    17     481    (-,-) 
  csa_tree_add_441_56_groupi_g2415/Y  -       A0->Y  R     OAI21_X3M_A9PP140ZTUL_C30        1  4.1    26    20     501    (-,-) 
  csa_tree_add_441_56_groupi_g2412/Y  -       A->Y   R     XOR2_X4M_A9PP140ZTUL_C30         1 10.8    38    21     522    (-,-) 
  Out1_im[13]                         -       -      R     (port)                           -    -     -     1     523    (-,-) 
#-------------------------------------------------------------------------------------------------------------------------------



Path 8: MET (2 ps) Late External Delay Assertion at pin Out1_re[13]
           View: func-slow-maxrc
          Group: clk
     Startpoint: (R) u_pp_int_x4_tc/phase_1_reg/CK
          Clock: (R) clk
       Endpoint: (R) Out1_re[13]
          Clock: (R) clk

                     Capture       Launch     
        Clock Edge:+     500            0     
       Src Latency:+       0            0     
       Net Latency:+     200 (I)      200 (I) 
           Arrival:=     700          200     
                                              
      Output Delay:-      50                  
       Uncertainty:-     125                  
     Required Time:=     525                  
      Launch Clock:-     200                  
         Data Path:-     323                  
             Slack:=       2                  

Exceptions/Constraints:
  output_delay              50             pp_int_x4_struct.sdc_line_22_29_1 

#-------------------------------------------------------------------------------------------------------------------------------
#            Timing Point             Flags    Arc   Edge            Cell              Fanout Load Trans Delay Arrival Instance 
#                                                                                             (fF)  (ps)  (ps)   (ps)  Location 
#-------------------------------------------------------------------------------------------------------------------------------
  u_pp_int_x4_tc/phase_1_reg/CK       -       -      R     (arrival)                      741    -    25     0     200    (-,-) 
  u_pp_int_x4_tc/phase_1_reg/Q        -       CK->Q  R     SDFFSQA_X1M_A9PP140ZTUL_C30      3  4.4    24    43     243    (-,-) 
  u_pp_int_x4_tc/g52/Y                -       B->Y   R     AND2_X3TM_A9PP140ZTUL_C30        1  4.6    12    16     259    (-,-) 
  g4512/Y                             -       A->Y   F     NAND2_X6B_A9PP140ZTUL_C30        9 13.8    23    15     274    (-,-) 
  g4444/Y                             -       A0->Y  R     OAI2XB1_X3M_A9PP140ZTUL_C30      2  3.2    22    17     290    (-,-) 
  csa_tree_add_437_52_groupi_g2507/CO -       CI->CO R     ADDF_X1M_A9PP140ZTL_C30          1  2.5    21    33     324    (-,-) 
  csa_tree_add_437_52_groupi_g2463/CO -       CI->CO R     ADDF_X1M_A9PP140ZTUL_C30         1  2.6    20    31     354    (-,-) 
  csa_tree_add_437_52_groupi_g2455/CO -       CI->CO R     ADDF_X2M_A9PP140ZTUL_C30         1  2.6    15    29     383    (-,-) 
  csa_tree_add_437_52_groupi_g2447/CO -       CI->CO R     ADDF_X2M_A9PP140ZTUL_C30         2  3.1    16    29     412    (-,-) 
  csa_tree_add_437_52_groupi_g2445/Y  -       A->Y   F     NAND2_X2B_A9PP140ZTUL_C30        2  3.1    17    12     424    (-,-) 
  csa_tree_add_437_52_groupi_g2431/Y  -       A0->Y  F     OA21B_X4M_A9PP140ZTUL_C30        3  7.1    16    23     447    (-,-) 
  csa_tree_add_437_52_groupi_g2428/Y  -       A0->Y  R     OAI21_X6M_A9PP140ZTUL_C30        5  9.8    24    18     465    (-,-) 
  csa_tree_add_437_52_groupi_g2422/Y  -       A0->Y  F     AOI21_X4M_A9PP140ZTUL_C30        3  6.9    30    17     481    (-,-) 
  csa_tree_add_437_52_groupi_g2415/Y  -       A0->Y  R     OAI21_X3M_A9PP140ZTUL_C30        1  4.1    26    20     501    (-,-) 
  csa_tree_add_437_52_groupi_g2412/Y  -       A->Y   R     XOR2_X4M_A9PP140ZTUL_C30         1 10.8    38    21     522    (-,-) 
  Out1_re[13]                         -       -      R     (port)                           -    -     -     1     523    (-,-) 
#-------------------------------------------------------------------------------------------------------------------------------



Path 9: MET (2 ps) Late External Delay Assertion at pin Out1_im[14]
           View: func-slow-maxrc
          Group: clk
     Startpoint: (R) u_pp_int_x4_tc/phase_1_reg/CK
          Clock: (R) clk
       Endpoint: (R) Out1_im[14]
          Clock: (R) clk

                     Capture       Launch     
        Clock Edge:+     500            0     
       Src Latency:+       0            0     
       Net Latency:+     200 (I)      200 (I) 
           Arrival:=     700          200     
                                              
      Output Delay:-      50                  
       Uncertainty:-     125                  
     Required Time:=     525                  
      Launch Clock:-     200                  
         Data Path:-     323                  
             Slack:=       2                  

Exceptions/Constraints:
  output_delay              50             pp_int_x4_struct.sdc_line_22_44_1 

#-------------------------------------------------------------------------------------------------------------------------------
#            Timing Point             Flags    Arc   Edge            Cell              Fanout Load Trans Delay Arrival Instance 
#                                                                                             (fF)  (ps)  (ps)   (ps)  Location 
#-------------------------------------------------------------------------------------------------------------------------------
  u_pp_int_x4_tc/phase_1_reg/CK       -       -      R     (arrival)                      741    -    25     0     200    (-,-) 
  u_pp_int_x4_tc/phase_1_reg/Q        -       CK->Q  R     SDFFSQA_X1M_A9PP140ZTUL_C30      3  4.4    24    43     243    (-,-) 
  u_pp_int_x4_tc/g52/Y                -       B->Y   R     AND2_X3TM_A9PP140ZTUL_C30        1  4.6    12    16     259    (-,-) 
  g4512/Y                             -       A->Y   F     NAND2_X6B_A9PP140ZTUL_C30        9 13.8    23    15     274    (-,-) 
  g4457/Y                             -       A0->Y  R     OAI2XB1_X3M_A9PP140ZTUL_C30      2  3.2    22    17     290    (-,-) 
  csa_tree_add_441_56_groupi_g2507/CO -       CI->CO R     ADDF_X1M_A9PP140ZTL_C30          1  2.5    21    33     324    (-,-) 
  csa_tree_add_441_56_groupi_g2463/CO -       CI->CO R     ADDF_X1M_A9PP140ZTUL_C30         1  2.6    20    31     354    (-,-) 
  csa_tree_add_441_56_groupi_g2455/CO -       CI->CO R     ADDF_X2M_A9PP140ZTUL_C30         1  2.6    15    29     383    (-,-) 
  csa_tree_add_441_56_groupi_g2447/CO -       CI->CO R     ADDF_X2M_A9PP140ZTUL_C30         2  3.1    16    29     412    (-,-) 
  csa_tree_add_441_56_groupi_g2445/Y  -       A->Y   F     NAND2_X2B_A9PP140ZTUL_C30        2  3.1    17    12     424    (-,-) 
  csa_tree_add_441_56_groupi_g2431/Y  -       A0->Y  F     OA21B_X4M_A9PP140ZTUL_C30        3  7.1    16    23     447    (-,-) 
  csa_tree_add_441_56_groupi_g2428/Y  -       A0->Y  R     OAI21_X6M_A9PP140ZTUL_C30        5  9.8    24    18     465    (-,-) 
  csa_tree_add_441_56_groupi_g2422/Y  -       A0->Y  F     AOI21_X4M_A9PP140ZTUL_C30        3  6.9    30    17     481    (-,-) 
  csa_tree_add_441_56_groupi_g2414/Y  -       A0->Y  R     OAI2XB1_X3M_A9PP140ZTUL_C30      1  4.0    25    20     501    (-,-) 
  csa_tree_add_441_56_groupi_g2411/Y  -       A->Y   R     XNOR2_X4M_A9PP140ZTUL_C30        1 10.8    38    21     522    (-,-) 
  Out1_im[14]                         -       -      R     (port)                           -    -     -     1     523    (-,-) 
#-------------------------------------------------------------------------------------------------------------------------------



Path 10: MET (2 ps) Late External Delay Assertion at pin Out1_re[14]
           View: func-slow-maxrc
          Group: clk
     Startpoint: (R) u_pp_int_x4_tc/phase_1_reg/CK
          Clock: (R) clk
       Endpoint: (R) Out1_re[14]
          Clock: (R) clk

                     Capture       Launch     
        Clock Edge:+     500            0     
       Src Latency:+       0            0     
       Net Latency:+     200 (I)      200 (I) 
           Arrival:=     700          200     
                                              
      Output Delay:-      50                  
       Uncertainty:-     125                  
     Required Time:=     525                  
      Launch Clock:-     200                  
         Data Path:-     323                  
             Slack:=       2                  

Exceptions/Constraints:
  output_delay              50             pp_int_x4_struct.sdc_line_22_28_1 

#-------------------------------------------------------------------------------------------------------------------------------
#            Timing Point             Flags    Arc   Edge            Cell              Fanout Load Trans Delay Arrival Instance 
#                                                                                             (fF)  (ps)  (ps)   (ps)  Location 
#-------------------------------------------------------------------------------------------------------------------------------
  u_pp_int_x4_tc/phase_1_reg/CK       -       -      R     (arrival)                      741    -    25     0     200    (-,-) 
  u_pp_int_x4_tc/phase_1_reg/Q        -       CK->Q  R     SDFFSQA_X1M_A9PP140ZTUL_C30      3  4.4    24    43     243    (-,-) 
  u_pp_int_x4_tc/g52/Y                -       B->Y   R     AND2_X3TM_A9PP140ZTUL_C30        1  4.6    12    16     259    (-,-) 
  g4512/Y                             -       A->Y   F     NAND2_X6B_A9PP140ZTUL_C30        9 13.8    23    15     274    (-,-) 
  g4444/Y                             -       A0->Y  R     OAI2XB1_X3M_A9PP140ZTUL_C30      2  3.2    22    17     290    (-,-) 
  csa_tree_add_437_52_groupi_g2507/CO -       CI->CO R     ADDF_X1M_A9PP140ZTL_C30          1  2.5    21    33     324    (-,-) 
  csa_tree_add_437_52_groupi_g2463/CO -       CI->CO R     ADDF_X1M_A9PP140ZTUL_C30         1  2.6    20    31     354    (-,-) 
  csa_tree_add_437_52_groupi_g2455/CO -       CI->CO R     ADDF_X2M_A9PP140ZTUL_C30         1  2.6    15    29     383    (-,-) 
  csa_tree_add_437_52_groupi_g2447/CO -       CI->CO R     ADDF_X2M_A9PP140ZTUL_C30         2  3.1    16    29     412    (-,-) 
  csa_tree_add_437_52_groupi_g2445/Y  -       A->Y   F     NAND2_X2B_A9PP140ZTUL_C30        2  3.1    17    12     424    (-,-) 
  csa_tree_add_437_52_groupi_g2431/Y  -       A0->Y  F     OA21B_X4M_A9PP140ZTUL_C30        3  7.1    16    23     447    (-,-) 
  csa_tree_add_437_52_groupi_g2428/Y  -       A0->Y  R     OAI21_X6M_A9PP140ZTUL_C30        5  9.8    24    18     465    (-,-) 
  csa_tree_add_437_52_groupi_g2422/Y  -       A0->Y  F     AOI21_X4M_A9PP140ZTUL_C30        3  6.9    30    17     481    (-,-) 
  csa_tree_add_437_52_groupi_g2414/Y  -       A0->Y  R     OAI2XB1_X3M_A9PP140ZTUL_C30      1  4.0    25    20     501    (-,-) 
  csa_tree_add_437_52_groupi_g2411/Y  -       A->Y   R     XNOR2_X4M_A9PP140ZTUL_C30        1 10.8    38    21     522    (-,-) 
  Out1_re[14]                         -       -      R     (port)                           -    -     -     1     523    (-,-) 
#-------------------------------------------------------------------------------------------------------------------------------



Path 11: MET (4 ps) Late External Delay Assertion at pin Out1_im[10]
           View: func-slow-maxrc
          Group: clk
     Startpoint: (R) u_pp_int_x4_tc/phase_1_reg/CK
          Clock: (R) clk
       Endpoint: (F) Out1_im[10]
          Clock: (R) clk

                     Capture       Launch     
        Clock Edge:+     500            0     
       Src Latency:+       0            0     
       Net Latency:+     200 (I)      200 (I) 
           Arrival:=     700          200     
                                              
      Output Delay:-      50                  
       Uncertainty:-     125                  
     Required Time:=     525                  
      Launch Clock:-     200                  
         Data Path:-     321                  
             Slack:=       4                  

Exceptions/Constraints:
  output_delay              50             pp_int_x4_struct.sdc_line_22_48_1 

#-------------------------------------------------------------------------------------------------------------------------------
#            Timing Point             Flags    Arc   Edge            Cell              Fanout Load Trans Delay Arrival Instance 
#                                                                                             (fF)  (ps)  (ps)   (ps)  Location 
#-------------------------------------------------------------------------------------------------------------------------------
  u_pp_int_x4_tc/phase_1_reg/CK       -       -      R     (arrival)                      741    -    25     0     200    (-,-) 
  u_pp_int_x4_tc/phase_1_reg/Q        -       CK->Q  R     SDFFSQA_X1M_A9PP140ZTUL_C30      3  4.4    24    43     243    (-,-) 
  u_pp_int_x4_tc/g52/Y                -       B->Y   R     AND2_X3TM_A9PP140ZTUL_C30        1  4.6    12    16     259    (-,-) 
  g4512/Y                             -       A->Y   F     NAND2_X6B_A9PP140ZTUL_C30        9 13.8    23    15     274    (-,-) 
  g4457/Y                             -       A0->Y  R     OAI2XB1_X3M_A9PP140ZTUL_C30      2  3.2    22    17     290    (-,-) 
  csa_tree_add_441_56_groupi_g2507/CO -       CI->CO R     ADDF_X1M_A9PP140ZTL_C30          1  2.5    21    33     324    (-,-) 
  csa_tree_add_441_56_groupi_g2463/CO -       CI->CO R     ADDF_X1M_A9PP140ZTUL_C30         1  2.6    20    31     354    (-,-) 
  csa_tree_add_441_56_groupi_g2455/CO -       CI->CO R     ADDF_X2M_A9PP140ZTUL_C30         1  2.6    15    29     383    (-,-) 
  csa_tree_add_441_56_groupi_g2447/CO -       CI->CO R     ADDF_X2M_A9PP140ZTUL_C30         2  3.1    16    29     412    (-,-) 
  csa_tree_add_441_56_groupi_g2445/Y  -       A->Y   F     NAND2_X2B_A9PP140ZTUL_C30        2  3.1    17    12     424    (-,-) 
  csa_tree_add_441_56_groupi_g2431/Y  -       A0->Y  F     OA21B_X4M_A9PP140ZTUL_C30        3  7.1    16    23     447    (-,-) 
  csa_tree_add_441_56_groupi_g2428/Y  -       A0->Y  R     OAI21_X6M_A9PP140ZTUL_C30        5  9.8    24    18     465    (-,-) 
  csa_tree_add_441_56_groupi_g2423/Y  -       A0->Y  F     AOI21_X2M_A9PP140ZTUL_C30        2  5.2    30    20     485    (-,-) 
  csa_tree_add_441_56_groupi_g2418/Y  -       A->Y   F     XOR2_X2M_A9PP140ZTUL_C30         1 10.8    55    35     520    (-,-) 
  Out1_im[10]                         -       -      F     (port)                           -    -     -     1     521    (-,-) 
#-------------------------------------------------------------------------------------------------------------------------------



Path 12: MET (4 ps) Late External Delay Assertion at pin Out1_re[10]
           View: func-slow-maxrc
          Group: clk
     Startpoint: (R) u_pp_int_x4_tc/phase_1_reg/CK
          Clock: (R) clk
       Endpoint: (F) Out1_re[10]
          Clock: (R) clk

                     Capture       Launch     
        Clock Edge:+     500            0     
       Src Latency:+       0            0     
       Net Latency:+     200 (I)      200 (I) 
           Arrival:=     700          200     
                                              
      Output Delay:-      50                  
       Uncertainty:-     125                  
     Required Time:=     525                  
      Launch Clock:-     200                  
         Data Path:-     321                  
             Slack:=       4                  

Exceptions/Constraints:
  output_delay              50             pp_int_x4_struct.sdc_line_22_32_1 

#-------------------------------------------------------------------------------------------------------------------------------
#            Timing Point             Flags    Arc   Edge            Cell              Fanout Load Trans Delay Arrival Instance 
#                                                                                             (fF)  (ps)  (ps)   (ps)  Location 
#-------------------------------------------------------------------------------------------------------------------------------
  u_pp_int_x4_tc/phase_1_reg/CK       -       -      R     (arrival)                      741    -    25     0     200    (-,-) 
  u_pp_int_x4_tc/phase_1_reg/Q        -       CK->Q  R     SDFFSQA_X1M_A9PP140ZTUL_C30      3  4.4    24    43     243    (-,-) 
  u_pp_int_x4_tc/g52/Y                -       B->Y   R     AND2_X3TM_A9PP140ZTUL_C30        1  4.6    12    16     259    (-,-) 
  g4512/Y                             -       A->Y   F     NAND2_X6B_A9PP140ZTUL_C30        9 13.8    23    15     274    (-,-) 
  g4444/Y                             -       A0->Y  R     OAI2XB1_X3M_A9PP140ZTUL_C30      2  3.2    22    17     290    (-,-) 
  csa_tree_add_437_52_groupi_g2507/CO -       CI->CO R     ADDF_X1M_A9PP140ZTL_C30          1  2.5    21    33     324    (-,-) 
  csa_tree_add_437_52_groupi_g2463/CO -       CI->CO R     ADDF_X1M_A9PP140ZTUL_C30         1  2.6    20    31     354    (-,-) 
  csa_tree_add_437_52_groupi_g2455/CO -       CI->CO R     ADDF_X2M_A9PP140ZTUL_C30         1  2.6    15    29     383    (-,-) 
  csa_tree_add_437_52_groupi_g2447/CO -       CI->CO R     ADDF_X2M_A9PP140ZTUL_C30         2  3.1    16    29     412    (-,-) 
  csa_tree_add_437_52_groupi_g2445/Y  -       A->Y   F     NAND2_X2B_A9PP140ZTUL_C30        2  3.1    17    12     424    (-,-) 
  csa_tree_add_437_52_groupi_g2431/Y  -       A0->Y  F     OA21B_X4M_A9PP140ZTUL_C30        3  7.1    16    23     447    (-,-) 
  csa_tree_add_437_52_groupi_g2428/Y  -       A0->Y  R     OAI21_X6M_A9PP140ZTUL_C30        5  9.8    24    18     465    (-,-) 
  csa_tree_add_437_52_groupi_g2423/Y  -       A0->Y  F     AOI21_X2M_A9PP140ZTUL_C30        2  5.2    30    20     485    (-,-) 
  csa_tree_add_437_52_groupi_g2418/Y  -       A->Y   F     XOR2_X2M_A9PP140ZTUL_C30         1 10.8    55    35     520    (-,-) 
  Out1_re[10]                         -       -      F     (port)                           -    -     -     1     521    (-,-) 
#-------------------------------------------------------------------------------------------------------------------------------



Path 13: MET (6 ps) Late External Delay Assertion at pin Out1_im[12]
           View: func-slow-maxrc
          Group: clk
     Startpoint: (R) u_pp_int_x4_tc/phase_1_reg/CK
          Clock: (R) clk
       Endpoint: (F) Out1_im[12]
          Clock: (R) clk

                     Capture       Launch     
        Clock Edge:+     500            0     
       Src Latency:+       0            0     
       Net Latency:+     200 (I)      200 (I) 
           Arrival:=     700          200     
                                              
      Output Delay:-      50                  
       Uncertainty:-     125                  
     Required Time:=     525                  
      Launch Clock:-     200                  
         Data Path:-     319                  
             Slack:=       6                  

Exceptions/Constraints:
  output_delay              50             pp_int_x4_struct.sdc_line_22_46_1 

#-------------------------------------------------------------------------------------------------------------------------------
#            Timing Point             Flags    Arc   Edge            Cell              Fanout Load Trans Delay Arrival Instance 
#                                                                                             (fF)  (ps)  (ps)   (ps)  Location 
#-------------------------------------------------------------------------------------------------------------------------------
  u_pp_int_x4_tc/phase_1_reg/CK       -       -      R     (arrival)                      741    -    25     0     200    (-,-) 
  u_pp_int_x4_tc/phase_1_reg/Q        -       CK->Q  R     SDFFSQA_X1M_A9PP140ZTUL_C30      3  4.4    24    43     243    (-,-) 
  u_pp_int_x4_tc/g52/Y                -       B->Y   R     AND2_X3TM_A9PP140ZTUL_C30        1  4.6    12    16     259    (-,-) 
  g4512/Y                             -       A->Y   F     NAND2_X6B_A9PP140ZTUL_C30        9 13.8    23    15     274    (-,-) 
  g4457/Y                             -       A0->Y  R     OAI2XB1_X3M_A9PP140ZTUL_C30      2  3.2    22    17     290    (-,-) 
  csa_tree_add_441_56_groupi_g2507/CO -       CI->CO R     ADDF_X1M_A9PP140ZTL_C30          1  2.5    21    33     324    (-,-) 
  csa_tree_add_441_56_groupi_g2463/CO -       CI->CO R     ADDF_X1M_A9PP140ZTUL_C30         1  2.6    20    31     354    (-,-) 
  csa_tree_add_441_56_groupi_g2455/CO -       CI->CO R     ADDF_X2M_A9PP140ZTUL_C30         1  2.6    15    29     383    (-,-) 
  csa_tree_add_441_56_groupi_g2447/CO -       CI->CO R     ADDF_X2M_A9PP140ZTUL_C30         2  3.1    16    29     412    (-,-) 
  csa_tree_add_441_56_groupi_g2445/Y  -       A->Y   F     NAND2_X2B_A9PP140ZTUL_C30        2  3.1    17    12     424    (-,-) 
  csa_tree_add_441_56_groupi_g2431/Y  -       A0->Y  F     OA21B_X4M_A9PP140ZTUL_C30        3  7.1    16    23     447    (-,-) 
  csa_tree_add_441_56_groupi_g2428/Y  -       A0->Y  R     OAI21_X6M_A9PP140ZTUL_C30        5  9.8    24    18     465    (-,-) 
  csa_tree_add_441_56_groupi_g2422/Y  -       A0->Y  F     AOI21_X4M_A9PP140ZTUL_C30        3  6.9    30    17     481    (-,-) 
  csa_tree_add_441_56_groupi_g2417/Y  -       A->Y   F     XNOR2_X2M_A9PP140ZTL_C30         1 10.8    60    37     519    (-,-) 
  Out1_im[12]                         -       -      F     (port)                           -    -     -     1     519    (-,-) 
#-------------------------------------------------------------------------------------------------------------------------------



Path 14: MET (6 ps) Late External Delay Assertion at pin Out1_re[12]
           View: func-slow-maxrc
          Group: clk
     Startpoint: (R) u_pp_int_x4_tc/phase_1_reg/CK
          Clock: (R) clk
       Endpoint: (F) Out1_re[12]
          Clock: (R) clk

                     Capture       Launch     
        Clock Edge:+     500            0     
       Src Latency:+       0            0     
       Net Latency:+     200 (I)      200 (I) 
           Arrival:=     700          200     
                                              
      Output Delay:-      50                  
       Uncertainty:-     125                  
     Required Time:=     525                  
      Launch Clock:-     200                  
         Data Path:-     319                  
             Slack:=       6                  

Exceptions/Constraints:
  output_delay              50             pp_int_x4_struct.sdc_line_22_30_1 

#-------------------------------------------------------------------------------------------------------------------------------
#            Timing Point             Flags    Arc   Edge            Cell              Fanout Load Trans Delay Arrival Instance 
#                                                                                             (fF)  (ps)  (ps)   (ps)  Location 
#-------------------------------------------------------------------------------------------------------------------------------
  u_pp_int_x4_tc/phase_1_reg/CK       -       -      R     (arrival)                      741    -    25     0     200    (-,-) 
  u_pp_int_x4_tc/phase_1_reg/Q        -       CK->Q  R     SDFFSQA_X1M_A9PP140ZTUL_C30      3  4.4    24    43     243    (-,-) 
  u_pp_int_x4_tc/g52/Y                -       B->Y   R     AND2_X3TM_A9PP140ZTUL_C30        1  4.6    12    16     259    (-,-) 
  g4512/Y                             -       A->Y   F     NAND2_X6B_A9PP140ZTUL_C30        9 13.8    23    15     274    (-,-) 
  g4444/Y                             -       A0->Y  R     OAI2XB1_X3M_A9PP140ZTUL_C30      2  3.2    22    17     290    (-,-) 
  csa_tree_add_437_52_groupi_g2507/CO -       CI->CO R     ADDF_X1M_A9PP140ZTL_C30          1  2.5    21    33     324    (-,-) 
  csa_tree_add_437_52_groupi_g2463/CO -       CI->CO R     ADDF_X1M_A9PP140ZTUL_C30         1  2.6    20    31     354    (-,-) 
  csa_tree_add_437_52_groupi_g2455/CO -       CI->CO R     ADDF_X2M_A9PP140ZTUL_C30         1  2.6    15    29     383    (-,-) 
  csa_tree_add_437_52_groupi_g2447/CO -       CI->CO R     ADDF_X2M_A9PP140ZTUL_C30         2  3.1    16    29     412    (-,-) 
  csa_tree_add_437_52_groupi_g2445/Y  -       A->Y   F     NAND2_X2B_A9PP140ZTUL_C30        2  3.1    17    12     424    (-,-) 
  csa_tree_add_437_52_groupi_g2431/Y  -       A0->Y  F     OA21B_X4M_A9PP140ZTUL_C30        3  7.1    16    23     447    (-,-) 
  csa_tree_add_437_52_groupi_g2428/Y  -       A0->Y  R     OAI21_X6M_A9PP140ZTUL_C30        5  9.8    24    18     465    (-,-) 
  csa_tree_add_437_52_groupi_g2422/Y  -       A0->Y  F     AOI21_X4M_A9PP140ZTUL_C30        3  6.9    30    17     481    (-,-) 
  csa_tree_add_437_52_groupi_g2417/Y  -       A->Y   F     XNOR2_X2M_A9PP140ZTL_C30         1 10.8    60    37     519    (-,-) 
  Out1_re[12]                         -       -      F     (port)                           -    -     -     1     519    (-,-) 
#-------------------------------------------------------------------------------------------------------------------------------



Path 15: MET (9 ps) Late External Delay Assertion at pin Out1_im[7]
           View: func-slow-maxrc
          Group: clk
     Startpoint: (R) u_pp_int_x4_tc/phase_1_reg/CK
          Clock: (R) clk
       Endpoint: (R) Out1_im[7]
          Clock: (R) clk

                     Capture       Launch     
        Clock Edge:+     500            0     
       Src Latency:+       0            0     
       Net Latency:+     200 (I)      200 (I) 
           Arrival:=     700          200     
                                              
      Output Delay:-      50                  
       Uncertainty:-     125                  
     Required Time:=     525                  
      Launch Clock:-     200                  
         Data Path:-     316                  
             Slack:=       9                  

Exceptions/Constraints:
  output_delay              50             pp_int_x4_struct.sdc_line_22_51_1 

#-------------------------------------------------------------------------------------------------------------------------------
#            Timing Point             Flags    Arc   Edge            Cell              Fanout Load Trans Delay Arrival Instance 
#                                                                                             (fF)  (ps)  (ps)   (ps)  Location 
#-------------------------------------------------------------------------------------------------------------------------------
  u_pp_int_x4_tc/phase_1_reg/CK       -       -      R     (arrival)                      741    -    25     0     200    (-,-) 
  u_pp_int_x4_tc/phase_1_reg/Q        -       CK->Q  R     SDFFSQA_X1M_A9PP140ZTUL_C30      3  4.4    24    43     243    (-,-) 
  u_pp_int_x4_tc/g52/Y                -       B->Y   R     AND2_X3TM_A9PP140ZTUL_C30        1  4.6    12    16     259    (-,-) 
  g4512/Y                             -       A->Y   F     NAND2_X6B_A9PP140ZTUL_C30        9 13.8    23    15     274    (-,-) 
  g4457/Y                             -       A0->Y  R     OAI2XB1_X3M_A9PP140ZTUL_C30      2  3.2    22    17     290    (-,-) 
  csa_tree_add_441_56_groupi_g2507/CO -       CI->CO R     ADDF_X1M_A9PP140ZTL_C30          1  2.5    21    33     324    (-,-) 
  csa_tree_add_441_56_groupi_g2463/CO -       CI->CO R     ADDF_X1M_A9PP140ZTUL_C30         1  2.6    20    31     354    (-,-) 
  csa_tree_add_441_56_groupi_g2455/CO -       CI->CO R     ADDF_X2M_A9PP140ZTUL_C30         1  2.6    15    29     383    (-,-) 
  csa_tree_add_441_56_groupi_g2447/CO -       CI->CO R     ADDF_X2M_A9PP140ZTUL_C30         2  3.1    16    29     412    (-,-) 
  csa_tree_add_441_56_groupi_g2445/Y  -       A->Y   F     NAND2_X2B_A9PP140ZTUL_C30        2  3.1    17    12     424    (-,-) 
  csa_tree_add_441_56_groupi_g2431/Y  -       A0->Y  F     OA21B_X4M_A9PP140ZTUL_C30        3  7.1    16    23     447    (-,-) 
  csa_tree_add_441_56_groupi_g2429/Y  -       A0->Y  R     OAI21_X1A_A9PP140ZTUL_C30        1  2.2    31    22     469    (-,-) 
  csa_tree_add_441_56_groupi_g2426/Y  -       A->Y   R     XNOR2_X1P4M_A9PP140ZTUL_C30      1 10.8    98    47     516    (-,-) 
  Out1_im[7]                          -       -      R     (port)                           -    -     -     1     516    (-,-) 
#-------------------------------------------------------------------------------------------------------------------------------



Path 16: MET (9 ps) Late External Delay Assertion at pin Out1_re[7]
           View: func-slow-maxrc
          Group: clk
     Startpoint: (R) u_pp_int_x4_tc/phase_1_reg/CK
          Clock: (R) clk
       Endpoint: (R) Out1_re[7]
          Clock: (R) clk

                     Capture       Launch     
        Clock Edge:+     500            0     
       Src Latency:+       0            0     
       Net Latency:+     200 (I)      200 (I) 
           Arrival:=     700          200     
                                              
      Output Delay:-      50                  
       Uncertainty:-     125                  
     Required Time:=     525                  
      Launch Clock:-     200                  
         Data Path:-     316                  
             Slack:=       9                  

Exceptions/Constraints:
  output_delay              50             pp_int_x4_struct.sdc_line_22_35_1 

#-------------------------------------------------------------------------------------------------------------------------------
#            Timing Point             Flags    Arc   Edge            Cell              Fanout Load Trans Delay Arrival Instance 
#                                                                                             (fF)  (ps)  (ps)   (ps)  Location 
#-------------------------------------------------------------------------------------------------------------------------------
  u_pp_int_x4_tc/phase_1_reg/CK       -       -      R     (arrival)                      741    -    25     0     200    (-,-) 
  u_pp_int_x4_tc/phase_1_reg/Q        -       CK->Q  R     SDFFSQA_X1M_A9PP140ZTUL_C30      3  4.4    24    43     243    (-,-) 
  u_pp_int_x4_tc/g52/Y                -       B->Y   R     AND2_X3TM_A9PP140ZTUL_C30        1  4.6    12    16     259    (-,-) 
  g4512/Y                             -       A->Y   F     NAND2_X6B_A9PP140ZTUL_C30        9 13.8    23    15     274    (-,-) 
  g4444/Y                             -       A0->Y  R     OAI2XB1_X3M_A9PP140ZTUL_C30      2  3.2    22    17     290    (-,-) 
  csa_tree_add_437_52_groupi_g2507/CO -       CI->CO R     ADDF_X1M_A9PP140ZTL_C30          1  2.5    21    33     324    (-,-) 
  csa_tree_add_437_52_groupi_g2463/CO -       CI->CO R     ADDF_X1M_A9PP140ZTUL_C30         1  2.6    20    31     354    (-,-) 
  csa_tree_add_437_52_groupi_g2455/CO -       CI->CO R     ADDF_X2M_A9PP140ZTUL_C30         1  2.6    15    29     383    (-,-) 
  csa_tree_add_437_52_groupi_g2447/CO -       CI->CO R     ADDF_X2M_A9PP140ZTUL_C30         2  3.1    16    29     412    (-,-) 
  csa_tree_add_437_52_groupi_g2445/Y  -       A->Y   F     NAND2_X2B_A9PP140ZTUL_C30        2  3.1    17    12     424    (-,-) 
  csa_tree_add_437_52_groupi_g2431/Y  -       A0->Y  F     OA21B_X4M_A9PP140ZTUL_C30        3  7.1    16    23     447    (-,-) 
  csa_tree_add_437_52_groupi_g2429/Y  -       A0->Y  R     OAI21_X1A_A9PP140ZTUL_C30        1  2.2    31    22     469    (-,-) 
  csa_tree_add_437_52_groupi_g2426/Y  -       A->Y   R     XNOR2_X1P4M_A9PP140ZTUL_C30      1 10.8    98    47     516    (-,-) 
  Out1_re[7]                          -       -      R     (port)                           -    -     -     1     516    (-,-) 
#-------------------------------------------------------------------------------------------------------------------------------



Path 17: MET (14 ps) Late External Delay Assertion at pin Out1_im[8]
           View: func-slow-maxrc
          Group: clk
     Startpoint: (R) u_pp_int_x4_tc/phase_1_reg/CK
          Clock: (R) clk
       Endpoint: (R) Out1_im[8]
          Clock: (R) clk

                     Capture       Launch     
        Clock Edge:+     500            0     
       Src Latency:+       0            0     
       Net Latency:+     200 (I)      200 (I) 
           Arrival:=     700          200     
                                              
      Output Delay:-      50                  
       Uncertainty:-     125                  
     Required Time:=     525                  
      Launch Clock:-     200                  
         Data Path:-     311                  
             Slack:=      14                  

Exceptions/Constraints:
  output_delay              50             pp_int_x4_struct.sdc_line_22_50_1 

#-------------------------------------------------------------------------------------------------------------------------------
#            Timing Point             Flags    Arc   Edge            Cell              Fanout Load Trans Delay Arrival Instance 
#                                                                                             (fF)  (ps)  (ps)   (ps)  Location 
#-------------------------------------------------------------------------------------------------------------------------------
  u_pp_int_x4_tc/phase_1_reg/CK       -       -      R     (arrival)                      741    -    25     0     200    (-,-) 
  u_pp_int_x4_tc/phase_1_reg/Q        -       CK->Q  R     SDFFSQA_X1M_A9PP140ZTUL_C30      3  4.4    24    43     243    (-,-) 
  u_pp_int_x4_tc/g52/Y                -       B->Y   R     AND2_X3TM_A9PP140ZTUL_C30        1  4.6    12    16     259    (-,-) 
  g4512/Y                             -       A->Y   F     NAND2_X6B_A9PP140ZTUL_C30        9 13.8    23    15     274    (-,-) 
  g4457/Y                             -       A0->Y  R     OAI2XB1_X3M_A9PP140ZTUL_C30      2  3.2    22    17     290    (-,-) 
  csa_tree_add_441_56_groupi_g2507/CO -       CI->CO R     ADDF_X1M_A9PP140ZTL_C30          1  2.5    21    33     324    (-,-) 
  csa_tree_add_441_56_groupi_g2463/CO -       CI->CO R     ADDF_X1M_A9PP140ZTUL_C30         1  2.6    20    31     354    (-,-) 
  csa_tree_add_441_56_groupi_g2455/CO -       CI->CO R     ADDF_X2M_A9PP140ZTUL_C30         1  2.6    15    29     383    (-,-) 
  csa_tree_add_441_56_groupi_g2447/CO -       CI->CO R     ADDF_X2M_A9PP140ZTUL_C30         2  3.1    16    29     412    (-,-) 
  csa_tree_add_441_56_groupi_g2445/Y  -       A->Y   F     NAND2_X2B_A9PP140ZTUL_C30        2  3.1    17    12     424    (-,-) 
  csa_tree_add_441_56_groupi_g2431/Y  -       A0->Y  F     OA21B_X4M_A9PP140ZTUL_C30        3  7.1    16    23     447    (-,-) 
  csa_tree_add_441_56_groupi_g2428/Y  -       A0->Y  R     OAI21_X6M_A9PP140ZTUL_C30        5  9.8    24    18     465    (-,-) 
  csa_tree_add_441_56_groupi_g2425/Y  -       A->Y   R     XNOR2_X1P4M_A9PP140ZTUL_C30      1 10.8    98    46     510    (-,-) 
  Out1_im[8]                          -       -      R     (port)                           -    -     -     1     511    (-,-) 
#-------------------------------------------------------------------------------------------------------------------------------



Path 18: MET (14 ps) Late External Delay Assertion at pin Out1_re[8]
           View: func-slow-maxrc
          Group: clk
     Startpoint: (R) u_pp_int_x4_tc/phase_1_reg/CK
          Clock: (R) clk
       Endpoint: (R) Out1_re[8]
          Clock: (R) clk

                     Capture       Launch     
        Clock Edge:+     500            0     
       Src Latency:+       0            0     
       Net Latency:+     200 (I)      200 (I) 
           Arrival:=     700          200     
                                              
      Output Delay:-      50                  
       Uncertainty:-     125                  
     Required Time:=     525                  
      Launch Clock:-     200                  
         Data Path:-     311                  
             Slack:=      14                  

Exceptions/Constraints:
  output_delay              50             pp_int_x4_struct.sdc_line_22_34_1 

#-------------------------------------------------------------------------------------------------------------------------------
#            Timing Point             Flags    Arc   Edge            Cell              Fanout Load Trans Delay Arrival Instance 
#                                                                                             (fF)  (ps)  (ps)   (ps)  Location 
#-------------------------------------------------------------------------------------------------------------------------------
  u_pp_int_x4_tc/phase_1_reg/CK       -       -      R     (arrival)                      741    -    25     0     200    (-,-) 
  u_pp_int_x4_tc/phase_1_reg/Q        -       CK->Q  R     SDFFSQA_X1M_A9PP140ZTUL_C30      3  4.4    24    43     243    (-,-) 
  u_pp_int_x4_tc/g52/Y                -       B->Y   R     AND2_X3TM_A9PP140ZTUL_C30        1  4.6    12    16     259    (-,-) 
  g4512/Y                             -       A->Y   F     NAND2_X6B_A9PP140ZTUL_C30        9 13.8    23    15     274    (-,-) 
  g4444/Y                             -       A0->Y  R     OAI2XB1_X3M_A9PP140ZTUL_C30      2  3.2    22    17     290    (-,-) 
  csa_tree_add_437_52_groupi_g2507/CO -       CI->CO R     ADDF_X1M_A9PP140ZTL_C30          1  2.5    21    33     324    (-,-) 
  csa_tree_add_437_52_groupi_g2463/CO -       CI->CO R     ADDF_X1M_A9PP140ZTUL_C30         1  2.6    20    31     354    (-,-) 
  csa_tree_add_437_52_groupi_g2455/CO -       CI->CO R     ADDF_X2M_A9PP140ZTUL_C30         1  2.6    15    29     383    (-,-) 
  csa_tree_add_437_52_groupi_g2447/CO -       CI->CO R     ADDF_X2M_A9PP140ZTUL_C30         2  3.1    16    29     412    (-,-) 
  csa_tree_add_437_52_groupi_g2445/Y  -       A->Y   F     NAND2_X2B_A9PP140ZTUL_C30        2  3.1    17    12     424    (-,-) 
  csa_tree_add_437_52_groupi_g2431/Y  -       A0->Y  F     OA21B_X4M_A9PP140ZTUL_C30        3  7.1    16    23     447    (-,-) 
  csa_tree_add_437_52_groupi_g2428/Y  -       A0->Y  R     OAI21_X6M_A9PP140ZTUL_C30        5  9.8    24    18     465    (-,-) 
  csa_tree_add_437_52_groupi_g2425/Y  -       A->Y   R     XNOR2_X1P4M_A9PP140ZTUL_C30      1 10.8    98    46     510    (-,-) 
  Out1_re[8]                          -       -      R     (port)                           -    -     -     1     511    (-,-) 
#-------------------------------------------------------------------------------------------------------------------------------



Path 19: MET (16 ps) Setup Check with Pin u_clkDiv/count_reg[0]/CK->D
           View: func-slow-maxrc
          Group: clk
     Startpoint: (F) rst_n
          Clock: (R) clk
       Endpoint: (F) u_clkDiv/count_reg[0]/D
          Clock: (R) clk

                     Capture       Launch     
        Clock Edge:+     500            0     
        Drv Adjust:+       0            0     
       Src Latency:+       0            0     
       Net Latency:+     200 (I)      200 (I) 
           Arrival:=     700          200     
                                              
             Setup:-      43                  
       Uncertainty:-     125                  
     Required Time:=     532                  
      Launch Clock:-     200                  
       Input Delay:-     300                  
         Data Path:-      17                  
             Slack:=      16                  

Exceptions/Constraints:
  input_delay             300             pp_int_x4_struct.sdc_line_20 

#----------------------------------------------------------------------------------------------------------------
#      Timing Point       Flags   Arc   Edge           Cell             Fanout Load Trans Delay Arrival Instance 
#                                                                              (fF)  (ps)  (ps)   (ps)  Location 
#----------------------------------------------------------------------------------------------------------------
  rst_n                   (a)     -     F     (arrival)                     10  2.2     0     0     500    (-,-) 
  u_clkDiv/g23__6260/Y    -       AN->Y F     NOR2B_X1M_A9PP140ZTUL_C30      1  1.2    16    16     516    (-,-) 
  u_clkDiv/count_reg[0]/D -       -     F     SDFFQA_X1M_A9PP140ZTL_C30      1    -     -     0     517    (-,-) 
#----------------------------------------------------------------------------------------------------------------

(a) : Net has asynchronous load pins which are being considered ideal.



Path 20: MET (28 ps) Late External Delay Assertion at pin Out1_im[6]
           View: func-slow-maxrc
          Group: clk
     Startpoint: (R) delayMatch2_reg_im_reg[1][1]/CK
          Clock: (R) clk
       Endpoint: (R) Out1_im[6]
          Clock: (R) clk

                     Capture       Launch     
        Clock Edge:+     500            0     
       Src Latency:+       0            0     
       Net Latency:+     200 (I)      200 (I) 
           Arrival:=     700          200     
                                              
      Output Delay:-      50                  
       Uncertainty:-     125                  
     Required Time:=     525                  
      Launch Clock:-     200                  
         Data Path:-     297                  
             Slack:=      28                  

Exceptions/Constraints:
  output_delay              50             pp_int_x4_struct.sdc_line_22_52_1 

#----------------------------------------------------------------------------------------------------------------------------------
#            Timing Point             Flags    Arc    Edge             Cell               Fanout Load Trans Delay Arrival Instance 
#                                                                                                (fF)  (ps)  (ps)   (ps)  Location 
#----------------------------------------------------------------------------------------------------------------------------------
  delayMatch2_reg_im_reg[1][1]/CK     -       -       R     (arrival)                        741    -    25     0     200    (-,-) 
  delayMatch2_reg_im_reg[1][1]/Q      -       CK->Q   R     SDFFXRPQ_X1M_A9PP140ZTL_C30        4  6.4    35    52     252    (-,-) 
  csa_tree_add_441_56_groupi_g2534/Y  -       B->Y    R     XOR2_X3M_A9PP140ZTUL_C30           1  2.6    24    20     272    (-,-) 
  csa_tree_add_441_56_groupi_g2506/CO -       CI->CO  R     ADDF_X2M_A9PP140ZTUL_C30           2  4.2    19    32     305    (-,-) 
  csa_tree_add_441_56_groupi_g2503/Y  -       A1->Y   F     AOI22_X3M_A9PP140ZTUL_C30          2  3.6    25    17     321    (-,-) 
  csa_tree_add_441_56_groupi_g2539/CO -       CIN->CO R     CGENCIN_X1P4M_A9PP140ZTUL_C30      1  2.6    26    19     340    (-,-) 
  csa_tree_add_441_56_groupi_g2454/CO -       CI->CO  R     ADDF_X1P4M_A9PP140ZTUL_C30         2  3.1    18    32     372    (-,-) 
  csa_tree_add_441_56_groupi_g2450/CO -       CI->CO  R     CGEN_X1M_A9PP140ZTL_C30            2  3.6    24    31     403    (-,-) 
  csa_tree_add_441_56_groupi_g2441/Y  -       B->Y    F     NAND2_X2B_A9PP140ZTUL_C30          3  3.3    20    14     416    (-,-) 
  csa_tree_add_441_56_groupi_g2437/Y  -       AN->Y   F     NOR2B_X1M_A9PP140ZTUL_C30          1  1.5    18    25     441    (-,-) 
  csa_tree_add_441_56_groupi_g2430/Y  -       B->Y    R     XNOR2_X1P4M_A9PP140ZTUL_C30        1 10.8    98    54     496    (-,-) 
  Out1_im[6]                          -       -       R     (port)                             -    -     -     1     497    (-,-) 
#----------------------------------------------------------------------------------------------------------------------------------



Path 21: MET (28 ps) Late External Delay Assertion at pin Out1_re[6]
           View: func-slow-maxrc
          Group: clk
     Startpoint: (R) delayMatch2_reg_re_reg[1][1]/CK
          Clock: (R) clk
       Endpoint: (R) Out1_re[6]
          Clock: (R) clk

                     Capture       Launch     
        Clock Edge:+     500            0     
       Src Latency:+       0            0     
       Net Latency:+     200 (I)      200 (I) 
           Arrival:=     700          200     
                                              
      Output Delay:-      50                  
       Uncertainty:-     125                  
     Required Time:=     525                  
      Launch Clock:-     200                  
         Data Path:-     297                  
             Slack:=      28                  

Exceptions/Constraints:
  output_delay              50             pp_int_x4_struct.sdc_line_22_36_1 

#----------------------------------------------------------------------------------------------------------------------------------
#            Timing Point             Flags    Arc    Edge             Cell               Fanout Load Trans Delay Arrival Instance 
#                                                                                                (fF)  (ps)  (ps)   (ps)  Location 
#----------------------------------------------------------------------------------------------------------------------------------
  delayMatch2_reg_re_reg[1][1]/CK     -       -       R     (arrival)                        741    -    25     0     200    (-,-) 
  delayMatch2_reg_re_reg[1][1]/Q      -       CK->Q   R     SDFFXRPQ_X1M_A9PP140ZTL_C30        4  6.4    35    52     252    (-,-) 
  csa_tree_add_437_52_groupi_g2534/Y  -       B->Y    R     XOR2_X3M_A9PP140ZTUL_C30           1  2.6    24    20     272    (-,-) 
  csa_tree_add_437_52_groupi_g2506/CO -       CI->CO  R     ADDF_X2M_A9PP140ZTUL_C30           2  4.2    19    32     305    (-,-) 
  csa_tree_add_437_52_groupi_g2503/Y  -       A1->Y   F     AOI22_X3M_A9PP140ZTUL_C30          2  3.6    25    17     321    (-,-) 
  csa_tree_add_437_52_groupi_g2539/CO -       CIN->CO R     CGENCIN_X1P4M_A9PP140ZTUL_C30      1  2.6    26    19     340    (-,-) 
  csa_tree_add_437_52_groupi_g2454/CO -       CI->CO  R     ADDF_X1P4M_A9PP140ZTUL_C30         2  3.1    18    32     372    (-,-) 
  csa_tree_add_437_52_groupi_g2450/CO -       CI->CO  R     CGEN_X1M_A9PP140ZTL_C30            2  3.6    24    31     403    (-,-) 
  csa_tree_add_437_52_groupi_g2441/Y  -       B->Y    F     NAND2_X2B_A9PP140ZTUL_C30          3  3.3    20    14     416    (-,-) 
  csa_tree_add_437_52_groupi_g2437/Y  -       AN->Y   F     NOR2B_X1M_A9PP140ZTUL_C30          1  1.5    18    25     441    (-,-) 
  csa_tree_add_437_52_groupi_g2430/Y  -       B->Y    R     XNOR2_X1P4M_A9PP140ZTUL_C30        1 10.8    98    54     496    (-,-) 
  Out1_re[6]                          -       -       R     (port)                             -    -     -     1     497    (-,-) 
#----------------------------------------------------------------------------------------------------------------------------------



Path 22: MET (31 ps) Late External Delay Assertion at pin Out1_im[5]
           View: func-slow-maxrc
          Group: clk
     Startpoint: (R) delayMatch2_reg_im_reg[1][1]/CK
          Clock: (R) clk
       Endpoint: (R) Out1_im[5]
          Clock: (R) clk

                     Capture       Launch     
        Clock Edge:+     500            0     
       Src Latency:+       0            0     
       Net Latency:+     200 (I)      200 (I) 
           Arrival:=     700          200     
                                              
      Output Delay:-      50                  
       Uncertainty:-     125                  
     Required Time:=     525                  
      Launch Clock:-     200                  
         Data Path:-     294                  
             Slack:=      31                  

Exceptions/Constraints:
  output_delay              50             pp_int_x4_struct.sdc_line_22_53_1 

#----------------------------------------------------------------------------------------------------------------------------------
#            Timing Point             Flags    Arc    Edge             Cell               Fanout Load Trans Delay Arrival Instance 
#                                                                                                (fF)  (ps)  (ps)   (ps)  Location 
#----------------------------------------------------------------------------------------------------------------------------------
  delayMatch2_reg_im_reg[1][1]/CK     -       -       R     (arrival)                        741    -    25     0     200    (-,-) 
  delayMatch2_reg_im_reg[1][1]/Q      -       CK->Q   R     SDFFXRPQ_X1M_A9PP140ZTL_C30        4  6.4    35    52     252    (-,-) 
  csa_tree_add_441_56_groupi_g2534/Y  -       B->Y    F     XOR2_X3M_A9PP140ZTUL_C30           1  2.6    26    16     268    (-,-) 
  csa_tree_add_441_56_groupi_g2506/CO -       CI->CO  F     ADDF_X2M_A9PP140ZTUL_C30           2  4.2    18    34     302    (-,-) 
  csa_tree_add_441_56_groupi_g2503/Y  -       A1->Y   R     AOI22_X3M_A9PP140ZTUL_C30          2  3.8    25    21     324    (-,-) 
  csa_tree_add_441_56_groupi_g2539/CO -       CIN->CO F     CGENCIN_X1P4M_A9PP140ZTUL_C30      1  2.6    24    16     339    (-,-) 
  csa_tree_add_441_56_groupi_g2454/CO -       CI->CO  F     ADDF_X1P4M_A9PP140ZTUL_C30         2  3.0    16    32     371    (-,-) 
  csa_tree_add_441_56_groupi_g2451/Y  -       A->Y    R     XOR3_X3M_A9PP140ZTUL_C30           2  3.5    19    26     398    (-,-) 
  csa_tree_add_441_56_groupi_g2443/Y  -       B->Y    F     NAND2_X1B_A9PP140ZTUL_C30          2  2.8    30    18     415    (-,-) 
  csa_tree_add_441_56_groupi_g2438/Y  -       B->Y    R     NAND2B_X1M_A9PP140ZTUL_C30         1  1.6    24    20     436    (-,-) 
  csa_tree_add_441_56_groupi_g2432/Y  -       B->Y    R     XNOR2_X1P4M_A9PP140ZTUL_C30        1 10.8    98    57     493    (-,-) 
  Out1_im[5]                          -       -       R     (port)                             -    -     -     1     494    (-,-) 
#----------------------------------------------------------------------------------------------------------------------------------



Path 23: MET (31 ps) Late External Delay Assertion at pin Out1_re[5]
           View: func-slow-maxrc
          Group: clk
     Startpoint: (R) delayMatch2_reg_re_reg[1][1]/CK
          Clock: (R) clk
       Endpoint: (R) Out1_re[5]
          Clock: (R) clk

                     Capture       Launch     
        Clock Edge:+     500            0     
       Src Latency:+       0            0     
       Net Latency:+     200 (I)      200 (I) 
           Arrival:=     700          200     
                                              
      Output Delay:-      50                  
       Uncertainty:-     125                  
     Required Time:=     525                  
      Launch Clock:-     200                  
         Data Path:-     294                  
             Slack:=      31                  

Exceptions/Constraints:
  output_delay              50             pp_int_x4_struct.sdc_line_22_37_1 

#----------------------------------------------------------------------------------------------------------------------------------
#            Timing Point             Flags    Arc    Edge             Cell               Fanout Load Trans Delay Arrival Instance 
#                                                                                                (fF)  (ps)  (ps)   (ps)  Location 
#----------------------------------------------------------------------------------------------------------------------------------
  delayMatch2_reg_re_reg[1][1]/CK     -       -       R     (arrival)                        741    -    25     0     200    (-,-) 
  delayMatch2_reg_re_reg[1][1]/Q      -       CK->Q   R     SDFFXRPQ_X1M_A9PP140ZTL_C30        4  6.4    35    52     252    (-,-) 
  csa_tree_add_437_52_groupi_g2534/Y  -       B->Y    F     XOR2_X3M_A9PP140ZTUL_C30           1  2.6    26    16     268    (-,-) 
  csa_tree_add_437_52_groupi_g2506/CO -       CI->CO  F     ADDF_X2M_A9PP140ZTUL_C30           2  4.2    18    34     302    (-,-) 
  csa_tree_add_437_52_groupi_g2503/Y  -       A1->Y   R     AOI22_X3M_A9PP140ZTUL_C30          2  3.8    25    21     324    (-,-) 
  csa_tree_add_437_52_groupi_g2539/CO -       CIN->CO F     CGENCIN_X1P4M_A9PP140ZTUL_C30      1  2.6    24    16     339    (-,-) 
  csa_tree_add_437_52_groupi_g2454/CO -       CI->CO  F     ADDF_X1P4M_A9PP140ZTUL_C30         2  3.0    16    32     371    (-,-) 
  csa_tree_add_437_52_groupi_g2451/Y  -       A->Y    R     XOR3_X3M_A9PP140ZTUL_C30           2  3.5    19    26     398    (-,-) 
  csa_tree_add_437_52_groupi_g2443/Y  -       B->Y    F     NAND2_X1B_A9PP140ZTUL_C30          2  2.8    30    18     415    (-,-) 
  csa_tree_add_437_52_groupi_g2438/Y  -       B->Y    R     NAND2B_X1M_A9PP140ZTUL_C30         1  1.6    24    20     436    (-,-) 
  csa_tree_add_437_52_groupi_g2432/Y  -       B->Y    R     XNOR2_X1P4M_A9PP140ZTUL_C30        1 10.8    98    57     493    (-,-) 
  Out1_re[5]                          -       -       R     (port)                             -    -     -     1     494    (-,-) 
#----------------------------------------------------------------------------------------------------------------------------------



Path 24: MET (40 ps) Late External Delay Assertion at pin Out1_im[4]
           View: func-slow-maxrc
          Group: clk
     Startpoint: (R) delayMatch2_reg_im_reg[1][1]/CK
          Clock: (R) clk
       Endpoint: (R) Out1_im[4]
          Clock: (R) clk

                     Capture       Launch     
        Clock Edge:+     500            0     
       Src Latency:+       0            0     
       Net Latency:+     200 (I)      200 (I) 
           Arrival:=     700          200     
                                              
      Output Delay:-      50                  
       Uncertainty:-     125                  
     Required Time:=     525                  
      Launch Clock:-     200                  
         Data Path:-     285                  
             Slack:=      40                  

Exceptions/Constraints:
  output_delay              50             pp_int_x4_struct.sdc_line_22_54_1 

#----------------------------------------------------------------------------------------------------------------------------------
#            Timing Point             Flags    Arc    Edge             Cell               Fanout Load Trans Delay Arrival Instance 
#                                                                                                (fF)  (ps)  (ps)   (ps)  Location 
#----------------------------------------------------------------------------------------------------------------------------------
  delayMatch2_reg_im_reg[1][1]/CK     -       -       R     (arrival)                        741    -    25     0     200    (-,-) 
  delayMatch2_reg_im_reg[1][1]/Q      -       CK->Q   R     SDFFXRPQ_X1M_A9PP140ZTL_C30        4  6.4    35    52     252    (-,-) 
  csa_tree_add_441_56_groupi_g2534/Y  -       B->Y    F     XOR2_X3M_A9PP140ZTUL_C30           1  2.6    26    16     268    (-,-) 
  csa_tree_add_441_56_groupi_g2506/CO -       CI->CO  F     ADDF_X2M_A9PP140ZTUL_C30           2  4.2    18    34     302    (-,-) 
  csa_tree_add_441_56_groupi_g2503/Y  -       A1->Y   R     AOI22_X3M_A9PP140ZTUL_C30          2  3.8    25    21     324    (-,-) 
  csa_tree_add_441_56_groupi_g2539/CO -       CIN->CO F     CGENCIN_X1P4M_A9PP140ZTUL_C30      1  2.6    24    16     339    (-,-) 
  csa_tree_add_441_56_groupi_g2454/S  -       CI->S   R     ADDF_X1P4M_A9PP140ZTUL_C30         2  2.4    20    47     387    (-,-) 
  csa_tree_add_441_56_groupi_g2452/Y  -       A->Y    F     NAND2_X1A_A9PP140ZTUL_C30          3  4.1    35    22     409    (-,-) 
  csa_tree_add_441_56_groupi_g2449/Y  -       B->Y    F     AND2_X1M_A9PP140ZTUL_C30           1  2.1    15    30     438    (-,-) 
  csa_tree_add_441_56_groupi_g2440/Y  -       A->Y    R     XOR2_X1P4M_A9PP140ZTUL_C30         1 10.8    98    46     484    (-,-) 
  Out1_im[4]                          -       -       R     (port)                             -    -     -     1     485    (-,-) 
#----------------------------------------------------------------------------------------------------------------------------------



Path 25: MET (40 ps) Late External Delay Assertion at pin Out1_re[4]
           View: func-slow-maxrc
          Group: clk
     Startpoint: (R) delayMatch2_reg_re_reg[1][1]/CK
          Clock: (R) clk
       Endpoint: (R) Out1_re[4]
          Clock: (R) clk

                     Capture       Launch     
        Clock Edge:+     500            0     
       Src Latency:+       0            0     
       Net Latency:+     200 (I)      200 (I) 
           Arrival:=     700          200     
                                              
      Output Delay:-      50                  
       Uncertainty:-     125                  
     Required Time:=     525                  
      Launch Clock:-     200                  
         Data Path:-     285                  
             Slack:=      40                  

Exceptions/Constraints:
  output_delay              50             pp_int_x4_struct.sdc_line_22_38_1 

#----------------------------------------------------------------------------------------------------------------------------------
#            Timing Point             Flags    Arc    Edge             Cell               Fanout Load Trans Delay Arrival Instance 
#                                                                                                (fF)  (ps)  (ps)   (ps)  Location 
#----------------------------------------------------------------------------------------------------------------------------------
  delayMatch2_reg_re_reg[1][1]/CK     -       -       R     (arrival)                        741    -    25     0     200    (-,-) 
  delayMatch2_reg_re_reg[1][1]/Q      -       CK->Q   R     SDFFXRPQ_X1M_A9PP140ZTL_C30        4  6.4    35    52     252    (-,-) 
  csa_tree_add_437_52_groupi_g2534/Y  -       B->Y    F     XOR2_X3M_A9PP140ZTUL_C30           1  2.6    26    16     268    (-,-) 
  csa_tree_add_437_52_groupi_g2506/CO -       CI->CO  F     ADDF_X2M_A9PP140ZTUL_C30           2  4.2    18    34     302    (-,-) 
  csa_tree_add_437_52_groupi_g2503/Y  -       A1->Y   R     AOI22_X3M_A9PP140ZTUL_C30          2  3.8    25    21     324    (-,-) 
  csa_tree_add_437_52_groupi_g2539/CO -       CIN->CO F     CGENCIN_X1P4M_A9PP140ZTUL_C30      1  2.6    24    16     339    (-,-) 
  csa_tree_add_437_52_groupi_g2454/S  -       CI->S   R     ADDF_X1P4M_A9PP140ZTUL_C30         2  2.4    20    47     387    (-,-) 
  csa_tree_add_437_52_groupi_g2452/Y  -       A->Y    F     NAND2_X1A_A9PP140ZTUL_C30          3  4.1    35    22     409    (-,-) 
  csa_tree_add_437_52_groupi_g2449/Y  -       B->Y    F     AND2_X1M_A9PP140ZTUL_C30           1  2.1    15    30     438    (-,-) 
  csa_tree_add_437_52_groupi_g2440/Y  -       A->Y    R     XOR2_X1P4M_A9PP140ZTUL_C30         1 10.8    98    46     484    (-,-) 
  Out1_re[4]                          -       -       R     (port)                             -    -     -     1     485    (-,-) 
#----------------------------------------------------------------------------------------------------------------------------------



Path 26: MET (43 ps) Setup Check with Pin u_clkDiv/clk_out_reg/CK->D
           View: func-slow-maxrc
          Group: clk
     Startpoint: (F) rst_n
          Clock: (R) clk
       Endpoint: (F) u_clkDiv/clk_out_reg/D
          Clock: (R) clk

                     Capture       Launch     
        Clock Edge:+     500            0     
        Drv Adjust:+       0            0     
       Src Latency:+       0            0     
       Net Latency:+     200 (I)      200 (I) 
           Arrival:=     700          200     
                                              
             Setup:-      18                  
       Uncertainty:-     125                  
     Required Time:=     557                  
      Launch Clock:-     200                  
       Input Delay:-     300                  
         Data Path:-      14                  
             Slack:=      43                  

Exceptions/Constraints:
  input_delay             300             pp_int_x4_struct.sdc_line_20 

#---------------------------------------------------------------------------------------------------------------
#     Timing Point       Flags   Arc   Edge           Cell             Fanout Load Trans Delay Arrival Instance 
#                                                                             (fF)  (ps)  (ps)   (ps)  Location 
#---------------------------------------------------------------------------------------------------------------
  rst_n                  (a)     -     F     (arrival)                     10  2.2     0     0     500    (-,-) 
  u_clkDiv/g20__2398/Y   -       A->Y  F     AND2_X1M_A9PP140ZTUL_C30       1  1.2    11    14     514    (-,-) 
  u_clkDiv/clk_out_reg/D -       -     F     SDFFQL_X1M_A9PP140ZTL_C30      1    -     -     0     514    (-,-) 
#---------------------------------------------------------------------------------------------------------------

(a) : Net has asynchronous load pins which are being considered ideal.



Path 27: MET (85 ps) Late External Delay Assertion at pin Out1_im[3]
           View: func-slow-maxrc
          Group: clk
     Startpoint: (R) u_pp_int_x4_tc/phase_1_reg/CK
          Clock: (R) clk
       Endpoint: (R) Out1_im[3]
          Clock: (R) clk

                     Capture       Launch     
        Clock Edge:+     500            0     
       Src Latency:+       0            0     
       Net Latency:+     200 (I)      200 (I) 
           Arrival:=     700          200     
                                              
      Output Delay:-      50                  
       Uncertainty:-     125                  
     Required Time:=     525                  
      Launch Clock:-     200                  
         Data Path:-     240                  
             Slack:=      85                  

Exceptions/Constraints:
  output_delay              50             pp_int_x4_struct.sdc_line_22_55_1 

#-------------------------------------------------------------------------------------------------------------------------------
#            Timing Point             Flags    Arc   Edge            Cell              Fanout Load Trans Delay Arrival Instance 
#                                                                                             (fF)  (ps)  (ps)   (ps)  Location 
#-------------------------------------------------------------------------------------------------------------------------------
  u_pp_int_x4_tc/phase_1_reg/CK       -       -      R     (arrival)                      741    -    25     0     200    (-,-) 
  u_pp_int_x4_tc/phase_1_reg/Q        -       CK->Q  F     SDFFSQA_X1M_A9PP140ZTUL_C30      3  4.3    20    38     238    (-,-) 
  u_pp_int_x4_tc/g52/Y                -       B->Y   F     AND2_X3TM_A9PP140ZTUL_C30        1  4.8    13    25     263    (-,-) 
  g4512/Y                             -       A->Y   R     NAND2_X6B_A9PP140ZTUL_C30        9 14.8    20    13     276    (-,-) 
  g4457/Y                             -       A0->Y  F     OAI2XB1_X3M_A9PP140ZTUL_C30      2  3.2    19    12     288    (-,-) 
  csa_tree_add_441_56_groupi_g2507/CO -       CI->CO F     ADDF_X1M_A9PP140ZTL_C30          1  2.5    20    34     322    (-,-) 
  csa_tree_add_441_56_groupi_g2463/CO -       CI->CO F     ADDF_X1M_A9PP140ZTUL_C30         1  2.6    19    32     354    (-,-) 
  csa_tree_add_441_56_groupi_g2455/CO -       CI->CO F     ADDF_X2M_A9PP140ZTUL_C30         1  2.6    14    29     383    (-,-) 
  csa_tree_add_441_56_groupi_g2447/S  -       CI->S  R     ADDF_X2M_A9PP140ZTUL_C30         1 10.8    37    57     440    (-,-) 
  Out1_im[3]                          -       -      R     (port)                           -    -     -     1     440    (-,-) 
#-------------------------------------------------------------------------------------------------------------------------------



Path 28: MET (85 ps) Late External Delay Assertion at pin Out1_re[3]
           View: func-slow-maxrc
          Group: clk
     Startpoint: (R) u_pp_int_x4_tc/phase_1_reg/CK
          Clock: (R) clk
       Endpoint: (R) Out1_re[3]
          Clock: (R) clk

                     Capture       Launch     
        Clock Edge:+     500            0     
       Src Latency:+       0            0     
       Net Latency:+     200 (I)      200 (I) 
           Arrival:=     700          200     
                                              
      Output Delay:-      50                  
       Uncertainty:-     125                  
     Required Time:=     525                  
      Launch Clock:-     200                  
         Data Path:-     240                  
             Slack:=      85                  

Exceptions/Constraints:
  output_delay              50             pp_int_x4_struct.sdc_line_22_39_1 

#-------------------------------------------------------------------------------------------------------------------------------
#            Timing Point             Flags    Arc   Edge            Cell              Fanout Load Trans Delay Arrival Instance 
#                                                                                             (fF)  (ps)  (ps)   (ps)  Location 
#-------------------------------------------------------------------------------------------------------------------------------
  u_pp_int_x4_tc/phase_1_reg/CK       -       -      R     (arrival)                      741    -    25     0     200    (-,-) 
  u_pp_int_x4_tc/phase_1_reg/Q        -       CK->Q  F     SDFFSQA_X1M_A9PP140ZTUL_C30      3  4.3    20    38     238    (-,-) 
  u_pp_int_x4_tc/g52/Y                -       B->Y   F     AND2_X3TM_A9PP140ZTUL_C30        1  4.8    13    25     263    (-,-) 
  g4512/Y                             -       A->Y   R     NAND2_X6B_A9PP140ZTUL_C30        9 14.8    20    13     276    (-,-) 
  g4444/Y                             -       A0->Y  F     OAI2XB1_X3M_A9PP140ZTUL_C30      2  3.2    19    12     288    (-,-) 
  csa_tree_add_437_52_groupi_g2507/CO -       CI->CO F     ADDF_X1M_A9PP140ZTL_C30          1  2.5    20    34     322    (-,-) 
  csa_tree_add_437_52_groupi_g2463/CO -       CI->CO F     ADDF_X1M_A9PP140ZTUL_C30         1  2.6    19    32     354    (-,-) 
  csa_tree_add_437_52_groupi_g2455/CO -       CI->CO F     ADDF_X2M_A9PP140ZTUL_C30         1  2.6    14    29     383    (-,-) 
  csa_tree_add_437_52_groupi_g2447/S  -       CI->S  R     ADDF_X2M_A9PP140ZTUL_C30         1 10.8    37    57     440    (-,-) 
  Out1_re[3]                          -       -      R     (port)                           -    -     -     1     440    (-,-) 
#-------------------------------------------------------------------------------------------------------------------------------



Path 29: MET (113 ps) Late External Delay Assertion at pin Out1_im[2]
           View: func-slow-maxrc
          Group: clk
     Startpoint: (R) u_pp_int_x4_tc/phase_1_reg/CK
          Clock: (R) clk
       Endpoint: (R) Out1_im[2]
          Clock: (R) clk

                     Capture       Launch     
        Clock Edge:+     500            0     
       Src Latency:+       0            0     
       Net Latency:+     200 (I)      200 (I) 
           Arrival:=     700          200     
                                              
      Output Delay:-      50                  
       Uncertainty:-     125                  
     Required Time:=     525                  
      Launch Clock:-     200                  
         Data Path:-     212                  
             Slack:=     113                  

Exceptions/Constraints:
  output_delay              50             pp_int_x4_struct.sdc_line_22_56_1 

#-------------------------------------------------------------------------------------------------------------------------------
#            Timing Point             Flags    Arc   Edge            Cell              Fanout Load Trans Delay Arrival Instance 
#                                                                                             (fF)  (ps)  (ps)   (ps)  Location 
#-------------------------------------------------------------------------------------------------------------------------------
  u_pp_int_x4_tc/phase_1_reg/CK       -       -      R     (arrival)                      741    -    25     0     200    (-,-) 
  u_pp_int_x4_tc/phase_1_reg/Q        -       CK->Q  F     SDFFSQA_X1M_A9PP140ZTUL_C30      3  4.3    20    38     238    (-,-) 
  u_pp_int_x4_tc/g52/Y                -       B->Y   F     AND2_X3TM_A9PP140ZTUL_C30        1  4.8    13    25     263    (-,-) 
  g4512/Y                             -       A->Y   R     NAND2_X6B_A9PP140ZTUL_C30        9 14.8    20    13     276    (-,-) 
  g4457/Y                             -       A0->Y  F     OAI2XB1_X3M_A9PP140ZTUL_C30      2  3.2    19    12     288    (-,-) 
  csa_tree_add_441_56_groupi_g2507/CO -       CI->CO F     ADDF_X1M_A9PP140ZTL_C30          1  2.5    20    34     322    (-,-) 
  csa_tree_add_441_56_groupi_g2463/CO -       CI->CO F     ADDF_X1M_A9PP140ZTUL_C30         1  2.6    19    32     354    (-,-) 
  csa_tree_add_441_56_groupi_g2455/S  -       CI->S  R     ADDF_X2M_A9PP140ZTUL_C30         1 10.8    37    58     411    (-,-) 
  Out1_im[2]                          -       -      R     (port)                           -    -     -     1     412    (-,-) 
#-------------------------------------------------------------------------------------------------------------------------------



Path 30: MET (113 ps) Late External Delay Assertion at pin Out1_re[2]
           View: func-slow-maxrc
          Group: clk
     Startpoint: (R) u_pp_int_x4_tc/phase_1_reg/CK
          Clock: (R) clk
       Endpoint: (R) Out1_re[2]
          Clock: (R) clk

                     Capture       Launch     
        Clock Edge:+     500            0     
       Src Latency:+       0            0     
       Net Latency:+     200 (I)      200 (I) 
           Arrival:=     700          200     
                                              
      Output Delay:-      50                  
       Uncertainty:-     125                  
     Required Time:=     525                  
      Launch Clock:-     200                  
         Data Path:-     212                  
             Slack:=     113                  

Exceptions/Constraints:
  output_delay              50             pp_int_x4_struct.sdc_line_22_40_1 

#-------------------------------------------------------------------------------------------------------------------------------
#            Timing Point             Flags    Arc   Edge            Cell              Fanout Load Trans Delay Arrival Instance 
#                                                                                             (fF)  (ps)  (ps)   (ps)  Location 
#-------------------------------------------------------------------------------------------------------------------------------
  u_pp_int_x4_tc/phase_1_reg/CK       -       -      R     (arrival)                      741    -    25     0     200    (-,-) 
  u_pp_int_x4_tc/phase_1_reg/Q        -       CK->Q  F     SDFFSQA_X1M_A9PP140ZTUL_C30      3  4.3    20    38     238    (-,-) 
  u_pp_int_x4_tc/g52/Y                -       B->Y   F     AND2_X3TM_A9PP140ZTUL_C30        1  4.8    13    25     263    (-,-) 
  g4512/Y                             -       A->Y   R     NAND2_X6B_A9PP140ZTUL_C30        9 14.8    20    13     276    (-,-) 
  g4444/Y                             -       A0->Y  F     OAI2XB1_X3M_A9PP140ZTUL_C30      2  3.2    19    12     288    (-,-) 
  csa_tree_add_437_52_groupi_g2507/CO -       CI->CO F     ADDF_X1M_A9PP140ZTL_C30          1  2.5    20    34     322    (-,-) 
  csa_tree_add_437_52_groupi_g2463/CO -       CI->CO F     ADDF_X1M_A9PP140ZTUL_C30         1  2.6    19    32     354    (-,-) 
  csa_tree_add_437_52_groupi_g2455/S  -       CI->S  R     ADDF_X2M_A9PP140ZTUL_C30         1 10.8    37    58     411    (-,-) 
  Out1_re[2]                          -       -      R     (port)                           -    -     -     1     412    (-,-) 
#-------------------------------------------------------------------------------------------------------------------------------



Path 31: MET (137 ps) Late External Delay Assertion at pin Out1_im[1]
           View: func-slow-maxrc
          Group: clk
     Startpoint: (R) u_pp_int_x4_tc/phase_1_reg/CK
          Clock: (R) clk
       Endpoint: (R) Out1_im[1]
          Clock: (R) clk

                     Capture       Launch     
        Clock Edge:+     500            0     
       Src Latency:+       0            0     
       Net Latency:+     200 (I)      200 (I) 
           Arrival:=     700          200     
                                              
      Output Delay:-      50                  
       Uncertainty:-     125                  
     Required Time:=     525                  
      Launch Clock:-     200                  
         Data Path:-     188                  
             Slack:=     137                  

Exceptions/Constraints:
  output_delay              50             pp_int_x4_struct.sdc_line_22_57_1 

#-------------------------------------------------------------------------------------------------------------------------------
#            Timing Point             Flags    Arc   Edge            Cell              Fanout Load Trans Delay Arrival Instance 
#                                                                                             (fF)  (ps)  (ps)   (ps)  Location 
#-------------------------------------------------------------------------------------------------------------------------------
  u_pp_int_x4_tc/phase_1_reg/CK       -       -      R     (arrival)                      741    -    25     0     200    (-,-) 
  u_pp_int_x4_tc/phase_1_reg/Q        -       CK->Q  F     SDFFSQA_X1M_A9PP140ZTUL_C30      3  4.3    20    38     238    (-,-) 
  u_pp_int_x4_tc/g52/Y                -       B->Y   F     AND2_X3TM_A9PP140ZTUL_C30        1  4.8    13    25     263    (-,-) 
  g4512/Y                             -       A->Y   R     NAND2_X6B_A9PP140ZTUL_C30        9 14.8    20    13     276    (-,-) 
  g4457/Y                             -       A0->Y  F     OAI2XB1_X3M_A9PP140ZTUL_C30      2  3.2    19    12     288    (-,-) 
  csa_tree_add_441_56_groupi_g2507/CO -       CI->CO F     ADDF_X1M_A9PP140ZTL_C30          1  2.5    20    34     322    (-,-) 
  csa_tree_add_441_56_groupi_g2463/S  -       CI->S  R     ADDF_X1M_A9PP140ZTUL_C30         1 10.8    61    66     387    (-,-) 
  Out1_im[1]                          -       -      R     (port)                           -    -     -     1     388    (-,-) 
#-------------------------------------------------------------------------------------------------------------------------------



Path 32: MET (137 ps) Late External Delay Assertion at pin Out1_re[1]
           View: func-slow-maxrc
          Group: clk
     Startpoint: (R) u_pp_int_x4_tc/phase_1_reg/CK
          Clock: (R) clk
       Endpoint: (R) Out1_re[1]
          Clock: (R) clk

                     Capture       Launch     
        Clock Edge:+     500            0     
       Src Latency:+       0            0     
       Net Latency:+     200 (I)      200 (I) 
           Arrival:=     700          200     
                                              
      Output Delay:-      50                  
       Uncertainty:-     125                  
     Required Time:=     525                  
      Launch Clock:-     200                  
         Data Path:-     188                  
             Slack:=     137                  

Exceptions/Constraints:
  output_delay              50             pp_int_x4_struct.sdc_line_22_41_1 

#-------------------------------------------------------------------------------------------------------------------------------
#            Timing Point             Flags    Arc   Edge            Cell              Fanout Load Trans Delay Arrival Instance 
#                                                                                             (fF)  (ps)  (ps)   (ps)  Location 
#-------------------------------------------------------------------------------------------------------------------------------
  u_pp_int_x4_tc/phase_1_reg/CK       -       -      R     (arrival)                      741    -    25     0     200    (-,-) 
  u_pp_int_x4_tc/phase_1_reg/Q        -       CK->Q  F     SDFFSQA_X1M_A9PP140ZTUL_C30      3  4.3    20    38     238    (-,-) 
  u_pp_int_x4_tc/g52/Y                -       B->Y   F     AND2_X3TM_A9PP140ZTUL_C30        1  4.8    13    25     263    (-,-) 
  g4512/Y                             -       A->Y   R     NAND2_X6B_A9PP140ZTUL_C30        9 14.8    20    13     276    (-,-) 
  g4444/Y                             -       A0->Y  F     OAI2XB1_X3M_A9PP140ZTUL_C30      2  3.2    19    12     288    (-,-) 
  csa_tree_add_437_52_groupi_g2507/CO -       CI->CO F     ADDF_X1M_A9PP140ZTL_C30          1  2.5    20    34     322    (-,-) 
  csa_tree_add_437_52_groupi_g2463/S  -       CI->S  R     ADDF_X1M_A9PP140ZTUL_C30         1 10.8    61    66     387    (-,-) 
  Out1_re[1]                          -       -      R     (port)                           -    -     -     1     388    (-,-) 
#-------------------------------------------------------------------------------------------------------------------------------



Path 33: MET (138 ps) Setup Check with Pin delayMatch_reg_re_reg[0][15]/CK->D
           View: func-slow-maxrc
          Group: clk
     Startpoint: (R) u_pp_int_x4_tc/phase_1_reg/CK
          Clock: (R) clk
       Endpoint: (F) delayMatch_reg_re_reg[0][15]/D
          Clock: (R) clk

                     Capture       Launch     
        Clock Edge:+     500            0     
       Src Latency:+       0            0     
       Net Latency:+     200 (I)      200 (I) 
           Arrival:=     700          200     
                                              
             Setup:-      53                  
       Uncertainty:-     125                  
     Required Time:=     522                  
      Launch Clock:-     200                  
         Data Path:-     184                  
             Slack:=     138                  

#----------------------------------------------------------------------------------------------------------------------------
#         Timing Point           Flags    Arc   Edge             Cell               Fanout Load Trans Delay Arrival Instance 
#                                                                                          (fF)  (ps)  (ps)   (ps)  Location 
#----------------------------------------------------------------------------------------------------------------------------
  u_pp_int_x4_tc/phase_1_reg/CK  -       -      R     (arrival)                        741    -    25     0     200    (-,-) 
  u_pp_int_x4_tc/phase_1_reg/Q   -       CK->Q  F     SDFFSQA_X1M_A9PP140ZTUL_C30        3  4.3    20    38     238    (-,-) 
  u_pp_int_x4_tc/g52/Y           -       B->Y   F     AND2_X3TM_A9PP140ZTUL_C30          1  4.8    13    25     263    (-,-) 
  g4512/Y                        -       A->Y   R     NAND2_X6B_A9PP140ZTUL_C30          9 14.8    20    13     276    (-,-) 
  g4497/Y                        -       A->Y   F     INV_X3P5M_A9PP140ZTUL_C30         15 23.8    30    20     296    (-,-) 
  g4489/Y                        -       A->Y   F     BUFH_X6M_A9PP140ZTL_C30           96 83.6    67    48     343    (-,-) 
  g6141/Y                        -       B1N->Y F     OAI22BB_X1M_A9PP140ZTUL_C30        1  1.3    23    41     384    (-,-) 
  delayMatch_reg_re_reg[0][15]/D -       -      F     SDFFRPQNA_X1M_A9PP140ZTUL_C30      1    -     -     0     384    (-,-) 
#----------------------------------------------------------------------------------------------------------------------------



Path 34: MET (138 ps) Setup Check with Pin delayMatch_reg_re_reg[0][14]/CK->D
           View: func-slow-maxrc
          Group: clk
     Startpoint: (R) u_pp_int_x4_tc/phase_1_reg/CK
          Clock: (R) clk
       Endpoint: (F) delayMatch_reg_re_reg[0][14]/D
          Clock: (R) clk

                     Capture       Launch     
        Clock Edge:+     500            0     
       Src Latency:+       0            0     
       Net Latency:+     200 (I)      200 (I) 
           Arrival:=     700          200     
                                              
             Setup:-      53                  
       Uncertainty:-     125                  
     Required Time:=     522                  
      Launch Clock:-     200                  
         Data Path:-     184                  
             Slack:=     138                  

#----------------------------------------------------------------------------------------------------------------------------
#         Timing Point           Flags    Arc   Edge             Cell               Fanout Load Trans Delay Arrival Instance 
#                                                                                          (fF)  (ps)  (ps)   (ps)  Location 
#----------------------------------------------------------------------------------------------------------------------------
  u_pp_int_x4_tc/phase_1_reg/CK  -       -      R     (arrival)                        741    -    25     0     200    (-,-) 
  u_pp_int_x4_tc/phase_1_reg/Q   -       CK->Q  F     SDFFSQA_X1M_A9PP140ZTUL_C30        3  4.3    20    38     238    (-,-) 
  u_pp_int_x4_tc/g52/Y           -       B->Y   F     AND2_X3TM_A9PP140ZTUL_C30          1  4.8    13    25     263    (-,-) 
  g4512/Y                        -       A->Y   R     NAND2_X6B_A9PP140ZTUL_C30          9 14.8    20    13     276    (-,-) 
  g4497/Y                        -       A->Y   F     INV_X3P5M_A9PP140ZTUL_C30         15 23.8    30    20     296    (-,-) 
  g4489/Y                        -       A->Y   F     BUFH_X6M_A9PP140ZTL_C30           96 83.6    67    48     343    (-,-) 
  g6140/Y                        -       B1N->Y F     OAI22BB_X1M_A9PP140ZTUL_C30        1  1.3    23    41     384    (-,-) 
  delayMatch_reg_re_reg[0][14]/D -       -      F     SDFFRPQNA_X1M_A9PP140ZTUL_C30      1    -     -     0     384    (-,-) 
#----------------------------------------------------------------------------------------------------------------------------



Path 35: MET (138 ps) Setup Check with Pin delayMatch_reg_re_reg[0][13]/CK->D
           View: func-slow-maxrc
          Group: clk
     Startpoint: (R) u_pp_int_x4_tc/phase_1_reg/CK
          Clock: (R) clk
       Endpoint: (F) delayMatch_reg_re_reg[0][13]/D
          Clock: (R) clk

                     Capture       Launch     
        Clock Edge:+     500            0     
       Src Latency:+       0            0     
       Net Latency:+     200 (I)      200 (I) 
           Arrival:=     700          200     
                                              
             Setup:-      53                  
       Uncertainty:-     125                  
     Required Time:=     522                  
      Launch Clock:-     200                  
         Data Path:-     184                  
             Slack:=     138                  

#----------------------------------------------------------------------------------------------------------------------------
#         Timing Point           Flags    Arc   Edge             Cell               Fanout Load Trans Delay Arrival Instance 
#                                                                                          (fF)  (ps)  (ps)   (ps)  Location 
#----------------------------------------------------------------------------------------------------------------------------
  u_pp_int_x4_tc/phase_1_reg/CK  -       -      R     (arrival)                        741    -    25     0     200    (-,-) 
  u_pp_int_x4_tc/phase_1_reg/Q   -       CK->Q  F     SDFFSQA_X1M_A9PP140ZTUL_C30        3  4.3    20    38     238    (-,-) 
  u_pp_int_x4_tc/g52/Y           -       B->Y   F     AND2_X3TM_A9PP140ZTUL_C30          1  4.8    13    25     263    (-,-) 
  g4512/Y                        -       A->Y   R     NAND2_X6B_A9PP140ZTUL_C30          9 14.8    20    13     276    (-,-) 
  g4497/Y                        -       A->Y   F     INV_X3P5M_A9PP140ZTUL_C30         15 23.8    30    20     296    (-,-) 
  g4489/Y                        -       A->Y   F     BUFH_X6M_A9PP140ZTL_C30           96 83.6    67    48     343    (-,-) 
  g6138/Y                        -       B1N->Y F     OAI22BB_X1M_A9PP140ZTUL_C30        1  1.3    23    41     384    (-,-) 
  delayMatch_reg_re_reg[0][13]/D -       -      F     SDFFRPQNA_X1M_A9PP140ZTUL_C30      1    -     -     0     384    (-,-) 
#----------------------------------------------------------------------------------------------------------------------------



Path 36: MET (138 ps) Setup Check with Pin delayMatch_reg_re_reg[0][12]/CK->D
           View: func-slow-maxrc
          Group: clk
     Startpoint: (R) u_pp_int_x4_tc/phase_1_reg/CK
          Clock: (R) clk
       Endpoint: (F) delayMatch_reg_re_reg[0][12]/D
          Clock: (R) clk

                     Capture       Launch     
        Clock Edge:+     500            0     
       Src Latency:+       0            0     
       Net Latency:+     200 (I)      200 (I) 
           Arrival:=     700          200     
                                              
             Setup:-      53                  
       Uncertainty:-     125                  
     Required Time:=     522                  
      Launch Clock:-     200                  
         Data Path:-     184                  
             Slack:=     138                  

#----------------------------------------------------------------------------------------------------------------------------
#         Timing Point           Flags    Arc   Edge             Cell               Fanout Load Trans Delay Arrival Instance 
#                                                                                          (fF)  (ps)  (ps)   (ps)  Location 
#----------------------------------------------------------------------------------------------------------------------------
  u_pp_int_x4_tc/phase_1_reg/CK  -       -      R     (arrival)                        741    -    25     0     200    (-,-) 
  u_pp_int_x4_tc/phase_1_reg/Q   -       CK->Q  F     SDFFSQA_X1M_A9PP140ZTUL_C30        3  4.3    20    38     238    (-,-) 
  u_pp_int_x4_tc/g52/Y           -       B->Y   F     AND2_X3TM_A9PP140ZTUL_C30          1  4.8    13    25     263    (-,-) 
  g4512/Y                        -       A->Y   R     NAND2_X6B_A9PP140ZTUL_C30          9 14.8    20    13     276    (-,-) 
  g4497/Y                        -       A->Y   F     INV_X3P5M_A9PP140ZTUL_C30         15 23.8    30    20     296    (-,-) 
  g4489/Y                        -       A->Y   F     BUFH_X6M_A9PP140ZTL_C30           96 83.6    67    48     343    (-,-) 
  g6137/Y                        -       B1N->Y F     OAI22BB_X1M_A9PP140ZTUL_C30        1  1.3    23    41     384    (-,-) 
  delayMatch_reg_re_reg[0][12]/D -       -      F     SDFFRPQNA_X1M_A9PP140ZTUL_C30      1    -     -     0     384    (-,-) 
#----------------------------------------------------------------------------------------------------------------------------



Path 37: MET (138 ps) Setup Check with Pin delayMatch_reg_re_reg[0][11]/CK->D
           View: func-slow-maxrc
          Group: clk
     Startpoint: (R) u_pp_int_x4_tc/phase_1_reg/CK
          Clock: (R) clk
       Endpoint: (F) delayMatch_reg_re_reg[0][11]/D
          Clock: (R) clk

                     Capture       Launch     
        Clock Edge:+     500            0     
       Src Latency:+       0            0     
       Net Latency:+     200 (I)      200 (I) 
           Arrival:=     700          200     
                                              
             Setup:-      53                  
       Uncertainty:-     125                  
     Required Time:=     522                  
      Launch Clock:-     200                  
         Data Path:-     184                  
             Slack:=     138                  

#----------------------------------------------------------------------------------------------------------------------------
#         Timing Point           Flags    Arc   Edge             Cell               Fanout Load Trans Delay Arrival Instance 
#                                                                                          (fF)  (ps)  (ps)   (ps)  Location 
#----------------------------------------------------------------------------------------------------------------------------
  u_pp_int_x4_tc/phase_1_reg/CK  -       -      R     (arrival)                        741    -    25     0     200    (-,-) 
  u_pp_int_x4_tc/phase_1_reg/Q   -       CK->Q  F     SDFFSQA_X1M_A9PP140ZTUL_C30        3  4.3    20    38     238    (-,-) 
  u_pp_int_x4_tc/g52/Y           -       B->Y   F     AND2_X3TM_A9PP140ZTUL_C30          1  4.8    13    25     263    (-,-) 
  g4512/Y                        -       A->Y   R     NAND2_X6B_A9PP140ZTUL_C30          9 14.8    20    13     276    (-,-) 
  g4497/Y                        -       A->Y   F     INV_X3P5M_A9PP140ZTUL_C30         15 23.8    30    20     296    (-,-) 
  g4489/Y                        -       A->Y   F     BUFH_X6M_A9PP140ZTL_C30           96 83.6    67    48     343    (-,-) 
  g6135/Y                        -       B1N->Y F     OAI22BB_X1M_A9PP140ZTUL_C30        1  1.3    23    41     384    (-,-) 
  delayMatch_reg_re_reg[0][11]/D -       -      F     SDFFRPQNA_X1M_A9PP140ZTUL_C30      1    -     -     0     384    (-,-) 
#----------------------------------------------------------------------------------------------------------------------------



Path 38: MET (138 ps) Setup Check with Pin delayMatch_reg_re_reg[0][10]/CK->D
           View: func-slow-maxrc
          Group: clk
     Startpoint: (R) u_pp_int_x4_tc/phase_1_reg/CK
          Clock: (R) clk
       Endpoint: (F) delayMatch_reg_re_reg[0][10]/D
          Clock: (R) clk

                     Capture       Launch     
        Clock Edge:+     500            0     
       Src Latency:+       0            0     
       Net Latency:+     200 (I)      200 (I) 
           Arrival:=     700          200     
                                              
             Setup:-      53                  
       Uncertainty:-     125                  
     Required Time:=     522                  
      Launch Clock:-     200                  
         Data Path:-     184                  
             Slack:=     138                  

#----------------------------------------------------------------------------------------------------------------------------
#         Timing Point           Flags    Arc   Edge             Cell               Fanout Load Trans Delay Arrival Instance 
#                                                                                          (fF)  (ps)  (ps)   (ps)  Location 
#----------------------------------------------------------------------------------------------------------------------------
  u_pp_int_x4_tc/phase_1_reg/CK  -       -      R     (arrival)                        741    -    25     0     200    (-,-) 
  u_pp_int_x4_tc/phase_1_reg/Q   -       CK->Q  F     SDFFSQA_X1M_A9PP140ZTUL_C30        3  4.3    20    38     238    (-,-) 
  u_pp_int_x4_tc/g52/Y           -       B->Y   F     AND2_X3TM_A9PP140ZTUL_C30          1  4.8    13    25     263    (-,-) 
  g4512/Y                        -       A->Y   R     NAND2_X6B_A9PP140ZTUL_C30          9 14.8    20    13     276    (-,-) 
  g4497/Y                        -       A->Y   F     INV_X3P5M_A9PP140ZTUL_C30         15 23.8    30    20     296    (-,-) 
  g4489/Y                        -       A->Y   F     BUFH_X6M_A9PP140ZTL_C30           96 83.6    67    48     343    (-,-) 
  g6133/Y                        -       B1N->Y F     OAI22BB_X1M_A9PP140ZTUL_C30        1  1.3    23    41     384    (-,-) 
  delayMatch_reg_re_reg[0][10]/D -       -      F     SDFFRPQNA_X1M_A9PP140ZTUL_C30      1    -     -     0     384    (-,-) 
#----------------------------------------------------------------------------------------------------------------------------



Path 39: MET (138 ps) Setup Check with Pin delayMatch_reg_re_reg[0][9]/CK->D
           View: func-slow-maxrc
          Group: clk
     Startpoint: (R) u_pp_int_x4_tc/phase_1_reg/CK
          Clock: (R) clk
       Endpoint: (F) delayMatch_reg_re_reg[0][9]/D
          Clock: (R) clk

                     Capture       Launch     
        Clock Edge:+     500            0     
       Src Latency:+       0            0     
       Net Latency:+     200 (I)      200 (I) 
           Arrival:=     700          200     
                                              
             Setup:-      53                  
       Uncertainty:-     125                  
     Required Time:=     522                  
      Launch Clock:-     200                  
         Data Path:-     184                  
             Slack:=     138                  

#---------------------------------------------------------------------------------------------------------------------------
#         Timing Point          Flags    Arc   Edge             Cell               Fanout Load Trans Delay Arrival Instance 
#                                                                                         (fF)  (ps)  (ps)   (ps)  Location 
#---------------------------------------------------------------------------------------------------------------------------
  u_pp_int_x4_tc/phase_1_reg/CK -       -      R     (arrival)                        741    -    25     0     200    (-,-) 
  u_pp_int_x4_tc/phase_1_reg/Q  -       CK->Q  F     SDFFSQA_X1M_A9PP140ZTUL_C30        3  4.3    20    38     238    (-,-) 
  u_pp_int_x4_tc/g52/Y          -       B->Y   F     AND2_X3TM_A9PP140ZTUL_C30          1  4.8    13    25     263    (-,-) 
  g4512/Y                       -       A->Y   R     NAND2_X6B_A9PP140ZTUL_C30          9 14.8    20    13     276    (-,-) 
  g4497/Y                       -       A->Y   F     INV_X3P5M_A9PP140ZTUL_C30         15 23.8    30    20     296    (-,-) 
  g4489/Y                       -       A->Y   F     BUFH_X6M_A9PP140ZTL_C30           96 83.6    67    48     343    (-,-) 
  g6132/Y                       -       B1N->Y F     OAI22BB_X1M_A9PP140ZTUL_C30        1  1.3    23    41     384    (-,-) 
  delayMatch_reg_re_reg[0][9]/D -       -      F     SDFFRPQNA_X1M_A9PP140ZTUL_C30      1    -     -     0     384    (-,-) 
#---------------------------------------------------------------------------------------------------------------------------



Path 40: MET (138 ps) Setup Check with Pin delayMatch_reg_re_reg[0][8]/CK->D
           View: func-slow-maxrc
          Group: clk
     Startpoint: (R) u_pp_int_x4_tc/phase_1_reg/CK
          Clock: (R) clk
       Endpoint: (F) delayMatch_reg_re_reg[0][8]/D
          Clock: (R) clk

                     Capture       Launch     
        Clock Edge:+     500            0     
       Src Latency:+       0            0     
       Net Latency:+     200 (I)      200 (I) 
           Arrival:=     700          200     
                                              
             Setup:-      53                  
       Uncertainty:-     125                  
     Required Time:=     522                  
      Launch Clock:-     200                  
         Data Path:-     184                  
             Slack:=     138                  

#---------------------------------------------------------------------------------------------------------------------------
#         Timing Point          Flags    Arc   Edge             Cell               Fanout Load Trans Delay Arrival Instance 
#                                                                                         (fF)  (ps)  (ps)   (ps)  Location 
#---------------------------------------------------------------------------------------------------------------------------
  u_pp_int_x4_tc/phase_1_reg/CK -       -      R     (arrival)                        741    -    25     0     200    (-,-) 
  u_pp_int_x4_tc/phase_1_reg/Q  -       CK->Q  F     SDFFSQA_X1M_A9PP140ZTUL_C30        3  4.3    20    38     238    (-,-) 
  u_pp_int_x4_tc/g52/Y          -       B->Y   F     AND2_X3TM_A9PP140ZTUL_C30          1  4.8    13    25     263    (-,-) 
  g4512/Y                       -       A->Y   R     NAND2_X6B_A9PP140ZTUL_C30          9 14.8    20    13     276    (-,-) 
  g4497/Y                       -       A->Y   F     INV_X3P5M_A9PP140ZTUL_C30         15 23.8    30    20     296    (-,-) 
  g4489/Y                       -       A->Y   F     BUFH_X6M_A9PP140ZTL_C30           96 83.6    67    48     343    (-,-) 
  g6131/Y                       -       B1N->Y F     OAI22BB_X1M_A9PP140ZTUL_C30        1  1.3    23    41     384    (-,-) 
  delayMatch_reg_re_reg[0][8]/D -       -      F     SDFFRPQNA_X1M_A9PP140ZTUL_C30      1    -     -     0     384    (-,-) 
#---------------------------------------------------------------------------------------------------------------------------



Path 41: MET (138 ps) Setup Check with Pin delayMatch_reg_re_reg[0][7]/CK->D
           View: func-slow-maxrc
          Group: clk
     Startpoint: (R) u_pp_int_x4_tc/phase_1_reg/CK
          Clock: (R) clk
       Endpoint: (F) delayMatch_reg_re_reg[0][7]/D
          Clock: (R) clk

                     Capture       Launch     
        Clock Edge:+     500            0     
       Src Latency:+       0            0     
       Net Latency:+     200 (I)      200 (I) 
           Arrival:=     700          200     
                                              
             Setup:-      53                  
       Uncertainty:-     125                  
     Required Time:=     522                  
      Launch Clock:-     200                  
         Data Path:-     184                  
             Slack:=     138                  

#---------------------------------------------------------------------------------------------------------------------------
#         Timing Point          Flags    Arc   Edge             Cell               Fanout Load Trans Delay Arrival Instance 
#                                                                                         (fF)  (ps)  (ps)   (ps)  Location 
#---------------------------------------------------------------------------------------------------------------------------
  u_pp_int_x4_tc/phase_1_reg/CK -       -      R     (arrival)                        741    -    25     0     200    (-,-) 
  u_pp_int_x4_tc/phase_1_reg/Q  -       CK->Q  F     SDFFSQA_X1M_A9PP140ZTUL_C30        3  4.3    20    38     238    (-,-) 
  u_pp_int_x4_tc/g52/Y          -       B->Y   F     AND2_X3TM_A9PP140ZTUL_C30          1  4.8    13    25     263    (-,-) 
  g4512/Y                       -       A->Y   R     NAND2_X6B_A9PP140ZTUL_C30          9 14.8    20    13     276    (-,-) 
  g4497/Y                       -       A->Y   F     INV_X3P5M_A9PP140ZTUL_C30         15 23.8    30    20     296    (-,-) 
  g4489/Y                       -       A->Y   F     BUFH_X6M_A9PP140ZTL_C30           96 83.6    67    48     343    (-,-) 
  g6130/Y                       -       B1N->Y F     OAI22BB_X1M_A9PP140ZTUL_C30        1  1.3    23    41     384    (-,-) 
  delayMatch_reg_re_reg[0][7]/D -       -      F     SDFFRPQNA_X1M_A9PP140ZTUL_C30      1    -     -     0     384    (-,-) 
#---------------------------------------------------------------------------------------------------------------------------



Path 42: MET (138 ps) Setup Check with Pin delayMatch_reg_re_reg[0][6]/CK->D
           View: func-slow-maxrc
          Group: clk
     Startpoint: (R) u_pp_int_x4_tc/phase_1_reg/CK
          Clock: (R) clk
       Endpoint: (F) delayMatch_reg_re_reg[0][6]/D
          Clock: (R) clk

                     Capture       Launch     
        Clock Edge:+     500            0     
       Src Latency:+       0            0     
       Net Latency:+     200 (I)      200 (I) 
           Arrival:=     700          200     
                                              
             Setup:-      53                  
       Uncertainty:-     125                  
     Required Time:=     522                  
      Launch Clock:-     200                  
         Data Path:-     184                  
             Slack:=     138                  

#---------------------------------------------------------------------------------------------------------------------------
#         Timing Point          Flags    Arc   Edge             Cell               Fanout Load Trans Delay Arrival Instance 
#                                                                                         (fF)  (ps)  (ps)   (ps)  Location 
#---------------------------------------------------------------------------------------------------------------------------
  u_pp_int_x4_tc/phase_1_reg/CK -       -      R     (arrival)                        741    -    25     0     200    (-,-) 
  u_pp_int_x4_tc/phase_1_reg/Q  -       CK->Q  F     SDFFSQA_X1M_A9PP140ZTUL_C30        3  4.3    20    38     238    (-,-) 
  u_pp_int_x4_tc/g52/Y          -       B->Y   F     AND2_X3TM_A9PP140ZTUL_C30          1  4.8    13    25     263    (-,-) 
  g4512/Y                       -       A->Y   R     NAND2_X6B_A9PP140ZTUL_C30          9 14.8    20    13     276    (-,-) 
  g4497/Y                       -       A->Y   F     INV_X3P5M_A9PP140ZTUL_C30         15 23.8    30    20     296    (-,-) 
  g4489/Y                       -       A->Y   F     BUFH_X6M_A9PP140ZTL_C30           96 83.6    67    48     343    (-,-) 
  g6128/Y                       -       B1N->Y F     OAI22BB_X1M_A9PP140ZTUL_C30        1  1.3    23    41     384    (-,-) 
  delayMatch_reg_re_reg[0][6]/D -       -      F     SDFFRPQNA_X1M_A9PP140ZTUL_C30      1    -     -     0     384    (-,-) 
#---------------------------------------------------------------------------------------------------------------------------



Path 43: MET (138 ps) Setup Check with Pin delayMatch_reg_re_reg[0][5]/CK->D
           View: func-slow-maxrc
          Group: clk
     Startpoint: (R) u_pp_int_x4_tc/phase_1_reg/CK
          Clock: (R) clk
       Endpoint: (F) delayMatch_reg_re_reg[0][5]/D
          Clock: (R) clk

                     Capture       Launch     
        Clock Edge:+     500            0     
       Src Latency:+       0            0     
       Net Latency:+     200 (I)      200 (I) 
           Arrival:=     700          200     
                                              
             Setup:-      53                  
       Uncertainty:-     125                  
     Required Time:=     522                  
      Launch Clock:-     200                  
         Data Path:-     184                  
             Slack:=     138                  

#---------------------------------------------------------------------------------------------------------------------------
#         Timing Point          Flags    Arc   Edge             Cell               Fanout Load Trans Delay Arrival Instance 
#                                                                                         (fF)  (ps)  (ps)   (ps)  Location 
#---------------------------------------------------------------------------------------------------------------------------
  u_pp_int_x4_tc/phase_1_reg/CK -       -      R     (arrival)                        741    -    25     0     200    (-,-) 
  u_pp_int_x4_tc/phase_1_reg/Q  -       CK->Q  F     SDFFSQA_X1M_A9PP140ZTUL_C30        3  4.3    20    38     238    (-,-) 
  u_pp_int_x4_tc/g52/Y          -       B->Y   F     AND2_X3TM_A9PP140ZTUL_C30          1  4.8    13    25     263    (-,-) 
  g4512/Y                       -       A->Y   R     NAND2_X6B_A9PP140ZTUL_C30          9 14.8    20    13     276    (-,-) 
  g4497/Y                       -       A->Y   F     INV_X3P5M_A9PP140ZTUL_C30         15 23.8    30    20     296    (-,-) 
  g4489/Y                       -       A->Y   F     BUFH_X6M_A9PP140ZTL_C30           96 83.6    67    48     343    (-,-) 
  g6127/Y                       -       B1N->Y F     OAI22BB_X1M_A9PP140ZTUL_C30        1  1.3    23    41     384    (-,-) 
  delayMatch_reg_re_reg[0][5]/D -       -      F     SDFFRPQNA_X1M_A9PP140ZTUL_C30      1    -     -     0     384    (-,-) 
#---------------------------------------------------------------------------------------------------------------------------



Path 44: MET (138 ps) Setup Check with Pin delayMatch_reg_re_reg[0][4]/CK->D
           View: func-slow-maxrc
          Group: clk
     Startpoint: (R) u_pp_int_x4_tc/phase_1_reg/CK
          Clock: (R) clk
       Endpoint: (F) delayMatch_reg_re_reg[0][4]/D
          Clock: (R) clk

                     Capture       Launch     
        Clock Edge:+     500            0     
       Src Latency:+       0            0     
       Net Latency:+     200 (I)      200 (I) 
           Arrival:=     700          200     
                                              
             Setup:-      53                  
       Uncertainty:-     125                  
     Required Time:=     522                  
      Launch Clock:-     200                  
         Data Path:-     184                  
             Slack:=     138                  

#---------------------------------------------------------------------------------------------------------------------------
#         Timing Point          Flags    Arc   Edge             Cell               Fanout Load Trans Delay Arrival Instance 
#                                                                                         (fF)  (ps)  (ps)   (ps)  Location 
#---------------------------------------------------------------------------------------------------------------------------
  u_pp_int_x4_tc/phase_1_reg/CK -       -      R     (arrival)                        741    -    25     0     200    (-,-) 
  u_pp_int_x4_tc/phase_1_reg/Q  -       CK->Q  F     SDFFSQA_X1M_A9PP140ZTUL_C30        3  4.3    20    38     238    (-,-) 
  u_pp_int_x4_tc/g52/Y          -       B->Y   F     AND2_X3TM_A9PP140ZTUL_C30          1  4.8    13    25     263    (-,-) 
  g4512/Y                       -       A->Y   R     NAND2_X6B_A9PP140ZTUL_C30          9 14.8    20    13     276    (-,-) 
  g4497/Y                       -       A->Y   F     INV_X3P5M_A9PP140ZTUL_C30         15 23.8    30    20     296    (-,-) 
  g4489/Y                       -       A->Y   F     BUFH_X6M_A9PP140ZTL_C30           96 83.6    67    48     343    (-,-) 
  g6126/Y                       -       B1N->Y F     OAI22BB_X1M_A9PP140ZTUL_C30        1  1.3    23    41     384    (-,-) 
  delayMatch_reg_re_reg[0][4]/D -       -      F     SDFFRPQNA_X1M_A9PP140ZTUL_C30      1    -     -     0     384    (-,-) 
#---------------------------------------------------------------------------------------------------------------------------



Path 45: MET (138 ps) Setup Check with Pin delayMatch_reg_im_reg[0][15]/CK->D
           View: func-slow-maxrc
          Group: clk
     Startpoint: (R) u_pp_int_x4_tc/phase_1_reg/CK
          Clock: (R) clk
       Endpoint: (F) delayMatch_reg_im_reg[0][15]/D
          Clock: (R) clk

                     Capture       Launch     
        Clock Edge:+     500            0     
       Src Latency:+       0            0     
       Net Latency:+     200 (I)      200 (I) 
           Arrival:=     700          200     
                                              
             Setup:-      53                  
       Uncertainty:-     125                  
     Required Time:=     522                  
      Launch Clock:-     200                  
         Data Path:-     184                  
             Slack:=     138                  

#----------------------------------------------------------------------------------------------------------------------------
#         Timing Point           Flags    Arc   Edge             Cell               Fanout Load Trans Delay Arrival Instance 
#                                                                                          (fF)  (ps)  (ps)   (ps)  Location 
#----------------------------------------------------------------------------------------------------------------------------
  u_pp_int_x4_tc/phase_1_reg/CK  -       -      R     (arrival)                        741    -    25     0     200    (-,-) 
  u_pp_int_x4_tc/phase_1_reg/Q   -       CK->Q  F     SDFFSQA_X1M_A9PP140ZTUL_C30        3  4.3    20    38     238    (-,-) 
  u_pp_int_x4_tc/g52/Y           -       B->Y   F     AND2_X3TM_A9PP140ZTUL_C30          1  4.8    13    25     263    (-,-) 
  g4512/Y                        -       A->Y   R     NAND2_X6B_A9PP140ZTUL_C30          9 14.8    20    13     276    (-,-) 
  g4497/Y                        -       A->Y   F     INV_X3P5M_A9PP140ZTUL_C30         15 23.8    30    20     296    (-,-) 
  g4489/Y                        -       A->Y   F     BUFH_X6M_A9PP140ZTL_C30           96 83.6    67    48     343    (-,-) 
  g6197/Y                        -       B1N->Y F     OAI22BB_X1M_A9PP140ZTUL_C30        1  1.3    23    41     384    (-,-) 
  delayMatch_reg_im_reg[0][15]/D -       -      F     SDFFRPQNA_X1M_A9PP140ZTUL_C30      1    -     -     0     384    (-,-) 
#----------------------------------------------------------------------------------------------------------------------------



Path 46: MET (138 ps) Setup Check with Pin delayMatch_reg_im_reg[0][14]/CK->D
           View: func-slow-maxrc
          Group: clk
     Startpoint: (R) u_pp_int_x4_tc/phase_1_reg/CK
          Clock: (R) clk
       Endpoint: (F) delayMatch_reg_im_reg[0][14]/D
          Clock: (R) clk

                     Capture       Launch     
        Clock Edge:+     500            0     
       Src Latency:+       0            0     
       Net Latency:+     200 (I)      200 (I) 
           Arrival:=     700          200     
                                              
             Setup:-      53                  
       Uncertainty:-     125                  
     Required Time:=     522                  
      Launch Clock:-     200                  
         Data Path:-     184                  
             Slack:=     138                  

#----------------------------------------------------------------------------------------------------------------------------
#         Timing Point           Flags    Arc   Edge             Cell               Fanout Load Trans Delay Arrival Instance 
#                                                                                          (fF)  (ps)  (ps)   (ps)  Location 
#----------------------------------------------------------------------------------------------------------------------------
  u_pp_int_x4_tc/phase_1_reg/CK  -       -      R     (arrival)                        741    -    25     0     200    (-,-) 
  u_pp_int_x4_tc/phase_1_reg/Q   -       CK->Q  F     SDFFSQA_X1M_A9PP140ZTUL_C30        3  4.3    20    38     238    (-,-) 
  u_pp_int_x4_tc/g52/Y           -       B->Y   F     AND2_X3TM_A9PP140ZTUL_C30          1  4.8    13    25     263    (-,-) 
  g4512/Y                        -       A->Y   R     NAND2_X6B_A9PP140ZTUL_C30          9 14.8    20    13     276    (-,-) 
  g4497/Y                        -       A->Y   F     INV_X3P5M_A9PP140ZTUL_C30         15 23.8    30    20     296    (-,-) 
  g4489/Y                        -       A->Y   F     BUFH_X6M_A9PP140ZTL_C30           96 83.6    67    48     343    (-,-) 
  g6196/Y                        -       B1N->Y F     OAI22BB_X1M_A9PP140ZTUL_C30        1  1.3    23    41     384    (-,-) 
  delayMatch_reg_im_reg[0][14]/D -       -      F     SDFFRPQNA_X1M_A9PP140ZTUL_C30      1    -     -     0     384    (-,-) 
#----------------------------------------------------------------------------------------------------------------------------



Path 47: MET (138 ps) Setup Check with Pin delayMatch_reg_im_reg[0][13]/CK->D
           View: func-slow-maxrc
          Group: clk
     Startpoint: (R) u_pp_int_x4_tc/phase_1_reg/CK
          Clock: (R) clk
       Endpoint: (F) delayMatch_reg_im_reg[0][13]/D
          Clock: (R) clk

                     Capture       Launch     
        Clock Edge:+     500            0     
       Src Latency:+       0            0     
       Net Latency:+     200 (I)      200 (I) 
           Arrival:=     700          200     
                                              
             Setup:-      53                  
       Uncertainty:-     125                  
     Required Time:=     522                  
      Launch Clock:-     200                  
         Data Path:-     184                  
             Slack:=     138                  

#----------------------------------------------------------------------------------------------------------------------------
#         Timing Point           Flags    Arc   Edge             Cell               Fanout Load Trans Delay Arrival Instance 
#                                                                                          (fF)  (ps)  (ps)   (ps)  Location 
#----------------------------------------------------------------------------------------------------------------------------
  u_pp_int_x4_tc/phase_1_reg/CK  -       -      R     (arrival)                        741    -    25     0     200    (-,-) 
  u_pp_int_x4_tc/phase_1_reg/Q   -       CK->Q  F     SDFFSQA_X1M_A9PP140ZTUL_C30        3  4.3    20    38     238    (-,-) 
  u_pp_int_x4_tc/g52/Y           -       B->Y   F     AND2_X3TM_A9PP140ZTUL_C30          1  4.8    13    25     263    (-,-) 
  g4512/Y                        -       A->Y   R     NAND2_X6B_A9PP140ZTUL_C30          9 14.8    20    13     276    (-,-) 
  g4497/Y                        -       A->Y   F     INV_X3P5M_A9PP140ZTUL_C30         15 23.8    30    20     296    (-,-) 
  g4489/Y                        -       A->Y   F     BUFH_X6M_A9PP140ZTL_C30           96 83.6    67    48     343    (-,-) 
  g6194/Y                        -       B1N->Y F     OAI22BB_X1M_A9PP140ZTUL_C30        1  1.3    23    41     384    (-,-) 
  delayMatch_reg_im_reg[0][13]/D -       -      F     SDFFRPQNA_X1M_A9PP140ZTUL_C30      1    -     -     0     384    (-,-) 
#----------------------------------------------------------------------------------------------------------------------------



Path 48: MET (138 ps) Setup Check with Pin delayMatch_reg_im_reg[0][12]/CK->D
           View: func-slow-maxrc
          Group: clk
     Startpoint: (R) u_pp_int_x4_tc/phase_1_reg/CK
          Clock: (R) clk
       Endpoint: (F) delayMatch_reg_im_reg[0][12]/D
          Clock: (R) clk

                     Capture       Launch     
        Clock Edge:+     500            0     
       Src Latency:+       0            0     
       Net Latency:+     200 (I)      200 (I) 
           Arrival:=     700          200     
                                              
             Setup:-      53                  
       Uncertainty:-     125                  
     Required Time:=     522                  
      Launch Clock:-     200                  
         Data Path:-     184                  
             Slack:=     138                  

#----------------------------------------------------------------------------------------------------------------------------
#         Timing Point           Flags    Arc   Edge             Cell               Fanout Load Trans Delay Arrival Instance 
#                                                                                          (fF)  (ps)  (ps)   (ps)  Location 
#----------------------------------------------------------------------------------------------------------------------------
  u_pp_int_x4_tc/phase_1_reg/CK  -       -      R     (arrival)                        741    -    25     0     200    (-,-) 
  u_pp_int_x4_tc/phase_1_reg/Q   -       CK->Q  F     SDFFSQA_X1M_A9PP140ZTUL_C30        3  4.3    20    38     238    (-,-) 
  u_pp_int_x4_tc/g52/Y           -       B->Y   F     AND2_X3TM_A9PP140ZTUL_C30          1  4.8    13    25     263    (-,-) 
  g4512/Y                        -       A->Y   R     NAND2_X6B_A9PP140ZTUL_C30          9 14.8    20    13     276    (-,-) 
  g4497/Y                        -       A->Y   F     INV_X3P5M_A9PP140ZTUL_C30         15 23.8    30    20     296    (-,-) 
  g4489/Y                        -       A->Y   F     BUFH_X6M_A9PP140ZTL_C30           96 83.6    67    48     343    (-,-) 
  g6193/Y                        -       B1N->Y F     OAI22BB_X1M_A9PP140ZTUL_C30        1  1.3    23    41     384    (-,-) 
  delayMatch_reg_im_reg[0][12]/D -       -      F     SDFFRPQNA_X1M_A9PP140ZTUL_C30      1    -     -     0     384    (-,-) 
#----------------------------------------------------------------------------------------------------------------------------



Path 49: MET (138 ps) Setup Check with Pin delayMatch_reg_im_reg[0][11]/CK->D
           View: func-slow-maxrc
          Group: clk
     Startpoint: (R) u_pp_int_x4_tc/phase_1_reg/CK
          Clock: (R) clk
       Endpoint: (F) delayMatch_reg_im_reg[0][11]/D
          Clock: (R) clk

                     Capture       Launch     
        Clock Edge:+     500            0     
       Src Latency:+       0            0     
       Net Latency:+     200 (I)      200 (I) 
           Arrival:=     700          200     
                                              
             Setup:-      53                  
       Uncertainty:-     125                  
     Required Time:=     522                  
      Launch Clock:-     200                  
         Data Path:-     184                  
             Slack:=     138                  

#----------------------------------------------------------------------------------------------------------------------------
#         Timing Point           Flags    Arc   Edge             Cell               Fanout Load Trans Delay Arrival Instance 
#                                                                                          (fF)  (ps)  (ps)   (ps)  Location 
#----------------------------------------------------------------------------------------------------------------------------
  u_pp_int_x4_tc/phase_1_reg/CK  -       -      R     (arrival)                        741    -    25     0     200    (-,-) 
  u_pp_int_x4_tc/phase_1_reg/Q   -       CK->Q  F     SDFFSQA_X1M_A9PP140ZTUL_C30        3  4.3    20    38     238    (-,-) 
  u_pp_int_x4_tc/g52/Y           -       B->Y   F     AND2_X3TM_A9PP140ZTUL_C30          1  4.8    13    25     263    (-,-) 
  g4512/Y                        -       A->Y   R     NAND2_X6B_A9PP140ZTUL_C30          9 14.8    20    13     276    (-,-) 
  g4497/Y                        -       A->Y   F     INV_X3P5M_A9PP140ZTUL_C30         15 23.8    30    20     296    (-,-) 
  g4489/Y                        -       A->Y   F     BUFH_X6M_A9PP140ZTL_C30           96 83.6    67    48     343    (-,-) 
  g6192/Y                        -       B1N->Y F     OAI22BB_X1M_A9PP140ZTUL_C30        1  1.3    23    41     384    (-,-) 
  delayMatch_reg_im_reg[0][11]/D -       -      F     SDFFRPQNA_X1M_A9PP140ZTUL_C30      1    -     -     0     384    (-,-) 
#----------------------------------------------------------------------------------------------------------------------------



Path 50: MET (138 ps) Setup Check with Pin delayMatch_reg_im_reg[0][10]/CK->D
           View: func-slow-maxrc
          Group: clk
     Startpoint: (R) u_pp_int_x4_tc/phase_1_reg/CK
          Clock: (R) clk
       Endpoint: (F) delayMatch_reg_im_reg[0][10]/D
          Clock: (R) clk

                     Capture       Launch     
        Clock Edge:+     500            0     
       Src Latency:+       0            0     
       Net Latency:+     200 (I)      200 (I) 
           Arrival:=     700          200     
                                              
             Setup:-      53                  
       Uncertainty:-     125                  
     Required Time:=     522                  
      Launch Clock:-     200                  
         Data Path:-     184                  
             Slack:=     138                  

#----------------------------------------------------------------------------------------------------------------------------
#         Timing Point           Flags    Arc   Edge             Cell               Fanout Load Trans Delay Arrival Instance 
#                                                                                          (fF)  (ps)  (ps)   (ps)  Location 
#----------------------------------------------------------------------------------------------------------------------------
  u_pp_int_x4_tc/phase_1_reg/CK  -       -      R     (arrival)                        741    -    25     0     200    (-,-) 
  u_pp_int_x4_tc/phase_1_reg/Q   -       CK->Q  F     SDFFSQA_X1M_A9PP140ZTUL_C30        3  4.3    20    38     238    (-,-) 
  u_pp_int_x4_tc/g52/Y           -       B->Y   F     AND2_X3TM_A9PP140ZTUL_C30          1  4.8    13    25     263    (-,-) 
  g4512/Y                        -       A->Y   R     NAND2_X6B_A9PP140ZTUL_C30          9 14.8    20    13     276    (-,-) 
  g4497/Y                        -       A->Y   F     INV_X3P5M_A9PP140ZTUL_C30         15 23.8    30    20     296    (-,-) 
  g4489/Y                        -       A->Y   F     BUFH_X6M_A9PP140ZTL_C30           96 83.6    67    48     343    (-,-) 
  g6190/Y                        -       B1N->Y F     OAI22BB_X1M_A9PP140ZTUL_C30        1  1.3    23    41     384    (-,-) 
  delayMatch_reg_im_reg[0][10]/D -       -      F     SDFFRPQNA_X1M_A9PP140ZTUL_C30      1    -     -     0     384    (-,-) 
#----------------------------------------------------------------------------------------------------------------------------

